ISO-10303-21;
HEADER;
FILE_DESCRIPTION (( 'STEP AP203' ),
    '1' );
FILE_NAME ('Radome droite V4.STEP',
    '2025-06-19T06:56:26',
    ( '' ),
    ( '' ),
    'SwSTEP 2.0',
    'SolidWorks 2023',
    '' );
FILE_SCHEMA (( 'CONFIG_CONTROL_DESIGN' ));
ENDSEC;

DATA;
#1 = CARTESIAN_POINT ( 'NONE',  ( 392.7468554195685329, 2.992218380385718302, 371.7300000000001319 ) ) ;
#2 = CARTESIAN_POINT ( 'NONE',  ( 266.9141114828049126, 5.913916912704459072, 6.891531940376454557 ) ) ;
#3 = CARTESIAN_POINT ( 'NONE',  ( 281.4443978537907469, 4.408809793471228033, 21.21181378076174795 ) ) ;
#4 = CARTESIAN_POINT ( 'NONE',  ( 127.9056132958407375, 13.42673264551708989, 22.63850536690821613 ) ) ;
#5 = CARTESIAN_POINT ( 'NONE',  ( 405.3076460003656507, -0.001407206060741732863, 353.4995846233434804 ) ) ;
#6 = CARTESIAN_POINT ( 'NONE',  ( 331.5471193385349693, 3.453522860956910634, 338.6463109082408778 ) ) ;
#7 = VERTEX_POINT ( 'NONE', #6799 ) ;
#8 = CARTESIAN_POINT ( 'NONE',  ( 399.5931266905245707, 0.1314171806081763927, 371.2299999999994498 ) ) ;
#9 = CARTESIAN_POINT ( 'NONE',  ( 209.5273561125509048, 10.08652839990568850, 6.498708281026374323 ) ) ;
#10 = CARTESIAN_POINT ( 'NONE',  ( 259.8759731210270161, 7.175950877862858235, 6.499999999999992006 ) ) ;
#11 = CARTESIAN_POINT ( 'NONE',  ( 376.3086063173975049, 4.142144485775371976, 371.2300000000000750 ) ) ;
#12 = ORIENTED_EDGE ( 'NONE', *, *, #1906, .T. ) ;
#13 = CARTESIAN_POINT ( 'NONE',  ( 387.2454694065554008, 1.505242361841099719, 371.2299999700258581 ) ) ;
#14 = VERTEX_POINT ( 'NONE', #1696 ) ;
#15 = CARTESIAN_POINT ( 'NONE',  ( 346.3434784050828625, 1.452078120770707859, 341.2902656619343702 ) ) ;
#16 = CARTESIAN_POINT ( 'NONE',  ( 150.2896104755715498, 13.02276253574081721, 6.573659838248206988 ) ) ;
#17 = CARTESIAN_POINT ( 'NONE',  ( 137.8529019253561501, 8.726226598022831737, 127.9100000000000250 ) ) ;
#18 = CARTESIAN_POINT ( 'NONE',  ( 123.6560925974059160, 13.57355145884550396, 16.69394568457855499 ) ) ;
#19 = CARTESIAN_POINT ( 'NONE',  ( 258.0285989067404557, 5.339422178281340692, 233.8199999999999932 ) ) ;
#20 = CARTESIAN_POINT ( 'NONE',  ( 366.2454693069067844, 2.796434749776971707, 371.2300000000000182 ) ) ;
#21 = B_SPLINE_CURVE_WITH_KNOTS ( 'NONE', 3,
 ( #4114, #3024, #2395, #6954, #1299, #6507, #4157, #2463, #6438, #1338 ),
 .UNSPECIFIED., .F., .F.,
 ( 4, 2, 2, 2, 4 ),
 ( 1.489084045049719331E-15, 0.0005747488457938047107, 0.001149497691586120378, 0.001724246537378436046, 0.002298995383170751930 ),
 .UNSPECIFIED. ) ;
#22 = CARTESIAN_POINT ( 'NONE',  ( 263.5426394421189116, 6.994874185254010612, 6.500000008625277381 ) ) ;
#23 = ORIENTED_EDGE ( 'NONE', *, *, #5298, .T. ) ;
#24 = CARTESIAN_POINT ( 'NONE',  ( 409.6056356696935836, 1.514883147122300766, 371.2299999999999045 ) ) ;
#25 = CARTESIAN_POINT ( 'NONE',  ( 289.9216473163282899, 0.01764918664726308761, 55.04999794141600233 ) ) ;
#26 = CARTESIAN_POINT ( 'NONE',  ( 120.6721174353046138, 13.09146523348975855, 7.464906575410373613 ) ) ;
#27 = CARTESIAN_POINT ( 'NONE',  ( 124.5847737568011127, 12.65380250386861505, 20.25632042413646872 ) ) ;
#28 = CARTESIAN_POINT ( 'NONE',  ( 279.3725066884106241, 4.277575473444873211, 7.554828848518737594 ) ) ;
#29 = CARTESIAN_POINT ( 'NONE',  ( 325.3917758923980159, 3.369251172722560916, 127.9099999999998545 ) ) ;
#30 = ADVANCED_FACE ( 'NONE', ( #480 ), #271, .T. ) ;
#31 = CARTESIAN_POINT ( 'NONE',  ( 281.0055721708024521, 3.939176594822610511, 6.844717802806648876 ) ) ;
#32 = CARTESIAN_POINT ( 'NONE',  ( 140.8167589423166248, 12.35352452238534227, 23.62495588610843100 ) ) ;
#33 = CARTESIAN_POINT ( 'NONE',  ( 145.0685183774967584, 11.36385636675575839, 22.06332609713983217 ) ) ;
#34 = CARTESIAN_POINT ( 'NONE',  ( 179.4541844760758522, 9.318003216020615653, 127.9099999999999682 ) ) ;
#35 = CARTESIAN_POINT ( 'NONE',  ( 183.2399720082946715, 12.75344752680187632, 6.000000000000012434 ) ) ;
#36 = B_SPLINE_CURVE_WITH_KNOTS ( 'NONE', 3,
 ( #721, #6422, #5855, #1321, #3008, #6348, #1352, #1837 ),
 .UNSPECIFIED., .F., .F.,
 ( 4, 2, 2, 4 ),
 ( 0.0005288394966526133731, 0.001087324100829186770, 0.001366566402917470703, 0.001645808705005754637 ),
 .UNSPECIFIED. ) ;
#37 = CARTESIAN_POINT ( 'NONE',  ( 263.4575430033622183, 6.081470053379658403, 7.120722610301394973 ) ) ;
#38 = CARTESIAN_POINT ( 'NONE',  ( 138.5143086272772734, 11.49207284515003380, 22.03813036415234805 ) ) ;
#39 = CARTESIAN_POINT ( 'NONE',  ( 284.4231814626478467, 1.548701178823296498, 23.24999999999998579 ) ) ;
#40 = CARTESIAN_POINT ( 'NONE',  ( 283.3029248699969571, 1.676144430215932735, 6.500000000000023981 ) ) ;
#41 = CARTESIAN_POINT ( 'NONE',  ( 280.9260291965048282, 3.793418476343446866, 7.085677882690523788 ) ) ;
#42 = CARTESIAN_POINT ( 'NONE',  ( 388.4236474734883018, 0.8126694911039823443, 343.7108110750244236 ) ) ;
#43 = VERTEX_POINT ( 'NONE', #3929 ) ;
#44 = CARTESIAN_POINT ( 'NONE',  ( 212.9594334933004234, 9.009340886305542639, 7.374607444804171408 ) ) ;
#45 = CARTESIAN_POINT ( 'NONE',  ( 140.5663158043529108, 12.70224880116579413, 23.21417955537816269 ) ) ;
#46 = CARTESIAN_POINT ( 'NONE',  ( 285.6682412172578438, 3.124285255023751429, 20.77123363141708623 ) ) ;
#47 = ORIENTED_EDGE ( 'NONE', *, *, #5791, .F. ) ;
#48 = CARTESIAN_POINT ( 'NONE',  ( 257.8539100981094521, 6.348800358654080433, 233.4866666666666504 ) ) ;
#49 = VERTEX_POINT ( 'NONE', #2621 ) ;
#50 = DIRECTION ( 'NONE',  ( -0.5033933641768151279, 0.000000000000000000, -0.8640573597295195807 ) ) ;
#51 = CARTESIAN_POINT ( 'NONE',  ( 143.2987723869784986, 12.76044909799723648, 7.235036426514060537 ) ) ;
#52 = CARTESIAN_POINT ( 'NONE',  ( 233.8829162404458089, 6.835170011685268499, 249.8200000000000216 ) ) ;
#53 = B_SPLINE_CURVE_WITH_KNOTS ( 'NONE', 3,
 ( #4153, #200, #3466, #4071 ),
 .UNSPECIFIED., .F., .F.,
 ( 4, 4 ),
 ( 0.000000000000000000, 5.609400488943808600E-05 ),
 .UNSPECIFIED. ) ;
#54 = CARTESIAN_POINT ( 'NONE',  ( 125.9310753139043726, 11.09177780543238612, 22.38568918770913641 ) ) ;
#55 = CARTESIAN_POINT ( 'NONE',  ( 139.1698840176802889, 13.47742970489260550, 21.30785135748464043 ) ) ;
#56 = CARTESIAN_POINT ( 'NONE',  ( 332.7249766320435356, 3.881151624914460641, 338.9470712220444852 ) ) ;
#57 = CARTESIAN_POINT ( 'NONE',  ( 345.2695406220771019, 1.999762583713396102, 339.5154039107370636 ) ) ;
#58 = TOROIDAL_SURFACE ( 'NONE', #5182, 1.463465304664509414, 0.2000000000000000111 ) ;
#59 = B_SPLINE_CURVE_WITH_KNOTS ( 'NONE', 3,
 ( #68, #5139, #4053, #1195 ),
 .UNSPECIFIED., .F., .F.,
 ( 4, 4 ),
 ( 0.0002323677835271312849, 0.03661675201281663211 ),
 .UNSPECIFIED. ) ;
#60 = ORIENTED_EDGE ( 'NONE', *, *, #254, .T. ) ;
#61 = CARTESIAN_POINT ( 'NONE',  ( 321.6331412145286777, 1.986423608299223709, 127.9100000000000250 ) ) ;
#62 = CARTESIAN_POINT ( 'NONE',  ( 365.7454693069067275, 4.687899383849828183, 371.7300000000000182 ) ) ;
#63 = CARTESIAN_POINT ( 'NONE',  ( 120.6671243915784970, 13.49289331844817852, 6.688165755772897292 ) ) ;
#64 = CARTESIAN_POINT ( 'NONE',  ( 387.3234774653161594, 3.396906305400466231, 371.2361227609808338 ) ) ;
#65 = CARTESIAN_POINT ( 'NONE',  ( 279.4936684244227649, 4.877062717562298033, 6.578370172282300032 ) ) ;
#66 = PLANE ( 'NONE',  #3170 ) ;
#67 = CARTESIAN_POINT ( 'NONE',  ( 281.2108211915840457, 4.219680564455034144, 6.587964703959523938 ) ) ;
#68 = CARTESIAN_POINT ( 'NONE',  ( 327.0505600978489156, 4.746885503160604536, 340.4849637353880780 ) ) ;
#69 = ORIENTED_EDGE ( 'NONE', *, *, #447, .T. ) ;
#70 = CARTESIAN_POINT ( 'NONE',  ( 145.7127976482904046, 12.56861020384305583, 20.33584535248292369 ) ) ;
#71 = CARTESIAN_POINT ( 'NONE',  ( 280.2641559852050364, 6.348955219560505903, 249.8199999999998511 ) ) ;
#72 = CARTESIAN_POINT ( 'NONE',  ( 273.0853907940068552, 8.544838995824251882, 249.8199999999999648 ) ) ;
#73 = CARTESIAN_POINT ( 'NONE',  ( 267.7851567201734611, 5.921377311307330693, 6.797787457453799753 ) ) ;
#74 = CARTESIAN_POINT ( 'NONE',  ( 285.1165554312069617, 3.691565632867298330, 20.97318333835543669 ) ) ;
#75 = CARTESIAN_POINT ( 'NONE',  ( 284.8695012181412380, 0.1709065316748453189, 23.24999999999997868 ) ) ;
#76 = CARTESIAN_POINT ( 'NONE',  ( 271.2814259707458291, 5.828556433409263882, 6.576121674154976837 ) ) ;
#77 = CARTESIAN_POINT ( 'NONE',  ( 362.7454707554732636, 2.920306041589550095, 371.2300000000000182 ) ) ;
#78 = CARTESIAN_POINT ( 'NONE',  ( 140.8852882493658285, 12.11499339577071233, 23.98030154023793870 ) ) ;
#79 = CARTESIAN_POINT ( 'NONE',  ( 126.3526179003817731, 12.67260725801727439, 23.05241917211096947 ) ) ;
#80 = CARTESIAN_POINT ( 'NONE',  ( 263.1669154646442053, 7.019305263617557245, 5.999999999999985789 ) ) ;
#81 = EDGE_CURVE ( 'NONE', #5963, #4536, #3459, .T. ) ;
#82 = ORIENTED_EDGE ( 'NONE', *, *, #3543, .T. ) ;
#83 = AXIS2_PLACEMENT_3D ( 'NONE', #1498, #1465, #2601 ) ;
#84 = CARTESIAN_POINT ( 'NONE',  ( 282.5505341206589378, 0.0006247261342115604122, 7.736216897926904146 ) ) ;
#85 = CARTESIAN_POINT ( 'NONE',  ( 209.4784782774418659, 9.234930793213809608, 7.241907155335611357 ) ) ;
#86 = CARTESIAN_POINT ( 'NONE',  ( 382.6190781311539695, 0.1141494262846996788, 323.2400653312967052 ) ) ;
#87 = CARTESIAN_POINT ( 'NONE',  ( 289.9216473163276078, -2.594063962150191749, 51.58774625310858397 ) ) ;
#88 = AXIS2_PLACEMENT_3D ( 'NONE', #4577, #2851, #1156 ) ;
#89 = CARTESIAN_POINT ( 'NONE',  ( 281.4729466143471655, 4.542449873212700773, 6.499999999999992006 ) ) ;
#90 = VERTEX_POINT ( 'NONE', #6211 ) ;
#91 = EDGE_CURVE ( 'NONE', #5760, #5489, #1888, .T. ) ;
#92 = CARTESIAN_POINT ( 'NONE',  ( 146.7765269975703575, 12.57008330049852241, 7.369692266479630938 ) ) ;
#93 = CARTESIAN_POINT ( 'NONE',  ( 225.4509557402369637, 5.614287938443164094, 249.8200000000000216 ) ) ;
#94 = AXIS2_PLACEMENT_3D ( 'NONE', #3096, #4783, #2533 ) ;
#95 = CARTESIAN_POINT ( 'NONE',  ( 125.7080463855861581, 11.40175765345603409, 22.03293698978715298 ) ) ;
#96 = CARTESIAN_POINT ( 'NONE',  ( 140.7989541123222637, 12.11610725402290534, 23.98017511553385006 ) ) ;
#97 = CARTESIAN_POINT ( 'NONE',  ( 333.2607270901149832, 4.252232163583828495, 339.2711650400534609 ) ) ;
#98 = EDGE_CURVE ( 'NONE', #384, #5725, #454, .T. ) ;
#99 = DIRECTION ( 'NONE',  ( 0.000000000000000000, -1.000000000000000000, -0.000000000000000000 ) ) ;
#100 = ORIENTED_EDGE ( 'NONE', *, *, #3483, .T. ) ;
#101 = CARTESIAN_POINT ( 'NONE',  ( 281.1100705661910411, 3.318723136192117007, 6.000000000000000000 ) ) ;
#102 = CARTESIAN_POINT ( 'NONE',  ( 273.6323296970092542, 3.571361987414297445, 23.23329678306363988 ) ) ;
#103 = CARTESIAN_POINT ( 'NONE',  ( 118.9128557253050076, 14.07890049563615165, 6.500048563350996567 ) ) ;
#104 = PLANE ( 'NONE',  #6406 ) ;
#105 = CARTESIAN_POINT ( 'NONE',  ( 280.1090787042095371, 4.086460140084253290, 7.592500557087701551 ) ) ;
#106 = CARTESIAN_POINT ( 'NONE',  ( 352.7139610592365102, 3.902931578570802973, 371.2300000000000182 ) ) ;
#107 = CARTESIAN_POINT ( 'NONE',  ( 281.0639304950514088, 4.014967020596355241, 6.735523982113551078 ) ) ;
#108 = CARTESIAN_POINT ( 'NONE',  ( 144.9174551721348791, 11.36846579892811349, 22.03917818090719294 ) ) ;
#109 = VERTEX_POINT ( 'NONE', #2729 ) ;
#110 = CARTESIAN_POINT ( 'NONE',  ( 145.1047810535793587, 11.36262716338905676, 22.07778376781523733 ) ) ;
#111 = CARTESIAN_POINT ( 'NONE',  ( 367.3875409422583402, 2.525160263468810840, 371.7300000000000182 ) ) ;
#112 = CARTESIAN_POINT ( 'NONE',  ( 125.0328276315554348, 15.24370985730041284, 5.999999999999998224 ) ) ;
#113 = CARTESIAN_POINT ( 'NONE',  ( 266.9068031086415544, 5.839675225438226036, 7.005427484618298450 ) ) ;
#114 = CARTESIAN_POINT ( 'NONE',  ( 284.0663622694303285, 4.075903587922479865, 21.11981962384146527 ) ) ;
#115 = CARTESIAN_POINT ( 'NONE',  ( 284.8780991244997836, -0.03758582460612392567, 23.24999999999997868 ) ) ;
#116 = CARTESIAN_POINT ( 'NONE',  ( 138.6805855527456686, 11.54715748085583371, 42.55086593447983745 ) ) ;
#117 = CARTESIAN_POINT ( 'NONE',  ( 281.2950953943523587, 3.774710029538357325, 6.844764285622177091 ) ) ;
#118 = CARTESIAN_POINT ( 'NONE',  ( 280.8895425091390621, 3.750645144081164339, 7.710353002170599268 ) ) ;
#119 = CARTESIAN_POINT ( 'NONE',  ( 130.3724618801707322, 14.01903958031779496, 6.499999999999992006 ) ) ;
#120 = B_SPLINE_CURVE_WITH_KNOTS ( 'NONE', 3,
 ( #6071, #2634, #5454, #3227, #1462, #1532, #1429, #3682, #5525, #343, #4362, #2561, #4846, #6037, #4324, #1982, #3754, #4398, #5493, #417 ),
 .UNSPECIFIED., .F., .F.,
 ( 4, 2, 2, 2, 2, 2, 2, 2, 2, 4 ),
 ( 0.02180575367483593083, 0.02480946932601712368, 0.02781318497719831306, 0.03382061627956069183, 0.04583547888428546324, 0.05785034148901022077, 0.06986520409373499219, 0.09389492930318460440, 0.1059097919079094036, 0.1179246545126342166 ),
 .UNSPECIFIED. ) ;
#121 = FACE_OUTER_BOUND ( 'NONE', #2745, .T. ) ;
#122 = VERTEX_POINT ( 'NONE', #2213 ) ;
#123 = CARTESIAN_POINT ( 'NONE',  ( 216.4587856114479507, 9.099278980353311397, 6.791875439403376014 ) ) ;
#124 = CARTESIAN_POINT ( 'NONE',  ( 391.0388471578130520, 0.1227440868732429941, 347.1260433465567417 ) ) ;
#125 = CARTESIAN_POINT ( 'NONE',  ( 395.5505652447810121, 0.4424869327538614172, 357.9738631178202581 ) ) ;
#126 = ADVANCED_FACE ( 'NONE', ( #4494 ), #7100, .T. ) ;
#127 = CARTESIAN_POINT ( 'NONE',  ( 280.6361545475218122, 4.946334917994950509, 6.500000000000006217 ) ) ;
#128 = EDGE_LOOP ( 'NONE', ( #5676, #375, #5678, #1425, #329, #7082 ) ) ;
#129 = CARTESIAN_POINT ( 'NONE',  ( 141.5619434626993325, 12.87909789248337233, 7.111916040305308329 ) ) ;
#130 = CARTESIAN_POINT ( 'NONE',  ( 310.8662423003371487, 1.817608224251741733, 371.7300000000000182 ) ) ;
#131 = CARTESIAN_POINT ( 'NONE',  ( 125.9887513554572536, 11.08930432295751345, 22.47691210920356042 ) ) ;
#132 = CARTESIAN_POINT ( 'NONE',  ( 122.7008265005230072, 11.10205511613900775, 19.88179999999999836 ) ) ;
#133 = CARTESIAN_POINT ( 'NONE',  ( 326.4934047840057474, 2.501982217765679639, 339.6037428026212979 ) ) ;
#134 = CARTESIAN_POINT ( 'NONE',  ( 212.5261929765913465, 11.12122055416988609, 6.500000000000001776 ) ) ;
#135 = SECURITY_CLASSIFICATION_LEVEL ( 'unclassified' ) ;
#136 = ORIENTED_EDGE ( 'NONE', *, *, #1959, .T. ) ;
#137 = CARTESIAN_POINT ( 'NONE',  ( 345.3415227214926517, 2.132943143834261868, 339.6965247042697911 ) ) ;
#138 = CARTESIAN_POINT ( 'NONE',  ( 117.1673358912449459, 14.03623728008775551, 6.500048164495394687 ) ) ;
#139 = EDGE_CURVE ( 'NONE', #6769, #744, #4440, .T. ) ;
#140 = CARTESIAN_POINT ( 'NONE',  ( 289.9216473163282899, 0.01771747799234058701, 55.23979084247267224 ) ) ;
#141 = CARTESIAN_POINT ( 'NONE',  ( 285.2128230591226270, 3.614986244954272454, 20.83139699359818664 ) ) ;
#142 = CARTESIAN_POINT ( 'NONE',  ( 365.7454693069067844, 2.796434749776956608, 371.7300000000000182 ) ) ;
#143 = CARTESIAN_POINT ( 'NONE',  ( 281.2643461663388962, 4.340902504316055399, 6.528680014244208962 ) ) ;
#144 = CARTESIAN_POINT ( 'NONE',  ( 383.7484879889743183, 1.763216881518477885, 371.2300000000000750 ) ) ;
#145 = ORIENTED_EDGE ( 'NONE', *, *, #1535, .T. ) ;
#146 = CARTESIAN_POINT ( 'NONE',  ( 145.3394849232506942, 12.58053076814119819, 20.24080553720721554 ) ) ;
#147 = CARTESIAN_POINT ( 'NONE',  ( 359.0846929768293307, 2.848329283830076886, 371.7300000000001887 ) ) ;
#148 = CARTESIAN_POINT ( 'NONE',  ( 285.4163244232337320, 3.923254600594408448, 23.24999999999995026 ) ) ;
#149 = CARTESIAN_POINT ( 'NONE',  ( 284.2397493365310197, 1.801108573312115047, 23.24999999999998579 ) ) ;
#150 = CARTESIAN_POINT ( 'NONE',  ( 273.0005890957069710, 5.486803760738900415, 6.627418016596378969 ) ) ;
#151 = CARTESIAN_POINT ( 'NONE',  ( 217.5197356625251359, 8.170357610230594148, 167.2462751499294029 ) ) ;
#152 = B_SPLINE_CURVE_WITH_KNOTS ( 'NONE', 3,
 ( #426, #1095, #3797, #949 ),
 .UNSPECIFIED., .F., .F.,
 ( 4, 4 ),
 ( 0.000000000000000000, 0.0003943992173355986039 ),
 .UNSPECIFIED. ) ;
#153 = CARTESIAN_POINT ( 'NONE',  ( 281.1688769403276638, 4.091879600026181230, 6.647250883577756397 ) ) ;
#154 = CARTESIAN_POINT ( 'NONE',  ( 281.9641976430525574, 2.417191003017134410, 7.774898555464204719 ) ) ;
#155 = CARTESIAN_POINT ( 'NONE',  ( 345.1439403429709500, 1.499014413176476435, 341.6138463960157310 ) ) ;
#156 = DIRECTION ( 'NONE',  ( -2.852665555794461035E-13, -0.9986483016480055541, -0.05197662566533232942 ) ) ;
#157 = ORIENTED_EDGE ( 'NONE', *, *, #1084, .T. ) ;
#158 = CARTESIAN_POINT ( 'NONE',  ( 251.2917319742228983, 7.162450302210682018, 6.623940456097482610 ) ) ;
#159 = CARTESIAN_POINT ( 'NONE',  ( 219.9285221430718025, 8.675079994958935004, 7.120044536669529300 ) ) ;
#160 = CARTESIAN_POINT ( 'NONE',  ( 346.2866237812068562, 3.902114075344547572, 371.7300000000000182 ) ) ;
#161 = CARTESIAN_POINT ( 'NONE',  ( 145.1879299222032955, 11.05780614954216645, 22.31766586485682424 ) ) ;
#162 = FACE_OUTER_BOUND ( 'NONE', #5004, .T. ) ;
#163 = VERTEX_POINT ( 'NONE', #4911 ) ;
#164 = EDGE_CURVE ( 'NONE', #4202, #578, #797, .T. ) ;
#165 = CARTESIAN_POINT ( 'NONE',  ( 167.7108032541858904, 12.10881957808703291, 6.573534930571433677 ) ) ;
#166 = CARTESIAN_POINT ( 'NONE',  ( 215.4293276575712923, 3.314838175163830947, 249.8200000000000500 ) ) ;
#167 = LINE ( 'NONE', #6839, #2687 ) ;
#168 = CARTESIAN_POINT ( 'NONE',  ( 333.1854599663247996, 4.493896875984528805, 339.1477120551332405 ) ) ;
#169 = CARTESIAN_POINT ( 'NONE',  ( 190.8413751390335733, 10.48403270643350460, 127.9100000000000819 ) ) ;
#170 = EDGE_LOOP ( 'NONE', ( #856, #3387, #4574, #4283 ) ) ;
#171 = CARTESIAN_POINT ( 'NONE',  ( 204.8099086553410189, 9.424610045274912196, 128.5863912230897483 ) ) ;
#172 = CARTESIAN_POINT ( 'NONE',  ( 345.6284393678391211, 2.172440477267504999, 339.3869556862221089 ) ) ;
#173 = EDGE_CURVE ( 'NONE', #122, #4351, #4348, .T. ) ;
#174 = CARTESIAN_POINT ( 'NONE',  ( 127.6397706771611524, 13.60993390804671144, 6.619235931504451997 ) ) ;
#175 = CARTESIAN_POINT ( 'NONE',  ( 139.5730813056143802, 13.44242205006014501, 21.93723321073328236 ) ) ;
#176 = CARTESIAN_POINT ( 'NONE',  ( 124.0156532120950175, 13.77359224823844563, 11.60000000000058762 ) ) ;
#177 = VECTOR ( 'NONE', #6924, 1000.000000000000000 ) ;
#178 = CARTESIAN_POINT ( 'NONE',  ( 259.8759732053362086, 7.201049717474446332, 6.499999999999992006 ) ) ;
#179 = ORIENTED_EDGE ( 'NONE', *, *, #2163, .F. ) ;
#180 = CARTESIAN_POINT ( 'NONE',  ( 141.9580900812860023, 12.80651512925695279, 5.999999999999992895 ) ) ;
#181 = ADVANCED_FACE ( 'NONE', ( #3962 ), #5085, .F. ) ;
#182 = EDGE_CURVE ( 'NONE', #4470, #3909, #4716, .T. ) ;
#183 = CARTESIAN_POINT ( 'NONE',  ( 285.4216424027260928, 3.921367981801330949, 23.25000000000010303 ) ) ;
#184 = CARTESIAN_POINT ( 'NONE',  ( 285.7688049717304466, 2.994689783229415259, 20.75810267335238635 ) ) ;
#185 = CARTESIAN_POINT ( 'NONE',  ( 275.5607468767228170, 4.689203493741167073, 7.389938407095357320 ) ) ;
#186 = PLANE ( 'NONE',  #2574 ) ;
#187 = CARTESIAN_POINT ( 'NONE',  ( 281.3729576793347178, 4.127585438468161172, 6.587971678541483023 ) ) ;
#188 = CARTESIAN_POINT ( 'NONE',  ( 280.6103910012342908, 3.652915372198831001, 6.499999999999981348 ) ) ;
#189 = ORIENTED_EDGE ( 'NONE', *, *, #5543, .F. ) ;
#190 = CARTESIAN_POINT ( 'NONE',  ( 410.1287572015110641, 1.473455003713625588, 371.2300000000000182 ) ) ;
#191 = ADVANCED_FACE ( 'NONE', ( #1257 ), #2955, .F. ) ;
#192 = CARTESIAN_POINT ( 'NONE',  ( 134.7417276813668536, 13.50490043514356664, 21.64963207369633480 ) ) ;
#193 = ORIENTED_EDGE ( 'NONE', *, *, #2490, .F. ) ;
#194 = CARTESIAN_POINT ( 'NONE',  ( 247.7762408432001848, 6.899163955622627853, 7.244289317105634396 ) ) ;
#195 = CARTESIAN_POINT ( 'NONE',  ( 219.9469516371988220, 8.987160906463522281, 6.698433600558376888 ) ) ;
#196 = CARTESIAN_POINT ( 'NONE',  ( 159.8759795381893696, 12.88215141850769996, 6.500000001001160932 ) ) ;
#197 = CARTESIAN_POINT ( 'NONE',  ( 163.3759731210269308, 13.79274210926817723, 6.499999999999992006 ) ) ;
#198 = B_SPLINE_CURVE_WITH_KNOTS ( 'NONE', 3,
 ( #1495, #7243, #457, #4256, #2120, #1570, #6108, #1015, #6537, #3123, #5416, #6309, #1648, #1205, #4467, #1763, #7350, #4506, #6745, #605, #2154, #1050 ),
 .UNSPECIFIED., .F., .F.,
 ( 4, 3, 3, 3, 3, 3, 3, 4 ),
 ( 1.171337907002700311E-15, 0.0003999999999999578979, 0.001999999999999911571, 0.008400000000000157341, 0.03400000000001826561, 0.1364000000006583002, 0.2388000000009773416, 0.3679989713842486410 ),
 .UNSPECIFIED. ) ;
#199 = PLANE ( 'NONE',  #7085 ) ;
#200 = CARTESIAN_POINT ( 'NONE',  ( 163.8572986159051936, 13.76858087488238169, 6.499999999999992006 ) ) ;
#201 = AXIS2_PLACEMENT_3D ( 'NONE', #2024, #848, #4195 ) ;
#202 = CARTESIAN_POINT ( 'NONE',  ( 157.2707779569369961, 12.89613708298969819, 6.498712210425931168 ) ) ;
#203 = FACE_OUTER_BOUND ( 'NONE', #5926, .T. ) ;
#204 = VECTOR ( 'NONE', #1132, 1000.000000000000114 ) ;
#205 = CARTESIAN_POINT ( 'NONE',  ( 142.7849129408215560, 11.13814247086997966, 20.94089999999999918 ) ) ;
#206 = CARTESIAN_POINT ( 'NONE',  ( 326.4435122503414277, 2.492474168517578192, 339.5248306137731333 ) ) ;
#207 = CARTESIAN_POINT ( 'NONE',  ( 245.6617385893127903, 9.101797954746318808, 6.499999999999985789 ) ) ;
#208 = TOROIDAL_SURFACE ( 'NONE', #4843, 1.989792913342977476, 0.2000000000000000111 ) ;
#209 = DIRECTION ( 'NONE',  ( 0.000000000000000000, 0.000000000000000000, 1.000000000000000000 ) ) ;
#210 = CARTESIAN_POINT ( 'NONE',  ( 127.6365979095448751, 13.18480883646797608, 7.099187030451009406 ) ) ;
#211 = CARTESIAN_POINT ( 'NONE',  ( 332.5766904567813071, 0.06041867567052349591, 173.9134555514152964 ) ) ;
#212 = CARTESIAN_POINT ( 'NONE',  ( 281.0759432392289341, 4.446049367193382729, 6.528305939864617713 ) ) ;
#213 = CARTESIAN_POINT ( 'NONE',  ( 332.3098660827429285, 3.442853192063332735, 338.1005154283682259 ) ) ;
#214 = AXIS2_PLACEMENT_3D ( 'NONE', #7264, #3887, #3810 ) ;
#215 = EDGE_CURVE ( 'NONE', #3150, #422, #6039, .T. ) ;
#216 = CARTESIAN_POINT ( 'NONE',  ( 125.6117820114704386, 12.99622361496780343, 11.60000000000058940 ) ) ;
#217 = ORIENTED_EDGE ( 'NONE', *, *, #5561, .F. ) ;
#218 = CARTESIAN_POINT ( 'NONE',  ( 390.6513703989638771, 1.058196058510058268, 371.7300000000000750 ) ) ;
#219 = CARTESIAN_POINT ( 'NONE',  ( 284.2862303324304776, 1.888891720566248322, 23.25000000000000000 ) ) ;
#220 = CARTESIAN_POINT ( 'NONE',  ( 274.6873541815060662, 4.809218010090515527, 7.257948598843311672 ) ) ;
#221 = CARTESIAN_POINT ( 'NONE',  ( 387.7454693069067844, 3.365671187338276749, 371.2300000000000182 ) ) ;
#222 = CARTESIAN_POINT ( 'NONE',  ( 263.6150744468154699, 8.071860288707984665, 6.446031878401838888 ) ) ;
#223 = CARTESIAN_POINT ( 'NONE',  ( 281.4883132681457028, 4.546481804140788618, 6.500061545154973253 ) ) ;
#224 = CARTESIAN_POINT ( 'NONE',  ( 282.5649507778068710, 0.3233921078276244532, 7.810820496427371751 ) ) ;
#225 = ORIENTED_EDGE ( 'NONE', *, *, #7258, .T. ) ;
#226 = CARTESIAN_POINT ( 'NONE',  ( 332.7213726021893763, 3.908294839653760455, 340.1989943854893568 ) ) ;
#227 = CARTESIAN_POINT ( 'NONE',  ( 261.9580819383874086, 7.093010544444354082, 6.500000235663057957 ) ) ;
#228 = ORIENTED_EDGE ( 'NONE', *, *, #4828, .F. ) ;
#229 = PERSON_AND_ORGANIZATION_ROLE ( 'design_owner' ) ;
#230 = CARTESIAN_POINT ( 'NONE',  ( 254.7712073171841780, 6.845199606383864932, 6.698011258117136713 ) ) ;
#231 = CARTESIAN_POINT ( 'NONE',  ( 223.4185290646506417, 8.594363980425642424, 6.885367759996940507 ) ) ;
#232 = CARTESIAN_POINT ( 'NONE',  ( 204.3975247672485693, 10.53129856263933917, 127.9100000000000250 ) ) ;
#233 = FACE_OUTER_BOUND ( 'NONE', #792, .T. ) ;
#234 = CARTESIAN_POINT ( 'NONE',  ( 272.3451234839563995, 5.233752415044139461, 22.19360688314347385 ) ) ;
#235 = CARTESIAN_POINT ( 'NONE',  ( 278.6444348415482182, 5.398479445976995805, 6.499999999999952927 ) ) ;
#236 = EDGE_LOOP ( 'NONE', ( #5129, #3842, #4251, #3628, #364, #5893 ) ) ;
#237 = DIRECTION ( 'NONE',  ( 0.000000000000000000, 0.0003598203108568434204, 0.9999999352646697925 ) ) ;
#238 = CARTESIAN_POINT ( 'NONE',  ( 160.7252996343691507, 12.12926246437511502, 6.790417287436623539 ) ) ;
#239 = CARTESIAN_POINT ( 'NONE',  ( 120.9124599734923322, 5.132925594247438994, 127.9099999999999966 ) ) ;
#240 = CARTESIAN_POINT ( 'NONE',  ( 366.4853252278103355, 3.087705678516101226, 249.8200000000000216 ) ) ;
#241 = CARTESIAN_POINT ( 'NONE',  ( 144.5311331197293043, 11.09134225468930701, 20.94089999999999918 ) ) ;
#242 = CARTESIAN_POINT ( 'NONE',  ( 333.0289992942531967, 4.270102909413084014, 338.8910855757669083 ) ) ;
#243 = DATE_AND_TIME ( #4718, #3653 ) ;
#244 = CARTESIAN_POINT ( 'NONE',  ( 126.9226882963822902, 12.05036999264411435, 23.95406716316437112 ) ) ;
#245 = CARTESIAN_POINT ( 'NONE',  ( 125.8940099258197591, 13.10804049405329330, 7.474875531153956310 ) ) ;
#246 = CARTESIAN_POINT ( 'NONE',  ( 199.8433751229022732, 11.84036964530025671, 6.000000000000020428 ) ) ;
#247 = CARTESIAN_POINT ( 'NONE',  ( 332.5766904567805682, -2.550287074880778881, 173.2509295888166321 ) ) ;
#248 = CARTESIAN_POINT ( 'NONE',  ( 280.7433248331048503, 3.804150820006226397, 7.352490351441790750 ) ) ;
#249 = CARTESIAN_POINT ( 'NONE',  ( 133.0159057863861847, 12.72848594533013866, 21.54559475163203075 ) ) ;
#250 = CARTESIAN_POINT ( 'NONE',  ( 326.3544910372602317, 4.415442249313151102, 339.3840308134386419 ) ) ;
#251 = PRODUCT ( 'Radome droite V4', 'Radome droite V4', '', ( #4289 ) ) ;
#252 = EDGE_LOOP ( 'NONE', ( #6635, #2750, #982, #6683 ) ) ;
#253 = CARTESIAN_POINT ( 'NONE',  ( 323.8560221270067814, 4.245070708128989345, 249.8200000000001637 ) ) ;
#254 = EDGE_CURVE ( 'NONE', #658, #3917, #3014, .T. ) ;
#255 = CARTESIAN_POINT ( 'NONE',  ( 362.3457704416589991, 2.935787008367969797, 371.2299999854405996 ) ) ;
#256 = EDGE_CURVE ( 'NONE', #3011, #5489, #5247, .T. ) ;
#257 = CARTESIAN_POINT ( 'NONE',  ( 275.6009701198098014, 5.072088602334416052, 6.702446991758854722 ) ) ;
#258 = CARTESIAN_POINT ( 'NONE',  ( 364.7455919489416374, 2.840163912714108729, 371.2299999407358087 ) ) ;
#259 = CARTESIAN_POINT ( 'NONE',  ( 263.7441171765091781, 8.063530250209977268, 6.499999999999992895 ) ) ;
#260 = CARTESIAN_POINT ( 'NONE',  ( 280.9838987482029324, 3.658271476233095676, 7.509354148840705179 ) ) ;
#261 = CARTESIAN_POINT ( 'NONE',  ( 282.1451454812789734, -0.05214517482772915852, 6.499999999999974243 ) ) ;
#262 = ORIENTED_EDGE ( 'NONE', *, *, #4725, .F. ) ;
#263 = CARTESIAN_POINT ( 'NONE',  ( 164.5452696976430502, 11.64558796564302057, 7.502728525523967740 ) ) ;
#264 = CARTESIAN_POINT ( 'NONE',  ( 319.0780315346900124, 1.391734666567636003, 371.7300000000001319 ) ) ;
#265 = VERTEX_POINT ( 'NONE', #4001 ) ;
#266 = CARTESIAN_POINT ( 'NONE',  ( 411.4255920410943190, 0.5459787149778320137, 371.2299999999996771 ) ) ;
#267 = CARTESIAN_POINT ( 'NONE',  ( 251.2613871916049106, 6.662413885823423421, 7.375430120963180514 ) ) ;
#268 = CARTESIAN_POINT ( 'NONE',  ( 216.4532740712991483, 9.005719055048466259, 6.885327957612883409 ) ) ;
#269 = CARTESIAN_POINT ( 'NONE',  ( 332.5766904567813071, 0.05953227081881368871, 171.4499904062240034 ) ) ;
#270 = CARTESIAN_POINT ( 'NONE',  ( 375.4903712543265328, 1.209546668230751632, 302.8962886622700807 ) ) ;
#271 =( BOUNDED_SURFACE ( )  B_SPLINE_SURFACE ( 3, 2, ( 
 ( #5479, #3291, #1037 ),
 ( #5584, #3895, #7226 ),
 ( #6097, #1002, #967 ),
 ( #3856, #1559, #7301 ),
 ( #5549, #4454, #3254 ),
 ( #3816, #2692, #3327 ) ),
 .UNSPECIFIED., .F., .F., .T. ) 
 B_SPLINE_SURFACE_WITH_KNOTS ( ( 4, 2, 4 ),
 ( 3, 3 ),
 ( 0.005635920320104201818, 0.009503151869512711444, 0.01337038341892122194 ),
 ( 0.2211098711530674610, 1.000000000000000000 ),
 .UNSPECIFIED. ) 
 GEOMETRIC_REPRESENTATION_ITEM ( )  RATIONAL_B_SPLINE_SURFACE ( (
 ( 0.9313110615496307254, 0.8446723837064287199, 1.000000000000000000),
 ( 0.9313807132159627189, 0.8448298883577788354, 1.000000000000000000),
 ( 0.9316776671521020958, 0.8455013959991851680, 1.000000000000000000),
 ( 0.9318168498179947301, 0.8458161324357964528, 1.000000000000000000),
 ( 0.9321070448349150217, 0.8464723560033085015, 1.000000000000000000),
 ( 0.9320190733044440012, 0.8462734242911864602, 1.000000000000000000) ) ) 
 REPRESENTATION_ITEM ( '' )  SURFACE ( )  );
#272 = DIRECTION ( 'NONE',  ( 0.9999087854442239021, -0.01350632412824551327, 0.000000000000000000 ) ) ;
#273 = CARTESIAN_POINT ( 'NONE',  ( 377.8901910908283526, -0.007473201055649562712, 274.9131054164251964 ) ) ;
#274 = ORIENTED_EDGE ( 'NONE', *, *, #2490, .T. ) ;
#275 = CARTESIAN_POINT ( 'NONE',  ( 327.7860354762783004, 3.933608825666553344, 341.6482234053794400 ) ) ;
#276 = EDGE_CURVE ( 'NONE', #5211, #2996, #6194, .T. ) ;
#277 = CARTESIAN_POINT ( 'NONE',  ( 157.2637644829754322, 12.76401909919886002, 6.523883396585172356 ) ) ;
#278 = CARTESIAN_POINT ( 'NONE',  ( 311.5183088236727258, 2.016415211580690592, 371.7300000000000182 ) ) ;
#279 = CARTESIAN_POINT ( 'NONE',  ( 128.8082308248456513, 11.22921156620305894, 20.94089999999997787 ) ) ;
#280 = CARTESIAN_POINT ( 'NONE',  ( 263.8759727262224146, 6.972740756954211250, 6.499999999999992006 ) ) ;
#281 = DATE_AND_TIME ( #2432, #3072 ) ;
#282 = CARTESIAN_POINT ( 'NONE',  ( 260.3759731210270161, 8.260694065012925691, 5.999999999999991118 ) ) ;
#283 = CARTESIAN_POINT ( 'NONE',  ( 131.1215500817381781, 13.09555318073437213, 7.220494953310263142 ) ) ;
#284 = CARTESIAN_POINT ( 'NONE',  ( 265.3600753274760677, 8.881918840586582320, 127.9099999999999397 ) ) ;
#285 = CARTESIAN_POINT ( 'NONE',  ( 332.6052622926005711, 2.425222816916226876, 339.6736028087874502 ) ) ;
#286 = CARTESIAN_POINT ( 'NONE',  ( 280.7383437374099344, 3.794538128612412020, 7.499032033567639033 ) ) ;
#287 = CARTESIAN_POINT ( 'NONE',  ( 263.3759731210270161, 8.088575804882376374, 5.999999999999991118 ) ) ;
#288 = B_SPLINE_CURVE_WITH_KNOTS ( 'NONE', 3,
 ( #676, #6257, #1315, #3560, #1154, #6897 ),
 .UNSPECIFIED., .F., .F.,
 ( 4, 2, 4 ),
 ( 4.966068250077958955E-16, 0.0003331952857994099058, 0.0006663905715983231386 ),
 .UNSPECIFIED. ) ;
#289 = B_SPLINE_CURVE_WITH_KNOTS ( 'NONE', 3,
 ( #7038, #4863, #5948, #5472, #7146, #3101 ),
 .UNSPECIFIED., .F., .F.,
 ( 4, 2, 4 ),
 ( 0.000000000000000000, 0.0003377706658124630923, 0.0006755413316249261847 ),
 .UNSPECIFIED. ) ;
#290 = CARTESIAN_POINT ( 'NONE',  ( 126.2625469109379139, 13.78025263548277124, 11.68066613695545541 ) ) ;
#291 = ORIENTED_EDGE ( 'NONE', *, *, #6131, .F. ) ;
#292 = CARTESIAN_POINT ( 'NONE',  ( 335.3194954155780465, 3.527846476428933897, 249.8200000000000500 ) ) ;
#293 = CARTESIAN_POINT ( 'NONE',  ( 362.2454696365821860, 2.939680486476341503, 371.2299999407358087 ) ) ;
#294 = CARTESIAN_POINT ( 'NONE',  ( 273.8092168711126533, 4.884743147744234903, 7.394964451596241162 ) ) ;
#295 = CARTESIAN_POINT ( 'NONE',  ( 345.3154539444080910, 1.997963740332671101, 339.4886600596443600 ) ) ;
#296 = CARTESIAN_POINT ( 'NONE',  ( 281.8422069596273900, 3.227716243438647492, 7.223078792769160650 ) ) ;
#297 = CARTESIAN_POINT ( 'NONE',  ( 345.5568780069091304, 3.488375809849220133, 340.1357799436561891 ) ) ;
#298 = VERTEX_POINT ( 'NONE', #5284 ) ;
#299 = CARTESIAN_POINT ( 'NONE',  ( 258.7796367127725716, 6.256306796305761253, 7.502813409788545052 ) ) ;
#300 = CARTESIAN_POINT ( 'NONE',  ( 217.4205359228346879, 1.613985199939804938, 249.8200000000000500 ) ) ;
#301 = VECTOR ( 'NONE', #2128, 1000.000000000000000 ) ;
#302 = VERTEX_POINT ( 'NONE', #2972 ) ;
#303 = CARTESIAN_POINT ( 'NONE',  ( 124.0884131487140252, 43.07938103743692437, 17.60000000000059828 ) ) ;
#304 = CARTESIAN_POINT ( 'NONE',  ( 244.2920313165244579, 7.109806495709378282, 7.510337905627435084 ) ) ;
#305 = CARTESIAN_POINT ( 'NONE',  ( 346.3599689248550249, 3.126155136657441602, 371.0255597780543440 ) ) ;
#306 = CARTESIAN_POINT ( 'NONE',  ( 362.7454693069057612, 4.811162420171592125, 371.7300000000000182 ) ) ;
#307 = CARTESIAN_POINT ( 'NONE',  ( 324.0554157433547857, 4.362124061193695113, 127.9099999999999966 ) ) ;
#308 = CARTESIAN_POINT ( 'NONE',  ( 387.6125012066410136, 1.478020702714559986, 371.2299999982079726 ) ) ;
#309 = ADVANCED_FACE ( 'NONE', ( #2855 ), #1555, .F. ) ;
#310 = EDGE_CURVE ( 'NONE', #7018, #3642, #7274, .T. ) ;
#311 = ORIENTED_EDGE ( 'NONE', *, *, #1966, .T. ) ;
#312 = CARTESIAN_POINT ( 'NONE',  ( 289.9216473163277783, 0.01700151008772072744, 53.24999805794005425 ) ) ;
#313 = ORIENTED_EDGE ( 'NONE', *, *, #3358, .T. ) ;
#314 = CARTESIAN_POINT ( 'NONE',  ( 346.5572138182179174, 3.445197432365945112, 341.2176323160580864 ) ) ;
#315 = CARTESIAN_POINT ( 'NONE',  ( 174.6848507723658770, 11.87198199026909684, 6.523882669829572656 ) ) ;
#316 = CARTESIAN_POINT ( 'NONE',  ( 147.5916712171455174, 13.53612624479858617, 6.500000000000016875 ) ) ;
#317 = CARTESIAN_POINT ( 'NONE',  ( 344.3325116074934726, 2.038374205042893905, 339.7299999999999613 ) ) ;
#318 = CARTESIAN_POINT ( 'NONE',  ( 287.1987248595031019, 1.960130774352285776, 23.24999999999999289 ) ) ;
#319 = FACE_OUTER_BOUND ( 'NONE', #540, .T. ) ;
#320 = CARTESIAN_POINT ( 'NONE',  ( 162.3760038627852111, 13.84295935163748048, 5.999999999999990230 ) ) ;
#321 = CARTESIAN_POINT ( 'NONE',  ( 129.3852792370874738, 13.71537987850297036, 6.571233382389555899 ) ) ;
#322 = CARTESIAN_POINT ( 'NONE',  ( 328.4053349107622921, 4.657722372045733472, 371.7300000000001887 ) ) ;
#323 = AXIS2_PLACEMENT_3D ( 'NONE', #6353, #5308, #4669 ) ;
#324 = CARTESIAN_POINT ( 'NONE',  ( 260.0079409422651224, 7.194730335371445129, 6.500000126045002879 ) ) ;
#325 = CARTESIAN_POINT ( 'NONE',  ( 358.5169368706156092, 4.963279660642700541, 371.2300000000004729 ) ) ;
#326 = B_SPLINE_CURVE_WITH_KNOTS ( 'NONE', 3,
 ( #1803, #79, #6311, #5189, #2940, #4630, #1914, #4103, #6906, #2453 ),
 .UNSPECIFIED., .F., .F.,
 ( 4, 2, 2, 2, 4 ),
 ( 1.116887130394904770E-15, 0.0005037182529808409241, 0.001007436505960565120, 0.001511154758940289099, 0.002014873011920013078 ),
 .UNSPECIFIED. ) ;
#327 = CIRCLE ( 'NONE', #2460, 1.663191211615423937 ) ;
#328 = CARTESIAN_POINT ( 'NONE',  ( 264.0149742320352289, 8.044394327871337680, 6.499999999999997335 ) ) ;
#329 = ORIENTED_EDGE ( 'NONE', *, *, #7005, .T. ) ;
#330 = CARTESIAN_POINT ( 'NONE',  ( 312.3891369132315958, 4.901016354099121841, 249.8200000000000500 ) ) ;
#331 = CARTESIAN_POINT ( 'NONE',  ( 312.2325412563488385, 3.791198205546163269, 286.2916777144366165 ) ) ;
#332 = CARTESIAN_POINT ( 'NONE',  ( 277.7583918952662430, 4.606505909852646852, 7.004403166239993261 ) ) ;
#333 = CARTESIAN_POINT ( 'NONE',  ( 362.7454693069067844, 2.920271492011041303, 371.2299999407358087 ) ) ;
#334 = CARTESIAN_POINT ( 'NONE',  ( 282.0654966779619599, 4.052440928682794485, 6.498457242415192958 ) ) ;
#335 = CARTESIAN_POINT ( 'NONE',  ( 345.2219211209415448, 3.497482905251566354, 341.6203797297853839 ) ) ;
#336 = ORIENTED_EDGE ( 'NONE', *, *, #538, .T. ) ;
#337 = FACE_OUTER_BOUND ( 'NONE', #4589, .T. ) ;
#338 = CARTESIAN_POINT ( 'NONE',  ( 312.2990797974546808, 0.06157771615557678518, 371.7300000000000182 ) ) ;
#339 = VERTEX_POINT ( 'NONE', #5050 ) ;
#340 = CARTESIAN_POINT ( 'NONE',  ( 284.7800541535307843, 0.7242017395774759114, 23.25000000000000000 ) ) ;
#341 = CARTESIAN_POINT ( 'NONE',  ( 258.2834961469297355, 7.155489693780437754, 6.498714496743065006 ) ) ;
#342 = CARTESIAN_POINT ( 'NONE',  ( 127.7813555783216231, 12.96363483619565571, 12.84701565551346114 ) ) ;
#343 = CARTESIAN_POINT ( 'NONE',  ( 231.8824542773544124, 8.901857760694081634, 6.500000000000019540 ) ) ;
#344 = CARTESIAN_POINT ( 'NONE',  ( 324.7688667463271486, -0.01922598352448429831, 122.6518038569623599 ) ) ;
#345 = CARTESIAN_POINT ( 'NONE',  ( 281.0636486320603353, 2.986158453505399990, 6.000000000000001776 ) ) ;
#346 = ORIENTED_EDGE ( 'NONE', *, *, #6554, .F. ) ;
#347 = CARTESIAN_POINT ( 'NONE',  ( 346.1912685518181547, 3.465651492281961232, 339.0589518482311746 ) ) ;
#348 = CARTESIAN_POINT ( 'NONE',  ( 185.0951638079688450, 10.56882707434937885, 7.373163252058131611 ) ) ;
#349 = CARTESIAN_POINT ( 'NONE',  ( 286.6808902909423296, 0.005818468261149903169, 22.17048207139395899 ) ) ;
#350 = CC_DESIGN_SECURITY_CLASSIFICATION ( #2109, ( #2694 ) ) ;
#351 = EDGE_CURVE ( 'NONE', #6442, #3419, #2900, .T. ) ;
#352 = CARTESIAN_POINT ( 'NONE',  ( 325.0578656566252675, 2.485555581909028700, 339.7299999999999613 ) ) ;
#353 = CARTESIAN_POINT ( 'NONE',  ( 272.8490575970610621, 4.921594661874163279, 22.56698512852089422 ) ) ;
#354 = ORIENTED_EDGE ( 'NONE', *, *, #5702, .F. ) ;
#355 = CARTESIAN_POINT ( 'NONE',  ( 333.9338660171869151, 4.867232740705266458, 340.3752461531674385 ) ) ;
#356 = PLANE ( 'NONE',  #4361 ) ;
#357 = CARTESIAN_POINT ( 'NONE',  ( 141.5830392982666126, 13.42565810336891019, 6.572836448379013596 ) ) ;
#358 = CARTESIAN_POINT ( 'NONE',  ( 262.5749201771387220, 8.396479214777890832, 249.8200000000000500 ) ) ;
#359 = FACE_OUTER_BOUND ( 'NONE', #3828, .T. ) ;
#360 = EDGE_CURVE ( 'NONE', #3419, #4632, #6861, .T. ) ;
#361 = CARTESIAN_POINT ( 'NONE',  ( 398.3766656282862186, 0.6299746835184096838, 371.2299887019083258 ) ) ;
#362 = CARTESIAN_POINT ( 'NONE',  ( 143.2479718650980374, 12.63952080146751911, 20.22060257418821649 ) ) ;
#363 = CARTESIAN_POINT ( 'NONE',  ( 124.5962630334326917, 12.81357785965956175, 16.60000000000058051 ) ) ;
#364 = ORIENTED_EDGE ( 'NONE', *, *, #5136, .T. ) ;
#365 = CARTESIAN_POINT ( 'NONE',  ( 275.6711358635259899, 6.188344982757969071, 127.9100000000000250 ) ) ;
#366 = CARTESIAN_POINT ( 'NONE',  ( 115.4326467107581209, 13.71619726181612897, 6.522234639919658683 ) ) ;
#367 = CARTESIAN_POINT ( 'NONE',  ( 372.2260934588273358, 2.278589034904573651, 371.0310334139887800 ) ) ;
#368 = CARTESIAN_POINT ( 'NONE',  ( 340.2420475496289782, 4.581631222770877088, 350.7219128039042175 ) ) ;
#369 = CARTESIAN_POINT ( 'NONE',  ( 276.8806585781342733, 4.561246818632613831, 7.384787160975882614 ) ) ;
#370 = CARTESIAN_POINT ( 'NONE',  ( 362.2214669582999704, 2.940612222790547126, 371.7300000000000182 ) ) ;
#371 = CARTESIAN_POINT ( 'NONE',  ( 282.2508012510949129, 3.947199463585750578, 6.498457100538590936 ) ) ;
#372 = ORIENTED_EDGE ( 'NONE', *, *, #968, .F. ) ;
#373 = CARTESIAN_POINT ( 'NONE',  ( 345.2219211209416017, 3.497482905251564134, 341.6203797297855544 ) ) ;
#374 = CARTESIAN_POINT ( 'NONE',  ( 340.4396355539002457, 2.006032374653099026, 188.8650000000000659 ) ) ;
#375 = ORIENTED_EDGE ( 'NONE', *, *, #6082, .T. ) ;
#376 = DIRECTION ( 'NONE',  ( 1.000000000000000000, 0.000000000000000000, 0.000000000000000000 ) ) ;
#377 = CARTESIAN_POINT ( 'NONE',  ( 261.7186915951232891, 6.103054194626300166, 7.505553775358180246 ) ) ;
#378 = ORIENTED_EDGE ( 'NONE', *, *, #539, .T. ) ;
#379 = CARTESIAN_POINT ( 'NONE',  ( 345.2698567239515910, 1.999750199158261799, 339.5152197727514931 ) ) ;
#380 = CARTESIAN_POINT ( 'NONE',  ( 391.1725667438643086, 3.106710503264349388, 371.2353433349263696 ) ) ;
#381 = CARTESIAN_POINT ( 'NONE',  ( 352.1863245157978213, -0.01316003193937736494, 201.2382820661027267 ) ) ;
#382 = ORIENTED_EDGE ( 'NONE', *, *, #351, .F. ) ;
#383 = CARTESIAN_POINT ( 'NONE',  ( 345.2219211209415448, 3.497482905251566798, 341.6203797297854408 ) ) ;
#384 = VERTEX_POINT ( 'NONE', #3283 ) ;
#385 = CARTESIAN_POINT ( 'NONE',  ( 159.8759827467707737, 12.88212538434859056, 6.500000003003497895 ) ) ;
#386 = CARTESIAN_POINT ( 'NONE',  ( 174.6719744157319951, 11.62758563814200308, 6.623380844881848972 ) ) ;
#387 = CARTESIAN_POINT ( 'NONE',  ( 345.4707514886530930, 2.131172289661138919, 339.6225687991961308 ) ) ;
#388 = CARTESIAN_POINT ( 'NONE',  ( 270.3991832024365181, 5.817036645211474344, 6.627514873464317446 ) ) ;
#389 = CARTESIAN_POINT ( 'NONE',  ( 332.8495359882165303, 3.872489496727511415, 338.5967302224769355 ) ) ;
#390 = VERTEX_POINT ( 'NONE', #7294 ) ;
#391 = CARTESIAN_POINT ( 'NONE',  ( 140.3955509826879791, 12.70224880116489174, 23.31829187780875756 ) ) ;
#392 = EDGE_CURVE ( 'NONE', #760, #2670, #5492, .T. ) ;
#393 = CARTESIAN_POINT ( 'NONE',  ( 330.5109465507307505, 3.928724177221234015, 338.9487237361439611 ) ) ;
#394 = B_SPLINE_CURVE_WITH_KNOTS ( 'NONE', 3,
 ( #1673, #7004, #6333, #106, #2333, #3444 ),
 .UNSPECIFIED., .F., .F.,
 ( 4, 2, 4 ),
 ( 0.000000000000000000, 0.0001697477727892660504, 0.0003394955455785321008 ),
 .UNSPECIFIED. ) ;
#395 = CARTESIAN_POINT ( 'NONE',  ( 230.3897290593819775, 8.277769540331620490, 6.791862462022320912 ) ) ;
#396 = CARTESIAN_POINT ( 'NONE',  ( 136.3437868582686008, 13.04821426311072052, 7.106485143596395382 ) ) ;
#397 = CARTESIAN_POINT ( 'NONE',  ( 242.9532904632133352, 7.589052849635648634, 249.8200000000000216 ) ) ;
#398 = DIRECTION ( 'NONE',  ( 0.000000000000000000, -0.0003598203108568594666, -0.9999999352646697925 ) ) ;
#399 = DIRECTION ( 'NONE',  ( 2.775557561562889836E-13, 1.000000000000000000, 0.000000000000000000 ) ) ;
#400 = CARTESIAN_POINT ( 'NONE',  ( 284.4047174736361399, 2.456804503596484501, 23.17525904294046057 ) ) ;
#401 = ADVANCED_FACE ( 'NONE', ( #1664 ), #5746, .T. ) ;
#402 = EDGE_CURVE ( 'NONE', #3499, #6425, #6408, .T. ) ;
#403 = ORIENTED_EDGE ( 'NONE', *, *, #6041, .F. ) ;
#404 = CARTESIAN_POINT ( 'NONE',  ( 399.0483300191339140, 0.3819874470583676795, 371.7300000000000182 ) ) ;
#405 = CARTESIAN_POINT ( 'NONE',  ( 389.6585721664613402, 1.186441138056041344, 371.1731355003526005 ) ) ;
#406 = CARTESIAN_POINT ( 'NONE',  ( 115.4573015897962591, 13.05435068994431624, 7.080453651462319975 ) ) ;
#407 = CARTESIAN_POINT ( 'NONE',  ( 352.6833759177987986, 3.810495720321859014, 371.5164564100369944 ) ) ;
#408 = CARTESIAN_POINT ( 'NONE',  ( 276.9353241882392354, 5.181324182882868890, 6.574913825826954827 ) ) ;
#409 = CARTESIAN_POINT ( 'NONE',  ( 271.2363916154754406, 5.348640010831255509, 222.3129320504484667 ) ) ;
#410 = CARTESIAN_POINT ( 'NONE',  ( 281.6198151676176735, 3.699191379624668929, 6.735586971333308526 ) ) ;
#411 = CARTESIAN_POINT ( 'NONE',  ( 177.6676962959596722, 8.873004620313084345, 104.2145662849237624 ) ) ;
#412 = EDGE_CURVE ( 'NONE', #469, #49, #4612, .T. ) ;
#413 = CARTESIAN_POINT ( 'NONE',  ( 214.6427341386454373, 0.4179659291729282966, 249.8200000000000500 ) ) ;
#414 = CARTESIAN_POINT ( 'NONE',  ( 302.1660737696178671, 6.546624305726666648, 127.9099999999999966 ) ) ;
#415 = CARTESIAN_POINT ( 'NONE',  ( 256.5340045046398245, 7.112717083536406193, 6.523883115560614065 ) ) ;
#416 = CARTESIAN_POINT ( 'NONE',  ( 125.9393993017630606, 12.99670083568198464, 11.61621151679332620 ) ) ;
#417 = CARTESIAN_POINT ( 'NONE',  ( 163.8759731210270161, 12.67930968997284680, 6.499999999999968914 ) ) ;
#418 = DIRECTION ( 'NONE',  ( -0.000000000000000000, 0.000000000000000000, 1.000000000000000000 ) ) ;
#419 = EDGE_CURVE ( 'NONE', #5251, #2837, #6496, .T. ) ;
#420 = CARTESIAN_POINT ( 'NONE',  ( 328.1960489487551627, -0.01846773929166201783, 132.4751136396484696 ) ) ;
#421 = CIRCLE ( 'NONE', #6972, 0.1999999999999999833 ) ;
#422 = VERTEX_POINT ( 'NONE', #5171 ) ;
#423 = CARTESIAN_POINT ( 'NONE',  ( 281.5877333812661050, 2.061882137289237527, 5.999999999999999112 ) ) ;
#424 = ORIENTED_EDGE ( 'NONE', *, *, #4677, .F. ) ;
#425 = CARTESIAN_POINT ( 'NONE',  ( 346.6802641035257579, 3.440324743347067837, 341.1285364913808280 ) ) ;
#426 = CARTESIAN_POINT ( 'NONE',  ( 160.3759731210269308, 13.94446355411818317, 6.499999999999992006 ) ) ;
#427 = CARTESIAN_POINT ( 'NONE',  ( 171.1665261382587744, 11.38481889879237663, 7.117472183209917702 ) ) ;
#428 = CARTESIAN_POINT ( 'NONE',  ( 345.6178545071687722, 2.184722375325236055, 339.4459985597570721 ) ) ;
#429 = CARTESIAN_POINT ( 'NONE',  ( 160.0266466080318821, 12.87440534469464204, 6.500000024331238357 ) ) ;
#430 = ORIENTED_EDGE ( 'NONE', *, *, #4588, .T. ) ;
#431 = DIRECTION ( 'NONE',  ( -8.932068753276111660E-31, -0.0003598203108568317110, -0.9999999352646697925 ) ) ;
#432 = CARTESIAN_POINT ( 'NONE',  ( 332.5766904567812503, -0.1395813113824100060, 173.9135275154774831 ) ) ;
#433 = CARTESIAN_POINT ( 'NONE',  ( 136.3517031996948390, 13.36172685399352211, 6.693646936857164498 ) ) ;
#434 = CARTESIAN_POINT ( 'NONE',  ( 155.7182931758684106, 10.50451957102289136, 127.9099999999999966 ) ) ;
#435 = CARTESIAN_POINT ( 'NONE',  ( 286.7010825699466068, 0.8433663592466752457, 20.63752873767890961 ) ) ;
#436 = CARTESIAN_POINT ( 'NONE',  ( 119.2532960840418497, 13.68394648904216204, 11.51619678424515314 ) ) ;
#437 = CARTESIAN_POINT ( 'NONE',  ( 366.2454693069067275, 2.774529337836556753, 371.2300000000000182 ) ) ;
#438 = VECTOR ( 'NONE', #1307, 1000.000000000000114 ) ;
#439 = CARTESIAN_POINT ( 'NONE',  ( 284.4845864823631700, 2.570266101986876883, 23.13026879001338898 ) ) ;
#440 = ORIENTED_EDGE ( 'NONE', *, *, #5257, .F. ) ;
#441 = AXIS2_PLACEMENT_3D ( 'NONE', #5844, #1145, #4720 ) ;
#442 = CARTESIAN_POINT ( 'NONE',  ( 318.0791527612124696, 3.110349485410648374, 127.9100000000000250 ) ) ;
#443 = CARTESIAN_POINT ( 'NONE',  ( 376.5917670902402961, 2.139073228908642044, 371.2094911973140370 ) ) ;
#444 = CARTESIAN_POINT ( 'NONE',  ( 365.7454693069067275, 4.688385421200238490, 371.7300000000000182 ) ) ;
#445 = CARTESIAN_POINT ( 'NONE',  ( 278.1853697112794634, 4.567359222634437721, 7.006138587331255607 ) ) ;
#446 = CARTESIAN_POINT ( 'NONE',  ( 368.1213434126091215, -2.350966362971078194, 249.8200000000000500 ) ) ;
#447 = EDGE_CURVE ( 'NONE', #7113, #5652, #2449, .T. ) ;
#448 = AXIS2_PLACEMENT_3D ( 'NONE', #6847, #748, #4086 ) ;
#449 = CARTESIAN_POINT ( 'NONE',  ( 281.1936586944989358, 3.596092786897167493, 7.222879284985005199 ) ) ;
#450 = CARTESIAN_POINT ( 'NONE',  ( 285.2321132551749088, 3.618644072933937750, 20.91050841823325612 ) ) ;
#451 = CARTESIAN_POINT ( 'NONE',  ( 321.1225963783799102, 1.704096753559734889, 371.7299999999999045 ) ) ;
#452 = AXIS2_PLACEMENT_3D ( 'NONE', #3154, #7196, #3120 ) ;
#453 = CARTESIAN_POINT ( 'NONE',  ( 355.2973698476927211, 4.185563929877277545, 249.8200000000000216 ) ) ;
#454 = B_SPLINE_CURVE_WITH_KNOTS ( 'NONE', 3,
 ( #5621, #5057, #6772, #7337 ),
 .UNSPECIFIED., .F., .F.,
 ( 4, 4 ),
 ( 0.6014986212004850286, 0.6155208146644468581 ),
 .UNSPECIFIED. ) ;
#455 = CARTESIAN_POINT ( 'NONE',  ( 261.7186509520992672, 6.102321066417956352, 7.373347743787779685 ) ) ;
#456 = CARTESIAN_POINT ( 'NONE',  ( 128.9092723930920101, 11.49958763948555784, 22.03433102556668999 ) ) ;
#457 = CARTESIAN_POINT ( 'NONE',  ( 332.1710908419663610, 3.449136768600630898, 337.8728906047575720 ) ) ;
#458 = EDGE_CURVE ( 'NONE', #5489, #1686, #606, .T. ) ;
#459 = CARTESIAN_POINT ( 'NONE',  ( 332.7249766320435356, 3.881151624914460641, 338.9470712220444852 ) ) ;
#460 = CARTESIAN_POINT ( 'NONE',  ( 332.5766904567813071, 0.06082762393789829108, 175.0499901731768091 ) ) ;
#461 = ORIENTED_EDGE ( 'NONE', *, *, #5609, .T. ) ;
#462 = CARTESIAN_POINT ( 'NONE',  ( 401.9254393983426326, 0.1315970907785810606, 371.7300000000000182 ) ) ;
#463 = ORIENTED_EDGE ( 'NONE', *, *, #6776, .T. ) ;
#464 = CARTESIAN_POINT ( 'NONE',  ( 263.3759731210270161, 8.088575804882376374, 5.999999999999991118 ) ) ;
#465 = APPROVAL ( #809, 'UNSPECIFIED' ) ;
#466 = CARTESIAN_POINT ( 'NONE',  ( 192.0693801521303499, 10.31237847063058588, 6.996507451492899321 ) ) ;
#467 = LINE ( 'NONE', #10, #1515 ) ;
#468 = CARTESIAN_POINT ( 'NONE',  ( 163.5426396008618042, 12.69588652737068379, 6.500000019576809507 ) ) ;
#469 = VERTEX_POINT ( 'NONE', #62 ) ;
#470 = CARTESIAN_POINT ( 'NONE',  ( 325.1988352702458087, 3.515402469732944901, 338.7299999999999613 ) ) ;
#471 = CARTESIAN_POINT ( 'NONE',  ( 329.5648829138644373, 2.486216319174218814, 339.5262463213960018 ) ) ;
#472 = CARTESIAN_POINT ( 'NONE',  ( 132.8632424962570440, 13.07346927849468088, 7.222096234898708111 ) ) ;
#473 = CARTESIAN_POINT ( 'NONE',  ( 172.1359228594503463, 11.18717838243939333, 127.9099999999999966 ) ) ;
#474 = CARTESIAN_POINT ( 'NONE',  ( 119.3326166331007556, 13.68487179172310952, 11.54768994056301601 ) ) ;
#475 = CARTESIAN_POINT ( 'NONE',  ( 399.6682394929598559, 0.1262857201119446660, 371.2300000000000182 ) ) ;
#476 = CARTESIAN_POINT ( 'NONE',  ( 285.0714731057581730, 3.395129372356157305, 22.34474468070363073 ) ) ;
#477 = VERTEX_POINT ( 'NONE', #102 ) ;
#478 = CARTESIAN_POINT ( 'NONE',  ( 392.2622337668914270, 0.9338341665395561986, 371.7300000000001319 ) ) ;
#479 = CARTESIAN_POINT ( 'NONE',  ( 376.5858125766068270, 2.041884656399469478, 371.0317102291018614 ) ) ;
#480 = FACE_OUTER_BOUND ( 'NONE', #3767, .T. ) ;
#481 = CARTESIAN_POINT ( 'NONE',  ( 180.2924516270577158, 11.01125712077284113, 74.08108411580559505 ) ) ;
#482 = CARTESIAN_POINT ( 'NONE',  ( 277.3484095222303836, 4.906895918815042279, 6.701190780069271824 ) ) ;
#483 = DIRECTION ( 'NONE',  ( -2.775557561562891351E-13, -1.000000000000000000, 0.000000000000000000 ) ) ;
#484 = CARTESIAN_POINT ( 'NONE',  ( 280.9284312266391908, 3.874583612194626436, 6.953131025044856806 ) ) ;
#485 = CARTESIAN_POINT ( 'NONE',  ( 267.5512548134383906, 5.018203770385548879, 246.3782894538209689 ) ) ;
#486 = CARTESIAN_POINT ( 'NONE',  ( 234.3304655633421305, 4.828397677889298301, 249.8200000000000500 ) ) ;
#487 = EDGE_CURVE ( 'NONE', #5725, #4866, #2366, .T. ) ;
#488 = CARTESIAN_POINT ( 'NONE',  ( 407.3038791655618525, 1.734024627309626032, 371.7299999999999045 ) ) ;
#489 = CARTESIAN_POINT ( 'NONE',  ( 256.5060919453899260, 6.568997972934774054, 6.883927534141302651 ) ) ;
#490 = CARTESIAN_POINT ( 'NONE',  ( 125.7080463855861581, 11.40175765345603409, 22.03293698978715298 ) ) ;
#491 = CARTESIAN_POINT ( 'NONE',  ( 134.2088968792862715, 13.48190594145625631, 22.63457140311092530 ) ) ;
#492 = DIRECTION ( 'NONE',  ( 0.000000000000000000, -0.0003598203108568329579, -0.9999999352646697925 ) ) ;
#493 = CARTESIAN_POINT ( 'NONE',  ( 161.3759973731930302, 13.89334309749509799, 5.999999999999991118 ) ) ;
#494 = ORIENTED_EDGE ( 'NONE', *, *, #5018, .T. ) ;
#495 = CARTESIAN_POINT ( 'NONE',  ( 130.3759731210269592, 15.18348515068092830, 6.500000000000005329 ) ) ;
#496 = ORIENTED_EDGE ( 'NONE', *, *, #7283, .T. ) ;
#497 = CARTESIAN_POINT ( 'NONE',  ( 115.6343859442697095, -43.07938103743692437, 6.100000000000591172 ) ) ;
#498 = CARTESIAN_POINT ( 'NONE',  ( 199.0399742669987688, 10.00008863650924340, 6.884639163427966224 ) ) ;
#499 = CARTESIAN_POINT ( 'NONE',  ( 349.5523185179993675, 3.952254352294743533, 366.3808354442008977 ) ) ;
#500 = CARTESIAN_POINT ( 'NONE',  ( 282.5930614618842469, 3.248363706653124794, 6.500000000000033751 ) ) ;
#501 = VERTEX_POINT ( 'NONE', #4084 ) ;
#502 = CARTESIAN_POINT ( 'NONE',  ( 332.2116913626485371, 3.436843702128542954, 338.7299999999999613 ) ) ;
#503 = ADVANCED_FACE ( 'NONE', ( #2052 ), #58, .T. ) ;
#504 = CARTESIAN_POINT ( 'NONE',  ( 130.3758726901137948, 14.07661528182285871, 6.499999999999992006 ) ) ;
#505 = CARTESIAN_POINT ( 'NONE',  ( 139.8458282518609792, 13.61501307558909879, 6.523540186826680021 ) ) ;
#506 = CARTESIAN_POINT ( 'NONE',  ( 123.8642221591847914, 5.905684658884687188, 127.9099999999999966 ) ) ;
#507 = CARTESIAN_POINT ( 'NONE',  ( 118.9159298102566140, 13.68505466042276986, 11.27041274957435313 ) ) ;
#508 = CARTESIAN_POINT ( 'NONE',  ( 140.3943174300423493, 12.59759171537679912, 23.14786484725838989 ) ) ;
#509 =( BOUNDED_SURFACE ( )  B_SPLINE_SURFACE ( 3, 2, ( 
 ( #5286, #6475, #1370 ),
 ( #4118, #5359, #2431 ),
 ( #242, #2501, #1957 ),
 ( #168, #97, #3511 ),
 ( #4644, #6920, #1818 ),
 ( #4079, #6365, #5800 ),
 ( #7140, #6014, #990 ),
 ( #355, #2609, #1472 ) ),
 .UNSPECIFIED., .F., .F., .F. ) 
 B_SPLINE_SURFACE_WITH_KNOTS ( ( 4, 2, 2, 4 ),
 ( 3, 3 ),
 ( 0.000000000000000000, 0.0005598771237181112423, 0.001119754247436222485, 0.002239508494872444969 ),
 ( 0.000000000000000000, 1.000000000000000000 ),
 .UNSPECIFIED. ) 
 GEOMETRIC_REPRESENTATION_ITEM ( )  RATIONAL_B_SPLINE_SURFACE ( (
 ( 1.000000000000000000, 0.5274327996182961442, 1.000000000000000000),
 ( 1.000000000000000000, 0.5391892130404722927, 1.000000000000000000),
 ( 1.000000000000000000, 0.5524693359099884793, 1.000000000000000000),
 ( 1.000000000000000000, 0.5810715966867324722, 1.000000000000000000),
 ( 1.000000000000000000, 0.5964189018094986361, 1.000000000000000000),
 ( 1.000000000000000000, 0.6424832534942884754, 1.000000000000000000),
 ( 1.000000000000000000, 0.6742660706027897577, 1.000000000000000000),
 ( 1.000000000000000000, 0.7036939714119581080, 1.000000000000000000) ) ) 
 REPRESENTATION_ITEM ( '' )  SURFACE ( )  );
#510 = CARTESIAN_POINT ( 'NONE',  ( 332.8582667780003135, 4.135915189468438946, 339.1446302640421209 ) ) ;
#511 = ADVANCED_FACE ( 'NONE', ( #4928 ), #2308, .F. ) ;
#512 = CARTESIAN_POINT ( 'NONE',  ( 332.5766904567812503, -0.1391040717699581486, 175.2398550382956444 ) ) ;
#513 = B_SPLINE_CURVE_WITH_KNOTS ( 'NONE', 3,
 ( #1765, #7019, #761, #41, #5824, #1840, #6390, #1285, #3536, #724 ),
 .UNSPECIFIED., .F., .F.,
 ( 4, 2, 2, 2, 4 ),
 ( 8.673617379884035472E-18, 0.0004303200404216454009, 0.0008606400808432821282, 0.001290960121264918964, 0.001721280161686555583 ),
 .UNSPECIFIED. ) ;
#514 = VERTEX_POINT ( 'NONE', #3196 ) ;
#515 = CARTESIAN_POINT ( 'NONE',  ( 259.9314595141688642, 6.192406011881585570, 6.000000000000015987 ) ) ;
#516 = CARTESIAN_POINT ( 'NONE',  ( 380.9451362078095826, 1.782191041501096196, 371.1363182217974099 ) ) ;
#517 = CARTESIAN_POINT ( 'NONE',  ( 262.6275783517334617, 7.234558689140137666, 206.7602365372275699 ) ) ;
#518 = CARTESIAN_POINT ( 'NONE',  ( 279.0275191952568434, 4.622627196674815586, 6.803609966149783084 ) ) ;
#519 = CARTESIAN_POINT ( 'NONE',  ( 368.6906315469038873, 1.693433971360177814, 249.8200000000002206 ) ) ;
#520 = CARTESIAN_POINT ( 'NONE',  ( 281.3956593495217930, 4.599099658967118032, 6.500061542324390373 ) ) ;
#521 = CARTESIAN_POINT ( 'NONE',  ( 387.2214674436712585, 1.507022516181536487, 371.7300000000000182 ) ) ;
#522 = ORIENTED_EDGE ( 'NONE', *, *, #943, .F. ) ;
#523 = CARTESIAN_POINT ( 'NONE',  ( 324.5387806804784532, 2.156952244919360329, 371.7300000000000182 ) ) ;
#524 = DESIGN_CONTEXT ( 'detailed design', #4540, 'design' ) ;
#525 = CARTESIAN_POINT ( 'NONE',  ( 262.0309121635780798, 8.173576618675973293, 6.000000000000013323 ) ) ;
#526 = CARTESIAN_POINT ( 'NONE',  ( 269.5095866314375712, 5.717089158297000040, 6.799557486686400587 ) ) ;
#527 = CARTESIAN_POINT ( 'NONE',  ( 126.8671565340206087, 12.85816253956397404, 16.26807476028626809 ) ) ;
#528 = CARTESIAN_POINT ( 'NONE',  ( 134.2052359727585440, 12.63812992054083395, 23.14386643196623439 ) ) ;
#529 = CARTESIAN_POINT ( 'NONE',  ( 332.4660191074135582, 3.483807896121357661, 338.4201875563435920 ) ) ;
#530 = CARTESIAN_POINT ( 'NONE',  ( 294.9113058131828211, 4.521021519582714809, 81.65717803331526170 ) ) ;
#531 = VERTEX_POINT ( 'NONE', #5499 ) ;
#532 = CARTESIAN_POINT ( 'NONE',  ( 387.7454693069067844, 3.365671187338276749, 371.2300000000000182 ) ) ;
#533 = EDGE_LOOP ( 'NONE', ( #1072, #1196, #2271, #6156, #7249, #4066, #7247 ) ) ;
#534 = CARTESIAN_POINT ( 'NONE',  ( 325.5438095049034928, 3.531095844258675509, 338.1018218439120346 ) ) ;
#535 = CARTESIAN_POINT ( 'NONE',  ( 212.9711029385074426, 9.210212766464078271, 6.885168444685470845 ) ) ;
#536 = CARTESIAN_POINT ( 'NONE',  ( 139.5512225527252781, 13.66794928869692960, 21.54922564750586389 ) ) ;
#537 = DIRECTION ( 'NONE',  ( -2.852665555794461035E-13, -0.9986483016480055541, -0.05197662566533232942 ) ) ;
#538 = EDGE_CURVE ( 'NONE', #5044, #3784, #1129, .T. ) ;
#539 = EDGE_CURVE ( 'NONE', #2010, #1539, #3518, .T. ) ;
#540 = EDGE_LOOP ( 'NONE', ( #3538, #3467, #4842, #6658 ) ) ;
#541 = CARTESIAN_POINT ( 'NONE',  ( 124.0884131487140110, 12.80204717557833582, 16.60000000000058407 ) ) ;
#542 = CARTESIAN_POINT ( 'NONE',  ( 347.4905476525081554, 3.890575558946593127, 371.7300000000006435 ) ) ;
#543 = CARTESIAN_POINT ( 'NONE',  ( 163.8430629490133583, 13.76928542506823305, 5.999999999999990230 ) ) ;
#544 = AXIS2_PLACEMENT_3D ( 'NONE', #2916, #5872, #2957 ) ;
#545 = CARTESIAN_POINT ( 'NONE',  ( 230.3842033677323116, 8.184210931359000796, 6.885311066737530794 ) ) ;
#546 = CARTESIAN_POINT ( 'NONE',  ( 143.3031337585283040, 12.86202617524786440, 6.992302544972473832 ) ) ;
#547 = CARTESIAN_POINT ( 'NONE',  ( 33.64070218465356277, 8.718099430542821437, 6.000000000000003553 ) ) ;
#548 = CARTESIAN_POINT ( 'NONE',  ( 273.3603511045610617, 5.360785743770025036, 21.19505840778630201 ) ) ;
#549 = ADVANCED_FACE ( 'NONE', ( #6456 ), #2559, .F. ) ;
#550 = CARTESIAN_POINT ( 'NONE',  ( 113.2855990396648735, 13.74362868733618193, 6.000000000000000888 ) ) ;
#551 = CARTESIAN_POINT ( 'NONE',  ( 285.2357229715550488, 3.623663238922508967, 20.95113839780756138 ) ) ;
#552 = VERTEX_POINT ( 'NONE', #6561 ) ;
#553 = CARTESIAN_POINT ( 'NONE',  ( 315.6817852320845645, 3.335085127798240734, 127.9100000000000250 ) ) ;
#554 = CARTESIAN_POINT ( 'NONE',  ( 117.1975477378476143, 13.03378447154972974, 7.326257343179962689 ) ) ;
#555 = CARTESIAN_POINT ( 'NONE',  ( 279.7387326777459293, 2.565838435947208840, 23.24999999999997513 ) ) ;
#556 = CARTESIAN_POINT ( 'NONE',  ( 280.2960510582888674, 4.656928058941072202, 6.582003879327327667 ) ) ;
#557 = CARTESIAN_POINT ( 'NONE',  ( 325.3860682007718310, -3.409815249131410209, 127.9100000000000250 ) ) ;
#558 = CARTESIAN_POINT ( 'NONE',  ( 281.3608834469890212, 4.618841452264360825, 6.500061483454757649 ) ) ;
#559 = CARTESIAN_POINT ( 'NONE',  ( 345.1644522910442561, 2.003995321063211321, 339.5294191361501248 ) ) ;
#560 = ORIENTED_EDGE ( 'NONE', *, *, #2047, .T. ) ;
#561 = CARTESIAN_POINT ( 'NONE',  ( 226.3779683274257764, 3.622562731215952070, 249.8199999999998511 ) ) ;
#562 = CARTESIAN_POINT ( 'NONE',  ( 249.5998497083351708, 8.844282561763789019, 6.000000000000008882 ) ) ;
#563 = CARTESIAN_POINT ( 'NONE',  ( 266.9939516629584091, 6.724968667003460077, 6.500052479605527900 ) ) ;
#564 = CARTESIAN_POINT ( 'NONE',  ( 278.9331503107862318, 4.726323972546006225, 23.24999999999993960 ) ) ;
#565 = AXIS2_PLACEMENT_3D ( 'NONE', #3997, #6279, #4600 ) ;
#566 = CARTESIAN_POINT ( 'NONE',  ( 272.9394553642746359, 4.997653033270278655, 7.530217062671814787 ) ) ;
#567 = CARTESIAN_POINT ( 'NONE',  ( 140.4949036349341043, 13.45405998296379302, 21.65004368555376146 ) ) ;
#568 = CARTESIAN_POINT ( 'NONE',  ( 162.3760038627851827, 13.84295935163748226, 5.999999999999991118 ) ) ;
#569 = CIRCLE ( 'NONE', #1639, 1.989792913342968816 ) ;
#570 = CARTESIAN_POINT ( 'NONE',  ( 387.4640957350559916, 3.386497980347380921, 371.2319894809256198 ) ) ;
#571 = EDGE_LOOP ( 'NONE', ( #189, #6998, #5191, #1810 ) ) ;
#572 = CARTESIAN_POINT ( 'NONE',  ( 209.4770046422699465, 9.209255675182406620, 7.374323237539901932 ) ) ;
#573 = CARTESIAN_POINT ( 'NONE',  ( 398.3596031852032979, 0.4285986541758806667, 371.0333607642077709 ) ) ;
#574 = CARTESIAN_POINT ( 'NONE',  ( 384.4775133208966054, 3.602765250081168880, 371.2300000000000750 ) ) ;
#575 = CIRCLE ( 'NONE', #2222, 1.463465304664510747 ) ;
#576 = VERTEX_POINT ( 'NONE', #5340 ) ;
#577 = CARTESIAN_POINT ( 'NONE',  ( 204.6007522654082891, 9.233407717198238274, 128.2433333333333394 ) ) ;
#578 = VERTEX_POINT ( 'NONE', #4244 ) ;
#579 = CARTESIAN_POINT ( 'NONE',  ( 160.2093096119010625, 12.86504566400296845, 6.500000000538227241 ) ) ;
#580 = ADVANCED_FACE ( 'NONE', ( #895 ), #3147, .F. ) ;
#581 = CARTESIAN_POINT ( 'NONE',  ( 143.2976325753008666, 12.73391974280394834, 7.366516427696361724 ) ) ;
#582 = CARTESIAN_POINT ( 'NONE',  ( 41.82106633053273725, 10.42229177236071358, 5.999999999999997335 ) ) ;
#583 = DIRECTION ( 'NONE',  ( 0.000000000000000000, 0.000000000000000000, -1.000000000000000000 ) ) ;
#584 = CARTESIAN_POINT ( 'NONE',  ( 128.7353532436712840, 12.60224973350936217, 23.13808575714297788 ) ) ;
#585 = CARTESIAN_POINT ( 'NONE',  ( 262.2635275644099124, 7.212096754875092941, 249.8200000000001637 ) ) ;
#586 = CARTESIAN_POINT ( 'NONE',  ( 263.8759719363414433, 6.973199570974130346, 6.500000235663057957 ) ) ;
#587 = ORIENTED_EDGE ( 'NONE', *, *, #6477, .T. ) ;
#588 = CARTESIAN_POINT ( 'NONE',  ( 391.2454693069111613, 3.101008161908155092, 371.2300000000000182 ) ) ;
#589 = CARTESIAN_POINT ( 'NONE',  ( 350.4126305888217416, 3.153374131859941087, 371.1710206818347615 ) ) ;
#590 = CARTESIAN_POINT ( 'NONE',  ( 122.4081531367318121, 13.74376342016227248, 6.570461894630551747 ) ) ;
#591 = CARTESIAN_POINT ( 'NONE',  ( 126.2820821696120106, 12.70813215889677217, 20.24935610727774460 ) ) ;
#592 = CARTESIAN_POINT ( 'NONE',  ( 280.3793083846263130, 4.911954507837906547, 6.498563779811932228 ) ) ;
#593 = CARTESIAN_POINT ( 'NONE',  ( 326.5068981556605081, -1.225551634845164939, 127.9099999999999966 ) ) ;
#594 = CARTESIAN_POINT ( 'NONE',  ( 281.1644964811416685, 4.245993458220353567, 6.587962711237755009 ) ) ;
#595 = CARTESIAN_POINT ( 'NONE',  ( 390.7999820432905835, 1.237729986058820231, 371.4681796011129791 ) ) ;
#596 = ORIENTED_EDGE ( 'NONE', *, *, #6151, .T. ) ;
#597 = CARTESIAN_POINT ( 'NONE',  ( 146.8942232433259392, 12.52373830735125182, 21.28069409185837912 ) ) ;
#598 = CARTESIAN_POINT ( 'NONE',  ( 238.9041531352099241, 5.300265507563579170, 249.8199999999998511 ) ) ;
#599 =( BOUNDED_SURFACE ( )  B_SPLINE_SURFACE ( 3, 2, ( 
 ( #3770, #1548, #1621 ),
 ( #3205, #1583, #4444 ),
 ( #991, #1102, #5047 ),
 ( #3844, #6164, #3804 ) ),
 .UNSPECIFIED., .F., .F., .T. ) 
 B_SPLINE_SURFACE_WITH_KNOTS ( ( 4, 4 ),
 ( 3, 3 ),
 ( 0.000000000000000000, 0.01783275930630132469 ),
 ( 0.000000000000000000, 1.000000000000000000 ),
 .UNSPECIFIED. ) 
 GEOMETRIC_REPRESENTATION_ITEM ( )  RATIONAL_B_SPLINE_SURFACE ( (
 ( 1.000000000000000000, 0.7071990210256428044, 1.000000000000000000),
 ( 1.000000000000000000, 0.7072508424370502755, 1.000000000000000000),
 ( 1.000000000000000000, 0.7073024957634732601, 1.000000000000000000),
 ( 1.000000000000000000, 0.7073539835994041569, 1.000000000000000000) ) ) 
 REPRESENTATION_ITEM ( '' )  SURFACE ( )  );
#600 = CARTESIAN_POINT ( 'NONE',  ( 373.2162579752549618, 4.324473414603835053, 371.7300000000001319 ) ) ;
#601 = CARTESIAN_POINT ( 'NONE',  ( 266.8947301755436001, 5.717033047654507705, 7.387362321557059630 ) ) ;
#602 = CARTESIAN_POINT ( 'NONE',  ( 280.0447099288602431, 4.540783803027937715, 21.20171975784105811 ) ) ;
#603 = CARTESIAN_POINT ( 'NONE',  ( 286.7054818408154233, 0.8184944994161305054, 20.63695055905518672 ) ) ;
#604 = CARTESIAN_POINT ( 'NONE',  ( 271.2395356775139703, 5.499534658049856972, 6.800225550514083395 ) ) ;
#605 = CARTESIAN_POINT ( 'NONE',  ( 185.6235665086183531, 10.08584641974600160, 97.50204359770309281 ) ) ;
#606 = B_SPLINE_CURVE_WITH_KNOTS ( 'NONE', 3,
 ( #4045, #1226, #3475, #5214 ),
 .UNSPECIFIED., .F., .F.,
 ( 4, 4 ),
 ( 0.000000000000000000, 0.0005000037398871341483 ),
 .UNSPECIFIED. ) ;
#607 = CARTESIAN_POINT ( 'NONE',  ( 281.1981638521955915, 2.978104968155888876, 6.500000000022197355 ) ) ;
#608 = CARTESIAN_POINT ( 'NONE',  ( 327.1782572387404002, 3.728535733921586548, 340.6869350614980476 ) ) ;
#609 = CARTESIAN_POINT ( 'NONE',  ( 326.7092532627517585, 3.529107475547371475, 338.1038837070616978 ) ) ;
#610 = ORIENTED_EDGE ( 'NONE', *, *, #3579, .T. ) ;
#611 = DIRECTION ( 'NONE',  ( -2.775557561562891351E-13, -1.000000000000000000, 0.000000000000000000 ) ) ;
#612 = CARTESIAN_POINT ( 'NONE',  ( 213.0180701563725165, 10.01868746264554133, 6.500051567240812567 ) ) ;
#613 = CARTESIAN_POINT ( 'NONE',  ( 140.4575174388160121, 12.77268317975279643, 23.03572869528562350 ) ) ;
#614 = CARTESIAN_POINT ( 'NONE',  ( 119.6626363359130920, 12.90438799248681967, 11.60000000000059828 ) ) ;
#615 = CARTESIAN_POINT ( 'NONE',  ( 332.5766904567805113, -2.740179691673576556, 172.2509978513061526 ) ) ;
#616 = ORIENTED_EDGE ( 'NONE', *, *, #3720, .F. ) ;
#617 = DIRECTION ( 'NONE',  ( 0.000000000000000000, -0.0003598203108568329579, -0.9999999352646697925 ) ) ;
#618 = VERTEX_POINT ( 'NONE', #2712 ) ;
#619 = CARTESIAN_POINT ( 'NONE',  ( 263.3759731210270161, 8.083853833194812211, 5.999999999999991118 ) ) ;
#620 = CARTESIAN_POINT ( 'NONE',  ( 145.0426746791745529, 12.78290236585282535, 6.993452848278780110 ) ) ;
#621 = CARTESIAN_POINT ( 'NONE',  ( 121.6449177278646800, 5.340430929751938116, 127.9099999999999966 ) ) ;
#622 = CARTESIAN_POINT ( 'NONE',  ( 123.9108150636869681, 13.58278385399380817, 16.61188596308695864 ) ) ;
#623 = CARTESIAN_POINT ( 'NONE',  ( 139.2392724015875274, 13.47428807688939756, 21.42166330821919829 ) ) ;
#624 = CARTESIAN_POINT ( 'NONE',  ( 399.4761837891369964, 0.2751099174882307152, 371.2300000000000750 ) ) ;
#625 = CARTESIAN_POINT ( 'NONE',  ( 327.7860354762783004, 3.933608825666553344, 341.6482234053794400 ) ) ;
#626 = ORIENTED_EDGE ( 'NONE', *, *, #1535, .F. ) ;
#627 = CARTESIAN_POINT ( 'NONE',  ( 260.3217364650562899, 8.264432510896220663, 6.261336524312762108 ) ) ;
#628 = CARTESIAN_POINT ( 'NONE',  ( 350.4143311100340270, 3.244087906448147596, 371.2305665875366003 ) ) ;
#629 = CARTESIAN_POINT ( 'NONE',  ( 117.1786381078134411, 13.66139444618604593, 6.569066017701305604 ) ) ;
#630 = CARTESIAN_POINT ( 'NONE',  ( 140.2660310734686959, 12.86328437616071874, 22.95899757498758120 ) ) ;
#631 = CARTESIAN_POINT ( 'NONE',  ( 278.5780158879446731, 4.391969667385124509, 7.396967524169711261 ) ) ;
#632 = CARTESIAN_POINT ( 'NONE',  ( 362.2454693069065002, 4.830199118483387899, 371.2300000000000750 ) ) ;
#633 = B_SPLINE_SURFACE_WITH_KNOTS ( 'NONE', 3, 3, ( 
 ( #5749, #2423, #232, #6431 ),
 ( #1251, #3609, #5863, #1807 ),
 ( #2488, #1290, #4108, #795 ),
 ( #4219, #4069, #6466, #1361 ),
 ( #766, #4672, #4635, #2390 ),
 ( #160, #6501, #1395, #4776 ),
 ( #7056, #6986, #3018, #5896 ),
 ( #3540, #5830, #730, #3501 ),
 ( #4709, #2981, #1948, #5274 ),
 ( #5313, #653, #2907, #5197 ),
 ( #5789, #2947, #5240, #5935 ),
 ( #1531, #2560, #4920, #2118 ),
 ( #1461, #4291, #5491, #4808 ),
 ( #7090, #6606, #5966, #4845 ),
 ( #3190, #3789, #1981, #1494 ),
 ( #3718, #3646, #3753, #6036 ) ),
 .UNSPECIFIED., .F., .F., .F.,
 ( 4, 1, 1, 1, 2, 1, 1, 1, 1, 1, 1, 1, 4 ),
 ( 4, 4 ),
 ( 0.000000000000000000, 0.1742611076653079460, 0.3485222153306158921, 0.5227833229959237826, 0.6970444306612317842, 0.7349138768285775614, 0.7727833229959237826, 0.8106527691632701149, 0.8485222153306157811, 0.8863916614979616693, 0.9242611076653078905, 0.9621305538326542228, 1.000000000000000000 ),
 ( 0.000000000000000000, 1.000000000000000000 ),
 .UNSPECIFIED. ) ;
#634 = EDGE_CURVE ( 'NONE', #163, #6022, #6246, .T. ) ;
#635 = CARTESIAN_POINT ( 'NONE',  ( 281.1540227214600236, 4.252149740728224714, 6.587880818937843053 ) ) ;
#636 = VERTEX_POINT ( 'NONE', #3912 ) ;
#637 = DIRECTION ( 'NONE',  ( 0.000000000000000000, 0.000000000000000000, -1.000000000000000000 ) ) ;
#638 = CARTESIAN_POINT ( 'NONE',  ( 361.8529024167208945, 2.753257681629234455, 371.7300000000000750 ) ) ;
#639 = CARTESIAN_POINT ( 'NONE',  ( 386.3257529426065275, 3.476930434190589558, 371.7300000000000750 ) ) ;
#640 = CARTESIAN_POINT ( 'NONE',  ( 268.6352518872745350, 5.729717450097100873, 6.894500664338805151 ) ) ;
#641 = CARTESIAN_POINT ( 'NONE',  ( 283.6791100628333311, 2.116052603052415382, 23.25000000000004974 ) ) ;
#642 = CARTESIAN_POINT ( 'NONE',  ( 284.6996192206983096, 0.9851268863326863023, 23.24999999999993605 ) ) ;
#643 = CARTESIAN_POINT ( 'NONE',  ( 272.9418464149429155, 5.016783841387657539, 7.261016110255114953 ) ) ;
#644 = DIRECTION ( 'NONE',  ( -0.000000000000000000, -1.000000000000000000, -0.000000000000000000 ) ) ;
#645 = ADVANCED_FACE ( 'NONE', ( #5039 ), #1541, .F. ) ;
#646 = CARTESIAN_POINT ( 'NONE',  ( 281.4834052116846692, 2.547193247374659908, 6.499999999955281993 ) ) ;
#647 = EDGE_CURVE ( 'NONE', #14, #477, #6293, .T. ) ;
#648 = CARTESIAN_POINT ( 'NONE',  ( 312.7152442847992688, 3.894141550632982618, 135.7903980052973338 ) ) ;
#649 = DIRECTION ( 'NONE',  ( 2.668805347656629637E-16, 0.000000000000000000, 1.000000000000000000 ) ) ;
#650 = ORIENTED_EDGE ( 'NONE', *, *, #963, .F. ) ;
#651 = CARTESIAN_POINT ( 'NONE',  ( 240.8529058166533616, 7.958031661056057970, 6.574143758266236759 ) ) ;
#652 = CARTESIAN_POINT ( 'NONE',  ( 206.0229474514899835, 9.909576041346205955, 6.623706563921523127 ) ) ;
#653 = CARTESIAN_POINT ( 'NONE',  ( 266.0036851751572726, 7.201381178892980017, 249.8199999999999363 ) ) ;
#654 = CARTESIAN_POINT ( 'NONE',  ( 130.3759731210269592, 15.18348515068092830, 6.500000000000005329 ) ) ;
#655 = B_SPLINE_CURVE_WITH_KNOTS ( 'NONE', 3,
 ( #3245, #1588, #5673, #574, #2824, #5115, #11, #4593, #4777, #6357, #2459 ),
 .UNSPECIFIED., .F., .F.,
 ( 4, 1, 1, 1, 1, 1, 1, 1, 4 ),
 ( 0.02296429520273952224, 0.02416098582599770020, 0.02583646971469457862, 0.02751195360339145357, 0.03086292138078523817, 0.03421388915817901583, 0.03756485693557277267, 0.04091582471296653645, 0.04400320616267006102 ),
 .UNSPECIFIED. ) ;
#656 = EDGE_CURVE ( 'NONE', #7113, #763, #152, .T. ) ;
#657 = DIRECTION ( 'NONE',  ( 7.872788388366891818E-31, 0.0003598203108568317652, 0.9999999352646700146 ) ) ;
#658 = VERTEX_POINT ( 'NONE', #3234 ) ;
#659 = CARTESIAN_POINT ( 'NONE',  ( 141.5639097920070810, 12.93004241931655329, 6.990842599711015737 ) ) ;
#660 = CARTESIAN_POINT ( 'NONE',  ( 39.76851669517407828, 10.02995227001019707, 6.000000000000002665 ) ) ;
#661 = CARTESIAN_POINT ( 'NONE',  ( 284.1251993138165517, 4.069046621117248463, 21.11642049272352750 ) ) ;
#662 = CARTESIAN_POINT ( 'NONE',  ( 139.3086607854555723, 13.47114644891723323, 21.53547525897851855 ) ) ;
#663 = CARTESIAN_POINT ( 'NONE',  ( 125.0339412330542785, 12.51035131983357473, 20.96674312884173474 ) ) ;
#664 = CARTESIAN_POINT ( 'NONE',  ( 263.7093056892306322, 6.984036878114040725, 6.499999840769008053 ) ) ;
#665 = B_SPLINE_CURVE_WITH_KNOTS ( 'NONE', 3,
 ( #3664, #3625, #5949, #3103, #287 ),
 .UNSPECIFIED., .F., .F.,
 ( 4, 1, 4 ),
 ( 0.7386028693188445571, 0.7419604786894080650, 0.7440533081331002219 ),
 .UNSPECIFIED. ) ;
#666 = ORIENTED_EDGE ( 'NONE', *, *, #2620, .F. ) ;
#667 = CARTESIAN_POINT ( 'NONE',  ( 260.1373430639756634, 8.274518124785570805, 6.445743750088540835 ) ) ;
#668 = CARTESIAN_POINT ( 'NONE',  ( 354.7828039883353313, 3.195086715744097638, 371.2299882884756812 ) ) ;
#669 = CARTESIAN_POINT ( 'NONE',  ( 118.9249513834038225, 13.47280279826427574, 6.687064215245364984 ) ) ;
#670 = CARTESIAN_POINT ( 'NONE',  ( 340.3811953480753800, 0.07214397698057463393, 206.5000000000000284 ) ) ;
#671 = CARTESIAN_POINT ( 'NONE',  ( 278.6028825807816247, 4.585604007982879260, 6.896343186110706291 ) ) ;
#672 = CARTESIAN_POINT ( 'NONE',  ( 125.6003577581310822, 13.78041896492078067, 11.60000000000058584 ) ) ;
#673 = CARTESIAN_POINT ( 'NONE',  ( 281.4072410893073766, 4.592522427036322519, 6.500061542678211346 ) ) ;
#674 = CARTESIAN_POINT ( 'NONE',  ( 366.2454515328071238, 2.774568263804544799, 371.2299999924274516 ) ) ;
#675 = EDGE_LOOP ( 'NONE', ( #3075, #274, #4886, #7223, #6843, #346, #4318, #4302, #2289, #2987, #903 ) ) ;
#676 = CARTESIAN_POINT ( 'NONE',  ( 345.6213431424546911, 2.285908251303632177, 339.0977112219379137 ) ) ;
#677 = CARTESIAN_POINT ( 'NONE',  ( 283.3252872998614862, 6.261687184053024602, 249.8200000000000500 ) ) ;
#678 = CARTESIAN_POINT ( 'NONE',  ( 134.7506420431129754, 15.13491802878620440, 6.000000000000003553 ) ) ;
#679 = EDGE_CURVE ( 'NONE', #6111, #384, #3345, .T. ) ;
#680 = CARTESIAN_POINT ( 'NONE',  ( 268.7145847508127758, 6.408422430254903546, 6.498674226230805928 ) ) ;
#681 = CARTESIAN_POINT ( 'NONE',  ( 283.2562323684271064, 4.297381448847854557, 23.25000000000742162 ) ) ;
#682 = CARTESIAN_POINT ( 'NONE',  ( 285.9164253076963291, 3.717095322630697751, 23.24999999999864286 ) ) ;
#683 = CARTESIAN_POINT ( 'NONE',  ( 271.3140950124286519, 6.085151285881913452, 6.498668135294922266 ) ) ;
#684 = CARTESIAN_POINT ( 'NONE',  ( 168.8796091600806903, 10.25445937753625536, 90.31494762968007706 ) ) ;
#685 = CARTESIAN_POINT ( 'NONE',  ( 281.1098005303509808, 3.879968629634940491, 6.844734536547493420 ) ) ;
#686 = CARTESIAN_POINT ( 'NONE',  ( 283.1679721477401586, 2.087129240116069262, 6.500000000000102141 ) ) ;
#687 = CARTESIAN_POINT ( 'NONE',  ( 327.5372311702397496, 3.915489168527567010, 341.2547037553976566 ) ) ;
#688 = CARTESIAN_POINT ( 'NONE',  ( 260.0266335476442237, 7.193776513915878468, 5.999999999999985789 ) ) ;
#689 = ORIENTED_EDGE ( 'NONE', *, *, #5391, .T. ) ;
#690 = CIRCLE ( 'NONE', #323, 0.2000000000000000944 ) ;
#691 = CARTESIAN_POINT ( 'NONE',  ( 216.4459124190260866, 8.880752972833438008, 7.120014361178824025 ) ) ;
#692 = DIRECTION ( 'NONE',  ( -0.9396180506249006692, -9.709522240036577548E-15, 0.3422249537071509473 ) ) ;
#693 = CARTESIAN_POINT ( 'NONE',  ( 346.9209138575576503, 2.236319953051020271, 341.1453342796904735 ) ) ;
#694 = B_SPLINE_CURVE_WITH_KNOTS ( 'NONE', 3,
 ( #1207, #119, #3456, #5744, #4029, #5150 ),
 .UNSPECIFIED., .F., .F.,
 ( 4, 2, 4 ),
 ( 1.734723475976807094E-18, 0.0001606136824478582499, 0.0003212273648957147650 ),
 .UNSPECIFIED. ) ;
#695 = VECTOR ( 'NONE', #2293, 1000.000000000000000 ) ;
#696 = CARTESIAN_POINT ( 'NONE',  ( 282.2766403289050459, 1.730857218499564087, 7.793547550115199840 ) ) ;
#697 = ORIENTED_EDGE ( 'NONE', *, *, #2628, .T. ) ;
#698 = ADVANCED_FACE ( 'NONE', ( #5640 ), #4887, .T. ) ;
#699 = CARTESIAN_POINT ( 'NONE',  ( 146.8010150908829985, 13.07147319835062582, 6.622976759177887196 ) ) ;
#700 = CARTESIAN_POINT ( 'NONE',  ( 310.7600143805170774, 1.775724950242986599, 371.7300000000000182 ) ) ;
#701 = AXIS2_PLACEMENT_3D ( 'NONE', #3924, #4981, #6205 ) ;
#702 = CARTESIAN_POINT ( 'NONE',  ( 123.1266552337671669, 13.53460140479209706, 17.27332848317053404 ) ) ;
#703 = CARTESIAN_POINT ( 'NONE',  ( 122.7705455929499436, 11.10474150304206020, 19.88179999999999836 ) ) ;
#704 = B_SPLINE_CURVE_WITH_KNOTS ( 'NONE', 3,
 ( #3888, #3435, #2287, #5087, #624, #4003 ),
 .UNSPECIFIED., .F., .F.,
 ( 4, 2, 4 ),
 ( 0.000000000000000000, 0.0006937661787014140838, 0.001387532357402828168 ),
 .UNSPECIFIED. ) ;
#705 = CARTESIAN_POINT ( 'NONE',  ( 233.2429148147653279, 9.901587656609384780, 6.499999999999998224 ) ) ;
#706 = CARTESIAN_POINT ( 'NONE',  ( 346.2866237812068562, 3.902114075344547572, 371.7300000000000182 ) ) ;
#707 = ORIENTED_EDGE ( 'NONE', *, *, #6547, .F. ) ;
#708 = CARTESIAN_POINT ( 'NONE',  ( 259.8759731210269024, 8.287972762200787713, 6.499999999999989342 ) ) ;
#709 = CARTESIAN_POINT ( 'NONE',  ( 346.0483688874732593, 3.223960553522932759, 371.2086245919038561 ) ) ;
#710 = CARTESIAN_POINT ( 'NONE',  ( 122.4069152939874385, 13.99323117506887826, 6.498768355194695090 ) ) ;
#711 = CARTESIAN_POINT ( 'NONE',  ( 141.5594711044312817, 12.67517552899018440, 20.22463334682655045 ) ) ;
#712 = CARTESIAN_POINT ( 'NONE',  ( 285.5575923186665932, 4.000770584876028657, 23.25000000000030553 ) ) ;
#713 = DIRECTION ( 'NONE',  ( 2.852665555794461540E-13, 0.9986106385679168751, -0.05269528004458473580 ) ) ;
#714 = CARTESIAN_POINT ( 'NONE',  ( 281.0755114254313867, 4.008388360867141564, 6.735525294361089266 ) ) ;
#715 = CARTESIAN_POINT ( 'NONE',  ( 387.2454693069067275, 1.505132573953877451, 371.2299999999999613 ) ) ;
#716 = VERTEX_POINT ( 'NONE', #534 ) ;
#717 = CARTESIAN_POINT ( 'NONE',  ( 146.3889253751372053, 12.54457136024086061, 20.70667804889889396 ) ) ;
#718 = CARTESIAN_POINT ( 'NONE',  ( 111.7245756220219448, 12.88876204237790368, 5.999999999999989342 ) ) ;
#719 = CARTESIAN_POINT ( 'NONE',  ( 284.9411126146759443, 4.063517176241421502, 23.25000000000881428 ) ) ;
#720 = CARTESIAN_POINT ( 'NONE',  ( 284.8310239781438327, 0.4796254343926210639, 23.25000000000004263 ) ) ;
#721 = CARTESIAN_POINT ( 'NONE',  ( 126.4045533044214693, 12.53233419072210353, 23.13456245308336889 ) ) ;
#722 = CARTESIAN_POINT ( 'NONE',  ( 280.9818219936801711, 3.762499445325927283, 7.083914755759026072 ) ) ;
#723 = CARTESIAN_POINT ( 'NONE',  ( 281.0733262876781851, 3.578012358435281204, 7.721589561063036733 ) ) ;
#724 = CARTESIAN_POINT ( 'NONE',  ( 281.4729466143471655, 4.542449873212700773, 6.499999999999992006 ) ) ;
#725 = EDGE_CURVE ( 'NONE', #5251, #6425, #421, .T. ) ;
#726 = CARTESIAN_POINT ( 'NONE',  ( 263.3759731210270161, 7.005711497204469396, 6.500000235663057957 ) ) ;
#727 = EDGE_LOOP ( 'NONE', ( #5952, #7173, #928, #522 ) ) ;
#728 = CARTESIAN_POINT ( 'NONE',  ( 240.8204410535031741, 7.461424765696944128, 6.999004606406933782 ) ) ;
#729 = CARTESIAN_POINT ( 'NONE',  ( 216.4414463450393669, 8.804940144139294489, 7.374927861520915506 ) ) ;
#730 = CARTESIAN_POINT ( 'NONE',  ( 190.8413751390335733, 10.48403270643350460, 127.9100000000000819 ) ) ;
#731 = CARTESIAN_POINT ( 'NONE',  ( 378.8078468819170439, 1.192920890942235079, 317.2704297937754632 ) ) ;
#732 = CARTESIAN_POINT ( 'NONE',  ( 284.2455738023007825, 0.5197621282198163772, 6.499999999999971578 ) ) ;
#733 = CARTESIAN_POINT ( 'NONE',  ( 281.0619744445084507, 4.762793447084289866, 6.500000000000088818 ) ) ;
#734 = EDGE_CURVE ( 'NONE', #5581, #5963, #1228, .T. ) ;
#735 = ORIENTED_EDGE ( 'NONE', *, *, #1407, .F. ) ;
#736 = CARTESIAN_POINT ( 'NONE',  ( 157.2309304304125703, 12.14549982500401093, 6.995824320377618477 ) ) ;
#737 = CARTESIAN_POINT ( 'NONE',  ( 18.80457793182649340, 3.490077612194452339, 6.000000000000001776 ) ) ;
#738 = CARTESIAN_POINT ( 'NONE',  ( 333.9338660171868582, 4.867232740705273564, 340.3752461531673816 ) ) ;
#739 = DIRECTION ( 'NONE',  ( -5.284285345504611064E-13, 1.000000000000000000, 0.000000000000000000 ) ) ;
#740 = CARTESIAN_POINT ( 'NONE',  ( 139.3780491692845942, 13.46800482097611251, 21.64928720976259413 ) ) ;
#741 = PERSON_AND_ORGANIZATION ( #4480, #4021 ) ;
#742 = EDGE_CURVE ( 'NONE', #2452, #576, #3246, .T. ) ;
#743 = CARTESIAN_POINT ( 'NONE',  ( 113.9823378294353944, 13.77083807210400934, 6.000000000000001776 ) ) ;
#744 = VERTEX_POINT ( 'NONE', #3319 ) ;
#745 = CARTESIAN_POINT ( 'NONE',  ( 260.0079480293323400, 8.281287513589628446, 6.500000000000003553 ) ) ;
#746 = CARTESIAN_POINT ( 'NONE',  ( 161.3759973731894775, 13.89334309749528096, 6.499999999999992006 ) ) ;
#747 = CARTESIAN_POINT ( 'NONE',  ( 131.1237715606839345, 13.27468417712273130, 6.872957805262412734 ) ) ;
#748 = DIRECTION ( 'NONE',  ( -0.9996804089882171951, 0.02528002937401454056, -0.000000000000000000 ) ) ;
#749 = DIRECTION ( 'NONE',  ( -0.5342536612673874918, 0.02411902064388980055, -0.8449800579099906450 ) ) ;
#750 = ADVANCED_FACE ( 'NONE', ( #5123 ), #2543, .T. ) ;
#751 = CARTESIAN_POINT ( 'NONE',  ( 410.1287572015110641, 1.473455003713625588, 371.2300000000000182 ) ) ;
#752 = ORIENTED_EDGE ( 'NONE', *, *, #91, .T. ) ;
#753 = CARTESIAN_POINT ( 'NONE',  ( 148.8188442519424655, 12.47248418756868382, 6.000000000000007105 ) ) ;
#754 = CARTESIAN_POINT ( 'NONE',  ( 283.7753693529952557, 4.141713463123640082, 21.14713272440682346 ) ) ;
#755 = CARTESIAN_POINT ( 'NONE',  ( 286.5001500309070366, 1.642914105496679378, 20.66355377033096019 ) ) ;
#756 = CARTESIAN_POINT ( 'NONE',  ( 275.5911575524416435, 4.978678411187624775, 6.797633747560245965 ) ) ;
#757 = CARTESIAN_POINT ( 'NONE',  ( 144.5595335973407032, 11.29550348417110506, 51.84926439712648971 ) ) ;
#758 = CARTESIAN_POINT ( 'NONE',  ( 281.4169307036208920, 4.420786114312733162, 6.498457738951513463 ) ) ;
#759 = CARTESIAN_POINT ( 'NONE',  ( 282.2681323754626419, 1.756606381530443572, 7.793026868154083076 ) ) ;
#760 = VERTEX_POINT ( 'NONE', #5387 ) ;
#761 = CARTESIAN_POINT ( 'NONE',  ( 280.8789045913418363, 3.728878917019559314, 7.361964710819196789 ) ) ;
#762 = PLANE ( 'NONE',  #4477 ) ;
#763 = VERTEX_POINT ( 'NONE', #5417 ) ;
#764 = B_SPLINE_CURVE_WITH_KNOTS ( 'NONE', 3,
 ( #4448, #6242, #4414, #6696, #3850, #1625 ),
 .UNSPECIFIED., .F., .F.,
 ( 4, 2, 4 ),
 ( 0.000000000000000000, 0.0003906866407567190658, 0.0007813732815134381317 ),
 .UNSPECIFIED. ) ;
#765 = CARTESIAN_POINT ( 'NONE',  ( 253.0092228051895518, 6.632591116278150345, 7.119790129183160232 ) ) ;
#766 = CARTESIAN_POINT ( 'NONE',  ( 347.4905476525081554, 3.890575558946593127, 371.7300000000006435 ) ) ;
#767 = CARTESIAN_POINT ( 'NONE',  ( 365.9843838618789391, 2.785985934810594422, 371.2840855555482449 ) ) ;
#768 = CARTESIAN_POINT ( 'NONE',  ( 281.3104366402836831, 4.635244395731739075, 6.499999999999991118 ) ) ;
#769 = CARTESIAN_POINT ( 'NONE',  ( 160.7300675546318587, 12.22280876276535189, 6.697404625053366978 ) ) ;
#770 = CARTESIAN_POINT ( 'NONE',  ( 215.8591302092862350, 3.463267801203973928, 249.8200000000000216 ) ) ;
#771 = EDGE_CURVE ( 'NONE', #501, #5354, #5937, .T. ) ;
#772 = DIRECTION ( 'NONE',  ( -2.775557561562889836E-13, -1.000000000000000000, 0.000000000000000000 ) ) ;
#773 = CARTESIAN_POINT ( 'NONE',  ( 243.3228480028023171, -43.07938103743692437, 371.2300000000000182 ) ) ;
#774 = ORIENTED_EDGE ( 'NONE', *, *, #2071, .T. ) ;
#775 = CARTESIAN_POINT ( 'NONE',  ( 332.5766904567813071, 0.06017994737835598990, 173.2499902897004063 ) ) ;
#776 = CARTESIAN_POINT ( 'NONE',  ( 131.1228364506417279, 13.19928071947999193, 6.981942508879794396 ) ) ;
#777 = CARTESIAN_POINT ( 'NONE',  ( 140.4394849743589475, 12.99520111287721846, 23.00615188334045769 ) ) ;
#778 = CARTESIAN_POINT ( 'NONE',  ( 280.5039181877744454, 4.109825192650880865, 6.936356198783482085 ) ) ;
#779 = DIRECTION ( 'NONE',  ( -2.856580399953362200E-13, -0.9999999352646699036, 0.0003598203108568317652 ) ) ;
#780 = CIRCLE ( 'NONE', #1377, 1.000000000000002887 ) ;
#781 = CARTESIAN_POINT ( 'NONE',  ( 132.2953156608950280, 11.20184977460055720, 22.48512136235262560 ) ) ;
#782 = ORIENTED_EDGE ( 'NONE', *, *, #6697, .F. ) ;
#783 = CARTESIAN_POINT ( 'NONE',  ( 356.3161343737401126, 2.930860719814333493, 371.7300000000001319 ) ) ;
#784 = CARTESIAN_POINT ( 'NONE',  ( 284.2822716530714047, 1.891113190722866433, 23.25000000000002842 ) ) ;
#785 = CARTESIAN_POINT ( 'NONE',  ( 276.0616831445043999, 5.264195987633155660, 6.575295365697199301 ) ) ;
#786 = LINE ( 'NONE', #5266, #4488 ) ;
#787 = CARTESIAN_POINT ( 'NONE',  ( 280.9190838341652352, 3.705967899776171581, 7.361693085128136360 ) ) ;
#788 = CARTESIAN_POINT ( 'NONE',  ( 333.1342230186305642, 4.679281236192132987, 340.4773381331143582 ) ) ;
#789 = ORIENTED_EDGE ( 'NONE', *, *, #7191, .F. ) ;
#790 = CARTESIAN_POINT ( 'NONE',  ( 338.9799286803497580, 3.723564596880806654, 341.6260939961747454 ) ) ;
#791 = CARTESIAN_POINT ( 'NONE',  ( 127.7869945358522159, 13.47346925733565115, 21.65252617440373228 ) ) ;
#792 = EDGE_LOOP ( 'NONE', ( #5571, #3437, #217, #5310 ) ) ;
#793 = CARTESIAN_POINT ( 'NONE',  ( 247.8151017154982867, 7.495864568101911374, 6.574128756010779284 ) ) ;
#794 = CARTESIAN_POINT ( 'NONE',  ( 226.9130977608520823, 8.577112190144569936, 6.698324805311644425 ) ) ;
#795 = CARTESIAN_POINT ( 'NONE',  ( 126.8561143867437977, 13.93055878446211260, 6.000000000000000000 ) ) ;
#796 = CARTESIAN_POINT ( 'NONE',  ( 332.5766904567812503, -0.1398200396745771235, 173.2500622537625929 ) ) ;
#797 = CIRCLE ( 'NONE', #3630, 1.663191211615423937 ) ;
#798 = CARTESIAN_POINT ( 'NONE',  ( 271.9443589291406624, 5.401527256670165755, 21.90470937766720283 ) ) ;
#799 = CARTESIAN_POINT ( 'NONE',  ( 281.8101828270083615, 2.676369337431898643, 7.765885335007367551 ) ) ;
#800 = ORIENTED_EDGE ( 'NONE', *, *, #2347, .F. ) ;
#801 = VECTOR ( 'NONE', #156, 1000.000000000000114 ) ;
#802 = DIRECTION ( 'NONE',  ( 2.856580399953362200E-13, 0.9999999352646697925, -0.0003598203108568317110 ) ) ;
#803 = CARTESIAN_POINT ( 'NONE',  ( 164.2395769926765752, 12.54021485543686509, 6.498714713312801372 ) ) ;
#804 = CARTESIAN_POINT ( 'NONE',  ( 20.77473417217176532, 4.682530409444024322, 5.999999999999989342 ) ) ;
#805 = AXIS2_PLACEMENT_3D ( 'NONE', #3727, #6047, #6116 ) ;
#806 = CARTESIAN_POINT ( 'NONE',  ( 206.9173451751725565, 8.176210638499938455, 127.9099999999999966 ) ) ;
#807 = CARTESIAN_POINT ( 'NONE',  ( 273.1848369445702360, 4.610878382031224021, 22.82619609203601385 ) ) ;
#808 = CARTESIAN_POINT ( 'NONE',  ( 124.5847737568011127, 12.65380250386861505, 20.25632042413646872 ) ) ;
#809 = APPROVAL_STATUS ( 'not_yet_approved' ) ;
#810 = ADVANCED_FACE ( 'NONE', ( #4110 ), #199, .F. ) ;
#811 = VECTOR ( 'NONE', #4140, 1000.000000000000000 ) ;
#812 = CARTESIAN_POINT ( 'NONE',  ( 402.0080351750979162, 2.213215783450615870, 371.2299999999999045 ) ) ;
#813 = CARTESIAN_POINT ( 'NONE',  ( 127.6406700734221431, 13.73051275695580742, 6.571145739532014751 ) ) ;
#814 = CARTESIAN_POINT ( 'NONE',  ( 141.6885639277745099, 14.92047454570629128, 5.999999999999992895 ) ) ;
#815 = CARTESIAN_POINT ( 'NONE',  ( 284.2455199428205788, -0.02819154775197863991, 6.499999999999994671 ) ) ;
#816 = CARTESIAN_POINT ( 'NONE',  ( 280.8572730616539275, 4.024052067241795427, 6.840567568848798352 ) ) ;
#817 = CARTESIAN_POINT ( 'NONE',  ( 353.3772517823448425, 5.099874924278308796, 371.2300000000001887 ) ) ;
#818 = APPROVAL_PERSON_ORGANIZATION ( #4771, #2859, #4252 ) ;
#819 = CARTESIAN_POINT ( 'NONE',  ( 326.4336229852136739, 4.497266769899707306, 339.5091893243857157 ) ) ;
#820 = ADVANCED_FACE ( 'NONE', ( #1293 ), #1858, .T. ) ;
#821 = ORIENTED_EDGE ( 'NONE', *, *, #3906, .F. ) ;
#822 = CARTESIAN_POINT ( 'NONE',  ( 214.6710393989949921, 8.898959392573045690, 5.999999999999987566 ) ) ;
#823 = CARTESIAN_POINT ( 'NONE',  ( 285.2853167807032264, 3.595426237260948898, 20.94852860554530238 ) ) ;
#824 = CARTESIAN_POINT ( 'NONE',  ( 276.5349450268898863, 5.609537696321931222, 6.500052464720933010 ) ) ;
#825 = FACE_OUTER_BOUND ( 'NONE', #170, .T. ) ;
#826 = CARTESIAN_POINT ( 'NONE',  ( 260.3759731210270161, 8.262420672463726135, 5.999999999999991118 ) ) ;
#827 = CARTESIAN_POINT ( 'NONE',  ( 281.1010089473397784, 3.648718016411371057, 7.222850783482313020 ) ) ;
#828 = CARTESIAN_POINT ( 'NONE',  ( 345.1699667713130566, 2.139755573700762081, 339.7194405814558991 ) ) ;
#829 = B_SPLINE_CURVE_WITH_KNOTS ( 'NONE', 3,
 ( #1185, #7368, #5939, #2795, #5355, #7060, #1952 ),
 .UNSPECIFIED., .F., .F.,
 ( 4, 1, 1, 1, 4 ),
 ( 8.654702775362148684E-05, 0.0007584533665404872768, 0.002591646295213920117, 0.004424839223887352957, 0.006106775573046928536 ),
 .UNSPECIFIED. ) ;
#830 = EDGE_LOOP ( 'NONE', ( #3711, #430 ) ) ;
#831 = CARTESIAN_POINT ( 'NONE',  ( 205.6731624871064525, 9.430749618022165492, 7.506105730401192666 ) ) ;
#832 = CARTESIAN_POINT ( 'NONE',  ( 129.8443464084676577, 5.102142178379526882, 127.9100000000000819 ) ) ;
#833 = ORIENTED_EDGE ( 'NONE', *, *, #3845, .T. ) ;
#834 = CARTESIAN_POINT ( 'NONE',  ( 411.4934777563483408, 0.1820918182392430307, 371.2300000000000750 ) ) ;
#835 = CARTESIAN_POINT ( 'NONE',  ( 247.8071267894610230, 7.373403409251609197, 6.624209312985884779 ) ) ;
#836 = CARTESIAN_POINT ( 'NONE',  ( 219.9608080952064881, 9.221803052116325006, 6.573920827147182067 ) ) ;
#837 = CARTESIAN_POINT ( 'NONE',  ( 126.4177476197376535, 12.99431732699745545, 11.72781193058526128 ) ) ;
#838 = CARTESIAN_POINT ( 'NONE',  ( 395.5365186544987637, -1.389955833136909513, 357.9352965947516623 ) ) ;
#839 = B_SPLINE_CURVE_WITH_KNOTS ( 'NONE', 3,
 ( #3577, #5864, #767, #3019, #4921, #2013 ),
 .UNSPECIFIED., .F., .F.,
 ( 4, 2, 4 ),
 ( 0.000000000000000000, 0.0003907177752385962519, 0.0007814355504771925039 ),
 .UNSPECIFIED. ) ;
#840 = CARTESIAN_POINT ( 'NONE',  ( 374.4630089442227927, -0.008231446135782919532, 265.0897956142636644 ) ) ;
#841 = CARTESIAN_POINT ( 'NONE',  ( 126.4045533044214693, 12.53233419072210353, 23.13456245308336889 ) ) ;
#842 = CARTESIAN_POINT ( 'NONE',  ( 171.1826560416396603, 11.69722705121235151, 6.697523653978393554 ) ) ;
#843 = CARTESIAN_POINT ( 'NONE',  ( 116.1584660546633643, 2.932587816213549026, 127.9099999999999966 ) ) ;
#844 = CARTESIAN_POINT ( 'NONE',  ( 210.4138413970802617, 8.084731856755244195, 127.9099999999999966 ) ) ;
#845 = CARTESIAN_POINT ( 'NONE',  ( 326.4685572580535791, 2.491400051230207247, 339.5644428810172712 ) ) ;
#846 = CARTESIAN_POINT ( 'NONE',  ( 364.7593091353862178, 4.731163321951581402, 371.2300000000000182 ) ) ;
#847 = COORDINATED_UNIVERSAL_TIME_OFFSET ( 1, 0, .AHEAD. ) ;
#848 = DIRECTION ( 'NONE',  ( 0.5204170735308782936, -0.02356355050722777275, 0.8535870363735907906 ) ) ;
#849 = CARTESIAN_POINT ( 'NONE',  ( 127.6382461027927917, 13.40559058565416528, 6.781351990724317602 ) ) ;
#850 = CARTESIAN_POINT ( 'NONE',  ( 332.1521236271982502, 5.787279092812982029, 249.8200000000001069 ) ) ;
#851 = CARTESIAN_POINT ( 'NONE',  ( 345.1644522910442561, 2.003995321063209101, 339.5294191361501248 ) ) ;
#852 = CARTESIAN_POINT ( 'NONE',  ( 285.2049012993292649, 3.622250024861885631, 20.83164009709291875 ) ) ;
#853 = CARTESIAN_POINT ( 'NONE',  ( 280.4430067428248776, 3.963580953254878914, 7.331618593699543496 ) ) ;
#854 = CARTESIAN_POINT ( 'NONE',  ( 140.4435737241330742, 12.45399953642490765, 23.24957464913133620 ) ) ;
#855 = CARTESIAN_POINT ( 'NONE',  ( 127.2642935249639891, 13.65355575412209177, 15.98302783424347240 ) ) ;
#856 = ORIENTED_EDGE ( 'NONE', *, *, #3571, .T. ) ;
#857 = CARTESIAN_POINT ( 'NONE',  ( 371.5365332439401413, 2.319306223734233452, 371.7300000000000182 ) ) ;
#858 = CARTESIAN_POINT ( 'NONE',  ( 270.4643803278177074, 6.329994293549109585, 6.500053142285409535 ) ) ;
#859 = CARTESIAN_POINT ( 'NONE',  ( 285.3011512485927597, 3.586539893795139378, 20.94851452826528160 ) ) ;
#860 = CARTESIAN_POINT ( 'NONE',  ( 276.0493316654894898, 5.141277341431321979, 6.626153742426335036 ) ) ;
#861 = CARTESIAN_POINT ( 'NONE',  ( 320.6224321932033376, 3.114849411343542318, 300.4300844893543854 ) ) ;
#862 = EDGE_CURVE ( 'NONE', #3911, #5354, #2181, .T. ) ;
#863 = CARTESIAN_POINT ( 'NONE',  ( 281.8051100664126807, 3.593932847061655611, 6.735607968480867846 ) ) ;
#864 = CARTESIAN_POINT ( 'NONE',  ( 282.1436170147059670, 0.1276582189266349532, 6.500000000002032152 ) ) ;
#865 = ORIENTED_EDGE ( 'NONE', *, *, #3358, .F. ) ;
#866 = CARTESIAN_POINT ( 'NONE',  ( 276.7027873554168309, 4.579543785250619337, 7.518793583585249074 ) ) ;
#867 = CARTESIAN_POINT ( 'NONE',  ( 214.3055781560573507, 0.2419367277209563127, 249.8200000000000500 ) ) ;
#868 = ORIENTED_EDGE ( 'NONE', *, *, #402, .F. ) ;
#869 = CARTESIAN_POINT ( 'NONE',  ( 410.1287572015110641, 1.473455003713625588, 371.2300000000000182 ) ) ;
#870 = CARTESIAN_POINT ( 'NONE',  ( 251.2735622636690493, 6.863040777137277004, 6.885578022790176611 ) ) ;
#871 = CARTESIAN_POINT ( 'NONE',  ( 126.8641247524688538, 12.98895199881125428, 11.93013052217974490 ) ) ;
#872 = B_SPLINE_CURVE_WITH_KNOTS ( 'NONE', 3,
 ( #5277, #5898, #6988, #798, #3055, #234, #4078, #1259, #353, #2607, #807, #7034, #3766, #6545, #3691, #3655 ),
 .UNSPECIFIED., .F., .F.,
 ( 4, 2, 2, 2, 2, 2, 2, 4 ),
 ( -9.328648729419239784E-06, 0.001043684266612889553, 0.001570190724283976715, 0.002096697181955064094, 0.002623203639626151690, 0.003149710097297238852, 0.003676216554968326881, 0.004202723012639414044 ),
 .UNSPECIFIED. ) ;
#873 = CARTESIAN_POINT ( 'NONE',  ( 118.8174050728990920, 13.68835174182089709, 11.13440070361514067 ) ) ;
#874 = CARTESIAN_POINT ( 'NONE',  ( 321.3416845543142131, -0.01998422791539553739, 112.8284940706426625 ) ) ;
#875 = ORIENTED_EDGE ( 'NONE', *, *, #3030, .T. ) ;
#876 = CARTESIAN_POINT ( 'NONE',  ( 320.4051757450387754, 2.590293080652214641, 127.9100000000000250 ) ) ;
#877 = CARTESIAN_POINT ( 'NONE',  ( 345.7517436496714254, 3.480677937169676994, 340.0222595910086625 ) ) ;
#878 = EDGE_CURVE ( 'NONE', #3917, #477, #872, .T. ) ;
#879 = CARTESIAN_POINT ( 'NONE',  ( 153.7492757276041004, 12.40497909141666888, 6.884433451784450320 ) ) ;
#880 = CARTESIAN_POINT ( 'NONE',  ( 345.4849635551586289, 2.035908914395464286, 339.3558090422679925 ) ) ;
#881 = CARTESIAN_POINT ( 'NONE',  ( 139.2885984192801345, 11.20761728854369998, 20.94089999999998852 ) ) ;
#882 = CYLINDRICAL_SURFACE ( 'NONE', #5425, 0.5000000000000004441 ) ;
#883 = CARTESIAN_POINT ( 'NONE',  ( 163.3759731210269877, 13.79274210926817723, 6.500000019107369020 ) ) ;
#884 = CARTESIAN_POINT ( 'NONE',  ( 129.3808013034648354, 13.22159177828245191, 6.980803339567676957 ) ) ;
#885 = CARTESIAN_POINT ( 'NONE',  ( 162.2669265444265250, 10.79675962470705386, 127.9100000000000819 ) ) ;
#886 = CYLINDRICAL_SURFACE ( 'NONE', #4731, 0.5000000000000004441 ) ;
#887 = CARTESIAN_POINT ( 'NONE',  ( 391.1725667438643086, 3.106710503264349388, 371.2353433349263696 ) ) ;
#888 = CARTESIAN_POINT ( 'NONE',  ( 399.6616410189827207, 0.1314171806098526352, 371.2300000000000750 ) ) ;
#889 = ORIENTED_EDGE ( 'NONE', *, *, #3986, .F. ) ;
#890 = CARTESIAN_POINT ( 'NONE',  ( 321.5629752753185926, 4.382200466364666092, 249.8200000000001637 ) ) ;
#891 = CARTESIAN_POINT ( 'NONE',  ( 394.0155211397554922, 0.8860388675386390300, 371.2096471570650920 ) ) ;
#892 = CARTESIAN_POINT ( 'NONE',  ( 346.3752513695514494, 4.096096029189965293, 361.1697482365643737 ) ) ;
#893 = CARTESIAN_POINT ( 'NONE',  ( 275.1250068412773544, 4.759814125306803589, 7.256872540746755362 ) ) ;
#894 = CARTESIAN_POINT ( 'NONE',  ( 363.7455844934132188, 2.881449006174271243, 371.7300000000000182 ) ) ;
#895 = FACE_OUTER_BOUND ( 'NONE', #4849, .T. ) ;
#896 = CARTESIAN_POINT ( 'NONE',  ( 281.6233673713974213, 4.136985868058143723, 6.528685210204248079 ) ) ;
#897 = FACE_OUTER_BOUND ( 'NONE', #5994, .T. ) ;
#898 = ORIENTED_EDGE ( 'NONE', *, *, #7283, .F. ) ;
#899 = CARTESIAN_POINT ( 'NONE',  ( 337.4165578884856131, 3.773264526022451548, 341.6291014839956688 ) ) ;
#900 = CARTESIAN_POINT ( 'NONE',  ( 280.8792884344359209, 3.742978156549270352, 7.652180023633842865 ) ) ;
#901 = ADVANCED_FACE ( 'NONE', ( #5904 ), #5976, .T. ) ;
#902 = AXIS2_PLACEMENT_3D ( 'NONE', #7092, #4747, #1983 ) ;
#903 = ORIENTED_EDGE ( 'NONE', *, *, #3136, .T. ) ;
#904 = PLANE ( 'NONE',  #452 ) ;
#905 = CARTESIAN_POINT ( 'NONE',  ( 247.7746690823256017, 6.875057414863730898, 7.509567488174377914 ) ) ;
#906 = CARTESIAN_POINT ( 'NONE',  ( 345.3214031589671436, 1.997255295147384757, 339.6551824858015038 ) ) ;
#907 = CARTESIAN_POINT ( 'NONE',  ( 163.7440063229292377, 12.68573903227595068, 6.499999999296988129 ) ) ;
#908 = CARTESIAN_POINT ( 'NONE',  ( 364.7593091353862178, 4.731163321951581402, 371.7300000000000182 ) ) ;
#909 = CARTESIAN_POINT ( 'NONE',  ( 387.3128664429176524, 1.500243723713377886, 371.2299999814980538 ) ) ;
#910 = CARTESIAN_POINT ( 'NONE',  ( 280.5970146941580765, 3.517917509360560135, 6.000000000000000000 ) ) ;
#911 = ORIENTED_EDGE ( 'NONE', *, *, #3503, .T. ) ;
#912 = CARTESIAN_POINT ( 'NONE',  ( 345.5564795646329799, 2.139499237550049227, 339.5289728472808974 ) ) ;
#913 = B_SPLINE_CURVE_WITH_KNOTS ( 'NONE', 3,
 ( #6002, #3191, #4882, #873 ),
 .UNSPECIFIED., .F., .F.,
 ( 4, 4 ),
 ( 0.001815838687535494423, 0.005957804624279560909 ),
 .UNSPECIFIED. ) ;
#914 = CARTESIAN_POINT ( 'NONE',  ( 185.0965767181753279, 10.59463075939239474, 7.240885904248548499 ) ) ;
#915 = CARTESIAN_POINT ( 'NONE',  ( 139.5512225527252781, 13.66794928869693315, 21.54922564750584257 ) ) ;
#916 = CARTESIAN_POINT ( 'NONE',  ( 145.2007342136763555, 11.06102495557810883, 22.00000000000000000 ) ) ;
#917 = ORIENTED_EDGE ( 'NONE', *, *, #2497, .T. ) ;
#918 = LINE ( 'NONE', #7101, #6617 ) ;
#919 = CARTESIAN_POINT ( 'NONE',  ( 395.7259533329352053, 2.747139142155095914, 371.2299999999999045 ) ) ;
#920 = CARTESIAN_POINT ( 'NONE',  ( 141.5877370159101929, 13.54736864371554539, 6.523617904109458188 ) ) ;
#921 = CARTESIAN_POINT ( 'NONE',  ( 188.8473038352490505, 11.74770647680811564, 127.9100000000000250 ) ) ;
#922 = AXIS2_PLACEMENT_3D ( 'NONE', #7167, #4850, #6076 ) ;
#923 = CARTESIAN_POINT ( 'NONE',  ( 263.3759731210270161, 8.088575804882376374, 5.999999999999991118 ) ) ;
#924 = FACE_OUTER_BOUND ( 'NONE', #5496, .T. ) ;
#925 = B_SPLINE_CURVE_WITH_KNOTS ( 'NONE', 3,
 ( #5878, #672, #176, #1193, #5175, #3557 ),
 .UNSPECIFIED., .F., .F.,
 ( 4, 1, 1, 4 ),
 ( 0.000000000000000000, 3.118137823357380666E-05, 0.004325148444325903341, 0.005949798616657660764 ),
 .UNSPECIFIED. ) ;
#926 = AXIS2_PLACEMENT_3D ( 'NONE', #1022, #5568, #1988 ) ;
#927 = CARTESIAN_POINT ( 'NONE',  ( 326.9587230574348382, 4.750836375496653829, 340.3397103066110958 ) ) ;
#928 = ORIENTED_EDGE ( 'NONE', *, *, #1629, .T. ) ;
#929 = CARTESIAN_POINT ( 'NONE',  ( 309.3306687350712423, 5.065100281293426931, 249.8200000000000500 ) ) ;
#930 = CARTESIAN_POINT ( 'NONE',  ( 278.8455924842936042, 5.300881358882966410, 233.4845917596203719 ) ) ;
#931 = AXIS2_PLACEMENT_3D ( 'NONE', #3494, #2477, #7045 ) ;
#932 = CARTESIAN_POINT ( 'NONE',  ( 278.6571094783841431, 5.007863197362596885, 6.576152539073172321 ) ) ;
#933 = CARTESIAN_POINT ( 'NONE',  ( 387.2454693069067275, 1.505132573953877451, 371.2299999999999613 ) ) ;
#934 = CARTESIAN_POINT ( 'NONE',  ( 281.9939699166511673, 3.926491295873343113, 6.528690574007109504 ) ) ;
#935 = VERTEX_POINT ( 'NONE', #3383 ) ;
#936 = CARTESIAN_POINT ( 'NONE',  ( 269.0399598901749414, 5.489071449342344700, 7.528221618006878835 ) ) ;
#937 = CARTESIAN_POINT ( 'NONE',  ( 31.53649268536349481, 6.067694903500329140, 5.999999999999997335 ) ) ;
#938 = ORIENTED_EDGE ( 'NONE', *, *, #1722, .T. ) ;
#939 = DIRECTION ( 'NONE',  ( 4.226928567360789971E-13, 1.000000000000000000, 0.000000000000000000 ) ) ;
#940 = CARTESIAN_POINT ( 'NONE',  ( 261.7531795288819580, 6.725155470607540487, 6.573757465830926350 ) ) ;
#941 = CARTESIAN_POINT ( 'NONE',  ( 345.1644352004764755, 2.003574570630768825, 339.6744085743785604 ) ) ;
#942 = CARTESIAN_POINT ( 'NONE',  ( 116.6045166664982844, 12.99436245774633036, 7.634400703614565131 ) ) ;
#943 = EDGE_CURVE ( 'NONE', #1505, #5843, #5199, .T. ) ;
#944 = CARTESIAN_POINT ( 'NONE',  ( 336.7640044843423652, -0.01657212915763053851, 157.0333880860657132 ) ) ;
#945 = VERTEX_POINT ( 'NONE', #2782 ) ;
#946 = PLANE ( 'NONE',  #83 ) ;
#947 = ORIENTED_EDGE ( 'NONE', *, *, #5018, .F. ) ;
#948 = CARTESIAN_POINT ( 'NONE',  ( 345.4617305729582313, 2.129180668870997994, 339.6238046626307323 ) ) ;
#949 = CARTESIAN_POINT ( 'NONE',  ( 159.9822535434680049, 13.96459019058991124, 6.488573916415145248 ) ) ;
#950 = CARTESIAN_POINT ( 'NONE',  ( 171.1625802755060306, 11.30839540422404355, 7.371559066575569474 ) ) ;
#951 = CARTESIAN_POINT ( 'NONE',  ( 133.4343895976064971, 13.94489276916027798, 11.51640854809793701 ) ) ;
#952 = B_SPLINE_CURVE_WITH_KNOTS ( 'NONE', 3,
 ( #1053, #493, #568, #4469 ),
 .UNSPECIFIED., .F., .F.,
 ( 4, 4 ),
 ( 0.5571854192197460698, 0.5626184873229272965 ),
 .UNSPECIFIED. ) ;
#953 = DIRECTION ( 'NONE',  ( -2.856580399953362200E-13, -0.9999999352646697925, 0.0003598203108568317110 ) ) ;
#954 = ADVANCED_FACE ( 'NONE', ( #4514 ), #5626, .F. ) ;
#955 = EDGE_LOOP ( 'NONE', ( #69, #3713, #5244, #4851, #689, #2718 ) ) ;
#956 = DIRECTION ( 'NONE',  ( 0.000000000000000000, 0.000000000000000000, 1.000000000000000000 ) ) ;
#957 = LINE ( 'NONE', #2681, #5328 ) ;
#958 = CARTESIAN_POINT ( 'NONE',  ( 230.4091124802910997, 8.605961197114972094, 6.573913372165561597 ) ) ;
#959 = CARTESIAN_POINT ( 'NONE',  ( 136.3450852207443802, 13.09963359456282284, 6.986322469716233385 ) ) ;
#960 = CARTESIAN_POINT ( 'NONE',  ( 270.4180101804391825, 8.554086851837348959, 249.8200000000000216 ) ) ;
#961 = CARTESIAN_POINT ( 'NONE',  ( 135.3394544123640912, 15.11220947593871244, 6.499999999999992006 ) ) ;
#962 = CARTESIAN_POINT ( 'NONE',  ( 124.4611538481507296, 12.58755476146670738, 21.56768718167777266 ) ) ;
#963 = EDGE_CURVE ( 'NONE', #2670, #4408, #3979, .T. ) ;
#964 = CARTESIAN_POINT ( 'NONE',  ( 268.4205123995570261, 7.641275972792916704, 6.499999999999990230 ) ) ;
#965 = EDGE_LOOP ( 'NONE', ( #23, #6932 ) ) ;
#966 = CARTESIAN_POINT ( 'NONE',  ( 360.2966926164277197, 1.485747495175363087, 249.8200000000000500 ) ) ;
#967 = CARTESIAN_POINT ( 'NONE',  ( 331.2178197983923837, 4.714085228934624006, 340.4782902042484807 ) ) ;
#968 = EDGE_CURVE ( 'NONE', #5435, #6886, #2324, .T. ) ;
#969 = CARTESIAN_POINT ( 'NONE',  ( 260.9922984326576056, 8.230612548232359771, 6.499999999999992006 ) ) ;
#970 = CARTESIAN_POINT ( 'NONE',  ( 276.4452859675467380, 4.674839753447990631, 7.129254813453298922 ) ) ;
#971 = CARTESIAN_POINT ( 'NONE',  ( 366.2694485032247940, 2.773518767662806805, 371.7300000000000182 ) ) ;
#972 = CARTESIAN_POINT ( 'NONE',  ( 281.5582565265004860, 4.022333873243292501, 6.587979649678707084 ) ) ;
#973 = ORIENTED_EDGE ( 'NONE', *, *, #3748, .T. ) ;
#974 = CARTESIAN_POINT ( 'NONE',  ( 390.9201352293524678, 1.228515795496390783, 371.7300000000000182 ) ) ;
#975 = CARTESIAN_POINT ( 'NONE',  ( 346.4892270382680408, 3.325001347327404044, 371.2300000000000182 ) ) ;
#976 = PERSON_AND_ORGANIZATION ( #4480, #4021 ) ;
#977 = CARTESIAN_POINT ( 'NONE',  ( 258.2655395988658142, 6.779173928272586913, 6.623169269425674521 ) ) ;
#978 = CARTESIAN_POINT ( 'NONE',  ( 345.3897016975162160, 1.994576786472235241, 339.6163546790241980 ) ) ;
#979 = CARTESIAN_POINT ( 'NONE',  ( 365.7454693069067275, 4.688385274504223155, 371.2300000000000182 ) ) ;
#980 = CARTESIAN_POINT ( 'NONE',  ( 332.3887852210952474, 3.448672132607962126, 338.2622187047566058 ) ) ;
#981 = CARTESIAN_POINT ( 'NONE',  ( 348.7591422813380859, -0.01391827568600357071, 191.4149722945919336 ) ) ;
#982 = ORIENTED_EDGE ( 'NONE', *, *, #5593, .T. ) ;
#983 = CARTESIAN_POINT ( 'NONE',  ( 352.7454693069067844, 4.015542457696983369, 371.2300000000001887 ) ) ;
#984 = VERTEX_POINT ( 'NONE', #1626 ) ;
#985 = CARTESIAN_POINT ( 'NONE',  ( 345.5986701587980292, 2.153276710388404069, 339.4609396279688553 ) ) ;
#986 = CARTESIAN_POINT ( 'NONE',  ( 171.1729959930085272, 11.51012832178971834, 6.883651830716878806 ) ) ;
#987 = CARTESIAN_POINT ( 'NONE',  ( 286.7781092759448143, 0.005263016854252109723, 20.62679109810227374 ) ) ;
#988 = DIRECTION ( 'NONE',  ( 0.000000000000000000, 0.000000000000000000, -1.000000000000000000 ) ) ;
#989 = ORIENTED_EDGE ( 'NONE', *, *, #5257, .T. ) ;
#990 = CARTESIAN_POINT ( 'NONE',  ( 333.5641663020260808, 4.675636986404573925, 340.1886526363822441 ) ) ;
#991 = CARTESIAN_POINT ( 'NONE',  ( 133.1911173543194309, 13.74812435727325166, 11.50138163314515793 ) ) ;
#992 = EDGE_CURVE ( 'NONE', #3419, #2452, #704, .T. ) ;
#993 = CARTESIAN_POINT ( 'NONE',  ( 134.6050355205067035, 13.14451295642542661, 6.984788149595845042 ) ) ;
#994 = CARTESIAN_POINT ( 'NONE',  ( 178.2182433646223103, 11.37827836826194883, 127.9099999999999397 ) ) ;
#995 = CARTESIAN_POINT ( 'NONE',  ( 285.7709022190620090, 2.991742103769957417, 20.75783104381742916 ) ) ;
#996 = CARTESIAN_POINT ( 'NONE',  ( 396.1839997464327894, 0.6137499740398740800, 371.0853108271218730 ) ) ;
#997 = FACE_BOUND ( 'NONE', #3760, .T. ) ;
#998 = CARTESIAN_POINT ( 'NONE',  ( 266.3596197215227903, 7.859021945103758178, 6.500000000000016875 ) ) ;
#999 = ORIENTED_EDGE ( 'NONE', *, *, #5011, .F. ) ;
#1000 = CARTESIAN_POINT ( 'NONE',  ( 347.9259980617619021, 2.684439978098869695, 249.8200000000000216 ) ) ;
#1001 = CARTESIAN_POINT ( 'NONE',  ( 385.3033101161271929, 1.506506789553383685, 371.1730444115797241 ) ) ;
#1002 = CARTESIAN_POINT ( 'NONE',  ( 331.2195421485526481, 4.732058615808808710, 339.4871778543322876 ) ) ;
#1003 = B_SPLINE_CURVE_WITH_KNOTS ( 'NONE', 3,
 ( #2133, #4410, #6120, #5573, #471, #3957 ),
 .UNSPECIFIED., .F., .F.,
 ( 4, 2, 4 ),
 ( 0.0007904641673624687725, 0.01015475027060921097, 0.01951903637385595316 ),
 .UNSPECIFIED. ) ;
#1004 = B_SPLINE_CURVE_WITH_KNOTS ( 'NONE', 3,
 ( #5255, #5764, #4125, #670 ),
 .UNSPECIFIED., .F., .F.,
 ( 4, 4 ),
 ( 0.000000000000000000, 1.000000000000000000 ),
 .UNSPECIFIED. ) ;
#1005 = CARTESIAN_POINT ( 'NONE',  ( 389.7074236729157519, 1.129172304951110206, 371.0327983322445107 ) ) ;
#1006 = CARTESIAN_POINT ( 'NONE',  ( 278.6729208759704193, 5.130984899376509922, 6.524722859525676988 ) ) ;
#1007 = CARTESIAN_POINT ( 'NONE',  ( 411.3011510403206898, -0.9839523858118095490, 371.7300000000000182 ) ) ;
#1008 = CARTESIAN_POINT ( 'NONE',  ( 282.0490349770506100, 3.591914400632136850, 6.647313871858342438 ) ) ;
#1009 = CARTESIAN_POINT ( 'NONE',  ( 125.9887513554572536, 11.08930432295751345, 22.47691210920356042 ) ) ;
#1010 = CARTESIAN_POINT ( 'NONE',  ( 163.3750610437091382, 8.796158119610892001, 127.9100000000000534 ) ) ;
#1011 = CARTESIAN_POINT ( 'NONE',  ( 307.6282261253758179, 6.234553655870736399, 127.9099999999999966 ) ) ;
#1012 = CARTESIAN_POINT ( 'NONE',  ( 256.4957714078547610, 6.367960388408269168, 7.504207425062180192 ) ) ;
#1013 = EDGE_LOOP ( 'NONE', ( #157, #1497, #735, #2709 ) ) ;
#1014 = CARTESIAN_POINT ( 'NONE',  ( 282.6044371218220022, 4.347592971841773846, 23.25000000000597211 ) ) ;
#1015 = CARTESIAN_POINT ( 'NONE',  ( 330.1588495974376656, 3.540248932335453791, 334.5723308251826325 ) ) ;
#1016 = CARTESIAN_POINT ( 'NONE',  ( 395.0261011914942628, -0.003681966056615316226, 324.0296546478522828 ) ) ;
#1017 = AXIS2_PLACEMENT_3D ( 'NONE', #773, #5324, #1894 ) ;
#1018 = ORIENTED_EDGE ( 'NONE', *, *, #5768, .F. ) ;
#1019 = CARTESIAN_POINT ( 'NONE',  ( 332.7249766320432514, 3.881151624914545906, 338.9470712220442579 ) ) ;
#1020 = VERTEX_POINT ( 'NONE', #2880 ) ;
#1021 = CARTESIAN_POINT ( 'NONE',  ( 185.1113072522454956, 10.86366892973519072, 6.791200687414425730 ) ) ;
#1022 = CARTESIAN_POINT ( 'NONE',  ( 332.5766904567813071, 0.06017994737835590663, 173.2499902897004347 ) ) ;
#1023 = PLANE ( 'NONE',  #4618 ) ;
#1024 = CARTESIAN_POINT ( 'NONE',  ( 326.6143054858515598, 3.514511327574958433, 338.7299999999997908 ) ) ;
#1025 = DIRECTION ( 'NONE',  ( 1.000000000000000000, -2.856580655684478473E-13, -1.967910723706870724E-17 ) ) ;
#1026 = CARTESIAN_POINT ( 'NONE',  ( 138.1034847176280493, 13.67129729663862392, 6.523459039769691437 ) ) ;
#1027 = CARTESIAN_POINT ( 'NONE',  ( 91.70461933862885928, 14.29307870368516653, 5.999999999999988454 ) ) ;
#1028 = DIRECTION ( 'NONE',  ( 2.856580399953362200E-13, 0.9999999352646699036, -0.0003598203108568316568 ) ) ;
#1029 =( BOUNDED_SURFACE ( )  B_SPLINE_SURFACE ( 3, 2, ( 
 ( #4190, #3060, #7208 ),
 ( #6543, #7138, #387 ),
 ( #4299, #7171, #2676 ),
 ( #880, #2019, #1503 ),
 ( #1435, #6686, #428 ),
 ( #2641, #4854, #5974 ),
 ( #5501, #6010, #4889 ),
 ( #2569, #6616, #3763 ) ),
 .UNSPECIFIED., .F., .F., .T. ) 
 B_SPLINE_SURFACE_WITH_KNOTS ( ( 4, 2, 2, 4 ),
 ( 3, 3 ),
 ( 0.000000000000000000, 9.986621032899485758E-05, 0.0001997324206579897152, 0.0003994648413159794303 ),
 ( 0.000000000000000000, 0.7805807421484560749 ),
 .UNSPECIFIED. ) 
 GEOMETRIC_REPRESENTATION_ITEM ( )  RATIONAL_B_SPLINE_SURFACE ( (
 ( 1.000000000000000000, 0.7644708913559691288, 0.8966407555577822208),
 ( 1.000000000000000000, 0.7617968385948366006, 0.8954672782131749553),
 ( 1.000000000000000000, 0.7714285301393267735, 0.8996940354342690682),
 ( 1.000000000000000000, 0.8041003027089598243, 0.9140316676141158059),
 ( 1.000000000000000000, 0.8267663649867340592, 0.9239784087409279589),
 ( 1.000000000000000000, 0.8934136076718752761, 0.9532257857965786840),
 ( 1.000000000000000000, 0.9366906663001508537, 0.9722174259690068432),
 ( 1.000000000000000000, 0.9621538218961176447, 0.9833916393758576069) ) ) 
 REPRESENTATION_ITEM ( '' )  SURFACE ( )  );
#1030 = FACE_OUTER_BOUND ( 'NONE', #1479, .T. ) ;
#1031 = EDGE_CURVE ( 'NONE', #2209, #3987, #5046, .T. ) ;
#1032 = CARTESIAN_POINT ( 'NONE',  ( 285.1548663016177443, 3.511183507867668752, 22.08503566834109932 ) ) ;
#1033 = ORIENTED_EDGE ( 'NONE', *, *, #3169, .T. ) ;
#1034 = AXIS2_PLACEMENT_3D ( 'NONE', #432, #1025, #6691 ) ;
#1035 = CARTESIAN_POINT ( 'NONE',  ( 261.9894282103790033, 6.082242881451449534, 5.999999999999984901 ) ) ;
#1036 = CARTESIAN_POINT ( 'NONE',  ( 385.3059923517421339, 1.543817272060566737, 371.2095973813763976 ) ) ;
#1037 = CARTESIAN_POINT ( 'NONE',  ( 333.8050069559993744, 4.666353550366496350, 340.4762858395209264 ) ) ;
#1038 = CARTESIAN_POINT ( 'NONE',  ( 281.9239338812895426, 2.358402644543347471, 23.25000000000002132 ) ) ;
#1039 = CARTESIAN_POINT ( 'NONE',  ( 277.3249640735230059, 4.645568702236307246, 7.004102492863005125 ) ) ;
#1040 = CARTESIAN_POINT ( 'NONE',  ( 116.4564835067751005, 13.81418918938901186, 6.871320669705857753 ) ) ;
#1041 = B_SPLINE_CURVE_WITH_KNOTS ( 'NONE', 3,
 ( #6713, #1126, #2156, #6227, #5071, #7352, #2230, #6787, #1684, #5668, #648, #3497, #2346 ),
 .UNSPECIFIED., .F., .F.,
 ( 4, 3, 3, 3, 4 ),
 ( 5.898697549827394553E-17, 0.004000000000004980474, 0.02000000000064693084, 0.08400000004371407925, 0.1978775700329404863 ),
 .UNSPECIFIED. ) ;
#1042 = AXIS2_PLACEMENT_3D ( 'NONE', #6711, #2771, #6185 ) ;
#1043 = CARTESIAN_POINT ( 'NONE',  ( 280.8545572141006801, 3.742781285133105484, 7.360344807064005401 ) ) ;
#1044 = CARTESIAN_POINT ( 'NONE',  ( 125.5927772233284117, 11.40120073554677660, 22.03175247680172077 ) ) ;
#1045 = CARTESIAN_POINT ( 'NONE',  ( 330.0284905625935608, 2.692131044776062687, 371.7300000000001887 ) ) ;
#1046 = AXIS2_PLACEMENT_3D ( 'NONE', #3521, #6411, #5810 ) ;
#1047 = CARTESIAN_POINT ( 'NONE',  ( 259.9590824030589147, 8.283543381864195254, 5.999999999999986677 ) ) ;
#1048 = CARTESIAN_POINT ( 'NONE',  ( 258.2601884335721252, 6.667031296800146833, 6.697331844738267037 ) ) ;
#1049 = CARTESIAN_POINT ( 'NONE',  ( 278.6911857080442587, 2.683348669598890623, 23.24999999999993605 ) ) ;
#1050 = CARTESIAN_POINT ( 'NONE',  ( 140.7989541123222068, 12.11610725402290356, 23.98017511553389625 ) ) ;
#1051 = EDGE_CURVE ( 'NONE', #4511, #5637, #1670, .T. ) ;
#1052 = CARTESIAN_POINT ( 'NONE',  ( 332.6768767769119108, 3.735341838871028219, 338.8498934022553044 ) ) ;
#1053 = CARTESIAN_POINT ( 'NONE',  ( 160.3759731210269308, 13.94446355411818317, 5.999999999999991118 ) ) ;
#1054 = ORIENTED_EDGE ( 'NONE', *, *, #2087, .F. ) ;
#1055 = CARTESIAN_POINT ( 'NONE',  ( 325.5019178298799716, 3.966486483862393886, 338.9534483512985048 ) ) ;
#1056 = ORIENTED_EDGE ( 'NONE', *, *, #5999, .T. ) ;
#1057 = DIRECTION ( 'NONE',  ( -0.5342919270276350607, 0.000000000000000000, -0.8453000276310750349 ) ) ;
#1058 = CARTESIAN_POINT ( 'NONE',  ( 174.6496070106255729, 11.20304808065822399, 7.117880424571775499 ) ) ;
#1059 = CARTESIAN_POINT ( 'NONE',  ( 350.6625311215158263, 3.901989466527733263, 368.2018276263266330 ) ) ;
#1060 = EDGE_CURVE ( 'NONE', #2356, #122, #1850, .T. ) ;
#1061 = CARTESIAN_POINT ( 'NONE',  ( 332.6417787048512196, 3.666636504343376846, 338.2559671445301888 ) ) ;
#1062 = EDGE_LOOP ( 'NONE', ( #2065, #6218 ) ) ;
#1063 = CARTESIAN_POINT ( 'NONE',  ( 257.7091993701274077, 6.346356850193334509, 233.4866666666669630 ) ) ;
#1064 = CARTESIAN_POINT ( 'NONE',  ( 399.3106143041586620, 0.1313574307234798844, 371.0639452245839607 ) ) ;
#1065 = CARTESIAN_POINT ( 'NONE',  ( 139.8202544059057288, 12.86882684213187922, 7.361861464937864419 ) ) ;
#1066 = CARTESIAN_POINT ( 'NONE',  ( 50.06754530797348934, 11.76176976160987486, 6.000000000000009770 ) ) ;
#1067 = ORIENTED_EDGE ( 'NONE', *, *, #734, .F. ) ;
#1068 = CARTESIAN_POINT ( 'NONE',  ( 285.5479287885501094, 4.009525102444911226, 23.25000000000001421 ) ) ;
#1069 = CARTESIAN_POINT ( 'NONE',  ( 263.3759731210269592, 7.005711497204470284, 6.132195066386892712 ) ) ;
#1070 = CARTESIAN_POINT ( 'NONE',  ( 347.1349428078341930, 1.422550048283544033, 338.1160653253740520 ) ) ;
#1071 = DIRECTION ( 'NONE',  ( -2.775557561562891351E-13, -1.000000000000000000, 0.000000000000000000 ) ) ;
#1072 = ORIENTED_EDGE ( 'NONE', *, *, #1507, .T. ) ;
#1073 = CARTESIAN_POINT ( 'NONE',  ( 351.3638560623704734, 2.459173062929457476, 249.8200000000000500 ) ) ;
#1074 = CARTESIAN_POINT ( 'NONE',  ( 391.8355661374339434, 1.017600640741517459, 371.1731530624499555 ) ) ;
#1075 = CARTESIAN_POINT ( 'NONE',  ( 362.7454693069057043, 4.811162419866455764, 371.2300000000000750 ) ) ;
#1076 =( BOUNDED_SURFACE ( )  B_SPLINE_SURFACE ( 3, 2, ( 
 ( #4198, #2027, #851 ),
 ( #1410, #1374, #5365 ),
 ( #2507, #1512, #5399 ),
 ( #4826, #285, #4307 ),
 ( #7070, #4756, #2541 ),
 ( #3623, #6588, #7108 ) ),
 .UNSPECIFIED., .F., .F., .F. ) 
 B_SPLINE_SURFACE_WITH_KNOTS ( ( 4, 2, 4 ),
 ( 3, 3 ),
 ( 0.02229336061166357907, 0.03171770223123383803, 0.04114204385080409698 ),
 ( 0.2130548524648087083, 1.000000000000000000 ),
 .UNSPECIFIED. ) 
 GEOMETRIC_REPRESENTATION_ITEM ( )  RATIONAL_B_SPLINE_SURFACE ( (
 ( 0.9014410190204670270, 0.7687004547436616653, 1.000000000000000000),
 ( 0.9012071146047915260, 0.7681515247076418085, 1.000000000000000000),
 ( 0.9010589759576981272, 0.7678038709335561762, 1.000000000000000000),
 ( 0.9001812183995854255, 0.7657439376629497918, 1.000000000000000000),
 ( 0.8995298665173954156, 0.7642153362848197462, 1.000000000000000000),
 ( 0.8986705528827494405, 0.7621986874624516739, 1.000000000000000000) ) ) 
 REPRESENTATION_ITEM ( '' )  SURFACE ( )  );
#1077 = CARTESIAN_POINT ( 'NONE',  ( 363.7150692913045305, 2.697149399538546710, 371.0295791798225764 ) ) ;
#1078 = CARTESIAN_POINT ( 'NONE',  ( 277.4043838054739695, 5.530795415156783967, 6.500052329044983424 ) ) ;
#1079 = CARTESIAN_POINT ( 'NONE',  ( 116.5232490371076466, 13.82515571414384148, 6.674745505579023686 ) ) ;
#1080 = CARTESIAN_POINT ( 'NONE',  ( 281.2898956681205505, 4.493004928328749870, 6.498459285081699122 ) ) ;
#1081 = CARTESIAN_POINT ( 'NONE',  ( 328.0204862563419397, 3.938224620097619866, 341.6472475789647092 ) ) ;
#1082 = CARTESIAN_POINT ( 'NONE',  ( 140.9279692500748808, 7.078490016953956854, 127.9100000000001387 ) ) ;
#1083 = CARTESIAN_POINT ( 'NONE',  ( 405.1938830617303324, 1.932548471471943641, 371.7300000000000182 ) ) ;
#1084 = EDGE_CURVE ( 'NONE', #4813, #5771, #2435, .T. ) ;
#1085 = CARTESIAN_POINT ( 'NONE',  ( 269.5347096161887066, 5.923022252023536716, 6.627236486955856876 ) ) ;
#1086 = CARTESIAN_POINT ( 'NONE',  ( 271.8437163052612391, 3.516684705352698170, 23.24999999999997868 ) ) ;
#1087 = CARTESIAN_POINT ( 'NONE',  ( 139.2423783589676134, 13.46975358858457028, 21.64957610956906819 ) ) ;
#1088 = CARTESIAN_POINT ( 'NONE',  ( 105.8847703269399432, -43.07938103743692437, 6.499999999999992006 ) ) ;
#1089 = CARTESIAN_POINT ( 'NONE',  ( 317.3333870798173848, 5.331511902662042779, 127.9099999999999397 ) ) ;
#1090 = CARTESIAN_POINT ( 'NONE',  ( 345.6446047393149001, 3.480990906882996061, 341.6200034616986727 ) ) ;
#1091 = ORIENTED_EDGE ( 'NONE', *, *, #2984, .T. ) ;
#1092 = CARTESIAN_POINT ( 'NONE',  ( 333.9338660171868582, 4.867232740705273564, 340.3752461531673816 ) ) ;
#1093 = VERTEX_POINT ( 'NONE', #740 ) ;
#1094 = CARTESIAN_POINT ( 'NONE',  ( 326.5655077195742138, 2.623309434604519819, 339.7177839236103409 ) ) ;
#1095 = CARTESIAN_POINT ( 'NONE',  ( 160.2446230172015191, 13.95117806856170795, 6.500000038226779076 ) ) ;
#1096 = ADVANCED_FACE ( 'NONE', ( #7035 ), #6011, .F. ) ;
#1097 = CARTESIAN_POINT ( 'NONE',  ( 209.5127424524096398, 9.831914872659048399, 6.573855813279279481 ) ) ;
#1098 = CARTESIAN_POINT ( 'NONE',  ( 347.2760554067735939, 3.416520243113573496, 340.4409696654647632 ) ) ;
#1099 = CARTESIAN_POINT ( 'NONE',  ( 281.4729466143471655, 4.542449873212700773, 6.499999999999992006 ) ) ;
#1100 = ORIENTED_EDGE ( 'NONE', *, *, #2362, .F. ) ;
#1101 = CARTESIAN_POINT ( 'NONE',  ( 289.9216473163282899, 0.01700151008772095990, 53.24999805794006846 ) ) ;
#1102 = CARTESIAN_POINT ( 'NONE',  ( 133.3620141821331515, 13.74822479792238639, 11.39769853249526754 ) ) ;
#1103 = CARTESIAN_POINT ( 'NONE',  ( 143.3296457799593782, 13.47972421184199199, 6.523695621392235466 ) ) ;
#1104 = CARTESIAN_POINT ( 'NONE',  ( 222.1868704574116862, 4.990637785985938990, 249.8200000000000216 ) ) ;
#1105 = B_SPLINE_SURFACE_WITH_KNOTS ( 'NONE', 3, 1, ( 
 ( #1960, #4754 ),
 ( #4230, #3098 ),
 ( #7036, #1994 ),
 ( #1927, #1405 ),
 ( #5978, #3660 ),
 ( #320, #4823 ),
 ( #1473, #883 ),
 ( #6016, #7104 ),
 ( #6548, #3137 ),
 ( #543, #5080 ) ),
 .UNSPECIFIED., .F., .F., .F.,
 ( 4, 3, 3, 4 ),
 ( 2, 2 ),
 ( 0.5564306994975433129, 0.5571854192197460698, 0.5626184873229274075, 0.5634644236104140447 ),
 ( 0.000000000000000000, 1.000000000000000000 ),
 .UNSPECIFIED. ) ;
#1106 = DIRECTION ( 'NONE',  ( 0.9964296878956172554, -0.08442675571312101279, 0.000000000000000000 ) ) ;
#1107 = CARTESIAN_POINT ( 'NONE',  ( 399.5686375834663977, -0.001318449237772893355, 371.2299999999999613 ) ) ;
#1108 = DIRECTION ( 'NONE',  ( -0.8451438195496518979, 0.000000000000000000, 0.5345389829348513588 ) ) ;
#1109 = CARTESIAN_POINT ( 'NONE',  ( 285.2407512143250301, 3.630654877125752744, 21.52584349012315457 ) ) ;
#1110 = B_SPLINE_CURVE_WITH_KNOTS ( 'NONE', 3,
 ( #5187, #1800, #2974, #5302, #4062, #5884, #5231 ),
 .UNSPECIFIED., .F., .F.,
 ( 4, 3, 4 ),
 ( 0.000000000000000000, 0.0004000000000000087470, 0.0005004636392172335429 ),
 .UNSPECIFIED. ) ;
#1111 = EDGE_LOOP ( 'NONE', ( #2591, #1979, #225, #4728, #6113, #3193 ) ) ;
#1112 = CARTESIAN_POINT ( 'NONE',  ( 306.1039551423210128, 4.311691352116138631, 127.9099999999999966 ) ) ;
#1113 = CARTESIAN_POINT ( 'NONE',  ( 115.4278927662357006, 13.84381426939338056, 6.498799973102692640 ) ) ;
#1114 = CARTESIAN_POINT ( 'NONE',  ( 381.0495888993428935, 1.752302123799886591, 371.0321840565027287 ) ) ;
#1115 = CARTESIAN_POINT ( 'NONE',  ( 279.3942947744226899, 4.383480805304396988, 7.025258404722276140 ) ) ;
#1116 = CARTESIAN_POINT ( 'NONE',  ( 324.4888101954268222, -4.164596902993526584, 127.9099999999999966 ) ) ;
#1117 = CARTESIAN_POINT ( 'NONE',  ( 280.9360575763091106, 3.980078642108153542, 6.842927126291019846 ) ) ;
#1118 = CARTESIAN_POINT ( 'NONE',  ( 387.7454693069067844, 1.468158853416229093, 371.7300000000000182 ) ) ;
#1119 = ORIENTED_EDGE ( 'NONE', *, *, #1781, .T. ) ;
#1120 = CARTESIAN_POINT ( 'NONE',  ( 86.93390169735891959, 12.03932780341895636, 6.000000000000005329 ) ) ;
#1121 = CARTESIAN_POINT ( 'NONE',  ( 224.7324437263209518, 10.39862062976004076, 6.000000000000015099 ) ) ;
#1122 = CARTESIAN_POINT ( 'NONE',  ( 265.1821774641111347, 5.961545440250955785, 7.124906742705061191 ) ) ;
#1123 = CARTESIAN_POINT ( 'NONE',  ( 140.7989541123222068, 12.11610725402290356, 23.98017511553389625 ) ) ;
#1124 = DIRECTION ( 'NONE',  ( 0.000000000000000000, 0.0003598203108569592674, 0.9999999352646697925 ) ) ;
#1125 = FACE_OUTER_BOUND ( 'NONE', #6191, .T. ) ;
#1126 = CARTESIAN_POINT ( 'NONE',  ( 271.4165588926375108, 5.584050981552422854, 22.46714319905035850 ) ) ;
#1127 = CARTESIAN_POINT ( 'NONE',  ( 387.6047906351060419, 3.376083983249127396, 371.2299991285220813 ) ) ;
#1128 = ORIENTED_EDGE ( 'NONE', *, *, #4598, .T. ) ;
#1129 = B_SPLINE_CURVE_WITH_KNOTS ( 'NONE', 3,
 ( #385, #4316, #1322, #5991, #5442, #4872 ),
 .UNSPECIFIED., .F., .F.,
 ( 4, 2, 4 ),
 ( 0.000000000000000000, 0.0003907914359058282309, 0.0007815828718116564619 ),
 .UNSPECIFIED. ) ;
#1130 = CARTESIAN_POINT ( 'NONE',  ( 216.4853275382188826, 9.549835575093108986, 6.523977598317500792 ) ) ;
#1131 = CARTESIAN_POINT ( 'NONE',  ( 140.0291593703362878, 13.49239277777383172, 22.33313665363396439 ) ) ;
#1132 = DIRECTION ( 'NONE',  ( -2.852601462733167511E-13, -0.9986106385679168751, 0.05269528004458473580 ) ) ;
#1133 = CIRCLE ( 'NONE', #5775, 1.463465304664038902 ) ;
#1134 = EDGE_LOOP ( 'NONE', ( #1173, #2960, #3473 ) ) ;
#1135 = CARTESIAN_POINT ( 'NONE',  ( 257.2184986184854552, 6.339373393535614021, 233.4866666666668493 ) ) ;
#1136 = ORIENTED_EDGE ( 'NONE', *, *, #3136, .F. ) ;
#1137 = CARTESIAN_POINT ( 'NONE',  ( 352.5087307374798229, 3.818402780109436456, 371.2299999999954139 ) ) ;
#1138 = CARTESIAN_POINT ( 'NONE',  ( 153.7657986663749057, 12.70430293082414153, 6.623553887970585308 ) ) ;
#1139 = CARTESIAN_POINT ( 'NONE',  ( 221.1382295585595159, 4.769672212548598189, 249.8199999999999648 ) ) ;
#1140 = CARTESIAN_POINT ( 'NONE',  ( 282.3463665689429831, 4.328708010355247993, 21.21178095406397190 ) ) ;
#1141 = CARTESIAN_POINT ( 'NONE',  ( 263.7440633323715815, 6.981776796899580084, 6.499999701521359974 ) ) ;
#1142 = CARTESIAN_POINT ( 'NONE',  ( 207.0017348159547055, 11.44078391794246663, 6.499999999999981348 ) ) ;
#1143 = CARTESIAN_POINT ( 'NONE',  ( 387.3003436851536776, 3.398618628444141532, 371.7300000000000750 ) ) ;
#1144 = ORIENTED_EDGE ( 'NONE', *, *, #2742, .F. ) ;
#1145 = DIRECTION ( 'NONE',  ( -2.856580399953362705E-13, -0.9999999352646699036, 0.0003598203108568318194 ) ) ;
#1146 = CARTESIAN_POINT ( 'NONE',  ( 120.6682822927298275, 13.39980099495789290, 6.777168591645002849 ) ) ;
#1147 = CARTESIAN_POINT ( 'NONE',  ( 394.0346929063988455, 0.7950371630766979170, 371.0328886447051104 ) ) ;
#1148 = CARTESIAN_POINT ( 'NONE',  ( 279.0014517555011366, 4.456336220115868940, 7.016865347249033213 ) ) ;
#1149 = CARTESIAN_POINT ( 'NONE',  ( 281.9536545168765542, -5.226724248659154526, 6.000000000000000000 ) ) ;
#1150 = CARTESIAN_POINT ( 'NONE',  ( 280.9378742195531231, 3.868994661571933058, 6.953514964070292237 ) ) ;
#1151 = VECTOR ( 'NONE', #5723, 1000.000000000000000 ) ;
#1152 = CARTESIAN_POINT ( 'NONE',  ( 140.6776037772370387, 12.49069455303385645, 23.39671386447303547 ) ) ;
#1153 = ORIENTED_EDGE ( 'NONE', *, *, #5794, .F. ) ;
#1154 = CARTESIAN_POINT ( 'NONE',  ( 345.5131086108210070, 2.126199510869046350, 339.5965694450677006 ) ) ;
#1155 = CARTESIAN_POINT ( 'NONE',  ( 70.40746054886470517, 11.46375674076303319, 5.999999999999997335 ) ) ;
#1156 = DIRECTION ( 'NONE',  ( 0.000000000000000000, -0.0003598203108566928247, -0.9999999352646699036 ) ) ;
#1157 = CARTESIAN_POINT ( 'NONE',  ( 352.8959807077158644, 4.344424243298541377, 249.8200000000000216 ) ) ;
#1158 = CARTESIAN_POINT ( 'NONE',  ( 268.6266072205290811, 5.655765144948230017, 7.009176158685525238 ) ) ;
#1159 = CARTESIAN_POINT ( 'NONE',  ( 276.4090238789030423, 2.966091653879010526, 23.24999999999992895 ) ) ;
#1160 = VECTOR ( 'NONE', #2188, 1000.000000000000000 ) ;
#1161 = CARTESIAN_POINT ( 'NONE',  ( 287.6357285081382997, 0.1114503043158805440, 23.24999999999999289 ) ) ;
#1162 = CARTESIAN_POINT ( 'NONE',  ( 271.2059338293836390, 5.235614155055413832, 7.261601755946069936 ) ) ;
#1163 = CARTESIAN_POINT ( 'NONE',  ( 125.3769623575112320, 13.35430536679016456, 22.64148681681237107 ) ) ;
#1164 = CARTESIAN_POINT ( 'NONE',  ( 131.1788440594187364, 12.16224996445293272, 23.41149965783643339 ) ) ;
#1165 = CARTESIAN_POINT ( 'NONE',  ( 393.3125102535008182, -0.004061090650488911706, 319.1179996995645638 ) ) ;
#1166 = CIRCLE ( 'NONE', #6879, 0.9999999999999958922 ) ;
#1167 = CARTESIAN_POINT ( 'NONE',  ( 330.3363053290747189, 3.485027902622775731, 338.1018750518009597 ) ) ;
#1168 = VERTEX_POINT ( 'NONE', #1403 ) ;
#1169 = CARTESIAN_POINT ( 'NONE',  ( 202.5190383459222119, 9.731734263349951064, 6.996824182821788973 ) ) ;
#1170 = CARTESIAN_POINT ( 'NONE',  ( 352.0180727200293518, 3.840617320458072026, 370.4252132113970220 ) ) ;
#1171 = CARTESIAN_POINT ( 'NONE',  ( 332.5766904567805113, -2.739460051051863410, 174.2509977218354891 ) ) ;
#1172 = CONICAL_SURFACE ( 'NONE', #1993, 1.000000000000002887, 0.05235987755983000091 ) ;
#1173 = ORIENTED_EDGE ( 'NONE', *, *, #412, .F. ) ;
#1174 = CARTESIAN_POINT ( 'NONE',  ( 123.4259758776213829, 12.77595992739971642, 16.83013203759073662 ) ) ;
#1175 = ORIENTED_EDGE ( 'NONE', *, *, #878, .F. ) ;
#1176 = CARTESIAN_POINT ( 'NONE',  ( 263.3759731210059840, 8.088575804883786802, 6.499999999999993783 ) ) ;
#1177 = CARTESIAN_POINT ( 'NONE',  ( 145.0774186682936602, 13.53268856758257499, 6.498718936439739302 ) ) ;
#1178 = CARTESIAN_POINT ( 'NONE',  ( 318.2385305271292850, 3.372494807125395511, 371.7300000000001319 ) ) ;
#1179 = EDGE_CURVE ( 'NONE', #4470, #339, #3340, .T. ) ;
#1180 = ADVANCED_FACE ( 'NONE', ( #2361 ), #2993, .F. ) ;
#1181 = ADVANCED_FACE ( 'NONE', ( #4193 ), #509, .F. ) ;
#1182 = CARTESIAN_POINT ( 'NONE',  ( 263.3759762505081881, 7.005758482739504522, 6.499999999999992006 ) ) ;
#1183 = CARTESIAN_POINT ( 'NONE',  ( 140.5134183244631743, 12.62948551346848447, 23.12741721534916550 ) ) ;
#1184 = CARTESIAN_POINT ( 'NONE',  ( 336.0503105541126274, 3.951351884012294313, 371.7300000000000182 ) ) ;
#1185 = CARTESIAN_POINT ( 'NONE',  ( 346.4892270382737252, 3.910369805290911494, 371.2300000000001887 ) ) ;
#1186 = ORIENTED_EDGE ( 'NONE', *, *, #725, .F. ) ;
#1187 = CARTESIAN_POINT ( 'NONE',  ( 320.4051757450387754, 2.590293080652214641, 127.9100000000000250 ) ) ;
#1188 = CARTESIAN_POINT ( 'NONE',  ( 354.7790878452173615, 3.051505761730956667, 371.1713822992153382 ) ) ;
#1189 = CARTESIAN_POINT ( 'NONE',  ( 117.1855388580202941, 13.43249948091416179, 6.685564727456829281 ) ) ;
#1190 = EDGE_CURVE ( 'NONE', #7008, #5002, #1333, .T. ) ;
#1191 = DIRECTION ( 'NONE',  ( 2.775557561562891351E-13, 1.000000000000000000, 0.000000000000000000 ) ) ;
#1192 = CARTESIAN_POINT ( 'NONE',  ( 279.5184696085431142, 5.000475685173348062, 6.525462868252066784 ) ) ;
#1193 = CARTESIAN_POINT ( 'NONE',  ( 121.8276872533290884, 13.74687962067465818, 11.60000000000060183 ) ) ;
#1194 = CARTESIAN_POINT ( 'NONE',  ( 281.0523495646928609, 4.021545680364624786, 6.735522669868025503 ) ) ;
#1195 = CARTESIAN_POINT ( 'NONE',  ( 346.4892270382737252, 3.910369805290911494, 371.2300000000001887 ) ) ;
#1196 = ORIENTED_EDGE ( 'NONE', *, *, #1190, .F. ) ;
#1197 = CARTESIAN_POINT ( 'NONE',  ( 145.2772902162777768, 12.56959801181582037, 21.58104146446792981 ) ) ;
#1198 = CARTESIAN_POINT ( 'NONE',  ( 195.5277687657645060, 9.800529985103064945, 127.9100000000000250 ) ) ;
#1199 = ADVANCED_FACE ( 'NONE', ( #2644 ), #882, .F. ) ;
#1200 = CARTESIAN_POINT ( 'NONE',  ( 304.8374781364923365, 7.402650202395700596, 249.8199999999999079 ) ) ;
#1201 = CARTESIAN_POINT ( 'NONE',  ( 268.6989991177045454, 6.275082686570602419, 6.524597929379262418 ) ) ;
#1202 = CARTESIAN_POINT ( 'NONE',  ( 285.2615650786447645, 3.608755752053870669, 20.94854972157740747 ) ) ;
#1203 = CARTESIAN_POINT ( 'NONE',  ( 286.7777011788147092, 0.03213706676259680400, 20.62688320288955524 ) ) ;
#1204 = CARTESIAN_POINT ( 'NONE',  ( 272.1642308322986423, 5.842345969346352419, 6.524701275431580960 ) ) ;
#1205 = CARTESIAN_POINT ( 'NONE',  ( 296.8527236918866379, 5.048389097872636455, 279.9424169462616874 ) ) ;
#1206 = CARTESIAN_POINT ( 'NONE',  ( 281.8428159715195420, 4.185480999764132903, 6.499999999999846345 ) ) ;
#1207 = CARTESIAN_POINT ( 'NONE',  ( 130.3756743190510576, 14.07326670676723701, 6.499999999999992006 ) ) ;
#1208 = CARTESIAN_POINT ( 'NONE',  ( 280.8862945836236804, 3.738999889776123187, 7.652182985874720345 ) ) ;
#1209 = CARTESIAN_POINT ( 'NONE',  ( 282.5224067684545162, -0.0001118785500711234996, 7.503106862939459276 ) ) ;
#1210 = ORIENTED_EDGE ( 'NONE', *, *, #4533, .F. ) ;
#1211 = CARTESIAN_POINT ( 'NONE',  ( 240.8695729514731738, 8.212985440915993252, 6.498703181057266853 ) ) ;
#1212 = CARTESIAN_POINT ( 'NONE',  ( 202.5119730793518613, 9.605406029682791669, 7.373711804936153413 ) ) ;
#1213 = LINE ( 'NONE', #2823, #6872 ) ;
#1214 = CARTESIAN_POINT ( 'NONE',  ( 347.2229160676664037, 3.420614184693687942, 338.1167074670387933 ) ) ;
#1215 = CYLINDRICAL_SURFACE ( 'NONE', #7202, 1.000000000000000000 ) ;
#1216 = VERTEX_POINT ( 'NONE', #5943 ) ;
#1217 = CARTESIAN_POINT ( 'NONE',  ( 146.8069760636496426, 13.19352318764103238, 6.573389358083923995 ) ) ;
#1218 = CARTESIAN_POINT ( 'NONE',  ( 315.6073133051697823, 2.908814276474302574, 371.7300000000000182 ) ) ;
#1219 = CARTESIAN_POINT ( 'NONE',  ( 260.3759660147377417, 7.175737129629181865, 6.499999999999992006 ) ) ;
#1220 = DIRECTION ( 'NONE',  ( 5.284285345504610054E-13, -1.000000000000000000, 0.000000000000000000 ) ) ;
#1221 = CARTESIAN_POINT ( 'NONE',  ( 263.0532935740177436, 7.211718331982094554, 249.8200000000002774 ) ) ;
#1222 = CARTESIAN_POINT ( 'NONE',  ( 123.9853799931224074, 13.46670720051834280, 19.30829332669773990 ) ) ;
#1223 = EDGE_CURVE ( 'NONE', #4367, #6769, #918, .T. ) ;
#1224 = VERTEX_POINT ( 'NONE', #4265 ) ;
#1225 = CARTESIAN_POINT ( 'NONE',  ( 268.6475463423507222, 6.533236480646549715, 233.2927560480574982 ) ) ;
#1226 = CARTESIAN_POINT ( 'NONE',  ( 362.7454693069057043, 4.810542695403698943, 371.3966667611251751 ) ) ;
#1227 = CARTESIAN_POINT ( 'NONE',  ( 120.6703811866516958, 13.23105523309325449, 6.973348494548515575 ) ) ;
#1228 = B_SPLINE_CURVE_WITH_KNOTS ( 'NONE', 3,
 ( #2864, #5195, #4633, #3461, #2905, #5828, #3948, #2945, #1844, #4590 ),
 .UNSPECIFIED., .F., .F.,
 ( 4, 2, 2, 2, 4 ),
 ( 2.823925224926892107E-17, 0.0002505719582761221334, 0.0005011439165522159692, 0.0007517158748283098591, 0.001002287833104403749 ),
 .UNSPECIFIED. ) ;
#1229 = CARTESIAN_POINT ( 'NONE',  ( 362.2454693069066707, 2.939526421536047263, 371.2299999999997340 ) ) ;
#1230 = CARTESIAN_POINT ( 'NONE',  ( 283.9234157449919280, 2.143851569760989673, 23.24999999999974420 ) ) ;
#1231 = CARTESIAN_POINT ( 'NONE',  ( 280.1245120349634021, 4.132485471789965281, 7.179794335697503804 ) ) ;
#1232 = CARTESIAN_POINT ( 'NONE',  ( 362.3774840021723662, 4.825226529168946676, 371.2299999999999613 ) ) ;
#1233 = CARTESIAN_POINT ( 'NONE',  ( 281.2527648373438183, 4.347480460690057669, 6.528679846636809891 ) ) ;
#1234 = CARTESIAN_POINT ( 'NONE',  ( 140.6170821583367285, 12.58502060662598510, 23.29744642698658907 ) ) ;
#1235 = ORIENTED_EDGE ( 'NONE', *, *, #1649, .T. ) ;
#1236 = CARTESIAN_POINT ( 'NONE',  ( 145.4986121043605749, 12.56308945157180545, 21.69075402751856174 ) ) ;
#1237 = CARTESIAN_POINT ( 'NONE',  ( 182.6719609408016822, 9.382921849777101642, 127.9099999999999966 ) ) ;
#1238 = CARTESIAN_POINT ( 'NONE',  ( 273.0678896581891308, 8.418073716221858405, 127.9099999999999966 ) ) ;
#1239 = CARTESIAN_POINT ( 'NONE',  ( 267.8338072629335898, 6.373291190285784502, 6.524497629853136971 ) ) ;
#1240 = CARTESIAN_POINT ( 'NONE',  ( 284.2223728303082453, 1.923507720726855608, 23.25000000000010303 ) ) ;
#1241 = CARTESIAN_POINT ( 'NONE',  ( 286.2675163195688697, 3.383903786046571938, 23.25000000000250466 ) ) ;
#1242 = CARTESIAN_POINT ( 'NONE',  ( 272.9865100765683223, 5.374152582240800058, 6.704080654341527001 ) ) ;
#1243 = CARTESIAN_POINT ( 'NONE',  ( 253.9998124581149739, 6.605804708663106872, 224.9447421920397971 ) ) ;
#1244 = CARTESIAN_POINT ( 'NONE',  ( 281.3078492562970041, 4.012937716209848737, 6.647260828704451008 ) ) ;
#1245 = CARTESIAN_POINT ( 'NONE',  ( 138.4610017888006439, 12.15955195772838593, 23.41711378966434864 ) ) ;
#1246 = CC_DESIGN_PERSON_AND_ORGANIZATION_ASSIGNMENT ( #741, #6996, ( #2109 ) ) ;
#1247 = CARTESIAN_POINT ( 'NONE',  ( 326.5655077195742138, 2.623309434604519819, 339.7177839236103409 ) ) ;
#1248 = CARTESIAN_POINT ( 'NONE',  ( 263.7252972148681351, 6.982997045046617224, 6.500000235663057957 ) ) ;
#1249 = ORIENTED_EDGE ( 'NONE', *, *, #1722, .F. ) ;
#1250 = CARTESIAN_POINT ( 'NONE',  ( 205.9945757912394697, 9.409170464059270600, 7.374039030275633344 ) ) ;
#1251 = CARTESIAN_POINT ( 'NONE',  ( 352.0630095695251498, 3.820960874469396362, 371.7300000000000182 ) ) ;
#1252 = CARTESIAN_POINT ( 'NONE',  ( 390.5379833455171479, 0.6288707847946635177, 344.2112418318807840 ) ) ;
#1253 = CARTESIAN_POINT ( 'NONE',  ( 260.2093090657950825, 7.184455190050884177, 6.500000083533143957 ) ) ;
#1254 = EDGE_LOOP ( 'NONE', ( #4472, #6378, #5054, #378, #3573, #2193, #6094, #3385, #1922, #2085, #2904, #2776, #1454, #2951, #4997, #4326, #3674, #2311, #3505, #3168, #999, #2778, #4792, #5152, #3162, #291, #4609, #100 ) ) ;
#1255 = CARTESIAN_POINT ( 'NONE',  ( 143.3244159054926570, 13.35786707979487886, 6.573069963617368394 ) ) ;
#1256 = CARTESIAN_POINT ( 'NONE',  ( 25.52948097539706040, 6.669764752858849732, 5.999999999999993783 ) ) ;
#1257 = FACE_OUTER_BOUND ( 'NONE', #3525, .T. ) ;
#1258 = CARTESIAN_POINT ( 'NONE',  ( 124.0400143834597912, 11.04498886914103295, 22.00000000000000000 ) ) ;
#1259 = CARTESIAN_POINT ( 'NONE',  ( 272.7284399705815190, 5.009093483906277733, 22.47632220669007808 ) ) ;
#1260 = CARTESIAN_POINT ( 'NONE',  ( 229.1002487903279530, 10.14512696247108003, 6.499999999999985789 ) ) ;
#1261 = CARTESIAN_POINT ( 'NONE',  ( 388.7471637470143833, 3.291527469343487944, 371.7300000000000750 ) ) ;
#1262 = AXIS2_PLACEMENT_3D ( 'NONE', #1070, #5126, #1108 ) ;
#1263 = ORIENTED_EDGE ( 'NONE', *, *, #4821, .F. ) ;
#1264 = CARTESIAN_POINT ( 'NONE',  ( 391.1725667438643086, 3.106710503264349388, 371.2353433349263696 ) ) ;
#1265 = CARTESIAN_POINT ( 'NONE',  ( 363.5107545478567204, 2.855017595718787327, 371.2305564767032706 ) ) ;
#1266 = CARTESIAN_POINT ( 'NONE',  ( 118.9301701055657361, 13.21106812564492827, 6.970736460664721079 ) ) ;
#1267 = CARTESIAN_POINT ( 'NONE',  ( 144.9538712691054059, 12.59173987777001713, 20.21724577712357629 ) ) ;
#1268 = CARTESIAN_POINT ( 'NONE',  ( 283.8970335529676277, 2.168101841235416938, 23.24999999999981171 ) ) ;
#1269 = CARTESIAN_POINT ( 'NONE',  ( 279.0790467546910349, 4.951575274432748586, 6.577016478980918457 ) ) ;
#1270 = CARTESIAN_POINT ( 'NONE',  ( 362.7454693069057612, 4.809228537456396779, 371.7300000000000182 ) ) ;
#1271 = ADVANCED_FACE ( 'NONE', ( #6584 ), #6812, .F. ) ;
#1272 = CARTESIAN_POINT ( 'NONE',  ( 280.9819566312978623, 3.843650177165615300, 6.953917748452330905 ) ) ;
#1273 = CARTESIAN_POINT ( 'NONE',  ( 366.2454633822076175, 2.774542313159475526, 371.2300000000000182 ) ) ;
#1274 = ORIENTED_EDGE ( 'NONE', *, *, #2521, .T. ) ;
#1275 = CARTESIAN_POINT ( 'NONE',  ( 145.7817339930798539, 12.55264859290592128, 21.98491040710320377 ) ) ;
#1276 = CARTESIAN_POINT ( 'NONE',  ( 364.6205530846369243, 2.645542193015405275, 371.7300000000000182 ) ) ;
#1277 = CARTESIAN_POINT ( 'NONE',  ( 269.4891938907558142, 5.549929872895136285, 7.010213699113535313 ) ) ;
#1278 = CARTESIAN_POINT ( 'NONE',  ( 285.2231145416045024, 3.631106733143091514, 20.95349864547644358 ) ) ;
#1279 = CARTESIAN_POINT ( 'NONE',  ( 287.5707485271634596, 0.7754760772356484866, 23.25000000001833200 ) ) ;
#1280 = CARTESIAN_POINT ( 'NONE',  ( 270.3456211037849357, 5.395639727180089551, 7.136385404847511715 ) ) ;
#1281 = CARTESIAN_POINT ( 'NONE',  ( 144.9097209595611844, 11.06262197764573507, 22.49369812824840409 ) ) ;
#1282 = CARTESIAN_POINT ( 'NONE',  ( 280.9252733137403766, 3.716866792100608663, 7.652199466236318415 ) ) ;
#1283 = CARTESIAN_POINT ( 'NONE',  ( 280.7587432209076610, 3.511306175723858392, 6.500000000000634159 ) ) ;
#1284 =( BOUNDED_SURFACE ( )  B_SPLINE_SURFACE ( 3, 2, ( 
 ( #536, #3951, #5041 ),
 ( #5154, #2780, #1770 ),
 ( #4033, #7319, #4592 ),
 ( #7357, #3914, #3422 ),
 ( #1131, #3876, #5075 ),
 ( #6197, #2234, #6158 ),
 ( #4513, #6232, #6316 ),
 ( #5672, #2314, #1727 ),
 ( #6718, #613, #4551 ),
 ( #45, #6870, #1616 ) ),
 .UNSPECIFIED., .F., .F., .F. ) 
 B_SPLINE_SURFACE_WITH_KNOTS ( ( 4, 2, 2, 2, 4 ),
 ( 3, 3 ),
 ( -1.517883041479706208E-17, 0.0005593169591706845245, 0.001118633918341384228, 0.001677950877512083931, 0.002237267836682783635 ),
 ( 0.000000000000000000, 1.000000000000000000 ),
 .UNSPECIFIED. ) 
 GEOMETRIC_REPRESENTATION_ITEM ( )  RATIONAL_B_SPLINE_SURFACE ( (
 ( 1.000000000000000000, 0.7071990210256720033, 1.000000000000000000),
 ( 1.000000000000000000, 0.7220546386742929812, 1.000000000000000000),
 ( 1.000000000000000000, 0.7361515196709141895, 1.000000000000000000),
 ( 1.000000000000000000, 0.7632381252764902646, 1.000000000000000000),
 ( 1.000000000000000000, 0.7763138815656697167, 1.000000000000000000),
 ( 1.000000000000000000, 0.8004738774535214985, 1.000000000000000000),
 ( 1.000000000000000000, 0.8114983488140378176, 1.000000000000000000),
 ( 1.000000000000000000, 0.8315413871078159991, 1.000000000000000000),
 ( 1.000000000000000000, 0.8406030339911315652, 1.000000000000000000),
 ( 1.000000000000000000, 0.8480338035390900808, 1.000000000000000000) ) ) 
 REPRESENTATION_ITEM ( '' )  SURFACE ( )  );
#1285 = CARTESIAN_POINT ( 'NONE',  ( 281.3034895023948820, 4.310369686362958142, 6.530902743504391594 ) ) ;
#1286 = CARTESIAN_POINT ( 'NONE',  ( 262.5587049722948336, 7.058853546641679522, 5.999999999999991118 ) ) ;
#1287 = CARTESIAN_POINT ( 'NONE',  ( 283.2104171613286212, -0.01402787139120645170, 6.537991070459588272 ) ) ;
#1288 = ORIENTED_EDGE ( 'NONE', *, *, #2248, .T. ) ;
#1289 = VECTOR ( 'NONE', #6627, 1000.000000000000000 ) ;
#1290 = CARTESIAN_POINT ( 'NONE',  ( 276.1912183041114872, 7.205577911205252484, 249.8200000000003058 ) ) ;
#1291 = CARTESIAN_POINT ( 'NONE',  ( 212.5160879168598171, 8.010406296817215832, 128.8122906301585431 ) ) ;
#1292 = EDGE_CURVE ( 'NONE', #5963, #7018, #3730, .T. ) ;
#1293 = FACE_OUTER_BOUND ( 'NONE', #3685, .T. ) ;
#1294 = AXIS2_PLACEMENT_3D ( 'NONE', #1886, #4151, #1334 ) ;
#1295 = FACE_OUTER_BOUND ( 'NONE', #3377, .T. ) ;
#1296 = ORIENTED_EDGE ( 'NONE', *, *, #2125, .T. ) ;
#1297 = ADVANCED_FACE ( 'NONE', ( #3097 ), #2775, .T. ) ;
#1298 = CARTESIAN_POINT ( 'NONE',  ( 160.7205317141064427, 12.03571616598487637, 6.883429949819879212 ) ) ;
#1299 = CARTESIAN_POINT ( 'NONE',  ( 146.2292376182545013, 12.55055846563413446, 20.59092358402483924 ) ) ;
#1300 =( GEOMETRIC_REPRESENTATION_CONTEXT ( 3 ) GLOBAL_UNCERTAINTY_ASSIGNED_CONTEXT ( ( #2812 ) ) GLOBAL_UNIT_ASSIGNED_CONTEXT ( ( #1392, #3086, #3188 ) ) REPRESENTATION_CONTEXT ( 'NONE', 'WORKASPACE' ) );
#1301 = CARTESIAN_POINT ( 'NONE',  ( 333.4512047693238515, 4.734024031886701955, 339.5835861460509477 ) ) ;
#1302 = CARTESIAN_POINT ( 'NONE',  ( 123.4401399162855313, 11.07620031826601981, 20.94089999999999918 ) ) ;
#1303 = CARTESIAN_POINT ( 'NONE',  ( 224.9577598754640348, 10.38883224098626457, 6.500000000000008882 ) ) ;
#1304 = CARTESIAN_POINT ( 'NONE',  ( 345.0844979449201446, 3.907896434735913083, 371.7300000000000182 ) ) ;
#1305 = ORIENTED_EDGE ( 'NONE', *, *, #4914, .T. ) ;
#1306 = PLANE ( 'NONE',  #5559 ) ;
#1307 = DIRECTION ( 'NONE',  ( 2.852601462733168016E-13, 0.9986483016480055541, 0.05197662566533232942 ) ) ;
#1308 = CARTESIAN_POINT ( 'NONE',  ( 125.8948310856467856, 13.31986675637528705, 6.870645273639709671 ) ) ;
#1309 = CARTESIAN_POINT ( 'NONE',  ( 139.7621165712830873, 13.36582436947918673, 22.21610850427822115 ) ) ;
#1310 = B_SPLINE_CURVE_WITH_KNOTS ( 'NONE', 3,
 ( #4407, #4476, #1061, #2131, #389, #3841 ),
 .UNSPECIFIED., .F., .F.,
 ( 4, 2, 4 ),
 ( 0.000000000000000000, 0.0004475168562362696195, 0.0008950337124725392390 ),
 .UNSPECIFIED. ) ;
#1311 = CARTESIAN_POINT ( 'NONE',  ( 332.5766904567812503, -0.1290422553734925371, 174.1132496431910397 ) ) ;
#1312 = CARTESIAN_POINT ( 'NONE',  ( 281.2759274953527893, 4.334324547976282638, 6.528680181852005049 ) ) ;
#1313 = CARTESIAN_POINT ( 'NONE',  ( 367.3378325657955088, 2.797155371970641458, 249.6533333333333644 ) ) ;
#1314 = ORIENTED_EDGE ( 'NONE', *, *, #3073, .T. ) ;
#1315 = CARTESIAN_POINT ( 'NONE',  ( 345.6574720289958691, 2.195773067253522282, 339.3022099111493048 ) ) ;
#1316 = CARTESIAN_POINT ( 'NONE',  ( 115.8533723445666510, 13.06241682484118272, 6.000000000000006217 ) ) ;
#1317 = B_SPLINE_CURVE_WITH_KNOTS ( 'NONE', 3,
 ( #108, #3446, #2928, #2442 ),
 .UNSPECIFIED., .F., .F.,
 ( 4, 4 ),
 ( 0.000000000000000000, 0.0004591367252723502776 ),
 .UNSPECIFIED. ) ;
#1318 = CARTESIAN_POINT ( 'NONE',  ( 284.7172305149721865, 3.875565211183342740, 21.04006684462846621 ) ) ;
#1319 = CARTESIAN_POINT ( 'NONE',  ( 286.6025889771494803, 1.314571810457982437, 20.65042525828032183 ) ) ;
#1320 = CARTESIAN_POINT ( 'NONE',  ( 275.1357219549578872, 4.857636655206862386, 7.007918807652053772 ) ) ;
#1321 = CARTESIAN_POINT ( 'NONE',  ( 126.6778218435259049, 12.13682769517362559, 23.56677579203847728 ) ) ;
#1322 = CARTESIAN_POINT ( 'NONE',  ( 160.1370129530978659, 12.86875015603003369, 6.445942084765380109 ) ) ;
#1323 = CARTESIAN_POINT ( 'NONE',  ( 281.2024479616140979, 3.827339328249060202, 6.844749411027105879 ) ) ;
#1324 = FACE_OUTER_BOUND ( 'NONE', #6193, .T. ) ;
#1325 = ORIENTED_EDGE ( 'NONE', *, *, #4687, .F. ) ;
#1326 = CARTESIAN_POINT ( 'NONE',  ( 154.2622988768160042, 12.17559874525545993, 7.505310400608836474 ) ) ;
#1327 = CARTESIAN_POINT ( 'NONE',  ( 332.3098660827412800, 3.442853192063346057, 338.1005154283698175 ) ) ;
#1328 = ADVANCED_FACE ( 'NONE', ( #319 ), #4336, .F. ) ;
#1329 = ORIENTED_EDGE ( 'NONE', *, *, #4346, .T. ) ;
#1330 = CARTESIAN_POINT ( 'NONE',  ( 253.0411870946023214, 7.179313480410655757, 6.573886820946408527 ) ) ;
#1331 = CARTESIAN_POINT ( 'NONE',  ( 219.9359015679748950, 8.800041517737055230, 6.885347858804911958 ) ) ;
#1332 = CARTESIAN_POINT ( 'NONE',  ( 273.6384132941038274, 5.378178705181960950, 23.24999999999999289 ) ) ;
#1333 = B_SPLINE_CURVE_WITH_KNOTS ( 'NONE', 3,
 ( #2573, #5536, #280, #4892 ),
 .UNSPECIFIED., .F., .F.,
 ( 4, 4 ),
 ( 0.000000000000000000, 1.000000000000000000 ),
 .UNSPECIFIED. ) ;
#1334 = DIRECTION ( 'NONE',  ( -0.02803161192162230073, -0.9996070371566396773, 0.000000000000000000 ) ) ;
#1335 = CARTESIAN_POINT ( 'NONE',  ( 263.3759731210270161, 8.088575804882376374, 5.999999999999991118 ) ) ;
#1336 = ORIENTED_EDGE ( 'NONE', *, *, #3048, .T. ) ;
#1337 = CARTESIAN_POINT ( 'NONE',  ( 167.6830012580437597, 11.56209415033696608, 7.117155068681929819 ) ) ;
#1338 = CARTESIAN_POINT ( 'NONE',  ( 144.9538712691054059, 12.59173987777001713, 20.21724577712357629 ) ) ;
#1339 = DIRECTION ( 'NONE',  ( -1.000000000000000000, 2.856580215031687191E-13, -1.027855647498751698E-16 ) ) ;
#1340 = CARTESIAN_POINT ( 'NONE',  ( 125.3419143949638936, 12.21864245122387871, 21.45384680002819877 ) ) ;
#1341 = CARTESIAN_POINT ( 'NONE',  ( 115.1087634326128040, 13.81482779694660223, 6.000000000000000000 ) ) ;
#1342 = EDGE_LOOP ( 'NONE', ( #3273, #6896, #6914, #4884, #3313 ) ) ;
#1343 = CARTESIAN_POINT ( 'NONE',  ( 140.7989541123222068, 12.11610725402290356, 23.98017511553389625 ) ) ;
#1344 = CARTESIAN_POINT ( 'NONE',  ( 124.1520478446563800, 13.11484799944680191, 7.472700530916918993 ) ) ;
#1345 = DIRECTION ( 'NONE',  ( 2.856580399953362200E-13, 0.9999999352646697925, -0.0003598203108568316568 ) ) ;
#1346 = CARTESIAN_POINT ( 'NONE',  ( 163.3759731210269308, 13.79274210926817723, 5.999999999999991118 ) ) ;
#1347 = CARTESIAN_POINT ( 'NONE',  ( 129.1413571677786933, 11.18446556902929068, 22.48197889825576823 ) ) ;
#1348 = VERTEX_POINT ( 'NONE', #4933 ) ;
#1349 = CARTESIAN_POINT ( 'NONE',  ( 237.2170283023806689, 8.336622846192586422, 127.9100000000000250 ) ) ;
#1350 = CARTESIAN_POINT ( 'NONE',  ( 285.2052918453861139, 3.641395107835613931, 20.95681177354861191 ) ) ;
#1351 = CARTESIAN_POINT ( 'NONE',  ( 275.1438340380356635, 4.931698541088028520, 6.893504800327307613 ) ) ;
#1352 = CARTESIAN_POINT ( 'NONE',  ( 126.8723905920664805, 12.05252249909977813, 23.87451413886257967 ) ) ;
#1353 = CARTESIAN_POINT ( 'NONE',  ( 281.6022352638696589, 4.315544625671196677, 6.498457597087866411 ) ) ;
#1354 = DIRECTION ( 'NONE',  ( -0.000000000000000000, 1.000000000000000000, 0.000000000000000000 ) ) ;
#1355 = ORIENTED_EDGE ( 'NONE', *, *, #4902, .T. ) ;
#1356 = DIRECTION ( 'NONE',  ( -4.226928567360789971E-13, -1.000000000000000000, 0.000000000000000000 ) ) ;
#1357 = CARTESIAN_POINT ( 'NONE',  ( 260.3759731210270161, 7.175950877862858235, 5.999999999999985789 ) ) ;
#1358 = EDGE_LOOP ( 'NONE', ( #2863, #4706, #4383, #382, #6569, #3947, #2564, #1557, #7335, #3028, #4515, #4925, #2250, #3265, #6415, #1249 ) ) ;
#1359 = CARTESIAN_POINT ( 'NONE',  ( 251.2614499438475377, 6.663447948480071936, 7.507824595842633286 ) ) ;
#1360 = CARTESIAN_POINT ( 'NONE',  ( 216.4429548794631728, 8.830547924170273788, 7.242439504784896620 ) ) ;
#1361 = CARTESIAN_POINT ( 'NONE',  ( 122.1063988256580615, 13.94701467959683683, 5.999999999999996447 ) ) ;
#1362 = FACE_OUTER_BOUND ( 'NONE', #533, .T. ) ;
#1363 = CARTESIAN_POINT ( 'NONE',  ( 284.2455738023026584, -0.009395229549811871111, 6.499999999999971578 ) ) ;
#1364 = ADVANCED_FACE ( 'NONE', ( #4303 ), #6050, .F. ) ;
#1365 = CARTESIAN_POINT ( 'NONE',  ( 282.3864555098434153, 1.398600853797190569, 7.799997220571300183 ) ) ;
#1366 =( BOUNDED_SURFACE ( )  B_SPLINE_SURFACE ( 3, 2, ( 
 ( #3010, #188, #6905 ),
 ( #2901, #1719, #6389 ),
 ( #1801, #4702, #5858 ),
 ( #2417, #1877, #5743 ),
 ( #3984, #5708, #118 ),
 ( #3535, #1283, #5268 ),
 ( #4028, #2385, #2307 ),
 ( #4063, #6979, #723 ),
 ( #1206, #5783, #6862 ),
 ( #3568, #4143, #6265 ),
 ( #3455, #607, #5149 ),
 ( #3415, #646, #6424 ),
 ( #2858, #2976, #154 ),
 ( #686, #5188, #759 ),
 ( #40, #2939, #2517 ),
 ( #7122, #1420, #2552 ),
 ( #4211, #6529, #7047 ),
 ( #3285, #2007, #5377 ),
 ( #5445, #1591, #224 ),
 ( #3673, #7081, #2451 ),
 ( #7156, #864, #4282 ),
 ( #2038, #5993, #1974 ),
 ( #4176, #3638, #1940 ),
 ( #2480, #261, #6492 ) ),
 .UNSPECIFIED., .F., .F., .T. ) 
 B_SPLINE_SURFACE_WITH_KNOTS ( ( 4, 2, 2, 2, 2, 2, 2, 2, 2, 2, 2, 4 ),
 ( 3, 3 ),
 ( 0.01683217970925229845, 0.01691416918188132917, 0.01699615865451035990, 0.01716013759976841788, 0.01748809549028453730, 0.01814401127131677616, 0.01945584283338125386, 0.02076767439544573157, 0.02142359017647797043, 0.02175154806699408638, 0.02191552701225214783, 0.02207950595751020581 ),
 ( 0.000000000000000000, 1.000000000000000000 ),
 .UNSPECIFIED. ) 
 GEOMETRIC_REPRESENTATION_ITEM ( )  RATIONAL_B_SPLINE_SURFACE ( (
 ( 1.000000000000000000, 0.6281602908833013865, 1.000000000000000000),
 ( 1.000000000000000000, 0.6281547123628093976, 1.000000000000000000),
 ( 1.000000000000000000, 0.6281491338455418294, 1.000000000000000000),
 ( 1.000000000000000000, 0.6281379768137542730, 1.000000000000000000),
 ( 1.000000000000000000, 0.6283499588023624405, 1.000000000000000000),
 ( 1.000000000000000000, 0.6271064367535350570, 1.000000000000000000),
 ( 1.000000000000000000, 0.6262880281356643097, 1.000000000000000000),
 ( 1.000000000000000000, 0.6238652325161468948, 1.000000000000000000),
 ( 1.000000000000000000, 0.6222932848587817700, 1.000000000000000000),
 ( 1.000000000000000000, 0.6177117338650696121, 1.000000000000000000),
 ( 1.000000000000000000, 0.6148365240208956140, 1.000000000000000000),
 ( 1.000000000000000000, 0.6067801423986747267, 1.000000000000000000),
 ( 1.000000000000000000, 0.6021337599750963276, 1.000000000000000000),
 ( 1.000000000000000000, 0.5945594239203851883, 1.000000000000000000),
 ( 1.000000000000000000, 0.5916769140690854023, 1.000000000000000000),
 ( 1.000000000000000000, 0.5887096448942559235, 1.000000000000000000),
 ( 1.000000000000000000, 0.5879685421702623982, 1.000000000000000000),
 ( 1.000000000000000000, 0.5872110395044130016, 1.000000000000000000),
 ( 1.000000000000000000, 0.5870176911306826950, 1.000000000000000000),
 ( 1.000000000000000000, 0.5868169800925754354, 1.000000000000000000),
 ( 1.000000000000000000, 0.5867649851512944936, 1.000000000000000000),
 ( 1.000000000000000000, 0.5866911980569479157, 1.000000000000000000),
 ( 1.000000000000000000, 0.5866729797856572448, 1.000000000000000000),
 ( 1.000000000000000000, 0.5866564991212119828, 1.000000000000000000) ) ) 
 REPRESENTATION_ITEM ( '' )  SURFACE ( )  );
#1367 = CARTESIAN_POINT ( 'NONE',  ( 171.1947542803817726, 11.93154992470580922, 6.573577256135041402 ) ) ;
#1368 = CARTESIAN_POINT ( 'NONE',  ( 216.2954389715876289, 3.596086435636029588, 249.8200000000000216 ) ) ;
#1369 = CARTESIAN_POINT ( 'NONE',  ( 134.7122379351077939, 11.21596643783591851, 22.00000000000002132 ) ) ;
#1370 = CARTESIAN_POINT ( 'NONE',  ( 332.7249766320436493, 3.881151624914327858, 338.9470712220443716 ) ) ;
#1371 = DIRECTION ( 'NONE',  ( 2.856580399953363210E-13, 0.9999999352646699036, -0.0003598203108568318194 ) ) ;
#1372 = CARTESIAN_POINT ( 'NONE',  ( 125.8943362456276276, 13.19221790136085204, 7.097696344389484935 ) ) ;
#1373 = CARTESIAN_POINT ( 'NONE',  ( 369.7887401334277797, 4.504254207278608035, 371.7299999999999045 ) ) ;
#1374 = CARTESIAN_POINT ( 'NONE',  ( 342.0239852170001882, 2.130850527033463671, 339.6742570815455906 ) ) ;
#1375 = CARTESIAN_POINT ( 'NONE',  ( 281.2082156581063259, 4.701313273060055309, 6.500060752841560152 ) ) ;
#1376 = CARTESIAN_POINT ( 'NONE',  ( 140.4166352778220528, 12.52220601517057474, 23.19399671629495785 ) ) ;
#1377 = AXIS2_PLACEMENT_3D ( 'NONE', #4363, #4848, #6609 ) ;
#1378 = B_SPLINE_CURVE_WITH_KNOTS ( 'NONE', 3,
 ( #7079, #7154, #3182, #1972 ),
 .UNSPECIFIED., .F., .F.,
 ( 4, 4 ),
 ( 0.000000000000000000, 0.05326240740567479010 ),
 .UNSPECIFIED. ) ;
#1379 = CARTESIAN_POINT ( 'NONE',  ( 163.3759731210269308, 13.79274210926817723, 5.999999999999991118 ) ) ;
#1380 = ORIENTED_EDGE ( 'NONE', *, *, #173, .F. ) ;
#1381 = CARTESIAN_POINT ( 'NONE',  ( 378.4485134910125907, 1.918126365906960507, 371.7300000000002456 ) ) ;
#1382 = CARTESIAN_POINT ( 'NONE',  ( 387.3234774653161594, 3.396906305400466231, 371.2361227609808338 ) ) ;
#1383 = CARTESIAN_POINT ( 'NONE',  ( 275.9997875869802328, 4.648227800535887688, 7.522111160750165837 ) ) ;
#1384 = CARTESIAN_POINT ( 'NONE',  ( 387.2454694065554008, 1.505242361841099719, 371.2299999700258581 ) ) ;
#1385 = CARTESIAN_POINT ( 'NONE',  ( 263.8759731210269024, 8.054214690350256944, 6.499999999999993783 ) ) ;
#1386 = CARTESIAN_POINT ( 'NONE',  ( 281.2339835468540628, 4.206524117661456508, 6.587965700322676810 ) ) ;
#1387 = CARTESIAN_POINT ( 'NONE',  ( 338.9703268125949762, 2.379398735259333542, 339.7192558839607273 ) ) ;
#1388 = ORIENTED_EDGE ( 'NONE', *, *, #5794, .T. ) ;
#1389 = CARTESIAN_POINT ( 'NONE',  ( 191.9648444180210447, 10.19190380556455189, 7.505408157461299190 ) ) ;
#1390 = CARTESIAN_POINT ( 'NONE',  ( 224.1208824246916436, 3.191261292049246912, 249.8200000000001637 ) ) ;
#1391 = EDGE_LOOP ( 'NONE', ( #5670, #2618, #5546 ) ) ;
#1392 =( LENGTH_UNIT ( ) NAMED_UNIT ( * ) SI_UNIT ( .MILLI., .METRE. ) );
#1393 = CARTESIAN_POINT ( 'NONE',  ( 251.2690265446244666, 6.788298943413624720, 6.997905272837771307 ) ) ;
#1394 = CARTESIAN_POINT ( 'NONE',  ( 216.4488699585890004, 8.930958021496600452, 6.997589217572750542 ) ) ;
#1395 = CARTESIAN_POINT ( 'NONE',  ( 192.1680502154775070, 10.51058988974591912, 127.9100000000000250 ) ) ;
#1396 = CARTESIAN_POINT ( 'NONE',  ( 388.8243781661947764, 0.7969555350740786803, 344.8128367760268702 ) ) ;
#1397 = CARTESIAN_POINT ( 'NONE',  ( 116.4627707656828335, 13.17716021091768575, 6.916768051483972002 ) ) ;
#1398 = CIRCLE ( 'NONE', #201, 0.1999999999999966249 ) ;
#1399 = CARTESIAN_POINT ( 'NONE',  ( 387.7454678600309421, 1.468139039964491133, 371.2300000000000182 ) ) ;
#1400 = CARTESIAN_POINT ( 'NONE',  ( 164.2329669072790352, 12.40820513265106229, 6.523836333747190963 ) ) ;
#1401 = CARTESIAN_POINT ( 'NONE',  ( 311.3703710539632539, 1.975453275412309528, 371.7300000000000182 ) ) ;
#1402 = CARTESIAN_POINT ( 'NONE',  ( 258.1681913659482461, 5.341538196156641050, 233.8199999999999932 ) ) ;
#1403 = CARTESIAN_POINT ( 'NONE',  ( 332.5766904567805113, -2.740346455903572842, 171.7875325766441961 ) ) ;
#1404 = CALENDAR_DATE ( 2025, 19, 6 ) ;
#1405 = CARTESIAN_POINT ( 'NONE',  ( 160.3759731210269308, 13.94446355411818317, 6.500000019107369020 ) ) ;
#1406 = EDGE_CURVE ( 'NONE', #6022, #163, #1133, .T. ) ;
#1407 = EDGE_CURVE ( 'NONE', #7021, #1020, #7325, .T. ) ;
#1408 = CARTESIAN_POINT ( 'NONE',  ( 125.8979238132886849, 14.11766630184242466, 6.500049493154907765 ) ) ;
#1409 = CARTESIAN_POINT ( 'NONE',  ( 309.8908293196015507, 7.134131452003182439, 249.8200000000001069 ) ) ;
#1410 = CARTESIAN_POINT ( 'NONE',  ( 342.0305481633891986, 2.268581675756200955, 339.7198771357334408 ) ) ;
#1411 = CARTESIAN_POINT ( 'NONE',  ( 140.6409254609020536, 12.16448197492903738, 23.65577913646941610 ) ) ;
#1412 = CARTESIAN_POINT ( 'NONE',  ( 263.8759731210269024, 8.054214690350256944, 6.499999999999993783 ) ) ;
#1413 = ORIENTED_EDGE ( 'NONE', *, *, #4687, .T. ) ;
#1414 = CARTESIAN_POINT ( 'NONE',  ( 218.7858372968824767, 8.656549493194685141, 6.000000000000007105 ) ) ;
#1415 = ADVANCED_FACE ( 'NONE', ( #4373 ), #5025, .F. ) ;
#1416 = CARTESIAN_POINT ( 'NONE',  ( 262.9922045477029542, 8.114228863361443445, 6.499999999999992006 ) ) ;
#1417 = CARTESIAN_POINT ( 'NONE',  ( 276.4976504816322063, 5.220732861941409730, 6.575154026964935561 ) ) ;
#1418 = CARTESIAN_POINT ( 'NONE',  ( 214.0194244389982146, 7.936647809838371259, 131.8090830712569641 ) ) ;
#1419 = CARTESIAN_POINT ( 'NONE',  ( 281.9436274515492187, 3.406304989391746307, 6.844868409974053769 ) ) ;
#1420 = CARTESIAN_POINT ( 'NONE',  ( 282.0855794805193568, 0.7971636546239160293, 6.499999999996410871 ) ) ;
#1421 = ORIENTED_EDGE ( 'NONE', *, *, #2347, .T. ) ;
#1422 = CARTESIAN_POINT ( 'NONE',  ( 185.1104946209309787, 10.56854478757949600, 7.505345286566789120 ) ) ;
#1423 = EDGE_CURVE ( 'NONE', #3879, #935, #3970, .T. ) ;
#1424 = CARTESIAN_POINT ( 'NONE',  ( 131.4191763488096285, 5.431961435212882883, 127.9100000000000534 ) ) ;
#1425 = ORIENTED_EDGE ( 'NONE', *, *, #6470, .F. ) ;
#1426 = CARTESIAN_POINT ( 'NONE',  ( 411.4934777558066230, -3.859523744526601705E-05, 371.2300000000003024 ) ) ;
#1427 = CARTESIAN_POINT ( 'NONE',  ( 244.3506604587971367, 7.985368458912009082, 6.498702180988227717 ) ) ;
#1428 = CARTESIAN_POINT ( 'NONE',  ( 125.6117820114704386, 12.99622361496780343, 11.60000000000058940 ) ) ;
#1429 = CARTESIAN_POINT ( 'NONE',  ( 249.8743372885165002, 7.749035284295788806, 6.500000000000020428 ) ) ;
#1430 = CARTESIAN_POINT ( 'NONE',  ( 390.7454657763835257, 1.241818010381607218, 371.2300000000000182 ) ) ;
#1431 = ORIENTED_EDGE ( 'NONE', *, *, #7110, .F. ) ;
#1432 = CARTESIAN_POINT ( 'NONE',  ( 329.2397011151822994, 3.929100272189995913, 341.6431736535042205 ) ) ;
#1433 = CARTESIAN_POINT ( 'NONE',  ( 346.1956411067303065, 3.465036795284079485, 339.2395543567163827 ) ) ;
#1434 = CARTESIAN_POINT ( 'NONE',  ( 153.7381637464893913, 12.20369035358485554, 7.373130682649902568 ) ) ;
#1435 = CARTESIAN_POINT ( 'NONE',  ( 345.5168043055054454, 2.059582226000510552, 339.3194544012079632 ) ) ;
#1436 = CARTESIAN_POINT ( 'NONE',  ( 263.4017220389865201, 5.378621501178624698, 233.8200000000000216 ) ) ;
#1437 = CARTESIAN_POINT ( 'NONE',  ( 365.7454693069067275, 4.688385421200227832, 371.7300000000000182 ) ) ;
#1438 = B_SPLINE_CURVE_WITH_KNOTS ( 'NONE', 3,
 ( #1428, #2526, #416, #3226, #837, #2080, #871, #4255, #6536, #4360, #5453, #342, #5524, #3681, #7163, #2045, #4323, #5384, #3122, #2666, #6643, #3089, #5415, #4958, #6678, #3940, #6223, #527, #1680, #2304, #5558, #7310, #1647, #5144 ),
 .UNSPECIFIED., .F., .F.,
 ( 4, 2, 2, 2, 2, 2, 2, 2, 2, 2, 2, 2, 2, 2, 2, 2, 4 ),
 ( 0.000000000000000000, 0.0004885344216771490312, 0.0009770688433542980625, 0.001465603265031447094, 0.001954137686708596125, 0.002442672108385745156, 0.002931206530062894187, 0.003419740951740043219, 0.003908275373417192250, 0.004396809795094340848, 0.004885344216771490312, 0.005373878638448639777, 0.005862413060125788375, 0.006350947481802936972, 0.006839481903480086437, 0.007328016325157235902, 0.007816550746834384500 ),
 .UNSPECIFIED. ) ;
#1439 = DIRECTION ( 'NONE',  ( 0.000000000000000000, -0.0003598203108568340963, -0.9999999352646697925 ) ) ;
#1440 = CARTESIAN_POINT ( 'NONE',  ( 132.8660574309200797, 13.25233521472751264, 6.873857738486276681 ) ) ;
#1441 = CARTESIAN_POINT ( 'NONE',  ( 102.1249049546908481, 14.58120123077347863, 6.000000000000010658 ) ) ;
#1442 = CARTESIAN_POINT ( 'NONE',  ( 139.6498545343514763, 13.66348366422372784, 21.71100162521663890 ) ) ;
#1443 = CARTESIAN_POINT ( 'NONE',  ( 345.3236086992785658, 2.197796639884514569, 339.4892188348273407 ) ) ;
#1444 = EDGE_CURVE ( 'NONE', #4866, #2484, #5322, .T. ) ;
#1445 = CARTESIAN_POINT ( 'NONE',  ( 127.9834725099337760, 13.69065775294000176, 14.90720564832292183 ) ) ;
#1446 = VERTEX_POINT ( 'NONE', #2280 ) ;
#1447 = CARTESIAN_POINT ( 'NONE',  ( 247.5848206990276594, 6.877807356555885043, 5.999999999999996447 ) ) ;
#1448 = B_SPLINE_CURVE_WITH_KNOTS ( 'NONE', 3,
 ( #6368, #3438, #627, #667, #745, #708 ),
 .UNSPECIFIED., .F., .F.,
 ( 4, 2, 4 ),
 ( 1.214306433183764966E-17, 0.0003908162087025408653, 0.0007816324174050695876 ),
 .UNSPECIFIED. ) ;
#1449 = CARTESIAN_POINT ( 'NONE',  ( 330.5210281287088492, 4.164469762552520216, 311.7181316484076774 ) ) ;
#1450 = CARTESIAN_POINT ( 'NONE',  ( 274.7547895003308440, 5.403203299595957354, 6.575699846854750064 ) ) ;
#1451 = CARTESIAN_POINT ( 'NONE',  ( 366.2694485032247940, 2.773518767662806805, 371.2299999407358087 ) ) ;
#1452 = CARTESIAN_POINT ( 'NONE',  ( 281.7583325713205795, 3.511563560061321088, 6.844838659634167932 ) ) ;
#1453 = CARTESIAN_POINT ( 'NONE',  ( 345.3418740479802409, 2.132929340993791278, 339.6963200453633931 ) ) ;
#1454 = ORIENTED_EDGE ( 'NONE', *, *, #656, .T. ) ;
#1455 = CARTESIAN_POINT ( 'NONE',  ( 266.4829035392915557, 5.763164713960382102, 7.519133573258070413 ) ) ;
#1456 = CARTESIAN_POINT ( 'NONE',  ( 25.53000692055029575, 4.505435167130783292, 5.999999999999992895 ) ) ;
#1457 = ORIENTED_EDGE ( 'NONE', *, *, #2277, .F. ) ;
#1458 = CARTESIAN_POINT ( 'NONE',  ( 410.6832298241847070, 1.358032875605883039, 371.2299999999996203 ) ) ;
#1459 = CARTESIAN_POINT ( 'NONE',  ( 244.3253817189163897, 7.607854549584009973, 6.624328430515117105 ) ) ;
#1460 = EDGE_LOOP ( 'NONE', ( #3606, #4548, #5116 ) ) ;
#1461 = CARTESIAN_POINT ( 'NONE',  ( 337.8576395270434887, 3.942658430012346837, 371.7300000000004161 ) ) ;
#1462 = CARTESIAN_POINT ( 'NONE',  ( 254.8737989679935083, 7.454576555563630080, 6.500000000000002665 ) ) ;
#1463 = PRODUCT_DEFINITION ( 'UNKNOWN', '', #2694, #524 ) ;
#1464 = CARTESIAN_POINT ( 'NONE',  ( 333.3368222661781033, -0.01733037315160001687, 147.2100783088696971 ) ) ;
#1465 = DIRECTION ( 'NONE',  ( 0.8452312630140184080, 0.000000000000000000, -0.5344007036145510536 ) ) ;
#1466 = ORIENTED_EDGE ( 'NONE', *, *, #1444, .F. ) ;
#1467 = CARTESIAN_POINT ( 'NONE',  ( 346.0932297724065734, 3.467998732871097722, 339.6378692649066124 ) ) ;
#1468 = CARTESIAN_POINT ( 'NONE',  ( 192.0666227553327587, 10.26205003590307996, 7.118716485303018260 ) ) ;
#1469 = CARTESIAN_POINT ( 'NONE',  ( 142.6762950832916772, 13.76285033188755236, 6.500000000000018652 ) ) ;
#1470 = CARTESIAN_POINT ( 'NONE',  ( 335.5980879213462913, 2.348688803427049443, 339.7300000000000182 ) ) ;
#1471 = ORIENTED_EDGE ( 'NONE', *, *, #4277, .T. ) ;
#1472 = CARTESIAN_POINT ( 'NONE',  ( 333.7590038437475641, 4.667297534644965218, 340.4763376998637909 ) ) ;
#1473 = CARTESIAN_POINT ( 'NONE',  ( 163.3759731210269877, 13.79274210926817723, 5.999999999999990230 ) ) ;
#1474 = CARTESIAN_POINT ( 'NONE',  ( 134.6177995924745119, 13.76017919679645729, 6.523296021369799469 ) ) ;
#1475 = CARTESIAN_POINT ( 'NONE',  ( 341.4695528028175318, 5.205202219202122116, 371.7300000000001319 ) ) ;
#1476 = CARTESIAN_POINT ( 'NONE',  ( 390.7454657763835257, 1.241818010381607218, 371.2300000000000182 ) ) ;
#1477 = CARTESIAN_POINT ( 'NONE',  ( 138.1273068347173307, 12.69808175176545006, 21.53876222156842957 ) ) ;
#1478 = CARTESIAN_POINT ( 'NONE',  ( 125.1040506702209569, 12.82320105295468871, 16.60000000000058051 ) ) ;
#1479 = EDGE_LOOP ( 'NONE', ( #2848, #5827, #3127, #7074 ) ) ;
#1480 = CARTESIAN_POINT ( 'NONE',  ( 386.7382922296007450, 1.351239771897790209, 371.7300000000000182 ) ) ;
#1481 = ADVANCED_FACE ( 'NONE', ( #3426 ), #4111, .T. ) ;
#1482 = CARTESIAN_POINT ( 'NONE',  ( 340.2406713131692300, 4.379632313476992778, 350.7196555092606900 ) ) ;
#1483 = CARTESIAN_POINT ( 'NONE',  ( 278.1732923738277918, 4.447890078660453383, 7.522065090263290621 ) ) ;
#1484 = CARTESIAN_POINT ( 'NONE',  ( 332.5766904567805113, -2.739819871362719983, 173.2509977865708208 ) ) ;
#1485 = CARTESIAN_POINT ( 'NONE',  ( 281.6784421082118115, 3.802426043016879476, 6.647287349692541980 ) ) ;
#1486 = ORIENTED_EDGE ( 'NONE', *, *, #1407, .T. ) ;
#1487 = CARTESIAN_POINT ( 'NONE',  ( 345.1699667713116924, 2.139755573700806046, 339.7194405814560696 ) ) ;
#1488 = CARTESIAN_POINT ( 'NONE',  ( 221.8705619114228114, 2.720107601772841388, 249.8200000000000216 ) ) ;
#1489 = VECTOR ( 'NONE', #6329, 1000.000000000000000 ) ;
#1490 = VERTEX_POINT ( 'NONE', #5079 ) ;
#1491 = DIRECTION ( 'NONE',  ( 0.000000000000000000, -0.0003598203108566928247, -0.9999999352646699036 ) ) ;
#1492 = EDGE_CURVE ( 'NONE', #3813, #5237, #4952, .T. ) ;
#1493 = CARTESIAN_POINT ( 'NONE',  ( 254.7498649262194306, 6.456853996002413609, 7.373386724519456870 ) ) ;
#1494 = CARTESIAN_POINT ( 'NONE',  ( 113.2855990396648735, 13.74362868733618193, 6.000000000000000888 ) ) ;
#1495 = CARTESIAN_POINT ( 'NONE',  ( 332.3098660827429285, 3.442853192063332735, 338.1005154283682259 ) ) ;
#1496 = CARTESIAN_POINT ( 'NONE',  ( 331.6232311603704375, -0.01770949519828735053, 142.2984234191293069 ) ) ;
#1497 = ORIENTED_EDGE ( 'NONE', *, *, #2302, .F. ) ;
#1498 = CARTESIAN_POINT ( 'NONE',  ( 115.6343859442697095, -43.07938103743692437, 6.100000000000591172 ) ) ;
#1499 = ORIENTED_EDGE ( 'NONE', *, *, #1951, .F. ) ;
#1500 = CARTESIAN_POINT ( 'NONE',  ( 345.4163241270735512, 2.130004047237852749, 339.6529503645679711 ) ) ;
#1501 = EDGE_CURVE ( 'NONE', #4511, #90, #53, .T. ) ;
#1502 = CARTESIAN_POINT ( 'NONE',  ( 185.0993325362152859, 10.64496226770083176, 7.118682516368748381 ) ) ;
#1503 = CARTESIAN_POINT ( 'NONE',  ( 345.5915872831115507, 2.165381552003085908, 339.4929343189862152 ) ) ;
#1504 = CARTESIAN_POINT ( 'NONE',  ( 201.6741879305206169, 8.260207226366295785, 127.9100000000000250 ) ) ;
#1505 = VERTEX_POINT ( 'NONE', #2317 ) ;
#1506 = DIRECTION ( 'NONE',  ( -2.856580399953362705E-13, -0.9999999352646699036, 0.0003598203108568317652 ) ) ;
#1507 = EDGE_CURVE ( 'NONE', #109, #5002, #3069, .T. ) ;
#1508 = CARTESIAN_POINT ( 'NONE',  ( 332.7249766320435356, 3.881151624914460641, 338.9470712220444852 ) ) ;
#1509 = CARTESIAN_POINT ( 'NONE',  ( 141.5704159055371179, 13.09860567777007567, 6.787776524814082890 ) ) ;
#1510 = CARTESIAN_POINT ( 'NONE',  ( 235.8461456067601034, 7.044029509193168614, 249.8199999999999079 ) ) ;
#1511 = VECTOR ( 'NONE', #6698, 1000.000000000000000 ) ;
#1512 = CARTESIAN_POINT ( 'NONE',  ( 338.8831631811924581, 2.246362872290280865, 339.6741629860109697 ) ) ;
#1513 = CARTESIAN_POINT ( 'NONE',  ( 118.8174050728990920, 13.68835174182089709, 11.13440070361514067 ) ) ;
#1514 = CARTESIAN_POINT ( 'NONE',  ( 141.5398990986852823, 12.67557156267740837, 20.22469019349429686 ) ) ;
#1515 = VECTOR ( 'NONE', #3464, 1000.000000000000000 ) ;
#1516 = CARTESIAN_POINT ( 'NONE',  ( 387.2454693069067844, 3.365671187338276749, 371.2300000000000182 ) ) ;
#1517 = ORIENTED_EDGE ( 'NONE', *, *, #679, .F. ) ;
#1518 = CARTESIAN_POINT ( 'NONE',  ( 202.3255331784738758, 9.607293697455864034, 6.000000000000010658 ) ) ;
#1519 = CARTESIAN_POINT ( 'NONE',  ( 115.4455731364702871, 13.36919452329447466, 6.684524438262539725 ) ) ;
#1520 = CARTESIAN_POINT ( 'NONE',  ( 362.2789032382744381, 2.938382660440217453, 371.2299999627803118 ) ) ;
#1521 = CARTESIAN_POINT ( 'NONE',  ( 399.4002299347947655, 0.1313934697643308058, 371.1641036577133264 ) ) ;
#1522 = CIRCLE ( 'NONE', #5220, 1.663191211614952092 ) ;
#1523 = CARTESIAN_POINT ( 'NONE',  ( 276.4500114530190444, 4.724097556210004711, 7.005296679388504977 ) ) ;
#1524 = DIRECTION ( 'NONE',  ( -2.856580399953362705E-13, -0.9999999352646697925, 0.0003598203108568317652 ) ) ;
#1525 = CARTESIAN_POINT ( 'NONE',  ( 281.3060905768043085, 3.578301405183610839, 7.083999172242124054 ) ) ;
#1526 = ORIENTED_EDGE ( 'NONE', *, *, #5282, .F. ) ;
#1527 = CARTESIAN_POINT ( 'NONE',  ( 342.1023516125604260, 3.615669302253733619, 341.6222211027414346 ) ) ;
#1528 = B_SPLINE_CURVE_WITH_KNOTS ( 'NONE', 3,
 ( #3598, #6904, #116, #757, #684, #4665, #151, #3042, #4734, #1243, #2383, #1874, #2937 ),
 .UNSPECIFIED., .F., .F.,
 ( 4, 3, 3, 3, 4 ),
 ( 0.001129059784526006841, 0.03414072687870940009, 0.1707036344220772550, 0.2389850881848744890, 0.3728974552123622832 ),
 .UNSPECIFIED. ) ;
#1529 = CARTESIAN_POINT ( 'NONE',  ( 346.4892270382682113, 3.266133789635309093, 371.2300000000001887 ) ) ;
#1530 = CARTESIAN_POINT ( 'NONE',  ( 259.9906095807505153, 6.325875066614698561, 6.995011002548968015 ) ) ;
#1531 = CARTESIAN_POINT ( 'NONE',  ( 339.1980015732805214, 3.936211139028374273, 371.7299999999999613 ) ) ;
#1532 = CARTESIAN_POINT ( 'NONE',  ( 251.8737045566645918, 7.624984960567766201, 6.500000000000002665 ) ) ;
#1533 = DIRECTION ( 'NONE',  ( -1.000000000000000000, 0.000000000000000000, -1.039151435052820225E-15 ) ) ;
#1534 = CARTESIAN_POINT ( 'NONE',  ( 116.4476239150841081, 13.11448919798230150, 7.015489855041133538 ) ) ;
#1535 = EDGE_CURVE ( 'NONE', #422, #514, #1753, .T. ) ;
#1536 = EDGE_CURVE ( 'NONE', #2767, #6583, #6096, .T. ) ;
#1537 = ORIENTED_EDGE ( 'NONE', *, *, #2163, .T. ) ;
#1538 = CARTESIAN_POINT ( 'NONE',  ( 339.4114397692031844, 3.709144938821369752, 341.6254514401887263 ) ) ;
#1539 = VERTEX_POINT ( 'NONE', #6874 ) ;
#1540 = CARTESIAN_POINT ( 'NONE',  ( 346.1653746348531513, 3.466942350735755518, 338.9351763202948860 ) ) ;
#1541 = PLANE ( 'NONE',  #5658 ) ;
#1542 = CARTESIAN_POINT ( 'NONE',  ( 178.1620310036189210, 11.56375781882654152, 6.573667457701494854 ) ) ;
#1543 = CARTESIAN_POINT ( 'NONE',  ( 285.6468991905457528, 0.006153906314911325968, 23.10271969564755423 ) ) ;
#1544 = CARTESIAN_POINT ( 'NONE',  ( 270.3848650604426780, 5.704385862679568042, 6.704234464991490228 ) ) ;
#1545 = CARTESIAN_POINT ( 'NONE',  ( 243.3228480028023171, -43.07938103743692437, 371.2300000000000182 ) ) ;
#1546 = ORIENTED_EDGE ( 'NONE', *, *, #968, .T. ) ;
#1547 = CARTESIAN_POINT ( 'NONE',  ( 364.7593091353862178, 4.731163321951581402, 371.7300000000000182 ) ) ;
#1548 = CARTESIAN_POINT ( 'NONE',  ( 139.5487700764612384, 13.46805697501538646, 21.54520310087461610 ) ) ;
#1549 = CARTESIAN_POINT ( 'NONE',  ( 138.0901547690178859, 13.22339572868310320, 6.785963798280302051 ) ) ;
#1550 = CARTESIAN_POINT ( 'NONE',  ( 258.7637545514882618, 8.281566421538848033, 249.8200000000000216 ) ) ;
#1551 = CARTESIAN_POINT ( 'NONE',  ( 362.7454693069057043, 4.811162419866455764, 371.2300000000000750 ) ) ;
#1552 = CARTESIAN_POINT ( 'NONE',  ( 396.1888984830560503, 0.6731563324693574657, 371.1732656061653302 ) ) ;
#1553 = CARTESIAN_POINT ( 'NONE',  ( 273.6363724393908683, 3.484937494193736107, 23.24439659818423820 ) ) ;
#1554 = ADVANCED_FACE ( 'NONE', ( #162 ), #3375, .F. ) ;
#1555 =( BOUNDED_SURFACE ( )  B_SPLINE_SURFACE ( 3, 2, ( 
 ( #6857, #5740, #115 ),
 ( #5145, #5300, #6420 ),
 ( #6384, #3453, #4582 ),
 ( #4098, #4627, #3492 ),
 ( #1203, #5229, #2381 ),
 ( #1799, #2897, #1761 ),
 ( #3563, #1161, #4663 ),
 ( #4061, #6903, #5853 ),
 ( #7012, #4025, #6975 ),
 ( #1908, #6941, #75 ),
 ( #6307, #6346, #5706 ),
 ( #3412, #1279, #3531 ),
 ( #603, #4138, #720 ),
 ( #1319, #4698, #5778 ),
 ( #755, #5264, #642 ),
 ( #5185, #5819, #1835 ),
 ( #2446, #4172, #39 ),
 ( #184, #1241, #149 ),
 ( #3006, #2305, #4732 ),
 ( #2343, #682, #2935 ),
 ( #1872, #5439, #2475 ),
 ( #4207, #4241, #4615 ),
 ( #4087, #1789, #6296 ),
 ( #3520, #3442, #5730 ),
 ( #4049, #5256, #1230 ),
 ( #3478, #5765, #2923 ),
 ( #5217, #2369, #6927 ),
 ( #141, #6372, #1268 ),
 ( #5809, #712, #4272 ),
 ( #852, #3102, #2028 ),
 ( #6589, #6447, #2062 ),
 ( #2205, #1068, #1624 ) ),
 .UNSPECIFIED., .F., .F., .F. ) 
 B_SPLINE_SURFACE_WITH_KNOTS ( ( 4, 2, 2, 2, 2, 2, 2, 2, 2, 2, 2, 2, 2, 2, 2, 4 ),
 ( 3, 3 ),
 ( 0.006823331838409237189, 0.006842963396532336998, 0.006862594954655435939, 0.006901858070901635556, 0.006980384303394034790, 0.007137436768378831523, 0.007451541698348424989, 0.008079751558287613655, 0.008707961418226800587, 0.009022066348196394053, 0.009179118813181192521, 0.009257645045673591755, 0.009296908161919789637, 0.009316539720042888578, 0.009326355499104439783, 0.009336171278165989254 ),
 ( 0.000000000000000000, 1.000000000000000000 ),
 .UNSPECIFIED. ) 
 GEOMETRIC_REPRESENTATION_ITEM ( )  RATIONAL_B_SPLINE_SURFACE ( (
 ( 1.000000000000000000, 0.5866779210756412066, 1.000000000000000000),
 ( 1.000000000000000000, 0.5866813570291590230, 1.000000000000000000),
 ( 1.000000000000000000, 0.5866800215127989659, 1.000000000000000000),
 ( 1.000000000000000000, 0.5866949783432153787, 1.000000000000000000),
 ( 1.000000000000000000, 0.5867033328880096876, 1.000000000000000000),
 ( 1.000000000000000000, 0.5867310011178790141, 1.000000000000000000),
 ( 1.000000000000000000, 0.5867529188994830003, 1.000000000000000000),
 ( 1.000000000000000000, 0.5868289223157042711, 1.000000000000000000),
 ( 1.000000000000000000, 0.5868932490868171703, 1.000000000000000000),
 ( 1.000000000000000000, 0.5871262134408639088, 1.000000000000000000),
 ( 1.000000000000000000, 0.5873347047651681363, 1.000000000000000000),
 ( 1.000000000000000000, 0.5881168227172315355, 1.000000000000000000),
 ( 1.000000000000000000, 0.5888450949179471205, 1.000000000000000000),
 ( 1.000000000000000000, 0.5917008868605263538, 1.000000000000000000),
 ( 1.000000000000000000, 0.5944762705143252779, 1.000000000000000000),
 ( 1.000000000000000000, 0.6018502255397703005, 1.000000000000000000),
 ( 1.000000000000000000, 0.6062850878720142944, 1.000000000000000000),
 ( 1.000000000000000000, 0.6140295860085479562, 1.000000000000000000),
 ( 1.000000000000000000, 0.6168140019162945409, 1.000000000000000000),
 ( 1.000000000000000000, 0.6212815038395760325, 1.000000000000000000),
 ( 1.000000000000000000, 0.6228190053605325849, 1.000000000000000000),
 ( 1.000000000000000000, 0.6251945704362050771, 1.000000000000000000),
 ( 1.000000000000000000, 0.6259979661420146391, 1.000000000000000000),
 ( 1.000000000000000000, 0.6272198635567576286, 1.000000000000000000),
 ( 1.000000000000000000, 0.6276299626041529356, 1.000000000000000000),
 ( 1.000000000000000000, 0.6282492404676150999, 1.000000000000000000),
 ( 1.000000000000000000, 0.6284563546118481225, 1.000000000000000000),
 ( 1.000000000000000000, 0.6287680488032063586, 1.000000000000000000),
 ( 1.000000000000000000, 0.6288149617218276033, 1.000000000000000000),
 ( 1.000000000000000000, 0.6288163676891603826, 1.000000000000000000),
 ( 1.000000000000000000, 0.6288170706728036796, 1.000000000000000000),
 ( 1.000000000000000000, 0.6288177736566256115, 1.000000000000000000) ) ) 
 REPRESENTATION_ITEM ( '' )  SURFACE ( )  );
#1556 = CARTESIAN_POINT ( 'NONE',  ( 284.8435377626482250, 3.076310616976656753, 22.76835438603708184 ) ) ;
#1557 = ORIENTED_EDGE ( 'NONE', *, *, #1628, .T. ) ;
#1558 = CARTESIAN_POINT ( 'NONE',  ( 299.6948974182964207, 4.666331991406797108, 127.9100000000000250 ) ) ;
#1559 = CARTESIAN_POINT ( 'NONE',  ( 328.6254284327354753, 4.765152048475791879, 339.4945672715412570 ) ) ;
#1560 = CARTESIAN_POINT ( 'NONE',  ( 398.3596031852032979, 0.4285986541758806667, 371.0333607642077709 ) ) ;
#1561 = CARTESIAN_POINT ( 'NONE',  ( 278.2608279984434603, 5.320312272652926389, 6.498682901354801977 ) ) ;
#1562 = CARTESIAN_POINT ( 'NONE',  ( 268.8673751272786490, 6.322177979986581597, 233.6533186604598882 ) ) ;
#1563 = CARTESIAN_POINT ( 'NONE',  ( 281.6569074468806093, 3.332966669235365664, 7.223021791205050945 ) ) ;
#1564 = CARTESIAN_POINT ( 'NONE',  ( 138.4776996407482557, 11.50622548125050848, 22.03270177058562851 ) ) ;
#1565 = CARTESIAN_POINT ( 'NONE',  ( 62.15276580753422309, 10.99190822261295963, 5.999999999999998224 ) ) ;
#1566 = B_SPLINE_CURVE_WITH_KNOTS ( 'NONE', 3,
 ( #1967, #3035, #5984, #4238, #216 ),
 .UNSPECIFIED., .F., .F.,
 ( 4, 1, 4 ),
 ( 0.0005510620258884412967, 0.004337474184970706303, 0.006500911381756058031 ),
 .UNSPECIFIED. ) ;
#1567 = CARTESIAN_POINT ( 'NONE',  ( 362.3186331226896186, 3.532768264985834517, 249.8199999999999079 ) ) ;
#1568 = CARTESIAN_POINT ( 'NONE',  ( 263.4772372411250672, 6.393430807519170145, 6.698673367867157502 ) ) ;
#1569 = CARTESIAN_POINT ( 'NONE',  ( 277.2356247319616500, 4.939771752978995956, 23.24999999999993960 ) ) ;
#1570 = CARTESIAN_POINT ( 'NONE',  ( 331.5466022242914619, 3.477412904036077723, 336.8485789204743810 ) ) ;
#1571 = CARTESIAN_POINT ( 'NONE',  ( 362.2454693069066707, 2.939526421536047263, 371.2299999999997340 ) ) ;
#1572 = ORIENTED_EDGE ( 'NONE', *, *, #1060, .T. ) ;
#1573 = DIRECTION ( 'NONE',  ( 0.000000000000000000, -0.0003598203108568340963, -0.9999999352646699036 ) ) ;
#1574 = ORIENTED_EDGE ( 'NONE', *, *, #2701, .T. ) ;
#1575 = CARTESIAN_POINT ( 'NONE',  ( 346.1573365846499541, 3.465921957606381998, 339.4744947969938380 ) ) ;
#1576 = CARTESIAN_POINT ( 'NONE',  ( 178.1301597658282958, 10.96663844798310272, 7.240262060721027737 ) ) ;
#1577 = CARTESIAN_POINT ( 'NONE',  ( 285.9258376904780334, 0.006102715093924403721, 22.96045085742811409 ) ) ;
#1578 = CARTESIAN_POINT ( 'NONE',  ( 270.3611585706695450, 5.517874165601345915, 6.896144499764818470 ) ) ;
#1579 = ADVANCED_FACE ( 'NONE', ( #1295 ), #1215, .T. ) ;
#1580 = CARTESIAN_POINT ( 'NONE',  ( 162.3759566739129525, 12.75467930681689133, 5.999999999999988454 ) ) ;
#1581 = ORIENTED_EDGE ( 'NONE', *, *, #1536, .T. ) ;
#1582 = CARTESIAN_POINT ( 'NONE',  ( 324.4195058101993254, 3.512493670410704816, 338.7299999999999613 ) ) ;
#1583 = CARTESIAN_POINT ( 'NONE',  ( 136.4555061982446773, 13.60813574297082695, 16.47163791592857152 ) ) ;
#1584 = CARTESIAN_POINT ( 'NONE',  ( 233.8914934449866507, 8.400204627221812714, 6.573946997835454553 ) ) ;
#1585 = CARTESIAN_POINT ( 'NONE',  ( 139.8211818798046124, 12.89585763330314805, 7.230942535285139527 ) ) ;
#1586 = CARTESIAN_POINT ( 'NONE',  ( 104.9028654124891631, 14.66593131217683066, 5.999999999999993783 ) ) ;
#1587 = CARTESIAN_POINT ( 'NONE',  ( 367.8709538489245006, 2.612121934033360571, 371.2093048750785442 ) ) ;
#1588 = CARTESIAN_POINT ( 'NONE',  ( 386.8615638532738785, 3.430793575771087678, 371.2300000000001887 ) ) ;
#1589 = CARTESIAN_POINT ( 'NONE',  ( 278.8455926672303917, 5.300881350639742529, 233.4845920489411810 ) ) ;
#1590 = CARTESIAN_POINT ( 'NONE',  ( 399.3937836336358487, 0.1291934653150311196, 371.2299999999999613 ) ) ;
#1591 = CARTESIAN_POINT ( 'NONE',  ( 282.1371357575515617, 0.2953733420798737019, 6.499999999998316902 ) ) ;
#1592 = CARTESIAN_POINT ( 'NONE',  ( 130.1530016159915704, 13.88567817605879640, 6.518215349339539166 ) ) ;
#1593 = ORIENTED_EDGE ( 'NONE', *, *, #1031, .T. ) ;
#1594 = CARTESIAN_POINT ( 'NONE',  ( 275.9938910296842778, 4.611843366035757619, 6.000000000000000888 ) ) ;
#1595 = CARTESIAN_POINT ( 'NONE',  ( 391.8384581931863408, 1.054886214225224217, 371.2096402320638617 ) ) ;
#1596 = EDGE_CURVE ( 'NONE', #5306, #3178, #6433, .T. ) ;
#1597 = CARTESIAN_POINT ( 'NONE',  ( 355.0399941964951722, 2.985970550230390153, 371.0277845215223351 ) ) ;
#1598 = CARTESIAN_POINT ( 'NONE',  ( 277.3695248303233711, 5.142250966185552663, 6.574962135832600474 ) ) ;
#1599 = CARTESIAN_POINT ( 'NONE',  ( 116.6045166664986255, 13.78325549289035301, 7.634400703614511841 ) ) ;
#1600 = CARTESIAN_POINT ( 'NONE',  ( 280.9587947769120433, 3.856807509280595792, 6.953912935745271362 ) ) ;
#1601 = CARTESIAN_POINT ( 'NONE',  ( 365.7996804725529501, 4.685845677361993644, 371.4687030076594851 ) ) ;
#1602 = CARTESIAN_POINT ( 'NONE',  ( 156.9478038867743237, 8.539881508767376062, 127.9100000000000819 ) ) ;
#1603 = CARTESIAN_POINT ( 'NONE',  ( 403.7190999324067207, 2.068394629961231690, 371.7300000000000182 ) ) ;
#1604 = CARTESIAN_POINT ( 'NONE',  ( 263.4713318592308724, 6.299878590828289049, 6.792234097597398268 ) ) ;
#1605 = CARTESIAN_POINT ( 'NONE',  ( 274.6976640573037116, 3.182203400554921568, 23.24999999999993605 ) ) ;
#1606 = CARTESIAN_POINT ( 'NONE',  ( 137.9805987849580049, 13.46252251226013286, 22.63379047470803584 ) ) ;
#1607 = CARTESIAN_POINT ( 'NONE',  ( 280.9969952259484671, 4.190516056393144950, 6.645921576252413310 ) ) ;
#1608 = DIRECTION ( 'NONE',  ( 1.039151435052820225E-15, 0.000000000000000000, -1.000000000000000000 ) ) ;
#1609 = CARTESIAN_POINT ( 'NONE',  ( 400.1668737884615439, -0.002544588981030676805, 338.7646195684272357 ) ) ;
#1610 = AXIS2_PLACEMENT_3D ( 'NONE', #6690, #3693, #4857 ) ;
#1611 = VERTEX_POINT ( 'NONE', #4748 ) ;
#1612 = CARTESIAN_POINT ( 'NONE',  ( 325.5010395229859910, 3.516928475362114614, 338.6461281731279769 ) ) ;
#1613 = ORIENTED_EDGE ( 'NONE', *, *, #256, .F. ) ;
#1614 = DIRECTION ( 'NONE',  ( 0.8452312630140184080, 0.000000000000000000, -0.5344007036145510536 ) ) ;
#1615 = CARTESIAN_POINT ( 'NONE',  ( 192.0898791271333721, 10.68653145598610443, 6.623566953716339079 ) ) ;
#1616 = CARTESIAN_POINT ( 'NONE',  ( 140.3943174300300143, 12.59759171537496591, 23.14786484725960491 ) ) ;
#1617 = CARTESIAN_POINT ( 'NONE',  ( 163.5506399045334831, 12.69548336719887516, 5.999999999999988454 ) ) ;
#1618 = EDGE_LOOP ( 'NONE', ( #2594, #5289, #7149, #5486 ) ) ;
#1619 = CARTESIAN_POINT ( 'NONE',  ( 123.1062212968282381, 12.72208157445357912, 17.80786716022769767 ) ) ;
#1620 = B_SPLINE_CURVE_WITH_KNOTS ( 'NONE', 3,
 ( #7228, #2214, #2761, #555, #2108, #1038, #2802, #3328, #6670, #6773, #1671, #5585 ),
 .UNSPECIFIED., .F., .F.,
 ( 4, 2, 2, 2, 2, 4 ),
 ( 0.000000000000000000, 0.005267697941738334888, 0.007901546912607419065, 0.009218471398041879622, 0.009876933640759109900, 0.01053539588347633844 ),
 .UNSPECIFIED. ) ;
#1621 = CARTESIAN_POINT ( 'NONE',  ( 139.5512225527253634, 13.66794928869693670, 21.54922564750588521 ) ) ;
#1622 = CARTESIAN_POINT ( 'NONE',  ( 136.3606421550512948, 13.71573824671754060, 6.523377530569745453 ) ) ;
#1623 = CARTESIAN_POINT ( 'NONE',  ( 312.4284696245669011, 2.246364556048100702, 371.7300000000000182 ) ) ;
#1624 = CARTESIAN_POINT ( 'NONE',  ( 283.8849684403088531, 2.179060936244374691, 23.25000000000001421 ) ) ;
#1625 = CARTESIAN_POINT ( 'NONE',  ( 362.2454696365821860, 2.939680486476341503, 371.2299999407358087 ) ) ;
#1626 = CARTESIAN_POINT ( 'NONE',  ( 144.9538712691054059, 12.59173987777001713, 20.21724577712357629 ) ) ;
#1627 = CARTESIAN_POINT ( 'NONE',  ( 325.7927273775648587, 3.596647110893613331, 338.4955211157752046 ) ) ;
#1628 = EDGE_CURVE ( 'NONE', #2654, #2484, #5659, .T. ) ;
#1629 = EDGE_CURVE ( 'NONE', #2375, #5843, #780, .T. ) ;
#1630 = ORIENTED_EDGE ( 'NONE', *, *, #5475, .T. ) ;
#1631 = CIRCLE ( 'NONE', #4603, 0.2000000000000000111 ) ;
#1632 = CARTESIAN_POINT ( 'NONE',  ( 312.4932722807984078, 3.714201691053164112, 127.9100000000000250 ) ) ;
#1633 = CARTESIAN_POINT ( 'NONE',  ( 389.6557490863054340, 1.149148715200272841, 371.1366376936425127 ) ) ;
#1634 = CARTESIAN_POINT ( 'NONE',  ( 365.7454693069067275, 4.688385274504223155, 371.2300000000000182 ) ) ;
#1635 = CARTESIAN_POINT ( 'NONE',  ( 366.2454693069067275, 4.688385421200253589, 371.7300000000000182 ) ) ;
#1636 = CARTESIAN_POINT ( 'NONE',  ( 278.1928216566998913, 4.641592561298618413, 6.892093887150446463 ) ) ;
#1637 = CARTESIAN_POINT ( 'NONE',  ( 368.1251358661942845, 2.361575590766724630, 249.8199999999997090 ) ) ;
#1638 = B_SPLINE_CURVE_WITH_KNOTS ( 'NONE', 3,
 ( #2686, #1553, #6801, #5086 ),
 .UNSPECIFIED., .F., .F.,
 ( 4, 4 ),
 ( 0.000000000000000000, 0.0002610847733028895195 ),
 .UNSPECIFIED. ) ;
#1639 = AXIS2_PLACEMENT_3D ( 'NONE', #6446, #5911, #4789 ) ;
#1640 = CARTESIAN_POINT ( 'NONE',  ( 281.3126968896340827, 4.479984453780667231, 6.498457818748653914 ) ) ;
#1641 = CARTESIAN_POINT ( 'NONE',  ( 366.2454693069080918, 4.666490882113564886, 371.2300000000000182 ) ) ;
#1642 = EDGE_CURVE ( 'NONE', #4432, #4212, #2796, .T. ) ;
#1643 = CARTESIAN_POINT ( 'NONE',  ( 332.7845116745172618, 2.870333137749731645, 371.7300000000001319 ) ) ;
#1644 = VECTOR ( 'NONE', #939, 1000.000000000000000 ) ;
#1645 = CARTESIAN_POINT ( 'NONE',  ( 360.0199400764720963, 3.793141272613172799, 249.8199999999999648 ) ) ;
#1646 = CARTESIAN_POINT ( 'NONE',  ( 256.5277308090024349, 6.990509435660357873, 6.573633095412879435 ) ) ;
#1647 = CARTESIAN_POINT ( 'NONE',  ( 125.7769511311549167, 12.83362506132048431, 16.60000000000061249 ) ) ;
#1648 = CARTESIAN_POINT ( 'NONE',  ( 314.6159996480093355, 4.244037097662688218, 309.0783653539946272 ) ) ;
#1649 = EDGE_CURVE ( 'NONE', #5449, #5787, #7176, .T. ) ;
#1650 = CARTESIAN_POINT ( 'NONE',  ( 272.2631461153936243, 5.454989122480171204, 19.47404546614692222 ) ) ;
#1651 = ORIENTED_EDGE ( 'NONE', *, *, #6936, .F. ) ;
#1652 = DIRECTION ( 'NONE',  ( 1.000000000000000000, 0.000000000000000000, 0.000000000000000000 ) ) ;
#1653 = ORIENTED_EDGE ( 'NONE', *, *, #6776, .F. ) ;
#1654 = CARTESIAN_POINT ( 'NONE',  ( 289.9216473163275509, -2.782998308653354957, 53.25100555481047593 ) ) ;
#1655 = CARTESIAN_POINT ( 'NONE',  ( 212.9956028432576716, 9.631944012047760850, 6.573884473588704758 ) ) ;
#1656 = CARTESIAN_POINT ( 'NONE',  ( 347.1969302922229303, 3.419704419864525224, 340.5703062276741093 ) ) ;
#1657 = CARTESIAN_POINT ( 'NONE',  ( 163.7253066880399786, 12.68668136500781607, 6.500000024331238357 ) ) ;
#1658 = ORIENTED_EDGE ( 'NONE', *, *, #3335, .F. ) ;
#1659 = CARTESIAN_POINT ( 'NONE',  ( 387.5066777951179802, 1.485869311024282879, 371.2841624647127787 ) ) ;
#1660 = CARTESIAN_POINT ( 'NONE',  ( 289.9216473163276078, -2.582471737059569339, 54.71439880067442374 ) ) ;
#1661 = CARTESIAN_POINT ( 'NONE',  ( 233.8586860355579802, 7.853496114368127223, 7.120240379340513570 ) ) ;
#1662 = CARTESIAN_POINT ( 'NONE',  ( 143.3143813151205848, 13.12406254406212014, 6.696179899761065535 ) ) ;
#1663 = CARTESIAN_POINT ( 'NONE',  ( 133.0831486554117475, 7.917799273731908727, 127.9099999999999966 ) ) ;
#1664 = FACE_OUTER_BOUND ( 'NONE', #1358, .T. ) ;
#1665 = CARTESIAN_POINT ( 'NONE',  ( 398.3598821951272271, 0.4318916123014516217, 371.2300000000000182 ) ) ;
#1666 = CARTESIAN_POINT ( 'NONE',  ( 164.8835918765210238, 13.71708171411335719, 6.499999999999993783 ) ) ;
#1667 = CARTESIAN_POINT ( 'NONE',  ( 280.0671229650720875, 6.239828060022896139, 6.500000000000001776 ) ) ;
#1668 = ORIENTED_EDGE ( 'NONE', *, *, #215, .T. ) ;
#1669 = CARTESIAN_POINT ( 'NONE',  ( 400.4280464935763462, 0.2632586533795688855, 371.7300000000000182 ) ) ;
#1670 = B_SPLINE_CURVE_WITH_KNOTS ( 'NONE', 3,
 ( #4487, #1666, #4606, #6882, #2247, #1699, #6243, #1142, #134, #6957, #6404, #1303, #1260, #705, #4717, #2399, #207, #2466, #5840, #4753, #3549, #7065, #4228 ),
 .UNSPECIFIED., .F., .F.,
 ( 4, 1, 1, 1, 1, 1, 1, 1, 1, 1, 1, 1, 1, 1, 1, 1, 1, 1, 1, 1, 4 ),
 ( 0.03445132087305560059, 0.03747373300480810049, 0.04577693371222404939, 0.05408013441963988033, 0.06238333512705570433, 0.07068653583447159772, 0.07898973654188748417, 0.08314133689559538576, 0.08729293724930331511, 0.09144453760301121670, 0.09559613795671914604, 0.09974773831042704764, 0.1038993386641350325, 0.1080509390178429896, 0.1122025393715508912, 0.1163541397252588205, 0.1205057400789667221, 0.1246573404326746515, 0.1267331406095285884, 0.1288089407863825531, 0.1306056903558504845 ),
 .UNSPECIFIED. ) ;
#1671 = CARTESIAN_POINT ( 'NONE',  ( 283.8720694191070493, 2.071856675267969017, 23.24999999999999289 ) ) ;
#1672 = CARTESIAN_POINT ( 'NONE',  ( 278.6268314829319479, 4.772091608336525681, 6.704341394568785084 ) ) ;
#1673 = CARTESIAN_POINT ( 'NONE',  ( 352.5087307374798229, 3.818402780109436456, 371.2299999999954139 ) ) ;
#1674 = EDGE_CURVE ( 'NONE', #1490, #390, #7201, .T. ) ;
#1675 = CARTESIAN_POINT ( 'NONE',  ( 280.8742131726824596, 3.777850465656518164, 7.221632399485045539 ) ) ;
#1676 = CARTESIAN_POINT ( 'NONE',  ( 326.4536992138889673, 2.623513712879909754, 339.7177670189229843 ) ) ;
#1677 = CARTESIAN_POINT ( 'NONE',  ( 150.5284594713720594, 8.146086865088268070, 127.9099999999999397 ) ) ;
#1678 = CARTESIAN_POINT ( 'NONE',  ( 296.1435282398357458, 6.943095852009217417, 127.9099999999999966 ) ) ;
#1679 = CARTESIAN_POINT ( 'NONE',  ( 265.2160956373189720, 6.385305441487113320, 6.624945960394382105 ) ) ;
#1680 = CARTESIAN_POINT ( 'NONE',  ( 126.7211585920836541, 12.85415979977674361, 16.34636771777415731 ) ) ;
#1681 = CARTESIAN_POINT ( 'NONE',  ( 272.0709739834000516, 5.103082244551066182, 7.396333195138934613 ) ) ;
#1682 = CARTESIAN_POINT ( 'NONE',  ( 131.6899301009522958, 13.47585429047274275, 22.63584905449743090 ) ) ;
#1683 = DIRECTION ( 'NONE',  ( 0.8452369397256469519, 0.000000000000000000, -0.5343917249763728838 ) ) ;
#1684 = CARTESIAN_POINT ( 'NONE',  ( 292.4150096813413597, 4.726019613953106102, 80.08750962355735226 ) ) ;
#1685 = CARTESIAN_POINT ( 'NONE',  ( 325.5008221514005413, 3.531172630280321911, 338.1017515359175718 ) ) ;
#1686 = VERTEX_POINT ( 'NONE', #5969 ) ;
#1687 = CARTESIAN_POINT ( 'NONE',  ( 240.8448996677828973, 7.835563226096124545, 6.624234316771288711 ) ) ;
#1688 = CARTESIAN_POINT ( 'NONE',  ( 216.5009060167689938, 9.814284590688201249, 6.500051590084688691 ) ) ;
#1689 = CARTESIAN_POINT ( 'NONE',  ( 346.5576323778001324, 3.445180926888618433, 341.2173884508702031 ) ) ;
#1690 = ORIENTED_EDGE ( 'NONE', *, *, #1292, .T. ) ;
#1691 = CARTESIAN_POINT ( 'NONE',  ( 123.1951821621472618, 12.71310870037683749, 18.05848226509433019 ) ) ;
#1692 = CARTESIAN_POINT ( 'NONE',  ( 280.8792884344359209, 3.742978156549270352, 7.652180023633842865 ) ) ;
#1693 = CARTESIAN_POINT ( 'NONE',  ( 145.0548161311384376, 13.04491183294129186, 6.696667722938859590 ) ) ;
#1694 = CARTESIAN_POINT ( 'NONE',  ( 37.72118982685030630, 9.615945263671815013, 6.000000000000004441 ) ) ;
#1695 = B_SPLINE_SURFACE_WITH_KNOTS ( 'NONE', 3, 1, ( 
 ( #370, #5990 ),
 ( #2070, #5441 ),
 ( #3782, #4910 ),
 ( #3707, #333 ),
 ( #894, #5484 ),
 ( #7119, #258 ),
 ( #3146, #4797 ),
 ( #2588, #6063 ),
 ( #4280, #4389 ),
 ( #971, #1451 ) ),
 .UNSPECIFIED., .F., .F., .F.,
 ( 4, 3, 3, 4 ),
 ( 2, 2 ),
 ( 0.2917610211677319487, 0.3014829857329207607, 0.3571492499978052293, 0.3668730973540801910 ),
 ( 0.000000000000000000, 1.000000000000000000 ),
 .UNSPECIFIED. ) ;
#1696 = CARTESIAN_POINT ( 'NONE',  ( 340.3726103370311193, 0.8374963849463447074, 206.4764288627854967 ) ) ;
#1697 = DIRECTION ( 'NONE',  ( 0.000000000000000000, -1.000000000000000000, 0.000000000000000000 ) ) ;
#1698 = CARTESIAN_POINT ( 'NONE',  ( 289.9216473163282330, -0.1731753888609156578, 51.45999936518322215 ) ) ;
#1699 = CARTESIAN_POINT ( 'NONE',  ( 191.7969847453830141, 12.28718335668209249, 6.499999999999977796 ) ) ;
#1700 = CARTESIAN_POINT ( 'NONE',  ( 263.3759762505081881, 7.005758482739504522, 6.499999999999992006 ) ) ;
#1701 = EDGE_LOOP ( 'NONE', ( #938, #7322, #1033, #2825, #4670, #6006, #3729, #4112 ) ) ;
#1702 = CARTESIAN_POINT ( 'NONE',  ( 400.1981060216442074, 0.2832237511384413930, 371.7300000000000182 ) ) ;
#1703 = CARTESIAN_POINT ( 'NONE',  ( 162.3760038627816016, 13.84295935163766167, 6.499999999999992006 ) ) ;
#1704 = CARTESIAN_POINT ( 'NONE',  ( 394.0077832359970103, 0.7886199243515992219, 371.0328493337519831 ) ) ;
#1705 = CARTESIAN_POINT ( 'NONE',  ( 122.4111068669851363, 13.14614543045475692, 7.212080519614333163 ) ) ;
#1706 = DIRECTION ( 'NONE',  ( -3.101065548554909425E-14, 0.0003598203108568388668, 0.9999999352646697925 ) ) ;
#1707 = CARTESIAN_POINT ( 'NONE',  ( 279.9974841257113667, 5.156650191744022393, 6.500056026565342648 ) ) ;
#1708 = CARTESIAN_POINT ( 'NONE',  ( 326.0740958862549519, 2.369729452008477733, 127.9100000000001103 ) ) ;
#1709 = CARTESIAN_POINT ( 'NONE',  ( 280.8604638656328234, 3.753319638071165532, 7.650592876265716491 ) ) ;
#1710 = CARTESIAN_POINT ( 'NONE',  ( 366.2454693069067275, 2.774529337836556753, 371.2300000000000182 ) ) ;
#1711 = CARTESIAN_POINT ( 'NONE',  ( 74.53849389070850862, 11.62049207088867497, 6.000000000000000888 ) ) ;
#1712 = EDGE_CURVE ( 'NONE', #5354, #4367, #4770, .T. ) ;
#1713 = B_SPLINE_CURVE_WITH_KNOTS ( 'NONE', 3,
 ( #5463, #951, #3275, #915 ),
 .UNSPECIFIED., .F., .F.,
 ( 4, 4 ),
 ( 0.0004686106635715809850, 0.01809917970133463269 ),
 .UNSPECIFIED. ) ;
#1714 = CARTESIAN_POINT ( 'NONE',  ( 255.8144808449119409, 8.487571327348195638, 5.999999999999990230 ) ) ;
#1715 = CARTESIAN_POINT ( 'NONE',  ( 266.9233096045271623, 6.007355488929437826, 6.796643202286996477 ) ) ;
#1716 = CARTESIAN_POINT ( 'NONE',  ( 273.2159014912841144, 5.377406469140763257, 21.19619588052532677 ) ) ;
#1717 = CARTESIAN_POINT ( 'NONE',  ( 273.8991334765105421, 5.624529086239542508, 6.524654669799755169 ) ) ;
#1718 = CARTESIAN_POINT ( 'NONE',  ( 134.2116540128974123, 13.50736371047424633, 21.64933576058929532 ) ) ;
#1719 = CARTESIAN_POINT ( 'NONE',  ( 280.6304707230432882, 3.634375194699961842, 6.500000000000715872 ) ) ;
#1720 = CARTESIAN_POINT ( 'NONE',  ( 338.7051036574941918, 2.825693226253304324, 207.1135081865206757 ) ) ;
#1721 = CARTESIAN_POINT ( 'NONE',  ( 332.7568314925951540, 3.425175585471102568, 338.6456986887741323 ) ) ;
#1722 = EDGE_CURVE ( 'NONE', #531, #5169, #6562, .T. ) ;
#1723 = ORIENTED_EDGE ( 'NONE', *, *, #1674, .T. ) ;
#1724 = CARTESIAN_POINT ( 'NONE',  ( 399.4308260555997094, 0.1313992071694459196, 371.1800488519651822 ) ) ;
#1725 = CARTESIAN_POINT ( 'NONE',  ( 240.8375549803204763, 7.723213032096253983, 6.699023969888867391 ) ) ;
#1726 = CARTESIAN_POINT ( 'NONE',  ( 199.0287993449458952, 9.798911635283360511, 7.373543946993816434 ) ) ;
#1727 = CARTESIAN_POINT ( 'NONE',  ( 140.2671414751119983, 12.86141207110712514, 22.96063317516746238 ) ) ;
#1728 = CARTESIAN_POINT ( 'NONE',  ( 141.9801019148200965, 14.90699414474597795, 6.499999999999982236 ) ) ;
#1729 = VECTOR ( 'NONE', #3416, 1000.000000000000114 ) ;
#1730 = ORIENTED_EDGE ( 'NONE', *, *, #3030, .F. ) ;
#1731 = CARTESIAN_POINT ( 'NONE',  ( 194.6667801511149776, 9.268077235675271197, 128.2433333333332541 ) ) ;
#1732 = VERTEX_POINT ( 'NONE', #3270 ) ;
#1733 = EDGE_CURVE ( 'NONE', #3460, #5389, #6199, .T. ) ;
#1734 = FACE_OUTER_BOUND ( 'NONE', #2126, .T. ) ;
#1735 = CARTESIAN_POINT ( 'NONE',  ( 145.0504821555218768, 12.95138486687302404, 6.789361820680239745 ) ) ;
#1736 = CARTESIAN_POINT ( 'NONE',  ( 218.1463458918758249, 4.076024607466393057, 249.8200000000000216 ) ) ;
#1737 = CARTESIAN_POINT ( 'NONE',  ( 261.3763300164490602, 7.124460760142400595, 6.499999999999981348 ) ) ;
#1738 = CARTESIAN_POINT ( 'NONE',  ( 362.7454693069057612, 4.811162420171592125, 371.7300000000000182 ) ) ;
#1739 = CARTESIAN_POINT ( 'NONE',  ( 336.2649134899987189, 3.950319619947852523, 371.7300000000000182 ) ) ;
#1740 = EDGE_CURVE ( 'NONE', #4202, #7211, #5598, .T. ) ;
#1741 = CARTESIAN_POINT ( 'NONE',  ( 289.9216473163282330, -0.1837144448698326271, 51.26027723746963005 ) ) ;
#1742 = EDGE_LOOP ( 'NONE', ( #5639, #1296, #4525 ) ) ;
#1743 = CARTESIAN_POINT ( 'NONE',  ( 360.4740953627614886, 1.421771668654004062, 249.8200000000000500 ) ) ;
#1744 = CARTESIAN_POINT ( 'NONE',  ( 359.1411725371627313, 2.849021844155438021, 371.0815790066612863 ) ) ;
#1745 = CARTESIAN_POINT ( 'NONE',  ( 124.1521660261686861, 13.51388566724087958, 6.690034004054811412 ) ) ;
#1746 = AXIS2_PLACEMENT_3D ( 'NONE', #7365, #2359, #5798 ) ;
#1747 = CARTESIAN_POINT ( 'NONE',  ( 390.7893208028514778, 3.136116818416587737, 371.4931277319168430 ) ) ;
#1748 = CARTESIAN_POINT ( 'NONE',  ( 279.3754186542041111, 4.290600882766715252, 7.281027862908259429 ) ) ;
#1749 = CARTESIAN_POINT ( 'NONE',  ( 410.3047404958755919, 1.468011112198296164, 371.7300000000000182 ) ) ;
#1750 = CARTESIAN_POINT ( 'NONE',  ( 281.1643517760388704, 4.398171925089989998, 6.528518298247592000 ) ) ;
#1751 = CARTESIAN_POINT ( 'NONE',  ( 281.3724958699862100, 4.612254122894027475, 6.500061541616750205 ) ) ;
#1752 = CIRCLE ( 'NONE', #6867, 0.1999999999999991784 ) ;
#1753 = B_SPLINE_CURVE_WITH_KNOTS ( 'NONE', 3,
 ( #4675, #1253, #2355, #5899 ),
 .UNSPECIFIED., .F., .F.,
 ( 4, 4 ),
 ( 0.000000000000000000, 0.0005006540495806958936 ),
 .UNSPECIFIED. ) ;
#1754 = CARTESIAN_POINT ( 'NONE',  ( 140.9722718047395631, 12.31605165081643527, 23.88002776999708843 ) ) ;
#1755 = CARTESIAN_POINT ( 'NONE',  ( 145.2032673466219137, 11.35906052860818072, 22.13777483376173194 ) ) ;
#1756 = CARTESIAN_POINT ( 'NONE',  ( 266.4786449120773568, 6.377450942553459790, 249.8200000000000784 ) ) ;
#1757 = CARTESIAN_POINT ( 'NONE',  ( 239.8862161395568364, 10.30104619751279138, 127.9099999999999397 ) ) ;
#1758 = CARTESIAN_POINT ( 'NONE',  ( 266.9325077262493551, 6.100794065154416579, 6.701754464197538397 ) ) ;
#1759 = CARTESIAN_POINT ( 'NONE',  ( 284.2941480867100381, 1.884449487677352542, 23.25000000000001421 ) ) ;
#1760 = AXIS2_PLACEMENT_3D ( 'NONE', #1635, #3896, #5655 ) ;
#1761 = CARTESIAN_POINT ( 'NONE',  ( 284.8771786641196968, 0.01473038873380141597, 23.24999999999997158 ) ) ;
#1762 = CARTESIAN_POINT ( 'NONE',  ( 271.2035205850875172, 5.216660457505760462, 7.530938141792176133 ) ) ;
#1763 = CARTESIAN_POINT ( 'NONE',  ( 261.3260208550066750, 6.657274617627153113, 221.6706171563736518 ) ) ;
#1764 = CARTESIAN_POINT ( 'NONE',  ( 138.4584500879292079, 12.14655871490892913, 23.97673757685940998 ) ) ;
#1765 = CARTESIAN_POINT ( 'NONE',  ( 280.8862945836236804, 3.738999889776123187, 7.652182985874720345 ) ) ;
#1766 = CIRCLE ( 'NONE', #5920, 0.2000000000000000944 ) ;
#1767 = VERTEX_POINT ( 'NONE', #3833 ) ;
#1768 = CARTESIAN_POINT ( 'NONE',  ( 130.1530016159915704, 13.88567817605879640, 6.518215349339539166 ) ) ;
#1769 = CARTESIAN_POINT ( 'NONE',  ( 206.0443158694852457, 10.28646312654172768, 6.498708788621380350 ) ) ;
#1770 = CARTESIAN_POINT ( 'NONE',  ( 139.4766619264974850, 13.46386712306968469, 21.79488824824001725 ) ) ;
#1771 = CARTESIAN_POINT ( 'NONE',  ( 163.3759776780103152, 12.70438129231865965, 6.499999999999992006 ) ) ;
#1772 = CC_DESIGN_APPROVAL ( #2859, ( #1463 ) ) ;
#1773 = CARTESIAN_POINT ( 'NONE',  ( 350.8587702627953036, 3.843087474576821982, 371.7300000000005298 ) ) ;
#1774 = EDGE_CURVE ( 'NONE', #744, #1611, #2094, .T. ) ;
#1775 = CARTESIAN_POINT ( 'NONE',  ( 279.0125841388523327, 5.351314580323780490, 6.500000000000014211 ) ) ;
#1776 = ORIENTED_EDGE ( 'NONE', *, *, #6057, .F. ) ;
#1777 = CARTESIAN_POINT ( 'NONE',  ( 150.2769912724372432, 12.78836340176165720, 6.697742419334509201 ) ) ;
#1778 = CARTESIAN_POINT ( 'NONE',  ( 29.58209842649371879, 7.735344710302978655, 6.000000000000001776 ) ) ;
#1779 = CARTESIAN_POINT ( 'NONE',  ( 275.7544436246059831, 5.065712554316895044, 21.18708803284053133 ) ) ;
#1780 = CARTESIAN_POINT ( 'NONE',  ( 140.9722718047395631, 12.31605165081643527, 23.88002776999709198 ) ) ;
#1781 = EDGE_CURVE ( 'NONE', #6230, #6610, #952, .T. ) ;
#1782 = CARTESIAN_POINT ( 'NONE',  ( 264.9819700065203847, 7.204662047819037518, 249.8199999999997090 ) ) ;
#1783 = CARTESIAN_POINT ( 'NONE',  ( 326.0820357424129270, 3.965190561223391086, 338.9531037367864315 ) ) ;
#1784 = ORIENTED_EDGE ( 'NONE', *, *, #3801, .T. ) ;
#1785 = CARTESIAN_POINT ( 'NONE',  ( 400.5430149804842586, 0.2532502566557930379, 371.7300000000000182 ) ) ;
#1786 = CARTESIAN_POINT ( 'NONE',  ( 163.3759731210269308, 13.79274210926817723, 6.499999999999992006 ) ) ;
#1787 = CARTESIAN_POINT ( 'NONE',  ( 124.1521391148620239, 13.42065985491832159, 6.779850491882365660 ) ) ;
#1788 = CARTESIAN_POINT ( 'NONE',  ( 0.05104993408493603557, 3.779361216507908239, -0.01810215785830306817 ) ) ;
#1789 = CARTESIAN_POINT ( 'NONE',  ( 285.6918624364328707, 3.900525721961449754, 23.24999999999803180 ) ) ;
#1790 = CARTESIAN_POINT ( 'NONE',  ( 280.1611868719204494, 4.244243956067991874, 6.925007435489091812 ) ) ;
#1791 = CARTESIAN_POINT ( 'NONE',  ( 362.6910913175120754, 4.812337241312022229, 371.4684167517136757 ) ) ;
#1792 = CARTESIAN_POINT ( 'NONE',  ( 280.9028267267094634, 3.704312403199914616, 7.509321982252560979 ) ) ;
#1793 = DIRECTION ( 'NONE',  ( -2.838219140264469213E-29, -0.0003598203108568318194, -0.9999999352646697925 ) ) ;
#1794 = CARTESIAN_POINT ( 'NONE',  ( 145.7375305105529151, 12.55461686654477838, 21.91502072514434474 ) ) ;
#1795 = CARTESIAN_POINT ( 'NONE',  ( 259.5777318089549226, 6.206711315448345090, 249.8199999999999363 ) ) ;
#1796 = CARTESIAN_POINT ( 'NONE',  ( 166.6262262857656253, 13.63170006155558056, 6.000000000000002665 ) ) ;
#1797 = CARTESIAN_POINT ( 'NONE',  ( 266.9019567510138131, 5.790443787728586145, 7.129411451102533270 ) ) ;
#1798 = CARTESIAN_POINT ( 'NONE',  ( 283.8173159571829842, 2.078532125882492920, 23.25000000000004974 ) ) ;
#1799 = CARTESIAN_POINT ( 'NONE',  ( 286.7770514265656630, 0.06411486215703633695, 20.62701306944572011 ) ) ;
#1800 = CARTESIAN_POINT ( 'NONE',  ( 365.8786718307380283, 2.790609200451465544, 371.2299999348565507 ) ) ;
#1801 = CARTESIAN_POINT ( 'NONE',  ( 281.4902589626724989, 4.526486199868361204, 6.499999999999934275 ) ) ;
#1802 =( BOUNDED_SURFACE ( )  B_SPLINE_SURFACE ( 3, 2, ( 
 ( #5068, #2738, #6820 ),
 ( #1086, #7348, #6743 ),
 ( #5031, #3904, #1716 ),
 ( #1605, #6146, #4505 ),
 ( #6262, #3338, #5105 ),
 ( #1159, #5632, #2225 ),
 ( #4998, #1569, #7279 ),
 ( #1049, #564, #3371 ),
 ( #5665, #6782, #602 ),
 ( #2153, #3302, #3 ),
 ( #3411, #2265, #4581 ),
 ( #5705, #4542, #2854 ),
 ( #6107, #1014, #3266 ),
 ( #6383, #5818, #4662 ),
 ( #5777, #681, #4730 ),
 ( #6902, #2341, #2413 ),
 ( #7011, #2933, #754 ),
 ( #1907, #6940, #114 ),
 ( #641, #6856, #2896 ),
 ( #1798, #5852, #4136 ),
 ( #3452, #4060, #4697 ),
 ( #4097, #4171, #1318 ),
 ( #6345, #719, #4626 ),
 ( #3596, #6453, #4024 ),
 ( #1240, #5184, #74 ),
 ( #5228, #1834, #1350 ),
 ( #3529, #2971, #1278 ),
 ( #3491, #5882, #3562 ),
 ( #2380, #148, #5263 ),
 ( #784, #183, #3005 ),
 ( #5299, #6974, #1871 ),
 ( #219, #6419, #2445 ),
 ( #3040, #5336, #2474 ),
 ( #1759, #6306, #1202 ),
 ( #5739, #7116, #4278 ),
 ( #2622, #4869, #823 ),
 ( #2068, #5403, #859 ),
 ( #7043, #3218, #3077 ) ),
 .UNSPECIFIED., .F., .F., .T. ) 
 B_SPLINE_SURFACE_WITH_KNOTS ( ( 4, 2, 2, 2, 2, 2, 2, 2, 2, 2, 2, 2, 2, 2, 2, 2, 2, 2, 4 ),
 ( 3, 3 ),
 ( 0.1709722124504910734, 0.1744132531443272349, 0.1761337734912453157, 0.1778542938381633964, 0.1812953345319995579, 0.1821555947054586122, 0.1830158548789176387, 0.1834459849656471520, 0.1838761150523766652, 0.1840911800957414357, 0.1843062451391062062, 0.1845213101824709767, 0.1846288427041533620, 0.1846557258345739583, 0.1846590862258765398, 0.1846624466171791212, 0.1846691673997842564, 0.1846826089649945546, 0.1847363752258357195 ),
 ( 0.000000000000000000, 1.000000000000000000 ),
 .UNSPECIFIED. ) 
 GEOMETRIC_REPRESENTATION_ITEM ( )  RATIONAL_B_SPLINE_SURFACE ( (
 ( 1.000000000000000000, 0.7009176105653170952, 1.000000000000000000),
 ( 1.000000000000000000, 0.6993969403007825880, 1.000000000000000000),
 ( 1.000000000000000000, 0.6975310795234751504, 1.000000000000000000),
 ( 1.000000000000000000, 0.6963341196280767864, 1.000000000000000000),
 ( 1.000000000000000000, 0.6962318494894346177, 1.000000000000000000),
 ( 1.000000000000000000, 0.6962269384917769699, 1.000000000000000000),
 ( 1.000000000000000000, 0.6963063433683114312, 1.000000000000000000),
 ( 1.000000000000000000, 0.6970630491828953001, 1.000000000000000000),
 ( 1.000000000000000000, 0.6985213089494841654, 1.000000000000000000),
 ( 1.000000000000000000, 0.7003239073197180531, 1.000000000000000000),
 ( 1.000000000000000000, 0.7007065880554160797, 1.000000000000000000),
 ( 1.000000000000000000, 0.7002039396142584193, 1.000000000000000000),
 ( 1.000000000000000000, 0.6996820194110306979, 1.000000000000000000),
 ( 1.000000000000000000, 0.6964873325472709098, 1.000000000000000000),
 ( 1.000000000000000000, 0.6950466656207221483, 1.000000000000000000),
 ( 1.000000000000000000, 0.6911615751259374552, 1.000000000000000000),
 ( 1.000000000000000000, 0.6886902132644231456, 1.000000000000000000),
 ( 1.000000000000000000, 0.6837087561428885074, 1.000000000000000000),
 ( 1.000000000000000000, 0.6818328261825954417, 1.000000000000000000),
 ( 1.000000000000000000, 0.6775109475288172423, 1.000000000000000000),
 ( 1.000000000000000000, 0.6750768972951433078, 1.000000000000000000),
 ( 1.000000000000000000, 0.6689738585084603617, 1.000000000000000000),
 ( 1.000000000000000000, 0.6653088288153901075, 1.000000000000000000),
 ( 1.000000000000000000, 0.6587216761139454979, 1.000000000000000000),
 ( 1.000000000000000000, 0.6563551654847132877, 1.000000000000000000),
 ( 1.000000000000000000, 0.6532253327836166079, 1.000000000000000000),
 ( 1.000000000000000000, 0.6525910455557267786, 1.000000000000000000),
 ( 1.000000000000000000, 0.6518693414131104813, 1.000000000000000000),
 ( 1.000000000000000000, 0.6517854036157882947, 1.000000000000000000),
 ( 1.000000000000000000, 0.6516318503548036434, 1.000000000000000000),
 ( 1.000000000000000000, 0.6516439594950695913, 1.000000000000000000),
 ( 1.000000000000000000, 0.6516434531767687499, 1.000000000000000000),
 ( 1.000000000000000000, 0.6516431156311837114, 1.000000000000000000),
 ( 1.000000000000000000, 0.6516421029942773835, 1.000000000000000000),
 ( 1.000000000000000000, 0.6516414279028172052, 1.000000000000000000),
 ( 1.000000000000000000, 0.6516380524444886913, 1.000000000000000000),
 ( 1.000000000000000000, 0.6516353520747439898, 1.000000000000000000),
 ( 1.000000000000000000, 0.6516326517018089515, 1.000000000000000000) ) ) 
 REPRESENTATION_ITEM ( '' )  SURFACE ( )  );
#1803 = CARTESIAN_POINT ( 'NONE',  ( 126.4045533044214693, 12.53233419072210353, 23.13456245308336889 ) ) ;
#1804 = CARTESIAN_POINT ( 'NONE',  ( 362.2454693069057612, 4.811162420171327447, 371.2300000000000182 ) ) ;
#1805 = VERTEX_POINT ( 'NONE', #2122 ) ;
#1806 = CARTESIAN_POINT ( 'NONE',  ( 202.5468036369372840, 10.22818385627206084, 6.573794163402121526 ) ) ;
#1807 = CARTESIAN_POINT ( 'NONE',  ( 129.0835538785844108, 13.90916022564189269, 6.000000000000000000 ) ) ;
#1808 = CARTESIAN_POINT ( 'NONE',  ( 279.7774905345057164, 5.274151929478651191, 234.9451636533594296 ) ) ;
#1809 = CARTESIAN_POINT ( 'NONE',  ( 281.3916087248090889, 4.588641649380534204, 6.499999999999993783 ) ) ;
#1810 = ORIENTED_EDGE ( 'NONE', *, *, #6638, .T. ) ;
#1811 = ADVANCED_FACE ( 'NONE', ( #5001 ), #4832, .F. ) ;
#1812 = B_SPLINE_CURVE_WITH_KNOTS ( 'NONE', 3,
 ( #1592, #6058, #2103, #6207, #7265, #4416, #6666, #3323 ),
 .UNSPECIFIED., .F., .F.,
 ( 4, 2, 2, 4 ),
 ( 4.163480900124361453E-16, 0.006757336691207425569, 0.01013600503681095014, 0.01351467338241447644 ),
 .UNSPECIFIED. ) ;
#1813 = B_SPLINE_CURVE_WITH_KNOTS ( 'NONE', 3,
 ( #3790, #908, #2081, #306 ),
 .UNSPECIFIED., .F., .F.,
 ( 4, 4 ),
 ( 0.7143705566836238141, 0.7266971912288978652 ),
 .UNSPECIFIED. ) ;
#1814 = CARTESIAN_POINT ( 'NONE',  ( 146.7765370698238883, 12.57028952832127544, 7.501565693666469414 ) ) ;
#1815 = CARTESIAN_POINT ( 'NONE',  ( 115.1034017036497374, 2.210094514880579286, 127.9099999999999966 ) ) ;
#1816 = CARTESIAN_POINT ( 'NONE',  ( 333.1854599667739194, 4.493896875016689663, 339.1477120558699312 ) ) ;
#1817 = CARTESIAN_POINT ( 'NONE',  ( 130.1530016159915704, 13.88567817605879640, 6.518215349339539166 ) ) ;
#1818 = CARTESIAN_POINT ( 'NONE',  ( 333.0977241671910178, 4.417036882279269605, 339.4990579094091459 ) ) ;
#1819 = CARTESIAN_POINT ( 'NONE',  ( 390.7454693069067844, 3.139481527006156458, 371.2299995642491126 ) ) ;
#1820 = ORIENTED_EDGE ( 'NONE', *, *, #6320, .T. ) ;
#1821 = CARTESIAN_POINT ( 'NONE',  ( 322.2471239492736004, 1.684488872122728464, 127.9100000000000250 ) ) ;
#1822 = CARTESIAN_POINT ( 'NONE',  ( 346.0476299209959734, 3.127461219574137807, 371.0789364732000877 ) ) ;
#1823 = CARTESIAN_POINT ( 'NONE',  ( 120.6627710578760144, 13.84289033574377648, 6.522690317952354100 ) ) ;
#1824 = CARTESIAN_POINT ( 'NONE',  ( 140.1137578612897414, 13.07603831684134832, 22.73462056251332086 ) ) ;
#1825 = CARTESIAN_POINT ( 'NONE',  ( 279.5723001472494502, 5.268506273511825988, 6.500054739662993519 ) ) ;
#1826 = CARTESIAN_POINT ( 'NONE',  ( 332.5766904567805113, -2.739819871362719983, 173.2509977865708208 ) ) ;
#1827 = CARTESIAN_POINT ( 'NONE',  ( 281.1225528353232335, 4.118193561878387143, 6.647247568557747677 ) ) ;
#1828 = CARTESIAN_POINT ( 'NONE',  ( 126.7203482554373437, 13.63667806958011930, 16.34675944359486266 ) ) ;
#1829 = CARTESIAN_POINT ( 'NONE',  ( 145.3041540920077637, 11.35489842753905521, 22.25268033565474113 ) ) ;
#1830 = CARTESIAN_POINT ( 'NONE',  ( 277.9678503139994632, 6.397301532298028448, 249.8199999999998226 ) ) ;
#1831 = EDGE_CURVE ( 'NONE', #3917, #2327, #1041, .T. ) ;
#1832 = CARTESIAN_POINT ( 'NONE',  ( 202.4836601200524058, 11.86513729388763672, 127.9099999999999397 ) ) ;
#1833 = CARTESIAN_POINT ( 'NONE',  ( 267.7618463944651239, 5.704892961467401769, 7.131663805301268866 ) ) ;
#1834 = CARTESIAN_POINT ( 'NONE',  ( 285.3672504624077533, 3.940162043400167402, 23.24999999999972289 ) ) ;
#1835 = CARTESIAN_POINT ( 'NONE',  ( 284.5292906621593829, 1.365870979542660679, 23.24999999999993605 ) ) ;
#1836 = CARTESIAN_POINT ( 'NONE',  ( 272.1487004191574215, 5.719233605997245284, 6.576087838248470874 ) ) ;
#1837 = CARTESIAN_POINT ( 'NONE',  ( 126.9226882963822902, 12.05036999264411435, 23.95406716316437112 ) ) ;
#1838 = CARTESIAN_POINT ( 'NONE',  ( 281.1565779384996517, 3.962337743503981269, 6.735534480131959434 ) ) ;
#1839 = CARTESIAN_POINT ( 'NONE',  ( 136.0324792078969267, 12.65707247749087117, 23.13526280869557539 ) ) ;
#1840 = CARTESIAN_POINT ( 'NONE',  ( 281.0786919017601235, 4.002497866234759449, 6.738883711912320607 ) ) ;
#1841 = EDGE_CURVE ( 'NONE', #2553, #2672, #4158, .T. ) ;
#1842 = CARTESIAN_POINT ( 'NONE',  ( 280.8985905445554749, 3.742415253199200986, 7.710906843997991977 ) ) ;
#1843 = ORIENTED_EDGE ( 'NONE', *, *, #2781, .F. ) ;
#1844 = CARTESIAN_POINT ( 'NONE',  ( 118.8626710402161848, 12.89800190899019761, 11.20599531505225066 ) ) ;
#1845 = CARTESIAN_POINT ( 'NONE',  ( 358.5985407760770158, 0.09014140617024052338, 256.5178213575475183 ) ) ;
#1846 = CARTESIAN_POINT ( 'NONE',  ( 289.9216473163276078, -2.582998321600422198, 53.25093359074829635 ) ) ;
#1847 = CARTESIAN_POINT ( 'NONE',  ( 281.3889911290635268, 3.238316416042208434, 7.740753245488543044 ) ) ;
#1848 = CARTESIAN_POINT ( 'NONE',  ( 365.5416666710850109, 3.214689159269609409, 249.8200000000000216 ) ) ;
#1849 = ORIENTED_EDGE ( 'NONE', *, *, #81, .F. ) ;
#1850 = B_SPLINE_CURVE_WITH_KNOTS ( 'NONE', 3,
 ( #808, #6511, #4682, #663, #3027, #1340, #3618, #5758, #1856, #5905 ),
 .UNSPECIFIED., .F., .F.,
 ( 4, 2, 2, 2, 4 ),
 ( 1.769077770938648657E-17, 0.0006389285885636444146, 0.001277857177127271265, 0.001916785765690898116, 0.002555714354254524749 ),
 .UNSPECIFIED. ) ;
#1851 = CARTESIAN_POINT ( 'NONE',  ( 160.7102634371514114, 11.83427138119449573, 7.503116012687307546 ) ) ;
#1852 = CARTESIAN_POINT ( 'NONE',  ( 18.11000287083376037, 3.021445825887933090, 5.999999999999999112 ) ) ;
#1853 = B_SPLINE_CURVE_WITH_KNOTS ( 'NONE', 3,
 ( #6300, #2374, #6851, #595, #3001, #3975 ),
 .UNSPECIFIED., .F., .F.,
 ( 4, 2, 4 ),
 ( 0.000000000000000000, 0.0003911137877779924236, 0.0007822275755559848472 ),
 .UNSPECIFIED. ) ;
#1854 = CARTESIAN_POINT ( 'NONE',  ( 123.7392153413767772, 13.57696781531113395, 16.65873950412183646 ) ) ;
#1855 = CARTESIAN_POINT ( 'NONE',  ( 140.7208102217058752, 12.12028397200186269, 23.81986646275699826 ) ) ;
#1856 = CARTESIAN_POINT ( 'NONE',  ( 125.6597739389131192, 11.60013627761009936, 21.95658720058537838 ) ) ;
#1857 = CARTESIAN_POINT ( 'NONE',  ( 190.3295209701724104, 10.47965390264055152, 127.9100000000001103 ) ) ;
#1858 = CONICAL_SURFACE ( 'NONE', #902, 1.799999999999994049, 0.05235987755983000091 ) ;
#1859 = EDGE_LOOP ( 'NONE', ( #6555, #5965, #1018, #6069 ) ) ;
#1860 = CARTESIAN_POINT ( 'NONE',  ( 125.6117820114704386, 43.07938103743692437, 11.60000000000058940 ) ) ;
#1861 = CARTESIAN_POINT ( 'NONE',  ( 350.4119272456323415, 3.115815271549367438, 371.1332449236886077 ) ) ;
#1862 = CARTESIAN_POINT ( 'NONE',  ( 120.6642607470891448, 13.72312309139044650, 6.570046565979732023 ) ) ;
#1863 = CARTESIAN_POINT ( 'NONE',  ( 140.3943174300423493, 12.59759171537679912, 23.14786484725838989 ) ) ;
#1864 = CARTESIAN_POINT ( 'NONE',  ( 362.5065759973411446, 4.820094838575674778, 371.2840985890011893 ) ) ;
#1865 = EDGE_CURVE ( 'NONE', #2789, #1904, #326, .T. ) ;
#1866 = CARTESIAN_POINT ( 'NONE',  ( 281.3358599593174176, 4.466829267065022258, 6.498457801016046531 ) ) ;
#1867 = LINE ( 'NONE', #3558, #6515 ) ;
#1868 = ORIENTED_EDGE ( 'NONE', *, *, #2536, .T. ) ;
#1869 = CARTESIAN_POINT ( 'NONE',  ( 145.2834335674459396, 11.35583386055937360, 22.21990858113222345 ) ) ;
#1870 = CARTESIAN_POINT ( 'NONE',  ( 346.6249341502773973, 3.109044814354513964, 371.7300000000000182 ) ) ;
#1871 = CARTESIAN_POINT ( 'NONE',  ( 285.2506788818128598, 3.614865112903030475, 20.94855939978553749 ) ) ;
#1872 = CARTESIAN_POINT ( 'NONE',  ( 285.4375962191252256, 3.388651067585625842, 20.80160402129238761 ) ) ;
#1873 = CARTESIAN_POINT ( 'NONE',  ( 273.8120488619635466, 4.908025779657939403, 7.260100715036425179 ) ) ;
#1874 = CARTESIAN_POINT ( 'NONE',  ( 301.6958344410946324, 4.557948464013444223, 300.3828331764705126 ) ) ;
#1875 = ADVANCED_FACE ( 'NONE', ( #4064 ), #5892, .F. ) ;
#1876 = CARTESIAN_POINT ( 'NONE',  ( 281.0166994129874638, 3.823914179193659280, 6.953924967520110911 ) ) ;
#1877 = CARTESIAN_POINT ( 'NONE',  ( 280.6907093534869091, 3.578755156141499416, 6.499999999998535394 ) ) ;
#1878 = ORIENTED_EDGE ( 'NONE', *, *, #862, .F. ) ;
#1879 = CARTESIAN_POINT ( 'NONE',  ( 326.8591381635122275, 3.366587754964885271, 340.1822025318016927 ) ) ;
#1880 = CARTESIAN_POINT ( 'NONE',  ( 261.1671008985769618, 7.135582259737277333, 5.999999999999985789 ) ) ;
#1881 = VERTEX_POINT ( 'NONE', #190 ) ;
#1882 = CIRCLE ( 'NONE', #5206, 0.2000000000000000944 ) ;
#1883 = CARTESIAN_POINT ( 'NONE',  ( 244.2969814519905754, 7.183727223534300599, 7.122134360994828661 ) ) ;
#1884 = CARTESIAN_POINT ( 'NONE',  ( 230.4241543191763242, 8.860643074372017480, 6.498707261606359253 ) ) ;
#1885 = FACE_OUTER_BOUND ( 'NONE', #4491, .T. ) ;
#1886 = CARTESIAN_POINT ( 'NONE',  ( 144.8978359796719246, 10.59263907597065035, 20.19589090453592561 ) ) ;
#1887 = CIRCLE ( 'NONE', #3764, 1.790067006391590665 ) ;
#1888 = B_SPLINE_CURVE_WITH_KNOTS ( 'NONE', 3,
 ( #1634, #2175, #6175, #1075 ),
 .UNSPECIFIED., .F., .F.,
 ( 4, 4 ),
 ( 0.7143705566836238141, 0.7266971912288978652 ),
 .UNSPECIFIED. ) ;
#1889 = DIRECTION ( 'NONE',  ( 0.000000000000000000, 0.000000000000000000, 1.000000000000000000 ) ) ;
#1890 = CARTESIAN_POINT ( 'NONE',  ( 157.2255791179510709, 12.04469320378847108, 7.239969183943974151 ) ) ;
#1891 = CARTESIAN_POINT ( 'NONE',  ( 310.9231751197552853, 1.837958423773830008, 371.7300000000000182 ) ) ;
#1892 = VECTOR ( 'NONE', #5294, 1000.000000000000114 ) ;
#1893 = CARTESIAN_POINT ( 'NONE',  ( 140.5649702743622242, 12.47726791971117777, 23.21197261979021320 ) ) ;
#1894 = DIRECTION ( 'NONE',  ( -1.000000000000000000, 0.000000000000000000, -0.000000000000000000 ) ) ;
#1895 = SHAPE_DEFINITION_REPRESENTATION ( #5383, #1923 ) ;
#1896 = CARTESIAN_POINT ( 'NONE',  ( 192.1680502154775070, 10.51058988974591912, 127.9100000000000250 ) ) ;
#1897 = ORIENTED_EDGE ( 'NONE', *, *, #1536, .F. ) ;
#1898 = CARTESIAN_POINT ( 'NONE',  ( 391.1966715750382946, 3.104799172499628668, 371.2317907618016761 ) ) ;
#1899 = CARTESIAN_POINT ( 'NONE',  ( 345.5028199616173765, 2.131340531022029250, 339.5892285175668803 ) ) ;
#1900 = CARTESIAN_POINT ( 'NONE',  ( 131.1320760545173698, 13.94432466943111670, 6.498751490693350341 ) ) ;
#1901 = CARTESIAN_POINT ( 'NONE',  ( 280.6709707805741800, 4.514537171821388917, 6.584333769541665937 ) ) ;
#1902 = CARTESIAN_POINT ( 'NONE',  ( 146.8313305790742618, 10.52480221902438018, 21.26340167826812078 ) ) ;
#1903 = CARTESIAN_POINT ( 'NONE',  ( 127.6009080460003560, 13.75650487606697148, 12.57687393218232152 ) ) ;
#1904 = VERTEX_POINT ( 'NONE', #4738 ) ;
#1905 = CARTESIAN_POINT ( 'NONE',  ( 268.7780052012179226, 6.432758108625114879, 249.8200000000000784 ) ) ;
#1906 = EDGE_CURVE ( 'NONE', #5628, #3460, #3616, .T. ) ;
#1907 = CARTESIAN_POINT ( 'NONE',  ( 283.6096145922402343, 2.132890306395528235, 23.25000000000004263 ) ) ;
#1908 = CARTESIAN_POINT ( 'NONE',  ( 286.7651764916179218, 0.3181086345201787902, 20.62886866585687429 ) ) ;
#1909 = CARTESIAN_POINT ( 'NONE',  ( 274.7687569963209739, 5.526232111411085945, 6.524571863090874224 ) ) ;
#1910 = FACE_OUTER_BOUND ( 'NONE', #1391, .T. ) ;
#1911 = CARTESIAN_POINT ( 'NONE',  ( 281.0398612675456320, 3.810756847390641244, 6.953929780238361502 ) ) ;
#1912 = CARTESIAN_POINT ( 'NONE',  ( 345.7017792531123064, 3.482651843654187118, 340.0513672549073476 ) ) ;
#1913 = ORIENTED_EDGE ( 'NONE', *, *, #3430, .T. ) ;
#1914 = CARTESIAN_POINT ( 'NONE',  ( 125.8254780855618549, 13.30224602057764649, 22.21867204480676250 ) ) ;
#1915 = CARTESIAN_POINT ( 'NONE',  ( 133.5825836785632532, 13.50829533978648733, 21.64930567553404117 ) ) ;
#1916 = ORIENTED_EDGE ( 'NONE', *, *, #6320, .F. ) ;
#1917 = CARTESIAN_POINT ( 'NONE',  ( 254.7773746278642477, 6.957429647296033970, 6.623596881104615086 ) ) ;
#1918 = CARTESIAN_POINT ( 'NONE',  ( 219.9241026888681745, 8.600241950750291409, 7.507320541633070832 ) ) ;
#1919 = CARTESIAN_POINT ( 'NONE',  ( 392.7100233377718155, 0.1244646622437859812, 351.9078058200013857 ) ) ;
#1920 = CARTESIAN_POINT ( 'NONE',  ( 340.3726103370310625, 0.8374963849463464838, 206.4764288627854683 ) ) ;
#1921 = CARTESIAN_POINT ( 'NONE',  ( 279.7437561128222114, 5.215650673650777058, 6.500000000000015987 ) ) ;
#1922 = ORIENTED_EDGE ( 'NONE', *, *, #1051, .F. ) ;
#1923 = ADVANCED_BREP_SHAPE_REPRESENTATION ( 'Radome droite V4', ( #5588, #5929 ), #1300 ) ;
#1924 = CARTESIAN_POINT ( 'NONE',  ( 164.1969475885134386, 11.68886771349845333, 7.238733839816589466 ) ) ;
#1925 = CARTESIAN_POINT ( 'NONE',  ( 326.8735604810804602, 2.492104493941180277, 339.7299999999999613 ) ) ;
#1926 = CARTESIAN_POINT ( 'NONE',  ( 125.1310298610046914, 13.60700463659358661, 16.60000000000058051 ) ) ;
#1927 = CARTESIAN_POINT ( 'NONE',  ( 160.3759731210269308, 13.94446355411818317, 5.999999999999990230 ) ) ;
#1928 = CARTESIAN_POINT ( 'NONE',  ( 125.8969179986126647, 13.85820650316253300, 6.522989959313814978 ) ) ;
#1929 = CARTESIAN_POINT ( 'NONE',  ( 260.3759731210270161, 7.175950877862858235, 5.999999999999991118 ) ) ;
#1930 = CARTESIAN_POINT ( 'NONE',  ( 281.0156029754657538, 4.329602631434518401, 6.586851899513644248 ) ) ;
#1931 = CARTESIAN_POINT ( 'NONE',  ( 140.7989541123222068, 12.11610725402290356, 23.98017511553389625 ) ) ;
#1932 = DIRECTION ( 'NONE',  ( 5.099986907836822103E-14, -1.000000000000000000, 0.000000000000000000 ) ) ;
#1933 = ORIENTED_EDGE ( 'NONE', *, *, #5127, .F. ) ;
#1934 = CARTESIAN_POINT ( 'NONE',  ( 379.8304410651261946, 1.829606790630587509, 371.7300000000001319 ) ) ;
#1935 = CARTESIAN_POINT ( 'NONE',  ( 269.4832653811035925, 5.501333882173007339, 7.135143365363146195 ) ) ;
#1936 = CARTESIAN_POINT ( 'NONE',  ( 281.5800000000000978, 5.450000000000003730, 6.000000000000000000 ) ) ;
#1937 = CARTESIAN_POINT ( 'NONE',  ( 275.9994922434425462, 4.645288619910482808, 7.388546939901484478 ) ) ;
#1938 = FACE_OUTER_BOUND ( 'NONE', #128, .T. ) ;
#1939 = CARTESIAN_POINT ( 'NONE',  ( 280.9654094965217723, 3.679656673296804570, 7.361709527352103599 ) ) ;
#1940 = CARTESIAN_POINT ( 'NONE',  ( 282.5752538683414059, 0.006078370062808527083, 7.811623540008744371 ) ) ;
#1941 = ORIENTED_EDGE ( 'NONE', *, *, #1959, .F. ) ;
#1942 = CARTESIAN_POINT ( 'NONE',  ( 279.2588001654868890, 4.302453954259003233, 7.549758290139813255 ) ) ;
#1943 = CARTESIAN_POINT ( 'NONE',  ( 317.7172711325085857, 1.165268366351431606, 371.7300000000002456 ) ) ;
#1944 = ORIENTED_EDGE ( 'NONE', *, *, #5298, .F. ) ;
#1945 = APPROVAL_STATUS ( 'not_yet_approved' ) ;
#1946 = CARTESIAN_POINT ( 'NONE',  ( 254.7609243949513598, 6.658080118679825077, 6.884560790729921109 ) ) ;
#1947 = CARTESIAN_POINT ( 'NONE',  ( 223.4296061228008909, 8.781482907268886251, 6.698444279922885158 ) ) ;
#1948 = CARTESIAN_POINT ( 'NONE',  ( 190.3295209701724104, 10.47965390264055152, 127.9100000000001103 ) ) ;
#1949 = CARTESIAN_POINT ( 'NONE',  ( 350.4024359271525100, 2.217877070408963203, 234.0144709017505136 ) ) ;
#1950 = CARTESIAN_POINT ( 'NONE',  ( 359.0406889860093997, -0.01164354446574478522, 220.8849016086736583 ) ) ;
#1951 = EDGE_CURVE ( 'NONE', #1767, #4404, #694, .T. ) ;
#1952 = CARTESIAN_POINT ( 'NONE',  ( 352.5087307374798229, 3.818402780109436456, 371.2299999999954139 ) ) ;
#1953 = CARTESIAN_POINT ( 'NONE',  ( 157.2777800401263733, 13.02804049040038059, 6.500051390177742583 ) ) ;
#1954 = CARTESIAN_POINT ( 'NONE',  ( 311.1123840443639210, 1.899591724815328009, 371.7300000000000182 ) ) ;
#1955 = CARTESIAN_POINT ( 'NONE',  ( 409.7832170486652785, 1.508405828403109217, 371.7300000000000182 ) ) ;
#1956 = CARTESIAN_POINT ( 'NONE',  ( 125.9921703559779900, 11.11975627091134378, 22.00000000000000000 ) ) ;
#1957 = CARTESIAN_POINT ( 'NONE',  ( 332.8554679641289908, 4.131622302836436056, 339.1404847353880427 ) ) ;
#1958 = APPROVAL_DATE_TIME ( #5249, #2859 ) ;
#1959 = EDGE_CURVE ( 'NONE', #2968, #2191, #3012, .T. ) ;
#1960 = CARTESIAN_POINT ( 'NONE',  ( 159.9592262600688457, 13.96576732728395598, 5.999999999999990230 ) ) ;
#1961 = CARTESIAN_POINT ( 'NONE',  ( 125.8974213029864018, 13.98803882177239188, 6.498759747628136019 ) ) ;
#1962 = CARTESIAN_POINT ( 'NONE',  ( 379.8480752901801907, 3.924754125633563184, 371.7299999999998477 ) ) ;
#1963 = CARTESIAN_POINT ( 'NONE',  ( 140.0291593703286708, 13.49239277775131640, 22.33313665362158673 ) ) ;
#1964 = CARTESIAN_POINT ( 'NONE',  ( 281.1421402888551597, 4.573798731632701120, 6.498477593337245395 ) ) ;
#1965 = CARTESIAN_POINT ( 'NONE',  ( 361.0212479352414334, 4.876311788743352693, 371.2300000000003024 ) ) ;
#1966 = EDGE_CURVE ( 'NONE', #6029, #109, #513, .T. ) ;
#1967 = CARTESIAN_POINT ( 'NONE',  ( 119.6626363359130920, 12.90438799248681967, 11.60000000000059828 ) ) ;
#1968 = EDGE_LOOP ( 'NONE', ( #6106, #3559, #1136, #2279 ) ) ;
#1969 = CARTESIAN_POINT ( 'NONE',  ( 253.2417405825231356, 7.482726484464008898, 127.9100000000000250 ) ) ;
#1970 = CARTESIAN_POINT ( 'NONE',  ( 159.8759731210261918, 12.88220348682631489, 6.499999999999980460 ) ) ;
#1971 = CARTESIAN_POINT ( 'NONE',  ( 276.5094369631700033, 5.343609223707723288, 6.524389866436602681 ) ) ;
#1972 = CARTESIAN_POINT ( 'NONE',  ( 340.3726103370311193, 0.8374963849463447074, 206.4764288627854967 ) ) ;
#1973 = CARTESIAN_POINT ( 'NONE',  ( 280.9885723278858336, 3.666501060391521349, 7.361717748433845188 ) ) ;
#1974 = CARTESIAN_POINT ( 'NONE',  ( 282.5751390733314565, 0.04864239878412597584, 7.811586878949261070 ) ) ;
#1975 = ORIENTED_EDGE ( 'NONE', *, *, #3250, .F. ) ;
#1976 = CARTESIAN_POINT ( 'NONE',  ( 253.6377314321402991, 6.520288338128374050, 7.506512358949975372 ) ) ;
#1977 = B_SPLINE_CURVE_WITH_KNOTS ( 'NONE', 3,
 ( #3140, #1442, #3734, #5877, #1963, #6019, #6551, #777, #5981, #3699 ),
 .UNSPECIFIED., .F., .F.,
 ( 4, 2, 2, 2, 4 ),
 ( 0.000000000000000000, 0.0005593169591708628758, 0.001118633918341725752, 0.001677950877512588736, 0.002237267836683451503 ),
 .UNSPECIFIED. ) ;
#1978 = CARTESIAN_POINT ( 'NONE',  ( 123.5711034278619280, 3.639731650521520478, 127.9100000000000250 ) ) ;
#1979 = ORIENTED_EDGE ( 'NONE', *, *, #6141, .T. ) ;
#1980 = CARTESIAN_POINT ( 'NONE',  ( 244.3335841562028747, 7.730350076864705322, 6.574200219504727549 ) ) ;
#1981 = CARTESIAN_POINT ( 'NONE',  ( 187.6120371897761459, 10.47919233154007124, 127.9100000000000250 ) ) ;
#1982 = CARTESIAN_POINT ( 'NONE',  ( 183.8814386110426256, 11.63390869294622831, 6.499999999999975131 ) ) ;
#1983 = DIRECTION ( 'NONE',  ( 0.000000000000000000, -0.0003598203108568340963, -0.9999999352646697925 ) ) ;
#1984 = CARTESIAN_POINT ( 'NONE',  ( 116.6392932987830875, 13.83546442860873071, 6.514198590365626984 ) ) ;
#1985 = CIRCLE ( 'NONE', #6744, 1.790067006392055626 ) ;
#1986 = FACE_OUTER_BOUND ( 'NONE', #6059, .T. ) ;
#1987 = CARTESIAN_POINT ( 'NONE',  ( 164.2020051671439944, 11.78987109026465419, 6.994942068491295295 ) ) ;
#1988 = DIRECTION ( 'NONE',  ( 0.000000000000000000, -0.0003598203108568265611, -0.9999999352646699036 ) ) ;
#1989 = EDGE_CURVE ( 'NONE', #4212, #3187, #3595, .T. ) ;
#1990 = CIRCLE ( 'NONE', #926, 0.6634653046645194729 ) ;
#1991 = CARTESIAN_POINT ( 'NONE',  ( 132.7033794352454379, 11.30463921418000872, 18.82270000000002241 ) ) ;
#1992 = CARTESIAN_POINT ( 'NONE',  ( 363.7590103309769347, 4.772161408202709509, 371.2300000000000182 ) ) ;
#1993 = AXIS2_PLACEMENT_3D ( 'NONE', #1484, #3113, #6632 ) ;
#1994 = CARTESIAN_POINT ( 'NONE',  ( 160.2370575007075786, 13.95156481184010744, 6.500000019107369020 ) ) ;
#1995 = CARTESIAN_POINT ( 'NONE',  ( 132.8745483563472192, 13.79211703965415481, 6.523205477494469662 ) ) ;
#1996 = CARTESIAN_POINT ( 'NONE',  ( 347.1116723752325584, 5.195403565086171405, 371.7299999999999613 ) ) ;
#1997 = CARTESIAN_POINT ( 'NONE',  ( 366.2454693069080918, 4.666490882113564886, 371.2300000000000182 ) ) ;
#1998 = CARTESIAN_POINT ( 'NONE',  ( 127.8916668180351479, 12.73777643752765520, 20.24226519392110646 ) ) ;
#1999 = CARTESIAN_POINT ( 'NONE',  ( 326.6906251185854444, 4.676588166539679570, 339.9156750125928852 ) ) ;
#2000 = ORIENTED_EDGE ( 'NONE', *, *, #4772, .T. ) ;
#2001 = CARTESIAN_POINT ( 'NONE',  ( 269.2635307630008583, 6.572015050351017074, 127.9100000000000819 ) ) ;
#2002 = CARTESIAN_POINT ( 'NONE',  ( 333.7590008482968074, 4.667297670264291654, 340.4763327866683085 ) ) ;
#2003 = CARTESIAN_POINT ( 'NONE',  ( 275.1900971507747613, 5.354085286707652713, 6.575575698125756929 ) ) ;
#2004 = CARTESIAN_POINT ( 'NONE',  ( 345.4163241270789513, 2.130004047237735954, 339.6529503645643331 ) ) ;
#2005 = CARTESIAN_POINT ( 'NONE',  ( 262.9922045477029542, 8.114228863361443445, 6.499999999999993783 ) ) ;
#2006 = CARTESIAN_POINT ( 'NONE',  ( 281.4716079415048284, 3.438217108324268523, 7.222964789061919078 ) ) ;
#2007 = CARTESIAN_POINT ( 'NONE',  ( 282.1315991083053518, 0.3791431038992899016, 6.500000000002977174 ) ) ;
#2008 = EDGE_LOOP ( 'NONE', ( #1820, #2873 ) ) ;
#2009 = CARTESIAN_POINT ( 'NONE',  ( 23.61233884813141515, 3.791498308815264284, 6.000000000000009770 ) ) ;
#2010 = VERTEX_POINT ( 'NONE', #2482 ) ;
#2011 = CARTESIAN_POINT ( 'NONE',  ( 251.3226372994379858, 7.671723618234851827, 6.500051625898514374 ) ) ;
#2012 = CARTESIAN_POINT ( 'NONE',  ( 345.2172767897737344, 2.001849610228726206, 339.5294256970726678 ) ) ;
#2013 = CARTESIAN_POINT ( 'NONE',  ( 365.7454693069067844, 2.796434749776956608, 371.7300000000000182 ) ) ;
#2014 = CARTESIAN_POINT ( 'NONE',  ( 391.2117466521880260, 1.206152982588492684, 371.2299998472210518 ) ) ;
#2015 = CARTESIAN_POINT ( 'NONE',  ( 289.9216473163282899, 0.01628554218310132931, 51.26020527340745048 ) ) ;
#2016 = ORIENTED_EDGE ( 'NONE', *, *, #3615, .T. ) ;
#2017 = CARTESIAN_POINT ( 'NONE',  ( 332.5766904567805682, -2.539819884309786779, 173.2509258225086057 ) ) ;
#2018 = CARTESIAN_POINT ( 'NONE',  ( 192.1032761627703280, 10.93105836257014651, 6.523919849317890041 ) ) ;
#2019 = CARTESIAN_POINT ( 'NONE',  ( 345.5870384845806598, 2.050968315201909586, 339.4336380570721303 ) ) ;
#2020 = CARTESIAN_POINT ( 'NONE',  ( 163.8999734715464740, 12.67787936281675520, 5.999999999999988454 ) ) ;
#2021 = ORIENTED_EDGE ( 'NONE', *, *, #4438, .T. ) ;
#2022 = CARTESIAN_POINT ( 'NONE',  ( 362.7454693069067844, 4.811162420171592125, 371.2300000000000182 ) ) ;
#2023 = ADVANCED_FACE ( 'NONE', ( #337 ), #6654, .F. ) ;
#2024 = CARTESIAN_POINT ( 'NONE',  ( 332.3144304896973722, 3.642782377040841180, 338.1032517001718816 ) ) ;
#2025 = CARTESIAN_POINT ( 'NONE',  ( 127.6435072787673590, 14.11091342524678360, 6.500049632487083784 ) ) ;
#2026 = CARTESIAN_POINT ( 'NONE',  ( 252.5672263802717907, 8.081278061193620132, 249.8200000000000216 ) ) ;
#2027 = CARTESIAN_POINT ( 'NONE',  ( 345.1644352007164116, 2.003574576566064636, 339.6744065291088077 ) ) ;
#2028 = CARTESIAN_POINT ( 'NONE',  ( 283.8897940465397483, 2.174676916064575138, 23.25000000000001421 ) ) ;
#2029 = CARTESIAN_POINT ( 'NONE',  ( 144.9174551721349928, 11.36846579892813125, 22.03917818090718228 ) ) ;
#2030 = CARTESIAN_POINT ( 'NONE',  ( 408.6052951105188527, 1.612364821804292303, 371.7299999999999613 ) ) ;
#2031 = CARTESIAN_POINT ( 'NONE',  ( 127.8587752122515866, 13.68124277801407374, 15.20793426466980947 ) ) ;
#2032 = ORIENTED_EDGE ( 'NONE', *, *, #3571, .F. ) ;
#2033 = CARTESIAN_POINT ( 'NONE',  ( 210.5560749677819388, 9.138517717065512969, 6.000000000000014211 ) ) ;
#2034 = CARTESIAN_POINT ( 'NONE',  ( 279.3356534873161081, 6.465331890750000809, 233.1852650560354334 ) ) ;
#2035 = CARTESIAN_POINT ( 'NONE',  ( 278.1754735252760042, 4.469021228145129143, 7.254393996878009787 ) ) ;
#2036 = CARTESIAN_POINT ( 'NONE',  ( 389.7455524102979894, 1.318591059256399856, 371.2300000000000182 ) ) ;
#2037 = CARTESIAN_POINT ( 'NONE',  ( 281.3409653828105661, 3.639711544826608858, 6.953992345966066857 ) ) ;
#2038 = CARTESIAN_POINT ( 'NONE',  ( 283.5253335741899718, 0.05947695450348943619, 6.500000000000001776 ) ) ;
#2039 = ORIENTED_EDGE ( 'NONE', *, *, #992, .T. ) ;
#2040 = CARTESIAN_POINT ( 'NONE',  ( 329.5883507741820040, 3.924941696792743517, 341.6421762024567670 ) ) ;
#2041 = ADVANCED_FACE ( 'NONE', ( #5100 ), #2218, .F. ) ;
#2042 = CARTESIAN_POINT ( 'NONE',  ( 316.3584364251849479, 0.9232765703272602931, 371.7299999999997340 ) ) ;
#2043 = ORIENTED_EDGE ( 'NONE', *, *, #139, .T. ) ;
#2044 = CARTESIAN_POINT ( 'NONE',  ( 258.2476853523761520, 6.405019058925502051, 6.995018534354055184 ) ) ;
#2045 = CARTESIAN_POINT ( 'NONE',  ( 128.0958088854224854, 12.93828047147969329, 13.77341025205004499 ) ) ;
#2046 = CARTESIAN_POINT ( 'NONE',  ( 390.8878460630494374, 3.128555281466579352, 371.2300037699494624 ) ) ;
#2047 = EDGE_CURVE ( 'NONE', #3586, #658, #7087, .T. ) ;
#2048 = CARTESIAN_POINT ( 'NONE',  ( 391.2454690664968666, 1.203566910909072307, 371.2299998310068077 ) ) ;
#2049 = ORIENTED_EDGE ( 'NONE', *, *, #4346, .F. ) ;
#2050 = DIRECTION ( 'NONE',  ( -2.856580399953362200E-13, -0.9999999352646697925, 0.0003598203108568317110 ) ) ;
#2051 = ORIENTED_EDGE ( 'NONE', *, *, #6697, .T. ) ;
#2052 = FACE_OUTER_BOUND ( 'NONE', #6578, .T. ) ;
#2053 = CARTESIAN_POINT ( 'NONE',  ( 171.1626047561564121, 11.30887046649340455, 7.503602652178377852 ) ) ;
#2054 = CARTESIAN_POINT ( 'NONE',  ( 140.2177727945343975, 13.85865229357859718, 6.499999999999973355 ) ) ;
#2055 = CARTESIAN_POINT ( 'NONE',  ( 259.9130971060463366, 5.367988419597901739, 233.8199999999999932 ) ) ;
#2056 = EDGE_LOOP ( 'NONE', ( #6699, #4154, #3116, #5317 ) ) ;
#2057 = DIRECTION ( 'NONE',  ( -5.099986907836822103E-14, 1.000000000000000000, 0.000000000000000000 ) ) ;
#2058 = CARTESIAN_POINT ( 'NONE',  ( 159.9822535434680049, 13.96459019058991124, 6.488573916415145248 ) ) ;
#2059 = CARTESIAN_POINT ( 'NONE',  ( 136.3417521728467818, 12.96763417391572304, 7.487673885180313071 ) ) ;
#2060 = CARTESIAN_POINT ( 'NONE',  ( 62.52220575199757491, 13.11606169971417835, 5.999999999999999112 ) ) ;
#2061 = CARTESIAN_POINT ( 'NONE',  ( 346.4248835085062410, 3.450415743440032657, 341.2947327596211835 ) ) ;
#2062 = CARTESIAN_POINT ( 'NONE',  ( 283.8873812434283082, 2.176868926157669470, 23.25000000000001421 ) ) ;
#2063 = CARTESIAN_POINT ( 'NONE',  ( 126.1762698485891860, 12.65051166779978153, 21.56264912138081868 ) ) ;
#2064 = CARTESIAN_POINT ( 'NONE',  ( 272.5326429073531358, 7.122878197882028140, 6.499999999999993783 ) ) ;
#2065 = ORIENTED_EDGE ( 'NONE', *, *, #4357, .F. ) ;
#2066 = CARTESIAN_POINT ( 'NONE',  ( 389.5006133947075000, 1.145735161185484019, 371.7300000000000750 ) ) ;
#2067 = CARTESIAN_POINT ( 'NONE',  ( 115.4231461315697516, 13.97123504792302384, 6.500047887915349598 ) ) ;
#2068 = CARTESIAN_POINT ( 'NONE',  ( 284.3337368579397548, 1.862238322929128387, 23.24999999999998579 ) ) ;
#2069 = CARTESIAN_POINT ( 'NONE',  ( 276.4571355346122914, 4.798363072362636039, 6.891428338699959966 ) ) ;
#2070 = CARTESIAN_POINT ( 'NONE',  ( 362.3961344078355751, 2.933831979197378370, 371.7300000000000182 ) ) ;
#2071 = EDGE_CURVE ( 'NONE', #4351, #4343, #2985, .T. ) ;
#2072 = VECTOR ( 'NONE', #3578, 1000.000000000000000 ) ;
#2073 = CARTESIAN_POINT ( 'NONE',  ( 281.4471674603871065, 3.395180497240246176, 7.509537952701684560 ) ) ;
#2074 = VERTEX_POINT ( 'NONE', #559 ) ;
#2075 = CARTESIAN_POINT ( 'NONE',  ( 334.2875167245089187, 3.874323394452741987, 340.1945474284238458 ) ) ;
#2076 = DIRECTION ( 'NONE',  ( -0.04058578668308959747, -0.9991760575190513638, 0.000000000000000000 ) ) ;
#2077 = CARTESIAN_POINT ( 'NONE',  ( 352.7454693069079212, 6.951351884012424875, 371.2300000000000182 ) ) ;
#2078 = CARTESIAN_POINT ( 'NONE',  ( 256.5407875389237233, 7.244846328118978107, 6.498712225370969264 ) ) ;
#2079 = EDGE_LOOP ( 'NONE', ( #1723, #7370, #4713, #2261 ) ) ;
#2080 = CARTESIAN_POINT ( 'NONE',  ( 126.7205241309700199, 12.99104140120010165, 11.85332518800989021 ) ) ;
#2081 = CARTESIAN_POINT ( 'NONE',  ( 363.7590103309769347, 4.772161408202709509, 371.7300000000000182 ) ) ;
#2082 = CARTESIAN_POINT ( 'NONE',  ( 273.6384132941038843, 0.006206900762668231958, 23.24999999999999289 ) ) ;
#2083 = VERTEX_POINT ( 'NONE', #3900 ) ;
#2084 = CARTESIAN_POINT ( 'NONE',  ( 163.3759731210269877, 13.79274210926817723, 6.122720948352347925 ) ) ;
#2085 = ORIENTED_EDGE ( 'NONE', *, *, #1501, .T. ) ;
#2086 = CARTESIAN_POINT ( 'NONE',  ( 347.1970951075979315, 3.419697813577330159, 340.5700865320030175 ) ) ;
#2087 = EDGE_CURVE ( 'NONE', #469, #5435, #3958, .T. ) ;
#2088 = CARTESIAN_POINT ( 'NONE',  ( 185.1504264731188982, 11.57815502609609126, 6.500051464326007888 ) ) ;
#2089 = CARTESIAN_POINT ( 'NONE',  ( 285.4966207638880178, 0.006173873464801378670, 23.15821169527092849 ) ) ;
#2090 = CARTESIAN_POINT ( 'NONE',  ( 283.5255088341141914, -0.01846595722640627379, 6.499999999999992006 ) ) ;
#2091 = CIRCLE ( 'NONE', #5077, 1.663191211614952092 ) ;
#2092 = DIRECTION ( 'NONE',  ( 0.000000000000000000, -0.5216228501453766819, -0.8531761847392447251 ) ) ;
#2093 = CARTESIAN_POINT ( 'NONE',  ( 333.9338660171868582, 4.867232740705273564, 340.3752461531673816 ) ) ;
#2094 = B_SPLINE_CURVE_WITH_KNOTS ( 'NONE', 3,
 ( #7246, #2774, #3341, #3304 ),
 .UNSPECIFIED., .F., .F.,
 ( 4, 4 ),
 ( 0.4517813687693125746, 0.9528340579115743836 ),
 .UNSPECIFIED. ) ;
#2095 = CARTESIAN_POINT ( 'NONE',  ( 233.8661830952197533, 7.978427915984401153, 6.885477018173191688 ) ) ;
#2096 = CARTESIAN_POINT ( 'NONE',  ( 136.3424884957928214, 12.99679493165861643, 7.226647817476557378 ) ) ;
#2097 = CARTESIAN_POINT ( 'NONE',  ( 192.2368318344084628, 11.85680205653478225, 127.9100000000000534 ) ) ;
#2098 = CIRCLE ( 'NONE', #88, 0.9999999999999958922 ) ;
#2099 = CARTESIAN_POINT ( 'NONE',  ( 213.6830189347937505, 9.484412320769784799, 126.8846169734593445 ) ) ;
#2100 = CARTESIAN_POINT ( 'NONE',  ( 396.1962531279527298, 0.7623431173971503272, 371.2305438823166810 ) ) ;
#2101 = CARTESIAN_POINT ( 'NONE',  ( 263.3759731210270161, 7.005711497204469396, 5.999999999999991118 ) ) ;
#2102 = VECTOR ( 'NONE', #644, 1000.000000000000000 ) ;
#2103 = CARTESIAN_POINT ( 'NONE',  ( 125.6482803594041116, 13.92637600596469660, 6.518034105252314525 ) ) ;
#2104 = EDGE_LOOP ( 'NONE', ( #6716, #3306, #889 ) ) ;
#2105 = CARTESIAN_POINT ( 'NONE',  ( 394.3330090062050317, 0.7705882934455147160, 371.7300000000000750 ) ) ;
#2106 = CARTESIAN_POINT ( 'NONE',  ( 389.6653328165440371, 1.275748055752320864, 371.2305451956968909 ) ) ;
#2107 =( BOUNDED_SURFACE ( )  B_SPLINE_SURFACE ( 3, 2, ( 
 ( #335, #4736, #828 ),
 ( #5408, #7017, #6564 ),
 ( #4247, #297, #1453 ),
 ( #3710, #1912, #6458 ) ),
 .UNSPECIFIED., .F., .F., .F. ) 
 B_SPLINE_SURFACE_WITH_KNOTS ( ( 4, 4 ),
 ( 3, 3 ),
 ( -5.029613878160255069E-16, 0.001254749432632639881 ),
 ( 0.000000000000000000, 1.000000000000000000 ),
 .UNSPECIFIED. ) 
 GEOMETRIC_REPRESENTATION_ITEM ( )  RATIONAL_B_SPLINE_SURFACE ( (
 ( 1.000000000000000000, 0.8116459970741224383, 1.000000000000000000),
 ( 1.000000000000000000, 0.8117232954979032300, 1.000000000000000000),
 ( 1.000000000000000000, 0.8117811636818067500, 1.000000000000000000),
 ( 1.000000000000000000, 0.8117832028144728040, 1.000000000000000000) ) ) 
 REPRESENTATION_ITEM ( '' )  SURFACE ( )  );
#2108 = CARTESIAN_POINT ( 'NONE',  ( 280.6122049828167633, 2.476066488065311599, 23.25000000000002132 ) ) ;
#2109 = SECURITY_CLASSIFICATION ( '', '', #135 ) ;
#2110 = CARTESIAN_POINT ( 'NONE',  ( 276.8828171888447400, 4.585731270260234638, 7.251125221446386604 ) ) ;
#2111 = CARTESIAN_POINT ( 'NONE',  ( 332.3098660827429853, 3.442853192063314527, 338.1005154283695333 ) ) ;
#2112 = CARTESIAN_POINT ( 'NONE',  ( 281.2618599729601101, 3.500416884246545735, 7.509464431899962378 ) ) ;
#2113 = CARTESIAN_POINT ( 'NONE',  ( 132.0335165864208875, 11.20134908771889037, 22.48498264304369698 ) ) ;
#2114 = CARTESIAN_POINT ( 'NONE',  ( 257.2767073002813163, 6.152608403235626078, 249.8199999999999363 ) ) ;
#2115 = ADVANCED_FACE ( 'NONE', ( #6181 ), #3065, .T. ) ;
#2116 = CARTESIAN_POINT ( 'NONE',  ( 282.9676126536833749, 7.808665355147470954, 127.9100000000000534 ) ) ;
#2117 = CARTESIAN_POINT ( 'NONE',  ( 261.7298066534602867, 6.303550171638730326, 6.884541537461369209 ) ) ;
#2118 = CARTESIAN_POINT ( 'NONE',  ( 113.4847613670913802, 13.75140647217859602, 6.000000000000005329 ) ) ;
#2119 = CARTESIAN_POINT ( 'NONE',  ( 163.8759731128713213, 12.67908881549804967, 6.500000024331243687 ) ) ;
#2120 = CARTESIAN_POINT ( 'NONE',  ( 331.8241527313304573, 3.464845720377232929, 337.3038285513162577 ) ) ;
#2121 = CARTESIAN_POINT ( 'NONE',  ( 125.6117820114704386, 12.83106640014351107, 16.60000000000059472 ) ) ;
#2122 = CARTESIAN_POINT ( 'NONE',  ( 260.3759731210270161, 8.260694065012925691, 5.999999999999991118 ) ) ;
#2123 = ORIENTED_EDGE ( 'NONE', *, *, #6236, .T. ) ;
#2124 = CARTESIAN_POINT ( 'NONE',  ( 361.6894852439056649, 0.4588623441485691901, 249.8200000000003627 ) ) ;
#2125 = EDGE_CURVE ( 'NONE', #2443, #760, #1317, .T. ) ;
#2126 = EDGE_LOOP ( 'NONE', ( #3773, #313, #4801, #2567 ) ) ;
#2127 = CARTESIAN_POINT ( 'NONE',  ( 346.1152760890645936, 3.469157151313676746, 338.8186381852265185 ) ) ;
#2128 = DIRECTION ( 'NONE',  ( -0.000000000000000000, 1.000000000000000000, -0.000000000000000000 ) ) ;
#2129 = CARTESIAN_POINT ( 'NONE',  ( 178.1756077555000672, 11.81812326251136547, 6.498711616832871130 ) ) ;
#2130 = CARTESIAN_POINT ( 'NONE',  ( 286.8047043245102827, 0.005710686855429364904, 21.87093978471412115 ) ) ;
#2131 = CARTESIAN_POINT ( 'NONE',  ( 332.7847226532645095, 3.783139843171532402, 338.4904235209622243 ) ) ;
#2132 = CARTESIAN_POINT ( 'NONE',  ( 323.6395858029721921, 3.509582666907401283, 338.7299999999999613 ) ) ;
#2133 = CARTESIAN_POINT ( 'NONE',  ( 345.1644522910442561, 2.003995321063211321, 339.5294191361501248 ) ) ;
#2134 = CARTESIAN_POINT ( 'NONE',  ( 136.3493442377246652, 13.26830437014131547, 6.785032802260063889 ) ) ;
#2135 = CARTESIAN_POINT ( 'NONE',  ( 325.4404602056499698, 4.364569484804627919, 371.7299999999999613 ) ) ;
#2136 = CARTESIAN_POINT ( 'NONE',  ( 313.8209674720051794, 4.906863596809672323, 285.3185725257031891 ) ) ;
#2137 = CARTESIAN_POINT ( 'NONE',  ( 178.6911406500461794, 9.845339817409945127, 75.05974266804912531 ) ) ;
#2138 = FACE_BOUND ( 'NONE', #965, .T. ) ;
#2139 = LINE ( 'NONE', #1516, #1511 ) ;
#2140 = ORIENTED_EDGE ( 'NONE', *, *, #2909, .F. ) ;
#2141 = CARTESIAN_POINT ( 'NONE',  ( 255.8141864000185137, 6.395075539564047951, 6.000000000000006217 ) ) ;
#2142 = CARTESIAN_POINT ( 'NONE',  ( 380.9436522562103846, 1.760127308449767058, 371.0845247444638062 ) ) ;
#2143 = CARTESIAN_POINT ( 'NONE',  ( 116.6045166664982844, 12.99436245774633036, 7.634400703614565131 ) ) ;
#2144 = FACE_OUTER_BOUND ( 'NONE', #4364, .T. ) ;
#2145 = CARTESIAN_POINT ( 'NONE',  ( 276.9578704128530831, 5.437069994263734607, 6.498689539440270835 ) ) ;
#2146 = CARTESIAN_POINT ( 'NONE',  ( 358.5985407760770158, 0.09014140617024052338, 256.5178213575475183 ) ) ;
#2147 = CARTESIAN_POINT ( 'NONE',  ( 280.8498302741764405, 3.734347714781504290, 7.507819177685997047 ) ) ;
#2148 = CARTESIAN_POINT ( 'NONE',  ( 390.7454693069067844, 1.241910405717955301, 371.2299998310068077 ) ) ;
#2149 = CARTESIAN_POINT ( 'NONE',  ( 322.0324769795751081, 1.833572817139408784, 371.7300000000000750 ) ) ;
#2150 = B_SPLINE_CURVE_WITH_KNOTS ( 'NONE', 3,
 ( #2838, #5130, #24, #2290, #6844, #2467, #2575, #5429, #4894, #2538, #3066, #5875, #5906, #812, #5945, #2610, #7175, #6585, #919, #3171, #5396, #7142, #3695 ),
 .UNSPECIFIED., .F., .F.,
 ( 4, 1, 1, 1, 1, 1, 1, 1, 1, 1, 1, 1, 1, 1, 1, 1, 1, 1, 1, 1, 4 ),
 ( 0.000000000000000000, 0.0007403761019788156379, 0.001480752203957653394, 0.002221128305936447347, 0.002961504407915262552, 0.003701880509894078623, 0.004442256611872894695, 0.005182632713851731583, 0.005923008815830547655, 0.006663384917809363726, 0.007403761019788201482, 0.008144137121767015819, 0.008884513223745832758, 0.009624889325724647962, 0.01036526542770346317, 0.01184601763166109531, 0.01332676983561872745, 0.01480752203957635786, 0.01628827424353399000, 0.01776902644749164123, 0.01895299658877368926 ),
 .UNSPECIFIED. ) ;
#2151 = CARTESIAN_POINT ( 'NONE',  ( 356.4897040094638214, 4.103455292866144966, 249.8200000000000500 ) ) ;
#2152 = CARTESIAN_POINT ( 'NONE',  ( 261.7349931937731071, 6.397106177895079071, 6.791271245270526613 ) ) ;
#2153 = CARTESIAN_POINT ( 'NONE',  ( 281.2624008587657158, 2.417463690089612260, 23.24999999999999289 ) ) ;
#2154 = CARTESIAN_POINT ( 'NONE',  ( 163.2112700038092612, 11.10096514894140363, 60.74110312402763157 ) ) ;
#2155 = CARTESIAN_POINT ( 'NONE',  ( 362.2454693069066707, 2.939526421536047263, 371.2299999999997340 ) ) ;
#2156 = CARTESIAN_POINT ( 'NONE',  ( 271.8730306984194272, 5.565422982009680553, 23.71976615347449524 ) ) ;
#2157 = ORIENTED_EDGE ( 'NONE', *, *, #4455, .T. ) ;
#2158 = CARTESIAN_POINT ( 'NONE',  ( 332.6417787068443772, 3.666636495507805460, 338.2559671477993106 ) ) ;
#2159 = ORIENTED_EDGE ( 'NONE', *, *, #6057, .T. ) ;
#2160 = CARTESIAN_POINT ( 'NONE',  ( 185.1061848251142123, 10.77011192059074496, 6.884449700982899323 ) ) ;
#2161 = CARTESIAN_POINT ( 'NONE',  ( 347.3051168226557479, 3.416953191976802806, 338.2466318725797123 ) ) ;
#2162 = CARTESIAN_POINT ( 'NONE',  ( 163.3759731210269877, 12.70428536938993602, 5.999999999999988454 ) ) ;
#2163 = EDGE_CURVE ( 'NONE', #636, #514, #5495, .T. ) ;
#2164 = ORIENTED_EDGE ( 'NONE', *, *, #4438, .F. ) ;
#2165 = CARTESIAN_POINT ( 'NONE',  ( 267.8607513839180001, 6.343606256444621394, 233.4866666666666504 ) ) ;
#2166 = CARTESIAN_POINT ( 'NONE',  ( 276.1912183041114872, 7.205577911205252484, 249.8200000000003058 ) ) ;
#2167 = CARTESIAN_POINT ( 'NONE',  ( 139.8374971302201004, 13.37188517829678602, 6.621665679454639353 ) ) ;
#2168 = CARTESIAN_POINT ( 'NONE',  ( 79.19772236125865561, 13.86627825103771272, 6.000000000000014211 ) ) ;
#2169 = DIRECTION ( 'NONE',  ( 0.000000000000000000, 0.0003598203108568316026, 0.9999999352646697925 ) ) ;
#2170 = CARTESIAN_POINT ( 'NONE',  ( 339.1980015732805214, 3.936211139028374273, 371.7299999999999613 ) ) ;
#2171 = DIRECTION ( 'NONE',  ( 0.000000000000000000, 0.0003598203108568376199, 0.9999999352646697925 ) ) ;
#2172 = ORIENTED_EDGE ( 'NONE', *, *, #3169, .F. ) ;
#2173 = CARTESIAN_POINT ( 'NONE',  ( 318.8782309000448549, 3.027044682294969924, 127.9100000000000250 ) ) ;
#2174 = CARTESIAN_POINT ( 'NONE',  ( 385.2990397431486826, 1.447104969881535474, 371.0847824158458934 ) ) ;
#2175 = CARTESIAN_POINT ( 'NONE',  ( 364.7593091353862178, 4.731163321951581402, 371.2300000000000182 ) ) ;
#2176 = EDGE_CURVE ( 'NONE', #6886, #298, #4860, .T. ) ;
#2177 = CARTESIAN_POINT ( 'NONE',  ( 365.7454693069065002, 4.688245839957075667, 371.3966666870371114 ) ) ;
#2178 = CARTESIAN_POINT ( 'NONE',  ( 277.7493787677189516, 4.507759928313183728, 7.251965117691241858 ) ) ;
#2179 = CARTESIAN_POINT ( 'NONE',  ( 368.6873615910885746, -1.688404514327171535, 249.8200000000000216 ) ) ;
#2180 = CARTESIAN_POINT ( 'NONE',  ( 281.0382610822472316, 4.167249600977144475, 6.646448681218942056 ) ) ;
#2181 = B_SPLINE_CURVE_WITH_KNOTS ( 'NONE', 3,
 ( #4257, #6538, #5832, #4186, #6468, #732, #1363, #3611, #2983 ),
 .UNSPECIFIED., .F., .F.,
 ( 4, 1, 1, 1, 2, 4 ),
 ( 0.000000000000000000, 0.001534254788279319943, 0.003068509576558546212, 0.004602764364837867023, 0.006137019153117186966, 0.006164748752397313999 ),
 .UNSPECIFIED. ) ;
#2182 = CARTESIAN_POINT ( 'NONE',  ( 387.7454693069067844, 1.468158853416229093, 371.2299998310068077 ) ) ;
#2183 = CARTESIAN_POINT ( 'NONE',  ( 43.68024628714762514, 8.634901531104127059, 5.999999999999992895 ) ) ;
#2184 = CARTESIAN_POINT ( 'NONE',  ( 289.5606546725404655, 7.391898260017678801, 127.9099999999999966 ) ) ;
#2185 = CARTESIAN_POINT ( 'NONE',  ( 259.9941868295838390, 6.400773969140051811, 6.883288247595098497 ) ) ;
#2186 = CARTESIAN_POINT ( 'NONE',  ( 391.2454693069067275, 1.203306126746684690, 371.2300000000000182 ) ) ;
#2187 = CARTESIAN_POINT ( 'NONE',  ( 139.2393821483889269, 13.45015400645070613, 22.63312874659762031 ) ) ;
#2188 = DIRECTION ( 'NONE',  ( 5.284285345504610054E-13, -1.000000000000000000, 0.000000000000000000 ) ) ;
#2189 = CARTESIAN_POINT ( 'NONE',  ( 340.3726103370310625, 0.8374963849463512577, 206.4764288627855251 ) ) ;
#2190 = VECTOR ( 'NONE', #5427, 1000.000000000000000 ) ;
#2191 = VERTEX_POINT ( 'NONE', #4573 ) ;
#2192 = CARTESIAN_POINT ( 'NONE',  ( 326.7093811326183186, 3.516356955336055634, 338.6465513052528991 ) ) ;
#2193 = ORIENTED_EDGE ( 'NONE', *, *, #4902, .F. ) ;
#2194 = CARTESIAN_POINT ( 'NONE',  ( 202.5684232270007783, 10.61474712245165364, 6.500051503413083687 ) ) ;
#2195 = CARTESIAN_POINT ( 'NONE',  ( 347.0136979567506614, 3.427047957573731818, 340.8126878842983274 ) ) ;
#2196 = CARTESIAN_POINT ( 'NONE',  ( 160.2013098645294349, 12.86545557230090608, 5.999999999999988454 ) ) ;
#2197 = ORIENTED_EDGE ( 'NONE', *, *, #4500, .T. ) ;
#2198 = CARTESIAN_POINT ( 'NONE',  ( 330.7965334606457759, 3.466280952902026868, 338.7299999999996203 ) ) ;
#2199 = CARTESIAN_POINT ( 'NONE',  ( 130.3756743190510576, 14.07326670676723701, 6.499999999999992006 ) ) ;
#2200 = EDGE_CURVE ( 'NONE', #3911, #1881, #3424, .T. ) ;
#2201 = CARTESIAN_POINT ( 'NONE',  ( 233.8774117412112616, 8.165544108463910433, 6.698502909302575858 ) ) ;
#2202 = CARTESIAN_POINT ( 'NONE',  ( 136.3639466684655872, 13.84660761001832086, 6.498739120254284352 ) ) ;
#2203 = CARTESIAN_POINT ( 'NONE',  ( 48.00097762170712912, 11.46030967879731399, 5.999999999999994671 ) ) ;
#2204 = CARTESIAN_POINT ( 'NONE',  ( 399.3106143041586620, 0.1313574307234798844, 371.0639452245839607 ) ) ;
#2205 = CARTESIAN_POINT ( 'NONE',  ( 285.2000767045064435, 3.626635170250386953, 20.83164716986590648 ) ) ;
#2206 = CARTESIAN_POINT ( 'NONE',  ( 398.5763507476870586, 0.4103503422312123616, 371.0402709387354889 ) ) ;
#2207 = CARTESIAN_POINT ( 'NONE',  ( 263.9602548378841789, 7.207942916745114559, 249.8200000000000216 ) ) ;
#2208 = CARTESIAN_POINT ( 'NONE',  ( 285.2519410521932173, 3.646211104846569295, 21.23890705867717443 ) ) ;
#2209 = VERTEX_POINT ( 'NONE', #4693 ) ;
#2210 = AXIS2_PLACEMENT_3D ( 'NONE', #7361, #6238, #5717 ) ;
#2211 = CARTESIAN_POINT ( 'NONE',  ( 266.0980678092951166, 5.773759678431579445, 5.999999999999987566 ) ) ;
#2212 = EDGE_CURVE ( 'NONE', #6886, #945, #6382, .T. ) ;
#2213 = CARTESIAN_POINT ( 'NONE',  ( 125.7080463855861581, 11.40175765345603409, 22.03293698978715298 ) ) ;
#2214 = CARTESIAN_POINT ( 'NONE',  ( 275.3820255825075947, 3.103463280319698647, 23.24999999999999289 ) ) ;
#2215 = CARTESIAN_POINT ( 'NONE',  ( 278.5871927026807953, 4.463428565512954194, 7.136685381441065346 ) ) ;
#2216 = CARTESIAN_POINT ( 'NONE',  ( 326.6033947083458315, -0.4054727994580208383, 127.9099999999999966 ) ) ;
#2217 = VECTOR ( 'NONE', #2331, 1000.000000000000000 ) ;
#2218 = B_SPLINE_SURFACE_WITH_KNOTS ( 'NONE', 3, 1, ( 
 ( #521, #6217 ),
 ( #4535, #5661 ),
 ( #2734, #4460 ),
 ( #1118, #2182 ),
 ( #4391, #6102 ),
 ( #2260, #5027 ),
 ( #4424, #2148 ),
 ( #974, #6814 ),
 ( #2220, #5063 ),
 ( #6739, #2698 ) ),
 .UNSPECIFIED., .F., .F., .F.,
 ( 4, 3, 3, 4 ),
 ( 2, 2 ),
 ( 0.7561160398574184871, 0.7658596877038638118, 0.8216482899634982573, 0.8313934674964341687 ),
 ( 0.000000000000000000, 1.000000000000000000 ),
 .UNSPECIFIED. ) ;
#2219 = CARTESIAN_POINT ( 'NONE',  ( 281.2786294228213251, 4.499389759898109631, 6.498460699285853792 ) ) ;
#2220 = CARTESIAN_POINT ( 'NONE',  ( 391.0948011517981513, 1.215121185274826487, 371.7300000000000182 ) ) ;
#2221 = CARTESIAN_POINT ( 'NONE',  ( 169.8051554674413524, 9.024247422804705820, 127.9100000000000250 ) ) ;
#2222 = AXIS2_PLACEMENT_3D ( 'NONE', #3743, #1524, #3220 ) ;
#2223 = CARTESIAN_POINT ( 'NONE',  ( 292.8544100937446615, 7.169340897284405045, 127.9099999999999966 ) ) ;
#2224 = CARTESIAN_POINT ( 'NONE',  ( 267.7952116751420704, 6.014770128420682482, 6.702554401293744135 ) ) ;
#2225 = CARTESIAN_POINT ( 'NONE',  ( 276.6590065533252982, 4.949467275976894953, 21.18892779951435656 ) ) ;
#2226 = CARTESIAN_POINT ( 'NONE',  ( 140.4943368990986698, 13.43440485481284163, 22.63323114933105629 ) ) ;
#2227 = CARTESIAN_POINT ( 'NONE',  ( 281.2556387735368162, 4.676762438287930479, 6.500060976310503946 ) ) ;
#2228 = B_SPLINE_CURVE_WITH_KNOTS ( 'NONE', 3,
 ( #2058, #4335, #6760, #6202 ),
 .UNSPECIFIED., .F., .F.,
 ( 4, 4 ),
 ( 0.000000000000000000, 0.0001070341056863484858 ),
 .UNSPECIFIED. ) ;
#2229 = CARTESIAN_POINT ( 'NONE',  ( 362.2454696365821860, 2.939680486476341503, 371.2299999407358087 ) ) ;
#2230 = CARTESIAN_POINT ( 'NONE',  ( 277.8072282159058659, 5.323148181860502426, 40.00383957506539190 ) ) ;
#2231 = CARTESIAN_POINT ( 'NONE',  ( 327.9195437306588019, 3.507451802396894358, 338.6464418489971422 ) ) ;
#2232 = EDGE_LOOP ( 'NONE', ( #1380, #5064, #4964, #5716 ) ) ;
#2233 = CARTESIAN_POINT ( 'NONE',  ( 212.9884956480572953, 9.509603593414258427, 6.623802114082334214 ) ) ;
#2234 = CARTESIAN_POINT ( 'NONE',  ( 140.1652345939962743, 13.20114276206565407, 22.55632696155652539 ) ) ;
#2235 = CARTESIAN_POINT ( 'NONE',  ( 278.7239176606778983, 7.165396498343846510, 249.8200000000000500 ) ) ;
#2236 = EDGE_LOOP ( 'NONE', ( #6600, #424, #6504, #3593 ) ) ;
#2237 = CARTESIAN_POINT ( 'NONE',  ( 328.7055014370426420, 3.497400302977345277, 338.7300000000001887 ) ) ;
#2238 = DIRECTION ( 'NONE',  ( 0.8635562149690833023, -0.03405354486397117048, -0.5031014009824142930 ) ) ;
#2239 = LOCAL_TIME ( 8, 56, 26.00000000000000000, #5287 ) ;
#2240 = B_SPLINE_CURVE_WITH_KNOTS ( 'NONE', 3,
 ( #2406, #4691, #6968, #213 ),
 .UNSPECIFIED., .F., .F.,
 ( 4, 4 ),
 ( 0.001501485338043957946, 0.008268307381297801406 ),
 .UNSPECIFIED. ) ;
#2241 = CARTESIAN_POINT ( 'NONE',  ( 372.2272999804026199, 2.300810919358614370, 371.1356809458207522 ) ) ;
#2242 = CARTESIAN_POINT ( 'NONE',  ( 230.3952547510316720, 8.371328149304240185, 6.698413857307110142 ) ) ;
#2243 = CARTESIAN_POINT ( 'NONE',  ( 143.3352966140669196, 13.61139317329287124, 6.498722197278984147 ) ) ;
#2244 = CARTESIAN_POINT ( 'NONE',  ( 313.3516891699488269, 2.455243798116362175, 371.7300000000000182 ) ) ;
#2245 = CARTESIAN_POINT ( 'NONE',  ( 123.4274394813362790, 13.56228887487829127, 16.82899044276695477 ) ) ;
#2246 = CARTESIAN_POINT ( 'NONE',  ( 399.1969488556163697, 0.2331419182679977387, 371.2300000000000182 ) ) ;
#2247 = CARTESIAN_POINT ( 'NONE',  ( 183.4996940518335862, 12.74192403390793871, 6.500000000000006217 ) ) ;
#2248 = EDGE_CURVE ( 'NONE', #4005, #4912, #1867, .T. ) ;
#2249 = CARTESIAN_POINT ( 'NONE',  ( 289.9216473163277215, -0.1725312863942209118, 53.25006625569422170 ) ) ;
#2250 = ORIENTED_EDGE ( 'NONE', *, *, #6179, .F. ) ;
#2251 = CARTESIAN_POINT ( 'NONE',  ( 358.0301836893173686, 1.791939420050830511, 249.8200000000000500 ) ) ;
#2252 = CARTESIAN_POINT ( 'NONE',  ( 363.5056557034326374, 2.727444790034322164, 371.1348460256816111 ) ) ;
#2253 = CARTESIAN_POINT ( 'NONE',  ( 391.8309585685480556, 0.9581979656268023726, 371.0850419436905554 ) ) ;
#2254 = CARTESIAN_POINT ( 'NONE',  ( 124.1523403478100107, 14.12441917843806749, 6.500049353822731746 ) ) ;
#2255 = FACE_OUTER_BOUND ( 'NONE', #2236, .T. ) ;
#2256 = CARTESIAN_POINT ( 'NONE',  ( 279.7407926963101090, 4.182017806764561918, 7.573664702803220017 ) ) ;
#2257 = CARTESIAN_POINT ( 'NONE',  ( 410.8566186244464120, -1.292117476810746401, 371.7300000000001319 ) ) ;
#2258 = EDGE_CURVE ( 'NONE', #2327, #14, #2678, .T. ) ;
#2259 = CARTESIAN_POINT ( 'NONE',  ( 281.0210574843157474, 4.039842759346279344, 6.735096313913034649 ) ) ;
#2260 = CARTESIAN_POINT ( 'NONE',  ( 389.7455524102979894, 1.318591059256399856, 371.7300000000000182 ) ) ;
#2261 = ORIENTED_EDGE ( 'NONE', *, *, #3038, .T. ) ;
#2262 = CARTESIAN_POINT ( 'NONE',  ( 227.5090772623100293, 3.823463675175053478, 249.8199999999998226 ) ) ;
#2263 = CARTESIAN_POINT ( 'NONE',  ( 337.0568172379981888, 5.462581551928451518, 249.8200000000001069 ) ) ;
#2264 = CARTESIAN_POINT ( 'NONE',  ( 269.5972624170625522, 6.435767530215440679, 6.500053024131963397 ) ) ;
#2265 = CARTESIAN_POINT ( 'NONE',  ( 281.7274431476034238, 4.420757786983458892, 23.24999999999606359 ) ) ;
#2266 = CARTESIAN_POINT ( 'NONE',  ( 273.9315357175585177, 5.891149931090774672, 6.500053026299391412 ) ) ;
#2267 = CARTESIAN_POINT ( 'NONE',  ( 127.9183664343812836, 12.57522576499470190, 23.13698316142472677 ) ) ;
#2268 = ADVANCED_FACE ( 'NONE', ( #5770 ), #2798, .T. ) ;
#2269 = CARTESIAN_POINT ( 'NONE',  ( 346.4892270382680408, 3.325001347327404044, 371.2300000000000182 ) ) ;
#2270 = CARTESIAN_POINT ( 'NONE',  ( 332.8652749232123824, 3.543601667549871159, 338.6225451919705165 ) ) ;
#2271 = ORIENTED_EDGE ( 'NONE', *, *, #5870, .T. ) ;
#2272 = CARTESIAN_POINT ( 'NONE',  ( 399.5260871319624130, 0.1314128241614239134, 371.2178927165633695 ) ) ;
#2273 = CARTESIAN_POINT ( 'NONE',  ( 237.3453175515542739, 7.763826450533271917, 6.886169329987605892 ) ) ;
#2274 = CARTESIAN_POINT ( 'NONE',  ( 202.5610391926002478, 10.48271887597965879, 6.498709372879981849 ) ) ;
#2275 = CARTESIAN_POINT ( 'NONE',  ( 352.2634017291179589, 3.829510050023321899, 370.8276066054707485 ) ) ;
#2276 = CARTESIAN_POINT ( 'NONE',  ( 160.3759740977931472, 12.85652636049817765, 6.499999999999992006 ) ) ;
#2277 = EDGE_CURVE ( 'NONE', #5787, #6111, #1853, .T. ) ;
#2278 = CARTESIAN_POINT ( 'NONE',  ( 130.0711318738192119, 13.89720062693483271, 6.000000000000000000 ) ) ;
#2279 = ORIENTED_EDGE ( 'NONE', *, *, #1865, .F. ) ;
#2280 = CARTESIAN_POINT ( 'NONE',  ( 289.9216473163270393, -2.782638488342498384, 54.25100549007512285 ) ) ;
#2281 = ORIENTED_EDGE ( 'NONE', *, *, #7015, .T. ) ;
#2282 = LINE ( 'NONE', #2818, #1160 ) ;
#2283 = CARTESIAN_POINT ( 'NONE',  ( 145.0656588576886747, 13.27890351359114085, 6.573254118001783830 ) ) ;
#2284 = CARTESIAN_POINT ( 'NONE',  ( 231.1581304676930984, 6.496927548256619112, 249.8200000000000216 ) ) ;
#2285 = CARTESIAN_POINT ( 'NONE',  ( 123.9985949005484684, 13.58518074053954194, 16.60000000000060183 ) ) ;
#2286 = CARTESIAN_POINT ( 'NONE',  ( 140.8813003333316374, 12.13607015195482752, 23.73081654572624899 ) ) ;
#2287 = CARTESIAN_POINT ( 'NONE',  ( 398.8356612021769365, 0.5564531413528316373, 371.2300000000000750 ) ) ;
#2288 = CARTESIAN_POINT ( 'NONE',  ( 387.4487188924047132, 3.387636148075519937, 371.7300000000000750 ) ) ;
#2289 = ORIENTED_EDGE ( 'NONE', *, *, #182, .T. ) ;
#2290 = CARTESIAN_POINT ( 'NONE',  ( 409.0332460773491903, 1.564268041091794625, 371.2299999999999045 ) ) ;
#2291 = CARTESIAN_POINT ( 'NONE',  ( 367.8663743410478446, 2.515293413409678269, 371.0303565988757555 ) ) ;
#2292 = CARTESIAN_POINT ( 'NONE',  ( 118.9268062252781988, 13.37979475038863519, 6.775586934273527540 ) ) ;
#2293 = DIRECTION ( 'NONE',  ( 0.000000000000000000, -1.000000000000000000, 0.000000000000000000 ) ) ;
#2294 = CARTESIAN_POINT ( 'NONE',  ( 280.1385065800923257, 4.175016832948196033, 7.047622398526316445 ) ) ;
#2295 = CARTESIAN_POINT ( 'NONE',  ( 324.8042698358448206, 3.898714503000261900, 127.9099999999999966 ) ) ;
#2296 = CARTESIAN_POINT ( 'NONE',  ( 280.8789449216457683, 3.743173211677681245, 7.652179878399996582 ) ) ;
#2297 = CARTESIAN_POINT ( 'NONE',  ( 144.9098290646607268, 11.06689691520552010, 22.15443665732803424 ) ) ;
#2298 = ORIENTED_EDGE ( 'NONE', *, *, #5987, .T. ) ;
#2299 = CARTESIAN_POINT ( 'NONE',  ( 145.0356203018045278, 12.57582815877914406, 21.52975010942806833 ) ) ;
#2300 = CARTESIAN_POINT ( 'NONE',  ( 342.4709782441890979, 3.119857526736267150, 371.7300000000000750 ) ) ;
#2301 = CARTESIAN_POINT ( 'NONE',  ( 294.5032219701470808, 7.892677538557137495, 249.8200000000000216 ) ) ;
#2302 = EDGE_CURVE ( 'NONE', #1020, #5771, #6473, .T. ) ;
#2303 = CARTESIAN_POINT ( 'NONE',  ( 265.1761878706860784, 5.886951736084169440, 7.381408492344466055 ) ) ;
#2304 = CARTESIAN_POINT ( 'NONE',  ( 126.4182581188851344, 12.84662031274910277, 16.47202036442363138 ) ) ;
#2305 = CARTESIAN_POINT ( 'NONE',  ( 286.1318527918646737, 3.522052005973537181, 23.25000000000243006 ) ) ;
#2306 = CARTESIAN_POINT ( 'NONE',  ( 140.4836714570969036, 12.59650879757781894, 23.14787731884742783 ) ) ;
#2307 = CARTESIAN_POINT ( 'NONE',  ( 280.9741080721816502, 3.673039939538439214, 7.715527916046257317 ) ) ;
#2308 =( BOUNDED_SURFACE ( )  B_SPLINE_SURFACE ( 3, 2, ( 
 ( #3761, #2127, #5461 ),
 ( #4852, #1540, #2673 ),
 ( #2603, #347, #4721 ),
 ( #7136, #1433, #3129 ),
 ( #6078, #6652, #3837 ),
 ( #4297, #6579, #6444 ),
 ( #172, #1575, #6114 ),
 ( #6684, #5291, #4329 ),
 ( #985, #1467, #3725 ),
 ( #6007, #5971, #5422 ),
 ( #912, #7206, #2086 ),
 ( #6613, #2438, #7001 ),
 ( #1899, #3163, #4164 ),
 ( #948, #3687, #425 ),
 ( #3233, #877, #314 ),
 ( #1500, #6045, #5531 ) ),
 .UNSPECIFIED., .F., .F., .F. ) 
 B_SPLINE_SURFACE_WITH_KNOTS ( ( 4, 2, 2, 2, 2, 2, 2, 4 ),
 ( 3, 3 ),
 ( 0.000000000000000000, 0.0009109688273657161502, 0.001366453241048574225, 0.001821937654731432300, 0.002277422068414290159, 0.002732906482097148450, 0.003188390895780006742, 0.003643875309462864601 ),
 ( 0.000000000000000000, 1.000000000000000000 ),
 .UNSPECIFIED. ) 
 GEOMETRIC_REPRESENTATION_ITEM ( )  RATIONAL_B_SPLINE_SURFACE ( (
 ( 1.000000000000000000, 0.8361010047697010616, 1.000000000000000000),
 ( 1.000000000000000000, 0.8322822273115717540, 1.000000000000000000),
 ( 1.000000000000000000, 0.8288301906842584499, 1.000000000000000000),
 ( 1.000000000000000000, 0.8243619969300903794, 1.000000000000000000),
 ( 1.000000000000000000, 0.8229883909072791548, 1.000000000000000000),
 ( 1.000000000000000000, 0.8204302339972967539, 1.000000000000000000),
 ( 1.000000000000000000, 0.8192691768011761688, 1.000000000000000000),
 ( 1.000000000000000000, 0.8171956602262728797, 1.000000000000000000),
 ( 1.000000000000000000, 0.8162664496946816506, 1.000000000000000000),
 ( 1.000000000000000000, 0.8146619091102471621, 1.000000000000000000),
 ( 1.000000000000000000, 0.8139929933359179026, 1.000000000000000000),
 ( 1.000000000000000000, 0.8129032652243260992, 1.000000000000000000),
 ( 1.000000000000000000, 0.8124825257581849147, 1.000000000000000000),
 ( 1.000000000000000000, 0.8119265562260158386, 1.000000000000000000),
 ( 1.000000000000000000, 0.8117850210993813320, 1.000000000000000000),
 ( 1.000000000000000000, 0.8117832028145154366, 1.000000000000000000) ) ) 
 REPRESENTATION_ITEM ( '' )  SURFACE ( )  );
#2309 = CARTESIAN_POINT ( 'NONE',  ( 123.3862058854938795, 13.11587989346643290, 7.471513346452045568 ) ) ;
#2310 = CARTESIAN_POINT ( 'NONE',  ( 378.4870944474730550, 1.205737633010551368, 316.3886072556022668 ) ) ;
#2311 = ORIENTED_EDGE ( 'NONE', *, *, #6484, .T. ) ;
#2312 = EDGE_CURVE ( 'NONE', #6789, #302, #59, .T. ) ;
#2313 = CARTESIAN_POINT ( 'NONE',  ( 206.0165831175457072, 9.797324688448977525, 6.698185516778213611 ) ) ;
#2314 = CARTESIAN_POINT ( 'NONE',  ( 140.3901297446662682, 12.89999941830891750, 22.92519953495549601 ) ) ;
#2315 = CARTESIAN_POINT ( 'NONE',  ( 180.2921611351254967, 11.01127033021218615, 74.08062484235924217 ) ) ;
#2316 = ORIENTED_EDGE ( 'NONE', *, *, #1841, .T. ) ;
#2317 = CARTESIAN_POINT ( 'NONE',  ( 332.5766904567808524, -0.1296634428336776446, 172.3868673317181219 ) ) ;
#2318 = ORIENTED_EDGE ( 'NONE', *, *, #2536, .F. ) ;
#2319 = EDGE_CURVE ( 'NONE', #339, #3955, #6997, .T. ) ;
#2320 = CARTESIAN_POINT ( 'NONE',  ( 143.3103674413351598, 13.03054781858864608, 6.788663034377512062 ) ) ;
#2321 = CARTESIAN_POINT ( 'NONE',  ( 45.93723701105039225, 11.13743411587170407, 6.000000000000000888 ) ) ;
#2322 = CARTESIAN_POINT ( 'NONE',  ( 123.2984815518917827, 13.55316937653821263, 16.96148559983970117 ) ) ;
#2323 = CARTESIAN_POINT ( 'NONE',  ( 122.0312325590546010, 11.13058823963799782, 18.82269999999999754 ) ) ;
#2324 = LINE ( 'NONE', #20, #4341 ) ;
#2325 = B_SPLINE_CURVE_WITH_KNOTS ( 'NONE', 3,
 ( #3315, #4376, #504, #2199 ),
 .UNSPECIFIED., .F., .F.,
 ( 4, 4 ),
 ( 0.000000000000000000, 9.996788017173651697E-06 ),
 .UNSPECIFIED. ) ;
#2326 = CARTESIAN_POINT ( 'NONE',  ( 345.6213431424546911, 2.285908251303632177, 339.0977112219379137 ) ) ;
#2327 = VERTEX_POINT ( 'NONE', #2509 ) ;
#2328 = DIRECTION ( 'NONE',  ( -2.856580399953362200E-13, -0.9999999352646699036, 0.0003598203108568317652 ) ) ;
#2329 = CARTESIAN_POINT ( 'NONE',  ( 346.0477931664439666, 3.148778934908705640, 371.1325527949783805 ) ) ;
#2330 = CARTESIAN_POINT ( 'NONE',  ( 120.6716919411015709, 13.12567389106455629, 7.208399892246329266 ) ) ;
#2331 = DIRECTION ( 'NONE',  ( 1.000000000000000000, -0.000000000000000000, -0.000000000000000000 ) ) ;
#2332 = CARTESIAN_POINT ( 'NONE',  ( 279.4275782046568111, 4.548503899725800714, 6.808726602913975690 ) ) ;
#2333 = CARTESIAN_POINT ( 'NONE',  ( 352.7454693069068412, 3.957605360438612330, 371.2300000000000750 ) ) ;
#2334 = CARTESIAN_POINT ( 'NONE',  ( 281.1457148878152452, 4.105036580933784762, 6.647249226067043715 ) ) ;
#2335 = AXIS2_PLACEMENT_3D ( 'NONE', #5295, #5849, #1793 ) ;
#2336 = CARTESIAN_POINT ( 'NONE',  ( 259.8759731210270161, 7.200842475548608235, 6.499999999999984013 ) ) ;
#2337 = CARTESIAN_POINT ( 'NONE',  ( 271.0763514580209517, 6.454787399728791009, 249.8200000000000500 ) ) ;
#2338 = CARTESIAN_POINT ( 'NONE',  ( 206.7613990095486827, 11.45132203291387007, 5.999999999999986677 ) ) ;
#2339 = B_SPLINE_CURVE_WITH_KNOTS ( 'NONE', 3,
 ( #4724, #7040, #3480, #2925 ),
 .UNSPECIFIED., .F., .F.,
 ( 4, 4 ),
 ( 0.0008336548467333483375, 0.03559959889844594577 ),
 .UNSPECIFIED. ) ;
#2340 = CARTESIAN_POINT ( 'NONE',  ( 266.9677764952867847, 6.459069772257902464, 6.524396885327491624 ) ) ;
#2341 = CARTESIAN_POINT ( 'NONE',  ( 283.6096507653601861, 4.266035098103738044, 23.24999999999252864 ) ) ;
#2342 = AXIS2_PLACEMENT_3D ( 'NONE', #1088, #418, #3791 ) ;
#2343 = CARTESIAN_POINT ( 'NONE',  ( 285.4955377248251693, 3.324955672553659092, 20.79395395749039466 ) ) ;
#2344 = CARTESIAN_POINT ( 'NONE',  ( 272.0861204900306234, 5.223151312309422423, 7.011100273749382161 ) ) ;
#2345 = CARTESIAN_POINT ( 'NONE',  ( 364.7455758803529875, 2.840307254846347274, 371.2300000000000182 ) ) ;
#2346 = CARTESIAN_POINT ( 'NONE',  ( 338.7051036574943623, 2.825693226253302992, 207.1135081865206189 ) ) ;
#2347 = EDGE_CURVE ( 'NONE', #6610, #618, #3701, .T. ) ;
#2348 = VECTOR ( 'NONE', #3635, 1000.000000000000000 ) ;
#2349 = CARTESIAN_POINT ( 'NONE',  ( 263.7252972148681351, 6.982997045046617224, 5.999999999999985789 ) ) ;
#2350 = CARTESIAN_POINT ( 'NONE',  ( 282.6230005133094778, -0.003681816937451670626, 7.041461201256477231 ) ) ;
#2351 = EDGE_LOOP ( 'NONE', ( #973, #2711, #3604, #3836, #1210 ) ) ;
#2352 = CARTESIAN_POINT ( 'NONE',  ( 202.5162255901694550, 9.681441652200945214, 7.119096514104138684 ) ) ;
#2353 = CARTESIAN_POINT ( 'NONE',  ( 372.4102252482211384, 0.1038492579894835927, 294.6142003632519391 ) ) ;
#2354 = CARTESIAN_POINT ( 'NONE',  ( 230.3753847188401664, 8.716237156747599357, 153.2884128780706874 ) ) ;
#2355 = CARTESIAN_POINT ( 'NONE',  ( 260.0426412198593198, 7.192959695665952502, 6.500000108493849460 ) ) ;
#2356 = VERTEX_POINT ( 'NONE', #5369 ) ;
#2357 = CARTESIAN_POINT ( 'NONE',  ( 143.3191860310259358, 13.23600994774776751, 6.622444305842500434 ) ) ;
#2358 = CARTESIAN_POINT ( 'NONE',  ( 321.2987669100592143, 3.841383032164875200, 371.7300000000000182 ) ) ;
#2359 = DIRECTION ( 'NONE',  ( 0.000000000000000000, -1.000000000000000000, 0.000000000000000000 ) ) ;
#2360 = CARTESIAN_POINT ( 'NONE',  ( 133.3887211840120415, 13.73917765677938796, 11.82549466512952563 ) ) ;
#2361 = FACE_OUTER_BOUND ( 'NONE', #7133, .T. ) ;
#2362 = EDGE_CURVE ( 'NONE', #4093, #935, #5034, .T. ) ;
#2363 = CARTESIAN_POINT ( 'NONE',  ( 125.4697761972577439, 13.40304243305025800, 21.65607855592407560 ) ) ;
#2364 = ORIENTED_EDGE ( 'NONE', *, *, #5243, .T. ) ;
#2365 = FACE_BOUND ( 'NONE', #1062, .T. ) ;
#2366 = LINE ( 'NONE', #4649, #177 ) ;
#2367 = CARTESIAN_POINT ( 'NONE',  ( 118.9154181735378728, 13.95051669711156883, 6.498783047451767381 ) ) ;
#2368 = LINE ( 'NONE', #4689, #695 ) ;
#2369 = CARTESIAN_POINT ( 'NONE',  ( 285.5757908392885156, 3.987355111056602563, 23.24999999999965183 ) ) ;
#2370 = CARTESIAN_POINT ( 'NONE',  ( 278.6148570318567863, 4.678847808159702026, 6.800342290339745688 ) ) ;
#2371 = CARTESIAN_POINT ( 'NONE',  ( 352.7454693069067844, 4.015542457696983369, 371.2300000000001887 ) ) ;
#2372 = EDGE_CURVE ( 'NONE', #6789, #5960, #6280, .T. ) ;
#2373 = CARTESIAN_POINT ( 'NONE',  ( 281.1341338615590644, 4.111615071387585196, 6.647248397311687818 ) ) ;
#2374 = CARTESIAN_POINT ( 'NONE',  ( 391.1136100841056304, 1.213678784184705650, 371.2299998944071717 ) ) ;
#2375 = VERTEX_POINT ( 'NONE', #3177 ) ;
#2376 = CARTESIAN_POINT ( 'NONE',  ( 365.7454693069068981, 2.796514432035833053, 371.2300000000000182 ) ) ;
#2377 = CARTESIAN_POINT ( 'NONE',  ( 189.1016102670496366, 9.633106492465682180, 127.9100000000000534 ) ) ;
#2378 = CARTESIAN_POINT ( 'NONE',  ( 216.4389580159804609, 10.88864535723749150, 6.000000000000000888 ) ) ;
#2379 = CARTESIAN_POINT ( 'NONE',  ( 267.7671226343831563, 5.753881163815060873, 7.007307460339061933 ) ) ;
#2380 = CARTESIAN_POINT ( 'NONE',  ( 284.2802915552734362, 1.892222569980642977, 23.25000000000002842 ) ) ;
#2381 = CARTESIAN_POINT ( 'NONE',  ( 284.8776031485824092, -0.004875728417776927816, 23.24999999999997158 ) ) ;
#2382 = CARTESIAN_POINT ( 'NONE',  ( 272.0714879746810766, 5.107156745388019559, 7.530577602231995016 ) ) ;
#2383 = CARTESIAN_POINT ( 'NONE',  ( 277.8478304295880434, 5.582447388379806696, 262.6637987240984558 ) ) ;
#2384 = CARTESIAN_POINT ( 'NONE',  ( 281.2483179610320008, 3.692340865620531432, 6.953973094862829107 ) ) ;
#2385 = CARTESIAN_POINT ( 'NONE',  ( 280.7884088122796697, 3.479397221381721916, 6.500000000000763833 ) ) ;
#2386 = CARTESIAN_POINT ( 'NONE',  ( 326.6154379998247350, 2.838649593068969690, 339.7967558140874758 ) ) ;
#2387 = CARTESIAN_POINT ( 'NONE',  ( 260.3759731210270161, 7.175950877862858235, 5.999999999999991118 ) ) ;
#2388 = ORIENTED_EDGE ( 'NONE', *, *, #3130, .F. ) ;
#2389 = CARTESIAN_POINT ( 'NONE',  ( 223.4081601887647821, 8.419208022160210803, 7.242509900190958305 ) ) ;
#2390 = CARTESIAN_POINT ( 'NONE',  ( 117.3217705194501974, 13.88797385465352008, 6.000000000000003553 ) ) ;
#2391 = CARTESIAN_POINT ( 'NONE',  ( 393.8299461292156707, 0.6022786408302098771, 358.5849747817191542 ) ) ;
#2392 = CARTESIAN_POINT ( 'NONE',  ( 266.8349901603037893, 6.740918633279327388, 6.499999999999980460 ) ) ;
#2393 = ORIENTED_EDGE ( 'NONE', *, *, #5235, .T. ) ;
#2394 = CARTESIAN_POINT ( 'NONE',  ( 160.7482332535388139, 12.57922444357088843, 6.523849555462740035 ) ) ;
#2395 = CARTESIAN_POINT ( 'NONE',  ( 146.6680444143574107, 12.53355487960926595, 20.96887228091759425 ) ) ;
#2396 = EDGE_CURVE ( 'NONE', #4351, #6118, #3238, .T. ) ;
#2397 = CARTESIAN_POINT ( 'NONE',  ( 125.8742144339198035, 11.11899985677053948, 22.29575556097486100 ) ) ;
#2398 = CARTESIAN_POINT ( 'NONE',  ( 140.7923677626908443, 12.18834856962691227, 23.58494952238048725 ) ) ;
#2399 = CARTESIAN_POINT ( 'NONE',  ( 241.5243342073804627, 9.375898167916696835, 6.499999999999997335 ) ) ;
#2400 = APPROVAL_DATE_TIME ( #281, #3631 ) ;
#2401 = ORIENTED_EDGE ( 'NONE', *, *, #7252, .F. ) ;
#2402 = CARTESIAN_POINT ( 'NONE',  ( 286.7781092759448143, 0.005263016854252109723, 20.62679109810227374 ) ) ;
#2403 = CARTESIAN_POINT ( 'NONE',  ( 359.1431202719218732, 2.908205655355186714, 371.1717007356140812 ) ) ;
#2404 = CARTESIAN_POINT ( 'NONE',  ( 115.4606890024540178, 12.96341747337584316, 7.449621627488475006 ) ) ;
#2405 = CARTESIAN_POINT ( 'NONE',  ( 271.3674458554594366, 8.803928865327652176, 237.7539297541243286 ) ) ;
#2406 = CARTESIAN_POINT ( 'NONE',  ( 325.5438095049034928, 3.531095844258675509, 338.1018218439120346 ) ) ;
#2407 = CARTESIAN_POINT ( 'NONE',  ( 280.9272906753328698, 3.747390328812707061, 7.222797342860596714 ) ) ;
#2408 = CARTESIAN_POINT ( 'NONE',  ( 366.2454693069067275, 2.774529337836556753, 371.2300000000000182 ) ) ;
#2409 = EDGE_LOOP ( 'NONE', ( #4967, #3230, #2032, #5889 ) ) ;
#2410 = CARTESIAN_POINT ( 'NONE',  ( 326.4435122503414277, 2.492474168517578192, 339.5248306137731333 ) ) ;
#2411 = CARTESIAN_POINT ( 'NONE',  ( 99.33063714319679605, 12.42929511659288799, 6.000000000000001776 ) ) ;
#2412 = CARTESIAN_POINT ( 'NONE',  ( 269.4744963391076453, 5.429454049217990352, 7.394932749133064753 ) ) ;
#2413 = CARTESIAN_POINT ( 'NONE',  ( 283.5937483142625979, 4.174144667214168436, 21.16080219768836201 ) ) ;
#2414 = CARTESIAN_POINT ( 'NONE',  ( 273.8328440940331916, 5.079094252647059271, 6.895337942316864144 ) ) ;
#2415 = DIRECTION ( 'NONE',  ( 0.000000000000000000, -1.000000000000000000, -0.000000000000000000 ) ) ;
#2416 = CARTESIAN_POINT ( 'NONE',  ( 281.0765524876607628, 3.605653275078434916, 7.509390910479094572 ) ) ;
#2417 = CARTESIAN_POINT ( 'NONE',  ( 281.5304426708710821, 4.489432903602796898, 6.499999999999934275 ) ) ;
#2418 = CARTESIAN_POINT ( 'NONE',  ( 116.5139695395110806, 13.00006068462756659, 7.452588719057668953 ) ) ;
#2419 = CARTESIAN_POINT ( 'NONE',  ( 263.3759731210270161, 7.005711497204469396, 5.999999999999985789 ) ) ;
#2420 = EDGE_LOOP ( 'NONE', ( #6247, #4879, #354, #5347 ) ) ;
#2421 = CARTESIAN_POINT ( 'NONE',  ( 253.0560749630433861, 7.433962048089160390, 6.498707731874872273 ) ) ;
#2422 = CARTESIAN_POINT ( 'NONE',  ( 223.4507401491533756, 9.138488930663401177, 6.523980284550681574 ) ) ;
#2423 = CARTESIAN_POINT ( 'NONE',  ( 278.7239176606778983, 7.165396498343846510, 249.8200000000000500 ) ) ;
#2424 = CARTESIAN_POINT ( 'NONE',  ( 400.5514654438446769, -1.582469232646570134, 371.7044109598750765 ) ) ;
#2425 = CARTESIAN_POINT ( 'NONE',  ( 387.2715495995246897, 3.400643467632167294, 371.2300000000000182 ) ) ;
#2426 = EDGE_LOOP ( 'NONE', ( #6576, #1651, #1175, #5880, #917 ) ) ;
#2427 = CARTESIAN_POINT ( 'NONE',  ( 167.7045921545525005, 11.98667848841457406, 6.623219433778619880 ) ) ;
#2428 = CARTESIAN_POINT ( 'NONE',  ( 311.2349482607838809, 1.936474451997761026, 371.7300000000000182 ) ) ;
#2429 = B_SPLINE_CURVE_WITH_KNOTS ( 'NONE', 3,
 ( #2844, #1079, #1040, #7377, #4497, #1599 ),
 .UNSPECIFIED., .F., .F.,
 ( 4, 2, 4 ),
 ( 0.0009415288386152528312, 0.001533532334695536905, 0.002125535830775820978 ),
 .UNSPECIFIED. ) ;
#2430 = CARTESIAN_POINT ( 'NONE',  ( 140.4406116526255346, 12.44121819330155709, 23.24355677301519307 ) ) ;
#2431 = CARTESIAN_POINT ( 'NONE',  ( 332.7854946705556927, 4.015485480304088028, 339.0368190832219284 ) ) ;
#2432 = CALENDAR_DATE ( 2025, 19, 6 ) ;
#2433 = CARTESIAN_POINT ( 'NONE',  ( 266.9106464390240490, 7.197605763655988476, 249.8200000000002490 ) ) ;
#2434 = EDGE_CURVE ( 'NONE', #5581, #4983, #1566, .T. ) ;
#2435 = CIRCLE ( 'NONE', #6724, 0.2000000000000049794 ) ;
#2436 = VERTEX_POINT ( 'NONE', #7041 ) ;
#2437 = CARTESIAN_POINT ( 'NONE',  ( 332.4851953113623040, 3.642782377040769237, 337.9991393777419830 ) ) ;
#2438 = CARTESIAN_POINT ( 'NONE',  ( 345.9278563650657361, 3.473937228805791033, 339.8741632296543571 ) ) ;
#2439 = CARTESIAN_POINT ( 'NONE',  ( 131.1221932661899530, 13.14741695010718203, 7.101218731095029213 ) ) ;
#2440 = CARTESIAN_POINT ( 'NONE',  ( 139.3780491692845942, 13.46800482097611251, 21.64928720976259413 ) ) ;
#2441 = DIRECTION ( 'NONE',  ( 2.856580399953362705E-13, 0.9999999352646700146, -0.0003598203108568317110 ) ) ;
#2442 = CARTESIAN_POINT ( 'NONE',  ( 145.3041540920082468, 11.35489842754218692, 22.25268033565293280 ) ) ;
#2443 = VERTEX_POINT ( 'NONE', #6519 ) ;
#2444 = CARTESIAN_POINT ( 'NONE',  ( 205.1571474876225238, 9.739475904274181417, 127.9099999999999113 ) ) ;
#2445 = CARTESIAN_POINT ( 'NONE',  ( 285.2536478445896364, 3.613198923588218037, 20.94855676027211544 ) ) ;
#2446 = CARTESIAN_POINT ( 'NONE',  ( 286.0617652754042410, 2.574769849101315344, 20.72021980501267890 ) ) ;
#2447 = CARTESIAN_POINT ( 'NONE',  ( 275.1540621343162343, 5.025081191136868242, 6.798159834285868897 ) ) ;
#2448 = DIRECTION ( 'NONE',  ( 0.000000000000000000, 0.000000000000000000, -1.000000000000000000 ) ) ;
#2449 = B_SPLINE_CURVE_WITH_KNOTS ( 'NONE', 3,
 ( #6888, #746, #1703, #1786 ),
 .UNSPECIFIED., .F., .F.,
 ( 4, 4 ),
 ( 0.5571854192197460698, 0.5626184873229078676 ),
 .UNSPECIFIED. ) ;
#2450 = CARTESIAN_POINT ( 'NONE',  ( 281.0083592020237120, 3.701343249248963296, 7.222822281836469571 ) ) ;
#2451 = CARTESIAN_POINT ( 'NONE',  ( 282.5716157812319693, 0.1861075629837594392, 7.811291672692603605 ) ) ;
#2452 = VERTEX_POINT ( 'NONE', #888 ) ;
#2453 = CARTESIAN_POINT ( 'NONE',  ( 125.4697761972577439, 13.40304243305025800, 21.65607855592407560 ) ) ;
#2454 = CARTESIAN_POINT ( 'NONE',  ( 261.5587049722948336, 7.115600006861142468, 5.999999999999991118 ) ) ;
#2455 = ORIENTED_EDGE ( 'NONE', *, *, #2362, .T. ) ;
#2456 = AXIS2_PLACEMENT_3D ( 'NONE', #2249, #802, #237 ) ;
#2457 = CARTESIAN_POINT ( 'NONE',  ( 254.7908131850143434, 7.201981385875733999, 6.523925826136460770 ) ) ;
#2458 = CARTESIAN_POINT ( 'NONE',  ( 399.3106143041586620, 0.1313574307234798844, 371.0639452245839607 ) ) ;
#2459 = CARTESIAN_POINT ( 'NONE',  ( 366.2454693069080918, 4.666490882113564886, 371.2300000000000182 ) ) ;
#2460 = AXIS2_PLACEMENT_3D ( 'NONE', #247, #6516, #7262 ) ;
#2461 = DIRECTION ( 'NONE',  ( 2.856580399953362200E-13, 0.9999999352646697925, -0.0003598203108568316568 ) ) ;
#2462 = CARTESIAN_POINT ( 'NONE',  ( 164.1956597236303708, 11.66314958033157545, 7.502685309365307198 ) ) ;
#2463 = CARTESIAN_POINT ( 'NONE',  ( 145.3384428656745229, 12.58056245306158694, 20.24065536555093203 ) ) ;
#2464 = TOROIDAL_SURFACE ( 'NONE', #214, 1.989792913342507630, 0.2000000000000000111 ) ;
#2465 = CARTESIAN_POINT ( 'NONE',  ( 137.9494153152030265, 11.26764514300001174, 18.82269999999998689 ) ) ;
#2466 = CARTESIAN_POINT ( 'NONE',  ( 249.8042346697000085, 8.835575702988661462, 6.500000000000003553 ) ) ;
#2467 = CARTESIAN_POINT ( 'NONE',  ( 407.7847692509831177, 1.678800201968039696, 371.2299999999997908 ) ) ;
#2468 = CARTESIAN_POINT ( 'NONE',  ( 131.1336888494422510, 14.07437387039896670, 6.500049822656620790 ) ) ;
#2469 = CYLINDRICAL_SURFACE ( 'NONE', #2570, 0.5000000000000004441 ) ;
#2470 = DIRECTION ( 'NONE',  ( 2.856580399953362200E-13, 0.9999999352646697925, -0.0003598203108568317110 ) ) ;
#2471 = CARTESIAN_POINT ( 'NONE',  ( 326.0820357424129270, 3.965190561223391086, 338.9531037367864315 ) ) ;
#2472 = ORIENTED_EDGE ( 'NONE', *, *, #4598, .F. ) ;
#2473 = CARTESIAN_POINT ( 'NONE',  ( 344.1050939382058118, 2.926949989446866685, 249.8200000000000500 ) ) ;
#2474 = CARTESIAN_POINT ( 'NONE',  ( 285.2556271531050243, 3.612088130707696632, 20.94855500059761511 ) ) ;
#2475 = CARTESIAN_POINT ( 'NONE',  ( 284.0349206914103206, 2.034881880503641050, 23.24999999999981881 ) ) ;
#2476 = CARTESIAN_POINT ( 'NONE',  ( 276.0068464023074171, 4.718475260193516263, 7.130307841097185850 ) ) ;
#2477 = DIRECTION ( 'NONE',  ( 0.000000000000000000, 0.000000000000000000, -1.000000000000000000 ) ) ;
#2478 = EDGE_CURVE ( 'NONE', #2010, #3911, #5918, .T. ) ;
#2479 = CARTESIAN_POINT ( 'NONE',  ( 281.1556705408292487, 3.744970189266949578, 6.953953843861692796 ) ) ;
#2480 = CARTESIAN_POINT ( 'NONE',  ( 283.5255688841660344, -0.04947163312367789528, 6.499999999999973355 ) ) ;
#2481 = ORIENTED_EDGE ( 'NONE', *, *, #2652, .T. ) ;
#2482 = CARTESIAN_POINT ( 'NONE',  ( 263.8759731210269024, 8.054214690350256944, 6.499999999999993783 ) ) ;
#2483 = CARTESIAN_POINT ( 'NONE',  ( 390.7454691748459368, 3.139479805895568632, 371.2300000000000182 ) ) ;
#2484 = VERTEX_POINT ( 'NONE', #2757 ) ;
#2485 = APPLICATION_PROTOCOL_DEFINITION ( 'international standard', 'config_control_design', 1994, #4540 ) ;
#2486 = CARTESIAN_POINT ( 'NONE',  ( 244.3417865934893598, 7.852845604145398895, 6.524072008494337993 ) ) ;
#2487 = CARTESIAN_POINT ( 'NONE',  ( 226.9415296351857592, 9.066359553687044937, 6.498707857153342538 ) ) ;
#2488 = CARTESIAN_POINT ( 'NONE',  ( 350.8587702627953036, 3.843087474576821982, 371.7300000000005298 ) ) ;
#2489 = DIRECTION ( 'NONE',  ( -8.932068753276111660E-31, -0.0003598203108568317110, -0.9999999352646697925 ) ) ;
#2490 = EDGE_CURVE ( 'NONE', #4404, #4432, #1812, .T. ) ;
#2491 = B_SPLINE_CURVE_WITH_KNOTS ( 'NONE', 3,
 ( #7254, #2605, #2532, #2089, #1543, #1577, #7097, #5533, #3799, #349, #2130, #6081, #4331, #5424, #4406, #987 ),
 .UNSPECIFIED., .F., .F.,
 ( 4, 2, 2, 2, 2, 2, 2, 4 ),
 ( 0.000000000000000000, 0.0004694112760275389153, 0.0009388225520550778306, 0.001408233828082616637, 0.001877645104110155661, 0.002816467656165233275, 0.003285878932192759071, 0.003755290208220285302 ),
 .UNSPECIFIED. ) ;
#2492 = DIRECTION ( 'NONE',  ( -4.226928567360789971E-13, -1.000000000000000000, 0.000000000000000000 ) ) ;
#2493 = CARTESIAN_POINT ( 'NONE',  ( 275.6878252778557794, 5.682565287545094712, 6.499999999999986677 ) ) ;
#2494 = ORIENTED_EDGE ( 'NONE', *, *, #4268, .T. ) ;
#2495 = CARTESIAN_POINT ( 'NONE',  ( 387.5970940996557488, 3.376653667706898343, 371.7300000000000750 ) ) ;
#2496 = B_SPLINE_CURVE_WITH_KNOTS ( 'NONE', 3,
 ( #5930, #4915, #6031, #7194, #1529, #975 ),
 .UNSPECIFIED., .F., .F.,
 ( 4, 2, 4 ),
 ( 3.035766082959412800E-18, 0.0001725858810938149621, 0.0003451717621876268884 ),
 .UNSPECIFIED. ) ;
#2497 = EDGE_CURVE ( 'NONE', #658, #4248, #4907, .T. ) ;
#2498 = CARTESIAN_POINT ( 'NONE',  ( 171.2010618003595255, 12.05371620286792300, 6.523864520981303983 ) ) ;
#2499 = CARTESIAN_POINT ( 'NONE',  ( 311.6784179696829256, 2.059247277024619738, 371.7300000000000182 ) ) ;
#2500 = FACE_OUTER_BOUND ( 'NONE', #2008, .T. ) ;
#2501 = CARTESIAN_POINT ( 'NONE',  ( 333.1312316910449454, 4.040042242779142256, 339.0587669471879622 ) ) ;
#2502 = PERSON_AND_ORGANIZATION ( #4480, #4021 ) ;
#2503 = CARTESIAN_POINT ( 'NONE',  ( 346.4892270382680408, -43.07938103743692437, 371.2300000000000182 ) ) ;
#2504 = CARTESIAN_POINT ( 'NONE',  ( 163.3759731210269592, 12.70428536938993425, 6.132138968499067921 ) ) ;
#2505 = CARTESIAN_POINT ( 'NONE',  ( 127.6369866654839598, 13.23684046772011946, 6.980253516793656132 ) ) ;
#2506 = CARTESIAN_POINT ( 'NONE',  ( 283.8541479306918518, 8.346891821420665991, 249.8200000000000216 ) ) ;
#2507 = CARTESIAN_POINT ( 'NONE',  ( 338.8906605278663733, 2.384226014411809036, 339.7198629708609019 ) ) ;
#2508 = CARTESIAN_POINT ( 'NONE',  ( 131.3107073731667640, 11.50524215561800467, 22.03539438697812614 ) ) ;
#2509 = CARTESIAN_POINT ( 'NONE',  ( 338.7051036574943623, 2.825693226253302992, 207.1135081865206189 ) ) ;
#2510 = VERTEX_POINT ( 'NONE', #4342 ) ;
#2511 = CARTESIAN_POINT ( 'NONE',  ( 282.0786692217945415, 5.802870063594078864, 127.9100000000000250 ) ) ;
#2512 = CARTESIAN_POINT ( 'NONE',  ( 387.5484350592434453, 3.380255327081032046, 371.3149996255939982 ) ) ;
#2513 = CARTESIAN_POINT ( 'NONE',  ( 275.5610759978179090, 4.692345382918689189, 7.523625130886443912 ) ) ;
#2514 = CARTESIAN_POINT ( 'NONE',  ( 387.7454678600309421, 1.468139039964491133, 371.2300000000000182 ) ) ;
#2515 = CARTESIAN_POINT ( 'NONE',  ( 263.3759731210270161, 8.088575804882376374, 5.999999999999991118 ) ) ;
#2516 = CARTESIAN_POINT ( 'NONE',  ( 281.3222528114832812, 4.308012722754199331, 6.528680852284769465 ) ) ;
#2517 = CARTESIAN_POINT ( 'NONE',  ( 282.3839150258535824, 1.411031561056842021, 7.799844685358693575 ) ) ;
#2518 = EDGE_LOOP ( 'NONE', ( #1630, #1288, #3082, #2871, #1941 ) ) ;
#2519 = CARTESIAN_POINT ( 'NONE',  ( 222.8056593874879923, 8.430160669499088044, 7.507378238810863635 ) ) ;
#2520 = CARTESIAN_POINT ( 'NONE',  ( 225.2486039417498489, 3.411848050890259110, 249.8200000000000784 ) ) ;
#2521 = EDGE_CURVE ( 'NONE', #49, #5760, #5512, .T. ) ;
#2522 = ORIENTED_EDGE ( 'NONE', *, *, #2585, .F. ) ;
#2523 = DIRECTION ( 'NONE',  ( -2.856580399953362200E-13, -0.9999999352646697925, 0.0003598203108568317110 ) ) ;
#2524 = CARTESIAN_POINT ( 'NONE',  ( 247.7998104935083177, 7.261057649655413115, 6.698984255359222928 ) ) ;
#2525 = CARTESIAN_POINT ( 'NONE',  ( 223.4434966277877948, 9.016127922614113999, 6.573924859643034857 ) ) ;
#2526 = CARTESIAN_POINT ( 'NONE',  ( 125.7769712607864108, 12.99677134029635717, 11.60000000000059472 ) ) ;
#2527 = CARTESIAN_POINT ( 'NONE',  ( 212.1126087214566382, 8.022884599468444122, 128.7929497559641732 ) ) ;
#2528 = CARTESIAN_POINT ( 'NONE',  ( 116.5332500271077407, 13.40707578258809463, 6.663166999415417457 ) ) ;
#2529 = VERTEX_POINT ( 'NONE', #4982 ) ;
#2530 = CARTESIAN_POINT ( 'NONE',  ( 163.3759731210269308, 13.79274210926817723, 5.999999999999991118 ) ) ;
#2531 = CARTESIAN_POINT ( 'NONE',  ( 160.7115696976636627, 11.85988943201218326, 7.239081159879286353 ) ) ;
#2532 = CARTESIAN_POINT ( 'NONE',  ( 285.1916344489293920, 0.006200200614953257916, 23.23137918350350972 ) ) ;
#2533 = DIRECTION ( 'NONE',  ( 0.000000000000000000, -0.0003598203108568317652, -0.9999999352646697925 ) ) ;
#2534 = CARTESIAN_POINT ( 'NONE',  ( 410.3047404958755919, 1.468011112198296164, 371.7300000000000182 ) ) ;
#2535 = CARTESIAN_POINT ( 'NONE',  ( 365.7454693069067275, 4.688385421200227832, 371.2300000000000182 ) ) ;
#2536 = EDGE_CURVE ( 'NONE', #3425, #7211, #3636, .T. ) ;
#2537 =( BOUNDED_SURFACE ( )  B_SPLINE_SURFACE ( 3, 2, ( 
 ( #2111, #6672, #4350 ),
 ( #4835, #1562, #3079 ),
 ( #2624, #4315, #6026 ),
 ( #7188, #6596, #5518 ) ),
 .UNSPECIFIED., .F., .F., .T. ) 
 B_SPLINE_SURFACE_WITH_KNOTS ( ( 4, 4 ),
 ( 3, 3 ),
 ( 0.000000000000000000, 0.3679989697650418723 ),
 ( 0.000000000000000000, 1.000000000000000000 ),
 .UNSPECIFIED. ) 
 GEOMETRIC_REPRESENTATION_ITEM ( )  RATIONAL_B_SPLINE_SURFACE ( (
 ( 1.000000000000000000, 0.7027218463998639031, 1.000000000000000000),
 ( 1.000000000000000000, 0.7051774153324059657, 1.000000000000000000),
 ( 1.000000000000000000, 0.7060847579742242086, 1.000000000000000000),
 ( 1.000000000000000000, 0.7069022424812062555, 1.000000000000000000) ) ) 
 REPRESENTATION_ITEM ( '' )  SURFACE ( )  );
#2538 = CARTESIAN_POINT ( 'NONE',  ( 405.0038189058008697, 1.940661815766816289, 371.2299999999999045 ) ) ;
#2539 = CARTESIAN_POINT ( 'NONE',  ( 132.8786476945969923, 14.05274675228441872, 6.500049950939373211 ) ) ;
#2540 = CARTESIAN_POINT ( 'NONE',  ( 246.5654006639480826, 9.943789489402528048, 127.9100000000000534 ) ) ;
#2541 = CARTESIAN_POINT ( 'NONE',  ( 329.4702746433126777, 2.487708055284365116, 339.5262113691096602 ) ) ;
#2542 = CARTESIAN_POINT ( 'NONE',  ( 140.5029193336820867, 12.33693631984908201, 23.37186203647780758 ) ) ;
#2543 = TOROIDAL_SURFACE ( 'NONE', #3861, 1.463465304664040012, 0.2000000000000000111 ) ;
#2544 = CARTESIAN_POINT ( 'NONE',  ( 127.2645783987023691, 13.76638516130664591, 12.21705562805211009 ) ) ;
#2545 = ORIENTED_EDGE ( 'NONE', *, *, #1841, .F. ) ;
#2546 = CARTESIAN_POINT ( 'NONE',  ( 188.6065559723505771, 10.36676519194122115, 6.000000000000003553 ) ) ;
#2547 = CARTESIAN_POINT ( 'NONE',  ( 287.0648772819977808, 0.005577644817049018378, 21.50119406540156319 ) ) ;
#2548 = CARTESIAN_POINT ( 'NONE',  ( 273.8238650380614558, 5.005222437339798880, 7.010233206700594799 ) ) ;
#2549 = CARTESIAN_POINT ( 'NONE',  ( 332.5766904567812503, -0.1400587679667442409, 172.5865969920477312 ) ) ;
#2550 = CARTESIAN_POINT ( 'NONE',  ( 261.9924806549281584, 8.176851090510636411, 5.999999999999991118 ) ) ;
#2551 = CARTESIAN_POINT ( 'NONE',  ( 347.7368336728943063, 0.07214397697847343971, 206.5000000000000284 ) ) ;
#2552 = CARTESIAN_POINT ( 'NONE',  ( 282.5008162200264223, 0.8700027039733365664, 7.806843864486232576 ) ) ;
#2553 = VERTEX_POINT ( 'NONE', #2725 ) ;
#2554 = CARTESIAN_POINT ( 'NONE',  ( 280.8792884344359209, 3.742978156549270352, 7.652180023633842865 ) ) ;
#2555 = FACE_OUTER_BOUND ( 'NONE', #3214, .T. ) ;
#2556 = ORIENTED_EDGE ( 'NONE', *, *, #5826, .T. ) ;
#2557 = CARTESIAN_POINT ( 'NONE',  ( 289.9216473163270393, -2.782998308653354957, 53.25100555481046172 ) ) ;
#2558 = CARTESIAN_POINT ( 'NONE',  ( 247.7937177455908682, 7.167503188075645681, 6.792679110616320237 ) ) ;
#2559 = B_SPLINE_SURFACE_WITH_KNOTS ( 'NONE', 3, 1, ( 
 ( #826, #3599 ),
 ( #5856, #5303 ),
 ( #2550, #7120 ),
 ( #5885, #2005 ),
 ( #2515, #4798 ) ),
 .UNSPECIFIED., .F., .F., .F.,
 ( 4, 1, 4 ),
 ( 2, 2 ),
 ( 0.7386028693188445571, 0.7419604786894080650, 0.7440533081331002219 ),
 ( 0.000000000000000000, 1.000000000000000000 ),
 .UNSPECIFIED. ) ;
#2560 = CARTESIAN_POINT ( 'NONE',  ( 263.9602548378841789, 7.207942916745114559, 249.8200000000000216 ) ) ;
#2561 = CARTESIAN_POINT ( 'NONE',  ( 219.8834510547474395, 9.604126745749306693, 6.499999999999993783 ) ) ;
#2562 = EDGE_CURVE ( 'NONE', #2484, #3813, #2139, .T. ) ;
#2563 = CARTESIAN_POINT ( 'NONE',  ( 391.0113588294212263, 1.221520128861374621, 371.2299999145328115 ) ) ;
#2564 = ORIENTED_EDGE ( 'NONE', *, *, #6244, .F. ) ;
#2565 = VECTOR ( 'NONE', #5361, 1000.000000000000000 ) ;
#2566 = CARTESIAN_POINT ( 'NONE',  ( 163.8200369319441450, 13.77044176369608408, 6.496861291257013171 ) ) ;
#2567 = ORIENTED_EDGE ( 'NONE', *, *, #4507, .F. ) ;
#2568 = CARTESIAN_POINT ( 'NONE',  ( 171.1691305980880600, 11.43526240225684809, 6.995470525604928547 ) ) ;
#2569 = CARTESIAN_POINT ( 'NONE',  ( 345.6215705421716393, 2.288591756179298997, 339.0957191764578056 ) ) ;
#2570 = AXIS2_PLACEMENT_3D ( 'NONE', #4897, #7179, #5329 ) ;
#2571 = CARTESIAN_POINT ( 'NONE',  ( 141.4457262387174126, 11.19860604738710208, 18.82269999999999754 ) ) ;
#2572 = ADVANCED_FACE ( 'NONE', ( #3776 ), #3213, .F. ) ;
#2573 = CARTESIAN_POINT ( 'NONE',  ( 263.8759719363414433, 6.973199570974130346, 6.500000235663057957 ) ) ;
#2574 = AXIS2_PLACEMENT_3D ( 'NONE', #6943, #4174, #2448 ) ;
#2575 = CARTESIAN_POINT ( 'NONE',  ( 407.1193772951539245, 1.741401969765849822, 371.2299999999997908 ) ) ;
#2576 = CARTESIAN_POINT ( 'NONE',  ( 163.3759731210269877, 12.70428536938993602, 5.999999999999991118 ) ) ;
#2577 = CARTESIAN_POINT ( 'NONE',  ( 131.1211993162778242, 13.06726888547607146, 7.349971194695211985 ) ) ;
#2578 = CARTESIAN_POINT ( 'NONE',  ( 182.6756802982702936, 11.49716331329893748, 127.9099999999999966 ) ) ;
#2579 = CARTESIAN_POINT ( 'NONE',  ( 260.3759731210270161, 7.175950877862859123, 6.132144063398341949 ) ) ;
#2580 = CARTESIAN_POINT ( 'NONE',  ( 401.7614600794373700, 0.1314171806115471963, 371.2300000000000182 ) ) ;
#2581 = EDGE_CURVE ( 'NONE', #6530, #1505, #4959, .T. ) ;
#2582 = CARTESIAN_POINT ( 'NONE',  ( 264.8432090962002690, 7.984513789056761013, 6.499999999999995559 ) ) ;
#2583 = ORIENTED_EDGE ( 'NONE', *, *, #3579, .F. ) ;
#2584 = CARTESIAN_POINT ( 'NONE',  ( 381.2122270730117748, 1.738574255785236833, 371.7300000000000750 ) ) ;
#2585 = EDGE_CURVE ( 'NONE', #716, #5960, #3831, .T. ) ;
#2586 = CARTESIAN_POINT ( 'NONE',  ( 280.4419951565599831, 6.414471976413816279, 232.5076641524196646 ) ) ;
#2587 = CARTESIAN_POINT ( 'NONE',  ( 278.2228546124215995, 4.941182891063014004, 6.626142554487723046 ) ) ;
#2588 = CARTESIAN_POINT ( 'NONE',  ( 365.9201290390127497, 2.788796089072240303, 371.7300000000000182 ) ) ;
#2589 = CARTESIAN_POINT ( 'NONE',  ( 281.8286770339910277, 3.203891744006007514, 7.652581393874011262 ) ) ;
#2590 = CARTESIAN_POINT ( 'NONE',  ( 163.8759731183083943, 12.67923606514731460, 6.499999999999992006 ) ) ;
#2591 = ORIENTED_EDGE ( 'NONE', *, *, #6792, .T. ) ;
#2592 = CARTESIAN_POINT ( 'NONE',  ( 345.2228808903071240, 3.502151137069722697, 340.1809679232604253 ) ) ;
#2593 = CARTESIAN_POINT ( 'NONE',  ( 314.3246344601863029, 0.5252286455020751532, 371.7300000000000182 ) ) ;
#2594 = ORIENTED_EDGE ( 'NONE', *, *, #3801, .F. ) ;
#2595 = DIRECTION ( 'NONE',  ( 0.000000000000000000, -1.000000000000000000, 0.000000000000000000 ) ) ;
#2596 = CARTESIAN_POINT ( 'NONE',  ( 259.9845516399144003, 6.199175838523050430, 7.502806500369402443 ) ) ;
#2597 = ORIENTED_EDGE ( 'NONE', *, *, #6638, .F. ) ;
#2598 = CARTESIAN_POINT ( 'NONE',  ( 345.1644522910450519, 2.003995321063177126, 339.5294191361501248 ) ) ;
#2599 = DIRECTION ( 'NONE',  ( 0.000000000000000000, 0.0003598203108568376199, 0.9999999352646697925 ) ) ;
#2600 = DIRECTION ( 'NONE',  ( -1.033347777171691991E-14, 1.000000000000000000, 0.000000000000000000 ) ) ;
#2601 = DIRECTION ( 'NONE',  ( -0.5344007036145510536, 0.000000000000000000, -0.8452312630140184080 ) ) ;
#2602 = EDGE_LOOP ( 'NONE', ( #752, #1613, #3752, #1274 ) ) ;
#2603 = CARTESIAN_POINT ( 'NONE',  ( 345.6482786456871850, 2.236066795719910960, 339.2026601540810020 ) ) ;
#2604 = CARTESIAN_POINT ( 'NONE',  ( 199.0775325886741314, 10.67623389192761785, 6.498709672548547367 ) ) ;
#2605 = CARTESIAN_POINT ( 'NONE',  ( 285.0360825119776109, 0.006206900763411606070, 23.25000000000001421 ) ) ;
#2606 = CARTESIAN_POINT ( 'NONE',  ( 325.1277000729504607, 2.485807463141034734, 339.7299999999999613 ) ) ;
#2607 = CARTESIAN_POINT ( 'NONE',  ( 273.0766718605379992, 4.723134575129723345, 22.74145904997748602 ) ) ;
#2608 = ORIENTED_EDGE ( 'NONE', *, *, #2620, .T. ) ;
#2609 = CARTESIAN_POINT ( 'NONE',  ( 333.9313892098572865, 4.665353520688735323, 340.3711836987716310 ) ) ;
#2610 = CARTESIAN_POINT ( 'NONE',  ( 400.2020959689331221, 2.371907579780779152, 371.2299999999998477 ) ) ;
#2611 = EDGE_CURVE ( 'NONE', #6393, #5787, #4042, .T. ) ;
#2612 = EDGE_CURVE ( 'NONE', #3909, #1904, #3481, .T. ) ;
#2613 = CARTESIAN_POINT ( 'NONE',  ( 134.6023173179045784, 13.01354808906522464, 7.354524222445582460 ) ) ;
#2614 = CARTESIAN_POINT ( 'NONE',  ( 112.5361793514648099, 15.01895860561111284, 5.999999999999999112 ) ) ;
#2615 = DIRECTION ( 'NONE',  ( 7.872788388366891818E-31, 0.0003598203108568317652, 0.9999999352646700146 ) ) ;
#2616 = CARTESIAN_POINT ( 'NONE',  ( 136.4129271888665187, 11.50134558921617689, 22.03740277483712973 ) ) ;
#2617 = CARTESIAN_POINT ( 'NONE',  ( 125.9887513554572536, 11.08930432295751345, 22.47691210920356042 ) ) ;
#2618 = ORIENTED_EDGE ( 'NONE', *, *, #3528, .T. ) ;
#2619 = CARTESIAN_POINT ( 'NONE',  ( 382.5938904362532753, 1.645119901971022536, 371.7300000000000750 ) ) ;
#2620 = EDGE_CURVE ( 'NONE', #6540, #2074, #7234, .T. ) ;
#2621 = CARTESIAN_POINT ( 'NONE',  ( 365.7454693069067275, 4.688385421200238490, 371.7300000000000182 ) ) ;
#2622 = CARTESIAN_POINT ( 'NONE',  ( 284.3179013494935816, 1.871122788912646495, 23.25000000000000711 ) ) ;
#2623 = CARTESIAN_POINT ( 'NONE',  ( 276.4384991761424999, 4.604110218153087075, 7.520597190613886873 ) ) ;
#2624 = CARTESIAN_POINT ( 'NONE',  ( 204.6362206858834440, 9.224665893363701130, 128.6867646241782097 ) ) ;
#2625 = CARTESIAN_POINT ( 'NONE',  ( 401.7614600794373700, 0.1314171806115471963, 371.2300000000000182 ) ) ;
#2626 = ORIENTED_EDGE ( 'NONE', *, *, #2258, .T. ) ;
#2627 = CARTESIAN_POINT ( 'NONE',  ( 338.9368346216813279, 2.373266794614163011, 339.7191784962432735 ) ) ;
#2628 = EDGE_CURVE ( 'NONE', #4054, #2083, #5759, .T. ) ;
#2629 = CARTESIAN_POINT ( 'NONE',  ( 20.02036506389868364, 1.808824007556683711, 5.999999999999998224 ) ) ;
#2630 = ORIENTED_EDGE ( 'NONE', *, *, #2889, .F. ) ;
#2631 = CARTESIAN_POINT ( 'NONE',  ( 410.3167533330716878, 1.459102531342522990, 371.2300000000000750 ) ) ;
#2632 = CARTESIAN_POINT ( 'NONE',  ( 256.5214571133650452, 6.868301787784310442, 6.623383075265144804 ) ) ;
#2633 = CARTESIAN_POINT ( 'NONE',  ( 345.3154539444081479, 1.997963740332671545, 339.4886600596440189 ) ) ;
#2634 = CARTESIAN_POINT ( 'NONE',  ( 258.8755041806888926, 7.251077173440721779, 6.499999999999986677 ) ) ;
#2635 = CARTESIAN_POINT ( 'NONE',  ( 280.8191079720511993, 3.856104510881826375, 7.079075650271394515 ) ) ;
#2636 = CARTESIAN_POINT ( 'NONE',  ( 116.4523652255130628, 13.02750884770444806, 7.228927292137618643 ) ) ;
#2637 = ORIENTED_EDGE ( 'NONE', *, *, #6785, .T. ) ;
#2638 = CARTESIAN_POINT ( 'NONE',  ( 163.5844664158767330, 13.78227182907351001, 6.424073429839873839 ) ) ;
#2639 = ORIENTED_EDGE ( 'NONE', *, *, #5156, .T. ) ;
#2640 = CARTESIAN_POINT ( 'NONE',  ( 192.0786049991508548, 10.48075278436011359, 6.791217908952359217 ) ) ;
#2641 = CARTESIAN_POINT ( 'NONE',  ( 345.5913343013347117, 2.142457975032240114, 339.2154372322923450 ) ) ;
#2642 = LINE ( 'NONE', #7209, #5457 ) ;
#2643 = ORIENTED_EDGE ( 'NONE', *, *, #2200, .T. ) ;
#2644 = FACE_OUTER_BOUND ( 'NONE', #6233, .T. ) ;
#2645 = CARTESIAN_POINT ( 'NONE',  ( 201.5236663454276140, 10.56806834783368210, 127.9100000000001671 ) ) ;
#2646 = CARTESIAN_POINT ( 'NONE',  ( 333.7590008504482739, 4.667297633078318242, 340.4763352449670037 ) ) ;
#2647 = CARTESIAN_POINT ( 'NONE',  ( 134.6028951264119087, 13.04135750681175132, 7.224493794397263358 ) ) ;
#2648 = CARTESIAN_POINT ( 'NONE',  ( 146.4670655708323750, 9.828956991205661353, 127.9099999999999966 ) ) ;
#2649 = CARTESIAN_POINT ( 'NONE',  ( 345.5851521785111800, 2.130704805133228685, 339.2274265900754244 ) ) ;
#2650 = CARTESIAN_POINT ( 'NONE',  ( 398.3615553574516639, 0.4516387718217143021, 371.1369787043480528 ) ) ;
#2651 = CARTESIAN_POINT ( 'NONE',  ( 143.2165077163026581, 11.41241465840917968, 22.03878459921613597 ) ) ;
#2652 = EDGE_CURVE ( 'NONE', #4132, #552, #5675, .T. ) ;
#2653 = DIRECTION ( 'NONE',  ( 2.856580399953362200E-13, 0.9999999352646697925, -0.0003598203108568317110 ) ) ;
#2654 = VERTEX_POINT ( 'NONE', #1399 ) ;
#2655 = CARTESIAN_POINT ( 'NONE',  ( 301.2968688556428560, 4.574661748555884699, 127.9100000000000534 ) ) ;
#2656 = CARTESIAN_POINT ( 'NONE',  ( 115.4592931184083682, 13.00088920742542520, 7.196203581629912804 ) ) ;
#2657 = CARTESIAN_POINT ( 'NONE',  ( 162.4980402183412593, 11.80237749274570724, 48.42152735522954288 ) ) ;
#2658 = CARTESIAN_POINT ( 'NONE',  ( 277.3805430986776628, 5.265062580348748078, 6.524325902922833542 ) ) ;
#2659 = CARTESIAN_POINT ( 'NONE',  ( 295.9294114398004467, 4.231741492193216381, 261.3715084715391299 ) ) ;
#2660 = AXIS2_PLACEMENT_3D ( 'NONE', #6981, #5234, #6351 ) ;
#2661 = CARTESIAN_POINT ( 'NONE',  ( 281.4580498465463165, 3.414343009570298904, 7.652424715147697398 ) ) ;
#2662 = CARTESIAN_POINT ( 'NONE',  ( 296.9973835989724193, 3.755344446448048323, 292.9515601398975946 ) ) ;
#2663 = CARTESIAN_POINT ( 'NONE',  ( 116.7621658050362470, 0.7161696877941913231, 127.9100000000000250 ) ) ;
#2664 = CARTESIAN_POINT ( 'NONE',  ( 339.5060882341468869, 5.298494448793097611, 249.8200000000000500 ) ) ;
#2665 = CARTESIAN_POINT ( 'NONE',  ( 258.2512594958284922, 6.479915827189724808, 6.883294277552685081 ) ) ;
#2666 = CARTESIAN_POINT ( 'NONE',  ( 128.0319422885749248, 12.91097688621534623, 14.74770977971052055 ) ) ;
#2667 = LINE ( 'NONE', #7199, #7230 ) ;
#2668 = B_SPLINE_CURVE_WITH_KNOTS ( 'NONE', 3,
 ( #3971, #6252, #1747, #3519, #2886, #6966 ),
 .UNSPECIFIED., .F., .F.,
 ( 4, 2, 4 ),
 ( 0.000000000000000000, 0.0003547214107574602794, 0.0007094428215149205588 ),
 .UNSPECIFIED. ) ;
#2669 = CARTESIAN_POINT ( 'NONE',  ( 411.4934777558066230, -3.859523744526601705E-05, 371.2300000000003024 ) ) ;
#2670 = VERTEX_POINT ( 'NONE', #2326 ) ;
#2671 = CARTESIAN_POINT ( 'NONE',  ( 401.5798561159892301, 0.1622852352954476107, 371.7300000000005866 ) ) ;
#2672 = VERTEX_POINT ( 'NONE', #625 ) ;
#2673 = CARTESIAN_POINT ( 'NONE',  ( 347.3853548034498431, 3.413379615750613105, 338.3734539864943258 ) ) ;
#2674 = CARTESIAN_POINT ( 'NONE',  ( 289.9216473163282330, -0.1822825090605933451, 55.23986280653484471 ) ) ;
#2675 = CARTESIAN_POINT ( 'NONE',  ( 174.6660641689423414, 11.51540779855040775, 6.697668008068516698 ) ) ;
#2676 = CARTESIAN_POINT ( 'NONE',  ( 345.5182547240677309, 2.138310024790834429, 339.5815342677597073 ) ) ;
#2677 = CARTESIAN_POINT ( 'NONE',  ( 283.1651093697236092, 2.093809907035629969, 6.499999999999979572 ) ) ;
#2678 = CIRCLE ( 'NONE', #6147, 1.999999999999986455 ) ;
#2679 = ORIENTED_EDGE ( 'NONE', *, *, #6418, .T. ) ;
#2680 = DIRECTION ( 'NONE',  ( 0.000000000000000000, 1.000000000000000000, 0.000000000000000000 ) ) ;
#2681 = CARTESIAN_POINT ( 'NONE',  ( 260.3759731210270161, 7.175950877862851129, 5.999999999999991118 ) ) ;
#2682 = CARTESIAN_POINT ( 'NONE',  ( 134.6085337064314160, 13.31321301159952597, 6.784101806239825727 ) ) ;
#2683 = CARTESIAN_POINT ( 'NONE',  ( 152.4483012035716740, 10.31663224156009662, 127.9099999999999397 ) ) ;
#2684 = AXIS2_PLACEMENT_3D ( 'NONE', #1332, #692, #4744 ) ;
#2685 = CARTESIAN_POINT ( 'NONE',  ( 345.4036278003816847, 1.994514113862929650, 339.4355307823730072 ) ) ;
#2686 = CARTESIAN_POINT ( 'NONE',  ( 273.6323296970092542, 3.571361987414297445, 23.23329678306363988 ) ) ;
#2687 = VECTOR ( 'NONE', #1220, 1000.000000000000000 ) ;
#2688 = CARTESIAN_POINT ( 'NONE',  ( 284.0783156859075120, 1.988273635892157998, 23.24999999999999289 ) ) ;
#2689 = ORIENTED_EDGE ( 'NONE', *, *, #5465, .F. ) ;
#2690 = CARTESIAN_POINT ( 'NONE',  ( 257.8729232761810977, 6.293580211556626836, 5.999999999999985789 ) ) ;
#2691 = CARTESIAN_POINT ( 'NONE',  ( 376.5871877171267670, 2.064352804715487100, 371.1360593101433665 ) ) ;
#2692 = CARTESIAN_POINT ( 'NONE',  ( 326.0372734568905457, 4.775042078550630897, 339.4983932792355859 ) ) ;
#2693 = CARTESIAN_POINT ( 'NONE',  ( 212.5627460725531819, 9.531414547871857934, 127.5900802365152060 ) ) ;
#2694 = PRODUCT_DEFINITION_FORMATION_WITH_SPECIFIED_SOURCE ( 'ANY', '', #251, .NOT_KNOWN. ) ;
#2695 = CARTESIAN_POINT ( 'NONE',  ( 278.6900632657053620, 5.264470898272673338, 6.498667588220837565 ) ) ;
#2696 = CARTESIAN_POINT ( 'NONE',  ( 283.9622024345993054, -1.570399718583846083, 5.999999999999995559 ) ) ;
#2697 = CARTESIAN_POINT ( 'NONE',  ( 281.5730376969926851, 3.616822141431718318, 6.844808909752925885 ) ) ;
#2698 = CARTESIAN_POINT ( 'NONE',  ( 391.2694670742438916, 1.201726575053262192, 371.2299998310068077 ) ) ;
#2699 = CARTESIAN_POINT ( 'NONE',  ( 91.06563741669393153, 12.18029045027186896, 5.999999999999995559 ) ) ;
#2700 = CARTESIAN_POINT ( 'NONE',  ( 233.0245538633035380, 9.911046585607856230, 6.000000000000003553 ) ) ;
#2701 = EDGE_CURVE ( 'NONE', #3150, #7008, #4204, .T. ) ;
#2702 = CARTESIAN_POINT ( 'NONE',  ( 258.2713677115655742, 6.901313354734832650, 6.573504837205220497 ) ) ;
#2703 = FACE_OUTER_BOUND ( 'NONE', #2426, .T. ) ;
#2704 = CARTESIAN_POINT ( 'NONE',  ( 387.7454693069067844, 3.365671187338276749, 371.7300000000000182 ) ) ;
#2705 = CARTESIAN_POINT ( 'NONE',  ( 280.7759558490830614, 3.775002870794954557, 7.501952424719676493 ) ) ;
#2706 = DIRECTION ( 'NONE',  ( 0.5342356855166738860, -0.02416410138971971169, 0.8449901351640486391 ) ) ;
#2707 = APPROVAL_PERSON_ORGANIZATION ( #2994, #3631, #6546 ) ;
#2708 = CARTESIAN_POINT ( 'NONE',  ( 356.9952499517456204, 3.122173795319182155, 371.2299999999999045 ) ) ;
#2709 = ORIENTED_EDGE ( 'NONE', *, *, #6785, .F. ) ;
#2710 = CARTESIAN_POINT ( 'NONE',  ( 348.6576790699837716, 2.416643357128479774, 234.4296457218711396 ) ) ;
#2711 = ORIENTED_EDGE ( 'NONE', *, *, #1951, .T. ) ;
#2712 = CARTESIAN_POINT ( 'NONE',  ( 163.3759731210269877, 12.70428536938993602, 5.999999999999991118 ) ) ;
#2713 = EDGE_CURVE ( 'NONE', #302, #3871, #829, .T. ) ;
#2714 = CARTESIAN_POINT ( 'NONE',  ( 174.6918116292590355, 12.00410079925244666, 6.498712249071003200 ) ) ;
#2715 = DIRECTION ( 'NONE',  ( -5.099986907836822103E-14, 1.000000000000000000, -0.000000000000000000 ) ) ;
#2716 = EDGE_CURVE ( 'NONE', #5652, #90, #4916, .T. ) ;
#2717 = CARTESIAN_POINT ( 'NONE',  ( 281.8592056648158177, 4.168188617215454528, 6.499999999999976907 ) ) ;
#2718 = ORIENTED_EDGE ( 'NONE', *, *, #656, .F. ) ;
#2719 = CARTESIAN_POINT ( 'NONE',  ( 123.2431818857000110, 12.71106016066178235, 18.13440070361511403 ) ) ;
#2720 = ADVANCED_FACE ( 'NONE', ( #5091 ), #4774, .F. ) ;
#2721 = CARTESIAN_POINT ( 'NONE',  ( 146.8942232433332151, 12.52373830735109195, 21.28069409185374994 ) ) ;
#2722 = CARTESIAN_POINT ( 'NONE',  ( 134.6065972757954796, 13.21981891256025143, 6.875206054478952389 ) ) ;
#2723 = CARTESIAN_POINT ( 'NONE',  ( 108.3732988111303683, 14.81729394806889744, 6.000000000000006217 ) ) ;
#2724 = CARTESIAN_POINT ( 'NONE',  ( 163.3759776780103152, 12.70438129231865965, 6.499999999999992006 ) ) ;
#2725 = CARTESIAN_POINT ( 'NONE',  ( 326.5655077195742138, 2.623309434604519819, 339.7177839236103409 ) ) ;
#2726 = VERTEX_POINT ( 'NONE', #5688 ) ;
#2727 = CARTESIAN_POINT ( 'NONE',  ( 314.0866022620905937, 3.521263705852105019, 127.9100000000000250 ) ) ;
#2728 = CARTESIAN_POINT ( 'NONE',  ( 372.2370523165369036, 2.480430821046742729, 371.2299885320582575 ) ) ;
#2729 = CARTESIAN_POINT ( 'NONE',  ( 281.4729466143471655, 4.542449873212700773, 6.499999999999992006 ) ) ;
#2730 = CARTESIAN_POINT ( 'NONE',  ( 146.8942232433333857, 12.52373830735105997, 21.28069409185367178 ) ) ;
#2731 = CARTESIAN_POINT ( 'NONE',  ( 277.7737088700968116, 4.774317305000987943, 6.796019793990737412 ) ) ;
#2732 = CARTESIAN_POINT ( 'NONE',  ( 282.6584159186017473, 4.376926754678397202, 5.999999999999995559 ) ) ;
#2733 = CARTESIAN_POINT ( 'NONE',  ( 280.9472138497314404, 3.863386175360387753, 6.953910529392550721 ) ) ;
#2734 = CARTESIAN_POINT ( 'NONE',  ( 387.5708020191615901, 1.481113407671331705, 371.7300000000000182 ) ) ;
#2735 = CARTESIAN_POINT ( 'NONE',  ( 78.67033572830507637, 11.75907061054147285, 6.000000000000000888 ) ) ;
#2736 = CARTESIAN_POINT ( 'NONE',  ( 401.4367306391179682, 2.272850701273713359, 371.7300000000000182 ) ) ;
#2737 = CARTESIAN_POINT ( 'NONE',  ( 258.2452752138992764, 6.354519007358749860, 7.116929786176878991 ) ) ;
#2738 = CARTESIAN_POINT ( 'NONE',  ( 270.8801220046138951, 5.645436960883971622, 23.24999999999998579 ) ) ;
#2739 = CARTESIAN_POINT ( 'NONE',  ( 125.6117820114704386, 43.07938103743692437, 16.60000000000059472 ) ) ;
#2740 = CARTESIAN_POINT ( 'NONE',  ( 285.3771614400077965, 0.003725964732847065163, 16.35506998933876943 ) ) ;
#2741 = CARTESIAN_POINT ( 'NONE',  ( 409.7171324071255185, -0.0004316126292687475700, 366.1384706712051980 ) ) ;
#2742 = EDGE_CURVE ( 'NONE', #2837, #6983, #6633, .T. ) ;
#2743 = ORIENTED_EDGE ( 'NONE', *, *, #4455, .F. ) ;
#2744 = CARTESIAN_POINT ( 'NONE',  ( 332.6760805575020754, 3.434486286042444547, 338.3122289741996838 ) ) ;
#2745 = EDGE_LOOP ( 'NONE', ( #6620, #989, #5073, #1658 ) ) ;
#2746 = DIRECTION ( 'NONE',  ( -2.856580399953362705E-13, -0.9999999352646697925, 0.0003598203108568317652 ) ) ;
#2747 = CARTESIAN_POINT ( 'NONE',  ( 202.5134128344166982, 9.631149041051937587, 7.241368845386488395 ) ) ;
#2748 = CARTESIAN_POINT ( 'NONE',  ( 347.5733926390851707, 3.404603810110076179, 339.5802513860583645 ) ) ;
#2749 = CARTESIAN_POINT ( 'NONE',  ( 281.7848355258449828, 4.245438657562475626, 6.500000000000040856 ) ) ;
#2750 = ORIENTED_EDGE ( 'NONE', *, *, #487, .T. ) ;
#2751 = CARTESIAN_POINT ( 'NONE',  ( 387.7454693069067844, 1.468158853416229093, 371.7300000000000182 ) ) ;
#2752 = CARTESIAN_POINT ( 'NONE',  ( 399.0091529471222884, 0.2836348924304403218, 371.0541793941625883 ) ) ;
#2753 = CARTESIAN_POINT ( 'NONE',  ( 141.5978781986381421, 13.81011087797015513, 6.500050826659011349 ) ) ;
#2754 = CARTESIAN_POINT ( 'NONE',  ( 54.20885320986679545, 12.30139079452719031, 6.000000000000005329 ) ) ;
#2755 = CARTESIAN_POINT ( 'NONE',  ( 263.4302637809145153, 7.002181300981604295, 6.261428712497534299 ) ) ;
#2756 = CARTESIAN_POINT ( 'NONE',  ( 189.2892342955818492, 10.48021606829619223, 127.9099999999998545 ) ) ;
#2757 = CARTESIAN_POINT ( 'NONE',  ( 387.2454694065554008, 1.505242361841099719, 371.2299999700258581 ) ) ;
#2758 = ORIENTED_EDGE ( 'NONE', *, *, #276, .T. ) ;
#2759 = CARTESIAN_POINT ( 'NONE',  ( 345.6333930304124920, 2.826850323777216900, 249.8200000000000500 ) ) ;
#2760 = CARTESIAN_POINT ( 'NONE',  ( 372.2313604695823983, 2.375597581471001085, 371.2093980361963190 ) ) ;
#2761 = CARTESIAN_POINT ( 'NONE',  ( 277.1221391406608632, 2.867321401060007435, 23.24999999999997868 ) ) ;
#2762 = CARTESIAN_POINT ( 'NONE',  ( 279.8948597413557877, 4.766995388251683785, 6.580187025804813850 ) ) ;
#2763 = CARTESIAN_POINT ( 'NONE',  ( 410.8584958399905531, 1.353900008810888123, 371.7299999999995634 ) ) ;
#2764 = CARTESIAN_POINT ( 'NONE',  ( 281.3242784244666268, 4.473406860406110575, 6.498457809882359548 ) ) ;
#2765 = CARTESIAN_POINT ( 'NONE',  ( 133.1421613397622536, 10.78252470051855383, 33.79105468987501837 ) ) ;
#2766 =( BOUNDED_SURFACE ( )  B_SPLINE_SURFACE ( 3, 2, ( 
 ( #6823, #4667, #5233 ),
 ( #6350, #4585, #5823 ),
 ( #4544, #1164, #4629 ),
 ( #1839, #3496, #6945 ),
 ( #6310, #1245, #1764 ),
 ( #5305, #4102, #78 ) ),
 .UNSPECIFIED., .F., .F., .F. ) 
 B_SPLINE_SURFACE_WITH_KNOTS ( ( 4, 2, 4 ),
 ( 3, 3 ),
 ( 0.02015335549169235130, 0.02745280013961419116, 0.03475224478753603102 ),
 ( 0.3477466322863168036, 1.000000000000000000 ),
 .UNSPECIFIED. ) 
 GEOMETRIC_REPRESENTATION_ITEM ( )  RATIONAL_B_SPLINE_SURFACE ( (
 ( 0.8747172631183964819, 0.8198649170835792255, 1.000000000000000000),
 ( 0.8734428746549125488, 0.8180325650991684405, 1.000000000000000000),
 ( 0.8724823783254214149, 0.8166515361540765960, 1.000000000000000000),
 ( 0.8712011316081649248, 0.8148093231772999268, 1.000000000000000000),
 ( 0.8708493085745534490, 0.8143034620115162658, 1.000000000000000000),
 ( 0.8702764916083414182, 0.8134798494829836857, 1.000000000000000000) ) ) 
 REPRESENTATION_ITEM ( '' )  SURFACE ( )  );
#2767 = VERTEX_POINT ( 'NONE', #6288 ) ;
#2768 = CARTESIAN_POINT ( 'NONE',  ( 228.6418130146358294, 4.014365012741198946, 249.8199999999999363 ) ) ;
#2769 = CARTESIAN_POINT ( 'NONE',  ( 400.4035508887904484, 2.363328924664170216, 371.7299999999999613 ) ) ;
#2770 = CARTESIAN_POINT ( 'NONE',  ( 267.8481471836595915, 6.506502389217765803, 6.498679556056112361 ) ) ;
#2771 = DIRECTION ( 'NONE',  ( -2.856580399953362705E-13, -0.9999999352646697925, 0.0003598203108568317652 ) ) ;
#2772 = CARTESIAN_POINT ( 'NONE',  ( 131.6927077108100548, 13.50555494581302440, 21.65015289288930589 ) ) ;
#2773 = DIRECTION ( 'NONE',  ( 2.856580399953363210E-13, 0.9999999352646699036, -0.0003598203108568318194 ) ) ;
#2774 = CARTESIAN_POINT ( 'NONE',  ( 327.7040268799655109, 0.05016495156459330196, 145.4166666666662024 ) ) ;
#2775 = TOROIDAL_SURFACE ( 'NONE', #1610, 1.463465304664040012, 0.2000000000000000111 ) ;
#2776 = ORIENTED_EDGE ( 'NONE', *, *, #447, .F. ) ;
#2777 = CARTESIAN_POINT ( 'NONE',  ( 358.6057716344729442, 2.007969247010103597, 261.7474209747998088 ) ) ;
#2778 = ORIENTED_EDGE ( 'NONE', *, *, #2087, .T. ) ;
#2779 = CARTESIAN_POINT ( 'NONE',  ( 212.9667591627594163, 9.135440971356626250, 6.997387606933969550 ) ) ;
#2780 = CARTESIAN_POINT ( 'NONE',  ( 139.6384327820221642, 13.47222865400813241, 21.69226769004065147 ) ) ;
#2781 = EDGE_CURVE ( 'NONE', #3987, #5211, #5910, .T. ) ;
#2782 = CARTESIAN_POINT ( 'NONE',  ( 366.2454515328071238, 2.774568263804544799, 371.2299999924274516 ) ) ;
#2783 = ORIENTED_EDGE ( 'NONE', *, *, #2396, .T. ) ;
#2784 = CARTESIAN_POINT ( 'NONE',  ( 387.6911347201862554, 1.472188688428201608, 371.4684979510766425 ) ) ;
#2785 = DIRECTION ( 'NONE',  ( 2.856580399953362705E-13, 0.9999999352646697925, -0.0003598203108568317652 ) ) ;
#2786 = CARTESIAN_POINT ( 'NONE',  ( 233.8988367713071739, 8.522575426063660586, 6.523987658137695433 ) ) ;
#2787 = CARTESIAN_POINT ( 'NONE',  ( 141.5589209805799271, 12.80079009285600655, 7.495557316384090285 ) ) ;
#2788 = CARTESIAN_POINT ( 'NONE',  ( 319.6327690966062391, 3.594695925121333069, 371.7300000000000750 ) ) ;
#2789 = VERTEX_POINT ( 'NONE', #841 ) ;
#2790 = ADVANCED_FACE ( 'NONE', ( #1986 ), #3759, .F. ) ;
#2791 = ADVANCED_FACE ( 'NONE', ( #4926 ), #4260, .F. ) ;
#2792 = CARTESIAN_POINT ( 'NONE',  ( 362.7454693069057612, 4.811162420171592125, 371.7300000000000182 ) ) ;
#2793 = CARTESIAN_POINT ( 'NONE',  ( 398.3596031852034116, 0.4285986541758713408, 371.0333607642078846 ) ) ;
#2794 = DIRECTION ( 'NONE',  ( 2.934069691653083452E-14, -1.000000000000000000, -0.000000000000000000 ) ) ;
#2795 = CARTESIAN_POINT ( 'NONE',  ( 348.8647853196013102, 3.884671620388656432, 371.2299999999991655 ) ) ;
#2796 = B_SPLINE_CURVE_WITH_KNOTS ( 'NONE', 3,
 ( #1984, #3721, #2528, #1397, #1534, #2636, #7132, #3126 ),
 .UNSPECIFIED., .F., .F.,
 ( 4, 2, 2, 4 ),
 ( 1.734723475976807094E-18, 0.0006889958854928447110, 0.001033493828239260941, 0.001377991770985677496 ),
 .UNSPECIFIED. ) ;
#2797 = EDGE_LOOP ( 'NONE', ( #6612, #6948, #5599, #6049 ) ) ;
#2798 = TOROIDAL_SURFACE ( 'NONE', #2335, 1.463465304664509414, 0.2000000000000000111 ) ;
#2799 = CARTESIAN_POINT ( 'NONE',  ( 304.5019042851527047, 4.403423962225629928, 127.9100000000000534 ) ) ;
#2800 = CARTESIAN_POINT ( 'NONE',  ( 122.4108495673613959, 13.19859388549816970, 7.094020524023322061 ) ) ;
#2801 = ADVANCED_FACE ( 'NONE', ( #5970 ), #946, .F. ) ;
#2802 = CARTESIAN_POINT ( 'NONE',  ( 282.3620383519305506, 2.322567923353432207, 23.25000000000006750 ) ) ;
#2803 = CARTESIAN_POINT ( 'NONE',  ( 280.7747333840682131, 4.766378315068065419, 6.498522392167124018 ) ) ;
#2804 = CARTESIAN_POINT ( 'NONE',  ( 369.0515938767217676, -0.8807035511064835731, 249.8199999999999648 ) ) ;
#2805 = AXIS2_PLACEMENT_3D ( 'NONE', #6339, #6935, #5871 ) ;
#2806 = B_SPLINE_SURFACE_WITH_KNOTS ( 'NONE', 3, 3, ( 
 ( #6577, #4327, #876, #7095 ),
 ( #3231, #6005, #4366, #910 ),
 ( #3161, #6650, #5459, #345 ),
 ( #4885, #6611, #5529, #423 ),
 ( #2671, #2124, #4403, #3835 ),
 ( #6788, #6751, #5036, #5072 ),
 ( #462, #3307, #3376, #7353 ) ),
 .UNSPECIFIED., .F., .F., .F.,
 ( 4, 1, 1, 1, 4 ),
 ( 4, 4 ),
 ( 0.9844603817228848586, 0.9883452862921635607, 0.9922301908614423738, 0.9961150954307211869, 1.000000000000000000 ),
 ( 0.000000000000000000, 1.000000000000000000 ),
 .UNSPECIFIED. ) ;
#2807 = CARTESIAN_POINT ( 'NONE',  ( 280.9031563512118055, 3.807452364885508977, 7.083401070421301071 ) ) ;
#2808 = CARTESIAN_POINT ( 'NONE',  ( 128.8162768245870780, 11.50431965112217547, 22.03215544204652332 ) ) ;
#2809 = ORIENTED_EDGE ( 'NONE', *, *, #6875, .T. ) ;
#2810 = CARTESIAN_POINT ( 'NONE',  ( 241.1949847613571194, 5.474739665488941753, 249.8200000000001637 ) ) ;
#2811 = EDGE_CURVE ( 'NONE', #2672, #3460, #6159, .T. ) ;
#2812 = UNCERTAINTY_MEASURE_WITH_UNIT (LENGTH_MEASURE( 1.000000000000000082E-05 ), #1392, 'distance_accuracy_value', 'NONE');
#2813 = AXIS2_PLACEMENT_3D ( 'NONE', #5219, #2441, #4012 ) ;
#2814 = CARTESIAN_POINT ( 'NONE',  ( 399.0992735482965372, 2.475563642107957207, 371.7299999999999613 ) ) ;
#2815 = CARTESIAN_POINT ( 'NONE',  ( 268.6570710073635837, 5.916379154809987106, 6.703350317650488499 ) ) ;
#2816 = CARTESIAN_POINT ( 'NONE',  ( 271.2276628830844629, 5.406281438949152474, 6.896191377353360963 ) ) ;
#2817 = CARTESIAN_POINT ( 'NONE',  ( 130.4288089626894021, 13.46510788927358604, 22.63684855801638918 ) ) ;
#2818 = CARTESIAN_POINT ( 'NONE',  ( 362.7454693069057612, 4.811162420171592125, 371.7300000000000182 ) ) ;
#2819 = CARTESIAN_POINT ( 'NONE',  ( 407.9407869113466631, -0.0008246277882734494215, 361.0469413937302079 ) ) ;
#2820 = CARTESIAN_POINT ( 'NONE',  ( 330.3377240531139591, 3.475929579422585736, 338.6461470731701411 ) ) ;
#2821 = ORIENTED_EDGE ( 'NONE', *, *, #7015, .F. ) ;
#2822 = CARTESIAN_POINT ( 'NONE',  ( 206.0368166716332325, 10.15419542519446594, 6.523947742018186169 ) ) ;
#2823 = CARTESIAN_POINT ( 'NONE',  ( 163.8759731210269308, 13.79274210926820388, 6.499999999999992006 ) ) ;
#2824 = CARTESIAN_POINT ( 'NONE',  ( 382.3170921569247867, 3.753650570903407591, 371.2299999999999613 ) ) ;
#2825 = ORIENTED_EDGE ( 'NONE', *, *, #6767, .T. ) ;
#2826 = CARTESIAN_POINT ( 'NONE',  ( 124.3324553697477910, 12.00651902827532602, 23.00000000000000711 ) ) ;
#2827 = ORIENTED_EDGE ( 'NONE', *, *, #6461, .T. ) ;
#2828 = CARTESIAN_POINT ( 'NONE',  ( 160.3759740977931472, 12.85652636049817765, 6.499999999999992006 ) ) ;
#2829 = CC_DESIGN_APPROVAL ( #3631, ( #2109 ) ) ;
#2830 = CARTESIAN_POINT ( 'NONE',  ( 145.0403267374352652, 12.73223914109248511, 7.115050423922407496 ) ) ;
#2831 = CARTESIAN_POINT ( 'NONE',  ( 125.3580509665041802, 6.272964748169716387, 127.9099999999999966 ) ) ;
#2832 = CARTESIAN_POINT ( 'NONE',  ( 125.7745378931393816, 11.22422783168159377, 22.13810283356092867 ) ) ;
#2833 = FACE_OUTER_BOUND ( 'NONE', #6520, .T. ) ;
#2834 = CARTESIAN_POINT ( 'NONE',  ( 261.7239176606827868, 7.212652326155315485, 249.8200000000000500 ) ) ;
#2835 = CARTESIAN_POINT ( 'NONE',  ( 326.0119532396932414, 3.825037781199410514, 338.8422582197477482 ) ) ;
#2836 = EDGE_CURVE ( 'NONE', #4036, #3308, #2927, .T. ) ;
#2837 = VERTEX_POINT ( 'NONE', #2015 ) ;
#2838 = CARTESIAN_POINT ( 'NONE',  ( 410.1287572015110641, 1.473455003713625588, 371.2300000000000182 ) ) ;
#2839 = CARTESIAN_POINT ( 'NONE',  ( 365.7454693069067275, 4.688385421200238490, 371.7300000000000182 ) ) ;
#2840 = CARTESIAN_POINT ( 'NONE',  ( 115.4604498632727712, 12.96983703224161211, 7.322268281597784423 ) ) ;
#2841 = B_SPLINE_CURVE_WITH_KNOTS ( 'NONE', 3,
 ( #5070, #2740, #7314, #7351 ),
 .UNSPECIFIED., .F., .F.,
 ( 4, 4 ),
 ( 0.9600065865581107749, 0.9950465431553009443 ),
 .UNSPECIFIED. ) ;
#2842 = CARTESIAN_POINT ( 'NONE',  ( 143.2567978953982504, 12.63927359118129523, 20.22058520667541970 ) ) ;
#2843 = CARTESIAN_POINT ( 'NONE',  ( 278.9829982945206552, 4.338980792937535469, 7.405436235658242161 ) ) ;
#2844 = CARTESIAN_POINT ( 'NONE',  ( 116.6392932987830875, 13.83546442860873071, 6.514198590365626984 ) ) ;
#2845 = CARTESIAN_POINT ( 'NONE',  ( 280.8727581720872308, 3.732279126757103160, 7.361676642858745900 ) ) ;
#2846 = CARTESIAN_POINT ( 'NONE',  ( 125.6117820114704386, 13.61402016648340130, 16.60000000000059472 ) ) ;
#2847 = B_SPLINE_CURVE_WITH_KNOTS ( 'NONE', 3,
 ( #3723, #7134, #7248, #983 ),
 .UNSPECIFIED., .F., .F.,
 ( 4, 4 ),
 ( 0.000000000000000000, 0.03614716627367373786 ),
 .UNSPECIFIED. ) ;
#2848 = ORIENTED_EDGE ( 'NONE', *, *, #3915, .T. ) ;
#2849 = CARTESIAN_POINT ( 'NONE',  ( 146.7905851757949165, 12.52841640894896003, 21.11685623833337289 ) ) ;
#2850 = CARTESIAN_POINT ( 'NONE',  ( 132.9968331560035892, 5.745709715978537524, 127.9099999999999397 ) ) ;
#2851 = DIRECTION ( 'NONE',  ( -2.856580399953362200E-13, -0.9999999352646697925, 0.0003598203108568317110 ) ) ;
#2852 = CARTESIAN_POINT ( 'NONE',  ( 219.6092750971868952, 11.31621081470047230, 127.9100000000000819 ) ) ;
#2853 = CARTESIAN_POINT ( 'NONE',  ( 269.5810144041846570, 6.302582576595863628, 6.498671265444494693 ) ) ;
#2854 = CARTESIAN_POINT ( 'NONE',  ( 282.3045846846357563, 4.331755314381229738, 21.21114197552650893 ) ) ;
#2855 = FACE_OUTER_BOUND ( 'NONE', #1342, .T. ) ;
#2856 = CARTESIAN_POINT ( 'NONE',  ( 272.9539708819004318, 5.113795408115410446, 7.010890189811608941 ) ) ;
#2857 = CARTESIAN_POINT ( 'NONE',  ( 116.6045166664982986, -43.07938103743692437, 7.634400703614554473 ) ) ;
#2858 = CARTESIAN_POINT ( 'NONE',  ( 282.8123480338957734, 2.875332269925678474, 6.500000000000102141 ) ) ;
#2859 = APPROVAL ( #1945, 'UNSPECIFIED' ) ;
#2860 = CARTESIAN_POINT ( 'NONE',  ( 143.9794990200351492, 12.70958688048544261, 7.499437314072713967 ) ) ;
#2861 = B_SPLINE_CURVE_WITH_KNOTS ( 'NONE', 3,
 ( #7147, #3247, #5650, #3284, #584, #5542 ),
 .UNSPECIFIED., .F., .F.,
 ( 4, 2, 4 ),
 ( 0.0001315874643194318199, 0.007127124757520988084, 0.01412266205072254532 ),
 .UNSPECIFIED. ) ;
#2862 = CARTESIAN_POINT ( 'NONE',  ( 338.7051036574943623, 2.825693226253302992, 207.1135081865206189 ) ) ;
#2863 = ORIENTED_EDGE ( 'NONE', *, *, #3249, .F. ) ;
#2864 = CARTESIAN_POINT ( 'NONE',  ( 119.6626363359130920, 12.90438799248681967, 11.60000000000059828 ) ) ;
#2865 = CARTESIAN_POINT ( 'NONE',  ( 240.8171698882256351, 7.411386414110549659, 7.121712156626400336 ) ) ;
#2866 = CARTESIAN_POINT ( 'NONE',  ( 212.9765381761881997, 9.303772638642072934, 6.791752884455044992 ) ) ;
#2867 = CARTESIAN_POINT ( 'NONE',  ( 348.4421058997681371, 4.002519248659969442, 364.5598432713389343 ) ) ;
#2868 = CARTESIAN_POINT ( 'NONE',  ( 388.7541041086149676, 1.393351404173791774, 371.7300000000000182 ) ) ;
#2869 =( BOUNDED_SURFACE ( )  B_SPLINE_SURFACE ( 3, 2, ( 
 ( #2793, #1665, #6092 ),
 ( #2206, #6765, #5615 ),
 ( #5016, #7332, #4381 ),
 ( #7219, #2246, #3963 ),
 ( #6729, #1590, #6128 ),
 ( #6665, #1107, #475 ) ),
 .UNSPECIFIED., .F., .F., .F. ) 
 B_SPLINE_SURFACE_WITH_KNOTS ( ( 4, 2, 4 ),
 ( 3, 3 ),
 ( 0.000000000000000000, 0.0006997996387571361323, 0.001399599277514272265 ),
 ( 0.000000000000000000, 1.000000000000000000 ),
 .UNSPECIFIED. ) 
 GEOMETRIC_REPRESENTATION_ITEM ( )  RATIONAL_B_SPLINE_SURFACE ( (
 ( 1.000000000000000000, 0.7130230785322920761, 1.000000000000000000),
 ( 1.000000000000000000, 0.7251358892052335303, 1.000000000000000000),
 ( 1.000000000000000000, 0.7365880787633710680, 1.000000000000000000),
 ( 1.000000000000000000, 0.7583251807723240256, 1.000000000000000000),
 ( 1.000000000000000000, 0.7684702466680209954, 1.000000000000000000),
 ( 1.000000000000000000, 0.7773023225947042203, 1.000000000000000000) ) ) 
 REPRESENTATION_ITEM ( '' )  SURFACE ( )  );
#2870 = CARTESIAN_POINT ( 'NONE',  ( 277.7365243392115417, 7.183693991526896028, 249.8200000000000500 ) ) ;
#2871 = ORIENTED_EDGE ( 'NONE', *, *, #3748, .F. ) ;
#2872 = CARTESIAN_POINT ( 'NONE',  ( 191.2883143860195503, 9.185107046897456939, 128.2433333333333110 ) ) ;
#2873 = ORIENTED_EDGE ( 'NONE', *, *, #5465, .T. ) ;
#2874 = CARTESIAN_POINT ( 'NONE',  ( 123.2431818857000110, 12.71106016066178235, 18.13440070361511403 ) ) ;
#2875 = CARTESIAN_POINT ( 'NONE',  ( 146.7955411782380395, 12.95939568921474638, 6.697025955070743386 ) ) ;
#2876 = CARTESIAN_POINT ( 'NONE',  ( 136.2544293771441914, 8.472346750207433885, 127.9100000000000250 ) ) ;
#2877 = B_SPLINE_SURFACE_WITH_KNOTS ( 'NONE', 3, 3, ( 
 ( #338, #867, #3641, #3118 ),
 ( #3714, #413, #2663, #4355 ),
 ( #3224, #3152, #4878, #2629 ),
 ( #5411, #4841, #7125, #4803 ),
 ( #2593, #300, #6637, #2009 ),
 ( #7159, #4287, #6602, #1456 ),
 ( #3786, #5996, #1978, #7084 ),
 ( #2042, #6067, #4320, #5488 ),
 ( #5521, #1488, #3747, #937 ),
 ( #1943, #3084, #4955, #4250 ),
 ( #4214, #1390, #832, #6532 ),
 ( #264, #2520, #1424, #5380 ),
 ( #6815, #561, #2850, #7276 ),
 ( #6103, #2262, #5701, #3865 ),
 ( #451, #2768, #3299, #2183 ),
 ( #2149, #3901, #6182, #5028 ),
 ( #4425, #4502, #1082, #3825 ),
 ( #523, #486, #6143, #3977 ),
 ( #3368, #4461, #3936, #6708 ),
 ( #5065, #598, #1677, #1565 ),
 ( #6219, #2810, #6258, #4992 ),
 ( #1045, #3407, #1602, #1155 ),
 ( #6740, #5591, #5662, #1711 ),
 ( #1643, #3334, #1010, #2735 ),
 ( #5555, #7307, #5629, #6779 ),
 ( #3262, #7344, #2221, #1120 ),
 ( #5102, #7380, #4537, #2699 ),
 ( #7233, #2114, #4393, #6675 ),
 ( #3594, #1795, #34, #2411 ),
 ( #3003, #5141, #1237, #5297 ),
 ( #2300, #5261, #5817, #5773 ),
 ( #4095, #1756, #2377, #718 ),
 ( #4056, #1905, #5851, #1316 ),
 ( #1870, #2337, #1198, #2970 ),
 ( #6971, #6853, #4018, #4134 ),
 ( #4170, #2893, #3488, #6380 ),
 ( #4576, #1830, #2444, #3527 ),
 ( #5736, #71, #6417, #5881 ),
 ( #4729, #677, #2930, #180 ),
 ( #783, #3449, #3561, #753 ),
 ( #147, #6338, #6303, #6898 ),
 ( #638, #5179, #7009, #6452 ),
 ( #1276, #4695, #1349, #5225 ),
 ( #111, #4658, #4623, #6934 ),
 ( #7075, #929, #5953, #2546 ),
 ( #857, #330, #1969, #4239 ),
 ( #4831, #3076, #5916, #5986 ),
 ( #3179, #6521, #4312, #1518 ),
 ( #3107, #3668, #4867, #4203 ),
 ( #6486, #890, #5371, #2033 ),
 ( #1381, #253, #2001, #822 ),
 ( #1934, #5478, #3778, #1414 ),
 ( #2584, #3144, #365, #3037 ),
 ( #2619, #3703, #5335, #5436 ),
 ( #5402, #7114, #2511, #6593 ),
 ( #7150, #292, #4276, #7185 ),
 ( #1480, #6556, #3738, #4793 ),
 ( #6023, #6060, #4905, #4760 ),
 ( #2066, #4344, #6629, #1447 ),
 ( #218, #2473, #7042, #3629 ),
 ( #6733, #2759, #1558, #3252 ),
 ( #478, #3289, #2655, #2141 ),
 ( #6668, #1000, #3854, #2690 ),
 ( #4452, #7267, #2799, #515 ),
 ( #2105, #3893, #1112, #1035 ),
 ( #6173, #1073, #5093, #5514 ),
 ( #5055, #6133, #6209, #2211 ),
 ( #4945, #3927, #7336, #3361 ),
 ( #7371, #4384, #1632, #3967 ),
 ( #4418, #5653, #2727, #5547 ),
 ( #3325, #5582, #553, #6700 ),
 ( #404, #2251, #4526, #1594 ),
 ( #7299, #3814, #442, #5619 ),
 ( #6805, #5021, #2173, #4492 ),
 ( #1702, #6095, #4984, #6770 ),
 ( #1669, #966, #3215, #7225 ),
 ( #1785, #1743, #1187, #5213 ),
 ( #4122, #4044, #5761, #101 ),
 ( #3515, #5170, #61, #6407 ),
 ( #6290, #4007, #1821, #6328 ) ),
 .UNSPECIFIED., .F., .F., .F.,
 ( 4, 1, 1, 1, 1, 1, 1, 1, 1, 1, 1, 1, 1, 1, 1, 1, 1, 1, 1, 1, 1, 1, 1, 1, 1, 1, 1, 1, 1, 1, 1, 1, 1, 1, 1, 1, 1, 1, 1, 1, 1, 1, 1, 1, 1, 1, 1, 1, 1, 1, 1, 1, 1, 1, 1, 1, 1, 1, 1, 1, 1, 1, 1, 1, 1, 1, 1, 1, 1, 1, 1, 1, 1, 1, 3, 4 ),
 ( 4, 4 ),
 ( 0.002709537701448708289, 0.01037946617036617988, 0.01804939463928365018, 0.02571932310820111700, 0.03338925157711858382, 0.04105918004603605759, 0.04872910851495352441, 0.05639903698387100511, 0.06406896545278846500, 0.07173889392170593182, 0.07940882239062341252, 0.08707875085954087935, 0.09474867932845834617, 0.1024186077973758130, 0.1100885362662932937, 0.1254283932041282412, 0.1407682501419631471, 0.1561081070797981085, 0.1714479640176330422, 0.1867878209554679758, 0.2021276778933029095, 0.2174675348311378986, 0.2328073917689728045, 0.2481472487068077382, 0.2634871056446426718, 0.2788269625824776332, 0.2941668195203125391, 0.3095066764581475005, 0.3248465333959824619, 0.3401863903338173678, 0.3555262472716522737, 0.3708661042094872351, 0.3862059611473223075, 0.4015458180851571024, 0.4168856750229920638, 0.4322255319608270807, 0.4475653888986619311, 0.4629052458364968925, 0.4935849597121667598, 0.5242646735878369046, 0.5549443874635064944, 0.5856241013391764172, 0.6163038152148463400, 0.6469835290905161518, 0.6623233860283510577, 0.6776632429661860746, 0.6930030999040210915, 0.7083429568418559974, 0.7236828137796911253, 0.7390226707175258092, 0.7543625276553607151, 0.7697023845931958430, 0.7850422415310305269, 0.8003820984688655438, 0.8157219554067007827, 0.8310618123445354666, 0.8464016692823703725, 0.8617415262202053894, 0.8770813831580401843, 0.8847513116269576372, 0.8924212400958752012, 0.9000911685647927651, 0.9077610970337102181, 0.9154310255026278931, 0.9231009539715451240, 0.9307708824404625769, 0.9384408109093800299, 0.9461107393782974828, 0.9537806678472149358, 0.9614505963161326108, 0.9691205247850500637, 0.9729554890195085681, 0.9767904532539672946, 0.9806254174884261321, 0.9844603817228848586, 0.9942778901630991983 ),
 ( 0.000000000000000000, 1.000000000000000000 ),
 .UNSPECIFIED. ) ;
#2878 = CARTESIAN_POINT ( 'NONE',  ( 281.4453532033124361, 4.408960217945701032, 21.21280453546522082 ) ) ;
#2879 = CARTESIAN_POINT ( 'NONE',  ( 160.3759731210269308, 13.94446355411818317, 6.499999999999992006 ) ) ;
#2880 = CARTESIAN_POINT ( 'NONE',  ( 140.5663158043534509, 12.70224880116442989, 23.21417955537900468 ) ) ;
#2881 = CARTESIAN_POINT ( 'NONE',  ( 163.6720238738871274, 13.77787479981095231, 6.498740612651238813 ) ) ;
#2882 = ORIENTED_EDGE ( 'NONE', *, *, #7029, .T. ) ;
#2883 = CARTESIAN_POINT ( 'NONE',  ( 345.4163241270789513, 2.130004047237735954, 339.6529503645643331 ) ) ;
#2884 = DIRECTION ( 'NONE',  ( 0.000000000000000000, 0.0003598203108568310063, 0.9999999352646697925 ) ) ;
#2885 = CARTESIAN_POINT ( 'NONE',  ( 120.6611667337626557, 13.97187393609022443, 6.498775701323231679 ) ) ;
#2886 = CARTESIAN_POINT ( 'NONE',  ( 391.0542535936067452, 3.115788626241809300, 371.2527803422577222 ) ) ;
#2887 = CARTESIAN_POINT ( 'NONE',  ( 278.5785510120062440, 4.396136622576138464, 7.531266875863859234 ) ) ;
#2888 = DIRECTION ( 'NONE',  ( -0.8452259391153505996, 0.000000000000000000, 0.5344091240300578027 ) ) ;
#2889 = EDGE_CURVE ( 'NONE', #2996, #6572, #2847, .T. ) ;
#2890 = CARTESIAN_POINT ( 'NONE',  ( 280.9747443554774691, 3.957213185770453112, 6.844113669478946171 ) ) ;
#2891 = DIRECTION ( 'NONE',  ( -0.000000000000000000, -1.000000000000000000, 0.000000000000000000 ) ) ;
#2892 = CARTESIAN_POINT ( 'NONE',  ( 327.8105326171934735, 4.743989010328029998, 340.4841323485825342 ) ) ;
#2893 = CARTESIAN_POINT ( 'NONE',  ( 275.6709984740322739, 6.428346778426898389, 249.8199999999999363 ) ) ;
#2894 = CARTESIAN_POINT ( 'NONE',  ( 314.8890467115019760, 6.853435493690229308, 249.8200000000000216 ) ) ;
#2895 = CARTESIAN_POINT ( 'NONE',  ( 267.8205705495082043, 6.250331759822737254, 6.575477272066550860 ) ) ;
#2896 = CARTESIAN_POINT ( 'NONE',  ( 284.1664950599288204, 4.051049483900471593, 21.10956533328262452 ) ) ;
#2897 = CARTESIAN_POINT ( 'NONE',  ( 287.6365900346750664, 0.08645730351284558468, 23.25000000000011013 ) ) ;
#2898 = CARTESIAN_POINT ( 'NONE',  ( 273.9153480799316185, 5.757950470604182414, 6.498671211131178183 ) ) ;
#2899 = CARTESIAN_POINT ( 'NONE',  ( 289.9216473163275509, -2.783524893194208261, 51.78754034488434144 ) ) ;
#2900 = B_SPLINE_CURVE_WITH_KNOTS ( 'NONE', 3,
 ( #6091, #4980, #4447, #7263 ),
 .UNSPECIFIED., .F., .F.,
 ( 4, 4 ),
 ( 0.04481816796008691178, 0.05197266181616951725 ),
 .UNSPECIFIED. ) ;
#2901 = CARTESIAN_POINT ( 'NONE',  ( 281.4701671088146782, 4.545012848208866529, 6.499999999999982236 ) ) ;
#2902 = CARTESIAN_POINT ( 'NONE',  ( 326.6855018111627373, 3.029358279786975139, 339.9075717680154298 ) ) ;
#2903 = CARTESIAN_POINT ( 'NONE',  ( 263.8999592617886947, 6.971639818967690694, 5.999999999999985789 ) ) ;
#2904 = ORIENTED_EDGE ( 'NONE', *, *, #2716, .F. ) ;
#2905 = CARTESIAN_POINT ( 'NONE',  ( 119.2533509860101333, 12.89583002120858879, 11.51622124314710582 ) ) ;
#2906 = CARTESIAN_POINT ( 'NONE',  ( 202.5536431258137782, 10.35047548739884604, 6.523936755005944832 ) ) ;
#2907 = CARTESIAN_POINT ( 'NONE',  ( 189.8559604886763736, 10.48075744213056559, 127.9099999999999682 ) ) ;
#2908 = CARTESIAN_POINT ( 'NONE',  ( 286.5963003043041795, 1.336705538678849337, 20.65124420146121409 ) ) ;
#2909 = EDGE_CURVE ( 'NONE', #90, #6610, #3840, .T. ) ;
#2910 = CARTESIAN_POINT ( 'NONE',  ( 269.7874810562375387, 6.411343433303112960, 6.499999999999979572 ) ) ;
#2911 = ORIENTED_EDGE ( 'NONE', *, *, #4401, .T. ) ;
#2912 = CARTESIAN_POINT ( 'NONE',  ( 146.8193802378952739, 13.44749672402124752, 6.498716541624260046 ) ) ;
#2913 = CARTESIAN_POINT ( 'NONE',  ( 134.6639798910556749, 8.203051014141932384, 127.9099999999999966 ) ) ;
#2914 = CARTESIAN_POINT ( 'NONE',  ( 280.2449791737588498, 4.525944291403185105, 21.20333876511985238 ) ) ;
#2915 = CARTESIAN_POINT ( 'NONE',  ( 137.2270092614043904, 13.56539529444352077, 18.12111674125775096 ) ) ;
#2916 = CARTESIAN_POINT ( 'NONE',  ( 332.5766904567805113, -2.739819871362719983, 173.2509977865708208 ) ) ;
#2917 = CARTESIAN_POINT ( 'NONE',  ( 391.0455710027894725, 3.116454838129761651, 371.2299995642491126 ) ) ;
#2918 = ORIENTED_EDGE ( 'NONE', *, *, #5950, .F. ) ;
#2919 = CARTESIAN_POINT ( 'NONE',  ( 332.5766904567813071, 0.06089591528297579742, 175.2397830742334577 ) ) ;
#2920 = CARTESIAN_POINT ( 'NONE',  ( 350.4153303612098966, 3.297351290455990735, 371.2299882122565009 ) ) ;
#2921 = CARTESIAN_POINT ( 'NONE',  ( 122.4062741056130506, 14.12241165570719126, 6.500049149660887871 ) ) ;
#2922 = LINE ( 'NONE', #6371, #2217 ) ;
#2923 = CARTESIAN_POINT ( 'NONE',  ( 283.9090612909195102, 2.157110196841442562, 23.24999999999974420 ) ) ;
#2924 = CARTESIAN_POINT ( 'NONE',  ( 279.4688672403024157, 4.753649749951248005, 6.631277476312532393 ) ) ;
#2925 = CARTESIAN_POINT ( 'NONE',  ( 327.7860354762783004, 3.933608825666553344, 341.6482234053794400 ) ) ;
#2926 = CARTESIAN_POINT ( 'NONE',  ( 280.8912450094434803, 3.710889678643162437, 7.509317386999422972 ) ) ;
#2927 = CIRCLE ( 'NONE', #3043, 0.6634653046645055952 ) ;
#2928 = CARTESIAN_POINT ( 'NONE',  ( 145.2212615996183445, 11.35864063069053387, 22.12157687657296989 ) ) ;
#2929 = CARTESIAN_POINT ( 'NONE',  ( 327.0505600978489156, 4.746885503160604536, 340.4849637353880780 ) ) ;
#2930 = CARTESIAN_POINT ( 'NONE',  ( 212.6416886905737726, 9.534101156654989140, 127.9100000000000250 ) ) ;
#2931 = CARTESIAN_POINT ( 'NONE',  ( 207.0549038629607423, 11.80025910475359296, 127.9099999999999397 ) ) ;
#2932 = CARTESIAN_POINT ( 'NONE',  ( 267.7565701545470347, 5.655904759119742664, 7.256020150263476687 ) ) ;
#2933 = CARTESIAN_POINT ( 'NONE',  ( 283.7960855000275160, 4.247957817251632129, 23.24999999999905498 ) ) ;
#2934 = CIRCLE ( 'NONE', #448, 0.5000000000000003331 ) ;
#2935 = CARTESIAN_POINT ( 'NONE',  ( 284.0705959908382283, 1.997258392935167048, 23.24999999999989697 ) ) ;
#2936 = CARTESIAN_POINT ( 'NONE',  ( 273.8692149223755905, 5.378349564505585434, 6.627241618825720160 ) ) ;
#2937 = CARTESIAN_POINT ( 'NONE',  ( 325.5438095049034928, 3.531095844258675509, 338.1018218439120346 ) ) ;
#2938 = CARTESIAN_POINT ( 'NONE',  ( 281.3454154696611340, 4.294856810348651521, 6.528681187503518224 ) ) ;
#2939 = CARTESIAN_POINT ( 'NONE',  ( 281.9907393840783811, 1.295746498078632181, 6.500000000007217338 ) ) ;
#2940 = CARTESIAN_POINT ( 'NONE',  ( 126.0744533512803400, 13.10082040840402406, 22.61246209201114254 ) ) ;
#2941 = AXIS2_PLACEMENT_3D ( 'NONE', #1902, #749, #2888 ) ;
#2942 = CARTESIAN_POINT ( 'NONE',  ( 139.5512225527252781, 13.66794928869693315, 21.54922564750584257 ) ) ;
#2943 = ADVANCED_FACE ( 'NONE', ( #4295 ), #2806, .F. ) ;
#2944 = ORIENTED_EDGE ( 'NONE', *, *, #742, .T. ) ;
#2945 = CARTESIAN_POINT ( 'NONE',  ( 118.9159428762653761, 12.89666987503478524, 11.27043280575282758 ) ) ;
#2946 = CARTESIAN_POINT ( 'NONE',  ( 226.8920400213037851, 8.214758598586694660, 7.242116119815094955 ) ) ;
#2947 = CARTESIAN_POINT ( 'NONE',  ( 264.9819700065203847, 7.204662047819037518, 249.8199999999997090 ) ) ;
#2948 = DIRECTION ( 'NONE',  ( -0.000000000000000000, 0.000000000000000000, 1.000000000000000000 ) ) ;
#2949 = B_SPLINE_CURVE_WITH_KNOTS ( 'NONE', 3,
 ( #1064, #6722, #2752, #6051, #6660, #7291 ),
 .UNSPECIFIED., .F., .F.,
 ( 4, 2, 4 ),
 ( 2.364490182654114881E-15, 0.0005054173676706551818, 0.001010834735338945719 ),
 .UNSPECIFIED. ) ;
#2950 = CARTESIAN_POINT ( 'NONE',  ( 280.1089685213719918, 5.126425460201772921, 6.500000000000007105 ) ) ;
#2951 = ORIENTED_EDGE ( 'NONE', *, *, #3659, .T. ) ;
#2952 = ADVANCED_FACE ( 'NONE', ( #4587 ), #5600, .F. ) ;
#2953 = CARTESIAN_POINT ( 'NONE',  ( 150.2961898438741741, 13.14497489190843993, 6.523892012407529251 ) ) ;
#2954 = CARTESIAN_POINT ( 'NONE',  ( 213.5123541775002423, 2.375098020232645268, 249.8200000000000216 ) ) ;
#2955 = CYLINDRICAL_SURFACE ( 'NONE', #3996, 0.5000000000000004441 ) ;
#2956 = DIRECTION ( 'NONE',  ( -0.000000000000000000, 1.000000000000000000, 0.000000000000000000 ) ) ;
#2957 = DIRECTION ( 'NONE',  ( 0.000000000000000000, -0.0003598203108566903311, -0.9999999352646697925 ) ) ;
#2958 = PERSON_AND_ORGANIZATION_ROLE ( 'creator' ) ;
#2959 = ADVANCED_FACE ( 'NONE', ( #3417 ), #6937, .F. ) ;
#2960 = ORIENTED_EDGE ( 'NONE', *, *, #5011, .T. ) ;
#2961 = FACE_OUTER_BOUND ( 'NONE', #4891, .T. ) ;
#2962 = CARTESIAN_POINT ( 'NONE',  ( 354.7814299448505722, 3.142006370627997036, 371.2305629240383951 ) ) ;
#2963 = CARTESIAN_POINT ( 'NONE',  ( 117.1977211006866213, 13.02790344546667711, 7.454006666493773636 ) ) ;
#2964 = CARTESIAN_POINT ( 'NONE',  ( 127.9794591955785137, 12.73897049810669913, 20.24195643194082095 ) ) ;
#2965 = CARTESIAN_POINT ( 'NONE',  ( 362.7454693069067844, 2.920271492011041303, 371.7300000000000182 ) ) ;
#2966 = CARTESIAN_POINT ( 'NONE',  ( 280.9157094573123459, 3.753968483177011706, 7.222793780143662801 ) ) ;
#2967 = CARTESIAN_POINT ( 'NONE',  ( 281.7559832943646256, 5.444556108484675860, 6.500000000000005329 ) ) ;
#2968 = VERTEX_POINT ( 'NONE', #495 ) ;
#2969 = CARTESIAN_POINT ( 'NONE',  ( 329.7737742244843844, 4.730207032352808483, 340.4817056264181474 ) ) ;
#2970 = CARTESIAN_POINT ( 'NONE',  ( 119.9791860735080604, 13.14627257047734332, 5.999999999999995559 ) ) ;
#2971 = CARTESIAN_POINT ( 'NONE',  ( 285.3889363678686095, 3.932804070177125411, 23.24999999999942446 ) ) ;
#2972 = CARTESIAN_POINT ( 'NONE',  ( 346.4892270382737252, 3.910369805290911494, 371.2300000000001887 ) ) ;
#2973 = CARTESIAN_POINT ( 'NONE',  ( 272.1331700060161438, 5.596121242648137262, 6.627474401065360787 ) ) ;
#2974 = CARTESIAN_POINT ( 'NONE',  ( 366.0118778327817495, 2.784783499008022911, 371.2299999822932364 ) ) ;
#2975 = CARTESIAN_POINT ( 'NONE',  ( 281.0630231222023667, 3.797599515765900602, 6.953934592963027406 ) ) ;
#2976 = CARTESIAN_POINT ( 'NONE',  ( 281.6440876027857030, 2.240512770039305046, 6.499999999993207211 ) ) ;
#2977 = B_SPLINE_CURVE_WITH_KNOTS ( 'NONE', 3,
 ( #6117, #468, #6687, #6161 ),
 .UNSPECIFIED., .F., .F.,
 ( 4, 4 ),
 ( 0.000000000000000000, 0.0005006347321586762612 ),
 .UNSPECIFIED. ) ;
#2978 = CARTESIAN_POINT ( 'NONE',  ( 327.6610778404864845, 3.939029947138614318, 341.4505850048136608 ) ) ;
#2979 = CARTESIAN_POINT ( 'NONE',  ( 332.4827115334513223, 3.440350319432279314, 337.9950654902126530 ) ) ;
#2980 = EDGE_LOOP ( 'NONE', ( #2597, #7126 ) ) ;
#2981 = CARTESIAN_POINT ( 'NONE',  ( 266.9106464390240490, 7.197605763655988476, 249.8200000000002490 ) ) ;
#2982 = CARTESIAN_POINT ( 'NONE',  ( 373.7984831819312035, 1.393728469519432522, 303.4996049501534117 ) ) ;
#2983 = CARTESIAN_POINT ( 'NONE',  ( 284.2455199428205788, -0.02819154775197863991, 6.499999999999994671 ) ) ;
#2984 = EDGE_CURVE ( 'NONE', #2327, #4632, #4552, .T. ) ;
#2985 = B_SPLINE_CURVE_WITH_KNOTS ( 'NONE', 3,
 ( #1009, #2765, #3332, #4499, #411, #3260, #7306, #485, #2662, #3935 ),
 .UNSPECIFIED., .F., .F.,
 ( 4, 3, 3, 4 ),
 ( 0.002253220200101655087, 0.04242132812522740604, 0.2121066406261435389, 0.3774536989874058279 ),
 .UNSPECIFIED. ) ;
#2986 = CARTESIAN_POINT ( 'NONE',  ( 281.9896891840593867, 2.368239572175037111, 7.776407244490933124 ) ) ;
#2987 = ORIENTED_EDGE ( 'NONE', *, *, #2612, .T. ) ;
#2988 = CARTESIAN_POINT ( 'NONE',  ( 164.2057551511330757, 11.86476137062843250, 6.883233815690986468 ) ) ;
#2989 = CARTESIAN_POINT ( 'NONE',  ( 310.7700819835396260, 1.780064617019553985, 371.7300000000000182 ) ) ;
#2990 = CARTESIAN_POINT ( 'NONE',  ( 333.8354588024232044, 4.871688105498883203, 340.2138388376120588 ) ) ;
#2991 = CARTESIAN_POINT ( 'NONE',  ( 140.6436292336406098, 12.16245537330136095, 23.66133526069265258 ) ) ;
#2992 = EDGE_CURVE ( 'NONE', #3344, #5237, #4558, .T. ) ;
#2993 = PLANE ( 'NONE',  #1017 ) ;
#2994 = PERSON_AND_ORGANIZATION ( #4480, #4021 ) ;
#2995 = CARTESIAN_POINT ( 'NONE',  ( 113.9073981296219102, 13.76791149021054572, 6.000000000000000888 ) ) ;
#2996 = VERTEX_POINT ( 'NONE', #1092 ) ;
#2997 = CARTESIAN_POINT ( 'NONE',  ( 398.3764861522328715, 0.6278564537427284709, 371.2300000000000182 ) ) ;
#2998 = CARTESIAN_POINT ( 'NONE',  ( 132.8765996545521375, 13.92253551399397082, 6.498748276074971741 ) ) ;
#2999 = CARTESIAN_POINT ( 'NONE',  ( 298.4934604971369936, 7.574366211118733538, 282.2459643629938455 ) ) ;
#3000 = CARTESIAN_POINT ( 'NONE',  ( 289.9216473163270393, -2.782638488342498384, 54.25100549007512285 ) ) ;
#3001 = CARTESIAN_POINT ( 'NONE',  ( 390.7454693069068412, 1.241910405717955301, 371.5977429243553729 ) ) ;
#3002 = ORIENTED_EDGE ( 'NONE', *, *, #5456, .T. ) ;
#3003 = CARTESIAN_POINT ( 'NONE',  ( 341.0861880020229933, 3.111327938811451865, 371.7299999999999613 ) ) ;
#3004 = CARTESIAN_POINT ( 'NONE',  ( 270.4148313636848684, 5.940152709620450722, 6.576112123480037930 ) ) ;
#3005 = CARTESIAN_POINT ( 'NONE',  ( 285.2498801985712475, 3.615303234689148493, 20.94849625485532485 ) ) ;
#3006 = CARTESIAN_POINT ( 'NONE',  ( 285.6638830071720463, 3.129935684499554061, 20.77180257010171616 ) ) ;
#3007 = CARTESIAN_POINT ( 'NONE',  ( 275.2327371951666350, 5.743398374001039031, 6.500052762899535708 ) ) ;
#3008 = CARTESIAN_POINT ( 'NONE',  ( 126.7257834040442788, 12.10596044574202601, 23.64263387025379970 ) ) ;
#3009 = CARTESIAN_POINT ( 'NONE',  ( 281.4651497883960474, 4.559636267676023813, 6.500061544447323314 ) ) ;
#3010 = CARTESIAN_POINT ( 'NONE',  ( 281.4500752551472829, 4.563539496799537964, 6.499999999999982236 ) ) ;
#3011 = VERTEX_POINT ( 'NONE', #3946 ) ;
#3012 = LINE ( 'NONE', #4668, #4660 ) ;
#3013 = DIRECTION ( 'NONE',  ( 1.000000000000000000, 0.000000000000000000, -2.668805347656629637E-16 ) ) ;
#3014 = B_SPLINE_CURVE_WITH_KNOTS ( 'NONE', 3,
 ( #4521, #5720, #5756, #661, #4604, #3470, #4116, #1140, #6402, #2878, #6800, #5649, #2914, #5165, #6880, #4561, #1779, #548, #4642, #6918 ),
 .UNSPECIFIED., .F., .F.,
 ( 4, 2, 2, 2, 2, 2, 2, 2, 2, 4 ),
 ( 1.611659050933712014E-05, 0.0009325925625161408635, 0.001849068534522944722, 0.002765544506529748255, 0.003682020478536552222, 0.004598496450543355756, 0.005514972422550158855, 0.007347924366563934190, 0.01101382825459148659, 0.01467973214261903726 ),
 .UNSPECIFIED. ) ;
#3015 = ORIENTED_EDGE ( 'NONE', *, *, #2811, .T. ) ;
#3016 = CARTESIAN_POINT ( 'NONE',  ( 254.8053328615569342, 7.466209506558246112, 6.500051480222903244 ) ) ;
#3017 = CARTESIAN_POINT ( 'NONE',  ( 219.9680338436861291, 9.344162252878254193, 6.523978941434091183 ) ) ;
#3018 = CARTESIAN_POINT ( 'NONE',  ( 190.9664314013879789, 10.48123980505233455, 127.9100000000000250 ) ) ;
#3019 = CARTESIAN_POINT ( 'NONE',  ( 365.7998574819400233, 2.794056108687690276, 371.4683983890989225 ) ) ;
#3020 = CARTESIAN_POINT ( 'NONE',  ( 410.1361054787382159, 1.480516612583779867, 371.7300000000000182 ) ) ;
#3021 = CARTESIAN_POINT ( 'NONE',  ( 276.4264572167555798, 5.608244886158120224, 6.499999999999992895 ) ) ;
#3022 = ADVANCED_FACE ( 'NONE', ( #6865 ), #3824, .F. ) ;
#3023 = CARTESIAN_POINT ( 'NONE',  ( 164.1994763778287165, 11.73936940188155376, 7.116837954153942825 ) ) ;
#3024 = CARTESIAN_POINT ( 'NONE',  ( 146.7903417718460730, 12.52842739602189504, 21.11647143758058931 ) ) ;
#3025 = AXIS2_PLACEMENT_3D ( 'NONE', #1101, #3350, #617 ) ;
#3026 = CARTESIAN_POINT ( 'NONE',  ( 191.2086826589460884, 8.197268929172247809, 127.9099999999999966 ) ) ;
#3027 = CARTESIAN_POINT ( 'NONE',  ( 125.1429287071179033, 12.42909936083599654, 21.13912243098785737 ) ) ;
#3028 = ORIENTED_EDGE ( 'NONE', *, *, #2176, .F. ) ;
#3029 = FACE_OUTER_BOUND ( 'NONE', #1111, .T. ) ;
#3030 = EDGE_CURVE ( 'NONE', #6029, #2767, #3212, .T. ) ;
#3031 = CARTESIAN_POINT ( 'NONE',  ( 125.8964511175055492, 13.73776992478511794, 6.570948401325694910 ) ) ;
#3032 = FACE_OUTER_BOUND ( 'NONE', #6649, .T. ) ;
#3033 = LINE ( 'NONE', #5331, #6160 ) ;
#3034 = B_SPLINE_CURVE_WITH_KNOTS ( 'NONE', 3,
 ( #1560, #1147, #1005, #1114, #3930, #3400, #1077, #1597, #5550, #6703 ),
 .UNSPECIFIED., .F., .F.,
 ( 4, 2, 2, 2, 4 ),
 ( 5.565984459489637472E-17, 0.01302033799028771283, 0.02604067598057537014, 0.03906101397086302746, 0.05208135196115068477 ),
 .UNSPECIFIED. ) ;
#3035 = CARTESIAN_POINT ( 'NONE',  ( 120.9251991732457441, 12.94156492876271614, 11.60000000000059650 ) ) ;
#3036 = ORIENTED_EDGE ( 'NONE', *, *, #6220, .F. ) ;
#3037 = CARTESIAN_POINT ( 'NONE',  ( 222.9005902587831258, 8.413230346244334967, 5.999999999999995559 ) ) ;
#3038 = EDGE_CURVE ( 'NONE', #6075, #1490, #5270, .T. ) ;
#3039 = VECTOR ( 'NONE', #5684, 1000.000000000000000 ) ;
#3040 = CARTESIAN_POINT ( 'NONE',  ( 284.2882097710013340, 1.887781162345704145, 23.25000000000001421 ) ) ;
#3041 = CARTESIAN_POINT ( 'NONE',  ( 274.7068373900348206, 4.980830444941038770, 6.894115847657159790 ) ) ;
#3042 = CARTESIAN_POINT ( 'NONE',  ( 229.6797644623203496, 7.649101410356024644, 186.4791025605591130 ) ) ;
#3043 = AXIS2_PLACEMENT_3D ( 'NONE', #312, #2050, #1573 ) ;
#3044 = CARTESIAN_POINT ( 'NONE',  ( 281.2152010455964160, 4.065565638655328939, 6.647254198616204590 ) ) ;
#3045 = CARTESIAN_POINT ( 'NONE',  ( 332.1576660170073865, 4.698012110841843558, 340.4789095366824654 ) ) ;
#3046 = VERTEX_POINT ( 'NONE', #2942 ) ;
#3047 = CARTESIAN_POINT ( 'NONE',  ( 334.2850538169557808, 3.853432776777490965, 341.6357625915578637 ) ) ;
#3048 = EDGE_CURVE ( 'NONE', #5460, #6022, #690, .T. ) ;
#3049 = CARTESIAN_POINT ( 'NONE',  ( 261.9580819383874086, 7.093010544444354082, 5.999999999999985789 ) ) ;
#3050 = ORIENTED_EDGE ( 'NONE', *, *, #4237, .F. ) ;
#3051 = VECTOR ( 'NONE', #6644, 1000.000000000000000 ) ;
#3052 = CARTESIAN_POINT ( 'NONE',  ( 251.3065852955790831, 7.407210717071466277, 6.523994475838247098 ) ) ;
#3053 = CARTESIAN_POINT ( 'NONE',  ( 159.8759731210261918, 12.88220348682631489, 6.499999999999980460 ) ) ;
#3054 = PLANE ( 'NONE',  #6750 ) ;
#3055 = CARTESIAN_POINT ( 'NONE',  ( 272.0795415539906799, 5.351590187475496307, 22.00150117855258358 ) ) ;
#3056 = CIRCLE ( 'NONE', #2941, 1.999999999999989342 ) ;
#3057 = CARTESIAN_POINT ( 'NONE',  ( 282.5748782831583981, 0.1761031181031287862, 7.811482371560977356 ) ) ;
#3058 = CARTESIAN_POINT ( 'NONE',  ( 391.1956218507307881, 3.104941493691564247, 371.2299995642491126 ) ) ;
#3059 = CARTESIAN_POINT ( 'NONE',  ( 164.2268522279900083, 12.28608923146825660, 6.573492605007825951 ) ) ;
#3060 = CARTESIAN_POINT ( 'NONE',  ( 345.3889151717834238, 1.994612665354085879, 339.6150019767562753 ) ) ;
#3061 = CC_DESIGN_APPROVAL ( #465, ( #2694 ) ) ;
#3062 = CARTESIAN_POINT ( 'NONE',  ( 123.9833564547269447, 11.20603278868104447, 18.82269999999999754 ) ) ;
#3063 = DIRECTION ( 'NONE',  ( 0.000000000000000000, 0.000000000000000000, -1.000000000000000000 ) ) ;
#3064 = CARTESIAN_POINT ( 'NONE',  ( 124.0884131487139825, 13.58707806417506347, 16.60000000000058762 ) ) ;
#3065 =( BOUNDED_SURFACE ( )  B_SPLINE_SURFACE ( 3, 2, ( 
 ( #1044, #7343, #6778 ),
 ( #2808, #3863, #7379 ),
 ( #4953, #7232, #2113 ),
 ( #1564, #3822, #6140 ),
 ( #3298, #5590, #6414 ),
 ( #3524, #2297, #4015 ) ),
 .UNSPECIFIED., .F., .F., .F. ) 
 B_SPLINE_SURFACE_WITH_KNOTS ( ( 4, 2, 4 ),
 ( 3, 3 ),
 ( 0.02292409404287841165, 0.03259314001626580776, 0.04226218598965320733 ),
 ( 0.2446600558932045533, 1.000000000000000000 ),
 .UNSPECIFIED. ) 
 GEOMETRIC_REPRESENTATION_ITEM ( )  RATIONAL_B_SPLINE_SURFACE ( (
 ( 0.8978721331121872762, 0.7912861858161430728, 1.000000000000000000),
 ( 0.8964982190681216601, 0.7884783837026152487, 1.000000000000000000),
 ( 0.8956419631253458302, 0.7867284945765584681, 1.000000000000000000),
 ( 0.8946646331821113129, 0.7847311723335255174, 1.000000000000000000),
 ( 0.8940579144385794041, 0.7834912503909814419, 1.000000000000000000),
 ( 0.8933876096214443674, 0.7821213806452076422, 1.000000000000000000) ) ) 
 REPRESENTATION_ITEM ( '' )  SURFACE ( )  );
#3066 = CARTESIAN_POINT ( 'NONE',  ( 404.2700508506159167, 2.008600967230231404, 371.2299999999999045 ) ) ;
#3067 = CARTESIAN_POINT ( 'NONE',  ( 129.3841854347677156, 13.59473899226049731, 6.619382082089773967 ) ) ;
#3068 = CARTESIAN_POINT ( 'NONE',  ( 191.5440419910551668, 12.29834920384425345, 5.999999999999984013 ) ) ;
#3069 = B_SPLINE_CURVE_WITH_KNOTS ( 'NONE', 3,
 ( #89, #1809, #768, #5353, #733, #4187, #127, #2950, #1921, #1775, #235, #5200, #5316, #3021, #2493, #5278, #5792, #5242, #2910, #2392, #6318, #6951 ),
 .UNSPECIFIED., .F., .F.,
 ( 4, 2, 2, 2, 2, 2, 2, 2, 2, 2, 4 ),
 ( 0.000000000000000000, 0.0002781382911088557024, 0.0005562765822177114048, 0.001112553164435421509, 0.002225106328870843017, 0.003337659493306264092, 0.004450212657741686034, 0.006675318986612363385, 0.008900425315483040736, 0.01335063797322456197, 0.01780085063096608147 ),
 .UNSPECIFIED. ) ;
#3070 = CARTESIAN_POINT ( 'NONE',  ( 116.6045166664986255, 13.78325549289035301, 7.634400703614511841 ) ) ;
#3071 = CARTESIAN_POINT ( 'NONE',  ( 138.1283708178314384, 12.72551418033195780, 20.23110021211156351 ) ) ;
#3072 = LOCAL_TIME ( 8, 56, 26.00000000000000000, #5841 ) ;
#3073 = EDGE_CURVE ( 'NONE', #552, #7, #5236, .T. ) ;
#3074 = CARTESIAN_POINT ( 'NONE',  ( 126.7213820569960347, 13.77612314599876342, 11.85373870058836232 ) ) ;
#3075 = ORIENTED_EDGE ( 'NONE', *, *, #7099, .T. ) ;
#3076 = CARTESIAN_POINT ( 'NONE',  ( 314.6827898991707002, 4.775577843373026710, 249.8200000000000500 ) ) ;
#3077 = CARTESIAN_POINT ( 'NONE',  ( 285.3169857163355800, 3.577653550071253630, 20.94850045105570402 ) ) ;
#3078 = CARTESIAN_POINT ( 'NONE',  ( 274.7838927391077846, 5.659551100893038367, 6.498675611458364365 ) ) ;
#3079 = CARTESIAN_POINT ( 'NONE',  ( 268.6475463424570194, 6.533236481468151169, 233.2927560482320359 ) ) ;
#3080 = CARTESIAN_POINT ( 'NONE',  ( 281.0049840348675616, 3.749342441619924582, 7.083920785497913819 ) ) ;
#3081 = CARTESIAN_POINT ( 'NONE',  ( 116.5139695395110806, 13.00006068462756659, 7.452588719057668953 ) ) ;
#3082 = ORIENTED_EDGE ( 'NONE', *, *, #4490, .T. ) ;
#3083 = CARTESIAN_POINT ( 'NONE',  ( 277.5568485127001281, 4.503024084405407024, 7.518191128953636948 ) ) ;
#3084 = CARTESIAN_POINT ( 'NONE',  ( 222.9949450767595636, 2.960536168394757528, 249.8200000000001637 ) ) ;
#3085 = VERTEX_POINT ( 'NONE', #2483 ) ;
#3086 =( NAMED_UNIT ( * ) PLANE_ANGLE_UNIT ( ) SI_UNIT ( $, .RADIAN. ) );
#3087 = CARTESIAN_POINT ( 'NONE',  ( 247.7876249976733902, 7.073948726495878248, 6.886373965873417546 ) ) ;
#3088 = CARTESIAN_POINT ( 'NONE',  ( 230.4319570499960150, 8.992755520733135555, 6.500051587665744535 ) ) ;
#3089 = CARTESIAN_POINT ( 'NONE',  ( 127.8597256907849982, 12.89727158138530427, 15.20614424242900320 ) ) ;
#3090 = FACE_OUTER_BOUND ( 'NONE', #1859, .T. ) ;
#3091 = CARTESIAN_POINT ( 'NONE',  ( 314.4873201806685188, -0.02150071685477100702, 93.18187449438171654 ) ) ;
#3092 = ORIENTED_EDGE ( 'NONE', *, *, #5870, .F. ) ;
#3093 = CARTESIAN_POINT ( 'NONE',  ( 365.7454693069067275, 4.688385421200238490, 371.7300000000000182 ) ) ;
#3094 = CARTESIAN_POINT ( 'NONE',  ( 167.6941326078189434, 11.78099181279825736, 6.790427184428343921 ) ) ;
#3095 = CARTESIAN_POINT ( 'NONE',  ( 23.54724086478727685, 5.993607974666874227, 6.000000000000006217 ) ) ;
#3096 = CARTESIAN_POINT ( 'NONE',  ( 332.5766904567805113, -2.739819871362719983, 173.2509977865707924 ) ) ;
#3097 = FACE_OUTER_BOUND ( 'NONE', #4181, .T. ) ;
#3098 = CARTESIAN_POINT ( 'NONE',  ( 160.0981418803881979, 13.95866606956203171, 6.500000019107369020 ) ) ;
#3099 = CARTESIAN_POINT ( 'NONE',  ( 127.6359720069831525, 13.10123298865978292, 7.477050531390994514 ) ) ;
#3100 = CARTESIAN_POINT ( 'NONE',  ( 120.8668938415978715, 15.24421482454791210, 6.000000000000000000 ) ) ;
#3101 = CARTESIAN_POINT ( 'NONE',  ( 159.9822535434680049, 13.96459019058991124, 6.488573916415145248 ) ) ;
#3102 = CARTESIAN_POINT ( 'NONE',  ( 285.5527605549596046, 4.005147842436318051, 23.24999999999971934 ) ) ;
#3103 = CARTESIAN_POINT ( 'NONE',  ( 262.9922045477029542, 8.114228863361443445, 5.999999999999991118 ) ) ;
#3104 =( BOUNDED_SURFACE ( )  B_SPLINE_SURFACE ( 3, 2, ( 
 ( #4908, #6024, #2002 ),
 ( #368, #1482, #7186 ),
 ( #3780, #5919, #892 ),
 ( #6061, #5516, #407 ) ),
 .UNSPECIFIED., .F., .F., .T. ) 
 B_SPLINE_SURFACE_WITH_KNOTS ( ( 4, 4 ),
 ( 3, 3 ),
 ( 0.000000000000000000, 0.03636420431068147774 ),
 ( 0.000000000000000000, 1.000000000000000000 ),
 .UNSPECIFIED. ) 
 GEOMETRIC_REPRESENTATION_ITEM ( )  RATIONAL_B_SPLINE_SURFACE ( (
 ( 1.000000000000000000, 0.7036939714702012960, 1.000000000000000000),
 ( 1.000000000000000000, 0.7035711258003563007, 1.000000000000000000),
 ( 1.000000000000000000, 0.7034472802827325122, 1.000000000000000000),
 ( 1.000000000000000000, 0.7033223954788491161, 1.000000000000000000) ) ) 
 REPRESENTATION_ITEM ( '' )  SURFACE ( )  );
#3105 = CARTESIAN_POINT ( 'NONE',  ( 326.8683734616686252, 4.737356819310355682, 340.1968094787466157 ) ) ;
#3106 = ORIENTED_EDGE ( 'NONE', *, *, #3666, .T. ) ;
#3107 = CARTESIAN_POINT ( 'NONE',  ( 375.6841801263830121, 2.087235390151519265, 371.7300000000001887 ) ) ;
#3108 = B_SPLINE_CURVE_WITH_KNOTS ( 'NONE', 3,
 ( #2458, #3576, #6950, #1919, #124, #7024, #86, #2353, #4184, #1845 ),
 .UNSPECIFIED., .F., .F.,
 ( 4, 2, 2, 2, 4 ),
 ( 0.0001753739572303642717, 0.01537151776380499268, 0.03056766157037962145, 0.06095994918352877490, 0.1217445244098270540 ),
 .UNSPECIFIED. ) ;
#3109 = ADVANCED_FACE ( 'NONE', ( #121 ), #762, .T. ) ;
#3110 = CARTESIAN_POINT ( 'NONE',  ( 270.4304795249332756, 6.063268774029427099, 6.524709373495758413 ) ) ;
#3111 = FACE_OUTER_BOUND ( 'NONE', #7053, .T. ) ;
#3112 = CARTESIAN_POINT ( 'NONE',  ( 275.1766255453232475, 5.231086949418449095, 6.626620936515079663 ) ) ;
#3113 = DIRECTION ( 'NONE',  ( -2.856580399953362705E-13, -0.9999999352646699036, 0.0003598203108568317652 ) ) ;
#3114 = CARTESIAN_POINT ( 'NONE',  ( 282.1141530867662937, 3.706579211782324634, 6.588003563959047959 ) ) ;
#3115 = CARTESIAN_POINT ( 'NONE',  ( 326.5655077195742138, 2.623309434604519819, 339.7177839236103409 ) ) ;
#3116 = ORIENTED_EDGE ( 'NONE', *, *, #2258, .F. ) ;
#3117 = CARTESIAN_POINT ( 'NONE',  ( 280.4944350428988287, 3.935230573214750560, 7.620585016103273546 ) ) ;
#3118 = CARTESIAN_POINT ( 'NONE',  ( 18.31857487326283263, 0.6026547508517153817, 6.000000000000000000 ) ) ;
#3119 = ORIENTED_EDGE ( 'NONE', *, *, #1051, .T. ) ;
#3120 = DIRECTION ( 'NONE',  ( -1.000000000000000000, 0.000000000000000000, -0.000000000000000000 ) ) ;
#3121 = CARTESIAN_POINT ( 'NONE',  ( 251.2659821498889983, 6.738131893190926647, 7.120393512822988491 ) ) ;
#3122 = CARTESIAN_POINT ( 'NONE',  ( 128.0956645215542551, 12.92014849026494971, 14.42715654006347314 ) ) ;
#3123 = CARTESIAN_POINT ( 'NONE',  ( 327.9384445269627690, 3.640787618860261698, 330.9303344303509675 ) ) ;
#3124 = CARTESIAN_POINT ( 'NONE',  ( 0.05147156326576122348, 3.810575536414913422, 6.499999999999992006 ) ) ;
#3125 = B_SPLINE_CURVE_WITH_KNOTS ( 'NONE', 3,
 ( #3632, #969, #4206, #1416, #6488 ),
 .UNSPECIFIED., .F., .F.,
 ( 4, 1, 4 ),
 ( 0.7386028693188445571, 0.7419604786894080650, 0.7440533081331002219 ),
 .UNSPECIFIED. ) ;
#3126 = CARTESIAN_POINT ( 'NONE',  ( 116.5139695395110806, 13.00006068462756659, 7.452588719057668953 ) ) ;
#3127 = ORIENTED_EDGE ( 'NONE', *, *, #1906, .F. ) ;
#3128 = CARTESIAN_POINT ( 'NONE',  ( 333.5996969457539763, 3.867066258808643298, 341.6372491928387944 ) ) ;
#3129 = CARTESIAN_POINT ( 'NONE',  ( 347.5653007323824113, 3.405188390674996679, 339.1171209669093969 ) ) ;
#3130 = EDGE_CURVE ( 'NONE', #265, #4647, #5888, .T. ) ;
#3131 = CARTESIAN_POINT ( 'NONE',  ( 153.7451456654422088, 12.33016193653804216, 6.996458598655887151 ) ) ;
#3132 = CARTESIAN_POINT ( 'NONE',  ( 130.3756743190510576, 14.07326670676723701, 6.499999999999992006 ) ) ;
#3133 = CARTESIAN_POINT ( 'NONE',  ( 273.8765003790263677, 5.174817915684330139, 233.8199999999999932 ) ) ;
#3134 = CARTESIAN_POINT ( 'NONE',  ( 281.0150708756630706, 5.802927785498652291, 6.000000000000000000 ) ) ;
#3135 = CARTESIAN_POINT ( 'NONE',  ( 387.2454693069067844, 3.365671187338276749, 371.7300000000000182 ) ) ;
#3136 = EDGE_CURVE ( 'NONE', #1904, #1093, #6608, .T. ) ;
#3137 = CARTESIAN_POINT ( 'NONE',  ( 163.6873663396845586, 13.77710431980154837, 6.500000019107369020 ) ) ;
#3138 = CARTESIAN_POINT ( 'NONE',  ( 129.3795720185389939, 13.08630735356229735, 7.478014773093731193 ) ) ;
#3139 = CARTESIAN_POINT ( 'NONE',  ( 245.3361307275944228, 7.727240998376393222, 249.8200000000001637 ) ) ;
#3140 = CARTESIAN_POINT ( 'NONE',  ( 139.5512225527252781, 13.66794928869693315, 21.54922564750584257 ) ) ;
#3141 = AXIS2_PLACEMENT_3D ( 'NONE', #3135, #2680, #956 ) ;
#3142 = CARTESIAN_POINT ( 'NONE',  ( 144.9097209595611844, 11.06262197764573507, 22.49369812824840409 ) ) ;
#3143 = ORIENTED_EDGE ( 'NONE', *, *, #5561, .T. ) ;
#3144 = CARTESIAN_POINT ( 'NONE',  ( 328.4416814682688255, 3.963459619271602730, 249.8200000000000500 ) ) ;
#3145 = CARTESIAN_POINT ( 'NONE',  ( 275.6127993308845703, 5.184698182687549561, 6.626389297359401631 ) ) ;
#3146 = CARTESIAN_POINT ( 'NONE',  ( 365.7454693069067844, 2.796434749776956608, 371.7300000000000182 ) ) ;
#3147 = PLANE ( 'NONE',  #6842 ) ;
#3148 = CARTESIAN_POINT ( 'NONE',  ( 281.2863084435009000, 3.543467560706199393, 7.222907786343976788 ) ) ;
#3149 = CARTESIAN_POINT ( 'NONE',  ( 163.8759731128713213, 12.67908881549804967, 6.500000024331243687 ) ) ;
#3150 = VERTEX_POINT ( 'NONE', #6427 ) ;
#3151 = CARTESIAN_POINT ( 'NONE',  ( 246.7858829905425182, 6.940011904131713649, 7.509810375119601034 ) ) ;
#3152 = CARTESIAN_POINT ( 'NONE',  ( 215.3218445782696620, 0.7559253762179525271, 249.8200000000000216 ) ) ;
#3153 = EDGE_LOOP ( 'NONE', ( #6354, #2743, #3324, #7298 ) ) ;
#3154 = CARTESIAN_POINT ( 'NONE',  ( 389.2467467667949563, 3.253496806304975841, 371.7300000000000182 ) ) ;
#3155 = CARTESIAN_POINT ( 'NONE',  ( 256.4957429136326823, 6.367405338872364595, 7.372113443141206091 ) ) ;
#3156 = CARTESIAN_POINT ( 'NONE',  ( 345.4172790603145700, 2.134689902669382633, 339.6542745926224711 ) ) ;
#3157 = CARTESIAN_POINT ( 'NONE',  ( 391.2454690664968666, 1.203566910909072307, 371.2299998310068077 ) ) ;
#3158 = CARTESIAN_POINT ( 'NONE',  ( 297.3514093690535560, -0.02529194106261611549, 44.06532551099165573 ) ) ;
#3159 = ADVANCED_FACE ( 'NONE', ( #3537 ), #4619, .F. ) ;
#3160 = CIRCLE ( 'NONE', #4130, 2.000000000000013323 ) ;
#3161 = CARTESIAN_POINT ( 'NONE',  ( 400.8886436442958257, 0.2231086536937421927, 371.7300000000004161 ) ) ;
#3162 = ORIENTED_EDGE ( 'NONE', *, *, #2992, .F. ) ;
#3163 = CARTESIAN_POINT ( 'NONE',  ( 345.8864441281875202, 3.475492045865627322, 339.9155088638691495 ) ) ;
#3164 = CARTESIAN_POINT ( 'NONE',  ( 192.0624909023933924, 10.18663583710458020, 7.505401620579249311 ) ) ;
#3165 = CARTESIAN_POINT ( 'NONE',  ( 163.8759731210269308, 13.76764379249233450, 6.499999999999992006 ) ) ;
#3166 = AXIS2_PLACEMENT_3D ( 'NONE', #5560, #7091, #2599 ) ;
#3167 = CARTESIAN_POINT ( 'NONE',  ( 163.8999734715464740, 12.67787936281675520, 6.500000024331238357 ) ) ;
#3168 = ORIENTED_EDGE ( 'NONE', *, *, #91, .F. ) ;
#3169 = EDGE_CURVE ( 'NONE', #1224, #1216, #4631, .T. ) ;
#3170 = AXIS2_PLACEMENT_3D ( 'NONE', #6892, #779, #4167 ) ;
#3171 = CARTESIAN_POINT ( 'NONE',  ( 394.1297661110590411, 2.875393016361758924, 371.2299999999999613 ) ) ;
#3172 = CARTESIAN_POINT ( 'NONE',  ( 116.6392932987830875, 13.83546442860873071, 6.514198590365626984 ) ) ;
#3173 = CARTESIAN_POINT ( 'NONE',  ( 132.8627621341291274, 13.04303102239932066, 7.482007004017072305 ) ) ;
#3174 = CARTESIAN_POINT ( 'NONE',  ( 345.1935683498599019, 5.209022865482068276, 371.7300000000000750 ) ) ;
#3175 = CARTESIAN_POINT ( 'NONE',  ( 260.3215610516833749, 7.178727344713196068, 6.261644617337955410 ) ) ;
#3176 = CARTESIAN_POINT ( 'NONE',  ( 141.5154430180682539, 11.44496534842349078, 22.03842676194121353 ) ) ;
#3177 = CARTESIAN_POINT ( 'NONE',  ( 332.5766904567805113, -2.739460051051863410, 174.2509977218354891 ) ) ;
#3178 = VERTEX_POINT ( 'NONE', #6495 ) ;
#3179 = CARTESIAN_POINT ( 'NONE',  ( 374.3017808299347280, 2.167589187517885208, 371.7300000000000750 ) ) ;
#3180 = CARTESIAN_POINT ( 'NONE',  ( 263.7557273040711152, 7.181221719098332734, 206.1002683832248579 ) ) ;
#3181 = CARTESIAN_POINT ( 'NONE',  ( 276.4382376101622185, 4.601373746079800320, 7.387155472707610748 ) ) ;
#3182 = CARTESIAN_POINT ( 'NONE',  ( 346.4479183990937372, 0.5879444291471224160, 223.1568873050586603 ) ) ;
#3183 = CARTESIAN_POINT ( 'NONE',  ( 281.6948875457510439, 4.262923884561147680, 6.498457526154274078 ) ) ;
#3184 = ORIENTED_EDGE ( 'NONE', *, *, #6547, .T. ) ;
#3185 = CARTESIAN_POINT ( 'NONE',  ( 276.2759870987459294, 4.619906576570792289, 7.521170195060102870 ) ) ;
#3186 = DIRECTION ( 'NONE',  ( -5.284285345504611064E-13, 1.000000000000000000, -0.000000000000000000 ) ) ;
#3187 = VERTEX_POINT ( 'NONE', #900 ) ;
#3188 =( NAMED_UNIT ( * ) SI_UNIT ( $, .STERADIAN. ) SOLID_ANGLE_UNIT ( ) );
#3189 = CARTESIAN_POINT ( 'NONE',  ( 254.7499048550092482, 6.457592671747709012, 7.505596429923989454 ) ) ;
#3190 = CARTESIAN_POINT ( 'NONE',  ( 336.2649134899987189, 3.950319619947852523, 371.7300000000000182 ) ) ;
#3191 = CARTESIAN_POINT ( 'NONE',  ( 117.3421461387316072, 13.75162118947512369, 8.801067375710781349 ) ) ;
#3192 = CARTESIAN_POINT ( 'NONE',  ( 340.1911867044958058, -0.01581388519385305488, 166.8566978625677280 ) ) ;
#3193 = ORIENTED_EDGE ( 'NONE', *, *, #3683, .T. ) ;
#3194 = CARTESIAN_POINT ( 'NONE',  ( 330.6931183602279702, 3.912477948063148858, 341.6412836193039766 ) ) ;
#3195 = ORIENTED_EDGE ( 'NONE', *, *, #2811, .F. ) ;
#3196 = CARTESIAN_POINT ( 'NONE',  ( 259.8759733739236140, 7.201464201280995958, 6.500000192793273790 ) ) ;
#3197 = DIRECTION ( 'NONE',  ( -0.5344007036145510536, 0.000000000000000000, -0.8452312630140184080 ) ) ;
#3198 = B_SPLINE_CURVE_WITH_KNOTS ( 'NONE', 3,
 ( #3236, #3689, #6581, #4930, #316, #1469, #2054, #4970, #4370, #3132 ),
 .UNSPECIFIED., .F., .F.,
 ( 4, 2, 2, 2, 4 ),
 ( 0.1219282238200686125, 0.1293062591112233428, 0.1366842944023780593, 0.1440623296935327757, 0.1514403649846874922 ),
 .UNSPECIFIED. ) ;
#3199 = CARTESIAN_POINT ( 'NONE',  ( 178.1685544396700891, 11.68597679432439307, 6.523894558502367325 ) ) ;
#3200 = CARTESIAN_POINT ( 'NONE',  ( 400.3786768637682485, 0.1314171806115471963, 371.2300000000000182 ) ) ;
#3201 = EDGE_CURVE ( 'NONE', #3586, #2767, #3677, .T. ) ;
#3202 = CARTESIAN_POINT ( 'NONE',  ( 332.5766904567805113, -2.739293286821867124, 174.7144629964973888 ) ) ;
#3203 = ORIENTED_EDGE ( 'NONE', *, *, #412, .T. ) ;
#3204 = CARTESIAN_POINT ( 'NONE',  ( 289.9216473163275509, -2.782998308653354957, 53.25100555481047593 ) ) ;
#3205 = CARTESIAN_POINT ( 'NONE',  ( 136.2845832995063233, 13.60806455826678985, 16.57533439761028049 ) ) ;
#3206 = CARTESIAN_POINT ( 'NONE',  ( 230.3797878795939198, 8.109449805630340791, 6.997567868952173420 ) ) ;
#3207 = CARTESIAN_POINT ( 'NONE',  ( 138.1073854436152999, 13.80237736735380771, 6.498734783100450940 ) ) ;
#3208 = CARTESIAN_POINT ( 'NONE',  ( 322.5081155341413250, 4.008013413932663305, 371.7299999999999045 ) ) ;
#3209 = CARTESIAN_POINT ( 'NONE',  ( 286.7759315727324179, 0.1732060023020238482, 20.62732040688227997 ) ) ;
#3210 = CARTESIAN_POINT ( 'NONE',  ( 398.3647113010080716, 0.4888861565681907329, 371.1733478614485193 ) ) ;
#3211 = CARTESIAN_POINT ( 'NONE',  ( 362.2454693069065002, 4.830199118483387899, 371.2300000000000750 ) ) ;
#3212 = B_SPLINE_CURVE_WITH_KNOTS ( 'NONE', 3,
 ( #1208, #7020, #3572, #1842 ),
 .UNSPECIFIED., .F., .F.,
 ( 4, 4 ),
 ( 0.000000000000000000, 6.009448290341801570E-05 ),
 .UNSPECIFIED. ) ;
#3213 = CYLINDRICAL_SURFACE ( 'NONE', #7107, 0.5000000000000004441 ) ;
#3214 = EDGE_LOOP ( 'NONE', ( #2157, #2393, #1329, #7355, #1100, #3993, #4749, #5334, #5111, #1388, #6628, #4294, #875, #6689, #560, #60, #3552, #1091, #7048, #587, #3015, #6651, #1128, #4311 ) ) ;
#3215 = CARTESIAN_POINT ( 'NONE',  ( 320.1653387392790364, 2.708236336971157510, 127.9100000000000250 ) ) ;
#3216 = CARTESIAN_POINT ( 'NONE',  ( 391.8309020277810646, 0.9574690187799957952, 371.0327986956813220 ) ) ;
#3217 = CARTESIAN_POINT ( 'NONE',  ( 115.4524851606181102, 13.18364506349563037, 6.859350616002223511 ) ) ;
#3218 = CARTESIAN_POINT ( 'NONE',  ( 285.4887105389544786, 3.883732703267521735, 23.24999999999998934 ) ) ;
#3219 = CARTESIAN_POINT ( 'NONE',  ( 276.4405604820744315, 4.625581950685976551, 7.253212947518093756 ) ) ;
#3220 = DIRECTION ( 'NONE',  ( 0.000000000000000000, -0.0003598203108568594666, -0.9999999352646697925 ) ) ;
#3221 = CARTESIAN_POINT ( 'NONE',  ( 318.9286735133525781, 5.141976310788852977, 127.9099999999999966 ) ) ;
#3222 = CARTESIAN_POINT ( 'NONE',  ( 281.4931456816034938, 3.907681878428440836, 6.647274089153166088 ) ) ;
#3223 = CARTESIAN_POINT ( 'NONE',  ( 285.2238933144984117, 3.616277365076481232, 20.87067420769346171 ) ) ;
#3224 = CARTESIAN_POINT ( 'NONE',  ( 312.9725843354551671, 0.2294760605485867133, 371.7299999999999613 ) ) ;
#3225 = CARTESIAN_POINT ( 'NONE',  ( 256.4970736007272194, 6.393326287110730810, 7.239961809570988116 ) ) ;
#3226 = CARTESIAN_POINT ( 'NONE',  ( 126.2589591499734780, 12.99548451722669817, 11.67973140548247279 ) ) ;
#3227 = CARTESIAN_POINT ( 'NONE',  ( 255.8740231851486158, 7.400667622528823486, 6.500000000000004441 ) ) ;
#3228 = CARTESIAN_POINT ( 'NONE',  ( 281.1203687737059340, 4.422455571379176220, 6.528411755267870653 ) ) ;
#3229 = CARTESIAN_POINT ( 'NONE',  ( 343.6183689327901902, -0.01505564135363241136, 176.6800076362295897 ) ) ;
#3230 = ORIENTED_EDGE ( 'NONE', *, *, #7238, .F. ) ;
#3231 = CARTESIAN_POINT ( 'NONE',  ( 400.6582260040095207, 0.2432207462968848377, 371.7300000000000182 ) ) ;
#3232 = ORIENTED_EDGE ( 'NONE', *, *, #5999, .F. ) ;
#3233 = CARTESIAN_POINT ( 'NONE',  ( 345.4397945674861035, 2.129081439312375590, 339.6392778733246018 ) ) ;
#3234 = CARTESIAN_POINT ( 'NONE',  ( 285.2357229715550488, 3.623663238922508967, 20.95113839780756138 ) ) ;
#3235 = CARTESIAN_POINT ( 'NONE',  ( 171.1639216784294888, 11.33437539532790694, 7.239473840814905969 ) ) ;
#3236 = CARTESIAN_POINT ( 'NONE',  ( 159.8759731210261918, 12.88220348682631489, 6.499999999999980460 ) ) ;
#3237 = CARTESIAN_POINT ( 'NONE',  ( 270.3730118155561399, 5.611130014140456979, 6.800189482378154793 ) ) ;
#3238 = B_SPLINE_CURVE_WITH_KNOTS ( 'NONE', 3,
 ( #2617, #1347, #781, #5401, #6553, #3142 ),
 .UNSPECIFIED., .F., .F.,
 ( 4, 2, 4 ),
 ( 0.001440374179513261152, 0.01090248837111072906, 0.02036460256270819502 ),
 .UNSPECIFIED. ) ;
#3239 = CARTESIAN_POINT ( 'NONE',  ( 282.0758293468542206, 3.931040995274447170, 6.499999999999976019 ) ) ;
#3240 = ORIENTED_EDGE ( 'NONE', *, *, #4772, .F. ) ;
#3241 = CARTESIAN_POINT ( 'NONE',  ( 256.9982568058744619, 6.335425433798710593, 233.4866666666666504 ) ) ;
#3242 = DIRECTION ( 'NONE',  ( 1.000000000000000000, -2.856580655684478978E-13, -1.967910723706867026E-17 ) ) ;
#3243 = CARTESIAN_POINT ( 'NONE',  ( 138.0812683653277873, 12.92494148700255074, 7.359426487072014744 ) ) ;
#3244 = CARTESIAN_POINT ( 'NONE',  ( 247.7301674275331038, 7.855985484552530984, 249.8200000000001069 ) ) ;
#3245 = CARTESIAN_POINT ( 'NONE',  ( 387.2454693069079212, 3.402561396851512487, 371.2299999999997340 ) ) ;
#3246 = B_SPLINE_CURVE_WITH_KNOTS ( 'NONE', 3,
 ( #4106, #8, #2272, #1724, #1521, #3858, #7152, #2204 ),
 .UNSPECIFIED., .F., .F.,
 ( 4, 2, 2, 4 ),
 ( 0.000000000000000000, 0.0002025893746263686174, 0.0003038840619395529125, 0.0004051787492527372347 ),
 .UNSPECIFIED. ) ;
#3247 = CARTESIAN_POINT ( 'NONE',  ( 138.0626408480398197, 12.62569299567429759, 23.14748490601950692 ) ) ;
#3248 = CARTESIAN_POINT ( 'NONE',  ( 270.4785427239453952, 7.384499660299960411, 6.500000000000010658 ) ) ;
#3249 = EDGE_CURVE ( 'NONE', #4759, #531, #2496, .T. ) ;
#3250 = EDGE_CURVE ( 'NONE', #2074, #5628, #1752, .T. ) ;
#3251 = ORIENTED_EDGE ( 'NONE', *, *, #1190, .T. ) ;
#3252 = CARTESIAN_POINT ( 'NONE',  ( 253.7564018061802642, 6.505813659036377317, 6.000000000000003553 ) ) ;
#3253 = CARTESIAN_POINT ( 'NONE',  ( 376.5949691617341273, 2.191310903157052792, 371.2305488332848995 ) ) ;
#3254 = CARTESIAN_POINT ( 'NONE',  ( 327.3298407715543021, 4.747268996114450523, 340.4848269599776813 ) ) ;
#3255 = CARTESIAN_POINT ( 'NONE',  ( 230.3760333039259081, 8.716207301876730540, 153.2894388877211895 ) ) ;
#3256 = CARTESIAN_POINT ( 'NONE',  ( 276.4750656189964957, 4.985282279192670529, 6.701698760783543207 ) ) ;
#3257 = CARTESIAN_POINT ( 'NONE',  ( 340.3811953480753800, 0.07214397698057463393, 206.5000000000000284 ) ) ;
#3258 = AXIS2_PLACEMENT_3D ( 'NONE', #4567, #3439, #2884 ) ;
#3259 = CARTESIAN_POINT ( 'NONE',  ( 281.7435553749173778, 3.917082310299331738, 6.587987620873878569 ) ) ;
#3260 = CARTESIAN_POINT ( 'NONE',  ( 207.8864111655061322, 7.577034149082772174, 152.0097925319869603 ) ) ;
#3261 = ADVANCED_FACE ( 'NONE', ( #2555 ), #2877, .F. ) ;
#3262 = CARTESIAN_POINT ( 'NONE',  ( 335.5476630076061610, 2.994086661576202069, 371.7300000000000182 ) ) ;
#3263 = CARTESIAN_POINT ( 'NONE',  ( 394.3446459224978184, 2.866112017587189253, 371.7300000000000750 ) ) ;
#3264 = CARTESIAN_POINT ( 'NONE',  ( 259.9881965809040025, 6.275372891867520231, 7.116920935933921832 ) ) ;
#3265 = ORIENTED_EDGE ( 'NONE', *, *, #4893, .T. ) ;
#3266 = CARTESIAN_POINT ( 'NONE',  ( 282.5995704685666396, 4.305226467307480043, 21.20820156919340604 ) ) ;
#3267 = LINE ( 'NONE', #3719, #3051 ) ;
#3268 = CARTESIAN_POINT ( 'NONE',  ( 362.2454694167990397, 2.939577776521030916, 371.2300000000000182 ) ) ;
#3269 = ADVANCED_FACE ( 'NONE', ( #5252 ), #1306, .T. ) ;
#3270 = CARTESIAN_POINT ( 'NONE',  ( 332.5766904567813071, 0.05946397947373620319, 171.2601975051673264 ) ) ;
#3271 = ORIENTED_EDGE ( 'NONE', *, *, #3384, .T. ) ;
#3272 = CARTESIAN_POINT ( 'NONE',  ( 332.7680523794562646, 3.880225116926395046, 338.9470400664411045 ) ) ;
#3273 = ORIENTED_EDGE ( 'NONE', *, *, #4500, .F. ) ;
#3274 = CARTESIAN_POINT ( 'NONE',  ( 192.0734792066571401, 10.38719539582743145, 6.884472113550550887 ) ) ;
#3275 = CARTESIAN_POINT ( 'NONE',  ( 136.4928060748343910, 13.80642100190493160, 16.53281709725804305 ) ) ;
#3276 = CARTESIAN_POINT ( 'NONE',  ( 161.3759494247894963, 12.80526685877400617, 6.500000024331238357 ) ) ;
#3277 = CIRCLE ( 'NONE', #1034, 0.2000000000000000111 ) ;
#3278 = CARTESIAN_POINT ( 'NONE',  ( 191.1330429881317059, 9.180720736824630634, 128.2433333333334815 ) ) ;
#3279 = CARTESIAN_POINT ( 'NONE',  ( 119.6626363359131204, 13.69201301492469192, 11.60000000000060005 ) ) ;
#3280 = CARTESIAN_POINT ( 'NONE',  ( 138.0998717115479906, 13.54989069619257336, 6.572359052406407720 ) ) ;
#3281 = CARTESIAN_POINT ( 'NONE',  ( 339.6757308601429486, 5.186071848132386641, 371.7300000000000750 ) ) ;
#3282 = VECTOR ( 'NONE', #7129, 1000.000000000000114 ) ;
#3283 = CARTESIAN_POINT ( 'NONE',  ( 390.7454693069067844, 3.139481527006156458, 371.7300000000000182 ) ) ;
#3284 = CARTESIAN_POINT ( 'NONE',  ( 131.0671942534598315, 12.62956653468947543, 23.14083830281267495 ) ) ;
#3285 = CARTESIAN_POINT ( 'NONE',  ( 283.5054815729806705, 0.4937830837260387407, 6.499999999999960920 ) ) ;
#3286 = VECTOR ( 'NONE', #2956, 1000.000000000000000 ) ;
#3287 = DIRECTION ( 'NONE',  ( 0.000000000000000000, 0.000000000000000000, 1.000000000000000000 ) ) ;
#3288 = VERTEX_POINT ( 'NONE', #3474 ) ;
#3289 = CARTESIAN_POINT ( 'NONE',  ( 346.7795513112671983, 2.754247957547721004, 249.8200000000000784 ) ) ;
#3290 = CARTESIAN_POINT ( 'NONE',  ( 380.9536659996567778, 1.908995382458946954, 371.2305472047498256 ) ) ;
#3291 = CARTESIAN_POINT ( 'NONE',  ( 333.8061940521448037, 4.681303352600790113, 339.4817892987220489 ) ) ;
#3292 = B_SPLINE_CURVE_WITH_KNOTS ( 'NONE', 3,
 ( #3149, #4317, #2590, #4874 ),
 .UNSPECIFIED., .F., .F.,
 ( 4, 4 ),
 ( 0.000000000000000000, 1.000000000000000000 ),
 .UNSPECIFIED. ) ;
#3293 = CYLINDRICAL_SURFACE ( 'NONE', #5084, 0.5000000000000004441 ) ;
#3294 = CARTESIAN_POINT ( 'NONE',  ( 277.8149365555393615, 5.226006004051071407, 6.524342005702197689 ) ) ;
#3295 = CARTESIAN_POINT ( 'NONE',  ( 352.5260923000765274, 0.08414226310738293080, 239.8452142383649743 ) ) ;
#3296 = ADVANCED_FACE ( 'NONE', ( #2961, #2365 ), #4611, .T. ) ;
#3297 = CARTESIAN_POINT ( 'NONE',  ( 281.1109718091076957, 4.124772052406243894, 6.647246739805230398 ) ) ;
#3298 = CARTESIAN_POINT ( 'NONE',  ( 141.6998199412744839, 11.46553029471859375, 22.03288128898587317 ) ) ;
#3299 = CARTESIAN_POINT ( 'NONE',  ( 136.1610296508917202, 6.324633271922662558, 127.9099999999999682 ) ) ;
#3300 = CARTESIAN_POINT ( 'NONE',  ( 305.9923388402135060, 6.325249072153845908, 127.9100000000000250 ) ) ;
#3301 = CARTESIAN_POINT ( 'NONE',  ( 256.4996613865405948, 6.443734728281818036, 7.117890431373919746 ) ) ;
#3302 = CARTESIAN_POINT ( 'NONE',  ( 281.4477899360106790, 4.447583994692385190, 23.25000000000497025 ) ) ;
#3303 = DIRECTION ( 'NONE',  ( 0.000000000000000000, -1.000000000000000000, 0.000000000000000000 ) ) ;
#3304 = CARTESIAN_POINT ( 'NONE',  ( 287.6384132941038843, 0.006206900762668231958, 23.24999999999999289 ) ) ;
#3305 = B_SPLINE_CURVE_WITH_KNOTS ( 'NONE', 3,
 ( #2101, #1069, #2755, #3321, #1141, #3392 ),
 .UNSPECIFIED., .F., .F.,
 ( 4, 2, 4 ),
 ( 0.000000000000000000, 0.0003909514716599065028, 0.0007819029433198130055 ),
 .UNSPECIFIED. ) ;
#3306 = ORIENTED_EDGE ( 'NONE', *, *, #458, .T. ) ;
#3307 = CARTESIAN_POINT ( 'NONE',  ( 361.9440018628520761, 0.08773139385238749866, 249.8200000000000500 ) ) ;
#3308 = VERTEX_POINT ( 'NONE', #4083 ) ;
#3309 = CARTESIAN_POINT ( 'NONE',  ( 295.8791090030516671, 2.664053194047647732, 84.31439323085061233 ) ) ;
#3310 = CARTESIAN_POINT ( 'NONE',  ( 174.6455855990409134, 11.12672172209562049, 7.372100191258933677 ) ) ;
#3311 = CARTESIAN_POINT ( 'NONE',  ( 347.4613054381296138, 3.409064182537813625, 340.0210251354570232 ) ) ;
#3312 = CARTESIAN_POINT ( 'NONE',  ( 161.3759494247894963, 12.80526685877400617, 5.999999999999988454 ) ) ;
#3313 = ORIENTED_EDGE ( 'NONE', *, *, #5506, .F. ) ;
#3314 = CARTESIAN_POINT ( 'NONE',  ( 123.0915580790617696, 12.72580242286111840, 17.71880257683515936 ) ) ;
#3315 = CARTESIAN_POINT ( 'NONE',  ( 130.3759731210350310, 14.08336458989512252, 6.500000000013977264 ) ) ;
#3316 = CARTESIAN_POINT ( 'NONE',  ( 233.8616974470947696, 7.903678439914648912, 6.997777617276175199 ) ) ;
#3317 = CARTESIAN_POINT ( 'NONE',  ( 136.3575806890794979, 13.59449434413221702, 6.572114016882494525 ) ) ;
#3318 = CARTESIAN_POINT ( 'NONE',  ( 313.8691471889757736, 2.565255020889638082, 371.7299999999999613 ) ) ;
#3319 = CARTESIAN_POINT ( 'NONE',  ( 347.7368336728943063, 0.07214397697847343971, 206.5000000000000284 ) ) ;
#3320 = CARTESIAN_POINT ( 'NONE',  ( 212.0761840096402011, 8.330880510453201993, 127.8678932818050953 ) ) ;
#3321 = CARTESIAN_POINT ( 'NONE',  ( 263.6146956432728530, 6.990188802359898368, 6.445798011659990223 ) ) ;
#3322 = CARTESIAN_POINT ( 'NONE',  ( 333.1012913573684955, 4.420187790349342727, 339.5043349144846729 ) ) ;
#3323 = CARTESIAN_POINT ( 'NONE',  ( 116.6392932987830875, 13.83546442860873071, 6.514198590365626984 ) ) ;
#3324 = ORIENTED_EDGE ( 'NONE', *, *, #6508, .F. ) ;
#3325 = CARTESIAN_POINT ( 'NONE',  ( 398.4733998276706757, 0.4307767327733161844, 371.7300000000000182 ) ) ;
#3326 = CARTESIAN_POINT ( 'NONE',  ( 376.5894774036835315, 2.101713016812064794, 371.1727752537287301 ) ) ;
#3327 = CARTESIAN_POINT ( 'NONE',  ( 326.0370221844967205, 4.749344203902176709, 340.4862210135666487 ) ) ;
#3328 = CARTESIAN_POINT ( 'NONE',  ( 283.0146873632695019, 2.242819212998730105, 23.25000000000007105 ) ) ;
#3329 = CARTESIAN_POINT ( 'NONE',  ( 277.3141270964006821, 4.524777792970753332, 7.518537784250828082 ) ) ;
#3330 = CARTESIAN_POINT ( 'NONE',  ( 367.6470140434528844, -2.656978875884503655, 249.8200000000000216 ) ) ;
#3331 = CARTESIAN_POINT ( 'NONE',  ( 280.9939912420329051, 3.945755257746641487, 6.844715943507525324 ) ) ;
#3332 = CARTESIAN_POINT ( 'NONE',  ( 140.2955713161258018, 10.47574442863154509, 45.10519725795790436 ) ) ;
#3333 = ORIENTED_EDGE ( 'NONE', *, *, #276, .F. ) ;
#3334 = CARTESIAN_POINT ( 'NONE',  ( 248.0797863591132000, 5.833245628680312933, 249.8200000000000784 ) ) ;
#3335 = EDGE_CURVE ( 'NONE', #3955, #4983, #3397, .T. ) ;
#3336 = CARTESIAN_POINT ( 'NONE',  ( 357.6751093951468761, 4.012988781568682661, 249.8200000000000216 ) ) ;
#3337 = CARTESIAN_POINT ( 'NONE',  ( 269.5209680339031024, 5.810382508744777574, 6.703792391320989807 ) ) ;
#3338 = CARTESIAN_POINT ( 'NONE',  ( 275.5261631672437375, 5.155743876730467079, 23.24999999999394262 ) ) ;
#3339 = CARTESIAN_POINT ( 'NONE',  ( 289.9216473163282330, -0.1829984769652129861, 53.25007002200223383 ) ) ;
#3340 = B_SPLINE_CURVE_WITH_KNOTS ( 'NONE', 3,
 ( #3064, #5209, #4160, #1926, #6440 ),
 .UNSPECIFIED., .F., .F.,
 ( 4, 1, 4 ),
 ( 0.001815955935514841765, 0.001964342979235624443, 0.003339548018595880820 ),
 .UNSPECIFIED. ) ;
#3341 = CARTESIAN_POINT ( 'NONE',  ( 307.6712200870346123, 0.02818592615862453715, 84.33333333333311543 ) ) ;
#3342 = EDGE_LOOP ( 'NONE', ( #6952, #4694, #5158, #6876 ) ) ;
#3343 = CARTESIAN_POINT ( 'NONE',  ( 331.5453255462820721, 3.460795287531763798, 338.1022529910609364 ) ) ;
#3344 = VERTEX_POINT ( 'NONE', #6887 ) ;
#3345 = LINE ( 'NONE', #5005, #301 ) ;
#3346 = CARTESIAN_POINT ( 'NONE',  ( 209.4770548091858871, 9.210129732420048398, 7.506617638779368384 ) ) ;
#3347 = CARTESIAN_POINT ( 'NONE',  ( 347.4087554204250523, 3.411179344853789264, 340.1656338085959419 ) ) ;
#3348 = CARTESIAN_POINT ( 'NONE',  ( 332.5766904567813071, 0.06017994737835590663, 173.2499902897004347 ) ) ;
#3349 = ORIENTED_EDGE ( 'NONE', *, *, #1492, .F. ) ;
#3350 = DIRECTION ( 'NONE',  ( 2.856580399953363210E-13, 0.9999999352646699036, -0.0003598203108568318194 ) ) ;
#3351 = EDGE_CURVE ( 'NONE', #1805, #5637, #1448, .T. ) ;
#3352 = CARTESIAN_POINT ( 'NONE',  ( 328.2965379332647444, 3.958470465123904880, 338.9516356260312477 ) ) ;
#3353 = CARTESIAN_POINT ( 'NONE',  ( 146.7909728773300344, 12.86586043939507285, 6.789874924356096741 ) ) ;
#3354 = CARTESIAN_POINT ( 'NONE',  ( 131.5124009930635225, 7.617546702830973793, 127.9099999999999966 ) ) ;
#3355 = CARTESIAN_POINT ( 'NONE',  ( 123.2431818856999968, 13.49853914706861779, 18.13440070361516021 ) ) ;
#3356 = FACE_OUTER_BOUND ( 'NONE', #5689, .T. ) ;
#3357 = CARTESIAN_POINT ( 'NONE',  ( 113.4446016679660829, 13.74983813592159088, 5.999999999999997335 ) ) ;
#3358 = EDGE_CURVE ( 'NONE', #3308, #4132, #1631, .T. ) ;
#3359 = CARTESIAN_POINT ( 'NONE',  ( 274.5919211563505655, 6.870006112580465008, 6.500000000000008882 ) ) ;
#3360 = ORIENTED_EDGE ( 'NONE', *, *, #6688, .T. ) ;
#3361 = CARTESIAN_POINT ( 'NONE',  ( 268.1468910991015946, 5.554712456517547636, 6.000000000000011546 ) ) ;
#3362 = CARTESIAN_POINT ( 'NONE',  ( 122.4102193206097553, 13.32663064042222345, 6.868233201732526716 ) ) ;
#3363 = CARTESIAN_POINT ( 'NONE',  ( 365.7454693069066707, 4.688083951275083372, 371.5633333568318903 ) ) ;
#3364 = CARTESIAN_POINT ( 'NONE',  ( 279.9623580448435973, 5.023279879961582317, 6.498596028036704553 ) ) ;
#3365 = CARTESIAN_POINT ( 'NONE',  ( 326.0735721418564026, -2.392856642842533521, 127.9099999999999966 ) ) ;
#3366 = CARTESIAN_POINT ( 'NONE',  ( 280.8232941381778573, 3.773606700175189399, 7.647464848254268865 ) ) ;
#3367 = CARTESIAN_POINT ( 'NONE',  ( 285.2110607622239513, 3.616651598079168028, 20.83163106745564264 ) ) ;
#3368 = CARTESIAN_POINT ( 'NONE',  ( 325.9084071004805878, 2.313002176176973901, 371.7299999999996203 ) ) ;
#3369 = CARTESIAN_POINT ( 'NONE',  ( 257.8858390038425910, 8.385490639743073515, 6.000000000000013323 ) ) ;
#3370 = CARTESIAN_POINT ( 'NONE',  ( 265.2357149599932313, 6.630626936202137500, 6.524195396276199155 ) ) ;
#3371 = CARTESIAN_POINT ( 'NONE',  ( 278.9271341865935483, 4.668600764981499118, 21.19358656020142107 ) ) ;
#3372 = CARTESIAN_POINT ( 'NONE',  ( 272.1810673878693478, 5.975812357401641073, 6.498668735015104225 ) ) ;
#3373 = CARTESIAN_POINT ( 'NONE',  ( 160.3759731210269877, 12.85650579990716835, 5.999999999999991118 ) ) ;
#3374 = CARTESIAN_POINT ( 'NONE',  ( 349.1162215237413875, 3.301987620982283378, 371.2299999999999613 ) ) ;
#3375 = TOROIDAL_SURFACE ( 'NONE', #5309, 1.989792913342977476, 0.2000000000000000111 ) ;
#3376 = CARTESIAN_POINT ( 'NONE',  ( 321.9625643273615196, 0.04386569692619394362, 127.9100000000000250 ) ) ;
#3377 = EDGE_LOOP ( 'NONE', ( #6451, #6132, #1153, #4917 ) ) ;
#3378 = CARTESIAN_POINT ( 'NONE',  ( 209.4885384756163091, 9.410209437799391452, 6.885026986254983328 ) ) ;
#3379 = CARTESIAN_POINT ( 'NONE',  ( 346.6808060334316224, 3.440303251953666486, 341.1281137976683908 ) ) ;
#3380 = CARTESIAN_POINT ( 'NONE',  ( 367.8663775636091486, 2.515387650881268478, 371.0830149947417453 ) ) ;
#3381 = CARTESIAN_POINT ( 'NONE',  ( 345.3154539444080910, 1.997963740332671101, 339.4886600596443600 ) ) ;
#3382 = B_SPLINE_CURVE_WITH_KNOTS ( 'NONE', 3,
 ( #6129, #788, #3045, #5342, #2969, #3976, #2892, #5260, #2929 ),
 .UNSPECIFIED., .F., .F.,
 ( 4, 1, 1, 1, 1, 1, 4 ),
 ( 0.01210972486253586791, 0.2499025918159921422, 0.3837911099718268604, 0.5176791181152426979, 0.6515679605593144297, 0.7854575474759426523, 0.8631116213446612395 ),
 .UNSPECIFIED. ) ;
#3383 = CARTESIAN_POINT ( 'NONE',  ( 124.0884131487140110, 12.80204717557833582, 16.60000000000058407 ) ) ;
#3384 = EDGE_CURVE ( 'NONE', #6327, #5628, #4822, .T. ) ;
#3385 = ORIENTED_EDGE ( 'NONE', *, *, #3351, .T. ) ;
#3386 = CARTESIAN_POINT ( 'NONE',  ( 139.1588714264568125, 12.15713136507678094, 23.00000000000000000 ) ) ;
#3387 = ORIENTED_EDGE ( 'NONE', *, *, #3430, .F. ) ;
#3388 = CARTESIAN_POINT ( 'NONE',  ( 263.3759731210059840, 8.087046711759798612, 6.333332915372321459 ) ) ;
#3389 = CARTESIAN_POINT ( 'NONE',  ( 145.0367584197354915, 12.65525874914904669, 7.500098728342743826 ) ) ;
#3390 = CARTESIAN_POINT ( 'NONE',  ( 229.9997698392593009, 6.337202895374963951, 249.8200000000000500 ) ) ;
#3391 = VECTOR ( 'NONE', #4685, 1000.000000000000000 ) ;
#3392 = CARTESIAN_POINT ( 'NONE',  ( 263.8759719363414433, 6.973199570974130346, 6.500000235663057957 ) ) ;
#3393 = CARTESIAN_POINT ( 'NONE',  ( 113.7082358021954747, 13.76013370536814939, 6.000000000000008882 ) ) ;
#3394 = CARTESIAN_POINT ( 'NONE',  ( 387.3003436851536776, 3.398618628444141532, 371.2299995642491126 ) ) ;
#3395 = ORIENTED_EDGE ( 'NONE', *, *, #2372, .T. ) ;
#3396 = VECTOR ( 'NONE', #99, 1000.000000000000000 ) ;
#3397 = LINE ( 'NONE', #1860, #3391 ) ;
#3398 = CARTESIAN_POINT ( 'NONE',  ( 363.5071526986263848, 2.764905548979417205, 371.1720191720128241 ) ) ;
#3399 = CARTESIAN_POINT ( 'NONE',  ( 118.9322770152179771, 13.10520235167435565, 7.204719264878325369 ) ) ;
#3400 = CARTESIAN_POINT ( 'NONE',  ( 368.0506625523962612, 2.506366166413654728, 371.0303883611578044 ) ) ;
#3401 = CARTESIAN_POINT ( 'NONE',  ( 279.5454077050608817, 5.134605252085258975, 6.498628276261476877 ) ) ;
#3402 = CARTESIAN_POINT ( 'NONE',  ( 411.5962895977829703, -0.5358554673678022073, 371.7299999999999613 ) ) ;
#3403 = CARTESIAN_POINT ( 'NONE',  ( 280.8131107001407827, 3.754946154602745612, 7.504884681152021564 ) ) ;
#3404 = CARTESIAN_POINT ( 'NONE',  ( 140.7105436883236109, 12.45114671336665602, 23.45074184032712239 ) ) ;
#3405 = VERTEX_POINT ( 'NONE', #2402 ) ;
#3406 = CARTESIAN_POINT ( 'NONE',  ( 161.8759937437485803, 13.86826412634800931, 5.999999999999991118 ) ) ;
#3407 = CARTESIAN_POINT ( 'NONE',  ( 243.4881472246839280, 5.616006276771719818, 249.8200000000001637 ) ) ;
#3408 = CIRCLE ( 'NONE', #7358, 0.2000000000000000944 ) ;
#3409 = CARTESIAN_POINT ( 'NONE',  ( 150.0034597451414413, 14.49946764749464378, 6.000000000000006217 ) ) ;
#3410 = CARTESIAN_POINT ( 'NONE',  ( 265.1921309180052049, 6.085781749725416745, 6.888554793901652040 ) ) ;
#3411 = CARTESIAN_POINT ( 'NONE',  ( 281.5485085059946755, 2.392258116191735340, 23.25000000000004974 ) ) ;
#3412 = CARTESIAN_POINT ( 'NONE',  ( 286.7314150289338386, 0.6527591986662185652, 20.63352450140796179 ) ) ;
#3413 = CARTESIAN_POINT ( 'NONE',  ( 271.2029957275103129, 5.212537588223979057, 7.396664977694931586 ) ) ;
#3414 = CARTESIAN_POINT ( 'NONE',  ( 125.4009918695433470, 12.49950313649600986, 23.13303595609167829 ) ) ;
#3415 = CARTESIAN_POINT ( 'NONE',  ( 282.5886675223333668, 3.255982184557443482, 6.500000000000087930 ) ) ;
#3416 = DIRECTION ( 'NONE',  ( 2.852601462733168016E-13, 0.9986483016480055541, 0.05197662566533232942 ) ) ;
#3417 = FACE_OUTER_BOUND ( 'NONE', #1618, .T. ) ;
#3418 = CARTESIAN_POINT ( 'NONE',  ( 282.8072795534017132, -0.007391575311198519266, 6.786625059260592785 ) ) ;
#3419 = VERTEX_POINT ( 'NONE', #2997 ) ;
#3420 = CARTESIAN_POINT ( 'NONE',  ( 237.3325425229599261, 7.563547510894468751, 7.376617471350252586 ) ) ;
#3421 = CARTESIAN_POINT ( 'NONE',  ( 202.5232217971695832, 9.806535256850148485, 6.884722688366674781 ) ) ;
#3422 = CARTESIAN_POINT ( 'NONE',  ( 139.7624286814840673, 13.36566884707631253, 22.21656889897512244 ) ) ;
#3423 = CARTESIAN_POINT ( 'NONE',  ( 285.2110607622239513, 3.616651598079168028, 20.83163106745564264 ) ) ;
#3424 = B_SPLINE_CURVE_WITH_KNOTS ( 'NONE', 3,
 ( #2967, #6970, #1313, #751 ),
 .UNSPECIFIED., .F., .F.,
 ( 4, 4 ),
 ( 0.001367128756186229959, 0.9986328712438138355 ),
 .UNSPECIFIED. ) ;
#3425 = VERTEX_POINT ( 'NONE', #2919 ) ;
#3426 = FACE_OUTER_BOUND ( 'NONE', #4830, .T. ) ;
#3427 = EDGE_LOOP ( 'NONE', ( #6793, #3271, #1975, #666 ) ) ;
#3428 = CARTESIAN_POINT ( 'NONE',  ( 117.3217705194501974, 13.88797385465352008, 6.000000000000003553 ) ) ;
#3429 = CARTESIAN_POINT ( 'NONE',  ( 123.2431818856999968, 13.49853914706861779, 18.13440070361516021 ) ) ;
#3430 = EDGE_CURVE ( 'NONE', #5771, #1348, #7141, .T. ) ;
#3431 = CARTESIAN_POINT ( 'NONE',  ( 143.3409383274104130, 13.74284956046301964, 6.500050991641594500 ) ) ;
#3432 = CARTESIAN_POINT ( 'NONE',  ( 316.8888141093318040, 3.142172018878891748, 371.7300000000001319 ) ) ;
#3433 = CARTESIAN_POINT ( 'NONE',  ( 123.1471879948567931, 13.50265620472729999, 17.98257261460036460 ) ) ;
#3434 = PLANE ( 'NONE',  #5090 ) ;
#3435 = CARTESIAN_POINT ( 'NONE',  ( 398.6101552718298535, 0.6080578408375283406, 371.2299999999999613 ) ) ;
#3436 = CARTESIAN_POINT ( 'NONE',  ( 345.1644522910442561, 2.003995321063211321, 339.5294191361501248 ) ) ;
#3437 = ORIENTED_EDGE ( 'NONE', *, *, #392, .T. ) ;
#3438 = CARTESIAN_POINT ( 'NONE',  ( 260.3759731210270161, 8.261162362999730391, 6.132148208833911873 ) ) ;
#3439 = DIRECTION ( 'NONE',  ( 2.856580399953362705E-13, 0.9999999352646700146, -0.0003598203108568317110 ) ) ;
#3440 = CARTESIAN_POINT ( 'NONE',  ( 118.9179846186073348, 13.82193300465250196, 6.522552366571761517 ) ) ;
#3441 = CARTESIAN_POINT ( 'NONE',  ( 140.3359291273843326, 12.73819860462111286, 23.06194254855371284 ) ) ;
#3442 = CARTESIAN_POINT ( 'NONE',  ( 285.6340893239870979, 3.944317239993697211, 23.25000000000141753 ) ) ;
#3443 = CARTESIAN_POINT ( 'NONE',  ( 279.7429680720193232, 4.190277496699224002, 7.296497067888474852 ) ) ;
#3444 = CARTESIAN_POINT ( 'NONE',  ( 352.7454693069067844, 4.015542457696983369, 371.2300000000001887 ) ) ;
#3445 = CARTESIAN_POINT ( 'NONE',  ( 280.9239168910577860, 3.795391955216493862, 7.083899681419175032 ) ) ;
#3446 = CARTESIAN_POINT ( 'NONE',  ( 145.0725555858070663, 11.36411637516118489, 22.03935799787421956 ) ) ;
#3447 = EDGE_LOOP ( 'NONE', ( #3119, #3722, #179, #5835, #6533 ) ) ;
#3448 = CARTESIAN_POINT ( 'NONE',  ( 144.9562254759279938, 11.36737857709547939, 22.03922312978860631 ) ) ;
#3449 = CARTESIAN_POINT ( 'NONE',  ( 287.1503709998075351, 6.111401875732450861, 249.8200000000000784 ) ) ;
#3450 = CARTESIAN_POINT ( 'NONE',  ( 387.9354215360302192, 3.358998120875976046, 371.7300000000001887 ) ) ;
#3451 = CARTESIAN_POINT ( 'NONE',  ( 268.6461614473190593, 5.823048302453543990, 6.798925490994646381 ) ) ;
#3452 = CARTESIAN_POINT ( 'NONE',  ( 283.8860370999983616, 2.057901852575716006, 23.25000000000016698 ) ) ;
#3453 = CARTESIAN_POINT ( 'NONE',  ( 287.6383796455590414, 0.01124920658125765256, 23.25000000000001776 ) ) ;
#3454 = CARTESIAN_POINT ( 'NONE',  ( 272.1071943311778227, 5.390207421176532065, 6.800097563836021486 ) ) ;
#3455 = CARTESIAN_POINT ( 'NONE',  ( 282.2012035736488542, 3.779001752438993833, 6.500000000000087930 ) ) ;
#3456 = CARTESIAN_POINT ( 'NONE',  ( 130.3450163888559530, 13.96801963789464907, 6.505000790199335192 ) ) ;
#3457 = EDGE_LOOP ( 'NONE', ( #3349, #6042, #1466, #5201, #5101 ) ) ;
#3458 = CARTESIAN_POINT ( 'NONE',  ( 130.1052935204746177, 13.50044631439445553, 21.65133401976844141 ) ) ;
#3459 = B_SPLINE_CURVE_WITH_KNOTS ( 'NONE', 3,
 ( #4986, #6135, #7269, #2143 ),
 .UNSPECIFIED., .F., .F.,
 ( 4, 4 ),
 ( 0.4267359827639831682, 0.4308779378255663817 ),
 .UNSPECIFIED. ) ;
#3460 = VERTEX_POINT ( 'NONE', #4566 ) ;
#3461 = CARTESIAN_POINT ( 'NONE',  ( 119.3327203419143245, 12.89683898388352468, 11.54772233327076769 ) ) ;
#3462 = CARTESIAN_POINT ( 'NONE',  ( 240.8609119655238260, 8.080500096015990508, 6.524053199761183919 ) ) ;
#3463 = CARTESIAN_POINT ( 'NONE',  ( 206.0518028629776950, 10.41851557172607201, 6.500051526728555906 ) ) ;
#3464 = DIRECTION ( 'NONE',  ( -0.000000000000000000, -1.000000000000000000, 0.000000000000000000 ) ) ;
#3465 = CARTESIAN_POINT ( 'NONE',  ( 286.7278746541845749, 0.6775964878133795555, 20.63399649850344275 ) ) ;
#3466 = CARTESIAN_POINT ( 'NONE',  ( 163.8385947927771156, 13.76951645461315898, 6.498950518233304940 ) ) ;
#3467 = ORIENTED_EDGE ( 'NONE', *, *, #7189, .F. ) ;
#3468 = CARTESIAN_POINT ( 'NONE',  ( 146.7827455898902542, 12.69740801003474040, 6.994297381591558782 ) ) ;
#3469 = CARTESIAN_POINT ( 'NONE',  ( 56.28486722029112599, 12.53819174719304108, 5.999999999999998224 ) ) ;
#3470 = CARTESIAN_POINT ( 'NONE',  ( 283.2447914525305919, 4.231359271247542964, 21.18400620840817794 ) ) ;
#3471 = CARTESIAN_POINT ( 'NONE',  ( 140.5024610164411456, 12.32472082782296674, 23.37097851768398016 ) ) ;
#3472 = CARTESIAN_POINT ( 'NONE',  ( 345.2175729508121549, 2.001837579994997895, 339.5294258323135637 ) ) ;
#3473 = ORIENTED_EDGE ( 'NONE', *, *, #2521, .F. ) ;
#3474 = CARTESIAN_POINT ( 'NONE',  ( 332.5766904567812503, -0.1299969515702807665, 171.4599915969430981 ) ) ;
#3475 = CARTESIAN_POINT ( 'NONE',  ( 362.7454693069057612, 4.809898224022766122, 371.5633334321399275 ) ) ;
#3476 = CARTESIAN_POINT ( 'NONE',  ( 124.1521977956357432, 13.62473278476869432, 6.618577755170698573 ) ) ;
#3477 = CARTESIAN_POINT ( 'NONE',  ( 136.4668412154064754, 12.74140170925850057, 20.23091313622778387 ) ) ;
#3478 = CARTESIAN_POINT ( 'NONE',  ( 285.2324676032354773, 3.596275324568260157, 20.82878826213436341 ) ) ;
#3479 = CARTESIAN_POINT ( 'NONE',  ( 280.1105174898345354, 4.089954110631735418, 7.311966272868691163 ) ) ;
#3480 = CARTESIAN_POINT ( 'NONE',  ( 333.9773534139866342, 3.665006699870743567, 351.4406795994208323 ) ) ;
#3481 = B_SPLINE_CURVE_WITH_KNOTS ( 'NONE', 3,
 ( #4564, #1222, #3650, #2363 ),
 .UNSPECIFIED., .F., .F.,
 ( 4, 4 ),
 ( 0.01424173661445502816, 0.01840935664824939685 ),
 .UNSPECIFIED. ) ;
#3482 = B_SPLINE_CURVE_WITH_KNOTS ( 'NONE', 3,
 ( #1214, #4413, #2136, #6317, #6054, #2354, #2099, #2315, #5155, #6912 ),
 .UNSPECIFIED., .F., .F.,
 ( 4, 2, 2, 2, 4 ),
 ( 0.000000000000000000, 0.09374150316520354909, 0.1874830063304071537, 0.2812245094956106750, 0.3749660126608142519 ),
 .UNSPECIFIED. ) ;
#3483 = EDGE_CURVE ( 'NONE', #6834, #6393, #5190, .T. ) ;
#3484 = CARTESIAN_POINT ( 'NONE',  ( 280.9703757040926462, 3.850228843200804274, 6.953915342097992891 ) ) ;
#3485 = CARTESIAN_POINT ( 'NONE',  ( 126.2588659601427992, 13.62555685013054152, 16.52029155235414493 ) ) ;
#3486 = ORIENTED_EDGE ( 'NONE', *, *, #1966, .F. ) ;
#3487 = CARTESIAN_POINT ( 'NONE',  ( 144.9174551721348791, 11.36846579892811526, 22.03917818090719649 ) ) ;
#3488 = CARTESIAN_POINT ( 'NONE',  ( 201.9479429161833366, 9.779333329465435654, 127.9099999999999682 ) ) ;
#3489 = CARTESIAN_POINT ( 'NONE',  ( 358.8209058012777746, 4.949697149112124883, 371.7300000000002456 ) ) ;
#3490 = CARTESIAN_POINT ( 'NONE',  ( 267.7751017652047949, 5.827984494193979792, 6.893020513613856259 ) ) ;
#3491 = CARTESIAN_POINT ( 'NONE',  ( 284.2793008922766944, 1.892776161356769959, 23.24999999999983302 ) ) ;
#3492 = CARTESIAN_POINT ( 'NONE',  ( 284.8777234309883397, -0.01141443407093543222, 23.24999999999997158 ) ) ;
#3493 = CARTESIAN_POINT ( 'NONE',  ( 272.9479086484216737, 5.065289624751533992, 7.135953150033362391 ) ) ;
#3494 = CARTESIAN_POINT ( 'NONE',  ( 243.3228480028023171, -43.07938103743692437, 371.2300000000000182 ) ) ;
#3495 = CARTESIAN_POINT ( 'NONE',  ( 280.9851967656946954, 3.714499557458364798, 7.222815156425008709 ) ) ;
#3496 = CARTESIAN_POINT ( 'NONE',  ( 136.0318538147039646, 12.17387842918211405, 23.41588945575262315 ) ) ;
#3497 = CARTESIAN_POINT ( 'NONE',  ( 325.7116910129590224, 3.359721206092802337, 171.4513974120282569 ) ) ;
#3498 = CARTESIAN_POINT ( 'NONE',  ( 260.2013033343355914, 7.184863695889368351, 6.500000235663057957 ) ) ;
#3499 = VERTEX_POINT ( 'NONE', #6923 ) ;
#3500 = CARTESIAN_POINT ( 'NONE',  ( 226.9022236402448414, 8.389993946733602215, 6.885145115301870788 ) ) ;
#3501 = CARTESIAN_POINT ( 'NONE',  ( 113.9823378294353944, 13.77083807210400934, 6.000000000000001776 ) ) ;
#3502 = CARTESIAN_POINT ( 'NONE',  ( 105.8847703269399432, -43.07938103743692437, 6.499999999999992006 ) ) ;
#3503 = EDGE_CURVE ( 'NONE', #1881, #6393, #2150, .T. ) ;
#3504 = CARTESIAN_POINT ( 'NONE',  ( 281.4994834357120226, 3.102171521628314999, 7.747394282918690145 ) ) ;
#3505 = ORIENTED_EDGE ( 'NONE', *, *, #458, .F. ) ;
#3506 = CARTESIAN_POINT ( 'NONE',  ( 372.2261081781387588, 2.278860137257501695, 371.0835773169727076 ) ) ;
#3507 = CARTESIAN_POINT ( 'NONE',  ( 150.2628874113216284, 12.52641929839857227, 6.995986448217115239 ) ) ;
#3508 = CARTESIAN_POINT ( 'NONE',  ( 212.9367418435946888, 1.995079565950066636, 249.8200000000000216 ) ) ;
#3509 = CARTESIAN_POINT ( 'NONE',  ( 123.0939844246557300, 13.50923174377320635, 17.80646233861839534 ) ) ;
#3510 = CARTESIAN_POINT ( 'NONE',  ( 190.9994085302981546, 8.191676519242363952, 127.9099999999999966 ) ) ;
#3511 = CARTESIAN_POINT ( 'NONE',  ( 333.0114854398922262, 4.332753757166664776, 339.3714713208835292 ) ) ;
#3512 = CARTESIAN_POINT ( 'NONE',  ( 268.0254646731540902, 7.194568119894124258, 249.8200000000000500 ) ) ;
#3513 = CARTESIAN_POINT ( 'NONE',  ( 387.7454693069067844, 3.365671187338276749, 371.7300000000000750 ) ) ;
#3514 = VERTEX_POINT ( 'NONE', #4266 ) ;
#3515 = CARTESIAN_POINT ( 'NONE',  ( 401.1316536334530269, 0.2020072654300606174, 371.7300000000000182 ) ) ;
#3516 = CARTESIAN_POINT ( 'NONE',  ( 346.0480810269585845, 3.186369744215819200, 371.1705886934411183 ) ) ;
#3517 = CARTESIAN_POINT ( 'NONE',  ( 120.6657504363022895, 13.60335584703711476, 6.617402814007110834 ) ) ;
#3518 = B_SPLINE_CURVE_WITH_KNOTS ( 'NONE', 3,
 ( #1385, #259, #222, #5923, #3566, #5406 ),
 .UNSPECIFIED., .F., .F.,
 ( 4, 2, 4 ),
 ( 1.127203238917635076E-16, 0.0003909343550544230449, 0.0007818687101087334413 ),
 .UNSPECIFIED. ) ;
#3519 = CARTESIAN_POINT ( 'NONE',  ( 390.9450591290702164, 3.124167075935370796, 371.3129464612413244 ) ) ;
#3520 = CARTESIAN_POINT ( 'NONE',  ( 285.2714157721178481, 3.558579593261018914, 20.82361836536914979 ) ) ;
#3521 = CARTESIAN_POINT ( 'NONE',  ( 289.9216473163282899, -0.1725312863942212727, 53.25006625569422880 ) ) ;
#3522 = CARTESIAN_POINT ( 'NONE',  ( 281.0870923558329650, 4.001809701176928691, 6.735526606610630296 ) ) ;
#3523 = CIRCLE ( 'NONE', #2210, 1.989792913342510738 ) ;
#3524 = CARTESIAN_POINT ( 'NONE',  ( 144.9178388402081907, 11.38363767435133234, 22.03307864391186399 ) ) ;
#3525 = EDGE_LOOP ( 'NONE', ( #3745, #6873, #6922, #5699, #1776, #6276 ) ) ;
#3526 = FACE_OUTER_BOUND ( 'NONE', #3153, .T. ) ;
#3527 = CARTESIAN_POINT ( 'NONE',  ( 132.3464446612455561, 13.08165027625033261, 5.999999999999997335 ) ) ;
#3528 = EDGE_CURVE ( 'NONE', #1805, #2083, #6522, .T. ) ;
#3529 = CARTESIAN_POINT ( 'NONE',  ( 284.2703794035838882, 1.897748608694976857, 23.24999999999983302 ) ) ;
#3530 = TOROIDAL_SURFACE ( 'NONE', #4484, 0.6634653046645075936, 0.2000000000000000111 ) ;
#3531 = CARTESIAN_POINT ( 'NONE',  ( 284.8477367016292305, 0.3773299225283215375, 23.24999999999999289 ) ) ;
#3532 = CARTESIAN_POINT ( 'NONE',  ( 271.2657509163253735, 5.705438724557374996, 6.627530785534342606 ) ) ;
#3533 = LINE ( 'NONE', #5821, #2348 ) ;
#3534 = CARTESIAN_POINT ( 'NONE',  ( 281.5095829831595893, 4.368165368921692604, 6.498457668020281019 ) ) ;
#3535 = CARTESIAN_POINT ( 'NONE',  ( 281.6107113176304892, 4.415244597772057134, 6.500000000000111910 ) ) ;
#3536 = CARTESIAN_POINT ( 'NONE',  ( 281.3883583517631450, 4.426601918511253508, 6.499999999999655387 ) ) ;
#3537 = FACE_OUTER_BOUND ( 'NONE', #7266, .T. ) ;
#3538 = ORIENTED_EDGE ( 'NONE', *, *, #3622, .F. ) ;
#3539 = ADVANCED_FACE ( 'NONE', ( #4859 ), #4245, .T. ) ;
#3540 = CARTESIAN_POINT ( 'NONE',  ( 344.5594497582299596, 3.910421975092493785, 371.7300000000001887 ) ) ;
#3541 = CARTESIAN_POINT ( 'NONE',  ( 282.5270856495085923, 0.7047283150617116299, 7.808429808887873413 ) ) ;
#3542 = ORIENTED_EDGE ( 'NONE', *, *, #5456, .F. ) ;
#3543 = EDGE_CURVE ( 'NONE', #531, #302, #5326, .T. ) ;
#3544 =( BOUNDED_SURFACE ( )  B_SPLINE_SURFACE ( 3, 2, ( 
 ( #567, #2226, #2306 ),
 ( #1087, #2187, #3983 ),
 ( #5707, #1606, #3905 ),
 ( #6186, #5633, #6784 ),
 ( #1718, #491, #528 ),
 ( #2772, #1682, #4999 ),
 ( #4429, #2817, #5667 ),
 ( #5107, #4, #2267 ),
 ( #4584, #4543, #6264 ),
 ( #6712, #1163, #3414 ) ),
 .UNSPECIFIED., .F., .F., .F. ) 
 B_SPLINE_SURFACE_WITH_KNOTS ( ( 4, 2, 2, 2, 4 ),
 ( 3, 3 ),
 ( 0.01048016373275693740, 0.01423981311334480276, 0.01799946249393266987, 0.02175911187452053697, 0.02551876125510840407 ),
 ( 0.000000000000000000, 1.000000000000000000 ),
 .UNSPECIFIED. ) 
 GEOMETRIC_REPRESENTATION_ITEM ( )  RATIONAL_B_SPLINE_SURFACE ( (
 ( 1.000000000000000000, 0.8775744406537651088, 1.000000000000000000),
 ( 1.000000000000000000, 0.8773416001855909307, 1.000000000000000000),
 ( 1.000000000000000000, 0.8775031952488214770, 1.000000000000000000),
 ( 1.000000000000000000, 0.8773354789345573224, 1.000000000000000000),
 ( 1.000000000000000000, 0.8771267514661706954, 1.000000000000000000),
 ( 1.000000000000000000, 0.8770078710702595703, 1.000000000000000000),
 ( 1.000000000000000000, 0.8771043157889942821, 1.000000000000000000),
 ( 1.000000000000000000, 0.8768826580725518349, 1.000000000000000000),
 ( 1.000000000000000000, 0.8768204260530758631, 1.000000000000000000),
 ( 1.000000000000000000, 0.8769659107960227074, 1.000000000000000000) ) ) 
 REPRESENTATION_ITEM ( '' )  SURFACE ( )  );
#3545 = CARTESIAN_POINT ( 'NONE',  ( 164.2461763585138783, 12.67201049687185943, 6.500051290297336415 ) ) ;
#3546 = CARTESIAN_POINT ( 'NONE',  ( 213.0437902335114018, 2.068354289792651457, 249.8200000000000216 ) ) ;
#3547 = CARTESIAN_POINT ( 'NONE',  ( 333.5461815082790622, 4.788292503918740728, 339.7393668020906716 ) ) ;
#3548 = FACE_OUTER_BOUND ( 'NONE', #1013, .T. ) ;
#3549 = CARTESIAN_POINT ( 'NONE',  ( 257.9904043280201336, 8.381612959191395262, 6.500000000000006217 ) ) ;
#3550 = PERSON_AND_ORGANIZATION_ROLE ( 'creator' ) ;
#3551 = CARTESIAN_POINT ( 'NONE',  ( 269.2273369983421958, 7.206351982545232460, 249.8200000000000500 ) ) ;
#3552 = ORIENTED_EDGE ( 'NONE', *, *, #1831, .T. ) ;
#3553 = DIRECTION ( 'NONE',  ( 0.000000000000000000, -0.0003598203108568317110, -0.9999999352646697925 ) ) ;
#3554 = CARTESIAN_POINT ( 'NONE',  ( 359.1418863747800856, 2.870712493035192381, 371.1343353457061198 ) ) ;
#3555 = CARTESIAN_POINT ( 'NONE',  ( 127.6389422378473597, 13.49888170115352182, 6.691080413879135769 ) ) ;
#3556 = DIRECTION ( 'NONE',  ( 0.01350616923076244751, 0.9998973179751561302, -0.004789248249947547324 ) ) ;
#3557 = CARTESIAN_POINT ( 'NONE',  ( 119.6626363359131204, 13.69201301492469192, 11.60000000000060005 ) ) ;
#3558 = CARTESIAN_POINT ( 'NONE',  ( 159.8759731210269308, 12.85650579990716835, 6.499999999999992006 ) ) ;
#3559 = ORIENTED_EDGE ( 'NONE', *, *, #5282, .T. ) ;
#3560 = CARTESIAN_POINT ( 'NONE',  ( 345.5869972326880770, 2.140279673190678356, 339.5048224253784497 ) ) ;
#3561 = CARTESIAN_POINT ( 'NONE',  ( 217.9846076258750145, 9.291943031650568230, 127.9100000000000534 ) ) ;
#3562 = CARTESIAN_POINT ( 'NONE',  ( 285.2432279548643237, 3.619242949945877363, 20.94973452729052354 ) ) ;
#3563 = CARTESIAN_POINT ( 'NONE',  ( 286.7764856022764661, 0.08539431873956990215, 20.62711594867945308 ) ) ;
#3564 = CARTESIAN_POINT ( 'NONE',  ( 274.6846779020157783, 4.785644744989578925, 7.392524964581819624 ) ) ;
#3565 = PLANE ( 'NONE',  #931 ) ;
#3566 = CARTESIAN_POINT ( 'NONE',  ( 263.3759731210270729, 8.085138181618653164, 6.132187546805277556 ) ) ;
#3567 = CARTESIAN_POINT ( 'NONE',  ( 280.9422466652816865, 3.692812286425018797, 7.361701306250215460 ) ) ;
#3568 = CARTESIAN_POINT ( 'NONE',  ( 282.0631811812320962, 3.946005216652847203, 6.499999999999846345 ) ) ;
#3569 = ORIENTED_EDGE ( 'NONE', *, *, #4637, .F. ) ;
#3570 = CARTESIAN_POINT ( 'NONE',  ( 161.1172579931568976, 11.81377454609751254, 7.502805637547459661 ) ) ;
#3571 = EDGE_CURVE ( 'NONE', #6463, #1348, #1398, .T. ) ;
#3572 = CARTESIAN_POINT ( 'NONE',  ( 280.8923361069454927, 3.742597650040757173, 7.691877668861476280 ) ) ;
#3573 = ORIENTED_EDGE ( 'NONE', *, *, #3889, .F. ) ;
#3574 = CARTESIAN_POINT ( 'NONE',  ( 251.2792397898447803, 6.956597876510858924, 6.792067568533155963 ) ) ;
#3575 = CARTESIAN_POINT ( 'NONE',  ( 230.4163388577557896, 8.728315079011659705, 6.523976458385596366 ) ) ;
#3576 = CARTESIAN_POINT ( 'NONE',  ( 397.6811054888875105, 0.1296316875084621567, 366.2678204598168463 ) ) ;
#3577 = CARTESIAN_POINT ( 'NONE',  ( 366.2454515328071238, 2.774568263804544799, 371.2299999924274516 ) ) ;
#3578 = DIRECTION ( 'NONE',  ( -0.000000000000000000, -0.000000000000000000, 1.000000000000000000 ) ) ;
#3579 = EDGE_CURVE ( 'NONE', #4813, #4478, #4019, .T. ) ;
#3580 = CARTESIAN_POINT ( 'NONE',  ( 167.6791111623822701, 11.48559553478248141, 7.371138673458491830 ) ) ;
#3581 = CARTESIAN_POINT ( 'NONE',  ( 117.5174967830920991, 3.743326298743780089, 127.9099999999999966 ) ) ;
#3582 = FACE_OUTER_BOUND ( 'NONE', #3853, .T. ) ;
#3583 = DIRECTION ( 'NONE',  ( 0.8538241083243035545, 0.000000000000000000, -0.5205616121500009630 ) ) ;
#3584 = ADVANCED_FACE ( 'NONE', ( #3029 ), #356, .F. ) ;
#3585 = CARTESIAN_POINT ( 'NONE',  ( 113.7483955013207435, 13.76170204162511368, 5.999999999999994671 ) ) ;
#3586 = VERTEX_POINT ( 'NONE', #4786 ) ;
#3587 = CARTESIAN_POINT ( 'NONE',  ( 131.5472916766642015, 12.14631033677609295, 23.96707458087031739 ) ) ;
#3588 = CARTESIAN_POINT ( 'NONE',  ( 131.1304606978772256, 13.81406890219979822, 6.523145080091904191 ) ) ;
#3589 = CARTESIAN_POINT ( 'NONE',  ( 332.5766904567812503, -0.1398200396745779284, 173.2500622537625645 ) ) ;
#3590 = LINE ( 'NONE', #3000, #1892 ) ;
#3591 = ADVANCED_FACE ( 'NONE', ( #7067 ), #1105, .F. ) ;
#3592 = CARTESIAN_POINT ( 'NONE',  ( 128.0957395211148935, 13.72343416339314537, 13.77340386492118895 ) ) ;
#3593 = ORIENTED_EDGE ( 'NONE', *, *, #6883, .F. ) ;
#3594 = CARTESIAN_POINT ( 'NONE',  ( 339.7012791418340498, 3.095419414876073194, 371.7299999999999045 ) ) ;
#3595 = B_SPLINE_CURVE_WITH_KNOTS ( 'NONE', 3,
 ( #2418, #4703, #4145, #2309, #6460, #3603, #5307, #4178, #2860, #6426, #1326, #3570, #263, #7083, #6531, #1422, #1389, #831, #4840, #2519, #3746, #5410, #7124, #3675, #3151, #4802, #1976, #6030, #299, #5927, #3640, #1455, #5961, #936, #4249, #7158, #4352, #3185, #866, #3083, #6601, #6566, #1942, #5379, #6494, #3117, #5487, #2554 ),
 .UNSPECIFIED., .F., .F.,
 ( 4, 2, 2, 2, 2, 2, 2, 2, 2, 2, 2, 2, 2, 2, 2, 2, 2, 2, 2, 2, 2, 2, 2, 4 ),
 ( 0.000000000000000000, 0.005155228156185308157, 0.01031045631237061631, 0.02062091262474114936, 0.03093136893711168414, 0.04124182524948222239, 0.05155228156185275024, 0.06186273787422328502, 0.08248365049896444479, 0.1031045631237055699, 0.1134150194360760977, 0.1237254757484466255, 0.1340359320608171534, 0.1391911602170023687, 0.1443463883731875841, 0.1495016165293727994, 0.1520792306074654210, 0.1546568446855580425, 0.1598120728417432856, 0.1611008798807896103, 0.1623896869198359627, 0.1636784939588823151, 0.1643228974784053942, 0.1649673009979284732 ),
 .UNSPECIFIED. ) ;
#3596 = CARTESIAN_POINT ( 'NONE',  ( 284.1897351941368015, 1.939547950360347883, 23.24999999999977263 ) ) ;
#3597 = CARTESIAN_POINT ( 'NONE',  ( 276.0740346235193101, 5.387114633834990229, 6.524436988968063567 ) ) ;
#3598 = CARTESIAN_POINT ( 'NONE',  ( 126.9226882963822902, 12.05036999264411435, 23.95406716316437112 ) ) ;
#3599 = CARTESIAN_POINT ( 'NONE',  ( 260.3759731210270161, 8.262420672463726135, 6.499999999999993783 ) ) ;
#3600 = CARTESIAN_POINT ( 'NONE',  ( 281.4004974682993634, 3.960309796134223959, 6.647267458883479030 ) ) ;
#3601 = CARTESIAN_POINT ( 'NONE',  ( 119.6626363359131204, 43.07938103743692437, 10.60000000000059117 ) ) ;
#3602 = ORIENTED_EDGE ( 'NONE', *, *, #6477, .F. ) ;
#3603 = CARTESIAN_POINT ( 'NONE',  ( 130.2549718267906087, 13.08397816986771645, 7.479766635236027916 ) ) ;
#3604 = ORIENTED_EDGE ( 'NONE', *, *, #7099, .F. ) ;
#3605 = CARTESIAN_POINT ( 'NONE',  ( 260.3759731210270161, 7.175950877862858235, 6.500000235663057957 ) ) ;
#3606 = ORIENTED_EDGE ( 'NONE', *, *, #1596, .T. ) ;
#3607 = CARTESIAN_POINT ( 'NONE',  ( 253.0637977073036495, 7.566055426211988788, 6.500051568899169574 ) ) ;
#3608 = CARTESIAN_POINT ( 'NONE',  ( 223.4240675937257663, 8.687923443847264338, 6.791906019959912832 ) ) ;
#3609 = CARTESIAN_POINT ( 'NONE',  ( 277.7365243392115417, 7.183693991526896028, 249.8200000000000500 ) ) ;
#3610 = CARTESIAN_POINT ( 'NONE',  ( 398.8406320015133133, 0.4101471252552734148, 372.3553855825091432 ) ) ;
#3611 = CARTESIAN_POINT ( 'NONE',  ( 284.2455558531930819, -0.01879204504107706217, 6.499999999999971578 ) ) ;
#3612 = CARTESIAN_POINT ( 'NONE',  ( 387.2977110330817823, 3.398746860476582032, 371.2320529400442410 ) ) ;
#3613 = CARTESIAN_POINT ( 'NONE',  ( 153.7382021737051900, 12.20439206169018576, 7.505317115967249819 ) ) ;
#3614 = CARTESIAN_POINT ( 'NONE',  ( 213.2547062770539981, 2.209127581437111854, 249.8200000000000216 ) ) ;
#3615 = EDGE_CURVE ( 'NONE', #3499, #5460, #2091, .T. ) ;
#3616 = CIRCLE ( 'NONE', #4353, 2.000000000000000000 ) ;
#3617 = CARTESIAN_POINT ( 'NONE',  ( 123.5098593905796918, 11.07887864389201482, 20.94089999999999918 ) ) ;
#3618 = CARTESIAN_POINT ( 'NONE',  ( 125.4329016650226123, 12.09012902506448661, 21.59775620110074712 ) ) ;
#3619 = CARTESIAN_POINT ( 'NONE',  ( 261.8763397444017187, 8.181282065373652657, 5.999999999999991118 ) ) ;
#3620 = CARTESIAN_POINT ( 'NONE',  ( 124.1520589941740127, 13.14735421695350048, 7.214635222889771882 ) ) ;
#3621 = CARTESIAN_POINT ( 'NONE',  ( 299.7131317941606881, 7.656769862955500550, 249.8199999999998226 ) ) ;
#3622 = EDGE_CURVE ( 'NONE', #5413, #6530, #3277, .T. ) ;
#3623 = CARTESIAN_POINT ( 'NONE',  ( 326.3313951225568417, 2.629055241245143559, 339.7196341947131941 ) ) ;
#3624 = CARTESIAN_POINT ( 'NONE',  ( 280.7810127808068046, 3.876882329841346841, 7.077166138122956696 ) ) ;
#3625 = CARTESIAN_POINT ( 'NONE',  ( 260.9922984326576056, 8.230612548232359771, 5.999999999999991118 ) ) ;
#3626 =( BOUNDED_SURFACE ( )  B_SPLINE_SURFACE ( 3, 2, ( 
 ( #597, #1275, #1829 ),
 ( #2849, #1794, #1869 ),
 ( #5140, #5816, #4094 ),
 ( #717, #4657, #1755 ),
 ( #6379, #1236, #4055 ),
 ( #4133, #6416, #110 ),
 ( #70, #1197, #33 ),
 ( #146, #5772, #6933 ),
 ( #5735, #2299, #3448 ),
 ( #6337, #4575, #3487 ) ),
 .UNSPECIFIED., .F., .F., .F. ) 
 B_SPLINE_SURFACE_WITH_KNOTS ( ( 4, 2, 2, 2, 4 ),
 ( 3, 3 ),
 ( -1.084202172485504434E-19, 0.0005735834956960641790, 0.001147166991392128575, 0.001720750487088192754, 0.002294333982784257150 ),
 ( 0.000000000000000000, 1.000000000000000000 ),
 .UNSPECIFIED. ) 
 GEOMETRIC_REPRESENTATION_ITEM ( )  RATIONAL_B_SPLINE_SURFACE ( (
 ( 1.000000000000000000, 0.8351921998579706630, 1.000000000000000000),
 ( 1.000000000000000000, 0.8351978667298449732, 1.000000000000000000),
 ( 1.000000000000000000, 0.8352272094981995076, 1.000000000000000000),
 ( 1.000000000000000000, 0.8353265443011294034, 1.000000000000000000),
 ( 1.000000000000000000, 0.8353972390424458938, 1.000000000000000000),
 ( 1.000000000000000000, 0.8355601039545593745, 1.000000000000000000),
 ( 1.000000000000000000, 0.8356543434923772162, 1.000000000000000000),
 ( 1.000000000000000000, 0.8358420039993116335, 1.000000000000000000),
 ( 1.000000000000000000, 0.8359350871716336728, 1.000000000000000000),
 ( 1.000000000000000000, 0.8360187165951226129, 1.000000000000000000) ) ) 
 REPRESENTATION_ITEM ( '' )  SURFACE ( )  );
#3627 = CARTESIAN_POINT ( 'NONE',  ( 127.7817399835707306, 13.74904067455515921, 12.84787468717014924 ) ) ;
#3628 = ORIENTED_EDGE ( 'NONE', *, *, #98, .F. ) ;
#3629 = CARTESIAN_POINT ( 'NONE',  ( 251.0125410166899087, 6.664457851320484849, 5.999999999999999112 ) ) ;
#3630 = AXIS2_PLACEMENT_3D ( 'NONE', #3672, #6284, #6241 ) ;
#3631 = APPROVAL ( #4229, 'UNSPECIFIED' ) ;
#3632 = CARTESIAN_POINT ( 'NONE',  ( 260.3759731210270161, 8.262420708539105263, 6.499999999999989342 ) ) ;
#3633 = CARTESIAN_POINT ( 'NONE',  ( 324.4882468319585769, 4.122670370732768319, 127.9099999999999966 ) ) ;
#3634 = CARTESIAN_POINT ( 'NONE',  ( 275.5632562069175719, 4.713084084043586586, 7.255666970169691865 ) ) ;
#3635 = DIRECTION ( 'NONE',  ( 0.000000000000000000, -1.000000000000000000, 0.000000000000000000 ) ) ;
#3636 = CIRCLE ( 'NONE', #4000, 0.2000000000000000111 ) ;
#3637 = CARTESIAN_POINT ( 'NONE',  ( 281.3937676337362745, 4.433941300660496410, 6.498457756684321573 ) ) ;
#3638 = CARTESIAN_POINT ( 'NONE',  ( 282.1451017938086352, 0.006559545813024831445, 6.499999999999515055 ) ) ;
#3639 = VERTEX_POINT ( 'NONE', #2721 ) ;
#3640 = CARTESIAN_POINT ( 'NONE',  ( 263.9203593767574603, 5.980960739168269313, 7.510033363982651089 ) ) ;
#3641 = CARTESIAN_POINT ( 'NONE',  ( 116.3120765146601059, 0.4222957392863359027, 127.9100000000000250 ) ) ;
#3642 = VERTEX_POINT ( 'NONE', #3279 ) ;
#3643 = CARTESIAN_POINT ( 'NONE',  ( 284.8525446158702721, 0.3692896428020587818, 23.25000000000000355 ) ) ;
#3644 = CARTESIAN_POINT ( 'NONE',  ( 244.3178575065690552, 7.495487858926325409, 6.699173485004450868 ) ) ;
#3645 = CARTESIAN_POINT ( 'NONE',  ( 223.4066447953960051, 8.393609288582311478, 7.375007811178209138 ) ) ;
#3646 = CARTESIAN_POINT ( 'NONE',  ( 261.7239176606827868, 7.212652326155315485, 249.8200000000000500 ) ) ;
#3647 = CARTESIAN_POINT ( 'NONE',  ( 145.3054816353499348, 11.35825931385063825, 22.25193712197278373 ) ) ;
#3648 = AXIS2_PLACEMENT_3D ( 'NONE', #3339, #7280, #6822 ) ;
#3649 = CARTESIAN_POINT ( 'NONE',  ( 285.3562719244105779, -0.02794579988245695160, 9.683741179536188071 ) ) ;
#3650 = CARTESIAN_POINT ( 'NONE',  ( 124.7275780969857948, 13.43487496339518827, 20.48218594415121174 ) ) ;
#3651 = CARTESIAN_POINT ( 'NONE',  ( 157.2572776573956048, 12.64182197955366327, 6.573633939318503039 ) ) ;
#3652 = CARTESIAN_POINT ( 'NONE',  ( 24.54077298051332434, 6.356972980450540156, 6.000000000000003553 ) ) ;
#3653 = LOCAL_TIME ( 8, 56, 26.00000000000000000, #847 ) ;
#3654 = CARTESIAN_POINT ( 'NONE',  ( 125.3225657222276368, 11.14851511016791008, 20.94089999999999918 ) ) ;
#3655 = CARTESIAN_POINT ( 'NONE',  ( 273.6323296970092542, 3.571361987414297445, 23.23329678306363988 ) ) ;
#3656 = CARTESIAN_POINT ( 'NONE',  ( 367.3964936639170560, 2.795340741465532020, 249.8200000000000216 ) ) ;
#3657 = DIRECTION ( 'NONE',  ( -1.000000000000000000, -5.204170427930416866E-14, 0.000000000000000000 ) ) ;
#3658 = DATE_AND_TIME ( #4119, #2239 ) ;
#3659 = EDGE_CURVE ( 'NONE', #763, #4005, #2228, .T. ) ;
#3660 = CARTESIAN_POINT ( 'NONE',  ( 161.3759973731930586, 13.89334309749509799, 6.500000019107369020 ) ) ;
#3661 = CARTESIAN_POINT ( 'NONE',  ( 125.8941340738899157, 13.14006571108466659, 7.216377883499067281 ) ) ;
#3662 = CARTESIAN_POINT ( 'NONE',  ( 233.1696790399631993, 10.64423496225554189, 127.9099999999999113 ) ) ;
#3663 = CARTESIAN_POINT ( 'NONE',  ( 391.2454693069067844, 3.139481527006156458, 371.7300000000000182 ) ) ;
#3664 = CARTESIAN_POINT ( 'NONE',  ( 260.3759731210270161, 8.262420672463726135, 5.999999999999991118 ) ) ;
#3665 = CARTESIAN_POINT ( 'NONE',  ( 127.4948878512441013, 13.66254410637920280, 15.75242262238640123 ) ) ;
#3666 = EDGE_CURVE ( 'NONE', #3499, #163, #1882, .T. ) ;
#3667 = EDGE_LOOP ( 'NONE', ( #6826, #1235, #4082, #3795, #4043, #4144 ) ) ;
#3668 = CARTESIAN_POINT ( 'NONE',  ( 319.2697426666476872, 4.516276446486818585, 249.8200000000001637 ) ) ;
#3669 = CARTESIAN_POINT ( 'NONE',  ( 387.7454693069067844, 3.365671187338276305, 371.6109204194795552 ) ) ;
#3670 = CARTESIAN_POINT ( 'NONE',  ( 275.5735574672186772, 4.811137449834500757, 7.007054767312451915 ) ) ;
#3671 = CARTESIAN_POINT ( 'NONE',  ( 248.5742787514347185, 6.373679694329811518, 186.4667744586933509 ) ) ;
#3672 = CARTESIAN_POINT ( 'NONE',  ( 332.5766904567805682, -2.550287074880778881, 173.2509295888166321 ) ) ;
#3673 = CARTESIAN_POINT ( 'NONE',  ( 283.5212672810983463, 0.2226076079405308605, 6.500000000000013323 ) ) ;
#3674 = ORIENTED_EDGE ( 'NONE', *, *, #6767, .F. ) ;
#3675 = CARTESIAN_POINT ( 'NONE',  ( 243.3612696260033204, 7.172083889337658391, 7.510376036884643725 ) ) ;
#3676 = EDGE_CURVE ( 'NONE', #576, #4632, #2949, .T. ) ;
#3677 = LINE ( 'NONE', #374, #6401 ) ;
#3678 = ORIENTED_EDGE ( 'NONE', *, *, #5136, .F. ) ;
#3679 = CARTESIAN_POINT ( 'NONE',  ( 284.8773597683251637, 0.006206900763062654300, 23.24999999999997868 ) ) ;
#3680 = CARTESIAN_POINT ( 'NONE',  ( 247.7745877087651536, 6.873792155447385532, 7.377028643004513775 ) ) ;
#3681 = CARTESIAN_POINT ( 'NONE',  ( 127.9836380840078647, 12.95141399743795141, 13.29327792169842404 ) ) ;
#3682 = CARTESIAN_POINT ( 'NONE',  ( 243.8770621262321185, 8.133597330052289465, 6.500000000000018652 ) ) ;
#3683 = EDGE_CURVE ( 'NONE', #1805, #4054, #957, .T. ) ;
#3684 = CARTESIAN_POINT ( 'NONE',  ( 387.2791679247365551, 1.502743042777237248, 371.2299999767417376 ) ) ;
#3685 = EDGE_LOOP ( 'NONE', ( #6278, #7205, #2000, #7123 ) ) ;
#3686 = CARTESIAN_POINT ( 'NONE',  ( 163.6982422751513297, 13.77655814352380048, 6.483149760349870228 ) ) ;
#3687 = CARTESIAN_POINT ( 'NONE',  ( 345.7985196025371692, 3.478857799824439212, 339.9893428056911375 ) ) ;
#3688 = CARTESIAN_POINT ( 'NONE',  ( 160.7616818335658024, 12.84309071275728975, 6.500051318359203023 ) ) ;
#3689 = CARTESIAN_POINT ( 'NONE',  ( 157.4189035392089977, 13.00858442864588760, 6.499999999999980460 ) ) ;
#3690 = CARTESIAN_POINT ( 'NONE',  ( 124.6529610884772836, 11.17727394942447816, 19.88179999999999836 ) ) ;
#3691 = CARTESIAN_POINT ( 'NONE',  ( 273.6240690336092598, 3.747955888438444738, 23.21061617968663526 ) ) ;
#3692 = DIRECTION ( 'NONE',  ( -2.856580399953362200E-13, -0.9999999352646697925, 0.0003598203108568317110 ) ) ;
#3693 = DIRECTION ( 'NONE',  ( -2.856580399953363210E-13, -0.9999999352646699036, 0.0003598203108568318194 ) ) ;
#3694 = CARTESIAN_POINT ( 'NONE',  ( 273.4856113628353000, 7.229602405971621515, 249.8199999999993963 ) ) ;
#3695 = CARTESIAN_POINT ( 'NONE',  ( 391.2454693069111613, 3.101008161908155092, 371.2300000000000182 ) ) ;
#3696 = CARTESIAN_POINT ( 'NONE',  ( 283.5255088341141914, -0.01846595722640627379, 6.499999999999992006 ) ) ;
#3697 = CARTESIAN_POINT ( 'NONE',  ( 125.8951926088274007, 13.41312522028624343, 6.780601241303341631 ) ) ;
#3698 = CARTESIAN_POINT ( 'NONE',  ( 165.5486740540624737, 10.93201720239363617, 127.9100000000000250 ) ) ;
#3699 = CARTESIAN_POINT ( 'NONE',  ( 140.5663158043534509, 12.70224880116442989, 23.21417955537900468 ) ) ;
#3700 = DIRECTION ( 'NONE',  ( -0.8636022759601509335, 0.03383517054678583658, 0.5030370664180893181 ) ) ;
#3701 = LINE ( 'NONE', #1379, #7349 ) ;
#3702 = EDGE_LOOP ( 'NONE', ( #3542, #821, #336, #3232, #2021, #789 ) ) ;
#3703 = CARTESIAN_POINT ( 'NONE',  ( 330.7343859407234277, 3.820383608250002005, 249.8200000000000500 ) ) ;
#3704 = CARTESIAN_POINT ( 'NONE',  ( 394.0125601084064897, 0.8487601434269935741, 371.1731706245473674 ) ) ;
#3705 = CARTESIAN_POINT ( 'NONE',  ( 329.4610446726436521, 4.207992151892637978, 312.4762332228754644 ) ) ;
#3706 = CARTESIAN_POINT ( 'NONE',  ( 273.8179569500125012, 4.956624108498869141, 7.135166960868509989 ) ) ;
#3707 = CARTESIAN_POINT ( 'NONE',  ( 362.7454693069067844, 2.920271492011041303, 371.7300000000000182 ) ) ;
#3708 = ADVANCED_FACE ( 'NONE', ( #6622 ), #599, .F. ) ;
#3709 = CARTESIAN_POINT ( 'NONE',  ( 282.3221985699652237, 4.072921173270361628, 6.500061570631619823 ) ) ;
#3710 = CARTESIAN_POINT ( 'NONE',  ( 346.4248835085673477, 3.450415743437625249, 341.2947327595861680 ) ) ;
#3711 = ORIENTED_EDGE ( 'NONE', *, *, #7189, .T. ) ;
#3712 = CARTESIAN_POINT ( 'NONE',  ( 338.9808398999591645, 3.734432578388350965, 340.1863583461337726 ) ) ;
#3713 = ORIENTED_EDGE ( 'NONE', *, *, #2716, .T. ) ;
#3714 = CARTESIAN_POINT ( 'NONE',  ( 312.5233024722545565, 0.1197621705516653812, 371.7300000000000182 ) ) ;
#3715 = ORIENTED_EDGE ( 'NONE', *, *, #5127, .T. ) ;
#3716 = CARTESIAN_POINT ( 'NONE',  ( 411.1323803333807518, 1.019912239709696911, 371.2300000000003593 ) ) ;
#3717 = CARTESIAN_POINT ( 'NONE',  ( 247.8230766415355504, 7.618325726952214438, 6.524048199035674678 ) ) ;
#3718 = CARTESIAN_POINT ( 'NONE',  ( 336.0503105541126274, 3.951351884012294313, 371.7300000000000182 ) ) ;
#3719 = CARTESIAN_POINT ( 'NONE',  ( 243.3228480028023171, 0.1314171806115482788, 371.2300000000000182 ) ) ;
#3720 = EDGE_CURVE ( 'NONE', #3288, #7211, #1985, .T. ) ;
#3721 = CARTESIAN_POINT ( 'NONE',  ( 116.6112685994788052, 13.60683890981404787, 6.552970684376332677 ) ) ;
#3722 = ORIENTED_EDGE ( 'NONE', *, *, #4677, .T. ) ;
#3723 = CARTESIAN_POINT ( 'NONE',  ( 333.9338660171868582, 4.867232740705273564, 340.3752461531673816 ) ) ;
#3724 = ORIENTED_EDGE ( 'NONE', *, *, #4725, .T. ) ;
#3725 = CARTESIAN_POINT ( 'NONE',  ( 347.4090858688350636, 3.411166044670077557, 340.1648446535729136 ) ) ;
#3726 = CARTESIAN_POINT ( 'NONE',  ( 192.0624518761338493, 10.18592284648449819, 7.373208231109144251 ) ) ;
#3727 = CARTESIAN_POINT ( 'NONE',  ( 289.9216473163277215, -0.1832372052573794097, 52.58660476028737207 ) ) ;
#3728 = FACE_BOUND ( 'NONE', #2980, .T. ) ;
#3729 = ORIENTED_EDGE ( 'NONE', *, *, #2713, .F. ) ;
#3730 = LINE ( 'NONE', #4819, #2190 ) ;
#3731 = CARTESIAN_POINT ( 'NONE',  ( 138.4861697816886590, 12.14570362986449936, 23.97679803643376317 ) ) ;
#3732 = CARTESIAN_POINT ( 'NONE',  ( 139.8336678305430212, 13.26013869877651707, 6.694942541616471843 ) ) ;
#3733 = CARTESIAN_POINT ( 'NONE',  ( 70.85720966097761675, 13.57449461413202307, 6.000000000000006217 ) ) ;
#3734 = CARTESIAN_POINT ( 'NONE',  ( 139.7464093704983554, 13.63975617731654744, 21.86937067309353111 ) ) ;
#3735 = DIRECTION ( 'NONE',  ( -2.856580399953362705E-13, -0.9999999352646699036, 0.0003598203108568317652 ) ) ;
#3736 = CARTESIAN_POINT ( 'NONE',  ( 128.0320797898199601, 13.73234790279938089, 13.45279940568376453 ) ) ;
#3737 = ORIENTED_EDGE ( 'NONE', *, *, #4237, .T. ) ;
#3738 = CARTESIAN_POINT ( 'NONE',  ( 288.4850335068265395, 5.396524045025665295, 127.9100000000000250 ) ) ;
#3739 = B_SPLINE_CURVE_WITH_KNOTS ( 'NONE', 3,
 ( #3907, #1052, #3944, #5000, #529, #980, #6226, #4430 ),
 .UNSPECIFIED., .F., .F.,
 ( 4, 2, 2, 4 ),
 ( 1.578890236740933790E-16, 0.0005374523886815987372, 0.0008061785830222511964, 0.001074904777362903656 ),
 .UNSPECIFIED. ) ;
#3740 = B_SPLINE_CURVE_WITH_KNOTS ( 'NONE', 3,
 ( #6212, #3363, #2177, #3818 ),
 .UNSPECIFIED., .F., .F.,
 ( 4, 4 ),
 ( 4.440892098500626162E-16, 0.0005000002360892285809 ),
 .UNSPECIFIED. ) ;
#3741 = CARTESIAN_POINT ( 'NONE',  ( 313.8209879837988865, 4.906862802426855019, 285.3186047625486594 ) ) ;
#3742 = CARTESIAN_POINT ( 'NONE',  ( 278.7071770832446873, 5.397734408464814670, 6.500053170875637498 ) ) ;
#3743 = CARTESIAN_POINT ( 'NONE',  ( 332.5766904567805113, -2.739819871362719983, 173.2509977865707924 ) ) ;
#3744 = CARTESIAN_POINT ( 'NONE',  ( 281.4913869139757594, 3.473045389394632920, 7.084047410316411941 ) ) ;
#3745 = ORIENTED_EDGE ( 'NONE', *, *, #4704, .F. ) ;
#3746 = CARTESIAN_POINT ( 'NONE',  ( 226.2320554783157149, 8.228293175400667181, 7.506945580624525327 ) ) ;
#3747 = CARTESIAN_POINT ( 'NONE',  ( 126.7035272983931549, 4.393901252636585930, 127.9099999999999966 ) ) ;
#3748 = EDGE_CURVE ( 'NONE', #2191, #1767, #2325, .T. ) ;
#3749 = ORIENTED_EDGE ( 'NONE', *, *, #5928, .T. ) ;
#3750 = CARTESIAN_POINT ( 'NONE',  ( 411.4934777561678061, -2.573083460324154800E-05, 371.2300000000000750 ) ) ;
#3751 = CARTESIAN_POINT ( 'NONE',  ( 258.2416209010459056, 6.277956681742316469, 7.370840161762956200 ) ) ;
#3752 = ORIENTED_EDGE ( 'NONE', *, *, #5781, .F. ) ;
#3753 = CARTESIAN_POINT ( 'NONE',  ( 187.3975247672529179, 10.47395276829833577, 127.9100000000000250 ) ) ;
#3754 = CARTESIAN_POINT ( 'NONE',  ( 179.8807128917850378, 11.85072208825602225, 6.500000000000025757 ) ) ;
#3755 = CARTESIAN_POINT ( 'NONE',  ( 335.0504133742655881, -0.01695125113951927512, 152.1217331978147058 ) ) ;
#3756 = B_SPLINE_CURVE_WITH_KNOTS ( 'NONE', 3,
 ( #632, #1232, #1864, #1791, #5767, #1270 ),
 .UNSPECIFIED., .F., .F.,
 ( 4, 2, 4 ),
 ( 7.306960251357167610E-16, 0.0003907005242568093069, 0.0007814010485128878615 ),
 .UNSPECIFIED. ) ;
#3757 = ORIENTED_EDGE ( 'NONE', *, *, #6015, .F. ) ;
#3758 = TOROIDAL_SURFACE ( 'NONE', #565, 0.6634653046645075936, 0.2000000000000000111 ) ;
#3759 = PLANE ( 'NONE',  #4726 ) ;
#3760 = EDGE_LOOP ( 'NONE', ( #5985, #833 ) ) ;
#3761 = CARTESIAN_POINT ( 'NONE',  ( 345.6213431424544069, 2.285908251303453653, 339.0977112219375158 ) ) ;
#3762 = CARTESIAN_POINT ( 'NONE',  ( 192.1177508214754823, 11.19525451913419900, 6.500051467537288019 ) ) ;
#3763 = CARTESIAN_POINT ( 'NONE',  ( 345.6643642440590156, 2.354692284499776633, 339.1521059880726057 ) ) ;
#3764 = AXIS2_PLACEMENT_3D ( 'NONE', #6809, #5694, #1706 ) ;
#3765 = CARTESIAN_POINT ( 'NONE',  ( 143.1919309318352305, 11.15197685291170160, 18.82269999999999754 ) ) ;
#3766 = CARTESIAN_POINT ( 'NONE',  ( 273.4583342061924327, 4.222247567633465870, 23.05095480878617664 ) ) ;
#3767 = EDGE_LOOP ( 'NONE', ( #4741, #1593, #1784, #6681 ) ) ;
#3768 = CARTESIAN_POINT ( 'NONE',  ( 332.5766904567812503, -0.1398200396745771235, 173.2500622537625929 ) ) ;
#3769 = AXIS2_PLACEMENT_3D ( 'NONE', #1826, #6298, #6374 ) ;
#3770 = CARTESIAN_POINT ( 'NONE',  ( 139.3780491692847647, 13.46800482097611962, 21.64928720976246979 ) ) ;
#3771 = CARTESIAN_POINT ( 'NONE',  ( 141.5740245728318030, 13.19210062141931949, 6.695561220688768245 ) ) ;
#3772 = CARTESIAN_POINT ( 'NONE',  ( 343.3095969094909492, 5.212571799297641029, 371.7300000000001887 ) ) ;
#3773 = ORIENTED_EDGE ( 'NONE', *, *, #4374, .F. ) ;
#3774 = CARTESIAN_POINT ( 'NONE',  ( 286.2254265122650168, 2.280580088735712163, 20.69934851048759228 ) ) ;
#3775 = CARTESIAN_POINT ( 'NONE',  ( 133.0121119316579268, 11.50970095778409785, 22.03616107264404178 ) ) ;
#3776 = FACE_OUTER_BOUND ( 'NONE', #6084, .T. ) ;
#3777 = ORIENTED_EDGE ( 'NONE', *, *, #2836, .F. ) ;
#3778 = CARTESIAN_POINT ( 'NONE',  ( 272.4673718862970304, 6.380901925673319930, 127.9100000000000534 ) ) ;
#3779 = CARTESIAN_POINT ( 'NONE',  ( 115.4490291485441986, 13.27641979339505163, 6.771937527132381618 ) ) ;
#3780 = CARTESIAN_POINT ( 'NONE',  ( 346.5502320811487493, 4.296029862629718643, 361.0685843737225582 ) ) ;
#3781 = CARTESIAN_POINT ( 'NONE',  ( 276.8915362517798258, 4.684631494619967640, 7.003801819486018765 ) ) ;
#3782 = CARTESIAN_POINT ( 'NONE',  ( 362.5708018573711797, 2.927051735604210059, 371.7300000000000182 ) ) ;
#3783 = CARTESIAN_POINT ( 'NONE',  ( 281.9288542283393326, 3.811830756479041238, 6.587995592300840642 ) ) ;
#3784 = VERTEX_POINT ( 'NONE', #5537 ) ;
#3785 = CARTESIAN_POINT ( 'NONE',  ( 326.4493947399652143, 3.975415329330767022, 340.2136436697909403 ) ) ;
#3786 = CARTESIAN_POINT ( 'NONE',  ( 315.6798326431434702, 0.7959156355412150274, 371.7300000000000182 ) ) ;
#3787 = DIRECTION ( 'NONE',  ( 0.000000000000000000, 0.000000000000000000, 1.000000000000000000 ) ) ;
#3788 = CARTESIAN_POINT ( 'NONE',  ( 263.5081314195778646, 6.882916453616914509, 6.498705526447182912 ) ) ;
#3789 = CARTESIAN_POINT ( 'NONE',  ( 261.9384753398874750, 7.214755975743962324, 249.8200000000000500 ) ) ;
#3790 = CARTESIAN_POINT ( 'NONE',  ( 365.7454693069067275, 4.688385421200238490, 371.7300000000000182 ) ) ;
#3791 = DIRECTION ( 'NONE',  ( 1.000000000000000000, 0.000000000000000000, 0.000000000000000000 ) ) ;
#3792 = CARTESIAN_POINT ( 'NONE',  ( 347.0455511651554730, -0.01429739757521318252, 186.5033174084711618 ) ) ;
#3793 = ORIENTED_EDGE ( 'NONE', *, *, #164, .F. ) ;
#3794 = DIRECTION ( 'NONE',  ( -1.000000000000000000, 0.000000000000000000, -0.000000000000000000 ) ) ;
#3795 = ORIENTED_EDGE ( 'NONE', *, *, #5593, .F. ) ;
#3796 = DIRECTION ( 'NONE',  ( -2.838219140264469213E-29, -0.0003598203108568318194, -0.9999999352646697925 ) ) ;
#3797 = CARTESIAN_POINT ( 'NONE',  ( 160.1133832490674820, 13.95788694273109876, 6.496188198024798410 ) ) ;
#3798 = CARTESIAN_POINT ( 'NONE',  ( 192.1105193808218985, 11.06326392382353418, 6.498710271885675738 ) ) ;
#3799 = CARTESIAN_POINT ( 'NONE',  ( 286.4037320565593063, 0.005955822017862989239, 22.55221079430900488 ) ) ;
#3800 = CARTESIAN_POINT ( 'NONE',  ( 160.3759731210269877, 12.85650579990716835, 5.999999999999988454 ) ) ;
#3801 = EDGE_CURVE ( 'NONE', #3987, #5960, #3823, .T. ) ;
#3802 = ORIENTED_EDGE ( 'NONE', *, *, #1774, .T. ) ;
#3803 = CARTESIAN_POINT ( 'NONE',  ( 190.4169678051631820, 9.161492296287260473, 128.2433333333333110 ) ) ;
#3804 = CARTESIAN_POINT ( 'NONE',  ( 130.2707498499015344, 14.08812864283352262, 6.327413002522430219 ) ) ;
#3805 = CARTESIAN_POINT ( 'NONE',  ( 233.8556746240212192, 7.803313788821607311, 7.242703141404852829 ) ) ;
#3806 = CARTESIAN_POINT ( 'NONE',  ( 132.8627998551884275, 13.04537435321647898, 7.351794705746025116 ) ) ;
#3807 = CARTESIAN_POINT ( 'NONE',  ( 329.9116608010036771, 4.779953766711425800, 371.7300000000002456 ) ) ;
#3808 = CARTESIAN_POINT ( 'NONE',  ( 345.6213431424546911, 2.285908251303632177, 339.0977112219379137 ) ) ;
#3809 = CARTESIAN_POINT ( 'NONE',  ( 396.1858257940437511, 0.6358947485353381168, 371.1368466065741245 ) ) ;
#3810 = DIRECTION ( 'NONE',  ( -1.519310039860604572E-31, 0.0003598203108568316568, 0.9999999352646697925 ) ) ;
#3811 = EDGE_CURVE ( 'NONE', #2209, #2996, #7050, .T. ) ;
#3812 = CARTESIAN_POINT ( 'NONE',  ( 284.1611319825603346, 2.107880966435426107, 23.24619876983528499 ) ) ;
#3813 = VERTEX_POINT ( 'NONE', #4975 ) ;
#3814 = CARTESIAN_POINT ( 'NONE',  ( 358.7937029116059193, 1.726505603745101647, 249.8200000000000500 ) ) ;
#3815 = CARTESIAN_POINT ( 'NONE',  ( 387.4811414874884008, 1.349998713264833672, 371.1730983561255357 ) ) ;
#3816 = CARTESIAN_POINT ( 'NONE',  ( 326.0360471823277635, 3.955419536414229054, 338.9464136951153819 ) ) ;
#3817 = EDGE_CURVE ( 'NONE', #2074, #4343, #1003, .T. ) ;
#3818 = CARTESIAN_POINT ( 'NONE',  ( 365.7454693069067275, 4.688385274504223155, 371.2300000000000182 ) ) ;
#3819 = CARTESIAN_POINT ( 'NONE',  ( 278.2115680802135103, 4.828544277990558520, 6.702055341908969233 ) ) ;
#3820 = CARTESIAN_POINT ( 'NONE',  ( 144.9097209595611844, 11.06262197764573507, 22.49369812824840409 ) ) ;
#3821 = CARTESIAN_POINT ( 'NONE',  ( 281.6324749563253249, 3.289944125536380160, 7.509611471026929941 ) ) ;
#3822 = CARTESIAN_POINT ( 'NONE',  ( 138.4771947456392240, 11.19176245490041133, 22.15238687461119582 ) ) ;
#3823 = B_SPLINE_CURVE_WITH_KNOTS ( 'NONE', 3,
 ( #1508, #393, #3352, #5505 ),
 .UNSPECIFIED., .F., .F.,
 ( 4, 4 ),
 ( 0.0003381256848482043433, 0.006981708759318864393 ),
 .UNSPECIFIED. ) ;
#3824 =( BOUNDED_SURFACE ( )  B_SPLINE_SURFACE ( 3, 2, ( 
 ( #1019, #5110, #6228 ),
 ( #5565, #4471, #5003 ),
 ( #7285, #2270, #4546 ),
 ( #6825, #2744, #2158 ),
 ( #6715, #3872, #4104 ),
 ( #1327, #2979, #4146 ) ),
 .UNSPECIFIED., .F., .F., .F. ) 
 B_SPLINE_SURFACE_WITH_KNOTS ( ( 4, 2, 4 ),
 ( 3, 3 ),
 ( 0.000000000000000000, 0.0004462330290087158750, 0.0008924660580174317501 ),
 ( 0.000000000000000000, 1.000000000000000000 ),
 .UNSPECIFIED. ) 
 GEOMETRIC_REPRESENTATION_ITEM ( )  RATIONAL_B_SPLINE_SURFACE ( (
 ( 1.000000000000000000, 0.5274327996177027300, 1.000000000000000000),
 ( 1.000000000000000000, 0.5503413712946704228, 1.000000000000000000),
 ( 1.000000000000000000, 0.5803673250662660932, 1.000000000000000000),
 ( 1.000000000000000000, 0.6415333444330278967, 1.000000000000000000),
 ( 1.000000000000000000, 0.6733022373945632966, 1.000000000000000000),
 ( 1.000000000000000000, 0.7027218463968567530, 1.000000000000000000) ) ) 
 REPRESENTATION_ITEM ( '' )  SURFACE ( )  );
#3825 = CARTESIAN_POINT ( 'NONE',  ( 49.80649258279250802, 9.624349752167312033, 6.000000000000003553 ) ) ;
#3826 = CARTESIAN_POINT ( 'NONE',  ( 361.1762053302104505, 3.663198519762531191, 249.8199999999999648 ) ) ;
#3827 = CARTESIAN_POINT ( 'NONE',  ( 263.4654264773367345, 6.206326374137408841, 6.885794827327639034 ) ) ;
#3828 = EDGE_LOOP ( 'NONE', ( #5566, #2172, #4639, #5161 ) ) ;
#3829 = CARTESIAN_POINT ( 'NONE',  ( 144.9174551721348791, 11.36846579892811349, 22.03917818090719294 ) ) ;
#3830 = CARTESIAN_POINT ( 'NONE',  ( 116.5139695395110806, 13.00006068462756659, 7.452588719057668953 ) ) ;
#3831 = B_SPLINE_CURVE_WITH_KNOTS ( 'NONE', 3,
 ( #4382, #4943, #4450, #6731, #1627, #3891, #6171, #2835, #6885, #1783 ),
 .UNSPECIFIED., .F., .F.,
 ( 4, 2, 2, 2, 4 ),
 ( 2.034365477134303744E-16, 0.0002815139451873307466, 0.0005630278903744579885, 0.0008445418355615852846, 0.001126055780748712581 ),
 .UNSPECIFIED. ) ;
#3832 = CARTESIAN_POINT ( 'NONE',  ( 289.9216473163277783, 0.01676278179555362041, 52.58653279622519250 ) ) ;
#3833 = CARTESIAN_POINT ( 'NONE',  ( 130.3756743190510576, 14.07326670676723701, 6.499999999999992006 ) ) ;
#3834 = EDGE_LOOP ( 'NONE', ( #1355, #6301, #4016, #697 ) ) ;
#3835 = CARTESIAN_POINT ( 'NONE',  ( 281.9087434997383070, 1.052016561854812293, 6.000000000000000000 ) ) ;
#3836 = ORIENTED_EDGE ( 'NONE', *, *, #4368, .T. ) ;
#3837 = CARTESIAN_POINT ( 'NONE',  ( 347.5735089481439104, 3.404755445498406363, 339.2685548714948709 ) ) ;
#3838 = CARTESIAN_POINT ( 'NONE',  ( 185.1225738712391831, 11.06944525370206200, 6.623559380938168317 ) ) ;
#3839 = CARTESIAN_POINT ( 'NONE',  ( 126.9226882963822902, 12.05036999264411435, 23.95406716316437112 ) ) ;
#3840 = B_SPLINE_CURVE_WITH_KNOTS ( 'NONE', 3,
 ( #2566, #3686, #2638, #6682, #2084, #2530 ),
 .UNSPECIFIED., .F., .F.,
 ( 4, 2, 4 ),
 ( 0.000000000000000000, 0.0003629280269618637774, 0.0007258560539237275547 ),
 .UNSPECIFIED. ) ;
#3841 = CARTESIAN_POINT ( 'NONE',  ( 332.8979890622670723, 3.991548049249306285, 338.6762028569955305 ) ) ;
#3842 = ORIENTED_EDGE ( 'NONE', *, *, #2992, .T. ) ;
#3843 = CARTESIAN_POINT ( 'NONE',  ( 128.6930174837467291, 12.14486018972542603, 22.99999999999999645 ) ) ;
#3844 = CARTESIAN_POINT ( 'NONE',  ( 130.0976513292959567, 13.88818421728513464, 6.427428919046029421 ) ) ;
#3845 = EDGE_CURVE ( 'NONE', #2837, #5251, #3523, .T. ) ;
#3846 = CARTESIAN_POINT ( 'NONE',  ( 138.0873732757134746, 13.12994486001796446, 6.877631280846972395 ) ) ;
#3847 = CARTESIAN_POINT ( 'NONE',  ( 338.2213100698324979, 5.159627315543153792, 371.7299999999999613 ) ) ;
#3848 = CARTESIAN_POINT ( 'NONE',  ( 286.4928749261703729, 1.662200645629476226, 20.66449426340327378 ) ) ;
#3849 = CARTESIAN_POINT ( 'NONE',  ( 398.3596771757187867, 0.4294719122505044617, 371.0855074341314435 ) ) ;
#3850 = CARTESIAN_POINT ( 'NONE',  ( 362.3774718827533547, 2.934556421367096490, 371.2300000835087985 ) ) ;
#3851 = CYLINDRICAL_SURFACE ( 'NONE', #4137, 1.000000000000000888 ) ;
#3852 = CARTESIAN_POINT ( 'NONE',  ( 284.2431919022913576, 2.225837147374923664, 23.23115553631059882 ) ) ;
#3853 = EDGE_LOOP ( 'NONE', ( #6497, #2608, #7184, #5861, #2783 ) ) ;
#3854 = CARTESIAN_POINT ( 'NONE',  ( 302.8994606689714146, 4.489010094827747821, 127.9099999999999966 ) ) ;
#3855 = CARTESIAN_POINT ( 'NONE',  ( 385.3097357984456721, 1.595889432303739808, 371.2305461153659962 ) ) ;
#3856 = CARTESIAN_POINT ( 'NONE',  ( 328.6211069939320737, 3.941784390379573733, 338.9448589240561773 ) ) ;
#3857 = DIRECTION ( 'NONE',  ( 0.000000000000000000, 0.000000000000000000, -1.000000000000000000 ) ) ;
#3858 = CARTESIAN_POINT ( 'NONE',  ( 399.3460519524767278, 0.1313785326224112537, 371.1225908789251093 ) ) ;
#3859 = CARTESIAN_POINT ( 'NONE',  ( 277.3160979782818458, 4.546745599286709627, 7.251545169568815119 ) ) ;
#3860 = CARTESIAN_POINT ( 'NONE',  ( 411.3071672075528795, 1.017138490711878118, 371.7300000000003024 ) ) ;
#3861 = AXIS2_PLACEMENT_3D ( 'NONE', #1846, #7058, #5352 ) ;
#3862 = CARTESIAN_POINT ( 'NONE',  ( 280.8567202514740302, 3.834788771357618309, 7.080995677845223213 ) ) ;
#3863 = CARTESIAN_POINT ( 'NONE',  ( 128.8273939620447379, 11.19349222908519259, 22.14943456145114453 ) ) ;
#3864 = CC_DESIGN_PERSON_AND_ORGANIZATION_ASSIGNMENT ( #2502, #5944, ( #2694 ) ) ;
#3865 = CARTESIAN_POINT ( 'NONE',  ( 41.64597695011840983, 8.263374539660979679, 6.000000000000000888 ) ) ;
#3866 = CARTESIAN_POINT ( 'NONE',  ( 253.0473352100315196, 8.638271996257916641, 6.000000000000001776 ) ) ;
#3867 = CARTESIAN_POINT ( 'NONE',  ( 261.7464012033084373, 6.602886475955705770, 6.623590398332118490 ) ) ;
#3868 = CARTESIAN_POINT ( 'NONE',  ( 391.2454690664968666, 1.203566910909072307, 371.2299998310068077 ) ) ;
#3869 = LINE ( 'NONE', #2857, #2102 ) ;
#3870 = CARTESIAN_POINT ( 'NONE',  ( 359.6207082397366435, 3.039164771441196233, 371.2300000000000750 ) ) ;
#3871 = VERTEX_POINT ( 'NONE', #1137 ) ;
#3872 = CARTESIAN_POINT ( 'NONE',  ( 332.5784156633454813, 3.418513184405933991, 338.1520392113775415 ) ) ;
#3873 = EDGE_LOOP ( 'NONE', ( #1144, #6162, #6208, #4072 ) ) ;
#3874 = CARTESIAN_POINT ( 'NONE',  ( 340.3726103370311193, 0.8374963849463447074, 206.4764288627854967 ) ) ;
#3875 = CARTESIAN_POINT ( 'NONE',  ( 192.0837307916445980, 10.57431017289279751, 6.697963704354167547 ) ) ;
#3876 = CARTESIAN_POINT ( 'NONE',  ( 139.9968468242649351, 13.34197696791427212, 22.28013768061159183 ) ) ;
#3877 = CARTESIAN_POINT ( 'NONE',  ( 160.0266466080318821, 12.87440534469464204, 5.999999999999988454 ) ) ;
#3878 = AXIS2_PLACEMENT_3D ( 'NONE', #3093, #6541, #6043 ) ;
#3879 = VERTEX_POINT ( 'NONE', #2874 ) ;
#3880 = CARTESIAN_POINT ( 'NONE',  ( 123.1583203809120306, 12.71573271293305218, 17.97793786988683351 ) ) ;
#3881 = DIRECTION ( 'NONE',  ( -2.856580399953362705E-13, -0.9999999352646697925, 0.0003598203108568317652 ) ) ;
#3882 = CARTESIAN_POINT ( 'NONE',  ( 230.3723446919979381, 7.983424988838045522, 7.374893932445902855 ) ) ;
#3883 = CARTESIAN_POINT ( 'NONE',  ( 139.8304643697390759, 13.16666353695150526, 6.786890015250652830 ) ) ;
#3884 = CARTESIAN_POINT ( 'NONE',  ( 232.3234793396183306, 6.647412954354800618, 249.8200000000000216 ) ) ;
#3885 = AXIS2_PLACEMENT_3D ( 'NONE', #4048, #6331, #1191 ) ;
#3886 = CARTESIAN_POINT ( 'NONE',  ( 145.3041540920082468, 11.35489842754218692, 22.25268033565293280 ) ) ;
#3887 = DIRECTION ( 'NONE',  ( 2.856580399953362200E-13, 0.9999999352646697925, -0.0003598203108568316568 ) ) ;
#3888 = CARTESIAN_POINT ( 'NONE',  ( 398.3764861522328715, 0.6278564537427284709, 371.2300000000000182 ) ) ;
#3889 = EDGE_CURVE ( 'NONE', #3178, #1539, #6860, .T. ) ;
#3890 = CIRCLE ( 'NONE', #6038, 0.6634653046645194729 ) ;
#3891 = CARTESIAN_POINT ( 'NONE',  ( 325.8863652051301187, 3.669385401722904394, 338.6436227532234398 ) ) ;
#3892 = ORIENTED_EDGE ( 'NONE', *, *, #7258, .F. ) ;
#3893 = CARTESIAN_POINT ( 'NONE',  ( 350.2184820742630222, 2.541139822780826840, 249.8200000000000216 ) ) ;
#3894 = CARTESIAN_POINT ( 'NONE',  ( 389.6540208195651758, 1.126318113208392369, 371.0327480576107178 ) ) ;
#3895 = CARTESIAN_POINT ( 'NONE',  ( 332.5121232606854278, 4.709336083067662493, 339.4839174819390450 ) ) ;
#3896 = DIRECTION ( 'NONE',  ( 2.934069691653083452E-14, -1.000000000000000000, 0.000000000000000000 ) ) ;
#3897 = CARTESIAN_POINT ( 'NONE',  ( 277.7822413003813153, 4.867797996682530659, 6.701318670090014251 ) ) ;
#3898 = CARTESIAN_POINT ( 'NONE',  ( 281.5800000000000978, -5.559999999999991616, 6.000000000000000000 ) ) ;
#3899 = CARTESIAN_POINT ( 'NONE',  ( 280.8697562974966218, 3.748247872545159343, 7.651374883268578841 ) ) ;
#3900 = CARTESIAN_POINT ( 'NONE',  ( 260.3759731210270161, 8.262420708539105263, 6.499999999999989342 ) ) ;
#3901 = CARTESIAN_POINT ( 'NONE',  ( 230.1546478080028066, 4.255597133341391114, 249.8200000000000500 ) ) ;
#3902 = CARTESIAN_POINT ( 'NONE',  ( 346.8332158792003383, 4.775503616240500904, 249.8200000000000216 ) ) ;
#3903 = CARTESIAN_POINT ( 'NONE',  ( 260.0084767473280181, 6.700038181653702907, 6.623167179000748916 ) ) ;
#3904 = CARTESIAN_POINT ( 'NONE',  ( 273.2235515615195709, 5.432149226212960258, 23.24999999998798472 ) ) ;
#3905 = CARTESIAN_POINT ( 'NONE',  ( 137.9722821521991136, 12.62309744764041319, 23.14665296674450090 ) ) ;
#3906 = EDGE_CURVE ( 'NONE', #5044, #3514, #4285, .T. ) ;
#3907 = CARTESIAN_POINT ( 'NONE',  ( 332.7249766320435356, 3.881151624914460641, 338.9470712220444852 ) ) ;
#3908 = CARTESIAN_POINT ( 'NONE',  ( 346.4248835085062410, 3.450415743440032657, 341.2947327596211835 ) ) ;
#3909 = VERTEX_POINT ( 'NONE', #3429 ) ;
#3910 = CARTESIAN_POINT ( 'NONE',  ( 327.9180705598548116, 3.518907961173424859, 338.1033223980209073 ) ) ;
#3911 = VERTEX_POINT ( 'NONE', #5120 ) ;
#3912 = CARTESIAN_POINT ( 'NONE',  ( 259.8759731210270161, 7.200842475548608235, 6.499999999999984013 ) ) ;
#3913 = CARTESIAN_POINT ( 'NONE',  ( 199.0330246452239180, 9.874977780101657387, 7.118969837837098247 ) ) ;
#3914 = CARTESIAN_POINT ( 'NONE',  ( 139.9075990917480112, 13.39333319727245275, 22.13375372940581443 ) ) ;
#3915 = EDGE_CURVE ( 'NONE', #6327, #5389, #3160, .T. ) ;
#3916 = CARTESIAN_POINT ( 'NONE',  ( 332.5766904567812503, -0.1287087466368916355, 175.0401253779660351 ) ) ;
#3917 = VERTEX_POINT ( 'NONE', #6835 ) ;
#3918 = CARTESIAN_POINT ( 'NONE',  ( 123.2982933922430959, 12.76662264446353312, 16.96171915374142358 ) ) ;
#3919 = B_SPLINE_CURVE_WITH_KNOTS ( 'NONE', 3,
 ( #942, #4292, #5967, #3830 ),
 .UNSPECIFIED., .F., .F.,
 ( 4, 4 ),
 ( 4.336808689942017736E-18, 0.0002027361636935007488 ),
 .UNSPECIFIED. ) ;
#3920 = CARTESIAN_POINT ( 'NONE',  ( 333.9139377211204760, 4.762232468830798204, 340.3844977387668678 ) ) ;
#3921 = CARTESIAN_POINT ( 'NONE',  ( 237.3884854441492394, 8.440602422919978309, 6.498704181126306878 ) ) ;
#3922 = CARTESIAN_POINT ( 'NONE',  ( 153.7596043406614967, 12.59208786343722331, 6.697942948164512522 ) ) ;
#3923 = CARTESIAN_POINT ( 'NONE',  ( 139.4578737143587546, 8.965344776781714486, 127.9100000000000534 ) ) ;
#3924 = CARTESIAN_POINT ( 'NONE',  ( 289.9216473163270393, -2.782998308653354957, 53.25100555481046172 ) ) ;
#3925 = CARTESIAN_POINT ( 'NONE',  ( 281.1915959550974549, 5.797018492888099672, 6.500000000000002665 ) ) ;
#3926 = ORIENTED_EDGE ( 'NONE', *, *, #1507, .F. ) ;
#3927 = CARTESIAN_POINT ( 'NONE',  ( 353.6512280988000043, 2.253601073317251124, 249.8200000000000500 ) ) ;
#3928 = CARTESIAN_POINT ( 'NONE',  ( 387.4766824971577535, 1.289905386286335442, 371.0326409578157154 ) ) ;
#3929 = CARTESIAN_POINT ( 'NONE',  ( 358.5985407760770158, 0.09014140617024052338, 256.5178213575475183 ) ) ;
#3930 = CARTESIAN_POINT ( 'NONE',  ( 376.7180248169148058, 2.033587871109185485, 371.0317274838363346 ) ) ;
#3931 = CARTESIAN_POINT ( 'NONE',  ( 279.0983519602079355, 5.074850449231142591, 6.525011075208223765 ) ) ;
#3932 = CARTESIAN_POINT ( 'NONE',  ( 346.4536438240759821, 0.07814312004397862277, 223.1726071191824587 ) ) ;
#3933 = B_SPLINE_CURVE_WITH_KNOTS ( 'NONE', 3,
 ( #2965, #4617, #4051, #142 ),
 .UNSPECIFIED., .F., .F.,
 ( 4, 4 ),
 ( 0.000000000000000000, 1.000000000000000000 ),
 .UNSPECIFIED. ) ;
#3934 = CARTESIAN_POINT ( 'NONE',  ( 281.2187760476704739, 4.366934694361919611, 6.528651959731877064 ) ) ;
#3935 = CARTESIAN_POINT ( 'NONE',  ( 326.4435122503414277, 2.492474168517578192, 339.5248306137731333 ) ) ;
#3936 = CARTESIAN_POINT ( 'NONE',  ( 147.3237838657898067, 7.858842227312464956, 127.9099999999998545 ) ) ;
#3937 = CARTESIAN_POINT ( 'NONE',  ( 309.2603080865209790, 6.138515955771059573, 127.9100000000000250 ) ) ;
#3938 = ADVANCED_FACE ( 'NONE', ( #1734 ), #3758, .F. ) ;
#3939 = CARTESIAN_POINT ( 'NONE',  ( 268.6702360299408952, 6.029007858835599087, 6.626958100447395417 ) ) ;
#3940 = CARTESIAN_POINT ( 'NONE',  ( 127.2642667555219305, 12.87057621542547103, 15.98321747506032864 ) ) ;
#3941 = CARTESIAN_POINT ( 'NONE',  ( 272.9389522392898471, 4.993626900878153307, 7.396001412582936752 ) ) ;
#3942 = CARTESIAN_POINT ( 'NONE',  ( 326.0820357424129270, 3.965190561223391086, 338.9531037367864315 ) ) ;
#3943 = CARTESIAN_POINT ( 'NONE',  ( 280.8524206711206261, 3.918726552043317213, 6.950063401430282894 ) ) ;
#3944 = CARTESIAN_POINT ( 'NONE',  ( 332.6123082200634258, 3.622733036192031353, 338.7186891894497194 ) ) ;
#3945 = CARTESIAN_POINT ( 'NONE',  ( 317.6329500756087327, 3.573968319825698625, 144.0420708891572303 ) ) ;
#3946 = CARTESIAN_POINT ( 'NONE',  ( 362.7454693069057612, 4.811162420171592125, 371.7300000000000182 ) ) ;
#3947 = ORIENTED_EDGE ( 'NONE', *, *, #1649, .F. ) ;
#3948 = CARTESIAN_POINT ( 'NONE',  ( 119.0380200819035537, 12.89515462553273828, 11.38542078208916308 ) ) ;
#3949 = CARTESIAN_POINT ( 'NONE',  ( 216.4931231268358545, 9.682167864750997666, 6.498707200990448740 ) ) ;
#3951 = CARTESIAN_POINT ( 'NONE',  ( 139.5487700764611816, 13.46805697501539534, 21.54520310087461965 ) ) ;
#3950 = B_SPLINE_CURVE_WITH_KNOTS ( 'NONE', 3,
 ( #1426, #3750, #6570, #834, #266, #3716, #1458, #2631, #869 ),
 .UNSPECIFIED., .F., .F.,
 ( 4, 2, 1, 1, 1, 4 ),
 ( 2.268991546216854070E-05, 2.272871479386643376E-05, 0.0005719203952305946300, 0.001121112075667322948, 0.001670303756104017873, 0.002219495436540745974 ),
 .UNSPECIFIED. ) ;
#3952 = CARTESIAN_POINT ( 'NONE',  ( 204.3975247672485693, 10.53129856263933917, 127.9100000000000250 ) ) ;
#3953 = VERTEX_POINT ( 'NONE', #4517 ) ;
#3954 = CARTESIAN_POINT ( 'NONE',  ( 123.0835037378019763, 12.73793753200039269, 17.45339370928975598 ) ) ;
#3955 = VERTEX_POINT ( 'NONE', #6795 ) ;
#3956 = EDGE_CURVE ( 'NONE', #3187, #6029, #7312, .T. ) ;
#3957 = CARTESIAN_POINT ( 'NONE',  ( 326.4435122503414277, 2.492474168517578192, 339.5248306137731333 ) ) ;
#3958 = B_SPLINE_CURVE_WITH_KNOTS ( 'NONE', 3,
 ( #4991, #6707, #1601, #6674, #5554, #1641 ),
 .UNSPECIFIED., .F., .F.,
 ( 4, 2, 4 ),
 ( 4.475527734957445477E-16, 0.0003907228076982200782, 0.0007814456153959925978 ),
 .UNSPECIFIED. ) ;
#3959 = CARTESIAN_POINT ( 'NONE',  ( 237.3512850028130856, 7.857382327899728125, 6.792521892380444903 ) ) ;
#3960 = CARTESIAN_POINT ( 'NONE',  ( 150.2601736092611588, 12.47603359017496949, 7.118091596159246137 ) ) ;
#3961 = CARTESIAN_POINT ( 'NONE',  ( 226.5716217432379835, 5.807259384543162817, 249.8200000000000500 ) ) ;
#3962 = FACE_OUTER_BOUND ( 'NONE', #6459, .T. ) ;
#3963 = CARTESIAN_POINT ( 'NONE',  ( 399.2777912094585986, 0.3862775737814697075, 371.2300000000000182 ) ) ;
#3964 = CARTESIAN_POINT ( 'NONE',  ( 113.4847613670913802, 13.75140647217859602, 6.000000000000005329 ) ) ;
#3965 = CARTESIAN_POINT ( 'NONE',  ( 390.8955201548481568, 3.127968182567959055, 371.2299995642491126 ) ) ;
#3966 = ORIENTED_EDGE ( 'NONE', *, *, #1223, .F. ) ;
#3967 = CARTESIAN_POINT ( 'NONE',  ( 270.1931883112521291, 5.298218161105267221, 5.999999999999991118 ) ) ;
#3968 = CARTESIAN_POINT ( 'NONE',  ( 389.6613952466171895, 1.223733560911809626, 371.2096333070626315 ) ) ;
#3969 = CARTESIAN_POINT ( 'NONE',  ( 117.1950234312516699, 13.11770415999515649, 7.083436369998125315 ) ) ;
#3970 = B_SPLINE_CURVE_WITH_KNOTS ( 'NONE', 3,
 ( #2719, #1691, #3880, #1619, #3314, #3954, #5045, #3918, #1174, #5608, #5644, #541 ),
 .UNSPECIFIED., .F., .F.,
 ( 4, 2, 2, 2, 2, 4 ),
 ( 3.421409496571357337E-17, 0.0002656983619983278823, 0.0005313967239966216121, 0.001062793447993219589, 0.001594190171989817457, 0.002125586895986415759 ),
 .UNSPECIFIED. ) ;
#3971 = CARTESIAN_POINT ( 'NONE',  ( 390.7454693069067844, 3.139481527006156458, 371.7300000000000182 ) ) ;
#3972 = CARTESIAN_POINT ( 'NONE',  ( 279.9271709765581022, 4.889678004887266560, 6.526070735531700251 ) ) ;
#3973 = CARTESIAN_POINT ( 'NONE',  ( 283.4597826926242874, -3.097308771357895729, 6.000000000000002665 ) ) ;
#3974 = CARTESIAN_POINT ( 'NONE',  ( 281.0892693952495165, 4.137364787094529817, 6.647109678143808154 ) ) ;
#3975 = CARTESIAN_POINT ( 'NONE',  ( 390.7454693069067844, 1.241910405717955301, 371.7300000000000182 ) ) ;
#3976 = CARTESIAN_POINT ( 'NONE',  ( 328.7182757897454621, 4.738826357955773005, 340.4838092675886401 ) ) ;
#3977 = CARTESIAN_POINT ( 'NONE',  ( 53.91383532906946385, 10.17128854382917424, 5.999999999999993783 ) ) ;
#3978 = CARTESIAN_POINT ( 'NONE',  ( 304.3552307763139311, 6.415997785323368063, 127.9099999999999966 ) ) ;
#3979 = CIRCLE ( 'NONE', #1262, 1.999999999999978906 ) ;
#3980 = CARTESIAN_POINT ( 'NONE',  ( 267.7543418031038414, 5.635273370006028237, 7.524061741328268660 ) ) ;
#3981 = CARTESIAN_POINT ( 'NONE',  ( 132.1108687782737547, 11.51531522897986548, 22.03586520472242327 ) ) ;
#3982 = CARTESIAN_POINT ( 'NONE',  ( 272.1978758992508460, 6.109056434152066117, 6.500053125111543650 ) ) ;
#3983 = CARTESIAN_POINT ( 'NONE',  ( 139.2276370558416261, 12.61181606725469173, 23.14773142363748804 ) ) ;
#3984 = CARTESIAN_POINT ( 'NONE',  ( 281.5505684053705977, 4.470934285142853959, 6.500000000000111910 ) ) ;
#3985 = CARTESIAN_POINT ( 'NONE',  ( 396.7396920926237271, -0.003302840903189787746, 328.9413096090011663 ) ) ;
#3986 = EDGE_CURVE ( 'NONE', #3011, #1686, #2282, .T. ) ;
#3987 = VERTEX_POINT ( 'NONE', #459 ) ;
#3988 = CARTESIAN_POINT ( 'NONE',  ( 331.5568549053672314, 3.906303048425137980, 338.9478881566273003 ) ) ;
#3989 = CARTESIAN_POINT ( 'NONE',  ( 282.5253679464040601, -0.0005352632906029595712, 7.423063591842857356 ) ) ;
#3990 = ORIENTED_EDGE ( 'NONE', *, *, #360, .T. ) ;
#3991 = CARTESIAN_POINT ( 'NONE',  ( 205.9960333133818438, 9.434877188363508083, 7.241656929375060336 ) ) ;
#3992 = CARTESIAN_POINT ( 'NONE',  ( 332.5766904567805113, -2.739819871362719983, 173.2509977865707924 ) ) ;
#3993 = ORIENTED_EDGE ( 'NONE', *, *, #4811, .F. ) ;
#3994 = CARTESIAN_POINT ( 'NONE',  ( 266.0544786405185391, 6.370710817566327400, 233.4866666666664514 ) ) ;
#3995 = ORIENTED_EDGE ( 'NONE', *, *, #4415, .T. ) ;
#3996 = AXIS2_PLACEMENT_3D ( 'NONE', #5207, #1697, #583 ) ;
#3997 = CARTESIAN_POINT ( 'NONE',  ( 289.9216473163277215, -0.1829984769652123200, 53.25007002200222672 ) ) ;
#3998 = CARTESIAN_POINT ( 'NONE',  ( 146.8129370364162867, 13.31557317693143716, 6.523801956989961681 ) ) ;
#3999 = CARTESIAN_POINT ( 'NONE',  ( 312.0949163556626900, 2.165480986346052017, 371.7300000000000182 ) ) ;
#4000 = AXIS2_PLACEMENT_3D ( 'NONE', #512, #6768, #1071 ) ;
#4001 = CARTESIAN_POINT ( 'NONE',  ( 263.3759731210270161, 7.005711497204469396, 5.999999999999991118 ) ) ;
#4002 = CARTESIAN_POINT ( 'NONE',  ( 124.1097342396211616, 11.04765913348997408, 22.00000000000000000 ) ) ;
#4003 = CARTESIAN_POINT ( 'NONE',  ( 399.6616410189827207, 0.1314171806098526352, 371.2300000000000750 ) ) ;
#4004 = DIRECTION ( 'NONE',  ( 2.775557561562891351E-13, 1.000000000000000000, 0.000000000000000000 ) ) ;
#4005 = VERTEX_POINT ( 'NONE', #5108 ) ;
#4006 = TOROIDAL_SURFACE ( 'NONE', #3648, 1.989792913342507630, 0.2000000000000000111 ) ;
#4007 = CARTESIAN_POINT ( 'NONE',  ( 361.8365484546047242, 0.9304373209699646763, 249.8200000000000500 ) ) ;
#4008 = CARTESIAN_POINT ( 'NONE',  ( 359.1460922463536463, 2.998511983173392181, 371.2305597003708044 ) ) ;
#4009 = CARTESIAN_POINT ( 'NONE',  ( 117.1750502728634871, 13.78039461160168955, 6.522364725048086065 ) ) ;
#4010 = CARTESIAN_POINT ( 'NONE',  ( 133.0718185811721810, 12.76207491502806590, 20.23218924015618114 ) ) ;
#4011 = CARTESIAN_POINT ( 'NONE',  ( 279.4462255727919455, 4.641067551760593268, 6.710208614992415832 ) ) ;
#4012 = DIRECTION ( 'NONE',  ( 0.000000000000000000, 0.0003598203108568333373, 0.9999999352646697925 ) ) ;
#4013 = CIRCLE ( 'NONE', #7006, 0.8631912116154188963 ) ;
#4014 = CARTESIAN_POINT ( 'NONE',  ( 281.0993907828922147, 4.131350542934101533, 6.647245911052712231 ) ) ;
#4015 = CARTESIAN_POINT ( 'NONE',  ( 144.9097209595642255, 11.06262197764565691, 22.49369812824841119 ) ) ;
#4016 = ORIENTED_EDGE ( 'NONE', *, *, #6792, .F. ) ;
#4017 = CARTESIAN_POINT ( 'NONE',  ( 124.5847737568011127, 12.65380250386861505, 20.25632042413646872 ) ) ;
#4018 = CARTESIAN_POINT ( 'NONE',  ( 198.7383084330559200, 9.803574462085808960, 127.9099999999999966 ) ) ;
#4019 = B_SPLINE_CURVE_WITH_KNOTS ( 'NONE', 3,
 ( #1343, #3731, #4304, #3587, #6478, #244 ),
 .UNSPECIFIED., .F., .F.,
 ( 4, 2, 4 ),
 ( 0.0002345444746448136560, 0.007173418837678318186, 0.01411229320071182361 ),
 .UNSPECIFIED. ) ;
#4020 = B_SPLINE_CURVE_WITH_KNOTS ( 'NONE', 3,
 ( #1267, #2842, #711, #5808, #3477, #4010, #5293, #2964, #591, #27 ),
 .UNSPECIFIED., .F., .F.,
 ( 4, 2, 2, 2, 4 ),
 ( 0.000000000000000000, 0.005093114642482100655, 0.01018622928496420131, 0.01527934392744630110, 0.02037245856992840262 ),
 .UNSPECIFIED. ) ;
#4021 = ORGANIZATION ( 'UNSPECIFIED', 'UNSPECIFIED', '' ) ;
#4022 = CARTESIAN_POINT ( 'NONE',  ( 389.5421941785329523, 3.238805777294220256, 371.7300000000001887 ) ) ;
#4023 = CARTESIAN_POINT ( 'NONE',  ( 265.2070998284639245, 6.272841938621885660, 6.700154590005128696 ) ) ;
#4024 = CARTESIAN_POINT ( 'NONE',  ( 285.0468376575515776, 3.727597442820369533, 20.98563769954806091 ) ) ;
#4025 = CARTESIAN_POINT ( 'NONE',  ( 287.6297617947557228, 0.2359513060303548293, 23.24999999999980105 ) ) ;
#4026 = CARTESIAN_POINT ( 'NONE',  ( 270.3365261140525035, 5.324096940017038371, 7.396572003801920481 ) ) ;
#4027 = LINE ( 'NONE', #2739, #5569 ) ;
#4028 = CARTESIAN_POINT ( 'NONE',  ( 281.6502393779643967, 4.377648876034308856, 6.499999999999938716 ) ) ;
#4029 = CARTESIAN_POINT ( 'NONE',  ( 130.2071770574006564, 13.88504552148384441, 6.518225717914792661 ) ) ;
#4030 = CARTESIAN_POINT ( 'NONE',  ( 287.6384132941038843, 0.006206900762668231958, 23.24999999999999289 ) ) ;
#4031 = ORIENTED_EDGE ( 'NONE', *, *, #2612, .F. ) ;
#4032 = CARTESIAN_POINT ( 'NONE',  ( 199.0302303424562069, 9.824673227759816996, 7.241221069962037404 ) ) ;
#4033 = CARTESIAN_POINT ( 'NONE',  ( 139.7464093706356323, 13.63975617858956824, 21.86937067331886198 ) ) ;
#4034 = CARTESIAN_POINT ( 'NONE',  ( 131.4707685528036620, 15.17017614625277666, 6.499999999999991118 ) ) ;
#4035 = CARTESIAN_POINT ( 'NONE',  ( 387.3234774653161594, 3.396906305400466231, 371.2361227609808338 ) ) ;
#4036 = VERTEX_POINT ( 'NONE', #3832 ) ;
#4037 = CARTESIAN_POINT ( 'NONE',  ( 153.7792957124120505, 12.94881375482683339, 6.523917237707603789 ) ) ;
#4038 = CARTESIAN_POINT ( 'NONE',  ( 52.13742199677583500, 12.04204904126576992, 5.999999999999994671 ) ) ;
#4039 = ADVANCED_FACE ( 'NONE', ( #5634 ), #6747, .T. ) ;
#4040 = CARTESIAN_POINT ( 'NONE',  ( 125.7318014105741639, 11.30413489972173835, 22.07050896459512401 ) ) ;
#4041 = CARTESIAN_POINT ( 'NONE',  ( 140.8167589427063717, 12.35352452349171415, 23.62495588674766722 ) ) ;
#4042 = LINE ( 'NONE', #6326, #3396 ) ;
#4043 = ORIENTED_EDGE ( 'NONE', *, *, #1444, .T. ) ;
#4044 = CARTESIAN_POINT ( 'NONE',  ( 360.9282463933759004, 1.257993552759324229, 249.8200000000000500 ) ) ;
#4045 = CARTESIAN_POINT ( 'NONE',  ( 362.7454693069057043, 4.811162419866455764, 371.2300000000000750 ) ) ;
#4046 = CARTESIAN_POINT ( 'NONE',  ( 124.1521122035553475, 13.32743404259576359, 6.869666979709920795 ) ) ;
#4047 = ADVANCED_FACE ( 'NONE', ( #5526 ), #7281, .F. ) ;
#4048 = CARTESIAN_POINT ( 'NONE',  ( 332.5766904567812503, -0.1405360075791977359, 171.2602694692295131 ) ) ;
#4049 = CARTESIAN_POINT ( 'NONE',  ( 285.2559047018127103, 3.573712556404564644, 20.82567679806935246 ) ) ;
#4050 = CARTESIAN_POINT ( 'NONE',  ( 279.3848567143134005, 4.337040844035556120, 7.153143133815267340 ) ) ;
#4051 = CARTESIAN_POINT ( 'NONE',  ( 364.7443939506046036, 2.840216306604280483, 371.7299999999999613 ) ) ;
#4052 = CARTESIAN_POINT ( 'NONE',  ( 280.9136912156729977, 3.723443396916260806, 7.652194569297915194 ) ) ;
#4053 = CARTESIAN_POINT ( 'NONE',  ( 340.0096611814539642, 4.189300106723192307, 360.9816384318093014 ) ) ;
#4054 = VERTEX_POINT ( 'NONE', #4962 ) ;
#4055 = CARTESIAN_POINT ( 'NONE',  ( 145.1716902248687688, 11.36024571106503345, 22.11474535027070587 ) ) ;
#4056 = CARTESIAN_POINT ( 'NONE',  ( 345.2403216295435868, 3.117928750517080516, 371.7300000000001319 ) ) ;
#4057 = EDGE_CURVE ( 'NONE', #6118, #760, #6033, .T. ) ;
#4058 = CARTESIAN_POINT ( 'NONE',  ( 226.4090637181331545, 10.96674624636195894, 127.9099999999999966 ) ) ;
#4059 = CARTESIAN_POINT ( 'NONE',  ( 269.5647393213189389, 6.169175730300014315, 6.524653651437510860 ) ) ;
#4060 = CARTESIAN_POINT ( 'NONE',  ( 284.5410299302234307, 4.143943378229740127, 23.24999999999444000 ) ) ;
#4061 = CARTESIAN_POINT ( 'NONE',  ( 286.7743946971311289, 0.1491234211813540766, 20.62747272619836281 ) ) ;
#4062 = CARTESIAN_POINT ( 'NONE',  ( 366.1785397341527073, 2.777494619644557350, 371.2300000007220433 ) ) ;
#4063 = CARTESIAN_POINT ( 'NONE',  ( 281.7671353480452581, 4.263465033311981678, 6.499999999999938716 ) ) ;
#4064 = FACE_OUTER_BOUND ( 'NONE', #7192, .T. ) ;
#4065 = DIRECTION ( 'NONE',  ( -1.000000000000000000, 0.000000000000000000, 0.000000000000000000 ) ) ;
#4066 = ORIENTED_EDGE ( 'NONE', *, *, #771, .F. ) ;
#4067 = CARTESIAN_POINT ( 'NONE',  ( 240.8314390616648097, 7.629659065236780613, 6.792735926737892171 ) ) ;
#4068 = CARTESIAN_POINT ( 'NONE',  ( 199.0358189479916007, 9.925282332443497779, 6.996718605712159089 ) ) ;
#4069 = CARTESIAN_POINT ( 'NONE',  ( 273.4856113628353000, 7.229602405971621515, 249.8199999999993963 ) ) ;
#4070 = CARTESIAN_POINT ( 'NONE',  ( 279.7212917554781484, 4.968592754654115318, 235.1124476174154836 ) ) ;
#4071 = CARTESIAN_POINT ( 'NONE',  ( 163.8200369319441450, 13.77044176369608408, 6.496861291257013171 ) ) ;
#4072 = ORIENTED_EDGE ( 'NONE', *, *, #6688, .F. ) ;
#4073 =( BOUNDED_SURFACE ( )  B_SPLINE_SURFACE ( 3, 2, ( 
 ( #4240, #4833, #6558 ),
 ( #1449, #3705, #5988 ),
 ( #3741, #5438, #331 ),
 ( #2586, #2034, #930 ),
 ( #3180, #517, #4987 ),
 ( #3255, #5623, #6136 ),
 ( #7375, #2693, #6735 ),
 ( #481, #4387, #7270 ),
 ( #6176, #2657, #4947 ),
 ( #2730, #5058, #7339 ) ),
 .UNSPECIFIED., .F., .F., .T. ) 
 B_SPLINE_SURFACE_WITH_KNOTS ( ( 4, 2, 2, 2, 4 ),
 ( 3, 3 ),
 ( 1.222980050563649002E-16, 0.09374166925400984063, 0.1874833385080195702, 0.2812250077620292998, 0.3749666770160390294 ),
 ( 0.000000000000000000, 1.000000000000000000 ),
 .UNSPECIFIED. ) 
 GEOMETRIC_REPRESENTATION_ITEM ( )  RATIONAL_B_SPLINE_SURFACE ( (
 ( 1.000000000000000000, 0.8361010047697041703, 1.000000000000000000),
 ( 1.000000000000000000, 0.8380597348061812335, 1.000000000000000000),
 ( 1.000000000000000000, 0.8398394028236997322, 1.000000000000000000),
 ( 1.000000000000000000, 0.8387882604346443838, 1.000000000000000000),
 ( 1.000000000000000000, 0.8370501703315396114, 1.000000000000000000),
 ( 1.000000000000000000, 0.8345801764212150697, 1.000000000000000000),
 ( 1.000000000000000000, 0.8337048475061791253, 1.000000000000000000),
 ( 1.000000000000000000, 0.8334732861314496644, 1.000000000000000000),
 ( 1.000000000000000000, 0.8341271156198851733, 1.000000000000000000),
 ( 1.000000000000000000, 0.8351921998579767692, 1.000000000000000000) ) ) 
 REPRESENTATION_ITEM ( '' )  SURFACE ( )  );
#4074 = CARTESIAN_POINT ( 'NONE',  ( 150.2719543209463495, 12.69481158443916868, 6.790901131707808958 ) ) ;
#4075 = CARTESIAN_POINT ( 'NONE',  ( 118.1176158637285454, 4.053388209027421141, 127.9100000000000250 ) ) ;
#4076 = CARTESIAN_POINT ( 'NONE',  ( 332.9587899181869943, 4.140947484470386186, 338.7759282984790161 ) ) ;
#4077 = CARTESIAN_POINT ( 'NONE',  ( 138.8923304820513067, 13.48999621690544437, 20.85260355454636283 ) ) ;
#4078 = CARTESIAN_POINT ( 'NONE',  ( 272.4763406236203309, 5.165370407272418696, 22.28952378449244165 ) ) ;
#4079 = CARTESIAN_POINT ( 'NONE',  ( 333.5408660678489809, 4.807174781494213178, 339.7306484273976821 ) ) ;
#4080 = CARTESIAN_POINT ( 'NONE',  ( 389.7471814265007310, 3.216079776021637304, 371.7300000000000750 ) ) ;
#4081 = EDGE_CURVE ( 'NONE', #3987, #6463, #3739, .T. ) ;
#4082 = ORIENTED_EDGE ( 'NONE', *, *, #2277, .T. ) ;
#4083 = CARTESIAN_POINT ( 'NONE',  ( 289.9216473163277783, 0.01724023837988831326, 53.91346331965491601 ) ) ;
#4084 = CARTESIAN_POINT ( 'NONE',  ( 283.5255088341141914, -0.01846595722640627379, 6.499999999999992006 ) ) ;
#4085 = CARTESIAN_POINT ( 'NONE',  ( 120.6694401938811581, 13.30670867146760905, 6.866171427517108405 ) ) ;
#4086 = DIRECTION ( 'NONE',  ( -0.02528002937401961289, -0.9996804089882169730, 0.000000000000000000 ) ) ;
#4087 = CARTESIAN_POINT ( 'NONE',  ( 285.3176075484154239, 3.512911570071608480, 20.81749116021745039 ) ) ;
#4088 = CARTESIAN_POINT ( 'NONE',  ( 278.9838096501846394, 4.344383166491823545, 7.540468661464426958 ) ) ;
#4089 = FACE_OUTER_BOUND ( 'NONE', #830, .T. ) ;
#4090 = CARTESIAN_POINT ( 'NONE',  ( 280.8959210030798204, 3.719123513183019369, 7.361684864000984874 ) ) ;
#4091 = CARTESIAN_POINT ( 'NONE',  ( 126.8639251492904805, 13.64067901003982008, 16.26998167991993682 ) ) ;
#4092 = ADVANCED_FACE ( 'NONE', ( #7245 ), #5212, .T. ) ;
#4093 = VERTEX_POINT ( 'NONE', #2121 ) ;
#4094 = CARTESIAN_POINT ( 'NONE',  ( 145.2590626611062135, 11.35685638066953373, 22.19040997237150492 ) ) ;
#4095 = CARTESIAN_POINT ( 'NONE',  ( 343.8556795571050770, 3.121795392641237843, 371.7300000000001319 ) ) ;
#4096 = CARTESIAN_POINT ( 'NONE',  ( 268.6128897348722830, 5.538441882911134151, 7.527273861885172224 ) ) ;
#4097 = CARTESIAN_POINT ( 'NONE',  ( 284.0223559681748497, 2.011138934636143016, 23.25000000000016698 ) ) ;
#4098 = CARTESIAN_POINT ( 'NONE',  ( 286.7778845951839912, 0.02146803296509285780, 20.62684399028991322 ) ) ;
#4099 = LINE ( 'NONE', #7014, #811 ) ;
#4100 = B_SPLINE_CURVE_WITH_KNOTS ( 'NONE', 3,
 ( #490, #456, #3981, #38, #5595, #3829 ),
 .UNSPECIFIED., .F., .F.,
 ( 4, 2, 4 ),
 ( 2.775557561562891351E-17, 0.009604905316846455710, 0.01920981063369288366 ),
 .UNSPECIFIED. ) ;
#4101 = CARTESIAN_POINT ( 'NONE',  ( 281.4380661023724883, 4.242233160726474495, 6.528682528378515926 ) ) ;
#4102 = CARTESIAN_POINT ( 'NONE',  ( 140.8854317428505567, 12.12605021158461049, 23.41905962324634061 ) ) ;
#4103 = CARTESIAN_POINT ( 'NONE',  ( 125.6499701133689513, 13.37830982515917633, 21.94108104613800236 ) ) ;
#4104 = CARTESIAN_POINT ( 'NONE',  ( 332.5628291713442763, 3.639267272020092037, 338.1264742786025295 ) ) ;
#4105 = ORIENTED_EDGE ( 'NONE', *, *, #6936, .T. ) ;
#4106 = CARTESIAN_POINT ( 'NONE',  ( 399.6616410189827207, 0.1314171806098526352, 371.2300000000000750 ) ) ;
#4107 = CARTESIAN_POINT ( 'NONE',  ( 226.8906021983035544, 8.190018411934438802, 7.506876469964675280 ) ) ;
#4108 = CARTESIAN_POINT ( 'NONE',  ( 201.5236663454276140, 10.56806834783368210, 127.9100000000001671 ) ) ;
#4109 = CARTESIAN_POINT ( 'NONE',  ( 380.5082174085062547, 1.013355418101123062, 316.6733635734598806 ) ) ;
#4110 = FACE_OUTER_BOUND ( 'NONE', #4565, .T. ) ;
#4111 = CONICAL_SURFACE ( 'NONE', #3025, 1.799999999999529088, 0.05235987755983000091 ) ;
#4112 = ORIENTED_EDGE ( 'NONE', *, *, #3543, .F. ) ;
#4113 = CARTESIAN_POINT ( 'NONE',  ( 157.2282547741818064, 12.09509651439624101, 7.117896752160796758 ) ) ;
#4114 = CARTESIAN_POINT ( 'NONE',  ( 146.8942232433332151, 12.52373830735109195, 21.28069409185374994 ) ) ;
#4115 = CARTESIAN_POINT ( 'NONE',  ( 321.8709768974447343, 4.871907168635044805, 127.9099999999999966 ) ) ;
#4116 = CARTESIAN_POINT ( 'NONE',  ( 282.9462667238198605, 4.267054553257572991, 21.19750652577954853 ) ) ;
#4117 = CARTESIAN_POINT ( 'NONE',  ( 324.9181968239748812, 2.485051819445017074, 339.7299999999999613 ) ) ;
#4118 = CARTESIAN_POINT ( 'NONE',  ( 332.9587786700699894, 4.140919820467418688, 338.7759098493403940 ) ) ;
#4119 = CALENDAR_DATE ( 2025, 19, 6 ) ;
#4120 = CARTESIAN_POINT ( 'NONE',  ( 342.1514098616381716, 3.922004915655393109, 371.7299999999999045 ) ) ;
#4121 = ORIENTED_EDGE ( 'NONE', *, *, #3676, .T. ) ;
#4122 = CARTESIAN_POINT ( 'NONE',  ( 400.8373343069686712, 0.2276287610429268138, 371.7300000000000182 ) ) ;
#4123 = CARTESIAN_POINT ( 'NONE',  ( 346.0487775101444754, 3.277321317260085465, 371.2305709701493583 ) ) ;
#4124 = CARTESIAN_POINT ( 'NONE',  ( 120.6720612192682438, 13.09598486060684230, 7.336187516869483005 ) ) ;
#4125 = CARTESIAN_POINT ( 'NONE',  ( 318.1336013300849572, 0.05016495157460606341, 145.4166666666666572 ) ) ;
#4126 = CARTESIAN_POINT ( 'NONE',  ( 280.4596289968383758, 4.003342917386198074, 7.196754317317497929 ) ) ;
#4127 = CARTESIAN_POINT ( 'NONE',  ( 144.9538712691054059, 12.59173987777001358, 20.21724577712357629 ) ) ;
#4128 = EDGE_CURVE ( 'NONE', #1224, #5169, #5088, .T. ) ;
#4129 = CARTESIAN_POINT ( 'NONE',  ( 281.0287340283646245, 3.926019269016378654, 6.844721521406710529 ) ) ;
#4130 = AXIS2_PLACEMENT_3D ( 'NONE', #15, #2238, #50 ) ;
#4131 = CARTESIAN_POINT ( 'NONE',  ( 259.8759733739236140, 7.201464201280995958, 6.500000192793273790 ) ) ;
#4132 = VERTEX_POINT ( 'NONE', #4399 ) ;
#4133 = CARTESIAN_POINT ( 'NONE',  ( 145.8948396038227884, 12.56244630164423981, 20.40770219362962834 ) ) ;
#4134 = CARTESIAN_POINT ( 'NONE',  ( 124.1027061530243714, 13.15764800511766985, 6.000000000000002665 ) ) ;
#4135 = CARTESIAN_POINT ( 'NONE',  ( 269.4982052289720400, 5.623795807849223394, 6.895322582051812255 ) ) ;
#4136 = CARTESIAN_POINT ( 'NONE',  ( 284.3748886756337129, 3.992616028627813840, 21.08606565697343882 ) ) ;
#4137 = AXIS2_PLACEMENT_3D ( 'NONE', #3601, #1354, #5887 ) ;
#4138 = CARTESIAN_POINT ( 'NONE',  ( 287.5340082691847670, 0.9682607111607125505, 23.25000000000220624 ) ) ;
#4139 = CARTESIAN_POINT ( 'NONE',  ( 275.1227736540229785, 4.739436693472678819, 7.525111742942122817 ) ) ;
#4140 = DIRECTION ( 'NONE',  ( -0.000000000000000000, 1.000000000000000000, -0.000000000000000000 ) ) ;
#4141 = EDGE_CURVE ( 'NONE', #3405, #6583, #2841, .T. ) ;
#4142 = CARTESIAN_POINT ( 'NONE',  ( 280.9716017061500111, 3.690560373089554425, 7.652219053923758452 ) ) ;
#4143 = CARTESIAN_POINT ( 'NONE',  ( 281.0965938746716688, 3.116278389858183395, 6.500000000031616487 ) ) ;
#4144 = ORIENTED_EDGE ( 'NONE', *, *, #1628, .F. ) ;
#4145 = CARTESIAN_POINT ( 'NONE',  ( 119.9499690050944309, 13.08749765393025832, 7.463332249361322113 ) ) ;
#4146 = CARTESIAN_POINT ( 'NONE',  ( 332.4851953113623040, 3.642782377040763908, 337.9991393777420399 ) ) ;
#4147 = ORIENTED_EDGE ( 'NONE', *, *, #1989, .F. ) ;
#4148 = CARTESIAN_POINT ( 'NONE',  ( 244.2936335383136850, 7.133730598496367925, 7.244912097396096762 ) ) ;
#4149 = CARTESIAN_POINT ( 'NONE',  ( 223.4585742505868780, 9.270826299535944059, 6.498707058150354321 ) ) ;
#4150 = CARTESIAN_POINT ( 'NONE',  ( 159.8759763296080791, 12.88217745266696035, 6.499999999999992006 ) ) ;
#4151 = DIRECTION ( 'NONE',  ( -0.9996063658933633800, 0.02803159309763219795, -0.001158902011604146312 ) ) ;
#4152 = ADVANCED_FACE ( 'NONE', ( #1125 ), #2766, .F. ) ;
#4153 = CARTESIAN_POINT ( 'NONE',  ( 163.8759731210269308, 13.76764379249233450, 6.499999999999992006 ) ) ;
#4154 = ORIENTED_EDGE ( 'NONE', *, *, #647, .F. ) ;
#4155 = ADVANCED_FACE ( 'NONE', ( #1324 ), #1366, .T. ) ;
#4156 = CARTESIAN_POINT ( 'NONE',  ( 164.2207375487009529, 12.16397333028544914, 6.623148876268460938 ) ) ;
#4157 = CARTESIAN_POINT ( 'NONE',  ( 145.7112667128943144, 12.56866066840222018, 20.33534127058363694 ) ) ;
#4158 = B_SPLINE_CURVE_WITH_KNOTS ( 'NONE', 3,
 ( #1247, #2386, #2902, #1879, #5784, #608, #4586, #687, #2978, #5269 ),
 .UNSPECIFIED., .F., .F.,
 ( 4, 2, 2, 2, 4 ),
 ( 1.984387368382742174E-16, 0.0006928344390019181790, 0.001385668878003637949, 0.002078503317005357936, 0.002771337756007077706 ),
 .UNSPECIFIED. ) ;
#4159 = DIRECTION ( 'NONE',  ( 1.000000000000000000, 5.284285345504611064E-13, -0.000000000000000000 ) ) ;
#4160 = CARTESIAN_POINT ( 'NONE',  ( 124.6172744678010815, 13.59808225751201149, 16.60000000000058407 ) ) ;
#4161 = CARTESIAN_POINT ( 'NONE',  ( 267.7004124486317664, 7.197227340762998971, 249.8200000000001637 ) ) ;
#4162 = ORIENTED_EDGE ( 'NONE', *, *, #402, .T. ) ;
#4163 = CARTESIAN_POINT ( 'NONE',  ( 260.3759731210270161, 8.261284687015745476, 6.166666613929561613 ) ) ;
#4164 = CARTESIAN_POINT ( 'NONE',  ( 346.9080922493991466, 3.431266759431852886, 340.9267980540594181 ) ) ;
#4165 = CARTESIAN_POINT ( 'NONE',  ( 132.8707451940800865, 13.55032781694509936, 6.619987925426361386 ) ) ;
#4166 = CARTESIAN_POINT ( 'NONE',  ( 332.8979890622670723, 3.991548049249306285, 338.6762028569955305 ) ) ;
#4167 = DIRECTION ( 'NONE',  ( 0.000000000000000000, -0.0003598203108568317110, -0.9999999352646697925 ) ) ;
#4168 = CARTESIAN_POINT ( 'NONE',  ( 126.8673824955856020, 13.77407383005818176, 11.93205368752265372 ) ) ;
#4169 = ORIENTED_EDGE ( 'NONE', *, *, #1774, .F. ) ;
#4170 = CARTESIAN_POINT ( 'NONE',  ( 349.3940540318812396, 3.077360227388361125, 371.7299999999999045 ) ) ;
#4171 = CARTESIAN_POINT ( 'NONE',  ( 284.7987546081278083, 4.094119351019410935, 23.25000000000594369 ) ) ;
#4172 = CARTESIAN_POINT ( 'NONE',  ( 286.6521031146803011, 2.944142404632709376, 23.24999999999489120 ) ) ;
#4173 = CARTESIAN_POINT ( 'NONE',  ( 276.0874132429426595, 5.520255109205035815, 6.498682779172646917 ) ) ;
#4174 = DIRECTION ( 'NONE',  ( 1.000000000000000000, -0.000000000000000000, 0.000000000000000000 ) ) ;
#4175 = CARTESIAN_POINT ( 'NONE',  ( 281.0866386725352299, 3.893125954981414338, 6.844730817927590749 ) ) ;
#4176 = CARTESIAN_POINT ( 'NONE',  ( 283.5254633625820020, 0.005012075967773316730, 6.499999999999973355 ) ) ;
#4177 = ORIENTED_EDGE ( 'NONE', *, *, #6236, .F. ) ;
#4178 = CARTESIAN_POINT ( 'NONE',  ( 140.5504773298858652, 12.85358165840171552, 7.494145810692706355 ) ) ;
#4179 = CARTESIAN_POINT ( 'NONE',  ( 138.2190037519918633, 13.48195314638384978, 21.64996411707128132 ) ) ;
#4180 = EDGE_CURVE ( 'NONE', #5628, #2553, #6341, .T. ) ;
#4181 = EDGE_LOOP ( 'NONE', ( #6235, #2918, #1336, #5035 ) ) ;
#4182 = CARTESIAN_POINT ( 'NONE',  ( 240.8123253136222672, 7.337279939285044073, 7.509728496305306145 ) ) ;
#4183 = CARTESIAN_POINT ( 'NONE',  ( 223.4663955895228753, 9.402948078206833316, 6.500051595784876568 ) ) ;
#4184 = CARTESIAN_POINT ( 'NONE',  ( 365.5324816935925014, 0.09699164190561984644, 275.5557552588928161 ) ) ;
#4185 = CARTESIAN_POINT ( 'NONE',  ( 340.3812461065537605, 2.632581406216327746, 206.5001393632521172 ) ) ;
#4186 = CARTESIAN_POINT ( 'NONE',  ( 283.6323470997782010, 3.043251183658957970, 6.499999999999978684 ) ) ;
#4187 = CARTESIAN_POINT ( 'NONE',  ( 280.8087230692190701, 4.878471868284228741, 6.500000000000087041 ) ) ;
#4188 = ORIENTED_EDGE ( 'NONE', *, *, #992, .F. ) ;
#4189 = CARTESIAN_POINT ( 'NONE',  ( 171.2146890969325170, 12.31765468659480156, 6.500051350119242066 ) ) ;
#4190 = CARTESIAN_POINT ( 'NONE',  ( 345.3154539444079205, 1.997963740332681093, 339.4886600596442463 ) ) ;
#4191 = CARTESIAN_POINT ( 'NONE',  ( 323.1874334069553925, 4.667005528629093902, 127.9099999999999966 ) ) ;
#4192 = CARTESIAN_POINT ( 'NONE',  ( 346.0810623977850469, 1.965835222218755174, 339.7299999999999613 ) ) ;
#4193 = FACE_OUTER_BOUND ( 'NONE', #6405, .T. ) ;
#4194 = CC_DESIGN_PERSON_AND_ORGANIZATION_ASSIGNMENT ( #976, #229, ( #251 ) ) ;
#4195 = DIRECTION ( 'NONE',  ( 0.8538241083247555263, 0.000000000000000000, -0.5205616121492594450 ) ) ;
#4196 = CARTESIAN_POINT ( 'NONE',  ( 127.6375499677382095, 13.31229947015481052, 6.871623567569498547 ) ) ;
#4197 = CARTESIAN_POINT ( 'NONE',  ( 384.7132374460635447, 3.592458371973954012, 371.7300000000000182 ) ) ;
#4198 = CARTESIAN_POINT ( 'NONE',  ( 345.1700224787476259, 2.141127027601729349, 339.7198996821460923 ) ) ;
#4199 = CARTESIAN_POINT ( 'NONE',  ( 280.9552627117025736, 4.213155895675654072, 6.645397859162671672 ) ) ;
#4200 = CARTESIAN_POINT ( 'NONE',  ( 140.7192623762067001, 12.12036670289715268, 23.81669112787146858 ) ) ;
#4201 = CARTESIAN_POINT ( 'NONE',  ( 127.1356452774699051, 13.64910253646394800, 16.08859841982112826 ) ) ;
#4202 = VERTEX_POINT ( 'NONE', #4800 ) ;
#4203 = CARTESIAN_POINT ( 'NONE',  ( 206.4408677471769806, 9.374358559157418114, 5.999999999999987566 ) ) ;
#4204 = B_SPLINE_CURVE_WITH_KNOTS ( 'NONE', 3,
 ( #1700, #22, #664, #586 ),
 .UNSPECIFIED., .F., .F.,
 ( 4, 4 ),
 ( 0.000000000000000000, 0.0005010546540746582764 ),
 .UNSPECIFIED. ) ;
#4205 = B_SPLINE_CURVE_WITH_KNOTS ( 'NONE', 3,
 ( #6524, #4313, #2547, #5954 ),
 .UNSPECIFIED., .F., .F.,
 ( 4, 4 ),
 ( 0.9528340579115742726, 0.9600065865581104418 ),
 .UNSPECIFIED. ) ;
#4206 = CARTESIAN_POINT ( 'NONE',  ( 261.9924806549281584, 8.176851090510636411, 6.499999999999992006 ) ) ;
#4207 = CARTESIAN_POINT ( 'NONE',  ( 285.3479467940251197, 3.482107407038753433, 20.81347049542917205 ) ) ;
#4208 = CARTESIAN_POINT ( 'NONE',  ( 276.0192402598428885, 4.841815646201734324, 6.892124421030799475 ) ) ;
#4209 = CARTESIAN_POINT ( 'NONE',  ( 388.7471637470141559, 3.291527469343505707, 371.2300000000000750 ) ) ;
#4210 = CARTESIAN_POINT ( 'NONE',  ( 281.2803082576288034, 4.180211224501990230, 6.587967693059860963 ) ) ;
#4211 = CARTESIAN_POINT ( 'NONE',  ( 283.4725870912191112, 0.8180957021886907654, 6.499999999999960920 ) ) ;
#4212 = VERTEX_POINT ( 'NONE', #3081 ) ;
#4213 = CARTESIAN_POINT ( 'NONE',  ( 332.7176847430566227, 3.883285158413396498, 341.6387464741986264 ) ) ;
#4214 = CARTESIAN_POINT ( 'NONE',  ( 318.3974184409156010, 1.280380405718967829, 371.7300000000002456 ) ) ;
#4215 = ORIENTED_EDGE ( 'NONE', *, *, #1223, .T. ) ;
#4216 = CYLINDRICAL_SURFACE ( 'NONE', #4847, 1.000000000000000888 ) ;
#4217 = CARTESIAN_POINT ( 'NONE',  ( 254.7568129923319304, 6.583267279980309361, 6.996619571999649345 ) ) ;
#4218 = CARTESIAN_POINT ( 'NONE',  ( 223.4362531064222139, 8.893766914564826820, 6.623869434735388140 ) ) ;
#4219 = CARTESIAN_POINT ( 'NONE',  ( 349.1752176314238909, 3.870896269159013414, 371.7299999999991087 ) ) ;
#4220 = CARTESIAN_POINT ( 'NONE',  ( 345.1699667713123745, 2.139755573701886959, 339.7194405814563538 ) ) ;
#4221 = ADVANCED_FACE ( 'NONE', ( #1030 ), #2107, .F. ) ;
#4222 = CARTESIAN_POINT ( 'NONE',  ( 362.4678712116768224, -0.01088530058566184247, 230.7082113832519781 ) ) ;
#4223 = CARTESIAN_POINT ( 'NONE',  ( 390.8955201548481568, 3.127968182567959055, 371.7300000000000750 ) ) ;
#4224 = CARTESIAN_POINT ( 'NONE',  ( 164.1956420492584812, 11.66279566534091927, 7.370718280341415074 ) ) ;
#4225 = CARTESIAN_POINT ( 'NONE',  ( 115.6823545739438828, 2.615286703662522250, 127.9099999999999966 ) ) ;
#4226 = VECTOR ( 'NONE', #272, 999.9999999999998863 ) ;
#4227 = CARTESIAN_POINT ( 'NONE',  ( 277.3731765022868672, 5.061553030899069050, 233.8199999999999932 ) ) ;
#4228 = CARTESIAN_POINT ( 'NONE',  ( 259.8759731210269024, 8.287972762200787713, 6.499999999999989342 ) ) ;
#4229 = APPROVAL_STATUS ( 'not_yet_approved' ) ;
#4230 = CARTESIAN_POINT ( 'NONE',  ( 160.0981418803881979, 13.95866606956203171, 5.999999999999990230 ) ) ;
#4231 = CARTESIAN_POINT ( 'NONE',  ( 163.4302057838989413, 12.70155241691985104, 6.261332078307660254 ) ) ;
#4232 = CARTESIAN_POINT ( 'NONE',  ( 129.3863730394072604, 13.83602076474544162, 6.523084682689337832 ) ) ;
#4233 = CARTESIAN_POINT ( 'NONE',  ( 269.7647250496374340, 8.618504412176051233, 127.9100000000000250 ) ) ;
#4234 = DIRECTION ( 'NONE',  ( 0.000000000000000000, 0.000000000000000000, -1.000000000000000000 ) ) ;
#4235 = CARTESIAN_POINT ( 'NONE',  ( 280.8136981729711010, 3.939959734333045471, 6.948540378913971693 ) ) ;
#4236 = CARTESIAN_POINT ( 'NONE',  ( 141.5388226558636404, 12.65426005411115007, 21.53472021555375093 ) ) ;
#4237 = EDGE_CURVE ( 'NONE', #2436, #3953, #3292, .T. ) ;
#4238 = CARTESIAN_POINT ( 'NONE',  ( 124.8910026352278209, 12.99383369478653449, 11.60000000000059295 ) ) ;
#4239 = CARTESIAN_POINT ( 'NONE',  ( 194.0943442518146469, 10.06443661482889773, 6.000000000000003553 ) ) ;
#4240 = CARTESIAN_POINT ( 'NONE',  ( 347.2229160676668585, 3.420614184693663962, 338.1167074670394754 ) ) ;
#4241 = CARTESIAN_POINT ( 'NONE',  ( 285.7299253792394893, 3.870793871991069945, 23.25000000000000000 ) ) ;
#4242 = CARTESIAN_POINT ( 'NONE',  ( 274.6928952487492097, 4.858024963004178964, 7.133319436422439708 ) ) ;
#4243 = CARTESIAN_POINT ( 'NONE',  ( 390.7454657763835257, 1.241818010381607218, 371.2300000000000182 ) ) ;
#4244 = CARTESIAN_POINT ( 'NONE',  ( 332.5766904567805682, -2.550885524859556774, 171.5877384848684528 ) ) ;
#4245 = CONICAL_SURFACE ( 'NONE', #5797, 1.799999999999994049, 0.05235987755983000091 ) ;
#4246 = CARTESIAN_POINT ( 'NONE',  ( 281.7115550762285352, 3.429194273060986564, 6.954069350787468906 ) ) ;
#4247 = CARTESIAN_POINT ( 'NONE',  ( 346.0610927711703653, 3.464761460916307545, 341.5066904415025419 ) ) ;
#4248 = VERTEX_POINT ( 'NONE', #6599 ) ;
#4249 = CARTESIAN_POINT ( 'NONE',  ( 269.8908709806867705, 5.382911676820625324, 7.530271251708925639 ) ) ;
#4250 = CARTESIAN_POINT ( 'NONE',  ( 33.55029296526152649, 6.551071772481409816, 6.000000000000008882 ) ) ;
#4251 = ORIENTED_EDGE ( 'NONE', *, *, #4903, .T. ) ;
#4252 = APPROVAL_ROLE ( '' ) ;
#4253 = CARTESIAN_POINT ( 'NONE',  ( 244.2919398539964959, 7.108438677153653629, 7.377735639848911120 ) ) ;
#4254 = CARTESIAN_POINT ( 'NONE',  ( 226.8978783120930984, 8.315221171346033557, 6.997358120628172529 ) ) ;
#4255 = CARTESIAN_POINT ( 'NONE',  ( 127.1358914261504225, 12.98395926312494986, 12.11158696851196304 ) ) ;
#4256 = CARTESIAN_POINT ( 'NONE',  ( 332.1017032198392371, 3.452278558955951038, 337.7590781940693319 ) ) ;
#4257 = CARTESIAN_POINT ( 'NONE',  ( 281.7559832943646256, 5.444556108484675860, 6.500000000000005329 ) ) ;
#4258 = CARTESIAN_POINT ( 'NONE',  ( 381.3173732255698383, -0.006714955795431489655, 284.7364152227258955 ) ) ;
#4259 = ORIENTED_EDGE ( 'NONE', *, *, #1501, .F. ) ;
#4260 = PLANE ( 'NONE',  #3878 ) ;
#4261 = CARTESIAN_POINT ( 'NONE',  ( 167.6988896435670426, 11.87453877938743929, 6.697411545652754761 ) ) ;
#4262 = CARTESIAN_POINT ( 'NONE',  ( 346.4248835085062410, 3.450415743440032657, 341.2947327596211835 ) ) ;
#4263 = CARTESIAN_POINT ( 'NONE',  ( 278.2002871238044008, 6.529125178000479757, 6.000000000000001776 ) ) ;
#4264 = CARTESIAN_POINT ( 'NONE',  ( 279.1209530030821497, 4.997565133338540910, 233.8199999999999932 ) ) ;
#4265 = CARTESIAN_POINT ( 'NONE',  ( 362.2454696365821860, 2.939680486476341503, 371.2299999407358087 ) ) ;
#4266 = CARTESIAN_POINT ( 'NONE',  ( 160.3759740977931472, 12.85652636049817765, 6.499999999999992006 ) ) ;
#4267 = ADVANCED_FACE ( 'NONE', ( #897 ), #3851, .T. ) ;
#4268 = EDGE_CURVE ( 'NONE', #2209, #6789, #3382, .T. ) ;
#4269 = CARTESIAN_POINT ( 'NONE',  ( 132.8726467752136671, 13.67122242829962708, 6.571596701460415524 ) ) ;
#4270 = CARTESIAN_POINT ( 'NONE',  ( 354.9369399321506080, 5.060100459277853346, 371.7300000000000182 ) ) ;
#4271 = CARTESIAN_POINT ( 'NONE',  ( 259.8759733739236140, 7.201464201280995958, 6.500000192793273790 ) ) ;
#4272 = CARTESIAN_POINT ( 'NONE',  ( 283.8946196527477923, 2.170292895864896376, 23.25000000000001421 ) ) ;
#4273 = CARTESIAN_POINT ( 'NONE',  ( 289.9216473163270393, -2.782998308653354957, 53.25100555481046172 ) ) ;
#4274 = CARTESIAN_POINT ( 'NONE',  ( 127.4976741608393240, 13.75998242982460695, 12.45056791396359230 ) ) ;
#4275 = ORIENTED_EDGE ( 'NONE', *, *, #2312, .F. ) ;
#4276 = CARTESIAN_POINT ( 'NONE',  ( 285.2820659160157106, 5.604382653021406924, 127.9100000000000250 ) ) ;
#4277 = EDGE_CURVE ( 'NONE', #2670, #6327, #288, .T. ) ;
#4278 = CARTESIAN_POINT ( 'NONE',  ( 285.2655236956624663, 3.606534166268337227, 20.94854620223510366 ) ) ;
#4279 = CARTESIAN_POINT ( 'NONE',  ( 275.1303643981175924, 4.808725390256832988, 7.132395674199405455 ) ) ;
#4280 = CARTESIAN_POINT ( 'NONE',  ( 366.0947887711187718, 2.781157428367523554, 371.7300000000000182 ) ) ;
#4281 = CARTESIAN_POINT ( 'NONE',  ( 282.1792711964820342, 3.821244022932512419, 6.528693256059753480 ) ) ;
#4282 = CARTESIAN_POINT ( 'NONE',  ( 282.5732106813971427, 0.1403079440936907396, 7.811413707141090512 ) ) ;
#4283 = ORIENTED_EDGE ( 'NONE', *, *, #5907, .F. ) ;
#4284 = CARTESIAN_POINT ( 'NONE',  ( 343.6608193647413714, 3.558392972491116968, 341.6217694047676332 ) ) ;
#4285 = B_SPLINE_CURVE_WITH_KNOTS ( 'NONE', 3,
 ( #5162, #4557, #579, #2828 ),
 .UNSPECIFIED., .F., .F.,
 ( 4, 4 ),
 ( 0.000000000000000000, 0.0005006462430656553756 ),
 .UNSPECIFIED. ) ;
#4286 = ADVANCED_FACE ( 'NONE', ( #5224 ), #5178, .T. ) ;
#4287 = CARTESIAN_POINT ( 'NONE',  ( 218.5112491639767711, 1.944133410435164633, 249.8200000000001637 ) ) ;
#4288 = ORIENTED_EDGE ( 'NONE', *, *, #4811, .T. ) ;
#4289 = MECHANICAL_CONTEXT ( 'NONE', #5320, 'mechanical' ) ;
#4290 = CARTESIAN_POINT ( 'NONE',  ( 253.0274707272766079, 6.944703638998953821, 6.698343543734591954 ) ) ;
#4291 = CARTESIAN_POINT ( 'NONE',  ( 263.0532935740177436, 7.211718331982094554, 249.8200000000002774 ) ) ;
#4292 = CARTESIAN_POINT ( 'NONE',  ( 116.5678913577883122, 12.99592529927189410, 7.576472531496075469 ) ) ;
#4293 = CARTESIAN_POINT ( 'NONE',  ( 391.1443018235704585, 1.211325125947333436, 371.2299998713889977 ) ) ;
#4294 = ORIENTED_EDGE ( 'NONE', *, *, #3956, .T. ) ;
#4295 = FACE_OUTER_BOUND ( 'NONE', #5535, .T. ) ;
#4296 = ORIENTED_EDGE ( 'NONE', *, *, #4415, .F. ) ;
#4297 = CARTESIAN_POINT ( 'NONE',  ( 345.6355218730391243, 2.180008944469426613, 339.3611839622889192 ) ) ;
#4298 = CARTESIAN_POINT ( 'NONE',  ( 174.6784125940489218, 11.74978381420554996, 6.573631757355711258 ) ) ;
#4299 = CARTESIAN_POINT ( 'NONE',  ( 345.4083829280762643, 2.004092845897645248, 339.4259377248449141 ) ) ;
#4300 = B_SPLINE_CURVE_WITH_KNOTS ( 'NONE', 3,
 ( #77, #6977, #2345, #4764 ),
 .UNSPECIFIED., .F., .F.,
 ( 4, 4 ),
 ( 0.01626254817031774769, 0.01926554149409679187 ),
 .UNSPECIFIED. ) ;
#4301 = CARTESIAN_POINT ( 'NONE',  ( 196.4397861115532464, 8.289362827061427907, 127.9099999999999966 ) ) ;
#4302 = ORIENTED_EDGE ( 'NONE', *, *, #1179, .F. ) ;
#4303 = FACE_OUTER_BOUND ( 'NONE', #3457, .T. ) ;
#4304 = CARTESIAN_POINT ( 'NONE',  ( 136.1731799569025441, 12.15838002261859963, 23.97462118462850356 ) ) ;
#4305 = CARTESIAN_POINT ( 'NONE',  ( 127.6415694696831338, 13.85109160586490340, 6.523055547559578393 ) ) ;
#4306 = CARTESIAN_POINT ( 'NONE',  ( 326.9164933489888654, 4.519185097397696360, 371.7300000000000750 ) ) ;
#4307 = CARTESIAN_POINT ( 'NONE',  ( 332.6095319365888372, 2.427074093626909068, 339.5273019308200446 ) ) ;
#4308 = CARTESIAN_POINT ( 'NONE',  ( 136.4273275229323019, 12.74178339625209766, 20.23091045644821406 ) ) ;
#4309 = ADVANCED_FACE ( 'NONE', ( #3526 ), #3626, .F. ) ;
#4310 = CARTESIAN_POINT ( 'NONE',  ( 127.1380364139639596, 13.76921602494334707, 12.11327624256318636 ) ) ;
#4311 = ORIENTED_EDGE ( 'NONE', *, *, #5481, .T. ) ;
#4312 = CARTESIAN_POINT ( 'NONE',  ( 259.6509490622941598, 7.127392194143204129, 127.9100000000000250 ) ) ;
#4313 = CARTESIAN_POINT ( 'NONE',  ( 287.3516452880507472, 0.005892272784852678989, 22.37559703270079225 ) ) ;
#4314 = CARTESIAN_POINT ( 'NONE',  ( 277.8037254724075638, 5.103177749488235548, 6.575010445838247009 ) ) ;
#4315 = CARTESIAN_POINT ( 'NONE',  ( 204.8813573451676007, 9.220767792884130287, 128.7035811450555229 ) ) ;
#4316 = CARTESIAN_POINT ( 'NONE',  ( 160.0079479585619993, 12.87536346639797813, 6.499997462476922117 ) ) ;
#4317 = CARTESIAN_POINT ( 'NONE',  ( 163.8759731155898010, 12.67916244032178241, 6.500000008110409233 ) ) ;
#4318 = ORIENTED_EDGE ( 'NONE', *, *, #2319, .F. ) ;
#4319 = CARTESIAN_POINT ( 'NONE',  ( 328.0159231701248359, 2.620992950680685052, 339.7180058225561652 ) ) ;
#4320 = CARTESIAN_POINT ( 'NONE',  ( 125.1370745025531193, 4.018651075994421618, 127.9099999999999113 ) ) ;
#4321 = ORIENTED_EDGE ( 'NONE', *, *, #351, .T. ) ;
#4322 = CARTESIAN_POINT ( 'NONE',  ( 259.9857835810574898, 6.224870717120341901, 7.238830869318876537 ) ) ;
#4323 = CARTESIAN_POINT ( 'NONE',  ( 128.1116893752939916, 12.93382902307292248, 13.93557904659562574 ) ) ;
#4324 = CARTESIAN_POINT ( 'NONE',  ( 195.8833656763148667, 10.97820414612743356, 6.499999999999975131 ) ) ;
#4325 = CARTESIAN_POINT ( 'NONE',  ( 290.4970451107060398, -0.02680843175206237133, 24.41870589450532592 ) ) ;
#4326 = ORIENTED_EDGE ( 'NONE', *, *, #5156, .F. ) ;
#4327 = CARTESIAN_POINT ( 'NONE',  ( 360.4740953627614886, 1.421771668654004062, 249.8200000000000500 ) ) ;
#4328 = VERTEX_POINT ( 'NONE', #2376 ) ;
#4329 = CARTESIAN_POINT ( 'NONE',  ( 347.4616116991400645, 3.409051886163088962, 340.0201017203958145 ) ) ;
#4330 = CARTESIAN_POINT ( 'NONE',  ( 185.1432000079821307, 11.44616818902920308, 6.498710352356604325 ) ) ;
#4331 = CARTESIAN_POINT ( 'NONE',  ( 286.8839111916934712, 0.005486668769055369835, 21.24835660891719868 ) ) ;
#4332 = CARTESIAN_POINT ( 'NONE',  ( 128.1386114655713300, 11.25831897946188853, 19.88179999999997705 ) ) ;
#4333 = ORIENTED_EDGE ( 'NONE', *, *, #4704, .T. ) ;
#4334 = DIRECTION ( 'NONE',  ( -0.9999087854442239021, 0.01350632412824551327, 0.000000000000000000 ) ) ;
#4335 = CARTESIAN_POINT ( 'NONE',  ( 159.9472357476181230, 13.96641346376431869, 6.496191404805006009 ) ) ;
#4336 = TOROIDAL_SURFACE ( 'NONE', #6121, 0.6634653046645075936, 0.2000000000000000111 ) ;
#4337 = CARTESIAN_POINT ( 'NONE',  ( 139.8246858254858864, 12.99805866338524041, 6.989382654449557641 ) ) ;
#4338 = CARTESIAN_POINT ( 'NONE',  ( 331.4401469297467884, 4.885651739357458112, 371.7300000000001887 ) ) ;
#4339 = FACE_OUTER_BOUND ( 'NONE', #3342, .T. ) ;
#4340 = CARTESIAN_POINT ( 'NONE',  ( 352.7454693069071254, 5.113574473752251492, 371.2300000000000182 ) ) ;
#4341 = VECTOR ( 'NONE', #2794, 1000.000000000000000 ) ;
#4342 = CARTESIAN_POINT ( 'NONE',  ( 332.5766904567813071, 0.05994121908618880307, 172.5865250279855445 ) ) ;
#4343 = VERTEX_POINT ( 'NONE', #2410 ) ;
#4344 = CARTESIAN_POINT ( 'NONE',  ( 342.1953491628141819, 3.056425892975617398, 249.8200000000000500 ) ) ;
#4345 = CARTESIAN_POINT ( 'NONE',  ( 115.4414884628539539, 13.47884532409549863, 6.615113332915780298 ) ) ;
#4346 = EDGE_CURVE ( 'NONE', #2356, #3879, #5622, .T. ) ;
#4347 = CARTESIAN_POINT ( 'NONE',  ( 362.6122364233301596, 2.925443328020968181, 371.2299999896989675 ) ) ;
#4348 = B_SPLINE_CURVE_WITH_KNOTS ( 'NONE', 3,
 ( #95, #4040, #2832, #2397, #54, #131 ),
 .UNSPECIFIED., .F., .F.,
 ( 4, 2, 4 ),
 ( 0.0001824430127136197227, 0.0005026447457978549041, 0.0008228464788820899229 ),
 .UNSPECIFIED. ) ;
#4349 = CARTESIAN_POINT ( 'NONE',  ( 276.9695718928561519, 5.569802008252328740, 6.500052294888081228 ) ) ;
#4350 = CARTESIAN_POINT ( 'NONE',  ( 332.4851953113622471, 3.642782377040768793, 337.9991393777420967 ) ) ;
#4351 = VERTEX_POINT ( 'NONE', #6259 ) ;
#4352 = CARTESIAN_POINT ( 'NONE',  ( 274.1439730409817344, 4.837621139137172399, 7.528453741916309561 ) ) ;
#4353 = AXIS2_PLACEMENT_3D ( 'NONE', #155, #6946, #6863 ) ;
#4354 =( BOUNDED_SURFACE ( )  B_SPLINE_SURFACE ( 3, 2, ( 
 ( #2424, #6432, #3610 ),
 ( #838, #125, #2391 ),
 ( #5241, #1252, #1396 ),
 ( #4809, #4109, #731 ),
 ( #6502, #270, #2982 ),
 ( #6467, #4745, #7057 ),
 ( #5275, #1949, #7025 ),
 ( #1920, #4185, #4710 ) ),
 .UNSPECIFIED., .F., .F., .F. ) 
 B_SPLINE_SURFACE_WITH_KNOTS ( ( 4, 2, 2, 4 ),
 ( 3, 3 ),
 ( 0.02955814356468738566, 0.07352378086342095664, 0.1174894181621545242, 0.2054206927596216592 ),
 ( 0.000000000000000000, 1.000000000000000000 ),
 .UNSPECIFIED. ) 
 GEOMETRIC_REPRESENTATION_ITEM ( )  RATIONAL_B_SPLINE_SURFACE ( (
 ( 1.000000000000000000, 0.7364934242539518117, 1.000000000000000000),
 ( 1.000000000000000000, 0.7373358525575092193, 1.000000000000000000),
 ( 1.000000000000000000, 0.7389165074304286929, 1.000000000000000000),
 ( 1.000000000000000000, 0.7412785879575805037, 1.000000000000000000),
 ( 1.000000000000000000, 0.7422606925163066638, 1.000000000000000000),
 ( 1.000000000000000000, 0.7444875742982234312, 1.000000000000000000),
 ( 1.000000000000000000, 0.7448057261134354290, 1.000000000000000000),
 ( 1.000000000000000000, 0.7441700380787392710, 1.000000000000000000) ) ) 
 REPRESENTATION_ITEM ( '' )  SURFACE ( )  );
#4355 = CARTESIAN_POINT ( 'NONE',  ( 18.88159747142708156, 1.014373446415454127, 6.000000000000000000 ) ) ;
#4356 = DIRECTION ( 'NONE',  ( 0.000000000000000000, -1.000000000000000000, 0.000000000000000000 ) ) ;
#4357 = EDGE_CURVE ( 'NONE', #7, #1446, #2098, .T. ) ;
#4358 = CARTESIAN_POINT ( 'NONE',  ( 254.7512821260319811, 6.482633618429463063, 7.241082581142273433 ) ) ;
#4359 = ORIENTED_EDGE ( 'NONE', *, *, #2713, .T. ) ;
#4360 = CARTESIAN_POINT ( 'NONE',  ( 127.4951447151097028, 12.97464024244394842, 12.44786766475656847 ) ) ;
#4361 = AXIS2_PLACEMENT_3D ( 'NONE', #3619, #209, #6512 ) ;
#4362 = CARTESIAN_POINT ( 'NONE',  ( 227.8825322352164733, 9.132129383371468734, 6.499999999999992006 ) ) ;
#4363 = CARTESIAN_POINT ( 'NONE',  ( 332.5766904567805113, -2.739819871362719983, 173.2509977865708208 ) ) ;
#4364 = EDGE_LOOP ( 'NONE', ( #6565, #372, #1054, #947, #5271 ) ) ;
#4365 = CIRCLE ( 'NONE', #1294, 1.999999999999999334 ) ;
#4366 = CARTESIAN_POINT ( 'NONE',  ( 320.6174184641085958, 2.426351921672667888, 127.9100000000000250 ) ) ;
#4367 = VERTEX_POINT ( 'NONE', #6899 ) ;
#4368 = EDGE_CURVE ( 'NONE', #1093, #3046, #4371, .T. ) ;
#4369 = CARTESIAN_POINT ( 'NONE',  ( 185.1164296793768074, 10.95722593887963825, 6.697951673845952136 ) ) ;
#4370 = CARTESIAN_POINT ( 'NONE',  ( 132.8374557881199394, 14.04606936672252004, 6.499999999999992895 ) ) ;
#4371 = CIRCLE ( 'NONE', #2805, 0.1999999999999959588 ) ;
#4372 = CARTESIAN_POINT ( 'NONE',  ( 159.8519833515343009, 12.88335511708837977, 5.999999999999988454 ) ) ;
#4373 = FACE_OUTER_BOUND ( 'NONE', #6044, .T. ) ;
#4374 = EDGE_CURVE ( 'NONE', #3308, #4036, #5450, .T. ) ;
#4375 = VECTOR ( 'NONE', #4486, 1000.000000000000000 ) ;
#4376 = CARTESIAN_POINT ( 'NONE',  ( 130.3759731210350310, 14.07998109671960840, 6.500000000013977264 ) ) ;
#4377 = CARTESIAN_POINT ( 'NONE',  ( 233.8541399273709089, 7.777739912894570118, 7.375227281991127981 ) ) ;
#4378 = CARTESIAN_POINT ( 'NONE',  ( 136.3417928416161828, 12.96924478803388858, 7.356975354758798602 ) ) ;
#4379 = CARTESIAN_POINT ( 'NONE',  ( 260.4484951840514100, 8.328395314421046081, 249.8199999999999648 ) ) ;
#4380 = CARTESIAN_POINT ( 'NONE',  ( 162.3759566739129525, 12.75467930681689133, 6.499999999999992006 ) ) ;
#4381 = CARTESIAN_POINT ( 'NONE',  ( 398.8395861586158162, 0.5555658961820714170, 371.2300000000000182 ) ) ;
#4382 = CARTESIAN_POINT ( 'NONE',  ( 325.5438095049034928, 3.531095844258675509, 338.1018218439120346 ) ) ;
#4383 = ORIENTED_EDGE ( 'NONE', *, *, #360, .F. ) ;
#4384 = CARTESIAN_POINT ( 'NONE',  ( 354.7933562503446865, 2.130185221001060558, 249.8200000000000500 ) ) ;
#4385 = CARTESIAN_POINT ( 'NONE',  ( 387.4916388700410153, 1.491465144459191539, 371.2299886495124497 ) ) ;
#4386 = CARTESIAN_POINT ( 'NONE',  ( 407.9673602746096890, 1.671683696730448476, 371.7299999999999045 ) ) ;
#4387 = CARTESIAN_POINT ( 'NONE',  ( 179.1703294053386628, 11.04989859233851313, 74.78638765164652114 ) ) ;
#4388 = CARTESIAN_POINT ( 'NONE',  ( 277.3139062899996929, 4.522316644843690447, 7.385263567357172931 ) ) ;
#4389 = CARTESIAN_POINT ( 'NONE',  ( 366.0947887711187718, 2.781157428367523554, 371.2299999407358087 ) ) ;
#4390 = CARTESIAN_POINT ( 'NONE',  ( 281.5262602263677536, 3.534452903238767707, 6.954030848172542356 ) ) ;
#4391 = CARTESIAN_POINT ( 'NONE',  ( 388.7455510008834949, 1.393985762785452609, 371.7300000000000182 ) ) ;
#4392 = ORIENTED_EDGE ( 'NONE', *, *, #3048, .F. ) ;
#4393 = CARTESIAN_POINT ( 'NONE',  ( 176.2371926257129928, 9.233872065531839368, 127.9099999999999682 ) ) ;
#4394 = CARTESIAN_POINT ( 'NONE',  ( 279.6690272103916186, 8.012015678938098517, 127.9100000000000819 ) ) ;
#4395 = CARTESIAN_POINT ( 'NONE',  ( 263.4843256592888565, 6.505734770257709521, 6.624013617663488063 ) ) ;
#4396 = ORIENTED_EDGE ( 'NONE', *, *, #6015, .T. ) ;
#4397 = CARTESIAN_POINT ( 'NONE',  ( 345.1700225820788432, 2.141129571469226445, 339.7199005234684250 ) ) ;
#4398 = CARTESIAN_POINT ( 'NONE',  ( 171.8787598986450860, 12.27379132698146691, 6.500000000000026645 ) ) ;
#4399 = CARTESIAN_POINT ( 'NONE',  ( 289.9216473163277215, -0.1722206926641281499, 54.11325741143067347 ) ) ;
#4400 = CARTESIAN_POINT ( 'NONE',  ( 270.5536243463852202, 5.619262450632371397, 20.09912222438796192 ) ) ;
#4401 = EDGE_CURVE ( 'NONE', #4343, #2553, #5972, .T. ) ;
#4402 = ORIENTED_EDGE ( 'NONE', *, *, #2611, .T. ) ;
#4403 = CARTESIAN_POINT ( 'NONE',  ( 321.7991143718219860, 0.7554394530016906861, 127.9100000000001955 ) ) ;
#4404 = VERTEX_POINT ( 'NONE', #1768 ) ;
#4405 = CARTESIAN_POINT ( 'NONE',  ( 178.1395324857733158, 11.14223980596723074, 6.884097188618345520 ) ) ;
#4406 = CARTESIAN_POINT ( 'NONE',  ( 286.8275719725891690, 0.005317284934520729277, 20.77761102153702311 ) ) ;
#4407 = CARTESIAN_POINT ( 'NONE',  ( 332.4851953113623040, 3.642782377040769237, 337.9991393777419830 ) ) ;
#4408 = VERTEX_POINT ( 'NONE', #5602 ) ;
#4409 = CARTESIAN_POINT ( 'NONE',  ( 124.1080241333597058, 11.99795343309472351, 22.99999999999998934 ) ) ;
#4410 = CARTESIAN_POINT ( 'NONE',  ( 342.0455952504444781, 2.130682112074552936, 339.5290259863575102 ) ) ;
#4411 = CARTESIAN_POINT ( 'NONE',  ( 134.6039653234593061, 13.09293523161858808, 7.104640971996554200 ) ) ;
#4412 = CARTESIAN_POINT ( 'NONE',  ( 99.34618085866998172, 14.51779327384830687, 5.999999999999984013 ) ) ;
#4413 = CARTESIAN_POINT ( 'NONE',  ( 330.5210763669235234, 4.164467614152870034, 311.7182079052105337 ) ) ;
#4414 = CARTESIAN_POINT ( 'NONE',  ( 362.6912723140388266, 2.922375311667429365, 371.4687274557688283 ) ) ;
#4415 = EDGE_CURVE ( 'NONE', #6583, #501, #5276, .T. ) ;
#4416 = CARTESIAN_POINT ( 'NONE',  ( 118.8911972009299944, 13.88622806907360996, 6.516046105084682516 ) ) ;
#4417 = ORIENTED_EDGE ( 'NONE', *, *, #2302, .T. ) ;
#4418 = CARTESIAN_POINT ( 'NONE',  ( 397.7834412556952088, 0.4887511605427684591, 371.7300000000000182 ) ) ;
#4419 = CARTESIAN_POINT ( 'NONE',  ( 385.3134857991761351, 1.648052760490079205, 371.2299886381801457 ) ) ;
#4420 = LINE ( 'NONE', #444, #6999 ) ;
#4421 = CARTESIAN_POINT ( 'NONE',  ( 276.9461496418159641, 5.304119156646424749, 6.524309800143469396 ) ) ;
#4422 = CARTESIAN_POINT ( 'NONE',  ( 411.6679189922680280, -0.1807869074230633311, 371.7300000000000182 ) ) ;
#4423 = CARTESIAN_POINT ( 'NONE',  ( 280.9844160502696013, 3.951496821686027783, 6.844410305275927087 ) ) ;
#4424 = CARTESIAN_POINT ( 'NONE',  ( 390.7454693069067844, 1.241910405717955301, 371.7300000000000182 ) ) ;
#4425 = CARTESIAN_POINT ( 'NONE',  ( 323.1709225846396407, 1.986770546527248937, 371.7300000000004161 ) ) ;
#4426 = CARTESIAN_POINT ( 'NONE',  ( 405.9137680729077715, 1.865120142829708172, 371.7299999999999613 ) ) ;
#4427 = CARTESIAN_POINT ( 'NONE',  ( 258.2557239647003371, 6.573473561994935821, 6.790313061145475615 ) ) ;
#4428 = CARTESIAN_POINT ( 'NONE',  ( 391.2454691466391523, 1.203479982903372436, 371.2299999436688722 ) ) ;
#4429 = CARTESIAN_POINT ( 'NONE',  ( 130.4316519013989648, 13.49744259747130748, 21.65170348872673145 ) ) ;
#4430 = CARTESIAN_POINT ( 'NONE',  ( 332.3098660827429285, 3.442853192063332735, 338.1005154283682259 ) ) ;
#4431 = CARTESIAN_POINT ( 'NONE',  ( 346.0596072910410612, 3.464820039304819854, 341.5075559399115832 ) ) ;
#4432 = VERTEX_POINT ( 'NONE', #3172 ) ;
#4433 = CARTESIAN_POINT ( 'NONE',  ( 105.8847703269399432, -43.07938103743692437, 6.499999999999992006 ) ) ;
#4434 = ORIENTED_EDGE ( 'NONE', *, *, #1865, .T. ) ;
#4435 = DIRECTION ( 'NONE',  ( -1.000000000000000000, 0.000000000000000000, -0.000000000000000000 ) ) ;
#4436 = CARTESIAN_POINT ( 'NONE',  ( 174.6987611811523777, 12.13600503544990161, 6.500051388635568195 ) ) ;
#4437 = FACE_OUTER_BOUND ( 'NONE', #6908, .T. ) ;
#4438 = EDGE_CURVE ( 'NONE', #618, #2436, #6237, .T. ) ;
#4439 = ADVANCED_FACE ( 'NONE', ( #5955 ), #5682, .T. ) ;
#4440 = B_SPLINE_CURVE_WITH_KNOTS ( 'NONE', 3,
 ( #2625, #5958, #5407, #2551 ),
 .UNSPECIFIED., .F., .F.,
 ( 4, 4 ),
 ( 0.001367128756185779581, 0.4517813687693125746 ),
 .UNSPECIFIED. ) ;
#4441 = FACE_OUTER_BOUND ( 'NONE', #4779, .T. ) ;
#4442 = ORIENTED_EDGE ( 'NONE', *, *, #6508, .T. ) ;
#4443 = CARTESIAN_POINT ( 'NONE',  ( 201.3124238203913023, 9.275140682230627931, 128.2433333333332257 ) ) ;
#4444 = CARTESIAN_POINT ( 'NONE',  ( 136.4577316511069114, 13.80800901821607596, 16.47528809806723160 ) ) ;
#4445 = CARTESIAN_POINT ( 'NONE',  ( 132.8640570470378464, 13.12521946958610641, 7.102588956545310417 ) ) ;
#4446 = CARTESIAN_POINT ( 'NONE',  ( 250.1388669048751296, 7.973982987243459775, 249.8200000000001637 ) ) ;
#4447 = CARTESIAN_POINT ( 'NONE',  ( 396.0001762046594536, 0.8291994505233115653, 371.2300000000000182 ) ) ;
#4448 = CARTESIAN_POINT ( 'NONE',  ( 362.7454693069067844, 2.920271492011041303, 371.7300000000000182 ) ) ;
#4449 = CARTESIAN_POINT ( 'NONE',  ( 187.7370934521306367, 10.47639943015891006, 127.9100000000000819 ) ) ;
#4450 = CARTESIAN_POINT ( 'NONE',  ( 325.6449694722737149, 3.536363516424026798, 338.2618208229709467 ) ) ;
#4451 = ORIENTED_EDGE ( 'NONE', *, *, #2889, .T. ) ;
#4452 = CARTESIAN_POINT ( 'NONE',  ( 393.6427938271204425, 0.8254598629137174237, 371.7300000000001319 ) ) ;
#4453 = CARTESIAN_POINT ( 'NONE',  ( 387.4783737168635867, 1.312698939818753185, 371.1365780517759276 ) ) ;
#4454 = CARTESIAN_POINT ( 'NONE',  ( 327.3307176890614869, 4.772040854508302843, 339.4973493307937247 ) ) ;
#4455 = EDGE_CURVE ( 'NONE', #3639, #984, #21, .T. ) ;
#4456 = CYLINDRICAL_SURFACE ( 'NONE', #1760, 0.5000000000000004441 ) ;
#4457 = CARTESIAN_POINT ( 'NONE',  ( 278.2351722020771945, 5.064151120292445185, 6.575288599165427073 ) ) ;
#4458 = CARTESIAN_POINT ( 'NONE',  ( 284.0711325663809248, 0.5202250327107830197, 6.000000000000000000 ) ) ;
#4459 = CARTESIAN_POINT ( 'NONE',  ( 280.9123358705706437, 3.801970457261984127, 7.083896666552008448 ) ) ;
#4460 = CARTESIAN_POINT ( 'NONE',  ( 387.5708020191615901, 1.481113407671331705, 371.2299998310068077 ) ) ;
#4461 = CARTESIAN_POINT ( 'NONE',  ( 236.6160954831351830, 5.085922201744719651, 249.8199999999997090 ) ) ;
#4462 = B_SPLINE_CURVE_WITH_KNOTS ( 'NONE', 3,
 ( #1382, #5482, #2512, #4795, #3669, #7077 ),
 .UNSPECIFIED., .F., .F.,
 ( 4, 2, 4 ),
 ( 0.000000000000000000, 0.0003521495493254968800, 0.0007042990986509937599 ),
 .UNSPECIFIED. ) ;
#4463 = ADVANCED_FACE ( 'NONE', ( #203 ), #1029, .T. ) ;
#4464 = CARTESIAN_POINT ( 'NONE',  ( 402.9665135700096812, 2.136574203883818690, 371.7300000000000182 ) ) ;
#4465 = CARTESIAN_POINT ( 'NONE',  ( 260.0143082630255549, 6.822179533163922116, 6.573503579785278994 ) ) ;
#4466 = CARTESIAN_POINT ( 'NONE',  ( 391.2454692267735368, 1.203393054824922759, 371.2300000000000182 ) ) ;
#4467 = CARTESIAN_POINT ( 'NONE',  ( 279.0893886015013550, 5.852812181464994268, 250.8065065531859261 ) ) ;
#4468 = CARTESIAN_POINT ( 'NONE',  ( 281.1880661519535352, 4.549726283703281915, 6.498471993483510012 ) ) ;
#4469 = CARTESIAN_POINT ( 'NONE',  ( 163.3759731210269308, 13.79274210926817723, 5.999999999999991118 ) ) ;
#4470 = VERTEX_POINT ( 'NONE', #6656 ) ;
#4471 = CARTESIAN_POINT ( 'NONE',  ( 332.9575563708114032, 3.644998519259355696, 338.7739050365034927 ) ) ;
#4472 = ORIENTED_EDGE ( 'NONE', *, *, #3503, .F. ) ;
#4473 = DIRECTION ( 'NONE',  ( -0.000000000000000000, 0.000000000000000000, 1.000000000000000000 ) ) ;
#4474 = CARTESIAN_POINT ( 'NONE',  ( 199.0451712129051600, 10.09364687235478719, 6.791346247678419878 ) ) ;
#4475 = CARTESIAN_POINT ( 'NONE',  ( 347.5187298857546807, 3.407360552435744427, 338.8179181346928885 ) ) ;
#4476 = CARTESIAN_POINT ( 'NONE',  ( 332.5636177864228671, 3.639231548203862854, 338.1277677634668635 ) ) ;
#4477 = AXIS2_PLACEMENT_3D ( 'NONE', #5745, #649, #3013 ) ;
#4478 = VERTEX_POINT ( 'NONE', #3839 ) ;
#4479 = CARTESIAN_POINT ( 'NONE',  ( 387.7454693069067275, 1.468158853416228871, 371.5977623495191438 ) ) ;
#4480 = PERSON ( 'UNSPECIFIED', 'UNSPECIFIED', 'UNSPECIFIED', ('UNSPECIFIED'), ('UNSPECIFIED'), ('UNSPECIFIED') ) ;
#4481 = CARTESIAN_POINT ( 'NONE',  ( 289.9216473163276078, -2.593465512171413856, 53.25093735705630849 ) ) ;
#4482 = CARTESIAN_POINT ( 'NONE',  ( 150.2560943700006817, 12.40035108666573294, 7.504499624313920592 ) ) ;
#4483 = CARTESIAN_POINT ( 'NONE',  ( 126.8776978464186698, 6.630480886400668794, 127.9099999999999966 ) ) ;
#4484 = AXIS2_PLACEMENT_3D ( 'NONE', #796, #5351, #2489 ) ;
#4485 = CARTESIAN_POINT ( 'NONE',  ( 118.8626704461682237, 13.68641043655810030, 11.20599437548026422 ) ) ;
#4486 = DIRECTION ( 'NONE',  ( 0.000000000000000000, 1.000000000000000000, 0.000000000000000000 ) ) ;
#4487 = CARTESIAN_POINT ( 'NONE',  ( 163.8759731210269308, 13.76764379249233450, 6.499999999999992006 ) ) ;
#4488 = VECTOR ( 'NONE', #2415, 1000.000000000000000 ) ;
#4489 = CARTESIAN_POINT ( 'NONE',  ( 365.7454693069067275, 4.688385421200238490, 371.7300000000000182 ) ) ;
#4490 = EDGE_CURVE ( 'NONE', #4912, #1767, #3198, .T. ) ;
#4491 = EDGE_LOOP ( 'NONE', ( #4509, #4359, #1413, #2494 ) ) ;
#4492 = CARTESIAN_POINT ( 'NONE',  ( 278.3907539479687898, 4.384057875729273412, 6.000000000000000888 ) ) ;
#4493 = CARTESIAN_POINT ( 'NONE',  ( 389.6540749957522394, 1.127034094224587557, 371.0849999881605754 ) ) ;
#4494 = FACE_OUTER_BOUND ( 'NONE', #5931, .T. ) ;
#4495 = DIRECTION ( 'NONE',  ( 0.000000000000000000, -1.000000000000000000, 0.000000000000000000 ) ) ;
#4496 = CARTESIAN_POINT ( 'NONE',  ( 279.0420948856503287, 4.715638938682491954, 6.706627447228600047 ) ) ;
#4497 = CARTESIAN_POINT ( 'NONE',  ( 116.4975692119680843, 13.78784208867236671, 7.465247984585394292 ) ) ;
#4498 = CARTESIAN_POINT ( 'NONE',  ( 280.8637128251149875, 3.737533700770808487, 7.361000926769338371 ) ) ;
#4499 = CARTESIAN_POINT ( 'NONE',  ( 147.4489812845391157, 10.16896350761662582, 56.41933981346635818 ) ) ;
#4500 = EDGE_CURVE ( 'NONE', #6075, #3405, #2491, .T. ) ;
#4501 = ORIENTED_EDGE ( 'NONE', *, *, #1292, .F. ) ;
#4502 = CARTESIAN_POINT ( 'NONE',  ( 232.0494459173573034, 4.532630281740602562, 249.8200000000002774 ) ) ;
#4503 = CARTESIAN_POINT ( 'NONE',  ( 237.1686590475617891, 9.654791381232923797, 6.000000000000000888 ) ) ;
#4504 = CARTESIAN_POINT ( 'NONE',  ( 265.2259052986560732, 6.507966188844624966, 6.574570678335290630 ) ) ;
#4505 = CARTESIAN_POINT ( 'NONE',  ( 274.9463432685134876, 5.165772287328607604, 21.18952418788845549 ) ) ;
#4506 = CARTESIAN_POINT ( 'NONE',  ( 225.7992519092694579, 8.266239786944204582, 163.3988598707647952 ) ) ;
#4507 = EDGE_CURVE ( 'NONE', #4036, #552, #5913, .T. ) ;
#4508 = CARTESIAN_POINT ( 'NONE',  ( 294.9605025736940433, 2.701676468348504834, 81.79225341288979223 ) ) ;
#4509 = ORIENTED_EDGE ( 'NONE', *, *, #2312, .T. ) ;
#4510 = CARTESIAN_POINT ( 'NONE',  ( 387.3234774653161594, 3.396906305400466231, 371.2361227609808338 ) ) ;
#4511 = VERTEX_POINT ( 'NONE', #3165 ) ;
#4512 = CARTESIAN_POINT ( 'NONE',  ( 212.9609232415018880, 9.034984398064111133, 7.242157381296162377 ) ) ;
#4513 = CARTESIAN_POINT ( 'NONE',  ( 140.2879609646643928, 13.23136166409601522, 22.75762250766686989 ) ) ;
#4514 = FACE_OUTER_BOUND ( 'NONE', #675, .T. ) ;
#4515 = ORIENTED_EDGE ( 'NONE', *, *, #2212, .T. ) ;
#4516 = CARTESIAN_POINT ( 'NONE',  ( 324.2853557521231664, 3.511992963562039272, 338.7300000000004161 ) ) ;
#4517 = CARTESIAN_POINT ( 'NONE',  ( 163.8759731210270161, 12.67930968997284680, 6.499999999999968914 ) ) ;
#4518 = CARTESIAN_POINT ( 'NONE',  ( 237.3644176166494049, 8.063271902608240893, 6.624140203027460316 ) ) ;
#4519 = CARTESIAN_POINT ( 'NONE',  ( 145.0835168241709425, 13.66429158683657441, 6.500051121768898099 ) ) ;
#4520 = CARTESIAN_POINT ( 'NONE',  ( 219.1142990071858492, 4.310805217698405301, 249.8200000000000216 ) ) ;
#4521 = CARTESIAN_POINT ( 'NONE',  ( 285.2357229715550488, 3.623663238922508967, 20.95113839780756138 ) ) ;
#4522 = FACE_OUTER_BOUND ( 'NONE', #7317, .T. ) ;
#4523 = CARTESIAN_POINT ( 'NONE',  ( 113.0711318738231057, 13.73525321044135694, 6.000000000000000000 ) ) ;
#4524 = CARTESIAN_POINT ( 'NONE',  ( 391.0455710027894725, 3.116454838129761651, 371.7300000000000750 ) ) ;
#4525 = ORIENTED_EDGE ( 'NONE', *, *, #4057, .F. ) ;
#4526 = CARTESIAN_POINT ( 'NONE',  ( 317.0120373595008232, 3.201891393043293732, 127.9100000000000250 ) ) ;
#4527 = CARTESIAN_POINT ( 'NONE',  ( 354.7775767280317041, 2.992995813327917531, 371.0277241427637023 ) ) ;
#4528 = CARTESIAN_POINT ( 'NONE',  ( 394.0078421413438718, 0.7893618370290174102, 371.0850838992205922 ) ) ;
#4529 = CARTESIAN_POINT ( 'NONE',  ( 117.1883379988486809, 13.33962278964223280, 6.773432746976144614 ) ) ;
#4530 = CARTESIAN_POINT ( 'NONE',  ( 159.8759827467707737, 12.88212538434859056, 6.500000003003497895 ) ) ;
#4531 = CARTESIAN_POINT ( 'NONE',  ( 278.9864758186665767, 4.360997591156381858, 7.269343594305963663 ) ) ;
#4532 = FACE_OUTER_BOUND ( 'NONE', #6398, .T. ) ;
#4533 = EDGE_CURVE ( 'NONE', #2191, #3046, #1713, .T. ) ;
#4534 = CARTESIAN_POINT ( 'NONE',  ( 281.2078911933441532, 4.373182140507534399, 6.528625227435020051 ) ) ;
#4535 = CARTESIAN_POINT ( 'NONE',  ( 387.3961347314164527, 1.494067961926434096, 371.7300000000000182 ) ) ;
#4536 = VERTEX_POINT ( 'NONE', #4816 ) ;
#4537 = CARTESIAN_POINT ( 'NONE',  ( 173.0209304687451777, 9.132844082391230245, 127.9099999999999966 ) ) ;
#4538 = CARTESIAN_POINT ( 'NONE',  ( 123.2431818857000110, 12.71106016066178235, 18.13440070361511403 ) ) ;
#4539 = CARTESIAN_POINT ( 'NONE',  ( 341.9526502975191420, 5.129005138802433805, 249.8200000000000216 ) ) ;
#4540 = APPLICATION_CONTEXT ( 'configuration controlled 3d designs of mechanical parts and assemblies' ) ;
#4541 = CARTESIAN_POINT ( 'NONE',  ( 265.1996153732345647, 6.179311844173651203, 6.794354691953389924 ) ) ;
#4542 = CARTESIAN_POINT ( 'NONE',  ( 282.3083311665049564, 4.371198184159942990, 23.25000000000403588 ) ) ;
#4543 = CARTESIAN_POINT ( 'NONE',  ( 126.6420257742093298, 13.39739130618039731, 22.64000431766846688 ) ) ;
#4544 = CARTESIAN_POINT ( 'NONE',  ( 131.1730761118934652, 12.64305732884552391, 23.13394068953348537 ) ) ;
#4545 = CARTESIAN_POINT ( 'NONE',  ( 401.8804645833756126, -0.002165462215423566081, 343.6762745666326282 ) ) ;
#4546 = CARTESIAN_POINT ( 'NONE',  ( 332.7847226512714087, 3.783139852006948356, 338.4904235176930456 ) ) ;
#4547 = B_SPLINE_SURFACE_WITH_KNOTS ( 'NONE', 3, 1, ( 
 ( #2020, #3167 ),
 ( #5534, #1657 ),
 ( #1617, #7289 ),
 ( #2162, #4971 ),
 ( #1580, #7321 ),
 ( #3312, #3276 ),
 ( #3800, #5570 ),
 ( #2196, #7255 ),
 ( #3877, #429 ),
 ( #4372, #6657 ) ),
 .UNSPECIFIED., .F., .F., .F.,
 ( 4, 3, 3, 4 ),
 ( 2, 2 ),
 ( 0.7785283841385243209, 0.7819915276621233202, 0.8018189980763043012, 0.8052822106920627387 ),
 ( 0.000000000000000000, 1.000000000000000000 ),
 .UNSPECIFIED. ) ;
#4548 = ORIENTED_EDGE ( 'NONE', *, *, #3889, .T. ) ;
#4549 = CARTESIAN_POINT ( 'NONE',  ( 237.3373583244606664, 7.639045604686798718, 7.121289952257972899 ) ) ;
#4550 = CARTESIAN_POINT ( 'NONE',  ( 213.0027100384580194, 9.754284430681261497, 6.523966833095075302 ) ) ;
#4551 = CARTESIAN_POINT ( 'NONE',  ( 140.3367849102651519, 12.73613775322877650, 23.06320189719508207 ) ) ;
#4552 = B_SPLINE_CURVE_WITH_KNOTS ( 'NONE', 3,
 ( #2862, #2710, #2777, #5151, #2310, #42, #6192, #6112 ),
 .UNSPECIFIED., .F., .F.,
 ( 4, 2, 2, 4 ),
 ( 0.000000000000000000, 0.08722689680946901780, 0.1308403452142034296, 0.1744537936189378691 ),
 .UNSPECIFIED. ) ;
#4553 = CARTESIAN_POINT ( 'NONE',  ( 345.6141765915497785, 2.204227124271787019, 339.1584997223657751 ) ) ;
#4554 = ORIENTED_EDGE ( 'NONE', *, *, #2176, .T. ) ;
#4555 = CARTESIAN_POINT ( 'NONE',  ( 190.6632613759225592, 9.168663413315169208, 128.2433333333333962 ) ) ;
#4556 = EDGE_LOOP ( 'NONE', ( #6603, #2472, #5477, #7315 ) ) ;
#4557 = CARTESIAN_POINT ( 'NONE',  ( 160.0426461793358044, 12.87358552417578395, 6.500000000481819917 ) ) ;
#4558 = B_SPLINE_CURVE_WITH_KNOTS ( 'NONE', 3,
 ( #532, #1127, #570, #4510 ),
 .UNSPECIFIED., .F., .F.,
 ( 4, 4 ),
 ( 0.000000000000000000, 0.0004231905423936629614 ),
 .UNSPECIFIED. ) ;
#4559 = CARTESIAN_POINT ( 'NONE',  ( 153.7725471893934923, 12.82655834282548746, 6.573735562839094548 ) ) ;
#4560 = CARTESIAN_POINT ( 'NONE',  ( 320.3427853992819792, 3.702023557935681719, 371.7300000000000750 ) ) ;
#4561 = CARTESIAN_POINT ( 'NONE',  ( 276.9505754012160423, 4.910253909629761715, 21.18782556513793125 ) ) ;
#4562 = CARTESIAN_POINT ( 'NONE',  ( 140.6342473195894911, 12.36185562085144163, 23.32560068992539115 ) ) ;
#4563 = CARTESIAN_POINT ( 'NONE',  ( 333.6614166874439888, 4.671474467765145633, 340.3322465410278141 ) ) ;
#4564 = CARTESIAN_POINT ( 'NONE',  ( 123.2431818856999968, 13.49853914706861779, 18.13440070361516021 ) ) ;
#4565 = EDGE_LOOP ( 'NONE', ( #4451, #4766, #2639, #136, #4676, #6367, #4417, #1913, #4597, #2758 ) ) ;
#4566 = CARTESIAN_POINT ( 'NONE',  ( 345.2219211209415448, 3.497482905251566798, 341.6203797297854408 ) ) ;
#4567 = CARTESIAN_POINT ( 'NONE',  ( 289.9216473163282899, 0.01700151008772091826, 53.24999805794006136 ) ) ;
#4568 = CARTESIAN_POINT ( 'NONE',  ( 118.9286610671525608, 13.28678670251299465, 6.864109653301690095 ) ) ;
#4569 = CARTESIAN_POINT ( 'NONE',  ( 153.8237628610644379, 14.12397447448561749, 44.95901752970243592 ) ) ;
#4570 = CARTESIAN_POINT ( 'NONE',  ( 278.9939637870838283, 4.408666905636125399, 7.143104470777498882 ) ) ;
#4571 = CARTESIAN_POINT ( 'NONE',  ( 324.4882468319585769, 4.122670370732768319, 127.9099999999999966 ) ) ;
#4572 = CARTESIAN_POINT ( 'NONE',  ( 281.0407686343343698, 4.028124340132894332, 6.735521357622499927 ) ) ;
#4573 = CARTESIAN_POINT ( 'NONE',  ( 130.3759731210350310, 14.08336458989512252, 6.500000000013977264 ) ) ;
#4574 = ORIENTED_EDGE ( 'NONE', *, *, #1084, .F. ) ;
#4575 = CARTESIAN_POINT ( 'NONE',  ( 144.9519578336250447, 12.57777225548970002, 21.52982231888982412 ) ) ;
#4576 = CARTESIAN_POINT ( 'NONE',  ( 350.7785531403764026, 3.055127160321877700, 371.7299999999997908 ) ) ;
#4577 = CARTESIAN_POINT ( 'NONE',  ( 289.9216473163270393, -2.782998308653354957, 53.25100555481046172 ) ) ;
#4578 = CARTESIAN_POINT ( 'NONE',  ( 289.2150904492323207, 8.132953981906297258, 249.8200000000001637 ) ) ;
#4579 = AXIS2_PLACEMENT_3D ( 'NONE', #391, #7212, #2092 ) ;
#4580 = CARTESIAN_POINT ( 'NONE',  ( 266.9556821325575129, 6.336209902830033158, 6.575175074156130783 ) ) ;
#4581 = CARTESIAN_POINT ( 'NONE',  ( 281.7241194220495117, 4.384212302464708166, 21.21395863754503708 ) ) ;
#4582 = CARTESIAN_POINT ( 'NONE',  ( 284.8779213601187621, -0.02449854501755236585, 23.24999999999997158 ) ) ;
#4583 = CARTESIAN_POINT ( 'NONE',  ( 271.2121019637722270, 5.284060685779424560, 7.136456056816612659 ) ) ;
#4584 = CARTESIAN_POINT ( 'NONE',  ( 126.6451096304110280, 13.43933934182302359, 21.65430862590425320 ) ) ;
#4585 = CARTESIAN_POINT ( 'NONE',  ( 128.7583431550720547, 12.13372287298258989, 23.40817950092935718 ) ) ;
#4586 = CARTESIAN_POINT ( 'NONE',  ( 327.2941724395366236, 3.809393076114859777, 340.8702715558343925 ) ) ;
#4587 = FACE_OUTER_BOUND ( 'NONE', #2518, .T. ) ;
#4588 = EDGE_CURVE ( 'NONE', #5413, #2510, #1990, .T. ) ;
#4589 = EDGE_LOOP ( 'NONE', ( #2545, #6642, #12, #3195 ) ) ;
#4590 = CARTESIAN_POINT ( 'NONE',  ( 118.8174050728990636, 12.89993356160438864, 11.13440070361514778 ) ) ;
#4591 = CARTESIAN_POINT ( 'NONE',  ( 213.0103963556165922, 9.886593673269651106, 6.498707773431368295 ) ) ;
#4592 = CARTESIAN_POINT ( 'NONE',  ( 139.5732279686660888, 13.44239160574580971, 21.93744962363103213 ) ) ;
#4593 = CARTESIAN_POINT ( 'NONE',  ( 372.9565359317160755, 4.335996907497770891, 371.2300000000001887 ) ) ;
#4594 = CARTESIAN_POINT ( 'NONE',  ( 129.0835538785844108, 13.90916022564189269, 6.000000000000000000 ) ) ;
#4595 = VERTEX_POINT ( 'NONE', #3200 ) ;
#4596 = CARTESIAN_POINT ( 'NONE',  ( 124.7227186739296343, 12.02141373514083256, 22.99999999999999289 ) ) ;
#4597 = ORIENTED_EDGE ( 'NONE', *, *, #7238, .T. ) ;
#4598 = EDGE_CURVE ( 'NONE', #5389, #4408, #7131, .T. ) ;
#4599 =( BOUNDED_SURFACE ( )  B_SPLINE_SURFACE ( 3, 2, ( 
 ( #96, #4643, #1780 ),
 ( #1855, #2286, #6403 ),
 ( #2991, #2398, #4041 ),
 ( #3471, #4562, #6994 ),
 ( #2430, #1893, #5166 ),
 ( #5248, #1183, #5839 ) ),
 .UNSPECIFIED., .F., .F., .F. ) 
 B_SPLINE_SURFACE_WITH_KNOTS ( ( 4, 2, 4 ),
 ( 3, 3 ),
 ( -8.998878031629686802E-18, 0.0004469208815144751407, 0.0008938417630289592804 ),
 ( 0.000000000000000000, 1.000000000000000000 ),
 .UNSPECIFIED. ) 
 GEOMETRIC_REPRESENTATION_ITEM ( )  RATIONAL_B_SPLINE_SURFACE ( (
 ( 1.000000000000000000, 0.7069022424810391669, 1.000000000000000000),
 ( 1.000000000000000000, 0.7364986537382228748, 1.000000000000000000),
 ( 1.000000000000000000, 0.7639955390317214601, 1.000000000000000000),
 ( 1.000000000000000000, 0.8125444969815089902, 1.000000000000000000),
 ( 1.000000000000000000, 0.8327677798698616130, 1.000000000000000000),
 ( 1.000000000000000000, 0.8480338035383138129, 1.000000000000000000) ) ) 
 REPRESENTATION_ITEM ( '' )  SURFACE ( )  );
#4600 = DIRECTION ( 'NONE',  ( -1.716358309453042992E-30, -0.0003598203108568317110, -0.9999999352646697925 ) ) ;
#4601 = CARTESIAN_POINT ( 'NONE',  ( 150.2830311072689256, 12.90055017957319272, 6.623427664088884725 ) ) ;
#4602 = CARTESIAN_POINT ( 'NONE',  ( 144.3041732799547390, 9.592802350773920850, 127.9099999999999966 ) ) ;
#4603 = AXIS2_PLACEMENT_3D ( 'NONE', #5726, #4648, #7000 ) ;
#4604 = CARTESIAN_POINT ( 'NONE',  ( 283.8341983717463108, 4.132305980475895701, 21.14354604803637372 ) ) ;
#4605 = CARTESIAN_POINT ( 'NONE',  ( 123.3704204419913850, 11.07352199264002302, 20.94089999999999918 ) ) ;
#4606 = CARTESIAN_POINT ( 'NONE',  ( 168.6591969051519584, 13.52788690624111645, 6.499999999999994671 ) ) ;
#4607 = ADVANCED_FACE ( 'NONE', ( #4437 ), #1284, .F. ) ;
#4608 = CARTESIAN_POINT ( 'NONE',  ( 163.8200369319441450, 13.77044176369608408, 6.496861291257013171 ) ) ;
#4609 = ORIENTED_EDGE ( 'NONE', *, *, #5865, .T. ) ;
#4610 = AXIS2_PLACEMENT_3D ( 'NONE', #5323, #3692, #6510 ) ;
#4611 = PLANE ( 'NONE',  #441 ) ;
#4612 = LINE ( 'NONE', #2839, #1489 ) ;
#4613 = CARTESIAN_POINT ( 'NONE',  ( 118.9329714204920379, 13.06999508460497239, 7.460302038741341235 ) ) ;
#4614 = CARTESIAN_POINT ( 'NONE',  ( 352.7454693069071254, 5.113574473752251492, 371.2300000000000182 ) ) ;
#4615 = CARTESIAN_POINT ( 'NONE',  ( 283.9798515014792315, 2.089961792043038891, 23.24999999999981881 ) ) ;
#4616 = CARTESIAN_POINT ( 'NONE',  ( 280.1906250691988021, 4.334256517860586300, 6.822408150620793421 ) ) ;
#4617 = CARTESIAN_POINT ( 'NONE',  ( 363.7443939506046036, 2.881495220682308567, 371.7299999999999613 ) ) ;
#4618 = AXIS2_PLACEMENT_3D ( 'NONE', #1545, #988, #6198 ) ;
#4619 = B_SPLINE_SURFACE_WITH_KNOTS ( 'NONE', 3, 1, ( 
 ( #2903, #5825 ),
 ( #2349, #1248 ),
 ( #5785, #5346 ),
 ( #2419, #726 ),
 ( #80, #4705 ),
 ( #4768, #7051 ),
 ( #3049, #227 ),
 ( #1880, #6462 ),
 ( #1357, #3605 ),
 ( #6907, #3498 ),
 ( #688, #5891 ),
 ( #5192, #6312 ) ),
 .UNSPECIFIED., .F., .F., .F.,
 ( 4, 3, 2, 3, 4 ),
 ( 2, 2 ),
 ( 0.1173852701207350052, 0.1208513530349283743, 0.1249999999999972938, 0.1406849704025723291, 0.1441479892880458136 ),
 ( 0.000000000000000000, 1.000000000000000000 ),
 .UNSPECIFIED. ) ;
#4620 = CARTESIAN_POINT ( 'NONE',  ( 281.0171530995720559, 3.932597931898579535, 6.844719662105772429 ) ) ;
#4621 = CARTESIAN_POINT ( 'NONE',  ( 366.2454574575080528, 2.774555288482448923, 371.2299999987905608 ) ) ;
#4622 = CARTESIAN_POINT ( 'NONE',  ( 123.6903791800884704, 12.69197460453328397, 18.84170728348270529 ) ) ;
#4623 = CARTESIAN_POINT ( 'NONE',  ( 243.6273278598247600, 8.002341709532226233, 127.9100000000000250 ) ) ;
#4624 = CARTESIAN_POINT ( 'NONE',  ( 319.8465085677541424, 6.563292632189128284, 249.8199999999999079 ) ) ;
#4625 = CARTESIAN_POINT ( 'NONE',  ( 266.8971103933860149, 5.741212350018947141, 7.253395417586768090 ) ) ;
#4626 = CARTESIAN_POINT ( 'NONE',  ( 284.8436037097029043, 3.825062510906643176, 21.02046621614570299 ) ) ;
#4627 = CARTESIAN_POINT ( 'NONE',  ( 287.6378925968064664, 0.03635054510613556361, 23.24999999999992895 ) ) ;
#4628 = CARTESIAN_POINT ( 'NONE',  ( 389.7471814265005037, 3.216079776021655068, 371.2300000000000750 ) ) ;
#4629 = CARTESIAN_POINT ( 'NONE',  ( 131.1762792904353319, 12.14356570009289982, 23.96636975455861318 ) ) ;
#4630 = CARTESIAN_POINT ( 'NONE',  ( 125.9120918821623434, 13.24628041204119633, 22.35566417112678650 ) ) ;
#4631 = LINE ( 'NONE', #1804, #4836 ) ;
#4632 = VERTEX_POINT ( 'NONE', #573 ) ;
#4633 = CARTESIAN_POINT ( 'NONE',  ( 119.4950492686788550, 12.89988079971994317, 11.58941233010927618 ) ) ;
#4634 = CARTESIAN_POINT ( 'NONE',  ( 209.4939083706618135, 9.503769018716957007, 6.791644203378200295 ) ) ;
#4635 = CARTESIAN_POINT ( 'NONE',  ( 194.0446962304694978, 10.55550775608454472, 127.9100000000002240 ) ) ;
#4636 = DIRECTION ( 'NONE',  ( -2.856580399953362705E-13, -0.9999999352646697925, 0.0003598203108568317652 ) ) ;
#4637 = EDGE_CURVE ( 'NONE', #3953, #4511, #1213, .T. ) ;
#4638 = CARTESIAN_POINT ( 'NONE',  ( 281.0286012113058973, 3.624868707034469395, 7.718866183711000417 ) ) ;
#4639 = ORIENTED_EDGE ( 'NONE', *, *, #7005, .F. ) ;
#4640 = CARTESIAN_POINT ( 'NONE',  ( 141.5599771333915555, 12.82815336565019315, 7.232989480899600032 ) ) ;
#4641 = CARTESIAN_POINT ( 'NONE',  ( 119.4882842611792881, 4.654223074915352143, 127.9100000000000250 ) ) ;
#4642 = CARTESIAN_POINT ( 'NONE',  ( 272.1617345716264822, 5.494741466036382249, 21.20549149133192657 ) ) ;
#4643 = CARTESIAN_POINT ( 'NONE',  ( 140.9698162906800007, 12.11599153141730767, 23.87600024077993410 ) ) ;
#4644 = CARTESIAN_POINT ( 'NONE',  ( 333.2718821710854513, 4.587722537987477978, 339.2894615814081476 ) ) ;
#4645 = B_SPLINE_CURVE_WITH_KNOTS ( 'NONE', 3,
 ( #654, #4034, #961, #1728, #6090, #7217, #6663, #6830 ),
 .UNSPECIFIED., .F., .F.,
 ( 4, 1, 1, 1, 1, 4 ),
 ( 0.0009220166311909552999, 0.004204825127920579220, 0.01252395274485299664, 0.02084308036178529264, 0.02916220797871752271, 0.03044621217383388853 ),
 .UNSPECIFIED. ) ;
#4646 = CARTESIAN_POINT ( 'NONE',  ( 163.5239980794617054, 13.78530847553077976, 6.499999950015376449 ) ) ;
#4647 = VERTEX_POINT ( 'NONE', #5114 ) ;
#4648 = DIRECTION ( 'NONE',  ( 1.000000000000000000, -2.856580655684478473E-13, -1.967910723706870724E-17 ) ) ;
#4649 = CARTESIAN_POINT ( 'NONE',  ( 387.7454693069067844, 3.365671187338276749, 371.7300000000000182 ) ) ;
#4650 = CARTESIAN_POINT ( 'NONE',  ( 117.1934204935658101, 13.17095411298025276, 6.967176385531003824 ) ) ;
#4651 = PRODUCT_RELATED_PRODUCT_CATEGORY ( 'detail', '', ( #251 ) ) ;
#4652 = CARTESIAN_POINT ( 'NONE',  ( 140.0313402767418154, 13.16460166029177614, 22.61312756239744814 ) ) ;
#4653 = CARTESIAN_POINT ( 'NONE',  ( 279.7850588542210630, 4.350092101879498685, 6.916126013162314123 ) ) ;
#4654 = CARTESIAN_POINT ( 'NONE',  ( 282.5752657681341589, 0.0006518605050540340591, 7.811627771811934906 ) ) ;
#4655 = CARTESIAN_POINT ( 'NONE',  ( 280.9354979115449282, 3.788813453171004042, 7.083902696286341616 ) ) ;
#4656 = CARTESIAN_POINT ( 'NONE',  ( 125.7769557981217048, 13.61643051792154502, 16.60000000000058762 ) ) ;
#4657 = CARTESIAN_POINT ( 'NONE',  ( 145.5662005447221645, 12.56089279893281407, 21.73988009763421303 ) ) ;
#4658 = CARTESIAN_POINT ( 'NONE',  ( 305.5074344010415643, 5.263750986500517648, 249.8200000000000500 ) ) ;
#4659 = CARTESIAN_POINT ( 'NONE',  ( 376.5615490717253238, 4.130978638613215459, 371.7300000000000182 ) ) ;
#4660 = VECTOR ( 'NONE', #1356, 1000.000000000000000 ) ;
#4661 = CARTESIAN_POINT ( 'NONE',  ( 267.7540013279723325, 5.632073703439676393, 7.390339236163355530 ) ) ;
#4662 = CARTESIAN_POINT ( 'NONE',  ( 283.0803590142692769, 4.249506591241124731, 21.19037388154054469 ) ) ;
#4663 = CARTESIAN_POINT ( 'NONE',  ( 284.8768108292156285, 0.02778780115690503497, 23.24999999999999289 ) ) ;
#4664 = CARTESIAN_POINT ( 'NONE',  ( 272.1189592742558716, 5.483470229695680764, 6.704170189008166858 ) ) ;
#4665 = CARTESIAN_POINT ( 'NONE',  ( 193.1996780618949288, 9.212870010024309053, 128.7806203270253604 ) ) ;
#4666 = CARTESIAN_POINT ( 'NONE',  ( 281.1102542166359513, 3.988652381796496726, 6.735529231109711468 ) ) ;
#4667 = CARTESIAN_POINT ( 'NONE',  ( 126.3338655774888508, 12.05818667289440071, 23.40385564417286091 ) ) ;
#4668 = CARTESIAN_POINT ( 'NONE',  ( 130.3759731210234918, 6.951351884106418133, 6.500000000000005329 ) ) ;
#4669 = DIRECTION ( 'NONE',  ( -2.775557561562889836E-13, -1.000000000000000000, 0.000000000000000000 ) ) ;
#4670 = ORIENTED_EDGE ( 'NONE', *, *, #7369, .F. ) ;
#4671 = CARTESIAN_POINT ( 'NONE',  ( 226.9492058065460185, 9.198448940073568281, 6.500051563899797102 ) ) ;
#4672 = CARTESIAN_POINT ( 'NONE',  ( 270.7676219414888124, 7.223041657515568481, 249.8200000000004479 ) ) ;
#4673 = CARTESIAN_POINT ( 'NONE',  ( 367.8674122436784160, 2.537269034001741641, 371.1353025814981947 ) ) ;
#4674 = CARTESIAN_POINT ( 'NONE',  ( 259.8759731210269024, 8.287972762200787713, 6.499999999999989342 ) ) ;
#4675 = CARTESIAN_POINT ( 'NONE',  ( 260.3759660147377417, 7.175737129629181865, 6.499999999999992006 ) ) ;
#4676 = ORIENTED_EDGE ( 'NONE', *, *, #4533, .T. ) ;
#4677 = EDGE_CURVE ( 'NONE', #5637, #514, #467, .T. ) ;
#4678 = CARTESIAN_POINT ( 'NONE',  ( 160.7141424465232831, 11.91036357274107971, 7.117135600989318078 ) ) ;
#4679 = CARTESIAN_POINT ( 'NONE',  ( 311.0030220049328022, 1.864918077343292957, 371.7300000000000182 ) ) ;
#4680 = CARTESIAN_POINT ( 'NONE',  ( 262.3765139379597713, 7.070527334974532785, 6.500000000000005329 ) ) ;
#4681 = CARTESIAN_POINT ( 'NONE',  ( 131.7708614104646188, 13.81242790807490550, 9.171855000625260601 ) ) ;
#4682 = CARTESIAN_POINT ( 'NONE',  ( 124.8136099521173321, 12.61920107378999845, 20.61825764667781158 ) ) ;
#4683 = PERSON_AND_ORGANIZATION ( #4480, #4021 ) ;
#4684 = ORIENTED_EDGE ( 'NONE', *, *, #3483, .F. ) ;
#4685 = DIRECTION ( 'NONE',  ( 0.000000000000000000, -1.000000000000000000, 0.000000000000000000 ) ) ;
#4686 = CARTESIAN_POINT ( 'NONE',  ( 363.5047856521774747, 2.705651178712454641, 371.0823368274396898 ) ) ;
#4687 = EDGE_CURVE ( 'NONE', #3871, #2209, #6142, .T. ) ;
#4688 = CARTESIAN_POINT ( 'NONE',  ( 120.6595649154590433, 14.10065607567167234, 6.500048856505942219 ) ) ;
#4689 = CARTESIAN_POINT ( 'NONE',  ( 119.6626363359131204, 12.88737145171067766, 11.60000000000059117 ) ) ;
#4690 = CARTESIAN_POINT ( 'NONE',  ( 280.5765130754790562, 4.285457254443363340, 6.725958940891983318 ) ) ;
#4691 = CARTESIAN_POINT ( 'NONE',  ( 327.7994049175271130, 3.526892791676322414, 338.1052120485556998 ) ) ;
#4692 = CARTESIAN_POINT ( 'NONE',  ( 280.9075024186070664, 3.712545706451745531, 7.361688974567097254 ) ) ;
#4693 = CARTESIAN_POINT ( 'NONE',  ( 333.7590008504482739, 4.667297633078318242, 340.4763352449670037 ) ) ;
#4694 = ORIENTED_EDGE ( 'NONE', *, *, #4180, .T. ) ;
#4695 = CARTESIAN_POINT ( 'NONE',  ( 300.9187906935088108, 5.491082519603995848, 249.8200000000000500 ) ) ;
#4696 = ADVANCED_FACE ( 'NONE', ( #5350 ), #6911, .T. ) ;
#4697 = CARTESIAN_POINT ( 'NONE',  ( 284.4829901386897859, 3.959291532024731719, 21.07287802372434626 ) ) ;
#4698 = CARTESIAN_POINT ( 'NONE',  ( 287.3892248437707053, 1.541632824995902151, 23.24999999999573319 ) ) ;
#4699 = CARTESIAN_POINT ( 'NONE',  ( 273.8096849468798268, 4.888617933167322072, 7.529090581051474551 ) ) ;
#4700 = FACE_OUTER_BOUND ( 'NONE', #1701, .T. ) ;
#4701 = CARTESIAN_POINT ( 'NONE',  ( 281.4656071022920401, 4.074959654715274660, 6.587975664081121785 ) ) ;
#4702 = CARTESIAN_POINT ( 'NONE',  ( 280.6505502665120275, 3.615835181863157555, 6.500000000001333156 ) ) ;
#4703 = CARTESIAN_POINT ( 'NONE',  ( 118.2315723740996276, 13.05552346947064279, 7.457929543328699395 ) ) ;
#4704 = EDGE_CURVE ( 'NONE', #4912, #5044, #5437, .T. ) ;
#4705 = CARTESIAN_POINT ( 'NONE',  ( 263.1669154646442053, 7.019305263617557245, 6.500000235663057957 ) ) ;
#4706 = ORIENTED_EDGE ( 'NONE', *, *, #4994, .F. ) ;
#4707 = CARTESIAN_POINT ( 'NONE',  ( 253.0483396226008779, 7.301653212131093085, 6.523967614239534640 ) ) ;
#4708 = CARTESIAN_POINT ( 'NONE',  ( 226.9196220869867489, 8.689380802056605901, 6.623794234357837318 ) ) ;
#4709 = CARTESIAN_POINT ( 'NONE',  ( 343.4917719078757727, 3.915557624671425874, 371.7300000000003593 ) ) ;
#4710 = CARTESIAN_POINT ( 'NONE',  ( 338.7051036574941918, 2.825693226253300327, 207.1135081865206473 ) ) ;
#4711 = CARTESIAN_POINT ( 'NONE',  ( 367.0957606110465008, 2.921320336888737046, 249.8200000000000216 ) ) ;
#4712 = CARTESIAN_POINT ( 'NONE',  ( 387.2454693069079212, 3.402561396851512487, 371.2299999999997340 ) ) ;
#4713 = ORIENTED_EDGE ( 'NONE', *, *, #7330, .T. ) ;
#4714 = CARTESIAN_POINT ( 'NONE',  ( 167.6893755720708157, 11.68744484620907542, 6.883442823203933081 ) ) ;
#4715 = CARTESIAN_POINT ( 'NONE',  ( 213.8945055908407653, 2.606887734752184826, 249.8200000000000500 ) ) ;
#4716 = B_SPLINE_CURVE_WITH_KNOTS ( 'NONE', 3,
 ( #5124, #2285, #622, #1854, #18, #2245, #2322, #702, #6955, #3509, #3433, #3355 ),
 .UNSPECIFIED., .F., .F.,
 ( 4, 2, 2, 2, 2, 4 ),
 ( 4.224327714674014740E-17, 0.0002656854749365803402, 0.0005313709498731185050, 0.001062741899746194726, 0.001594112849619270947, 0.002125483799492346951 ),
 .UNSPECIFIED. ) ;
#4717 = CARTESIAN_POINT ( 'NONE',  ( 237.3835388590004243, 9.645510382458354570, 6.499999999999995559 ) ) ;
#4718 = CALENDAR_DATE ( 2025, 19, 6 ) ;
#4719 = ORIENTED_EDGE ( 'NONE', *, *, #4507, .T. ) ;
#4720 = DIRECTION ( 'NONE',  ( 0.000000000000000000, -0.0003598203108568317652, -0.9999999352646697925 ) ) ;
#4721 = CARTESIAN_POINT ( 'NONE',  ( 347.4951645902731343, 3.408459377987781203, 338.6671221861768117 ) ) ;
#4722 = CARTESIAN_POINT ( 'NONE',  ( 125.8959842363984478, 13.61733334640770288, 6.618906843337574841 ) ) ;
#4723 = CARTESIAN_POINT ( 'NONE',  ( 130.3759731210269592, 15.18348515068092830, 6.500000000000005329 ) ) ;
#4724 = CARTESIAN_POINT ( 'NONE',  ( 346.3599689248550249, 3.126155136657441602, 371.0255597780543440 ) ) ;
#4725 = EDGE_CURVE ( 'NONE', #576, #43, #3108, .T. ) ;
#4726 = AXIS2_PLACEMENT_3D ( 'NONE', #4966, #5390, #3794 ) ;
#4727 = CARTESIAN_POINT ( 'NONE',  ( 259.8759732896360219, 7.201256959398508961, 6.500000064264428445 ) ) ;
#4728 = ORIENTED_EDGE ( 'NONE', *, *, #3130, .T. ) ;
#4729 = CARTESIAN_POINT ( 'NONE',  ( 354.0088859091492282, 2.989273211451059620, 371.7300000000000182 ) ) ;
#4730 = CARTESIAN_POINT ( 'NONE',  ( 283.2464845990127742, 4.228104717278831970, 21.18234437573953954 ) ) ;
#4731 = AXIS2_PLACEMENT_3D ( 'NONE', #3663, #5432, #4234 ) ;
#4732 = CARTESIAN_POINT ( 'NONE',  ( 284.1745457960249723, 1.881708981036992467, 23.24999999999989697 ) ) ;
#4733 = CARTESIAN_POINT ( 'NONE',  ( 275.5813449850734855, 4.885268220040834386, 6.892820503361638096 ) ) ;
#4734 = CARTESIAN_POINT ( 'NONE',  ( 241.8397903969817548, 7.127611074540247671, 205.7119254395693133 ) ) ;
#4735 = CARTESIAN_POINT ( 'NONE',  ( 281.0812236533419082, 3.613878608770400902, 7.361750632760813318 ) ) ;
#4736 = CARTESIAN_POINT ( 'NONE',  ( 345.2228808903080335, 3.502151137069683173, 340.1809679232603685 ) ) ;
#4737 = ORIENTED_EDGE ( 'NONE', *, *, #4490, .F. ) ;
#4738 = CARTESIAN_POINT ( 'NONE',  ( 125.4697761972577439, 13.40304243305025800, 21.65607855592407560 ) ) ;
#4739 = B_SPLINE_CURVE_WITH_KNOTS ( 'NONE', 3,
 ( #2276, #5713, #4380, #1771 ),
 .UNSPECIFIED., .F., .F.,
 ( 4, 4 ),
 ( 0.7819915276621233202, 0.8018189980763043012 ),
 .UNSPECIFIED. ) ;
#4740 = CARTESIAN_POINT ( 'NONE',  ( 139.3780491692845942, 13.46800482097611251, 21.64928720976259413 ) ) ;
#4741 = ORIENTED_EDGE ( 'NONE', *, *, #4268, .F. ) ;
#4742 = CARTESIAN_POINT ( 'NONE',  ( 254.7840939064392956, 7.079705516585883984, 6.573761353620538372 ) ) ;
#4743 = CARTESIAN_POINT ( 'NONE',  ( 216.4709115870315088, 9.305120788143966593, 6.623855990985157760 ) ) ;
#4744 = DIRECTION ( 'NONE',  ( 1.033347777171711397E-14, -1.000000000000000000, 0.000000000000000000 ) ) ;
#4745 = CARTESIAN_POINT ( 'NONE',  ( 360.4607409998676530, 1.805925028843797131, 261.6307066786969244 ) ) ;
#4746 = ADVANCED_FACE ( 'NONE', ( #1885 ), #633, .F. ) ;
#4747 = DIRECTION ( 'NONE',  ( 2.856580399953363210E-13, 0.9999999352646699036, -0.0003598203108568318194 ) ) ;
#4748 = CARTESIAN_POINT ( 'NONE',  ( 287.6384132941038843, 0.006206900762668231958, 23.24999999999999289 ) ) ;
#4749 = ORIENTED_EDGE ( 'NONE', *, *, #2434, .F. ) ;
#4750 = CARTESIAN_POINT ( 'NONE',  ( 167.7304327277232119, 12.49483259173332961, 6.500051320208289241 ) ) ;
#4751 = CARTESIAN_POINT ( 'NONE',  ( 215.0238206667008285, 3.157748375554816356, 249.8200000000000216 ) ) ;
#4752 = CARTESIAN_POINT ( 'NONE',  ( 212.1608436083792526, 8.029295044458324426, 127.9099999999999966 ) ) ;
#4753 = CARTESIAN_POINT ( 'NONE',  ( 256.0135652101461687, 8.479075004068628019, 6.499999999999984901 ) ) ;
#4754 = CARTESIAN_POINT ( 'NONE',  ( 159.9592262600688457, 13.96576732728395598, 6.500000019107369020 ) ) ;
#4755 = CARTESIAN_POINT ( 'NONE',  ( 131.1274653144239153, 13.57253340460279922, 6.619685003758068120 ) ) ;
#4756 = CARTESIAN_POINT ( 'NONE',  ( 329.4619420090493236, 2.484940265999305620, 339.6731859646022826 ) ) ;
#4757 = FACE_OUTER_BOUND ( 'NONE', #2420, .T. ) ;
#4758 = CARTESIAN_POINT ( 'NONE',  ( 128.1119090412983610, 13.71880362069877357, 13.93896333647077235 ) ) ;
#4759 = VERTEX_POINT ( 'NONE', #305 ) ;
#4760 = CARTESIAN_POINT ( 'NONE',  ( 243.4712031338446252, 7.146968891665220980, 6.000000000000004441 ) ) ;
#4761 = ADVANCED_FACE ( 'NONE', ( #6070 ), #4877, .T. ) ;
#4762 = CARTESIAN_POINT ( 'NONE',  ( 387.7454693069067844, 1.468158853416229093, 371.7300000000000182 ) ) ;
#4763 = CARTESIAN_POINT ( 'NONE',  ( 276.0019083444960302, 4.669333017364780680, 7.254439958843892811 ) ) ;
#4764 = CARTESIAN_POINT ( 'NONE',  ( 365.7454693069068981, 2.796514432035833053, 371.2300000000000182 ) ) ;
#4765 = CARTESIAN_POINT ( 'NONE',  ( 281.3418728276727734, 3.857079193456182775, 6.735555476381525963 ) ) ;
#4766 = ORIENTED_EDGE ( 'NONE', *, *, #7369, .T. ) ;
#4767 = CARTESIAN_POINT ( 'NONE',  ( 337.3779328812640301, 2.425115235053710183, 339.7191010963541657 ) ) ;
#4768 = CARTESIAN_POINT ( 'NONE',  ( 262.9578258549072416, 7.032419287434319877, 5.999999999999985789 ) ) ;
#4769 = ORIENTED_EDGE ( 'NONE', *, *, #2319, .T. ) ;
#4770 = B_SPLINE_CURVE_WITH_KNOTS ( 'NONE', 3,
 ( #6040, #5418, #4778, #3649, #6575, #7165, #4325, #3158, #4883, #5527, #3091, #5458, #874, #344, #420, #1496, #1464, #3755, #944, #3192, #3229, #3792, #981, #5494, #381, #7059, #1950, #4222, #6503, #5388, #7094, #5938, #840, #273, #4810, #4258, #6152, #5109, #4963, #1165, #1016, #3985, #6190, #1609, #4545, #6680, #6748, #5, #6266, #2819, #2741, #2669 ),
 .UNSPECIFIED., .F., .F.,
 ( 4, 3, 3, 3, 3, 3, 3, 3, 3, 3, 3, 3, 3, 3, 3, 3, 3, 4 ),
 ( 0.0005295562038705461331, 0.003901495990305578476, 0.01950747995152783340, 0.08193141579641706473, 0.1131433837188617758, 0.1443553516413063620, 0.1599613356025286481, 0.1911733035249733315, 0.2067792874861955899, 0.2379912554086402732, 0.2535972393698626703, 0.2848092072923073537, 0.3004151912535297231, 0.3316271591759743509, 0.3472331431371967758, 0.3628391270984190342, 0.3706421190790302744, 0.3868196239770044786 ),
 .UNSPECIFIED. ) ;
#4771 = PERSON_AND_ORGANIZATION ( #4480, #4021 ) ;
#4772 = EDGE_CURVE ( 'NONE', #578, #3288, #7198, .T. ) ;
#4773 = CARTESIAN_POINT ( 'NONE',  ( 254.7660658560677689, 6.751639862531845004, 6.791286024423528467 ) ) ;
#4775 = CARTESIAN_POINT ( 'NONE',  ( 219.9240455702176860, 8.599274716360802984, 7.374967836349561878 ) ) ;
#4774 = B_SPLINE_SURFACE_WITH_KNOTS ( 'NONE', 3, 1, ( 
 ( #6505, #3058 ),
 ( #4524, #2917 ),
 ( #4223, #3965 ),
 ( #6921, #1819 ),
 ( #4080, #6366 ),
 ( #1261, #6841 ),
 ( #3513, #5900 ),
 ( #2495, #4780 ),
 ( #2288, #6245 ),
 ( #1143, #3394 ) ),
 .UNSPECIFIED., .F., .F., .F.,
 ( 4, 3, 3, 4 ),
 ( 2, 2 ),
 ( 0.5993909706313838015, 0.6014986212004850286, 0.6155208146644468581, 0.6175978411288305381 ),
 ( 0.000000000000000000, 1.000000000000000000 ),
 .UNSPECIFIED. ) ;
#4776 = CARTESIAN_POINT ( 'NONE',  ( 115.1087634326128040, 13.81482779694660223, 6.000000000000000000 ) ) ;
#4777 = CARTESIAN_POINT ( 'NONE',  ( 369.6123940040959042, 4.511418267990675801, 371.2299999999999613 ) ) ;
#4778 = CARTESIAN_POINT ( 'NONE',  ( 284.9860212637657355, -0.02802771583723365906, 8.622494119727173612 ) ) ;
#4779 = EDGE_LOOP ( 'NONE', ( #911, #4402, #1263, #4321, #2039, #5753, #4875, #3966, #496 ) ) ;
#4780 = CARTESIAN_POINT ( 'NONE',  ( 387.5970940996557488, 3.376653667706898343, 371.2299995642491126 ) ) ;
#4781 = CARTESIAN_POINT ( 'NONE',  ( 171.1884467604040481, 11.80938364654369721, 6.623289991288779710 ) ) ;
#4782 = CARTESIAN_POINT ( 'NONE',  ( 214.6149999540462261, 2.976489966921374464, 249.8200000000000500 ) ) ;
#4783 = DIRECTION ( 'NONE',  ( -2.856580399953362705E-13, -0.9999999352646699036, 0.0003598203108568318194 ) ) ;
#4784 = CARTESIAN_POINT ( 'NONE',  ( 140.8015069830746597, 12.31605165081650632, 23.98414009242711131 ) ) ;
#4785 = PERSON_AND_ORGANIZATION ( #4480, #4021 ) ;
#4786 = CARTESIAN_POINT ( 'NONE',  ( 285.2110607622239513, 3.616651598079168028, 20.83163106745564264 ) ) ;
#4787 = CARTESIAN_POINT ( 'NONE',  ( 129.3798576672192837, 13.11763708297406517, 7.218893671721818173 ) ) ;
#4788 = CARTESIAN_POINT ( 'NONE',  ( 349.0541142369170302, 5.172562045440712630, 371.7299999999999045 ) ) ;
#4789 = DIRECTION ( 'NONE',  ( 0.000000000000000000, 0.0003598203108568333373, 0.9999999352646697925 ) ) ;
#4790 = CARTESIAN_POINT ( 'NONE',  ( 124.4997817161468987, 11.36084490572055472, 22.03239869497382131 ) ) ;
#4791 = CARTESIAN_POINT ( 'NONE',  ( 326.2075198521092716, 4.216460757982382290, 339.1515748312298797 ) ) ;
#4792 = ORIENTED_EDGE ( 'NONE', *, *, #5609, .F. ) ;
#4793 = CARTESIAN_POINT ( 'NONE',  ( 239.3584041454393230, 7.419166181589602616, 5.999999999999995559 ) ) ;
#4794 = CARTESIAN_POINT ( 'NONE',  ( 269.4749684599242414, 5.433324023321200791, 7.529055601222394145 ) ) ;
#4795 = CARTESIAN_POINT ( 'NONE',  ( 387.7023514763998264, 3.368862695784001549, 371.4948995086239734 ) ) ;
#4796 = CARTESIAN_POINT ( 'NONE',  ( 276.0117844601188608, 4.767617503022252734, 7.006175723350478002 ) ) ;
#4797 = CARTESIAN_POINT ( 'NONE',  ( 365.7454693069067844, 2.796434749776956608, 371.2299999407358087 ) ) ;
#4798 = CARTESIAN_POINT ( 'NONE',  ( 263.3759731210270161, 8.088575804882376374, 6.499999999999993783 ) ) ;
#4799 = CARTESIAN_POINT ( 'NONE',  ( 280.9375718786071161, 3.684580577049550332, 7.509335767982891596 ) ) ;
#4800 = CARTESIAN_POINT ( 'NONE',  ( 332.5766904567809092, -2.549688624902000988, 174.9141206927648113 ) ) ;
#4801 = ORIENTED_EDGE ( 'NONE', *, *, #6597, .F. ) ;
#4802 = CARTESIAN_POINT ( 'NONE',  ( 251.9245638025111020, 6.621737031705622556, 7.507568788674508831 ) ) ;
#4803 = CARTESIAN_POINT ( 'NONE',  ( 21.78299079773200475, 2.876203585780557681, 5.999999999999995559 ) ) ;
#4804 = ORIENTED_EDGE ( 'NONE', *, *, #5506, .T. ) ;
#4805 = CARTESIAN_POINT ( 'NONE',  ( 284.5239325184780341, 1.406892129741758257, 23.24999999999980105 ) ) ;
#4806 = CARTESIAN_POINT ( 'NONE',  ( 253.0121593992489863, 6.682816945915273088, 6.997402287706830926 ) ) ;
#4807 = CARTESIAN_POINT ( 'NONE',  ( 226.9267315155955487, 8.811717767008133251, 6.573879746495667753 ) ) ;
#4808 = CARTESIAN_POINT ( 'NONE',  ( 113.4446016679660829, 13.74983813592159088, 5.999999999999997335 ) ) ;
#4809 = CARTESIAN_POINT ( 'NONE',  ( 380.4917484348697485, -0.7970830876016730127, 316.6281460999227875 ) ) ;
#4810 = CARTESIAN_POINT ( 'NONE',  ( 379.6037821641310757, -0.007094078515582883868, 279.8247603175060476 ) ) ;
#4811 = EDGE_CURVE ( 'NONE', #4983, #4093, #1438, .T. ) ;
#4812 = EDGE_CURVE ( 'NONE', #122, #2443, #4100, .T. ) ;
#4813 = VERTEX_POINT ( 'NONE', #1123 ) ;
#4814 = CARTESIAN_POINT ( 'NONE',  ( 342.3168395157189821, 3.607641933627975028, 341.6220889296375276 ) ) ;
#4815 = CARTESIAN_POINT ( 'NONE',  ( 153.7423671018403297, 12.27982945605140053, 7.118657903332274550 ) ) ;
#4816 = CARTESIAN_POINT ( 'NONE',  ( 116.6045166664982844, 12.99436245774633036, 7.634400703614565131 ) ) ;
#4817 = AXIS2_PLACEMENT_3D ( 'NONE', #6079, #7169, #1057 ) ;
#4818 = CARTESIAN_POINT ( 'NONE',  ( 142.1153195897694843, 11.16837425912854087, 19.88179999999999836 ) ) ;
#4819 = CARTESIAN_POINT ( 'NONE',  ( 118.8174050728991062, 13.67572672324799576, 11.13440070361513712 ) ) ;
#4820 = COORDINATED_UNIVERSAL_TIME_OFFSET ( 1, 0, .AHEAD. ) ;
#4821 = EDGE_CURVE ( 'NONE', #6442, #5787, #5544, .T. ) ;
#4822 = B_SPLINE_CURVE_WITH_KNOTS ( 'NONE', 3,
 ( #2883, #137, #5805, #6963 ),
 .UNSPECIFIED., .F., .F.,
 ( 4, 4 ),
 ( 8.673617379884035472E-19, 0.0002574850492159758098 ),
 .UNSPECIFIED. ) ;
#4823 = CARTESIAN_POINT ( 'NONE',  ( 162.3760038627852111, 13.84295935163748048, 6.500000019107369020 ) ) ;
#4824 = CARTESIAN_POINT ( 'NONE',  ( 129.3803294853420596, 13.16961443062825765, 7.099848505644748009 ) ) ;
#4825 = CARTESIAN_POINT ( 'NONE',  ( 199.0591092127811521, 11.89427442656233147, 127.9099999999999966 ) ) ;
#4826 = CARTESIAN_POINT ( 'NONE',  ( 332.6110693021458360, 2.563950212005136287, 339.7197787849611359 ) ) ;
#4827 = FACE_OUTER_BOUND ( 'NONE', #5452, .T. ) ;
#4828 = EDGE_CURVE ( 'NONE', #7211, #3288, #4965, .T. ) ;
#4829 = CARTESIAN_POINT ( 'NONE',  ( 125.6117820114704386, 13.78046753022026039, 11.60000000000058940 ) ) ;
#4830 = EDGE_LOOP ( 'NONE', ( #6752, #4162, #3715, #782 ) ) ;
#4831 = CARTESIAN_POINT ( 'NONE',  ( 372.9192307867757563, 2.244985407312426684, 371.7300000000000182 ) ) ;
#4832 =( BOUNDED_SURFACE ( )  B_SPLINE_SURFACE ( 3, 2, ( 
 ( #4400, #1650, #5635 ),
 ( #6824, #530, #4508 ),
 ( #7282, #3945, #6110 ),
 ( #1720, #5033, #2189 ) ),
 .UNSPECIFIED., .F., .F., .F. ) 
 B_SPLINE_SURFACE_WITH_KNOTS ( ( 4, 4 ),
 ( 3, 3 ),
 ( 0.04217817456502039736, 0.2412428026037907181 ),
 ( 0.000000000000000000, 1.000000000000000000 ),
 .UNSPECIFIED. ) 
 GEOMETRIC_REPRESENTATION_ITEM ( )  RATIONAL_B_SPLINE_SURFACE ( (
 ( 1.000000000000000000, 0.7382048535554055491, 1.000000000000000000),
 ( 1.000000000000000000, 0.7400919613661542940, 1.000000000000000000),
 ( 1.000000000000000000, 0.7427868147719858261, 1.000000000000000000),
 ( 1.000000000000000000, 0.7441700380787393820, 1.000000000000000000) ) ) 
 REPRESENTATION_ITEM ( '' )  SURFACE ( )  );
#4833 = CARTESIAN_POINT ( 'NONE',  ( 346.1152760890647642, 3.469157151313652321, 338.8186381852271438 ) ) ;
#4834 = CARTESIAN_POINT ( 'NONE',  ( 274.7174360983210590, 5.074186225257497185, 6.798629639915904299 ) ) ;
#4835 = CARTESIAN_POINT ( 'NONE',  ( 268.4734339927196061, 6.333289693568084466, 233.3933883300189223 ) ) ;
#4836 = VECTOR ( 'NONE', #3186, 1000.000000000000000 ) ;
#4837 = CARTESIAN_POINT ( 'NONE',  ( 281.8224343104783429, 3.192899092103661740, 7.362013698644934934 ) ) ;
#4838 = CARTESIAN_POINT ( 'NONE',  ( 345.1699667713123745, 2.139755573701886959, 339.7194405814563538 ) ) ;
#4839 = ORIENTED_EDGE ( 'NONE', *, *, #3956, .F. ) ;
#4840 = CARTESIAN_POINT ( 'NONE',  ( 212.5265383978798468, 9.036903804948696717, 7.507179101228945051 ) ) ;
#4841 = CARTESIAN_POINT ( 'NONE',  ( 216.3597873654034061, 1.212540102052324764, 249.8199999999998226 ) ) ;
#4842 = ORIENTED_EDGE ( 'NONE', *, *, #6375, .T. ) ;
#4843 = AXIS2_PLACEMENT_3D ( 'NONE', #3589, #1345, #2615 ) ;
#4844 = CARTESIAN_POINT ( 'NONE',  ( 253.0340345666037933, 7.056973748690217541, 6.623806027653281525 ) ) ;
#4845 = CARTESIAN_POINT ( 'NONE',  ( 113.2106593398513326, 13.74070210544272364, 6.000000000000000888 ) ) ;
#4846 = CARTESIAN_POINT ( 'NONE',  ( 215.8839985791373692, 9.841448365967913503, 6.499999999999994671 ) ) ;
#4847 = AXIS2_PLACEMENT_3D ( 'NONE', #303, #2595, #6498 ) ;
#4848 = DIRECTION ( 'NONE',  ( -2.856580399953362200E-13, -0.9999999352646697925, 0.0003598203108568317110 ) ) ;
#4849 = EDGE_LOOP ( 'NONE', ( #6434, #2298, #1849, #1690 ) ) ;
#4850 = DIRECTION ( 'NONE',  ( 0.3206174656751885066, 0.7878189800007091570, 0.5258761217764712503 ) ) ;
#4851 = ORIENTED_EDGE ( 'NONE', *, *, #1781, .F. ) ;
#4852 = CARTESIAN_POINT ( 'NONE',  ( 345.6393606560139347, 2.259581890431126894, 339.1486464749492029 ) ) ;
#4853 = CARTESIAN_POINT ( 'NONE',  ( 178.1826496118078751, 11.95005503233196542, 6.500051413865715055 ) ) ;
#4854 = CARTESIAN_POINT ( 'NONE',  ( 345.6616138839671066, 2.177868983976345429, 339.2583949766558362 ) ) ;
#4855 = ADVANCED_FACE ( 'NONE', ( #2703 ), #1802, .F. ) ;
#4856 = CARTESIAN_POINT ( 'NONE',  ( 139.9581899713186885, 11.17760336131554411, 21.99999999999998934 ) ) ;
#4857 = DIRECTION ( 'NONE',  ( 1.636385154541171072E-30, -0.0003598203108568317652, -0.9999999352646697925 ) ) ;
#4858 = CARTESIAN_POINT ( 'NONE',  ( 197.7960050942466808, 10.58830854278422784, 127.9099999999997124 ) ) ;
#4859 = FACE_OUTER_BOUND ( 'NONE', #5343, .T. ) ;
#4860 = B_SPLINE_CURVE_WITH_KNOTS ( 'NONE', 3,
 ( #2408, #5259, #6335, #5814, #144, #715 ),
 .UNSPECIFIED., .F., .F.,
 ( 4, 2, 4 ),
 ( 0.01976609713122984627, 0.03028631140641398906, 0.04080652568159813531 ),
 .UNSPECIFIED. ) ;
#4861 = CARTESIAN_POINT ( 'NONE',  ( 131.1211670763340749, 13.06466918798080812, 7.480010888555401749 ) ) ;
#4862 = CARTESIAN_POINT ( 'NONE',  ( 267.7732143719497344, 8.534686927916210308, 249.8200000000001069 ) ) ;
#4863 = CARTESIAN_POINT ( 'NONE',  ( 160.3759731210269308, 13.94446355411818317, 6.114212146661368585 ) ) ;
#4864 = CARTESIAN_POINT ( 'NONE',  ( 140.5354133369460499, 12.28741331683638549, 23.43875265586226320 ) ) ;
#4865 = CARTESIAN_POINT ( 'NONE',  ( 127.9849561537360358, 13.73665393611669394, 13.29697517814753738 ) ) ;
#4866 = VERTEX_POINT ( 'NONE', #4762 ) ;
#4867 = CARTESIAN_POINT ( 'NONE',  ( 262.8553052069123623, 6.945317502822117461, 127.9100000000000819 ) ) ;
#4868 = ADVANCED_FACE ( 'NONE', ( #3111 ), #3104, .F. ) ;
#4869 = CARTESIAN_POINT ( 'NONE',  ( 285.4570231561594369, 3.901472364892667244, 23.24999999999991473 ) ) ;
#4870 = CARTESIAN_POINT ( 'NONE',  ( 278.2021948684567292, 4.735068419644588467, 6.797074614529707404 ) ) ;
#4871 = CARTESIAN_POINT ( 'NONE',  ( 160.3759731210269308, 13.94446355411818317, 5.999999999999991118 ) ) ;
#4872 = CARTESIAN_POINT ( 'NONE',  ( 160.3759731210269877, 12.85650579990716835, 5.999999999999991118 ) ) ;
#4873 = CARTESIAN_POINT ( 'NONE',  ( 281.1692062292466403, 3.553035077749698178, 7.509427671499102175 ) ) ;
#4874 = CARTESIAN_POINT ( 'NONE',  ( 163.8759731210270161, 12.67930968997284680, 6.499999999999968914 ) ) ;
#4875 = ORIENTED_EDGE ( 'NONE', *, *, #5148, .T. ) ;
#4876 = CARTESIAN_POINT ( 'NONE',  ( 329.5908818314258042, 3.955686381439543986, 340.2058616081198466 ) ) ;
#4877 =( BOUNDED_SURFACE ( )  B_SPLINE_SURFACE ( 3, 2, ( 
 ( #2598, #941, #4397 ),
 ( #2012, #6001, #7241 ),
 ( #379, #906, #4881 ),
 ( #2633, #978, #3156 ) ),
 .UNSPECIFIED., .F., .F., .T. ) 
 B_SPLINE_SURFACE_WITH_KNOTS ( ( 4, 4 ),
 ( 3, 3 ),
 ( 0.0001009133166189489554, 0.0002585845493826722380 ),
 ( 0.000000000000000000, 0.7869536809041587366 ),
 .UNSPECIFIED. ) 
 GEOMETRIC_REPRESENTATION_ITEM ( )  RATIONAL_B_SPLINE_SURFACE ( (
 ( 1.000000000000000000, 0.7686979466089062241, 0.9014438978514354162),
 ( 1.000000000000000000, 0.7665325247742832415, 0.9005212275491230045),
 ( 1.000000000000000000, 0.7643835530181706250, 0.8996055665041615690),
 ( 1.000000000000000000, 0.7625479479583554543, 0.8988234287015470780) ) ) 
 REPRESENTATION_ITEM ( '' )  SURFACE ( )  );
#4878 = CARTESIAN_POINT ( 'NONE',  ( 117.6711048210841710, 1.282374691887318230, 127.9099999999999966 ) ) ;
#4879 = ORIENTED_EDGE ( 'NONE', *, *, #5235, .F. ) ;
#4880 = CARTESIAN_POINT ( 'NONE',  ( 258.2416379607001318, 6.278328105068829323, 7.502818420200371818 ) ) ;
#4881 = CARTESIAN_POINT ( 'NONE',  ( 345.3425009299389217, 2.136598165355775958, 339.6974411173438853 ) ) ;
#4882 = CARTESIAN_POINT ( 'NONE',  ( 118.0797756075417482, 13.71998660661206770, 9.967734042393779248 ) ) ;
#4883 = CARTESIAN_POINT ( 'NONE',  ( 304.2057736678870015, -0.02377545098766417619, 63.71194511335318111 ) ) ;
#4884 = ORIENTED_EDGE ( 'NONE', *, *, #2047, .F. ) ;
#4885 = CARTESIAN_POINT ( 'NONE',  ( 401.2342566873613805, 0.1927789257278176016, 371.7299999999993361 ) ) ;
#4886 = ORIENTED_EDGE ( 'NONE', *, *, #6387, .T. ) ;
#4887 = SPHERICAL_SURFACE ( 'NONE', #4817, 0.5000000000000000000 ) ;
#4888 = CARTESIAN_POINT ( 'NONE',  ( 199.0701874714659994, 10.54400311245594679, 6.523931119776593235 ) ) ;
#4889 = CARTESIAN_POINT ( 'NONE',  ( 345.6752895007512620, 2.301828163964963370, 339.2268328502343024 ) ) ;
#4890 = CARTESIAN_POINT ( 'NONE',  ( 138.6190068672415805, 11.23763121577185586, 19.88179999999998770 ) ) ;
#4891 = EDGE_LOOP ( 'NONE', ( #6714, #7160 ) ) ;
#4892 = CARTESIAN_POINT ( 'NONE',  ( 263.8759731210271866, 6.972511349892783983, 6.500000000000009770 ) ) ;
#4893 = EDGE_CURVE ( 'NONE', #5803, #1224, #6342, .T. ) ;
#4894 = CARTESIAN_POINT ( 'NONE',  ( 405.7255397569515480, 1.873027702216894630, 371.2299999999998477 ) ) ;
#4895 = CARTESIAN_POINT ( 'NONE',  ( 134.6127797407474418, 13.51801678734726231, 6.620441941347364079 ) ) ;
#4896 = CARTESIAN_POINT ( 'NONE',  ( 75.02688469166238860, 13.72878835411155407, 5.999999999999991118 ) ) ;
#4897 = CARTESIAN_POINT ( 'NONE',  ( 362.2454693069057612, 4.811162420171327447, 371.7300000000000182 ) ) ;
#4898 = CARTESIAN_POINT ( 'NONE',  ( 398.3722626811563146, 0.5780097916138130509, 371.2305430522482652 ) ) ;
#4899 = CARTESIAN_POINT ( 'NONE',  ( 127.9063473621917240, 11.46266950542021590, 22.03386174466781355 ) ) ;
#4900 = B_SPLINE_CURVE_WITH_KNOTS ( 'NONE', 3,
 ( #6225, #5032, #7311, #3373 ),
 .UNSPECIFIED., .F., .F.,
 ( 4, 4 ),
 ( 0.000000000000000000, 1.000000000000000000 ),
 .UNSPECIFIED. ) ;
#4901 = CARTESIAN_POINT ( 'NONE',  ( 285.2485188296844285, 3.641455366932976556, 21.09516507460973145 ) ) ;
#4902 = EDGE_CURVE ( 'NONE', #2083, #3178, #3125, .T. ) ;
#4903 = EDGE_CURVE ( 'NONE', #5237, #5725, #4462, .T. ) ;
#4904 = ORIENTED_EDGE ( 'NONE', *, *, #5250, .T. ) ;
#4905 = CARTESIAN_POINT ( 'NONE',  ( 291.6873118549118544, 5.181084883028018062, 127.9100000000000250 ) ) ;
#4906 = CARTESIAN_POINT ( 'NONE',  ( 115.4370675868060374, 13.59752129295581291, 6.568673986417719490 ) ) ;
#4907 = B_SPLINE_CURVE_WITH_KNOTS ( 'NONE', 3,
 ( #551, #4901, #2208, #1109, #7183, #1032, #476, #5617, #1556, #6093, #5545, #439, #400, #7221, #3852, #3812, #5053, #2688 ),
 .UNSPECIFIED., .F., .F.,
 ( 4, 2, 2, 2, 2, 2, 2, 2, 4 ),
 ( 1.665537812438881267E-16, 0.0004308465787846861681, 0.0008616931575692058027, 0.001723386315138217750, 0.002154232893922692228, 0.002585079472707166488, 0.003015926051491641183, 0.003231349340883878096, 0.003446772630276114576 ),
 .UNSPECIFIED. ) ;
#4908 = CARTESIAN_POINT ( 'NONE',  ( 333.9338630217081345, 4.867232876324908197, 340.3752412399890659 ) ) ;
#4909 = CARTESIAN_POINT ( 'NONE',  ( 277.3316347304017881, 4.719921051668493739, 6.890482874440347238 ) ) ;
#4910 = CARTESIAN_POINT ( 'NONE',  ( 362.5708018573711797, 2.927051735604210059, 371.2299999407358087 ) ) ;
#4911 = CARTESIAN_POINT ( 'NONE',  ( 289.9216473163275509, -2.782471724112502542, 54.71447076473660331 ) ) ;
#4912 = VERTEX_POINT ( 'NONE', #1970 ) ;
#4913 = CARTESIAN_POINT ( 'NONE',  ( 343.6117949581844755, 2.202821244329634887, 339.7193641057363607 ) ) ;
#4914 = EDGE_CURVE ( 'NONE', #1611, #3405, #4205, .T. ) ;
#4915 = CARTESIAN_POINT ( 'NONE',  ( 346.3912373693639779, 3.124792849074876866, 371.0750153020949824 ) ) ;
#4916 = B_SPLINE_CURVE_WITH_KNOTS ( 'NONE', 3,
 ( #5210, #4646, #2881, #4608 ),
 .UNSPECIFIED., .F., .F.,
 ( 4, 4 ),
 ( 0.000000000000000000, 0.0004446344847979530964 ),
 .UNSPECIFIED. ) ;
#4917 = ORIENTED_EDGE ( 'NONE', *, *, #5987, .F. ) ;
#4918 = CARTESIAN_POINT ( 'NONE',  ( 284.0783156859075120, 1.988273635892157998, 23.24999999999999289 ) ) ;
#4919 = CARTESIAN_POINT ( 'NONE',  ( 256.5475595567967275, 7.376760979938984164, 6.500051389581343209 ) ) ;
#4920 = CARTESIAN_POINT ( 'NONE',  ( 188.7225081024877511, 10.47967469446185618, 127.9099999999999966 ) ) ;
#4921 = CARTESIAN_POINT ( 'NONE',  ( 365.7454693069067844, 2.796434749776956608, 371.5978827352868734 ) ) ;
#4922 = CARTESIAN_POINT ( 'NONE',  ( 281.3026492243378698, 4.651452024460539292, 6.500061201277046230 ) ) ;
#4923 = ADVANCED_FACE ( 'NONE', ( #6594 ), #4073, .F. ) ;
#4924 = CARTESIAN_POINT ( 'NONE',  ( 390.8784158352719942, 1.231715131775404704, 371.2299999255827174 ) ) ;
#4925 = ORIENTED_EDGE ( 'NONE', *, *, #6082, .F. ) ;
#4926 = FACE_OUTER_BOUND ( 'NONE', #1134, .T. ) ;
#4927 = ORIENTED_EDGE ( 'NONE', *, *, #6597, .T. ) ;
#4928 = FACE_OUTER_BOUND ( 'NONE', #4556, .T. ) ;
#4929 = CARTESIAN_POINT ( 'NONE',  ( 178.1495193390871634, 11.32934717866015006, 6.697762563327661844 ) ) ;
#4930 = CARTESIAN_POINT ( 'NONE',  ( 150.0485992918095803, 13.40676662620015946, 6.500000000000005329 ) ) ;
#4931 = DIRECTION ( 'NONE',  ( 0.000000000000000000, -0.0003598203108568265611, -0.9999999352646699036 ) ) ;
#4932 = ORIENTED_EDGE ( 'NONE', *, *, #3073, .F. ) ;
#4933 = CARTESIAN_POINT ( 'NONE',  ( 332.4851953113623040, 3.642782377040769237, 337.9991393777419830 ) ) ;
#4934 = CARTESIAN_POINT ( 'NONE',  ( 126.8561143867437977, 13.93055878446211260, 6.000000000000000000 ) ) ;
#4935 = CARTESIAN_POINT ( 'NONE',  ( 333.8039757319141927, 4.666790380353369905, 340.4489051278066540 ) ) ;
#4936 = VECTOR ( 'NONE', #2600, 1000.000000000000000 ) ;
#4937 = CARTESIAN_POINT ( 'NONE',  ( 237.3800373375582922, 8.308154587886583897, 6.524034391028030733 ) ) ;
#4938 = CARTESIAN_POINT ( 'NONE',  ( 134.6022751433921769, 13.01158984288724518, 7.484993643132320074 ) ) ;
#4939 = CARTESIAN_POINT ( 'NONE',  ( 185.4741094941345523, 11.60688658142339413, 127.9100000000000250 ) ) ;
#4940 = CARTESIAN_POINT ( 'NONE',  ( 285.3324569232514705, 3.501704337087744978, 20.81550753816302901 ) ) ;
#4941 = CARTESIAN_POINT ( 'NONE',  ( 398.3596031852034116, 0.4285986541758705637, 371.0333607642078277 ) ) ;
#4942 = CARTESIAN_POINT ( 'NONE',  ( 133.0194160058738646, 12.76224907805370812, 20.23222694885576090 ) ) ;
#4943 = CARTESIAN_POINT ( 'NONE',  ( 325.5948104030112518, 3.528899833666927499, 338.1824870698948189 ) ) ;
#4944 = ORIENTED_EDGE ( 'NONE', *, *, #6041, .T. ) ;
#4945 = CARTESIAN_POINT ( 'NONE',  ( 396.4033965986491808, 0.6030453817171030906, 371.7300000000000182 ) ) ;
#4946 = CARTESIAN_POINT ( 'NONE',  ( 391.8326740816814890, 0.9803150672578104796, 371.1366658928360494 ) ) ;
#4947 = CARTESIAN_POINT ( 'NONE',  ( 161.9976487506967544, 10.60011906770510848, 48.65621367759387539 ) ) ;
#4948 = CARTESIAN_POINT ( 'NONE',  ( 277.3400221263161143, 4.813408485241767565, 6.795836827254809087 ) ) ;
#4949 = DIRECTION ( 'NONE',  ( -1.000000000000000000, 2.856580215031686687E-13, -1.027855647498751328E-16 ) ) ;
#4950 = ADVANCED_FACE ( 'NONE', ( #2255 ), #3293, .F. ) ;
#4951 = CARTESIAN_POINT ( 'NONE',  ( 281.4518289690338975, 3.403388827253903681, 7.361882167807426214 ) ) ;
#4952 = B_SPLINE_CURVE_WITH_KNOTS ( 'NONE', 3,
 ( #4712, #2425, #3612, #4035 ),
 .UNSPECIFIED., .F., .F.,
 ( 4, 4 ),
 ( 1.174058698717451036E-15, 7.845215764897667775E-05 ),
 .UNSPECIFIED. ) ;
#4953 = CARTESIAN_POINT ( 'NONE',  ( 132.0340607454089081, 11.52403227362646021, 22.03241290111114736 ) ) ;
#4954 = CLOSED_SHELL ( 'NONE', ( #3938, #750, #6864, #503, #5283, #5683, #6961, #6274, #3539, #1481, #4047, #2952, #126, #5674, #1180, #7239, #6187, #2943, #3261, #954, #2801, #580, #4746, #4439, #6436, #810, #5181, #7115, #1415, #5428, #30, #2115, #2959, #4152, #6008, #181, #4039, #3109, #4267, #7345, #1579, #4868, #1181, #3022, #6273, #7052, #4607, #3708, #4155, #698, #5693, #4463, #4761, #901, #4696, #6980, #309, #4855, #1811, #5636, #4092, #3296, #820, #7143, #1096, #6567, #6817, #3269, #1328, #1554, #2268, #5917, #1297, #1875, #401, #6917, #1271, #7093, #6229, #2791, #2790, #2720, #2041, #7338, #549, #645, #3159, #6089, #3584, #3591, #7182, #4286, #5412, #5043, #5375, #1364, #4950, #2572, #1199, #191, #6723, #4309, #4923, #511, #4221, #2023 ) ) ;
#4955 = CARTESIAN_POINT ( 'NONE',  ( 128.2726190210105415, 4.755803970438083894, 127.9100000000000819 ) ) ;
#4956 = CARTESIAN_POINT ( 'NONE',  ( 349.2661322683094340, 4.598469948659900552, 249.8200000000000216 ) ) ;
#4957 = CARTESIAN_POINT ( 'NONE',  ( 261.7200802958316217, 6.128103897188681870, 7.241048342345283828 ) ) ;
#4958 = CARTESIAN_POINT ( 'NONE',  ( 127.6006405391866565, 12.88373797469295212, 15.62347264926259527 ) ) ;
#4959 = CIRCLE ( 'NONE', #6269, 0.8631912116154327741 ) ;
#4960 = DIRECTION ( 'NONE',  ( -0.000000000000000000, 1.000000000000000000, -0.000000000000000000 ) ) ;
#4961 = CARTESIAN_POINT ( 'NONE',  ( 280.9413898096940443, 4.085980293363944860, 6.733424236020080222 ) ) ;
#4962 = CARTESIAN_POINT ( 'NONE',  ( 260.3759731210270161, 8.262420672463726135, 5.999999999999991118 ) ) ;
#4963 = CARTESIAN_POINT ( 'NONE',  ( 389.8853283775139289, -0.004819339838236096595, 309.2946898029891827 ) ) ;
#4964 = ORIENTED_EDGE ( 'NONE', *, *, #5137, .T. ) ;
#4965 = CIRCLE ( 'NONE', #1042, 1.790067006392055626 ) ;
#4966 = CARTESIAN_POINT ( 'NONE',  ( 364.2557371266128712, 4.751190253979335587, 371.7299999999999613 ) ) ;
#4967 = ORIENTED_EDGE ( 'NONE', *, *, #2781, .T. ) ;
#4968 = CC_DESIGN_DATE_AND_TIME_ASSIGNMENT ( #6476, #5360, ( #1463 ) ) ;
#4969 = CARTESIAN_POINT ( 'NONE',  ( 174.6611352425226187, 11.42185577360294069, 6.790794470252293102 ) ) ;
#4970 = CARTESIAN_POINT ( 'NONE',  ( 135.2983677269064344, 14.00056871407921477, 6.499999999999974243 ) ) ;
#4971 = CARTESIAN_POINT ( 'NONE',  ( 163.3759731210269877, 12.70428536938993602, 6.500000024331238357 ) ) ;
#4972 = ORIENTED_EDGE ( 'NONE', *, *, #2611, .F. ) ;
#4973 = CARTESIAN_POINT ( 'NONE',  ( 257.0737878905034677, 6.336929885074873425, 233.4866666666666504 ) ) ;
#4974 = LOCAL_TIME ( 8, 56, 26.00000000000000000, #6534 ) ;
#4975 = CARTESIAN_POINT ( 'NONE',  ( 387.2454693069079212, 3.402561396851512487, 371.2299999999997340 ) ) ;
#4976 = CARTESIAN_POINT ( 'NONE',  ( 230.3724011863459964, 7.984381526580961896, 7.507239956746801113 ) ) ;
#4977 = CARTESIAN_POINT ( 'NONE',  ( 139.8548180698658712, 13.87737219547729062, 6.500050661676428199 ) ) ;
#4978 = CARTESIAN_POINT ( 'NONE',  ( 158.9900875774378619, 10.65892060187360180, 127.9099999999999966 ) ) ;
#4979 = CARTESIAN_POINT ( 'NONE',  ( 387.7454693069067844, 1.468158853416229093, 371.7300000000000182 ) ) ;
#4980 = CARTESIAN_POINT ( 'NONE',  ( 393.6231029977462299, 1.020090409139651877, 371.2300000000000750 ) ) ;
#4981 = DIRECTION ( 'NONE',  ( -2.856580399953362705E-13, -0.9999999352646699036, 0.0003598203108568317652 ) ) ;
#4982 = CARTESIAN_POINT ( 'NONE',  ( 365.7454693069067844, 2.796434749776956608, 371.7300000000000182 ) ) ;
#4983 = VERTEX_POINT ( 'NONE', #5022 ) ;
#4984 = CARTESIAN_POINT ( 'NONE',  ( 319.6660106289705254, 2.880851772221636242, 127.9100000000000250 ) ) ;
#4985 = CARTESIAN_POINT ( 'NONE',  ( 376.5858387926684259, 2.042332623633734467, 371.0841396392037268 ) ) ;
#4986 = CARTESIAN_POINT ( 'NONE',  ( 118.8174050728990636, 12.89993356160438864, 11.13440070361514778 ) ) ;
#4987 = CARTESIAN_POINT ( 'NONE',  ( 262.1532246872284304, 6.058295325377809348, 207.0804241640241230 ) ) ;
#4988 = CARTESIAN_POINT ( 'NONE',  ( 276.9063353825353602, 4.852499665482547186, 6.795653860518881650 ) ) ;
#4989 = CARTESIAN_POINT ( 'NONE',  ( 326.5052658386588860, 1.222702966045752904, 127.9099999999998545 ) ) ;
#4990 = CARTESIAN_POINT ( 'NONE',  ( 281.8086686416228872, 4.031738577581785776, 6.528687892055214270 ) ) ;
#4991 = CARTESIAN_POINT ( 'NONE',  ( 365.7454693069067275, 4.687899383849828183, 371.7300000000000182 ) ) ;
#4992 = CARTESIAN_POINT ( 'NONE',  ( 66.27859246635314605, 11.26234925385639407, 6.000000000000004441 ) ) ;
#4993 = EDGE_CURVE ( 'NONE', #390, #4248, #1620, .T. ) ;
#4994 = EDGE_CURVE ( 'NONE', #4632, #4759, #3034, .T. ) ;
#4995 = CARTESIAN_POINT ( 'NONE',  ( 315.7341863908310984, 5.527672554132570859, 127.9099999999999966 ) ) ;
#4996 = CARTESIAN_POINT ( 'NONE',  ( 263.4997759301877522, 6.750528045844609970, 6.524009086089658460 ) ) ;
#4997 = ORIENTED_EDGE ( 'NONE', *, *, #5475, .F. ) ;
#4998 = CARTESIAN_POINT ( 'NONE',  ( 276.9794842101727568, 2.894163806661751881, 23.24999999999993605 ) ) ;
#4999 = CARTESIAN_POINT ( 'NONE',  ( 131.6920506868403891, 12.62915790757465828, 23.14141439854178728 ) ) ;
#5000 = CARTESIAN_POINT ( 'NONE',  ( 332.5043498412410941, 3.511579353673729642, 338.4984866604024774 ) ) ;
#5001 = FACE_OUTER_BOUND ( 'NONE', #2056, .T. ) ;
#5002 = VERTEX_POINT ( 'NONE', #5096 ) ;
#5003 = CARTESIAN_POINT ( 'NONE',  ( 332.8500299765835280, 3.873703445824842273, 338.5975404612022430 ) ) ;
#5004 = EDGE_LOOP ( 'NONE', ( #5409, #1944, #1868, #616 ) ) ;
#5005 = CARTESIAN_POINT ( 'NONE',  ( 390.7454693069067844, 3.139481527006156458, 371.7300000000000182 ) ) ;
#5006 = CARTESIAN_POINT ( 'NONE',  ( 185.1020883542552156, 10.69529377600926701, 6.996479128488948263 ) ) ;
#5007 = CARTESIAN_POINT ( 'NONE',  ( 352.5087307374798229, 3.818402780109436456, 371.2299999999954139 ) ) ;
#5008 = CARTESIAN_POINT ( 'NONE',  ( 281.6317279121467436, 4.396304753032376667, 6.500000000000040856 ) ) ;
#5009 = ORIENTED_EDGE ( 'NONE', *, *, #7110, .T. ) ;
#5010 = CARTESIAN_POINT ( 'NONE',  ( 136.5703690002640371, 12.17957054689492757, 23.00000000000000355 ) ) ;
#5011 = EDGE_CURVE ( 'NONE', #469, #5760, #3740, .T. ) ;
#5012 = DIRECTION ( 'NONE',  ( 0.000000000000000000, 1.000000000000000000, 0.000000000000000000 ) ) ;
#5013 = CARTESIAN_POINT ( 'NONE',  ( 134.6104701370673524, 13.40660711063880051, 6.692997558000698177 ) ) ;
#5014 = CARTESIAN_POINT ( 'NONE',  ( 87.53630685513188325, 14.15064548301546488, 6.000000000000012434 ) ) ;
#5015 = CARTESIAN_POINT ( 'NONE',  ( 119.4950241778520024, 13.68772698091030726, 11.58941163938921015 ) ) ;
#5016 = CARTESIAN_POINT ( 'NONE',  ( 398.7855626557417281, 0.3626894245394148286, 371.0469775493121460 ) ) ;
#5017 = CARTESIAN_POINT ( 'NONE',  ( 340.6747057174590623, 3.929108027341881026, 371.7299999999995066 ) ) ;
#5018 = EDGE_CURVE ( 'NONE', #2529, #469, #4420, .T. ) ;
#5019 = CARTESIAN_POINT ( 'NONE',  ( 263.8759731210270161, 8.088575804882376374, 5.999999999999991118 ) ) ;
#5020 = ORIENTED_EDGE ( 'NONE', *, *, #5928, .F. ) ;
#5021 = CARTESIAN_POINT ( 'NONE',  ( 359.3657078521208632, 1.670031488860667324, 249.8200000000000500 ) ) ;
#5022 = CARTESIAN_POINT ( 'NONE',  ( 125.6117820114704386, 12.99622361496780343, 11.60000000000058940 ) ) ;
#5023 = CARTESIAN_POINT ( 'NONE',  ( 277.7651764398123646, 4.680836613319445227, 6.890720917891460573 ) ) ;
#5024 = CARTESIAN_POINT ( 'NONE',  ( 289.9216473163282330, -0.1718871839275268321, 55.04013314620524255 ) ) ;
#5025 = B_SPLINE_SURFACE_WITH_KNOTS ( 'NONE', 3, 3, ( 
 ( #6659, #3803, #3241, #7257 ),
 ( #6085, #5395, #4973, #2132 ),
 ( #4409, #4555, #1135, #6758 ),
 ( #2826, #6201, #5572, #6833 ),
 ( #7290, #3278, #1063, #4516 ),
 ( #4596, #2872, #48, #1582 ),
 ( #5715, #7323, #6794, #470 ),
 ( #3843, #1731, #5159, #1024 ),
 ( #6119, #7360, #5677, #2237 ),
 ( #5010, #4443, #3994, #2198 ),
 ( #3386, #6234, #2165, #502 ),
 ( #6277, #577, #6721, #6163 ) ),
 .UNSPECIFIED., .F., .F., .F.,
 ( 4, 1, 1, 1, 2, 1, 1, 1, 4 ),
 ( 4, 4 ),
 ( 0.000000000000000000, 0.01926014588966091720, 0.03852029177932183440, 0.05778043766898274813, 0.07704058355864366880, 0.3077804376689828314, 0.5385202917793218136, 0.7692601458896608513, 1.000000000000000000 ),
 ( 0.000000000000000000, 1.000000000000000000 ),
 .UNSPECIFIED. ) ;
#5026 = CARTESIAN_POINT ( 'NONE',  ( 281.3840776097540015, 4.605676890930572753, 6.500061541970570289 ) ) ;
#5027 = CARTESIAN_POINT ( 'NONE',  ( 389.7455524102979894, 1.318591059256399856, 371.2299998310068077 ) ) ;
#5028 = CARTESIAN_POINT ( 'NONE',  ( 46.39898946485816111, 9.099645765745355774, 6.000000000000004441 ) ) ;
#5029 = CARTESIAN_POINT ( 'NONE',  ( 354.0988386765843643, 4.265007504564618301, 249.8200000000000500 ) ) ;
#5030 = CARTESIAN_POINT ( 'NONE',  ( 259.9845367899321786, 6.198806331689067584, 7.370828864800605729 ) ) ;
#5031 = CARTESIAN_POINT ( 'NONE',  ( 272.9858558883664159, 3.391364939662909084, 23.24999999999993605 ) ) ;
#5032 = CARTESIAN_POINT ( 'NONE',  ( 162.3759731210269592, 12.75502551289568132, 5.999999999999991118 ) ) ;
#5033 = CARTESIAN_POINT ( 'NONE',  ( 340.3812461065537036, 2.632581406216332187, 206.5001393632522024 ) ) ;
#5034 = B_SPLINE_CURVE_WITH_KNOTS ( 'NONE', 3,
 ( #5879, #1478, #363, #5914 ),
 .UNSPECIFIED., .F., .F.,
 ( 4, 4 ),
 ( 0.000000000000000000, 0.001523629868295335024 ),
 .UNSPECIFIED. ) ;
#5035 = ORIENTED_EDGE ( 'NONE', *, *, #634, .F. ) ;
#5036 = CARTESIAN_POINT ( 'NONE',  ( 321.9240973312016649, 0.2804608982926940497, 127.9099999999999966 ) ) ;
#5037 = ORIENTED_EDGE ( 'NONE', *, *, #5148, .F. ) ;
#5038 = CARTESIAN_POINT ( 'NONE',  ( 282.5351488768569652, 0.0004646614699188238531, 7.659410702929519310 ) ) ;
#5039 = FACE_OUTER_BOUND ( 'NONE', #1460, .T. ) ;
#5040 = CARTESIAN_POINT ( 'NONE',  ( 209.4813623276824615, 9.285179546600426548, 7.119557982353594383 ) ) ;
#5041 = CARTESIAN_POINT ( 'NONE',  ( 139.3780491692847079, 13.46800482097611251, 21.64928720976246268 ) ) ;
#5042 = CARTESIAN_POINT ( 'NONE',  ( 281.5522612393137933, 4.469314054910591416, 6.499999999999992006 ) ) ;
#5043 = ADVANCED_FACE ( 'NONE', ( #2144 ), #4456, .F. ) ;
#5044 = VERTEX_POINT ( 'NONE', #4530 ) ;
#5045 = CARTESIAN_POINT ( 'NONE',  ( 123.1265608331234347, 12.74757658285751738, 17.27360791789682892 ) ) ;
#5046 = B_SPLINE_CURVE_WITH_KNOTS ( 'NONE', 3,
 ( #7367, #4563, #6286, #6170, #6766, #3322, #5616, #510, #5052, #56 ),
 .UNSPECIFIED., .F., .F.,
 ( 4, 2, 2, 2, 4 ),
 ( 0.000000000000000000, 0.0005206946113494598108, 0.001041389222698919622, 0.001562083834048379541, 0.002082778445397839243 ),
 .UNSPECIFIED. ) ;
#5047 = CARTESIAN_POINT ( 'NONE',  ( 133.3642407501697846, 13.94806880326108356, 11.40135054974652107 ) ) ;
#5048 = CARTESIAN_POINT ( 'NONE',  ( 134.6152896666109768, 13.63909799207185891, 6.571868981358582218 ) ) ;
#5049 = CARTESIAN_POINT ( 'NONE',  ( 128.4073119281432867, 6.974089404207559184, 127.9099999999999966 ) ) ;
#5050 = CARTESIAN_POINT ( 'NONE',  ( 125.6117820114704386, 13.61402016648340130, 16.60000000000059472 ) ) ;
#5051 = LINE ( 'NONE', #5578, #4375 ) ;
#5052 = CARTESIAN_POINT ( 'NONE',  ( 332.7862254459513451, 4.017107622512718912, 339.0379028292365433 ) ) ;
#5053 = CARTESIAN_POINT ( 'NONE',  ( 284.1191544666569939, 2.047338039843030977, 23.24999999999997158 ) ) ;
#5054 = ORIENTED_EDGE ( 'NONE', *, *, #2478, .F. ) ;
#5055 = CARTESIAN_POINT ( 'NONE',  ( 395.7133102703602958, 0.6593969305724300956, 371.7300000000000182 ) ) ;
#5056 = CARTESIAN_POINT ( 'NONE',  ( 380.9571796574464315, 1.961227992551854316, 371.2299886155154809 ) ) ;
#5057 = CARTESIAN_POINT ( 'NONE',  ( 389.7471814265007310, 3.216079776021637304, 371.7300000000000182 ) ) ;
#5058 = CARTESIAN_POINT ( 'NONE',  ( 145.7817339930873288, 12.55264859290577384, 21.98491040709847510 ) ) ;
#5059 = CARTESIAN_POINT ( 'NONE',  ( 279.8625485061534732, 4.644312771616101010, 6.634303316077927448 ) ) ;
#5060 = CARTESIAN_POINT ( 'NONE',  ( 410.4924735441049393, 1.454089355336322553, 371.7300000000000182 ) ) ;
#5061 = AXIS2_PLACEMENT_3D ( 'NONE', #318, #3063, #7064 ) ;
#5062 = CARTESIAN_POINT ( 'NONE',  ( 280.8925470213289373, 3.767124792009543643, 7.222786654705377174 ) ) ;
#5063 = CARTESIAN_POINT ( 'NONE',  ( 391.0948011517981513, 1.215121185274826487, 371.2299998310068077 ) ) ;
#5064 = ORIENTED_EDGE ( 'NONE', *, *, #4812, .T. ) ;
#5065 = CARTESIAN_POINT ( 'NONE',  ( 327.2798467990477320, 2.454444150038888495, 371.7299999999998477 ) ) ;
#5066 = CARTESIAN_POINT ( 'NONE',  ( 266.1695555655933276, 7.867135289398628828, 6.000000000000015099 ) ) ;
#5067 = CARTESIAN_POINT ( 'NONE',  ( 263.4527651142664126, 6.005835801146844233, 7.375866622774952752 ) ) ;
#5068 = CARTESIAN_POINT ( 'NONE',  ( 270.7000906376568992, 3.618248260532922700, 23.24999999999997868 ) ) ;
#5069 = FACE_OUTER_BOUND ( 'NONE', #3873, .T. ) ;
#5070 = CARTESIAN_POINT ( 'NONE',  ( 286.7781092759448143, 0.005263016854252109723, 20.62679109810227374 ) ) ;
#5071 = CARTESIAN_POINT ( 'NONE',  ( 274.1553949396059693, 5.472274014806711051, 29.98287889287171026 ) ) ;
#5072 = CARTESIAN_POINT ( 'NONE',  ( 281.9810227331021224, 0.3497687385593332143, 6.000000000000000000 ) ) ;
#5073 = ORIENTED_EDGE ( 'NONE', *, *, #2434, .T. ) ;
#5074 = CARTESIAN_POINT ( 'NONE',  ( 206.0017335930866977, 9.535415628617464279, 6.997030011809187044 ) ) ;
#5075 = CARTESIAN_POINT ( 'NONE',  ( 139.8562030743154310, 13.30940684376129113, 22.35488012810118263 ) ) ;
#5076 = CARTESIAN_POINT ( 'NONE',  ( 353.0503105541072841, 3.799494434048353408, 371.7300000000000182 ) ) ;
#5077 = AXIS2_PLACEMENT_3D ( 'NONE', #4481, #2785, #6086 ) ;
#5078 = EDGE_LOOP ( 'NONE', ( #262, #4121, #5193, #2626, #4177 ) ) ;
#5079 = CARTESIAN_POINT ( 'NONE',  ( 273.6384132941038843, 0.006206900762668231958, 23.24999999999999289 ) ) ;
#5080 = CARTESIAN_POINT ( 'NONE',  ( 163.8430629490133583, 13.76928542506823305, 6.500000019107369020 ) ) ;
#5081 = CARTESIAN_POINT ( 'NONE',  ( 233.9067790031668608, 8.654926595056988248, 6.498706666059375969 ) ) ;
#5082 = CARTESIAN_POINT ( 'NONE',  ( 143.3009530727534013, 12.81123763662255044, 7.113669485743267629 ) ) ;
#5083 = CARTESIAN_POINT ( 'NONE',  ( 220.1146935081837341, 4.542862342258516151, 249.8200000000000216 ) ) ;
#5084 = AXIS2_PLACEMENT_3D ( 'NONE', #7302, #4495, #3857 ) ;
#5085 = CYLINDRICAL_SURFACE ( 'NONE', #1746, 2.500000000000003997 ) ;
#5086 = CARTESIAN_POINT ( 'NONE',  ( 273.6384132941038274, 3.310883099131594953, 23.25000000000002132 ) ) ;
#5087 = CARTESIAN_POINT ( 'NONE',  ( 399.2703781694665963, 0.3897542440337270486, 371.2300000000000182 ) ) ;
#5088 = B_SPLINE_CURVE_WITH_KNOTS ( 'NONE', 3,
 ( #2229, #6109, #3268, #2155 ),
 .UNSPECIFIED., .F., .F.,
 ( 4, 4 ),
 ( 0.000000000000000000, 1.000000000000000000 ),
 .UNSPECIFIED. ) ;
#5089 = B_SPLINE_CURVE_WITH_KNOTS ( 'NONE', 3,
 ( #4614, #5216, #2999, #2405, #6295, #5173, #6926, #5729, #4569, #4723 ),
 .UNSPECIFIED., .F., .F.,
 ( 4, 3, 3, 4 ),
 ( 0.0005857635449656621108, 0.1569566775433227646, 0.2927095844385311230, 0.4278767288463735108 ),
 .UNSPECIFIED. ) ;
#5090 = AXIS2_PLACEMENT_3D ( 'NONE', #1738, #4159, #739 ) ;
#5091 = FACE_OUTER_BOUND ( 'NONE', #236, .T. ) ;
#5092 = ORIENTED_EDGE ( 'NONE', *, *, #3845, .F. ) ;
#5093 = CARTESIAN_POINT ( 'NONE',  ( 307.7045310113256846, 4.203106850618755885, 127.9100000000000250 ) ) ;
#5094 = CARTESIAN_POINT ( 'NONE',  ( 354.7800586443071893, 3.089031327425850737, 371.2089399326999910 ) ) ;
#5095 = CARTESIAN_POINT ( 'NONE',  ( 124.1523034659479521, 13.99497234190195449, 6.498763239132753000 ) ) ;
#5096 = CARTESIAN_POINT ( 'NONE',  ( 263.8759731210271866, 6.972511349892783983, 6.500000000000009770 ) ) ;
#5097 = CARTESIAN_POINT ( 'NONE',  ( 280.7205389634129915, 4.634799733707044567, 6.527459416638593304 ) ) ;
#5098 = CARTESIAN_POINT ( 'NONE',  ( 411.6000954238873533, 0.5445881094972553349, 371.7299999999996203 ) ) ;
#5099 = CARTESIAN_POINT ( 'NONE',  ( 280.8590101676853124, 3.729198104826193738, 7.508552801819490696 ) ) ;
#5100 = FACE_OUTER_BOUND ( 'NONE', #3667, .T. ) ;
#5101 = ORIENTED_EDGE ( 'NONE', *, *, #4903, .F. ) ;
#5102 = CARTESIAN_POINT ( 'NONE',  ( 336.9315165728476700, 3.037951346629959470, 371.7299999999999613 ) ) ;
#5103 = CARTESIAN_POINT ( 'NONE',  ( 344.3958774465712054, 4.953696412787387260, 249.8200000000000216 ) ) ;
#5104 = CARTESIAN_POINT ( 'NONE',  ( 268.6209096584221925, 5.607028037165925127, 7.133901325878780675 ) ) ;
#5105 = CARTESIAN_POINT ( 'NONE',  ( 275.5182846067325499, 5.093301539078590956, 21.18895515293770160 ) ) ;
#5106 = CARTESIAN_POINT ( 'NONE',  ( 272.9748529848416183, 5.280880184303207159, 6.799969577157960465 ) ) ;
#5107 = CARTESIAN_POINT ( 'NONE',  ( 127.9093760988099575, 13.46458476105603630, 21.65247937390687127 ) ) ;
#5108 = CARTESIAN_POINT ( 'NONE',  ( 159.8759731210269877, 13.97008711698096839, 6.499999999999992006 ) ) ;
#5109 = CARTESIAN_POINT ( 'NONE',  ( 386.4581463569761581, -0.005577586831895280789, 299.4713799568449417 ) ) ;
#5110 = CARTESIAN_POINT ( 'NONE',  ( 333.0301108020109950, 3.793125628522574733, 338.8929086685541279 ) ) ;
#5111 = ORIENTED_EDGE ( 'NONE', *, *, #81, .T. ) ;
#5112 = CARTESIAN_POINT ( 'NONE',  ( 237.3405527413388540, 7.689125682821654095, 6.998652588220307891 ) ) ;
#5113 = CARTESIAN_POINT ( 'NONE',  ( 212.9819734138689569, 9.397332510820067597, 6.698337324224619138 ) ) ;
#5114 = CARTESIAN_POINT ( 'NONE',  ( 260.3759731210270161, 7.175950877862858235, 5.999999999999991118 ) ) ;
#5115 = CARTESIAN_POINT ( 'NONE',  ( 379.6019856883327748, 3.935575791233413945, 371.2299999999999045 ) ) ;
#5116 = ORIENTED_EDGE ( 'NONE', *, *, #6141, .F. ) ;
#5117 = CARTESIAN_POINT ( 'NONE',  ( 387.3773346810692715, 1.495462305855191243, 371.2300000244894704 ) ) ;
#5118 = ORIENTED_EDGE ( 'NONE', *, *, #215, .F. ) ;
#5119 = CARTESIAN_POINT ( 'NONE',  ( 194.0446962304694978, 10.55550775608454472, 127.9100000000002240 ) ) ;
#5120 = CARTESIAN_POINT ( 'NONE',  ( 281.7559832943646256, 5.444556108484675860, 6.500000000000005329 ) ) ;
#5121 = CARTESIAN_POINT ( 'NONE',  ( 145.0367583085282490, 12.65524591226376927, 7.368348032261417657 ) ) ;
#5122 = CARTESIAN_POINT ( 'NONE',  ( 217.3566038148405539, 3.879543753500399372, 249.8200000000000216 ) ) ;
#5123 = FACE_OUTER_BOUND ( 'NONE', #6757, .T. ) ;
#5124 = CARTESIAN_POINT ( 'NONE',  ( 124.0884131487139825, 13.58707806417506347, 16.60000000000058762 ) ) ;
#5125 = CARTESIAN_POINT ( 'NONE',  ( 191.0691665731807802, 8.193540655885659163, 127.9099999999999966 ) ) ;
#5126 = DIRECTION ( 'NONE',  ( -0.5343875665689393761, 0.02380021927669887655, -0.8449044195995831785 ) ) ;
#5127 = EDGE_CURVE ( 'NONE', #6425, #6983, #1887, .T. ) ;
#5128 = DIRECTION ( 'NONE',  ( 1.000000000000000000, -2.856579774378894900E-13, 2.252502367368189514E-16 ) ) ;
#5129 = ORIENTED_EDGE ( 'NONE', *, *, #6131, .T. ) ;
#5130 = CARTESIAN_POINT ( 'NONE',  ( 409.9595803993037748, 1.486425905194333597, 371.2299999999999045 ) ) ;
#5131 = CARTESIAN_POINT ( 'NONE',  ( 359.1478336985714463, 3.051427699129464877, 371.2299883555440942 ) ) ;
#5132 = CARTESIAN_POINT ( 'NONE',  ( 122.4112483234968920, 13.11687597959502583, 7.340385047033991306 ) ) ;
#5133 = DIRECTION ( 'NONE',  ( -0.9999087854442239021, 0.01350632412824551327, 0.000000000000000000 ) ) ;
#5134 = CARTESIAN_POINT ( 'NONE',  ( 279.0597415491741344, 4.828300099634355469, 6.629021882753612260 ) ) ;
#5135 = CARTESIAN_POINT ( 'NONE',  ( 324.8003342801646909, -3.941851562271828424, 127.9099999999999966 ) ) ;
#5136 = EDGE_CURVE ( 'NONE', #384, #6834, #2668, .T. ) ;
#5137 = EDGE_CURVE ( 'NONE', #2443, #6118, #2934, .T. ) ;
#5138 = CARTESIAN_POINT ( 'NONE',  ( 281.2411835083674418, 4.354058417098331191, 6.528679679029803395 ) ) ;
#5139 = CARTESIAN_POINT ( 'NONE',  ( 333.5300941259568503, 4.468132915638289404, 350.7332749677300967 ) ) ;
#5140 = CARTESIAN_POINT ( 'NONE',  ( 146.6685489851036266, 12.53353381105809738, 20.96947076670515031 ) ) ;
#5141 = CARTESIAN_POINT ( 'NONE',  ( 261.8790744714123662, 6.247124894294277198, 249.8200000000000216 ) ) ;
#5142 = CARTESIAN_POINT ( 'NONE',  ( 329.6968213003978576, 5.947502075206223537, 249.8200000000000216 ) ) ;
#5143 = CARTESIAN_POINT ( 'NONE',  ( 265.1781908710640323, 5.911827531817356096, 7.248145952233351785 ) ) ;
#5144 = CARTESIAN_POINT ( 'NONE',  ( 125.6117820114704386, 12.83106640014351107, 16.60000000000059472 ) ) ;
#5145 = CARTESIAN_POINT ( 'NONE',  ( 286.7782287443127416, -0.003617997492007787343, 20.62677624633129625 ) ) ;
#5146 = CARTESIAN_POINT ( 'NONE',  ( 273.8841741994430663, 5.501439325372563971, 6.575948144312738108 ) ) ;
#5147 = FACE_OUTER_BOUND ( 'NONE', #1968, .T. ) ;
#5148 = EDGE_CURVE ( 'NONE', #4595, #6769, #2922, .T. ) ;
#5149 = CARTESIAN_POINT ( 'NONE',  ( 281.4423325543761507, 3.174175255289411357, 7.743966520901810036 ) ) ;
#5150 = CARTESIAN_POINT ( 'NONE',  ( 130.1530016159915704, 13.88567817605879640, 6.518215349339539166 ) ) ;
#5151 = CARTESIAN_POINT ( 'NONE',  ( 373.5177354755759893, 1.405024494848787331, 302.7279378945029862 ) ) ;
#5152 = ORIENTED_EDGE ( 'NONE', *, *, #1492, .T. ) ;
#5153 = CARTESIAN_POINT ( 'NONE',  ( 202.5120170134973137, 9.606191746595566627, 7.505950838283406590 ) ) ;
#5154 = CARTESIAN_POINT ( 'NONE',  ( 139.6498449424189801, 13.66348409392585062, 21.71098589254822642 ) ) ;
#5155 = CARTESIAN_POINT ( 'NONE',  ( 163.5937383101201021, 11.76994164092449324, 47.68038453095861229 ) ) ;
#5156 = EDGE_CURVE ( 'NONE', #5643, #2968, #5089, .T. ) ;
#5157 = CARTESIAN_POINT ( 'NONE',  ( 203.4100391088979904, 10.54642710858439614, 127.9100000000000250 ) ) ;
#5158 = ORIENTED_EDGE ( 'NONE', *, *, #4401, .F. ) ;
#5159 = CARTESIAN_POINT ( 'NONE',  ( 260.6405428184832545, 6.391294281625114593, 233.4866666666665367 ) ) ;
#5160 = CARTESIAN_POINT ( 'NONE',  ( 409.2123564447252875, 1.557471149904173569, 371.7300000000000182 ) ) ;
#5161 = ORIENTED_EDGE ( 'NONE', *, *, #7026, .F. ) ;
#5162 = CARTESIAN_POINT ( 'NONE',  ( 159.8759827467707737, 12.88212538434859056, 6.500000003003497895 ) ) ;
#5163 = CARTESIAN_POINT ( 'NONE',  ( 145.0379787956960058, 12.68157591633214309, 7.236647999566033995 ) ) ;
#5164 = CARTESIAN_POINT ( 'NONE',  ( 26.54219914591476126, 6.958728150494999376, 6.000000000000003553 ) ) ;
#5165 = CARTESIAN_POINT ( 'NONE',  ( 279.3455204632788309, 4.622183717300973882, 21.19737253050486103 ) ) ;
#5166 = CARTESIAN_POINT ( 'NONE',  ( 140.6129996835471445, 12.57700823962295544, 23.29075036005502852 ) ) ;
#5167 = CARTESIAN_POINT ( 'NONE',  ( 113.2106593398513326, 13.74070210544272364, 6.000000000000000888 ) ) ;
#5168 = CARTESIAN_POINT ( 'NONE',  ( 260.3759731210270161, 8.262420672463726135, 5.999999999999991118 ) ) ;
#5169 = VERTEX_POINT ( 'NONE', #1229 ) ;
#5170 = CARTESIAN_POINT ( 'NONE',  ( 361.3823974239903123, 1.094215436864644397, 249.8200000000000500 ) ) ;
#5171 = CARTESIAN_POINT ( 'NONE',  ( 260.3759660147377417, 7.175737129629181865, 6.499999999999992006 ) ) ;
#5172 = CARTESIAN_POINT ( 'NONE',  ( 118.9312235603918566, 13.15813523865964285, 7.087727862771522780 ) ) ;
#5173 = CARTESIAN_POINT ( 'NONE',  ( 224.2687070127654749, 10.93768514817520199, 160.5026731171245729 ) ) ;
#5174 = CARTESIAN_POINT ( 'NONE',  ( 279.0129435048634150, 4.529615454667140106, 6.900592485070966120 ) ) ;
#5175 = CARTESIAN_POINT ( 'NONE',  ( 120.1074180107357137, 13.70449420925171324, 11.60000000000060005 ) ) ;
#5176 = CARTESIAN_POINT ( 'NONE',  ( 280.8938691312642391, 3.812919646179930844, 7.082919991906084789 ) ) ;
#5177 = CARTESIAN_POINT ( 'NONE',  ( 140.8933386476580267, 12.31962682411078447, 23.75056176464955016 ) ) ;
#5178 = PLANE ( 'NONE',  #6154 ) ;
#5179 = CARTESIAN_POINT ( 'NONE',  ( 296.3295984724065306, 5.703928341132448843, 249.8200000000000500 ) ) ;
#5180 = CARTESIAN_POINT ( 'NONE',  ( 275.7688871784847038, 8.518849669664172453, 249.8199999999999079 ) ) ;
#5181 = ADVANCED_FACE ( 'NONE', ( #6890 ), #104, .F. ) ;
#5182 = AXIS2_PLACEMENT_3D ( 'NONE', #2017, #7250, #3796 ) ;
#5183 = CARTESIAN_POINT ( 'NONE',  ( 266.8950024761252280, 5.719799197029667326, 7.520822127702602167 ) ) ;
#5184 = CARTESIAN_POINT ( 'NONE',  ( 285.2601173028782000, 3.975568459252376563, 23.25000000000160583 ) ) ;
#5185 = CARTESIAN_POINT ( 'NONE',  ( 286.2292693872967106, 2.274061400459698401, 20.69884039999106307 ) ) ;
#5186 = CARTESIAN_POINT ( 'NONE',  ( 270.3517805609826041, 5.444094600842043441, 7.011251239541546276 ) ) ;
#5187 = CARTESIAN_POINT ( 'NONE',  ( 365.7454693069068981, 2.796514432035833053, 371.2300000000000182 ) ) ;
#5188 = CARTESIAN_POINT ( 'NONE',  ( 281.8966311153635615, 1.616570720327895394, 6.500000000007084111 ) ) ;
#5189 = CARTESIAN_POINT ( 'NONE',  ( 126.1520501537184487, 13.00965691791103396, 22.73519255042380038 ) ) ;
#5190 = B_SPLINE_CURVE_WITH_KNOTS ( 'NONE', 3,
 ( #1264, #1898, #5690, #588 ),
 .UNSPECIFIED., .F., .F.,
 ( 4, 4 ),
 ( 0.000000000000000000, 7.332019928972242939E-05 ),
 .UNSPECIFIED. ) ;
#5191 = ORIENTED_EDGE ( 'NONE', *, *, #943, .T. ) ;
#5192 = CARTESIAN_POINT ( 'NONE',  ( 259.8519637609527990, 7.202689331942388584, 5.999999999999985789 ) ) ;
#5193 = ORIENTED_EDGE ( 'NONE', *, *, #2984, .F. ) ;
#5194 = CARTESIAN_POINT ( 'NONE',  ( 282.5752657681341589, 0.0006518605050540340591, 7.811627771811934906 ) ) ;
#5195 = CARTESIAN_POINT ( 'NONE',  ( 119.5779476216101074, 12.90189428140818251, 11.60000000000059117 ) ) ;
#5196 = CARTESIAN_POINT ( 'NONE',  ( 209.5349365096751058, 10.21860151718580667, 6.500051546984684236 ) ) ;
#5197 = CARTESIAN_POINT ( 'NONE',  ( 113.7082358021954747, 13.76013370536814939, 6.000000000000008882 ) ) ;
#5198 = LINE ( 'NONE', #1171, #204 ) ;
#5199 = LINE ( 'NONE', #615, #6381 ) ;
#5200 = CARTESIAN_POINT ( 'NONE',  ( 277.9061256653698138, 5.476598551014691729, 6.499999999999956479 ) ) ;
#5201 = ORIENTED_EDGE ( 'NONE', *, *, #487, .F. ) ;
#5202 = CC_DESIGN_PERSON_AND_ORGANIZATION_ASSIGNMENT ( #4683, #3550, ( #2694 ) ) ;
#5203 = CARTESIAN_POINT ( 'NONE',  ( 270.7676219414888124, 7.223041657515568481, 249.8200000000004479 ) ) ;
#5204 = CARTESIAN_POINT ( 'NONE',  ( 146.8258130017681253, 13.57920656275422111, 6.500051217336594078 ) ) ;
#5205 = CARTESIAN_POINT ( 'NONE',  ( 223.2562852909529454, 5.205141135651753181, 249.8200000000000216 ) ) ;
#5206 = AXIS2_PLACEMENT_3D ( 'NONE', #1660, #3242, #5610 ) ;
#5207 = CARTESIAN_POINT ( 'NONE',  ( 159.8759731210269308, 13.94446355411818317, 5.999999999999991118 ) ) ;
#5208 = FACE_OUTER_BOUND ( 'NONE', #2104, .T. ) ;
#5209 = CARTESIAN_POINT ( 'NONE',  ( 124.1350818260047220, 13.58806389485280519, 16.60000000000058762 ) ) ;
#5210 = CARTESIAN_POINT ( 'NONE',  ( 163.3759731210269308, 13.79274210926817723, 6.499999999999992006 ) ) ;
#5211 = VERTEX_POINT ( 'NONE', #4166 ) ;
#5212 = CONICAL_SURFACE ( 'NONE', #5564, 1.799999999999529088, 0.05235987755983000091 ) ;
#5213 = CARTESIAN_POINT ( 'NONE',  ( 280.3362561273160054, 3.758814492650425887, 6.000000000000000000 ) ) ;
#5214 = CARTESIAN_POINT ( 'NONE',  ( 362.7454693069057612, 4.809228537456396779, 371.7300000000000182 ) ) ;
#5215 = CARTESIAN_POINT ( 'NONE',  ( 117.1822259427633952, 13.54239428077040408, 6.615767310354526032 ) ) ;
#5216 = CARTESIAN_POINT ( 'NONE',  ( 325.6194474942793704, 6.342553184285399936, 326.7379536293523188 ) ) ;
#5217 = CARTESIAN_POINT ( 'NONE',  ( 285.2246268216345015, 3.603773467784448847, 20.82982938590206601 ) ) ;
#5218 = CARTESIAN_POINT ( 'NONE',  ( 279.8091016369277781, 4.441380208793192175, 6.815567376767384111 ) ) ;
#5219 = CARTESIAN_POINT ( 'NONE',  ( 332.5766904567813071, 0.06017994737835596214, 173.2499902897004063 ) ) ;
#5220 = AXIS2_PLACEMENT_3D ( 'NONE', #5742, #6148, #1124 ) ;
#5221 = CARTESIAN_POINT ( 'NONE',  ( 280.9586599525992483, 3.775656449224423561, 7.083908726022406732 ) ) ;
#5222 = DIRECTION ( 'NONE',  ( -0.3421911451986917596, 0.01405599002868655571, -0.9395252254686520255 ) ) ;
#5223 = ORIENTED_EDGE ( 'NONE', *, *, #1740, .T. ) ;
#5224 = FACE_OUTER_BOUND ( 'NONE', #6077, .T. ) ;
#5225 = CARTESIAN_POINT ( 'NONE',  ( 173.5152659112525555, 11.18216317278117700, 6.000000000000000888 ) ) ;
#5226 = CARTESIAN_POINT ( 'NONE',  ( 129.1984330616201362, 15.21142491811110098, 6.000000000000000000 ) ) ;
#5227 = CARTESIAN_POINT ( 'NONE',  ( 263.4528315503321778, 6.006932550729549902, 7.508301050346958938 ) ) ;
#5228 = CARTESIAN_POINT ( 'NONE',  ( 284.2624099530256672, 1.902098387939808344, 23.25000000000010303 ) ) ;
#5229 = CARTESIAN_POINT ( 'NONE',  ( 287.6376020001853249, 0.04888742196494866993, 23.24999999999990052 ) ) ;
#5230 = CARTESIAN_POINT ( 'NONE',  ( 273.8555239586282255, 5.265698334350448206, 6.703800560035087841 ) ) ;
#5231 = CARTESIAN_POINT ( 'NONE',  ( 366.2454515328071238, 2.774568263804544799, 371.2299999924274516 ) ) ;
#5232 = CARTESIAN_POINT ( 'NONE',  ( 281.5307167362846599, 4.189609513296325360, 6.528683869278764540 ) ) ;
#5233 = CARTESIAN_POINT ( 'NONE',  ( 126.3347337521699387, 12.03193522400959914, 23.95215034016750266 ) ) ;
#5234 = DIRECTION ( 'NONE',  ( -2.856580399953362705E-13, -0.9999999352646699036, 0.0003598203108568317652 ) ) ;
#5235 = EDGE_CURVE ( 'NONE', #984, #2356, #4020, .T. ) ;
#5236 = LINE ( 'NONE', #5860, #801 ) ;
#5237 = VERTEX_POINT ( 'NONE', #64 ) ;
#5238 = CARTESIAN_POINT ( 'NONE',  ( 240.8253231430091716, 7.536105098377306355, 6.886447883586917840 ) ) ;
#5239 = CARTESIAN_POINT ( 'NONE',  ( 219.9314867520296275, 8.725282016752627712, 6.997614370851130694 ) ) ;
#5240 = CARTESIAN_POINT ( 'NONE',  ( 189.2892342955818492, 10.48021606829619223, 127.9099999999998545 ) ) ;
#5241 = CARTESIAN_POINT ( 'NONE',  ( 390.5215858155705178, -1.194396685690529480, 344.1662205321083547 ) ) ;
#5242 = CARTESIAN_POINT ( 'NONE',  ( 271.2616616586503255, 6.215554568937606383, 6.500000000000011546 ) ) ;
#5243 = EDGE_CURVE ( 'NONE', #1732, #3288, #6275, .T. ) ;
#5244 = ORIENTED_EDGE ( 'NONE', *, *, #2909, .T. ) ;
#5245 = CARTESIAN_POINT ( 'NONE',  ( 150.3104053569624341, 13.40903651458951629, 6.500051408471985148 ) ) ;
#5246 = CARTESIAN_POINT ( 'NONE',  ( 214.2602593940124791, 2.804122188043536301, 249.8200000000000216 ) ) ;
#5247 = LINE ( 'NONE', #2792, #3039 ) ;
#5248 = CARTESIAN_POINT ( 'NONE',  ( 140.3943174300303269, 12.59759171537240263, 23.14786484726118942 ) ) ;
#5249 = DATE_AND_TIME ( #1404, #4974 ) ;
#5250 = EDGE_CURVE ( 'NONE', #1490, #2726, #1004, .T. ) ;
#5251 = VERTEX_POINT ( 'NONE', #140 ) ;
#5252 = FACE_OUTER_BOUND ( 'NONE', #6360, .T. ) ;
#5253 = CARTESIAN_POINT ( 'NONE',  ( 354.7781170461274769, 3.013980196036062154, 371.1338246657306286 ) ) ;
#5254 = CARTESIAN_POINT ( 'NONE',  ( 122.4092973997531573, 13.51298383863207775, 6.689267296300429599 ) ) ;
#5255 = CARTESIAN_POINT ( 'NONE',  ( 273.6384132941038843, 0.006206900762668231958, 23.24999999999999289 ) ) ;
#5256 = CARTESIAN_POINT ( 'NONE',  ( 285.6147382136276747, 3.958765955706876394, 23.24999999999969802 ) ) ;
#5257 = EDGE_CURVE ( 'NONE', #3642, #5581, #2368, .T. ) ;
#5258 = CARTESIAN_POINT ( 'NONE',  ( 281.1992400139489519, 4.226258787851820742, 6.587964205777948834 ) ) ;
#5259 = CARTESIAN_POINT ( 'NONE',  ( 369.7482300544282339, 2.618511659863020924, 371.2300000000000750 ) ) ;
#5260 = CARTESIAN_POINT ( 'NONE',  ( 327.2546244504922015, 4.746108735565022663, 340.4847011390779699 ) ) ;
#5261 = CARTESIAN_POINT ( 'NONE',  ( 264.1790230837601143, 6.309276261778201444, 249.8200000000000500 ) ) ;
#5262 = CARTESIAN_POINT ( 'NONE',  ( 269.4773368714513140, 5.452737891450877505, 7.260073031612756189 ) ) ;
#5263 = CARTESIAN_POINT ( 'NONE',  ( 285.2455201417934063, 3.617885775305915264, 20.94929682104120872 ) ) ;
#5264 = CARTESIAN_POINT ( 'NONE',  ( 287.2470405213535400, 1.915645964013623415, 23.24999999999848299 ) ) ;
#5265 = CARTESIAN_POINT ( 'NONE',  ( 273.0646911147787819, 5.999706843720424843, 6.500053101179047665 ) ) ;
#5266 = CARTESIAN_POINT ( 'NONE',  ( 123.2431818857000110, 12.75246303762464528, 18.13440070361514600 ) ) ;
#5267 = CARTESIAN_POINT ( 'NONE',  ( 280.9620343294809004, 3.727655865875473040, 7.222808031004620766 ) ) ;
#5268 = CARTESIAN_POINT ( 'NONE',  ( 280.9405662660366261, 3.704320055877357021, 7.713476408512096150 ) ) ;
#5269 = CARTESIAN_POINT ( 'NONE',  ( 327.7860354762783004, 3.933608825666553344, 341.6482234053794400 ) ) ;
#5270 = LINE ( 'NONE', #4030, #7224 ) ;
#5271 = ORIENTED_EDGE ( 'NONE', *, *, #5724, .F. ) ;
#5272 = CARTESIAN_POINT ( 'NONE',  ( 251.2849173160205396, 7.050154975884440844, 6.698557114276135316 ) ) ;
#5273 = CARTESIAN_POINT ( 'NONE',  ( 219.9535823467268472, 9.099443851354397594, 6.623862712860272950 ) ) ;
#5274 = CARTESIAN_POINT ( 'NONE',  ( 113.7483955013207435, 13.76170204162511368, 5.999999999999994671 ) ) ;
#5275 = CARTESIAN_POINT ( 'NONE',  ( 350.4023788714217744, 0.4255093172783964706, 234.0143142694925302 ) ) ;
#5276 = B_SPLINE_CURVE_WITH_KNOTS ( 'NONE', 3,
 ( #5194, #84, #5038, #1209, #3989, #6392, #2350, #3418, #5786, #1287, #5362, #3696 ),
 .UNSPECIFIED., .F., .F.,
 ( 4, 2, 2, 2, 2, 4 ),
 ( 0.000000000000000000, 0.0002347089373722495941, 0.0004694178747444991882, 0.0009388357494889983763, 0.001408253624233497510, 0.001877671498977996753 ),
 .UNSPECIFIED. ) ;
#5277 = CARTESIAN_POINT ( 'NONE',  ( 270.9600881216870221, 5.602677208749610394, 21.21451984116872325 ) ) ;
#5278 = CARTESIAN_POINT ( 'NONE',  ( 274.2116250879895460, 5.848032385491974239, 6.499999999999986677 ) ) ;
#5279 = ORIENTED_EDGE ( 'NONE', *, *, #1406, .F. ) ;
#5280 = CARTESIAN_POINT ( 'NONE',  ( 167.7170143538192804, 12.23096066775949176, 6.523850427364247473 ) ) ;
#5281 = CARTESIAN_POINT ( 'NONE',  ( 311.8503548917645389, 2.103836488265814708, 371.7300000000000182 ) ) ;
#5282 = EDGE_CURVE ( 'NONE', #7021, #1093, #5368, .T. ) ;
#5283 = ADVANCED_FACE ( 'NONE', ( #7003 ), #208, .F. ) ;
#5284 = CARTESIAN_POINT ( 'NONE',  ( 387.2454693069067275, 1.505132573953877451, 371.2299999999999613 ) ) ;
#5285 = CARTESIAN_POINT ( 'NONE',  ( 138.3372234089184474, 13.51512924242068436, 19.94210794985397683 ) ) ;
#5286 = CARTESIAN_POINT ( 'NONE',  ( 332.8979890622671860, 3.991548049249103336, 338.6762028569957579 ) ) ;
#5287 = COORDINATED_UNIVERSAL_TIME_OFFSET ( 1, 0, .AHEAD. ) ;
#5288 = CARTESIAN_POINT ( 'NONE',  ( 190.9664314013879789, 10.48123980505233455, 127.9100000000000250 ) ) ;
#5289 = ORIENTED_EDGE ( 'NONE', *, *, #4081, .T. ) ;
#5290 = CARTESIAN_POINT ( 'NONE',  ( 140.9722718047395631, 12.31605165081643527, 23.88002776999708843 ) ) ;
#5291 = CARTESIAN_POINT ( 'NONE',  ( 346.1179800121394123, 3.467170444583730582, 339.5844725304638700 ) ) ;
#5292 = CARTESIAN_POINT ( 'NONE',  ( 125.8945384173653395, 13.24437009163703749, 6.979014805279901701 ) ) ;
#5293 = CARTESIAN_POINT ( 'NONE',  ( 131.3743291591956961, 12.76534535988042052, 20.23337027880672778 ) ) ;
#5294 = DIRECTION ( 'NONE',  ( -2.852601462733167511E-13, -0.9986106385679168751, 0.05269528004458473580 ) ) ;
#5295 = CARTESIAN_POINT ( 'NONE',  ( 332.5766904567805682, -2.539819884309786779, 173.2509258225086057 ) ) ;
#5296 = ORIENTED_EDGE ( 'NONE', *, *, #3986, .T. ) ;
#5297 = CARTESIAN_POINT ( 'NONE',  ( 103.4648474101910267, 12.51871880525992609, 5.999999999999994671 ) ) ;
#5298 = EDGE_CURVE ( 'NONE', #3425, #1732, #569, .T. ) ;
#5299 = CARTESIAN_POINT ( 'NONE',  ( 284.2832611745724307, 1.890557557894157137, 23.25000000000000000 ) ) ;
#5300 = CARTESIAN_POINT ( 'NONE',  ( 287.6383987974335810, 0.008796374948735594460, 23.25000000000065015 ) ) ;
#5301 = CARTESIAN_POINT ( 'NONE',  ( 275.5684068370681530, 4.762110766939043671, 7.131360868741071890 ) ) ;
#5302 = CARTESIAN_POINT ( 'NONE',  ( 366.1450838348254706, 2.778957797564564292, 371.2299999970226168 ) ) ;
#5303 = CARTESIAN_POINT ( 'NONE',  ( 260.9922984326576056, 8.230612548232359771, 6.499999999999993783 ) ) ;
#5304 = CARTESIAN_POINT ( 'NONE',  ( 281.5809671871444380, 4.493863949999862939, 6.500061547985570343 ) ) ;
#5305 = CARTESIAN_POINT ( 'NONE',  ( 140.8917239793904912, 12.61089522476747504, 23.13621605498684275 ) ) ;
#5306 = VERTEX_POINT ( 'NONE', #923 ) ;
#5307 = CARTESIAN_POINT ( 'NONE',  ( 133.6882159068156568, 13.04082023580611249, 7.483595599199738935 ) ) ;
#5308 = DIRECTION ( 'NONE',  ( -1.000000000000000000, 2.856580215031687191E-13, -1.027855647498751698E-16 ) ) ;
#5309 = AXIS2_PLACEMENT_3D ( 'NONE', #6397, #2461, #657 ) ;
#5310 = ORIENTED_EDGE ( 'NONE', *, *, #6340, .F. ) ;
#5311 = CARTESIAN_POINT ( 'NONE',  ( 254.7980789309177112, 7.334202962457519348, 6.498709953998873523 ) ) ;
#5312 = CARTESIAN_POINT ( 'NONE',  ( 219.9255575341139775, 8.624877973165242295, 7.242474702487927907 ) ) ;
#5313 = CARTESIAN_POINT ( 'NONE',  ( 342.1514098616381716, 3.922004915655393109, 371.7299999999999045 ) ) ;
#5314 = CARTESIAN_POINT ( 'NONE',  ( 346.8002523639127617, 1.932514085987556918, 341.2129333933494877 ) ) ;
#5315 = DIRECTION ( 'NONE',  ( 0.8538241083243430785, -3.609053514977519291E-13, -0.5205616121499360149 ) ) ;
#5316 = CARTESIAN_POINT ( 'NONE',  ( 277.5361039255232072, 5.508666557771311645, 6.499999999999994671 ) ) ;
#5317 = ORIENTED_EDGE ( 'NONE', *, *, #1831, .F. ) ;
#5318 = CARTESIAN_POINT ( 'NONE',  ( 160.7420081253977457, 12.45708561628183908, 6.573532315797911529 ) ) ;
#5319 = CARTESIAN_POINT ( 'NONE',  ( 17.54850689171362532, 2.627131465962005308, 5.999999999999996447 ) ) ;
#5320 = APPLICATION_CONTEXT ( 'configuration controlled 3d designs of mechanical parts and assemblies' ) ;
#5321 = CARTESIAN_POINT ( 'NONE',  ( 123.5795788648738522, 11.08155696951800984, 20.94089999999999918 ) ) ;
#5322 = B_SPLINE_CURVE_WITH_KNOTS ( 'NONE', 3,
 ( #2751, #4479, #2784, #1659, #5117, #13 ),
 .UNSPECIFIED., .F., .F.,
 ( 4, 2, 4 ),
 ( 0.000000000000000000, 0.0003910759675115317254, 0.0007821519350230634509 ),
 .UNSPECIFIED. ) ;
#5323 = CARTESIAN_POINT ( 'NONE',  ( 289.9216473163277783, 0.01700151008772072744, 53.24999805794005425 ) ) ;
#5324 = DIRECTION ( 'NONE',  ( 0.000000000000000000, 0.000000000000000000, -1.000000000000000000 ) ) ;
#5325 = EDGE_CURVE ( 'NONE', #3046, #1020, #1977, .T. ) ;
#5326 = LINE ( 'NONE', #2503, #2565 ) ;
#5327 = CARTESIAN_POINT ( 'NONE',  ( 129.3823318844181074, 13.39033774518013686, 6.781685315105887568 ) ) ;
#5328 = VECTOR ( 'NONE', #5012, 1000.000000000000000 ) ;
#5329 = DIRECTION ( 'NONE',  ( -1.000000000000000000, -5.290906601729256589E-13, 0.000000000000000000 ) ) ;
#5330 = CARTESIAN_POINT ( 'NONE',  ( 280.4374468440248052, 3.950820191152080163, 7.475668904351343791 ) ) ;
#5331 = CARTESIAN_POINT ( 'NONE',  ( 289.9216473163282899, 0.01635383352817882871, 51.44999817446413459 ) ) ;
#5332 = CIRCLE ( 'NONE', #3166, 0.8631912116154327741 ) ;
#5333 = CARTESIAN_POINT ( 'NONE',  ( 128.0314675698112978, 13.69540752875122536, 14.74975114508004026 ) ) ;
#5334 = ORIENTED_EDGE ( 'NONE', *, *, #734, .T. ) ;
#5335 = CARTESIAN_POINT ( 'NONE',  ( 278.8748814451935800, 5.995647314528980587, 127.9100000000000250 ) ) ;
#5336 = CARTESIAN_POINT ( 'NONE',  ( 285.4273161086043729, 3.918103368298436529, 23.25000000000000711 ) ) ;
#5337 = AXIS2_PLACEMENT_3D ( 'NONE', #4273, #3735, #6552 ) ;
#5338 = CARTESIAN_POINT ( 'NONE',  ( 274.6850774183085946, 4.789163773370892940, 7.526438022311906728 ) ) ;
#5339 = CARTESIAN_POINT ( 'NONE',  ( 284.8773597683251637, 0.006206900763062654300, 23.24999999999997868 ) ) ;
#5340 = CARTESIAN_POINT ( 'NONE',  ( 399.3106143041586620, 0.1313574307234798844, 371.0639452245839607 ) ) ;
#5341 = CARTESIAN_POINT ( 'NONE',  ( 281.6736211072851574, 4.441246097947870730, 6.500061550816214506 ) ) ;
#5342 = CARTESIAN_POINT ( 'NONE',  ( 330.8292250907535390, 4.717309348150705794, 340.4792378295255162 ) ) ;
#5343 = EDGE_LOOP ( 'NONE', ( #6268, #5223, #5607, #3240 ) ) ;
#5344 = CARTESIAN_POINT ( 'NONE',  ( 332.6988923820986770, 2.551015501699915866, 339.7185398053719609 ) ) ;
#5345 = AXIS2_PLACEMENT_3D ( 'NONE', #7366, #1028, #2169 ) ;
#5346 = CARTESIAN_POINT ( 'NONE',  ( 263.5506351679475756, 6.994354271125543754, 6.500000235663057957 ) ) ;
#5347 = ORIENTED_EDGE ( 'NONE', *, *, #4812, .F. ) ;
#5348 = CARTESIAN_POINT ( 'NONE',  ( 253.0048403746085057, 6.557643215288242011, 7.506953149676761861 ) ) ;
#5349 = CARTESIAN_POINT ( 'NONE',  ( 223.4067023948864232, 8.394582300625403448, 7.507364129969283262 ) ) ;
#5350 = FACE_OUTER_BOUND ( 'NONE', #5370, .T. ) ;
#5351 = DIRECTION ( 'NONE',  ( -2.856580399953362705E-13, -0.9999999352646699036, 0.0003598203108568317652 ) ) ;
#5352 = DIRECTION ( 'NONE',  ( 1.636385154541171072E-30, -0.0003598203108568317652, -0.9999999352646697925 ) ) ;
#5353 = CARTESIAN_POINT ( 'NONE',  ( 281.1454595893019928, 4.721923933926761130, 6.499999999999992006 ) ) ;
#5354 = VERTEX_POINT ( 'NONE', #815 ) ;
#5355 = CARTESIAN_POINT ( 'NONE',  ( 350.5061112435941482, 3.857642753498717436, 371.2300000000005866 ) ) ;
#5356 = CARTESIAN_POINT ( 'NONE',  ( 157.2242032791767485, 12.01877551365638652, 7.372121820983547735 ) ) ;
#5357 = CARTESIAN_POINT ( 'NONE',  ( 310.8270579801641134, 1.802968459211701457, 371.7300000000000182 ) ) ;
#5358 = CARTESIAN_POINT ( 'NONE',  ( 129.4778501841200011, 11.20010415294423112, 21.99999999999997868 ) ) ;
#5359 = CARTESIAN_POINT ( 'NONE',  ( 333.0758991319640927, 3.921407415091657800, 338.9680105951359224 ) ) ;
#5360 = DATE_TIME_ROLE ( 'creation_date' ) ;
#5361 = DIRECTION ( 'NONE',  ( 0.000000000000000000, 1.000000000000000000, 0.000000000000000000 ) ) ;
#5362 = CARTESIAN_POINT ( 'NONE',  ( 283.3667982787003439, -0.01632216547739824553, 6.499999999999977796 ) ) ;
#5363 = CARTESIAN_POINT ( 'NONE',  ( 129.3831780783884255, 13.48364235084232199, 6.691312758173226349 ) ) ;
#5364 = CARTESIAN_POINT ( 'NONE',  ( 212.2904688514243787, 11.13152743227710140, 6.000000000000007105 ) ) ;
#5365 = CARTESIAN_POINT ( 'NONE',  ( 342.0262538900758500, 2.131467750802330752, 339.5290235484286541 ) ) ;
#5366 = CARTESIAN_POINT ( 'NONE',  ( 280.7621688069557990, 3.840516574923786397, 7.214828244782373723 ) ) ;
#5367 = CARTESIAN_POINT ( 'NONE',  ( 136.4240792677595380, 12.71306584822259289, 21.54034354379028215 ) ) ;
#5368 = B_SPLINE_CURVE_WITH_KNOTS ( 'NONE', 3,
 ( #1863, #3441, #630, #1824, #4652, #6410, #1309, #175, #5847, #2440 ),
 .UNSPECIFIED., .F., .F.,
 ( 4, 2, 2, 2, 4 ),
 ( 1.338830089483627713E-15, 0.0005223674238601184799, 0.001044734847718897970, 0.001567102271577677569, 0.002089469695436457167 ),
 .UNSPECIFIED. ) ;
#5369 = CARTESIAN_POINT ( 'NONE',  ( 124.5847737568011127, 12.65380250386861505, 20.25632042413646872 ) ) ;
#5370 = EDGE_LOOP ( 'NONE', ( #2679, #2123, #5859, #4105, #7028, #4904 ) ) ;
#5371 = CARTESIAN_POINT ( 'NONE',  ( 266.0595251215502799, 6.760359091715089086, 127.9100000000000819 ) ) ;
#5372 = CARTESIAN_POINT ( 'NONE',  ( 362.7454707554732636, 2.920306041589550095, 371.2300000000000182 ) ) ;
#5373 = CARTESIAN_POINT ( 'NONE',  ( 275.6665944856320039, 5.696813484628949986, 6.500052664607004260 ) ) ;
#5374 = CARTESIAN_POINT ( 'NONE',  ( 263.6823539078384329, 5.690319302607640850, 210.3642128905146080 ) ) ;
#5375 = ADVANCED_FACE ( 'NONE', ( #3032 ), #886, .F. ) ;
#5376 = CARTESIAN_POINT ( 'NONE',  ( 281.2492253823989472, 3.909708467231170825, 6.735544978192519849 ) ) ;
#5377 = CARTESIAN_POINT ( 'NONE',  ( 282.5580019686416904, 0.4147628157761999446, 7.810366517690608745 ) ) ;
#5378 = ORIENTED_EDGE ( 'NONE', *, *, #173, .T. ) ;
#5379 = CARTESIAN_POINT ( 'NONE',  ( 279.8869211304516398, 4.145924585660987205, 7.580844422617055933 ) ) ;
#5380 = CARTESIAN_POINT ( 'NONE',  ( 37.58974875586939390, 7.452074819535506656, 6.000000000000006217 ) ) ;
#5381 = ORIENTED_EDGE ( 'NONE', *, *, #4374, .T. ) ;
#5382 = CARTESIAN_POINT ( 'NONE',  ( 251.3146178433204341, 7.539575032796515863, 6.498706303537678863 ) ) ;
#5383 = PRODUCT_DEFINITION_SHAPE ( 'NONE', 'NONE',  #1463 ) ;
#5384 = CARTESIAN_POINT ( 'NONE',  ( 128.1118738472020482, 12.92478775622404008, 14.26159174027856302 ) ) ;
#5385 = CARTESIAN_POINT ( 'NONE',  ( 212.5718631804035965, 8.314820009509386267, 128.6466000804038572 ) ) ;
#5386 = EDGE_CURVE ( 'NONE', #514, #4647, #5811, .T. ) ;
#5387 = CARTESIAN_POINT ( 'NONE',  ( 145.3041540920082468, 11.35489842754218692, 22.25268033565293280 ) ) ;
#5388 = CARTESIAN_POINT ( 'NONE',  ( 365.8950534347596317, -0.01012705666635050662, 240.5315211587320903 ) ) ;
#5389 = VERTEX_POINT ( 'NONE', #2061 ) ;
#5390 = DIRECTION ( 'NONE',  ( 0.000000000000000000, 0.000000000000000000, -1.000000000000000000 ) ) ;
#5391 = EDGE_CURVE ( 'NONE', #6230, #763, #289, .T. ) ;
#5392 = CARTESIAN_POINT ( 'NONE',  ( 157.2398698342509817, 12.31389797090102967, 6.790802743705552480 ) ) ;
#5393 = CARTESIAN_POINT ( 'NONE',  ( 310.7914319044102740, 1.788965701707974310, 371.7300000000000182 ) ) ;
#5394 = CARTESIAN_POINT ( 'NONE',  ( 258.0983951363443794, 5.340480187218990871, 233.8199999999999932 ) ) ;
#5395 = CARTESIAN_POINT ( 'NONE',  ( 190.5079899780347432, 9.164277103242344680, 128.2433333333333110 ) ) ;
#5396 = CARTESIAN_POINT ( 'NONE',  ( 392.6354735876445261, 2.993240400794408451, 371.2299999999999613 ) ) ;
#5397 = CARTESIAN_POINT ( 'NONE',  ( 129.3875524544826021, 13.96611382486826436, 6.498754705311728941 ) ) ;
#5398 = CARTESIAN_POINT ( 'NONE',  ( 195.6424520110185767, 11.89915083819263053, 127.9099999999999966 ) ) ;
#5399 = CARTESIAN_POINT ( 'NONE',  ( 338.8874082621094885, 2.247130799920715294, 339.5287754090811063 ) ) ;
#5400 = CARTESIAN_POINT ( 'NONE',  ( 143.2461563687082275, 12.62205774782728973, 21.53223423066147646 ) ) ;
#5401 = CARTESIAN_POINT ( 'NONE',  ( 138.6030632087221761, 11.18259464170950324, 22.48886374000214161 ) ) ;
#5402 = CARTESIAN_POINT ( 'NONE',  ( 383.9754500764348677, 1.549334869788058899, 371.7300000000000182 ) ) ;
#5403 = CARTESIAN_POINT ( 'NONE',  ( 285.4728668803867890, 3.892602515703040389, 23.25000000000010658 ) ) ;
#5404 = CARTESIAN_POINT ( 'NONE',  ( 276.4858640000944661, 5.097856500175095285, 6.625918187493268441 ) ) ;
#5405 = FACE_OUTER_BOUND ( 'NONE', #727, .T. ) ;
#5406 = CARTESIAN_POINT ( 'NONE',  ( 263.3759731210270161, 8.083853833194812211, 5.999999999999991118 ) ) ;
#5407 = CARTESIAN_POINT ( 'NONE',  ( 365.7450424750767297, 0.09190171151421908102, 261.4099999999995134 ) ) ;
#5408 = CARTESIAN_POINT ( 'NONE',  ( 345.6428801008774485, 3.481058197730737991, 341.6200049935409311 ) ) ;
#5409 = ORIENTED_EDGE ( 'NONE', *, *, #5243, .F. ) ;
#5410 = CARTESIAN_POINT ( 'NONE',  ( 233.0848547859103235, 7.824678311231127559, 7.507411263308151561 ) ) ;
#5411 = CARTESIAN_POINT ( 'NONE',  ( 313.6481856492390534, 0.3807083601882078061, 371.7299999999997908 ) ) ;
#5412 = ADVANCED_FACE ( 'NONE', ( #359 ), #2469, .F. ) ;
#5413 = VERTEX_POINT ( 'NONE', #211 ) ;
#5414 = CARTESIAN_POINT ( 'NONE',  ( 244.3053287344640694, 7.308383746221341681, 6.886726437186228900 ) ) ;
#5415 = CARTESIAN_POINT ( 'NONE',  ( 127.7814944649298070, 12.89267996832339058, 15.35254741452115290 ) ) ;
#5416 = CARTESIAN_POINT ( 'NONE',  ( 323.4976338240069254, 3.841865666596248285, 323.6463420019460386 ) ) ;
#5417 = CARTESIAN_POINT ( 'NONE',  ( 159.9822535434680049, 13.96459019058991124, 6.488573916415145248 ) ) ;
#5418 = CARTESIAN_POINT ( 'NONE',  ( 284.6157706032348642, -0.02810963179371860077, 7.561247059878364318 ) ) ;
#5419 = VERTEX_POINT ( 'NONE', #3070 ) ;
#5420 = CARTESIAN_POINT ( 'NONE',  ( 343.7694394289308661, 3.554154904481645172, 341.6216727122521206 ) ) ;
#5421 = ORIENTED_EDGE ( 'NONE', *, *, #4357, .T. ) ;
#5422 = CARTESIAN_POINT ( 'NONE',  ( 347.2763083333449572, 3.416510063671657438, 340.4405479370389571 ) ) ;
#5423 = CARTESIAN_POINT ( 'NONE',  ( 160.7549630024423664, 12.71126468844186164, 6.498714010115014261 ) ) ;
#5424 = CARTESIAN_POINT ( 'NONE',  ( 286.8588144323028928, 0.005373435917957286763, 20.93366385712269917 ) ) ;
#5425 = AXIS2_PLACEMENT_3D ( 'NONE', #7174, #2057, #3657 ) ;
#5426 = CARTESIAN_POINT ( 'NONE',  ( 340.8356555828801788, 2.173425192868722711, 339.7299999999999613 ) ) ;
#5427 = DIRECTION ( 'NONE',  ( -0.000000000000000000, 1.000000000000000000, -0.000000000000000000 ) ) ;
#5428 = ADVANCED_FACE ( 'NONE', ( #4339 ), #1076, .T. ) ;
#5429 = CARTESIAN_POINT ( 'NONE',  ( 406.4318489970961537, 1.806371413595142084, 371.2299999999997908 ) ) ;
#5430 = CARTESIAN_POINT ( 'NONE',  ( 125.8955541320080016, 13.50638368419720159, 6.690557208966973590 ) ) ;
#5431 = CARTESIAN_POINT ( 'NONE',  ( 175.4466605779133488, 11.30174384667069276, 127.9099999999999966 ) ) ;
#5432 = DIRECTION ( 'NONE',  ( 0.000000000000000000, -1.000000000000000000, 0.000000000000000000 ) ) ;
#5433 = CARTESIAN_POINT ( 'NONE',  ( 144.9519578336131076, 12.57777225548993805, 21.52982231888982412 ) ) ;
#5434 = CARTESIAN_POINT ( 'NONE',  ( 326.6022382396956232, 4.628528648343786855, 339.7758785026469468 ) ) ;
#5435 = VERTEX_POINT ( 'NONE', #1997 ) ;
#5436 = CARTESIAN_POINT ( 'NONE',  ( 227.0153769496636755, 8.170911020807960057, 6.000000000000003553 ) ) ;
#5437 = B_SPLINE_CURVE_WITH_KNOTS ( 'NONE', 3,
 ( #3053, #4150, #196, #6356 ),
 .UNSPECIFIED., .F., .F.,
 ( 4, 4 ),
 ( 0.000000000000000000, 1.000000000000000000 ),
 .UNSPECIFIED. ) ;
#5438 = CARTESIAN_POINT ( 'NONE',  ( 312.7191829812030619, 4.951284803651969213, 285.9935407827920244 ) ) ;
#5439 = CARTESIAN_POINT ( 'NONE',  ( 285.8429484043655293, 3.779842572286978175, 23.24999999999945999 ) ) ;
#5440 = CARTESIAN_POINT ( 'NONE',  ( 275.1642902305968619, 5.118463841185707963, 6.702814868244429292 ) ) ;
#5441 = CARTESIAN_POINT ( 'NONE',  ( 362.3961344078355751, 2.933831979197378370, 371.2299999407358087 ) ) ;
#5442 = CARTESIAN_POINT ( 'NONE',  ( 160.3759731210269877, 12.85650579990717013, 6.132143233183449560 ) ) ;
#5443 = AXIS2_PLACEMENT_3D ( 'NONE', #1741, #5128, #4004 ) ;
#5444 = CARTESIAN_POINT ( 'NONE',  ( 281.2665263101974347, 3.508633716228788391, 7.361816400445829522 ) ) ;
#5445 = CARTESIAN_POINT ( 'NONE',  ( 283.5135446283849205, 0.3854505166442853681, 6.500000000000013323 ) ) ;
#5446 = ORIENTED_EDGE ( 'NONE', *, *, #1712, .T. ) ;
#5447 = CARTESIAN_POINT ( 'NONE',  ( 329.5773642764501687, 2.604430118519990511, 339.7181223031303148 ) ) ;
#5448 = DIRECTION ( 'NONE',  ( -0.3122302065195211029, 0.009105503349516525999, -0.9499628350338391591 ) ) ;
#5449 = VERTEX_POINT ( 'NONE', #1476 ) ;
#5450 = CIRCLE ( 'NONE', #4610, 0.6634653046645055952 ) ;
#5451 = CARTESIAN_POINT ( 'NONE',  ( 260.0031222270466742, 6.587893560783688152, 6.697328538292211420 ) ) ;
#5452 = EDGE_LOOP ( 'NONE', ( #707, #2481, #1314, #5421 ) ) ;
#5453 = CARTESIAN_POINT ( 'NONE',  ( 127.5986193826348369, 12.97115949637401755, 12.57373118683118385 ) ) ;
#5454 = CARTESIAN_POINT ( 'NONE',  ( 257.8748944881292573, 7.299198639756700580, 6.500000000000002665 ) ) ;
#5455 = EDGE_CURVE ( 'NONE', #578, #4202, #327, .T. ) ;
#5456 = EDGE_CURVE ( 'NONE', #3514, #6962, #4739, .T. ) ;
#5457 = VECTOR ( 'NONE', #4356, 1000.000000000000000 ) ;
#5458 = CARTESIAN_POINT ( 'NONE',  ( 317.9145023623012207, -0.02074247230630678340, 103.0051842843229082 ) ) ;
#5459 = CARTESIAN_POINT ( 'NONE',  ( 321.0053136361387942, 2.065141853568181141, 127.9100000000001387 ) ) ;
#5460 = VERTEX_POINT ( 'NONE', #87 ) ;
#5461 = CARTESIAN_POINT ( 'NONE',  ( 347.2229160676659490, 3.420614184693702153, 338.1167074670375428 ) ) ;
#5462 = CARTESIAN_POINT ( 'NONE',  ( 199.0848657584923558, 10.80824958801250268, 6.500051491454485131 ) ) ;
#5463 = CARTESIAN_POINT ( 'NONE',  ( 130.3759731210350310, 14.08336458989512252, 6.500000000013977264 ) ) ;
#5464 = CARTESIAN_POINT ( 'NONE',  ( 124.2491739519438738, 11.05299966218785457, 22.00000000000000000 ) ) ;
#5465 = EDGE_CURVE ( 'NONE', #7195, #1168, #5804, .T. ) ;
#5466 = ORIENTED_EDGE ( 'NONE', *, *, #6574, .F. ) ;
#5467 = DIRECTION ( 'NONE',  ( 0.000000000000000000, -0.0003598203108569754762, -0.9999999352646697925 ) ) ;
#5468 = CARTESIAN_POINT ( 'NONE',  ( 260.3759731210269024, 8.261859434969785809, 6.333333284651438966 ) ) ;
#5469 = B_SPLINE_CURVE_WITH_KNOTS ( 'NONE', 3,
 ( #1931, #4200, #1411, #4864, #2542, #854, #1376, #6590 ),
 .UNSPECIFIED., .F., .F.,
 ( 4, 2, 2, 4 ),
 ( 3.469446951953614189E-18, 0.0005453226168224601820, 0.0008179839252337079997, 0.001090645233644955709 ),
 .UNSPECIFIED. ) ;
#5470 = CARTESIAN_POINT ( 'NONE',  ( 134.6205078933158461, 13.89083785268283400, 6.498743457408118651 ) ) ;
#5471 = CARTESIAN_POINT ( 'NONE',  ( 323.9725595707120078, 4.194103076303846045, 371.7299999999999045 ) ) ;
#5472 = CARTESIAN_POINT ( 'NONE',  ( 160.1935708660579394, 13.95378781454776629, 6.402668155713967302 ) ) ;
#5473 = CARTESIAN_POINT ( 'NONE',  ( 119.0379352055661712, 13.68346166027405886, 11.38534857738032180 ) ) ;
#5474 = CARTESIAN_POINT ( 'NONE',  ( 131.3134575950226690, 12.76536270774027138, 20.23344119520152873 ) ) ;
#5475 = EDGE_CURVE ( 'NONE', #2968, #4005, #4645, .T. ) ;
#5476 = CARTESIAN_POINT ( 'NONE',  ( 127.8599593193211490, 13.74500537561414681, 12.99433134868792905 ) ) ;
#5477 = ORIENTED_EDGE ( 'NONE', *, *, #3915, .F. ) ;
#5478 = CARTESIAN_POINT ( 'NONE',  ( 326.1489064757116125, 4.105254358151953831, 249.8200000000000784 ) ) ;
#5479 = CARTESIAN_POINT ( 'NONE',  ( 333.7895015357363491, 3.847470023062580236, 338.9398560796884112 ) ) ;
#5480 = CARTESIAN_POINT ( 'NONE',  ( 367.8759276615073190, 2.717219650583731827, 371.2299884824826108 ) ) ;
#5481 = EDGE_CURVE ( 'NONE', #4408, #3639, #3482, .T. ) ;
#5482 = CARTESIAN_POINT ( 'NONE',  ( 387.4407766820682468, 3.388224016970337704, 371.2546502312887355 ) ) ;
#5483 = CARTESIAN_POINT ( 'NONE',  ( 276.8808693316125868, 4.563638650582820588, 7.518019162991706139 ) ) ;
#5484 = CARTESIAN_POINT ( 'NONE',  ( 363.7455844934132188, 2.881449006174271243, 371.2299999407358087 ) ) ;
#5485 = CARTESIAN_POINT ( 'NONE',  ( 281.8801921095138141, 4.157682402341055017, 6.498457384287091188 ) ) ;
#5486 = ORIENTED_EDGE ( 'NONE', *, *, #2585, .T. ) ;
#5487 = CARTESIAN_POINT ( 'NONE',  ( 280.6918218014975537, 3.846636521899918559, 7.636344973040814388 ) ) ;
#5488 = CARTESIAN_POINT ( 'NONE',  ( 29.52639354123720850, 5.566338328828003057, 6.000000000000000000 ) ) ;
#5489 = VERTEX_POINT ( 'NONE', #1551 ) ;
#5490 = CARTESIAN_POINT ( 'NONE',  ( 261.7256592884345991, 6.228739048058496763, 6.996595203890032977 ) ) ;
#5491 = CARTESIAN_POINT ( 'NONE',  ( 188.2489476209918848, 10.48077823395184183, 127.9100000000001387 ) ) ;
#5492 = B_SPLINE_CURVE_WITH_KNOTS ( 'NONE', 3,
 ( #3886, #2137, #3320, #5614, #1589, #6055, #7331, #6764 ),
 .UNSPECIFIED., .F., .F.,
 ( 4, 2, 2, 4 ),
 ( 6.938893903907228378E-18, 0.1874833305582398746, 0.2812249958373598813, 0.3749666611164799157 ),
 .UNSPECIFIED. ) ;
#5493 = CARTESIAN_POINT ( 'NONE',  ( 167.8774334660644740, 12.47795991399484627, 6.499999999999968914 ) ) ;
#5494 = CARTESIAN_POINT ( 'NONE',  ( 350.4727333984980078, -0.01353915381162889946, 196.3266271803717586 ) ) ;
#5495 = B_SPLINE_CURVE_WITH_KNOTS ( 'NONE', 3,
 ( #2336, #178, #4727, #4131 ),
 .UNSPECIFIED., .F., .F.,
 ( 4, 4 ),
 ( 0.000000000000000000, 1.000000000000000000 ),
 .UNSPECIFIED. ) ;
#5496 = EDGE_LOOP ( 'NONE', ( #5092, #6732, #1933, #1186 ) ) ;
#5497 = CARTESIAN_POINT ( 'NONE',  ( 337.9586659315430666, 3.756417538841870574, 341.6279846538534457 ) ) ;
#5498 = ORIENTED_EDGE ( 'NONE', *, *, #3676, .F. ) ;
#5499 = CARTESIAN_POINT ( 'NONE',  ( 346.4892270382680408, 3.325001347327404044, 371.2300000000000182 ) ) ;
#5500 = CARTESIAN_POINT ( 'NONE',  ( 185.0952023475788053, 10.56953354026264158, 7.505352595361506118 ) ) ;
#5501 = CARTESIAN_POINT ( 'NONE',  ( 345.6155279736330499, 2.214676280843181466, 339.1504497196954162 ) ) ;
#5502 = CARTESIAN_POINT ( 'NONE',  ( 283.5246710876289171, 0.4140905957965370643, 6.499999999999992895 ) ) ;
#5503 = ORIENTED_EDGE ( 'NONE', *, *, #742, .F. ) ;
#5504 = DIRECTION ( 'NONE',  ( -2.856580399953362705E-13, -0.9999999352646697925, 0.0003598203108568317652 ) ) ;
#5505 = CARTESIAN_POINT ( 'NONE',  ( 326.0820357424129270, 3.965190561223391086, 338.9531037367864315 ) ) ;
#5506 = EDGE_CURVE ( 'NONE', #3405, #3586, #6523, .T. ) ;
#5507 = CARTESIAN_POINT ( 'NONE',  ( 233.8542001743884384, 7.778744641227484991, 7.507603443528926945 ) ) ;
#5508 = CARTESIAN_POINT ( 'NONE',  ( 138.0851349209820285, 13.05475423270021729, 6.987856789836621729 ) ) ;
#5509 = CARTESIAN_POINT ( 'NONE',  ( 59.05121490121895533, 12.82274397072605510, 6.000000000000000888 ) ) ;
#5510 = CARTESIAN_POINT ( 'NONE',  ( 285.4496940239629907, 3.378626143427785777, 20.79998197656916759 ) ) ;
#5511 = CARTESIAN_POINT ( 'NONE',  ( 355.3160999722670113, 5.054472470830433828, 371.2300000000003024 ) ) ;
#5512 = LINE ( 'NONE', #4489, #1289 ) ;
#5513 = ORIENTED_EDGE ( 'NONE', *, *, #4141, .T. ) ;
#5514 = CARTESIAN_POINT ( 'NONE',  ( 264.0452059602807822, 5.947040638308053850, 6.000000000000015099 ) ) ;
#5515 = CARTESIAN_POINT ( 'NONE',  ( 115.4553100611841643, 13.10781217246320729, 6.964703721294728034 ) ) ;
#5516 = CARTESIAN_POINT ( 'NONE',  ( 352.8559372227639415, 3.808338361186320409, 371.4111892532104093 ) ) ;
#5517 = CARTESIAN_POINT ( 'NONE',  ( 276.9145777440794518, 4.945993840947553011, 6.701062890048528509 ) ) ;
#5518 = CARTESIAN_POINT ( 'NONE',  ( 140.9722718047393641, 12.31605165081643705, 23.88002776999716659 ) ) ;
#5519 = CARTESIAN_POINT ( 'NONE',  ( 281.3877428285658198, 3.722080733502809213, 6.844779160332426393 ) ) ;
#5520 = CARTESIAN_POINT ( 'NONE',  ( 285.2357229715550488, 3.623663238922508967, 20.95113839780756138 ) ) ;
#5521 = CARTESIAN_POINT ( 'NONE',  ( 317.0375965244525105, 1.046313950909097512, 371.7299999999999613 ) ) ;
#5522 = CARTESIAN_POINT ( 'NONE',  ( 310.8882770680219210, 6.025631219967501728, 127.9099999999999966 ) ) ;
#5523 = CARTESIAN_POINT ( 'NONE',  ( 261.7599578544554220, 6.847424465259376092, 6.523924533329734210 ) ) ;
#5524 = CARTESIAN_POINT ( 'NONE',  ( 127.8589886499872392, 12.95964461694676828, 12.99249647212418424 ) ) ;
#5525 = CARTESIAN_POINT ( 'NONE',  ( 239.8799370337220012, 8.405861911814023202, 6.500000000000021316 ) ) ;
#5526 = FACE_OUTER_BOUND ( 'NONE', #3447, .T. ) ;
#5527 = CARTESIAN_POINT ( 'NONE',  ( 311.0601380097413085, -0.02225896156573539675, 83.35856470070551438 ) ) ;
#5528 = ORIENTED_EDGE ( 'NONE', *, *, #5781, .T. ) ;
#5529 = CARTESIAN_POINT ( 'NONE',  ( 321.4699078166312347, 1.438847733435430820, 127.9099999999997692 ) ) ;
#5530 = ORIENTED_EDGE ( 'NONE', *, *, #4914, .F. ) ;
#5531 = CARTESIAN_POINT ( 'NONE',  ( 346.4248835085064684, 3.450415743439934957, 341.2947327596215246 ) ) ;
#5532 = CARTESIAN_POINT ( 'NONE',  ( 178.1287783353502334, 10.94075683951353994, 7.372454544858666914 ) ) ;
#5533 = CARTESIAN_POINT ( 'NONE',  ( 286.2976172093863738, 0.005997209624192560359, 22.66723377208773371 ) ) ;
#5534 = CARTESIAN_POINT ( 'NONE',  ( 163.7253066880399786, 12.68668136500781607, 5.999999999999988454 ) ) ;
#5535 = EDGE_LOOP ( 'NONE', ( #5601, #4804, #7157, #1581 ) ) ;
#5536 = CARTESIAN_POINT ( 'NONE',  ( 263.8759723313270911, 6.972970163999347548, 6.500000078554365679 ) ) ;
#5537 = CARTESIAN_POINT ( 'NONE',  ( 160.3759731210269877, 12.85650579990716835, 5.999999999999991118 ) ) ;
#5538 = AXIS2_PLACEMENT_3D ( 'NONE', #1654, #2746, #6614 ) ;
#5539 = CARTESIAN_POINT ( 'NONE',  ( 138.1112799223034528, 13.93324741964238100, 6.500050489390892139 ) ) ;
#5540 = CARTESIAN_POINT ( 'NONE',  ( 334.5945463191447971, 5.049693218446608789, 371.7299999999999613 ) ) ;
#5541 = CARTESIAN_POINT ( 'NONE',  ( 286.7652861818052656, 0.3434279295527347675, 20.62889566773335304 ) ) ;
#5542 = CARTESIAN_POINT ( 'NONE',  ( 126.4045533044214693, 12.53233419072210353, 23.13456245308336889 ) ) ;
#5543 = EDGE_CURVE ( 'NONE', #6530, #2375, #5198, .T. ) ;
#5544 = B_SPLINE_CURVE_WITH_KNOTS ( 'NONE', 3,
 ( #2186, #4466, #4428, #3868 ),
 .UNSPECIFIED., .F., .F.,
 ( 4, 4 ),
 ( 0.000000000000000000, 1.000000000000000000 ),
 .UNSPECIFIED. ) ;
#5545 = CARTESIAN_POINT ( 'NONE',  ( 284.6370515820565288, 2.785969386527113123, 23.01190836174784593 ) ) ;
#5546 = ORIENTED_EDGE ( 'NONE', *, *, #2628, .F. ) ;
#5547 = CARTESIAN_POINT ( 'NONE',  ( 272.2381827652882862, 5.037519978506773022, 6.000000000000004441 ) ) ;
#5548 = CARTESIAN_POINT ( 'NONE',  ( 385.3006278805122520, 1.469196307046200856, 371.1364914417830505 ) ) ;
#5549 = CARTESIAN_POINT ( 'NONE',  ( 327.3284446456989940, 3.952482950351340563, 338.9461196680495050 ) ) ;
#5550 = CARTESIAN_POINT ( 'NONE',  ( 350.7003619599609010, 3.089480751294607419, 371.0267735193031626 ) ) ;
#5551 = CARTESIAN_POINT ( 'NONE',  ( 277.3205310259024259, 4.596157150761507992, 7.127823831215910566 ) ) ;
#5552 = CARTESIAN_POINT ( 'NONE',  ( 367.3976203908534330, -2.769193805987061108, 249.8200000000000216 ) ) ;
#5553 = CARTESIAN_POINT ( 'NONE',  ( 281.9904049707056970, 3.488674324490193435, 6.735628966140008167 ) ) ;
#5554 = CARTESIAN_POINT ( 'NONE',  ( 366.1134849627572407, 4.672324514142151664, 371.2300000000000750 ) ) ;
#5555 = CARTESIAN_POINT ( 'NONE',  ( 334.1651613509034178, 2.938598115406630296, 371.7300000000001319 ) ) ;
#5556 = CARTESIAN_POINT ( 'NONE',  ( 406.6182242695897457, 1.798724485392491079, 371.7299999999999045 ) ) ;
#5557 = CARTESIAN_POINT ( 'NONE',  ( 261.7401797340858707, 6.490662184151428704, 6.698000953079684905 ) ) ;
#5558 = CARTESIAN_POINT ( 'NONE',  ( 126.2624500200001165, 12.84310080591543368, 16.51935814139179115 ) ) ;
#5559 = AXIS2_PLACEMENT_3D ( 'NONE', #6248, #2328, #3553 ) ;
#5560 = CARTESIAN_POINT ( 'NONE',  ( 332.5766904567812503, -0.1293528491035852990, 173.2500584874545950 ) ) ;
#5561 = EDGE_CURVE ( 'NONE', #6540, #2670, #6435, .T. ) ;
#5562 = CARTESIAN_POINT ( 'NONE',  ( 345.2219211209415448, 3.497482905251566798, 341.6203797297854408 ) ) ;
#5563 = ORIENTED_EDGE ( 'NONE', *, *, #6818, .F. ) ;
#5564 = AXIS2_PLACEMENT_3D ( 'NONE', #6189, #2773, #492 ) ;
#5565 = CARTESIAN_POINT ( 'NONE',  ( 332.6762928858308896, 3.733571940624100804, 338.8487138180352076 ) ) ;
#5566 = ORIENTED_EDGE ( 'NONE', *, *, #6484, .F. ) ;
#5567 = CARTESIAN_POINT ( 'NONE',  ( 171.1778260173240938, 11.60367768650103493, 6.790587742347636180 ) ) ;
#5568 = DIRECTION ( 'NONE',  ( -2.856580399953362200E-13, -0.9999999352646697925, 0.0003598203108568317110 ) ) ;
#5569 = VECTOR ( 'NONE', #3303, 1000.000000000000000 ) ;
#5570 = CARTESIAN_POINT ( 'NONE',  ( 160.3759731210269877, 12.85650579990716835, 6.500000024331238357 ) ) ;
#5571 = ORIENTED_EDGE ( 'NONE', *, *, #4057, .T. ) ;
#5572 = CARTESIAN_POINT ( 'NONE',  ( 257.4638489943065451, 6.342865121864480926, 233.4866666666661956 ) ) ;
#5573 = CARTESIAN_POINT ( 'NONE',  ( 332.6859703102679191, 2.425235922897492902, 339.5273244178598588 ) ) ;
#5574 = CARTESIAN_POINT ( 'NONE',  ( 233.8841501186661560, 8.277833828379963066, 6.623906337533213673 ) ) ;
#5575 = CARTESIAN_POINT ( 'NONE',  ( 138.0929362623223255, 13.31684659734824372, 6.694296315713630818 ) ) ;
#5576 = CARTESIAN_POINT ( 'NONE',  ( 337.0831793498868478, 5.131749016921532736, 371.7299999999999613 ) ) ;
#5577 = CARTESIAN_POINT ( 'NONE',  ( 119.6626363359131204, 13.69201301492469192, 11.60000000000060005 ) ) ;
#5578 = CARTESIAN_POINT ( 'NONE',  ( 260.3759731210270161, 7.175950877862851129, 5.999999999999991118 ) ) ;
#5579 = CARTESIAN_POINT ( 'NONE',  ( 342.0704165867674078, 2.265207214967902782, 339.7192884543090372 ) ) ;
#5580 = DIRECTION ( 'NONE',  ( 0.000000000000000000, 1.000000000000000000, 0.000000000000000000 ) ) ;
#5581 = VERTEX_POINT ( 'NONE', #614 ) ;
#5582 = CARTESIAN_POINT ( 'NONE',  ( 357.0775925298776201, 1.882930930285778404, 249.8200000000000500 ) ) ;
#5583 = CARTESIAN_POINT ( 'NONE',  ( 380.9476473734047772, 1.819522942130483933, 371.1729365224881008 ) ) ;
#5584 = CARTESIAN_POINT ( 'NONE',  ( 332.4990981905407352, 3.877056210988475637, 338.9406742892744546 ) ) ;
#5585 = CARTESIAN_POINT ( 'NONE',  ( 284.0783156859075120, 1.988273635892157998, 23.24999999999999289 ) ) ;
#5586 = CARTESIAN_POINT ( 'NONE',  ( 276.8871767203122545, 4.635181382440101139, 7.127463520466203128 ) ) ;
#5587 = CARTESIAN_POINT ( 'NONE',  ( 284.0711325663847902, -0.5178157454754994671, 6.000000000000000000 ) ) ;
#5588 = MANIFOLD_SOLID_BREP ( 'Congé59', #4954 ) ;
#5589 = CARTESIAN_POINT ( 'NONE',  ( 280.8843395875834972, 3.725701319970061487, 7.361680753429864943 ) ) ;
#5590 = CARTESIAN_POINT ( 'NONE',  ( 141.6977130931165050, 11.14988549287927100, 22.15336182386100461 ) ) ;
#5591 = CARTESIAN_POINT ( 'NONE',  ( 245.7832609991844777, 5.732468035500247083, 249.8200000000000500 ) ) ;
#5592 = CARTESIAN_POINT ( 'NONE',  ( 264.1014447408970227, 8.038273658366321683, 5.999999999999985789 ) ) ;
#5593 = EDGE_CURVE ( 'NONE', #4866, #6111, #7313, .T. ) ;
#5594 = CARTESIAN_POINT ( 'NONE',  ( 254.7540475591819700, 6.532950449204886212, 7.118851076570961389 ) ) ;
#5595 = CARTESIAN_POINT ( 'NONE',  ( 141.7163819922767800, 11.45117471210400595, 22.03843748558416138 ) ) ;
#5596 = CARTESIAN_POINT ( 'NONE',  ( 118.8174050728990636, 12.89993356160438864, 11.13440070361514778 ) ) ;
#5597 = CARTESIAN_POINT ( 'NONE',  ( 280.8816241044977460, 3.741651992056993947, 7.652181504754302033 ) ) ;
#5598 = LINE ( 'NONE', #460, #1729 ) ;
#5599 = ORIENTED_EDGE ( 'NONE', *, *, #182, .F. ) ;
#5600 = PLANE ( 'NONE',  #6027 ) ;
#5601 = ORIENTED_EDGE ( 'NONE', *, *, #4141, .F. ) ;
#5602 = CARTESIAN_POINT ( 'NONE',  ( 347.2229160676664037, 3.420614184693687942, 338.1167074670387933 ) ) ;
#5603 =( BOUNDED_SURFACE ( )  B_SPLINE_SURFACE ( 3, 2, ( 
 ( #4127, #5433, #2029 ),
 ( #362, #5400, #2651 ),
 ( #1514, #4236, #3176 ),
 ( #3071, #1477, #7109 ),
 ( #4308, #5367, #2616 ),
 ( #4942, #249, #3775 ),
 ( #5474, #6483, #2508 ),
 ( #1998, #7181, #4899 ),
 ( #5912, #2063, #6020 ),
 ( #6056, #962, #4790 ) ),
 .UNSPECIFIED., .F., .F., .T. ) 
 B_SPLINE_SURFACE_WITH_KNOTS ( ( 4, 2, 2, 2, 4 ),
 ( 3, 3 ),
 ( -2.775557561562891351E-17, 0.005094199406937097510, 0.01018839881387422278, 0.01528259822081134804, 0.02037679762774847331 ),
 ( 0.000000000000000000, 1.000000000000000000 ),
 .UNSPECIFIED. ) 
 GEOMETRIC_REPRESENTATION_ITEM ( )  RATIONAL_B_SPLINE_SURFACE ( (
 ( 1.000000000000000000, 0.8360187165951442623, 1.000000000000000000),
 ( 1.000000000000000000, 0.8361321674631492229, 1.000000000000000000),
 ( 1.000000000000000000, 0.8364887051838395537, 1.000000000000000000),
 ( 1.000000000000000000, 0.8369207353343456335, 1.000000000000000000),
 ( 1.000000000000000000, 0.8365758142555455024, 1.000000000000000000),
 ( 1.000000000000000000, 0.8357984521421075730, 1.000000000000000000),
 ( 1.000000000000000000, 0.8353596624705985629, 1.000000000000000000),
 ( 1.000000000000000000, 0.8353228237948724377, 1.000000000000000000),
 ( 1.000000000000000000, 0.8357405219316238476, 1.000000000000000000),
 ( 1.000000000000000000, 0.8360764209361800647, 1.000000000000000000) ) ) 
 REPRESENTATION_ITEM ( '' )  SURFACE ( )  );
#5604 = CARTESIAN_POINT ( 'NONE',  ( 202.5284543197822984, 9.900093916352123102, 6.791410417041450209 ) ) ;
#5605 = CARTESIAN_POINT ( 'NONE',  ( 338.6533694791505127, 4.445704660117489659, 348.5041694383596678 ) ) ;
#5606 = CARTESIAN_POINT ( 'NONE',  ( 282.8136043917388633, 2.872210524561145117, 6.499999999999979572 ) ) ;
#5607 = ORIENTED_EDGE ( 'NONE', *, *, #4828, .T. ) ;
#5608 = CARTESIAN_POINT ( 'NONE',  ( 123.7314685747188179, 12.79164343151843219, 16.64915280471994308 ) ) ;
#5609 = EDGE_CURVE ( 'NONE', #3813, #5435, #655, .T. ) ;
#5610 = DIRECTION ( 'NONE',  ( 2.775557561562889836E-13, 1.000000000000000000, 0.000000000000000000 ) ) ;
#5611 = CARTESIAN_POINT ( 'NONE',  ( 237.3969197647772660, 8.572834121032840926, 6.500051710595642795 ) ) ;
#5612 = CARTESIAN_POINT ( 'NONE',  ( 136.3545192231077010, 13.47325044154689166, 6.620850503195244485 ) ) ;
#5613 = CARTESIAN_POINT ( 'NONE',  ( 122.6182912740184463, 5.593606520654747172, 127.9099999999999966 ) ) ;
#5614 = CARTESIAN_POINT ( 'NONE',  ( 262.1532250191500566, 6.058295308715007543, 207.0804246907431434 ) ) ;
#5615 = CARTESIAN_POINT ( 'NONE',  ( 398.6121402959321358, 0.6078896450160979903, 371.2300000000000182 ) ) ;
#5616 = CARTESIAN_POINT ( 'NONE',  ( 333.0148675227283661, 4.336401420482554059, 339.3764766432041142 ) ) ;
#5617 = CARTESIAN_POINT ( 'NONE',  ( 284.9062853968448508, 3.164183633052278566, 22.66905551772624960 ) ) ;
#5618 = EDGE_LOOP ( 'NONE', ( #4442, #6667, #650, #7284 ) ) ;
#5619 = CARTESIAN_POINT ( 'NONE',  ( 277.3646026108190199, 4.494193367076195322, 5.999999999999996447 ) ) ;
#5620 = CARTESIAN_POINT ( 'NONE',  ( 372.2342038032415985, 2.427966501623511242, 371.2305512161555612 ) ) ;
#5621 = CARTESIAN_POINT ( 'NONE',  ( 390.7454693069067844, 3.139481527006156458, 371.7300000000000182 ) ) ;
#5622 = B_SPLINE_CURVE_WITH_KNOTS ( 'NONE', 3,
 ( #4017, #6302, #4622, #4538 ),
 .UNSPECIFIED., .F., .F.,
 ( 4, 4 ),
 ( 0.4159409589013977060, 0.4184520722844055074 ),
 .UNSPECIFIED. ) ;
#5623 = CARTESIAN_POINT ( 'NONE',  ( 229.2368078432908476, 8.767459858476879475, 153.9561608847808145 ) ) ;
#5624 = CARTESIAN_POINT ( 'NONE',  ( 278.5934107333902716, 4.511847721375153775, 7.011501967290144854 ) ) ;
#5625 = CARTESIAN_POINT ( 'NONE',  ( 410.4936938067411347, -1.372106189497178663, 371.7300000000000182 ) ) ;
#5626 = B_SPLINE_SURFACE_WITH_KNOTS ( 'NONE', 3, 3, ( 
 ( #5076, #2235, #3952, #2278 ),
 ( #6831, #2870, #5157, #4594 ),
 ( #1773, #2166, #2645, #4934 ),
 ( #7213, #3694, #4858, #6759 ),
 ( #542, #5203, #5119, #3428 ),
 ( #706, #3551, #1896, #1341 ),
 ( #1304, #3512, #5288, #2995 ),
 ( #6960, #4161, #169, #743 ),
 ( #6441, #2433, #1857, #3585 ),
 ( #4120, #5802, #7333, #3393 ),
 ( #5017, #1782, #2756, #6802 ),
 ( #2170, #2207, #5686, #3964 ),
 ( #6325, #1221, #7296, #3357 ),
 ( #6206, #585, #4449, #5167 ),
 ( #1739, #6730, #5722, #550 ),
 ( #1184, #2834, #6840, #4523 ) ),
 .UNSPECIFIED., .F., .F., .F.,
 ( 4, 1, 1, 1, 2, 1, 1, 1, 1, 1, 1, 1, 4 ),
 ( 4, 4 ),
 ( 0.000000000000000000, 0.1742611076653079460, 0.3485222153306158921, 0.5227833229959237826, 0.6970444306612317842, 0.7349138768285775614, 0.7727833229959237826, 0.8106527691632701149, 0.8485222153306157811, 0.8863916614979616693, 0.9242611076653078905, 0.9621305538326542228, 1.000000000000000000 ),
 ( 0.000000000000000000, 1.000000000000000000 ),
 .UNSPECIFIED. ) ;
#5627 = CARTESIAN_POINT ( 'NONE',  ( 280.8796632922106937, 3.717466954146177560, 7.509312791736660664 ) ) ;
#5628 = VERTEX_POINT ( 'NONE', #4220 ) ;
#5629 = CARTESIAN_POINT ( 'NONE',  ( 166.5898679414619039, 8.910883761503098910, 127.9100000000000534 ) ) ;
#5630 = CARTESIAN_POINT ( 'NONE',  ( 404.4619417222717175, 2.000346343169862262, 371.7300000000000182 ) ) ;
#5631 = CARTESIAN_POINT ( 'NONE',  ( 265.2569282445776935, 6.895919863776423853, 6.500052052244651435 ) ) ;
#5632 = CARTESIAN_POINT ( 'NONE',  ( 276.6668825009227817, 5.011939237004947145, 23.25000000000591527 ) ) ;
#5633 = CARTESIAN_POINT ( 'NONE',  ( 135.4664141992779776, 13.47770605146863865, 22.63438434331485993 ) ) ;
#5634 = FACE_OUTER_BOUND ( 'NONE', #6493, .T. ) ;
#5635 = CARTESIAN_POINT ( 'NONE',  ( 272.2544188837308639, 3.627553477942051519, 19.45008384583395156 ) ) ;
#5636 = ADVANCED_FACE ( 'NONE', ( #5831 ), #4354, .F. ) ;
#5637 = VERTEX_POINT ( 'NONE', #4674 ) ;
#5638 = CARTESIAN_POINT ( 'NONE',  ( 327.9246042578694187, 3.956831605278682495, 338.9516435035267818 ) ) ;
#5639 = ORIENTED_EDGE ( 'NONE', *, *, #5137, .F. ) ;
#5640 = FACE_OUTER_BOUND ( 'NONE', #1742, .T. ) ;
#5641 = CARTESIAN_POINT ( 'NONE',  ( 209.5197633550456260, 9.954239927937864607, 6.523957287556631179 ) ) ;
#5642 = CARTESIAN_POINT ( 'NONE',  ( 347.3726574792704582, 3.413936193416068132, 338.3829644273234862 ) ) ;
#5643 = VERTEX_POINT ( 'NONE', #5936 ) ;
#5644 = CARTESIAN_POINT ( 'NONE',  ( 123.9087742732422015, 12.79796849173080631, 16.60000000000057696 ) ) ;
#5645 = CARTESIAN_POINT ( 'NONE',  ( 333.9332198677789734, 4.814566496982701338, 340.3741863402094623 ) ) ;
#5646 = CARTESIAN_POINT ( 'NONE',  ( 230.4018861028264382, 8.483607315218284484, 6.623850285945525940 ) ) ;
#5647 = CARTESIAN_POINT ( 'NONE',  ( 146.7802756947105820, 12.64683729078664598, 7.116064148001353118 ) ) ;
#5648 = CARTESIAN_POINT ( 'NONE',  ( 317.5567505326541777, 3.258060436473865007, 371.7300000000001319 ) ) ;
#5649 = CARTESIAN_POINT ( 'NONE',  ( 280.5449277726117430, 4.495198088848830764, 21.20539474906418675 ) ) ;
#5650 = CARTESIAN_POINT ( 'NONE',  ( 135.7308096298350790, 12.64036624905055817, 23.14531457404541470 ) ) ;
#5651 = CARTESIAN_POINT ( 'NONE',  ( 276.6600116357468551, 6.653501957103006959, 6.499999999999995559 ) ) ;
#5652 = VERTEX_POINT ( 'NONE', #197 ) ;
#5653 = CARTESIAN_POINT ( 'NONE',  ( 355.9350217588929581, 2.005007433197436573, 249.8200000000000500 ) ) ;
#5654 = CARTESIAN_POINT ( 'NONE',  ( 122.4105922677376554, 13.25104234054158248, 6.975960528432310070 ) ) ;
#5655 = DIRECTION ( 'NONE',  ( 1.000000000000000000, 2.949029909160569536E-14, 0.000000000000000000 ) ) ;
#5656 = CARTESIAN_POINT ( 'NONE',  ( 280.3358723445731471, 4.778880324601186835, 6.526678602811332830 ) ) ;
#5657 = CARTESIAN_POINT ( 'NONE',  ( 369.1356568503068729, -0.2931298534405420431, 249.8199999999999932 ) ) ;
#5658 = AXIS2_PLACEMENT_3D ( 'NONE', #464, #4435, #4473 ) ;
#5659 = B_SPLINE_CURVE_WITH_KNOTS ( 'NONE', 3,
 ( #5866, #308, #6539, #6074, #909, #3684, #6648 ),
 .UNSPECIFIED., .F., .F.,
 ( 4, 3, 4 ),
 ( 0.000000000000000000, 0.0003999999999999722636, 0.0005013732238339108777 ),
 .UNSPECIFIED. ) ;
#5660 = CARTESIAN_POINT ( 'NONE',  ( 281.0790677326490936, 4.143341749871052748, 6.646977478758834934 ) ) ;
#5661 = CARTESIAN_POINT ( 'NONE',  ( 387.3961347314164527, 1.494067961926434096, 371.2299998310068077 ) ) ;
#5662 = CARTESIAN_POINT ( 'NONE',  ( 160.1608774449464647, 8.676480053194461917, 127.9100000000000250 ) ) ;
#5663 = CARTESIAN_POINT ( 'NONE',  ( 312.5109980643056815, 5.888939683423067173, 127.9100000000000250 ) ) ;
#5664 = CARTESIAN_POINT ( 'NONE',  ( 263.4607089961187398, 6.131603029502294966, 6.998179405231097938 ) ) ;
#5665 = CARTESIAN_POINT ( 'NONE',  ( 279.8327324835250920, 2.552472726914791323, 23.24999999999999289 ) ) ;
#5666 = CARTESIAN_POINT ( 'NONE',  ( 273.0159748675689571, 5.609910778585226687, 6.576054002341965798 ) ) ;
#5667 = CARTESIAN_POINT ( 'NONE',  ( 130.4346127646482216, 12.61768249225633021, 23.14024857876492547 ) ) ;
#5668 = CARTESIAN_POINT ( 'NONE',  ( 299.7189941895174456, 4.426711521910332792, 100.1292993736908556 ) ) ;
#5669 = CARTESIAN_POINT ( 'NONE',  ( 332.7559510568260634, 3.432488120449926683, 338.0998522250696965 ) ) ;
#5670 = ORIENTED_EDGE ( 'NONE', *, *, #3683, .F. ) ;
#5671 = CARTESIAN_POINT ( 'NONE',  ( 202.5336868423950420, 9.993652575854097719, 6.698098145716225638 ) ) ;
#5672 = CARTESIAN_POINT ( 'NONE',  ( 140.4394849729719397, 12.99520110877642942, 23.00615188106550590 ) ) ;
#5673 = CARTESIAN_POINT ( 'NONE',  ( 385.9395658532578182, 3.498084369358626766, 371.2300000000001319 ) ) ;
#5674 = ADVANCED_FACE ( 'NONE', ( #1362 ), #3054, .F. ) ;
#5675 = CIRCLE ( 'NONE', #2456, 0.8631912116154188963 ) ;
#5676 = ORIENTED_EDGE ( 'NONE', *, *, #6179, .T. ) ;
#5677 = CARTESIAN_POINT ( 'NONE',  ( 263.3475458239666978, 6.392986608365180956, 233.4866666666667925 ) ) ;
#5678 = ORIENTED_EDGE ( 'NONE', *, *, #5724, .T. ) ;
#5679 = CARTESIAN_POINT ( 'NONE',  ( 263.3759731210270161, 8.085473180234252766, 6.166666232150471494 ) ) ;
#5680 = CARTESIAN_POINT ( 'NONE',  ( 153.7544400341328128, 12.49853347742694609, 6.791188199974481421 ) ) ;
#5681 = CARTESIAN_POINT ( 'NONE',  ( 318.9309437605010089, 3.484779822429560969, 371.7300000000001319 ) ) ;
#5682 = B_SPLINE_SURFACE_WITH_KNOTS ( 'NONE', 3, 3, ( 
 ( #1936, #3633, #3656, #2534 ),
 ( #3134, #307, #4711, #3020 ),
 ( #7032, #4191, #240, #1955 ),
 ( #4263, #4115, #1848, #5160 ),
 ( #5834, #7103, #6352, #2030 ),
 ( #5751, #3221, #6852, #4386 ),
 ( #7222, #1089, #1567, #488 ),
 ( #6709, #4995, #3826, #5556 ),
 ( #7277, #6816, #1645, #4426 ),
 ( #5066, #5663, #6676, #1083 ),
 ( #5592, #5522, #3336, #5630 ),
 ( #525, #3937, #2151, #1603 ),
 ( #1047, #1011, #453, #4464 ),
 ( #3369, #3300, #5029, #6741 ),
 ( #1714, #3978, #1157, #2736 ),
 ( #3866, #414, #7346, #2769 ),
 ( #562, #6260, #4956, #2814 ),
 ( #6144, #1678, #3902, #6104 ),
 ( #6183, #2223, #5103, #7308 ),
 ( #4503, #2184, #4539, #3263 ),
 ( #2700, #6780, #2664, #1 ),
 ( #6221, #2116, #2263, #7237 ),
 ( #1121, #4394, #6854, #4022 ),
 ( #6900, #5774, #850, #3450 ),
 ( #2378, #1238, #5142, #639 ),
 ( #5364, #4233, #6304, #4197 ),
 ( #2338, #284, #6514, #7069 ),
 ( #246, #6480, #4624, #1962 ),
 ( #3068, #6343, #2894, #4659 ),
 ( #35, #2540, #1409, #600 ),
 ( #5737, #1757, #1200, #1373 ),
 ( #1796, #3662, #3621, #5703 ),
 ( #5909, #4058, #2301, #5947 ),
 ( #3409, #2852, #4578, #3489 ),
 ( #814, #6938, #2506, #4270 ),
 ( #678, #2931, #7106, #6550 ),
 ( #5226, #1832, #5180, #4788 ),
 ( #112, #4825, #72, #1996 ),
 ( #3100, #5398, #960, #3174 ),
 ( #5980, #2097, #4862, #3772 ),
 ( #2614, #921, #7145, #1475 ),
 ( #2723, #4939, #358, #3281 ),
 ( #1586, #2578, #4379, #3847 ),
 ( #1441, #6662, #1550, #5576 ),
 ( #4412, #994, #6624, #6693 ),
 ( #6053, #5431, #6124, #5540 ),
 ( #1027, #473, #2026, #7216 ),
 ( #5014, #7293, #4446, #4338 ),
 ( #7178, #3698, #3244, #3807 ),
 ( #2168, #885, #3139, #322 ),
 ( #4896, #4978, #397, #4306 ),
 ( #3733, #434, #6088, #2135 ),
 ( #6018, #2683, #6587, #5471 ),
 ( #2060, #7261, #1510, #3208 ),
 ( #5509, #2648, #52, #2358 ),
 ( #3469, #4602, #3884, #4560 ),
 ( #2754, #7329, #2284, #2788 ),
 ( #4038, #6762, #3390, #5681 ),
 ( #1066, #3923, #6322, #1178 ),
 ( #2203, #17, #7364, #5648 ),
 ( #2321, #2876, #3961, #3432 ),
 ( #6798, #2913, #93, #6282 ),
 ( #582, #1663, #5719, #1218 ),
 ( #660, #3354, #5205, #6204 ),
 ( #1694, #6240, #1104, #6878 ),
 ( #6837, #5049, #1139, #3318 ),
 ( #547, #4483, #5083, #2244 ),
 ( #6727, #2831, #4520, #5755 ),
 ( #1778, #506, #1736, #1623 ),
 ( #6167, #5613, #5122, #3999 ),
 ( #5164, #621, #5837, #5281 ),
 ( #1256, #239, #1368, #2499 ),
 ( #3652, #5796, #770, #278 ),
 ( #3095, #4641, #166, #1401 ),
 ( #6916, #6472, #4751, #2428 ),
 ( #5941, #4075, #4782, #1954 ),
 ( #804, #3581, #5246, #4679 ),
 ( #5868, #7062, #4715, #1891 ),
 ( #737, #843, #2954, #130 ),
 ( #1852, #4225, #3614, #5357 ),
 ( #5319, #6993, #3546, #5393 ),
 ( #7031, #1815, #3508, #2989 ),
 ( #6400, #5902, #6362, #700 ) ),
 .UNSPECIFIED., .F., .F., .F.,
 ( 4, 1, 1, 1, 1, 1, 1, 1, 1, 1, 1, 1, 1, 1, 1, 1, 1, 1, 1, 1, 1, 1, 1, 1, 1, 1, 1, 1, 1, 1, 1, 1, 1, 1, 1, 1, 1, 1, 1, 1, 1, 1, 1, 1, 1, 1, 1, 1, 1, 1, 1, 1, 1, 1, 1, 1, 1, 1, 1, 1, 1, 1, 1, 1, 1, 1, 1, 1, 1, 1, 1, 1, 1, 1, 1, 1, 1, 1, 1, 1, 4 ),
 ( 4, 4 ),
 ( 0.5029031356913514772, 0.5066631736449622725, 0.5104232115985731788, 0.5141832495521838631, 0.5179432875057946584, 0.5217033254594054537, 0.5254633634130162489, 0.5292234013666271553, 0.5329834393202379506, 0.5367434772738487458, 0.5405035152274596522, 0.5442635531810704475, 0.5480235911346812427, 0.5517836290882920380, 0.5555436670419028333, 0.5630637429491244239, 0.5705838188563460145, 0.5781038947635676051, 0.5856239706707891957, 0.5931440465780108973, 0.6006641224852325989, 0.6081841983924541895, 0.6157042742996757800, 0.6232243502068973706, 0.6307444261141189612, 0.6382645020213405518, 0.6533046538357838440, 0.6683448056502271362, 0.6833849574646703173, 0.6984251092791134985, 0.7134652610935569017, 0.7285054129080001939, 0.7435455647224432640, 0.7585857165368864452, 0.7736258683513298484, 0.7811459442585514390, 0.7886660201657730296, 0.7961860960729946202, 0.8037061719802162107, 0.8112262478874378013, 0.8187463237946593919, 0.8262663997018809825, 0.8300264376554919998, 0.8337864756091027951, 0.8413065515163243857, 0.8488266274235459763, 0.8563467033307675669, 0.8638667792379891575, 0.8713868551452107480, 0.8789069310524323386, 0.8864270069596539292, 0.8939470828668756308, 0.9014671587740973324, 0.9089872346813189230, 0.9127472726349297183, 0.9165073105885405136, 0.9202673485421511979, 0.9240273864957621042, 0.9277874244493730105, 0.9315474624029836948, 0.9353075003565946011, 0.9390675383102052853, 0.9428275762638159696, 0.9465876142174268759, 0.9503476521710377822, 0.9541076901246485775, 0.9578677280782593728, 0.9616277660318702791, 0.9653878039854811854, 0.9672678229622865276, 0.9691478419390918697, 0.9710278609158972118, 0.9729078798927025540, 0.9747878988695081182, 0.9766679178463134603, 0.9785479368231189135, 0.9804279557999241446, 0.9813679652883270377, 0.9823079747767297087, 0.9832479842651323798, 0.9841879937535350509 ),
 ( 0.000000000000000000, 1.000000000000000000 ),
 .UNSPECIFIED. ) ;
#5683 = ADVANCED_FACE ( 'NONE', ( #3090 ), #3530, .F. ) ;
#5684 = DIRECTION ( 'NONE',  ( -0.000000000000000000, -0.000000000000000000, -1.000000000000000000 ) ) ;
#5685 = CARTESIAN_POINT ( 'NONE',  ( 118.8174050728990920, 13.68835174182089709, 11.13440070361514067 ) ) ;
#5686 = CARTESIAN_POINT ( 'NONE',  ( 188.7225081024877511, 10.47967469446185618, 127.9099999999999966 ) ) ;
#5687 = AXIS2_PLACEMENT_3D ( 'NONE', #1443, #3700, #5982 ) ;
#5688 = CARTESIAN_POINT ( 'NONE',  ( 340.3811953480753800, 0.07214397698057463393, 206.5000000000000284 ) ) ;
#5689 = EDGE_LOOP ( 'NONE', ( #2556, #2944, #3724, #7256, #7286, #5710, #2197, #5530, #4169, #5997, #5037 ) ) ;
#5690 = CARTESIAN_POINT ( 'NONE',  ( 391.2211016625440720, 3.102888256386294508, 371.2300000000000182 ) ) ;
#5691 = CARTESIAN_POINT ( 'NONE',  ( 363.5086496938201321, 2.802366307924512245, 371.2091923183440372 ) ) ;
#5692 = CARTESIAN_POINT ( 'NONE',  ( 124.1522665275421815, 13.86532140046016437, 6.522924371068051563 ) ) ;
#5693 = ADVANCED_FACE ( 'NONE', ( #233 ), #6370, .T. ) ;
#5694 = DIRECTION ( 'NONE',  ( -2.856580399953362705E-13, -0.9999999352646697925, 0.0003598203108568317652 ) ) ;
#5695 = CARTESIAN_POINT ( 'NONE',  ( 278.5809746719713189, 4.415009409650755501, 7.261868795591986725 ) ) ;
#5696 = CARTESIAN_POINT ( 'NONE',  ( 411.6679189922680280, 0.1816289137482763882, 371.7300000000000182 ) ) ;
#5697 = CARTESIAN_POINT ( 'NONE',  ( 281.3011153548015386, 4.486562047155223887, 6.498457827614948279 ) ) ;
#5698 = DIRECTION ( 'NONE',  ( -0.9396180506249026676, 0.000000000000000000, 0.3422249537071454517 ) ) ;
#5699 = ORIENTED_EDGE ( 'NONE', *, *, #5391, .F. ) ;
#5700 = DIRECTION ( 'NONE',  ( -1.000000000000000000, 0.000000000000000000, -0.000000000000000000 ) ) ;
#5701 = CARTESIAN_POINT ( 'NONE',  ( 134.5775271062142338, 6.043419107418016800, 127.9099999999999113 ) ) ;
#5702 = EDGE_CURVE ( 'NONE', #2443, #984, #4365, .T. ) ;
#5703 = CARTESIAN_POINT ( 'NONE',  ( 366.2565845483582052, 4.669304763655459212, 371.7299999999997340 ) ) ;
#5704 = CARTESIAN_POINT ( 'NONE',  ( 266.9808748873612103, 6.592129014484052973, 6.498684910637433809 ) ) ;
#5705 = CARTESIAN_POINT ( 'NONE',  ( 282.1206039671738495, 2.340609710422667522, 23.25000000000004974 ) ) ;
#5706 = CARTESIAN_POINT ( 'NONE',  ( 284.8650350992650147, 0.2226655898185626314, 23.24999999999999289 ) ) ;
#5707 = CARTESIAN_POINT ( 'NONE',  ( 137.9824428632478543, 13.48418635190609116, 21.65029835892371324 ) ) ;
#5708 = CARTESIAN_POINT ( 'NONE',  ( 280.7134692060007524, 3.558754225601958865, 6.499999999999850786 ) ) ;
#5709 = CARTESIAN_POINT ( 'NONE',  ( 351.7428968595113474, 3.253929674788272663, 371.2300000000000182 ) ) ;
#5710 = ORIENTED_EDGE ( 'NONE', *, *, #3038, .F. ) ;
#5711 = CARTESIAN_POINT ( 'NONE',  ( 205.9988834532342707, 9.485146408490486181, 7.119343470592123246 ) ) ;
#5712 = CARTESIAN_POINT ( 'NONE',  ( 347.4794997230140439, 3.409138586885104516, 338.6679731780438374 ) ) ;
#5713 = CARTESIAN_POINT ( 'NONE',  ( 161.3759494247894963, 12.80526685877400617, 6.499999999999992006 ) ) ;
#5714 = EDGE_LOOP ( 'NONE', ( #3602, #6720, #82, #4275, #3395, #2522, #3757, #403, #4434, #4031, #596, #2049, #1572, #5378, #774, #2911, #2316 ) ) ;
#5715 = CARTESIAN_POINT ( 'NONE',  ( 126.1052790881167169, 12.07418024398886303, 22.99999999999999289 ) ) ;
#5716 = ORIENTED_EDGE ( 'NONE', *, *, #2396, .F. ) ;
#5717 = DIRECTION ( 'NONE',  ( 0.000000000000000000, 0.0003598203108568310063, 0.9999999352646697925 ) ) ;
#5718 = CARTESIAN_POINT ( 'NONE',  ( 145.0713106326873572, 13.40087231944293755, 6.523756929281177896 ) ) ;
#5719 = CARTESIAN_POINT ( 'NONE',  ( 224.3452309802907791, 5.413306775103105650, 249.8200000000000216 ) ) ;
#5720 = CARTESIAN_POINT ( 'NONE',  ( 284.9753343959537233, 3.776611791011524222, 20.99980462748937526 ) ) ;
#5721 = CARTESIAN_POINT ( 'NONE',  ( 122.1706699801740683, 11.13597713599821404, 18.82269999999999754 ) ) ;
#5722 = CARTESIAN_POINT ( 'NONE',  ( 187.6120371897761459, 10.47919233154007124, 127.9100000000000250 ) ) ;
#5723 = DIRECTION ( 'NONE',  ( -0.000000000000000000, -0.000000000000000000, 1.000000000000000000 ) ) ;
#5724 = EDGE_CURVE ( 'NONE', #945, #2529, #839, .T. ) ;
#5725 = VERTEX_POINT ( 'NONE', #2704 ) ;
#5726 = CARTESIAN_POINT ( 'NONE',  ( 289.9216473163277215, -0.1827597486730452025, 53.91353528371708848 ) ) ;
#5727 = CARTESIAN_POINT ( 'NONE',  ( 363.5128634088075614, 2.907768682514832559, 371.2299884226125073 ) ) ;
#5728 = CARTESIAN_POINT ( 'NONE',  ( 118.9227520962856062, 13.58303252058473731, 6.616710108086063968 ) ) ;
#5729 = CARTESIAN_POINT ( 'NONE',  ( 177.2715464719419742, 13.06396293426440991, 83.41802500636916307 ) ) ;
#5730 = CARTESIAN_POINT ( 'NONE',  ( 283.9329197434749403, 2.134955321724799404, 23.25000000000029132 ) ) ;
#5731 = CARTESIAN_POINT ( 'NONE',  ( 279.1402099447610112, 5.342183689265333157, 6.500053781963185173 ) ) ;
#5732 = CARTESIAN_POINT ( 'NONE',  ( 345.3154539444080910, 1.997963740332671101, 339.4886600596443600 ) ) ;
#5733 = CARTESIAN_POINT ( 'NONE',  ( 280.8905270196431729, 3.736596606736248383, 7.652184775371466685 ) ) ;
#5734 = CARTESIAN_POINT ( 'NONE',  ( 125.9393615166734293, 13.61924085312954880, 16.58379155784001924 ) ) ;
#5735 = CARTESIAN_POINT ( 'NONE',  ( 145.1487474121612706, 12.58628154756974205, 20.21686231428746083 ) ) ;
#5736 = CARTESIAN_POINT ( 'NONE',  ( 352.1630061924173560, 3.029011966691192104, 371.7299999999998477 ) ) ;
#5737 = CARTESIAN_POINT ( 'NONE',  ( 174.9349541426213079, 13.19944219262988661, 5.999999999999987566 ) ) ;
#5738 = CARTESIAN_POINT ( 'NONE',  ( 268.7301445063073970, 6.541540766881770885, 6.500052905978517259 ) ) ;
#5739 = CARTESIAN_POINT ( 'NONE',  ( 284.2981069638450435, 1.882228371223414465, 23.25000000000000711 ) ) ;
#5740 = CARTESIAN_POINT ( 'NONE',  ( 287.6385268649462432, 0.001061659869077404613, 23.24999999999997868 ) ) ;
#5741 = CARTESIAN_POINT ( 'NONE',  ( 273.0313606394309431, 5.733017796431553847, 6.524689988087551740 ) ) ;
#5742 = CARTESIAN_POINT ( 'NONE',  ( 289.9216473163276078, -2.593465512171413856, 53.25093735705630849 ) ) ;
#5743 = CARTESIAN_POINT ( 'NONE',  ( 280.8677966790870073, 3.770803894355864383, 7.710885364229425498 ) ) ;
#5744 = CARTESIAN_POINT ( 'NONE',  ( 130.2617603640665891, 13.90116728737350549, 6.514543571939940492 ) ) ;
#5745 = CARTESIAN_POINT ( 'NONE',  ( 119.1117820114704529, 43.07938103743692437, 11.60000000000059117 ) ) ;
#5746 = B_SPLINE_SURFACE_WITH_KNOTS ( 'NONE', 3, 3, ( 
 ( #361, #4898, #7180, #3210, #2650, #3849, #4941 ),
 ( #7218, #2100, #6664, #1552, #3809, #996, #6487 ),
 ( #7076, #6557, #891, #3704, #6250, #4528, #1704 ),
 ( #6134, #7373, #1595, #1074, #4946, #2253, #3216 ),
 ( #6807, #2106, #3968, #405, #1633, #4493, #3894 ),
 ( #4385, #7300, #6669, #3815, #4453, #6174, #3928 ),
 ( #4419, #3855, #1036, #1001, #5548, #2174, #7268 ),
 ( #5056, #3290, #6771, #5583, #516, #2142, #6701 ),
 ( #6734, #3253, #443, #3326, #2691, #4985, #479 ),
 ( #2728, #5620, #2760, #6210, #2241, #3506, #367 ),
 ( #5480, #7227, #1587, #6125, #4673, #3380, #2291 ),
 ( #5727, #1265, #5691, #3398, #2252, #4686, #5806 ),
 ( #5131, #4008, #6249, #2403, #3554, #1744, #7372 ),
 ( #668, #2962, #5094, #1188, #5253, #5762, #4527 ),
 ( #2920, #628, #6845, #589, #1861, #6964, #6806 ),
 ( #6291, #4123, #709, #3516, #2329, #1822, #5845 ) ),
 .UNSPECIFIED., .F., .F., .F.,
 ( 4, 3, 3, 3, 3, 4 ),
 ( 4, 3, 4 ),
 ( 0.000000000000000000, 0.006551304202238488958, 0.01310260840447697792, 0.02620521680895395583, 0.03930782521343093028, 0.05241043361790791166 ),
 ( -0.006839996717184305963, 0.4965800016414078644, 1.000000000000000000 ),
 .UNSPECIFIED. ) ;
#5747 = EDGE_LOOP ( 'NONE', ( #5446, #4215, #2043, #3802, #1305, #5513, #3995, #6289 ) ) ;
#5748 = CARTESIAN_POINT ( 'NONE',  ( 202.5399641480607613, 10.10589222514527385, 6.623651571798298221 ) ) ;
#5749 = CARTESIAN_POINT ( 'NONE',  ( 353.0503105541072841, 3.799494434048353408, 371.7300000000000182 ) ) ;
#5750 = CARTESIAN_POINT ( 'NONE',  ( 286.7781092759448143, 0.005263016854252109723, 20.62679109810227374 ) ) ;
#5751 = CARTESIAN_POINT ( 'NONE',  ( 274.4093301327240511, 6.877122617818054451, 6.000000000000007105 ) ) ;
#5752 = CARTESIAN_POINT ( 'NONE',  ( 282.4989096229350025, 0.8791603127386293792, 7.806729498462188666 ) ) ;
#5753 = ORIENTED_EDGE ( 'NONE', *, *, #5826, .F. ) ;
#5754 = CARTESIAN_POINT ( 'NONE',  ( 145.0461481799053161, 12.85785790080475799, 6.882055918421619900 ) ) ;
#5755 = CARTESIAN_POINT ( 'NONE',  ( 312.8705470478675466, 2.348645687227094658, 371.7300000000000182 ) ) ;
#5756 = CARTESIAN_POINT ( 'NONE',  ( 284.6945497163446248, 3.892523192577067803, 21.04653582430261594 ) ) ;
#5757 = CARTESIAN_POINT ( 'NONE',  ( 139.3780491692845942, 13.46800482097611251, 21.64928720976259413 ) ) ;
#5758 = CARTESIAN_POINT ( 'NONE',  ( 125.5941512871191179, 11.77636536343493923, 21.85279557665417371 ) ) ;
#5759 = LINE ( 'NONE', #5168, #1151 ) ;
#5760 = VERTEX_POINT ( 'NONE', #979 ) ;
#5761 = CARTESIAN_POINT ( 'NONE',  ( 321.0191584797837550, 2.288358344475719175, 127.9100000000000250 ) ) ;
#5762 = CARTESIAN_POINT ( 'NONE',  ( 354.7775594221479309, 2.992392509598421402, 371.0808211858828827 ) ) ;
#5763 = CARTESIAN_POINT ( 'NONE',  ( 124.1520745817103659, 13.19962696625372622, 7.096205658327959576 ) ) ;
#5764 = CARTESIAN_POINT ( 'NONE',  ( 295.8860073120944207, 0.02818592616863721534, 84.33333333333331439 ) ) ;
#5765 = CARTESIAN_POINT ( 'NONE',  ( 285.5855448370400040, 3.980235849264086578, 23.24999999999976552 ) ) ;
#5766 = CARTESIAN_POINT ( 'NONE',  ( 280.1052227742500236, 4.074161704830419950, 7.453561319229409676 ) ) ;
#5767 = CARTESIAN_POINT ( 'NONE',  ( 362.7454693069058749, 4.809759370687763713, 371.5978902083132311 ) ) ;
#5768 = EDGE_CURVE ( 'NONE', #1505, #6530, #5332, .T. ) ;
#5769 = CARTESIAN_POINT ( 'NONE',  ( 280.9935375585277484, 3.837071511174964922, 6.953920154808256981 ) ) ;
#5770 = FACE_OUTER_BOUND ( 'NONE', #6428, .T. ) ;
#5771 = VERTEX_POINT ( 'NONE', #7130 ) ;
#5772 = CARTESIAN_POINT ( 'NONE',  ( 145.1174073008774030, 12.57380679428557890, 21.54013215744081577 ) ) ;
#5773 = CARTESIAN_POINT ( 'NONE',  ( 107.5951127629021755, 12.68811373186207092, 6.000000000000009770 ) ) ;
#5774 = CARTESIAN_POINT ( 'NONE',  ( 276.3688257183663382, 8.215560064749988456, 127.9100000000000534 ) ) ;
#5775 = AXIS2_PLACEMENT_3D ( 'NONE', #3204, #5504, #5467 ) ;
#5776 = CARTESIAN_POINT ( 'NONE',  ( 265.1861640571582939, 6.011263348684555474, 7.001667533176769709 ) ) ;
#5777 = CARTESIAN_POINT ( 'NONE',  ( 282.9765663742136894, 2.247259656955572282, 23.25000000000000000 ) ) ;
#5778 = CARTESIAN_POINT ( 'NONE',  ( 284.7651812499389052, 0.7840441984168557976, 23.25000000000004263 ) ) ;
#5779 = CARTESIAN_POINT ( 'NONE',  ( 273.0480397633100438, 5.866473428921368694, 6.498669334735287073 ) ) ;
#5780 = CARTESIAN_POINT ( 'NONE',  ( 387.2454693401235204, 1.505169169918029404, 371.2300000000000182 ) ) ;
#5781 = EDGE_CURVE ( 'NONE', #49, #3011, #1813, .T. ) ;
#5782 = CARTESIAN_POINT ( 'NONE',  ( 281.1207942413377054, 3.683557424052341212, 7.083950934203812722 ) ) ;
#5783 = CARTESIAN_POINT ( 'NONE',  ( 280.9324862896830837, 3.317069094449131672, 6.499999999984077625 ) ) ;
#5784 = CARTESIAN_POINT ( 'NONE',  ( 326.9588515037061143, 3.505276499768980258, 340.3399134627591707 ) ) ;
#5785 = CARTESIAN_POINT ( 'NONE',  ( 263.5506351679475756, 6.994354271125543754, 5.999999999999985789 ) ) ;
#5786 = CARTESIAN_POINT ( 'NONE',  ( 282.9303096186924336, -0.009558558031545240363, 6.681160631124096305 ) ) ;
#5787 = VERTEX_POINT ( 'NONE', #3157 ) ;
#5788 = CARTESIAN_POINT ( 'NONE',  ( 226.8949591666984418, 8.264989884966364997, 7.119737120221634186 ) ) ;
#5789 = CARTESIAN_POINT ( 'NONE',  ( 340.6747057174590623, 3.929108027341881026, 371.7299999999995066 ) ) ;
#5790 = CARTESIAN_POINT ( 'NONE',  ( 279.3155025303551042, 4.983195228078777461, 235.0921989330565509 ) ) ;
#5791 = EDGE_CURVE ( 'NONE', #636, #3953, #120, .T. ) ;
#5792 = CARTESIAN_POINT ( 'NONE',  ( 273.4740502655104706, 5.938652291964803709, 6.500000000000013323 ) ) ;
#5793 = ORIENTED_EDGE ( 'NONE', *, *, #3615, .F. ) ;
#5794 = EDGE_CURVE ( 'NONE', #4536, #4212, #3919, .T. ) ;
#5795 = CARTESIAN_POINT ( 'NONE',  ( 150.2560643756545460, 12.39975807696803045, 7.372380734916055722 ) ) ;
#5796 = CARTESIAN_POINT ( 'NONE',  ( 120.1999515948997868, 4.910120390827257708, 127.9099999999999966 ) ) ;
#5797 = AXIS2_PLACEMENT_3D ( 'NONE', #775, #1371, #1439 ) ;
#5798 = DIRECTION ( 'NONE',  ( 0.000000000000000000, 0.000000000000000000, -1.000000000000000000 ) ) ;
#5799 = CARTESIAN_POINT ( 'NONE',  ( 122.1009512696143275, 11.13328268781810593, 18.82269999999999754 ) ) ;
#5800 = CARTESIAN_POINT ( 'NONE',  ( 333.3662351033723894, 4.614034776788032310, 339.8961604625911264 ) ) ;
#5801 = CALENDAR_DATE ( 2025, 19, 6 ) ;
#5802 = CARTESIAN_POINT ( 'NONE',  ( 266.0036851751572726, 7.201381178892980017, 249.8199999999999363 ) ) ;
#5803 = VERTEX_POINT ( 'NONE', #6573 ) ;
#5804 = CIRCLE ( 'NONE', #6639, 1.463465304664510747 ) ;
#5805 = CARTESIAN_POINT ( 'NONE',  ( 345.2565150649478483, 2.136301224054366621, 339.7194612734151065 ) ) ;
#5806 = CARTESIAN_POINT ( 'NONE',  ( 363.5047921568605602, 2.705771382168270733, 371.0295414519731594 ) ) ;
#5807 = CARTESIAN_POINT ( 'NONE',  ( 117.1711900977099390, 13.90841481500288523, 6.498793042319932489 ) ) ;
#5808 = CARTESIAN_POINT ( 'NONE',  ( 138.1643716254849608, 12.72509488638066166, 20.23105231512407443 ) ) ;
#5809 = CARTESIAN_POINT ( 'NONE',  ( 285.2097258941124664, 3.617864879433668079, 20.83163302433919739 ) ) ;
#5810 = DIRECTION ( 'NONE',  ( 3.101065548554909425E-14, 0.0003598203108568388668, 0.9999999352646697925 ) ) ;
#5811 = B_SPLINE_CURVE_WITH_KNOTS ( 'NONE', 3,
 ( #4271, #324, #6481, #3175, #2579, #1929 ),
 .UNSPECIFIED., .F., .F.,
 ( 4, 2, 4 ),
 ( 0.000000000000000000, 0.0003907940609771502760, 0.0007815881219543005520 ),
 .UNSPECIFIED. ) ;
#5812 = CIRCLE ( 'NONE', #6283, 0.2000000000000000111 ) ;
#5813 = CARTESIAN_POINT ( 'NONE',  ( 280.9388718933822133, 3.740812174500297349, 7.222800905575271990 ) ) ;
#5814 = CARTESIAN_POINT ( 'NONE',  ( 380.2502050959304825, 2.003477479591184274, 371.2300000000000182 ) ) ;
#5815 = ORIENTED_EDGE ( 'NONE', *, *, #3811, .T. ) ;
#5816 = CARTESIAN_POINT ( 'NONE',  ( 145.6854973191951501, 12.55665859140261986, 21.85212878532609793 ) ) ;
#5817 = CARTESIAN_POINT ( 'NONE',  ( 185.8870679233311591, 9.498694996820136183, 127.9100000000000250 ) ) ;
#5818 = CARTESIAN_POINT ( 'NONE',  ( 283.0881053047757518, 4.310442628509962404, 23.24999999999701927 ) ) ;
#5819 = CARTESIAN_POINT ( 'NONE',  ( 286.8758796953023875, 2.619360924807126789, 23.25000000000137490 ) ) ;
#5820 = CARTESIAN_POINT ( 'NONE',  ( 272.0738901221632773, 5.126198998221536129, 7.261308933100592888 ) ) ;
#5821 = CARTESIAN_POINT ( 'NONE',  ( 263.3759731210270161, 8.088575804882376374, 5.999999999999991118 ) ) ;
#5822 = CARTESIAN_POINT ( 'NONE',  ( 280.9484375098751912, 3.703713582469300380, 7.652209260113125744 ) ) ;
#5823 = CARTESIAN_POINT ( 'NONE',  ( 128.7533111148419493, 12.11153567119276531, 23.96019369625707185 ) ) ;
#5824 = CARTESIAN_POINT ( 'NONE',  ( 280.9678101906411030, 3.850639686774598669, 6.955717973073389793 ) ) ;
#5825 = CARTESIAN_POINT ( 'NONE',  ( 263.8999592617886947, 6.971639818967690694, 6.500000235663057957 ) ) ;
#5826 = EDGE_CURVE ( 'NONE', #4595, #2452, #3267, .T. ) ;
#5827 = ORIENTED_EDGE ( 'NONE', *, *, #1733, .F. ) ;
#5828 = CARTESIAN_POINT ( 'NONE',  ( 119.1070333178180363, 12.89499371805266392, 11.43563218602611720 ) ) ;
#5829 = CARTESIAN_POINT ( 'NONE',  ( 216.4642971515967531, 9.192838905658156534, 6.698422921193868618 ) ) ;
#5830 = CARTESIAN_POINT ( 'NONE',  ( 267.7004124486317664, 7.197227340762998971, 249.8200000000001637 ) ) ;
#5831 = FACE_OUTER_BOUND ( 'NONE', #5078, .T. ) ;
#5832 = CARTESIAN_POINT ( 'NONE',  ( 282.8336819344076503, 4.372793887883401176, 6.499999999999967137 ) ) ;
#5833 = CARTESIAN_POINT ( 'NONE',  ( 117.4497479295123128, -43.07938103743692437, 7.100000000000001421 ) ) ;
#5834 = CARTESIAN_POINT ( 'NONE',  ( 276.4793784957052480, 6.660403275635574438, 5.999999999999992895 ) ) ;
#5835 = ORIENTED_EDGE ( 'NONE', *, *, #5791, .T. ) ;
#5836 = CARTESIAN_POINT ( 'NONE',  ( 164.2151232454944534, 12.05185050756252529, 6.697299437327116856 ) ) ;
#5837 = CARTESIAN_POINT ( 'NONE',  ( 216.7476363098146237, 3.722133709008875968, 249.8200000000000216 ) ) ;
#5838 = CARTESIAN_POINT ( 'NONE',  ( 333.7382389532766069, 4.856815619812031137, 340.0543790367518113 ) ) ;
#5839 = CARTESIAN_POINT ( 'NONE',  ( 140.5663158043533940, 12.70224880116450628, 23.21417955537896205 ) ) ;
#5840 = CARTESIAN_POINT ( 'NONE',  ( 253.2487901298887039, 8.629693341141306817, 6.499999999999996447 ) ) ;
#5841 = COORDINATED_UNIVERSAL_TIME_OFFSET ( 1, 0, .AHEAD. ) ;
#5842 = EDGE_CURVE ( 'NONE', #5419, #7018, #913, .T. ) ;
#5843 = VERTEX_POINT ( 'NONE', #6679 ) ;
#5844 = CARTESIAN_POINT ( 'NONE',  ( 289.9216473163275509, -2.782998308653354957, 53.25100555481046882 ) ) ;
#5845 = CARTESIAN_POINT ( 'NONE',  ( 346.0476391915875070, 3.128671837290326163, 371.0254723198007127 ) ) ;
#5846 = CARTESIAN_POINT ( 'NONE',  ( 129.3887300042874813, 14.09600098851351646, 6.500049694373868370 ) ) ;
#5847 = CARTESIAN_POINT ( 'NONE',  ( 139.4757434408893175, 13.46390566184781967, 21.79353211113894417 ) ) ;
#5848 = CARTESIAN_POINT ( 'NONE',  ( 332.3098660827429285, 3.442853192063332735, 338.1005154283682259 ) ) ;
#5849 = DIRECTION ( 'NONE',  ( -2.856580399953363210E-13, -0.9999999352646699036, 0.0003598203108568318194 ) ) ;
#5850 = ORIENTED_EDGE ( 'NONE', *, *, #3906, .T. ) ;
#5851 = CARTESIAN_POINT ( 'NONE',  ( 192.3156887728922868, 9.747587466733149242, 127.9100000000000534 ) ) ;
#5852 = CARTESIAN_POINT ( 'NONE',  ( 284.4247588641675293, 4.163450245581911346, 23.25000000000229150 ) ) ;
#5853 = CARTESIAN_POINT ( 'NONE',  ( 284.8754550887649089, 0.06692040277476786481, 23.24999999999999289 ) ) ;
#5854 = CARTESIAN_POINT ( 'NONE',  ( 275.2181650686958960, 5.610351416037465455, 6.498677811621957900 ) ) ;
#5855 = CARTESIAN_POINT ( 'NONE',  ( 126.5428764021411183, 12.25731348623512496, 23.35334024622395432 ) ) ;
#5856 = CARTESIAN_POINT ( 'NONE',  ( 260.9922984326576056, 8.230612548232359771, 5.999999999999991118 ) ) ;
#5857 = CARTESIAN_POINT ( 'NONE',  ( 281.4419863087177873, 4.572790731341796366, 6.500061543739676040 ) ) ;
#5858 = CARTESIAN_POINT ( 'NONE',  ( 280.8276088604091569, 3.807852755066606143, 7.710857331361761879 ) ) ;
#5859 = ORIENTED_EDGE ( 'NONE', *, *, #647, .T. ) ;
#5860 = CARTESIAN_POINT ( 'NONE',  ( 289.9216473163270393, -2.783358128964211975, 52.25100561954579348 ) ) ;
#5861 = ORIENTED_EDGE ( 'NONE', *, *, #2071, .F. ) ;
#5862 = CARTESIAN_POINT ( 'NONE',  ( 247.7795008392878060, 6.949213447016476586, 7.121600280102642344 ) ) ;
#5863 = CARTESIAN_POINT ( 'NONE',  ( 203.4100391088979904, 10.54642710858439614, 127.9100000000000250 ) ) ;
#5864 = CARTESIAN_POINT ( 'NONE',  ( 366.1134639973092249, 2.780340676190407478, 371.2300046843464543 ) ) ;
#5865 = EDGE_CURVE ( 'NONE', #3085, #6834, #6959, .T. ) ;
#5866 = CARTESIAN_POINT ( 'NONE',  ( 387.7454678600309421, 1.468139039964491133, 371.2300000000000182 ) ) ;
#5867 = CARTESIAN_POINT ( 'NONE',  ( 167.6791322398933914, 11.48601002341249000, 7.503143980771842081 ) ) ;
#5868 = CARTESIAN_POINT ( 'NONE',  ( 19.83716653301168620, 4.144746356708894908, 6.000000000000007105 ) ) ;
#5869 = CARTESIAN_POINT ( 'NONE',  ( 257.9588026771365321, 5.338364169343690513, 233.8199999999999932 ) ) ;
#5870 = EDGE_CURVE ( 'NONE', #7008, #2010, #2667, .T. ) ;
#5871 = DIRECTION ( 'NONE',  ( 0.8538241083243419682, 0.000000000000000000, -0.5205616121499376803 ) ) ;
#5872 = DIRECTION ( 'NONE',  ( -2.856580399953362705E-13, -0.9999999352646699036, 0.0003598203108568317652 ) ) ;
#5873 = APPROVAL_ROLE ( '' ) ;
#5874 = ORIENTED_EDGE ( 'NONE', *, *, #539, .F. ) ;
#5875 = CARTESIAN_POINT ( 'NONE',  ( 403.5253939364960161, 2.076741199819755135, 371.2299999999999045 ) ) ;
#5876 = CARTESIAN_POINT ( 'NONE',  ( 132.8648715978186488, 13.17696966067753195, 6.983081678191912722 ) ) ;
#5877 = CARTESIAN_POINT ( 'NONE',  ( 139.9354722436536633, 13.55477427576867733, 22.17947121704732183 ) ) ;
#5878 = CARTESIAN_POINT ( 'NONE',  ( 125.6117820114704386, 13.78046753022026039, 11.60000000000058940 ) ) ;
#5879 = CARTESIAN_POINT ( 'NONE',  ( 125.6117820114704386, 12.83106640014351107, 16.60000000000059472 ) ) ;
#5880 = ORIENTED_EDGE ( 'NONE', *, *, #254, .F. ) ;
#5881 = CARTESIAN_POINT ( 'NONE',  ( 136.4664555707802833, 12.98884172529912995, 6.000000000000001776 ) ) ;
#5882 = CARTESIAN_POINT ( 'NONE',  ( 285.4135097567108801, 3.924230772804905509, 23.24999999999988631 ) ) ;
#5883 = CARTESIAN_POINT ( 'NONE',  ( 275.6257158073765936, 5.307659113324903366, 6.575436704429463042 ) ) ;
#5884 = CARTESIAN_POINT ( 'NONE',  ( 366.2119956334798871, 2.776031441724552185, 371.2300000015079604 ) ) ;
#5885 = CARTESIAN_POINT ( 'NONE',  ( 262.9922045477029542, 8.114228863361443445, 5.999999999999991118 ) ) ;
#5886 = CARTESIAN_POINT ( 'NONE',  ( 280.9607353133384890, 3.671426026521764641, 7.509344958431109163 ) ) ;
#5887 = DIRECTION ( 'NONE',  ( 0.000000000000000000, 0.000000000000000000, 1.000000000000000000 ) ) ;
#5888 = B_SPLINE_CURVE_WITH_KNOTS ( 'NONE', 3,
 ( #6947, #1286, #2454, #2387 ),
 .UNSPECIFIED., .F., .F.,
 ( 4, 4 ),
 ( 0.000000000000000000, 1.000000000000000000 ),
 .UNSPECIFIED. ) ;
#5889 = ORIENTED_EDGE ( 'NONE', *, *, #4081, .F. ) ;
#5890 = CARTESIAN_POINT ( 'NONE',  ( 334.2589565626304875, 2.514022830919012907, 339.7187914188056652 ) ) ;
#5891 = CARTESIAN_POINT ( 'NONE',  ( 260.0266335476442237, 7.193776513915878468, 6.500000235663057957 ) ) ;
#5892 = TOROIDAL_SURFACE ( 'NONE', #2660, 0.6634653046645075936, 0.2000000000000000111 ) ;
#5893 = ORIENTED_EDGE ( 'NONE', *, *, #5865, .F. ) ;
#5894 = CARTESIAN_POINT ( 'NONE',  ( 240.8122411884782252, 7.335993094024060746, 7.377176555599581853 ) ) ;
#5895 = CARTESIAN_POINT ( 'NONE',  ( 223.4111318671174899, 8.469407017084431999, 7.120074712160233688 ) ) ;
#5896 = CARTESIAN_POINT ( 'NONE',  ( 113.9073981296219102, 13.76791149021054572, 6.000000000000000888 ) ) ;
#5897 = DIRECTION ( 'NONE',  ( 1.000000000000000000, 0.000000000000000000, 0.000000000000000000 ) ) ;
#5898 = CARTESIAN_POINT ( 'NONE',  ( 271.2482988542386693, 5.580374576297011835, 21.41362098165064154 ) ) ;
#5899 = CARTESIAN_POINT ( 'NONE',  ( 259.8759733739236140, 7.201464201280995958, 6.500000192793273790 ) ) ;
#5900 = CARTESIAN_POINT ( 'NONE',  ( 387.7454693069067844, 3.365671187338276749, 371.2299995642491126 ) ) ;
#5901 = CARTESIAN_POINT ( 'NONE',  ( 157.2242328054283007, 12.01933172144234163, 7.504216564327278682 ) ) ;
#5902 = CARTESIAN_POINT ( 'NONE',  ( 115.0133381268390167, 2.145241650167918124, 127.9099999999999966 ) ) ;
#5903 = CARTESIAN_POINT ( 'NONE',  ( 330.3636579664197370, 2.467880175295821488, 339.7300000000000750 ) ) ;
#5904 = FACE_OUTER_BOUND ( 'NONE', #2079, .T. ) ;
#5905 = CARTESIAN_POINT ( 'NONE',  ( 125.7080463855861581, 11.40175765345603409, 22.03293698978715298 ) ) ;
#5906 = CARTESIAN_POINT ( 'NONE',  ( 402.7710039985130379, 2.144977902210428056, 371.2299999999999045 ) ) ;
#5907 = EDGE_CURVE ( 'NONE', #6463, #4813, #198, .T. ) ;
#5908 = CARTESIAN_POINT ( 'NONE',  ( 127.6362091536057903, 13.13277720521583269, 7.218120544108363568 ) ) ;
#5909 = CARTESIAN_POINT ( 'NONE',  ( 158.3149054661192849, 14.04081495416678393, 5.999999999999997335 ) ) ;
#5910 = CIRCLE ( 'NONE', #922, 0.2000000000000143607 ) ;
#5911 = DIRECTION ( 'NONE',  ( 2.856580399953362705E-13, 0.9999999352646700146, -0.0003598203108568317110 ) ) ;
#5912 = CARTESIAN_POINT ( 'NONE',  ( 126.1770844699027236, 12.70580294906990915, 20.24993212908454510 ) ) ;
#5913 = CIRCLE ( 'NONE', #805, 0.2000000000000000111 ) ;
#5914 = CARTESIAN_POINT ( 'NONE',  ( 124.0884131487140110, 12.80204717557833582, 16.60000000000058407 ) ) ;
#5915 = ORIENTED_EDGE ( 'NONE', *, *, #3335, .T. ) ;
#5916 = CARTESIAN_POINT ( 'NONE',  ( 256.4463490115655873, 7.306170279433625403, 127.9100000000000250 ) ) ;
#5917 = ADVANCED_FACE ( 'NONE', ( #5069 ), #4006, .F. ) ;
#5918 = B_SPLINE_CURVE_WITH_KNOTS ( 'NONE', 3,
 ( #1412, #328, #2582, #998, #964, #3248, #2064, #3359, #5651, #7334, #1667, #3925, #6130 ),
 .UNSPECIFIED., .F., .F.,
 ( 4, 1, 1, 1, 1, 1, 1, 1, 1, 1, 4 ),
 ( 0.1346135035582432804, 0.1350111627163732841, 0.1369832012740913318, 0.1389552398318093795, 0.1409272783895274828, 0.1428993169472455305, 0.1448713555049636059, 0.1468433940626816536, 0.1488154326203996458, 0.1507874711781177490, 0.1527595097358357967 ),
 .UNSPECIFIED. ) ;
#5919 = CARTESIAN_POINT ( 'NONE',  ( 346.5488734667753761, 4.093959712748051594, 361.0663559732849990 ) ) ;
#5920 = AXIS2_PLACEMENT_3D ( 'NONE', #6439, #1339, #772 ) ;
#5921 = CARTESIAN_POINT ( 'NONE',  ( 276.0380178694031201, 5.028685440763542402, 6.702072876271198965 ) ) ;
#5922 = CARTESIAN_POINT ( 'NONE',  ( 387.2454693733396311, 1.505205765882255964, 371.2299999900085936 ) ) ;
#5923 = CARTESIAN_POINT ( 'NONE',  ( 263.4304396593445858, 8.082683464873911205, 6.261748905016566447 ) ) ;
#5924 = CARTESIAN_POINT ( 'NONE',  ( 281.2990901533805186, 4.321168635296731786, 6.528680517067597222 ) ) ;
#5925 = CARTESIAN_POINT ( 'NONE',  ( 329.6679263770402599, 2.616980304166047766, 339.7182478633862388 ) ) ;
#5926 = EDGE_LOOP ( 'NONE', ( #3143, #1471, #5563 ) ) ;
#5927 = CARTESIAN_POINT ( 'NONE',  ( 262.2075062278412929, 6.080111810929730964, 7.505420218323566317 ) ) ;
#5928 = EDGE_CURVE ( 'NONE', #339, #4093, #4027, .T. ) ;
#5929 = AXIS2_PLACEMENT_3D ( 'NONE', #7054, #3787, #376 ) ;
#5930 = CARTESIAN_POINT ( 'NONE',  ( 346.3599689248550249, 3.126155136657441602, 371.0255597780543440 ) ) ;
#5931 = EDGE_LOOP ( 'NONE', ( #3002, #6032, #3737, #47, #1537, #626, #5118, #1574, #3251, #3926, #3486, #4839, #4147, #6336, #193, #1499, #4737, #4333, #5850 ) ) ;
#5932 = FACE_OUTER_BOUND ( 'NONE', #2797, .T. ) ;
#5933 = CARTESIAN_POINT ( 'NONE',  ( 240.8138987229480961, 7.361348062524155189, 7.244419706845867779 ) ) ;
#5934 = CARTESIAN_POINT ( 'NONE',  ( 226.9338409442043769, 8.934054731959660600, 6.523965258633498188 ) ) ;
#5935 = CARTESIAN_POINT ( 'NONE',  ( 113.5964985846432569, 13.75577008877334784, 5.999999999999988454 ) ) ;
#5936 = CARTESIAN_POINT ( 'NONE',  ( 352.7454693069071254, 5.113574473752251492, 371.2300000000000182 ) ) ;
#5937 = LINE ( 'NONE', #3124, #4226 ) ;
#5938 = CARTESIAN_POINT ( 'NONE',  ( 371.0358267511823556, -0.008989690511104894352, 255.2664858283023648 ) ) ;
#5939 = CARTESIAN_POINT ( 'NONE',  ( 347.5325057445730295, 3.900110551859242047, 371.2300000000004161 ) ) ;
#5940 = CARTESIAN_POINT ( 'NONE',  ( 167.7237289877944875, 12.36300374529702673, 6.498713963779085390 ) ) ;
#5941 = CARTESIAN_POINT ( 'NONE',  ( 21.62023177341085400, 5.130286451133466485, 6.000000000000010658 ) ) ;
#5942 = CARTESIAN_POINT ( 'NONE',  ( 133.3729989351995471, 11.27508162206531139, 19.88180000000002323 ) ) ;
#5943 = CARTESIAN_POINT ( 'NONE',  ( 362.2454693069065002, 4.830199118483387899, 371.2300000000000750 ) ) ;
#5944 = PERSON_AND_ORGANIZATION_ROLE ( 'design_supplier' ) ;
#5945 = CARTESIAN_POINT ( 'NONE',  ( 401.2376462738837404, 2.281347024553285419, 371.2299999999999045 ) ) ;
#5946 = CARTESIAN_POINT ( 'NONE',  ( 125.8940225517490887, 13.11129747683625801, 7.345281582787638541 ) ) ;
#5947 = CARTESIAN_POINT ( 'NONE',  ( 362.5973802221609503, 4.818608830752312500, 371.7300000000000182 ) ) ;
#5948 = CARTESIAN_POINT ( 'NONE',  ( 160.3367782219146136, 13.94646716666615305, 6.225096935276234866 ) ) ;
#5949 = CARTESIAN_POINT ( 'NONE',  ( 261.9924806549281584, 8.176851090510636411, 5.999999999999991118 ) ) ;
#5950 = EDGE_CURVE ( 'NONE', #5460, #3499, #1522, .T. ) ;
#5951 = CARTESIAN_POINT ( 'NONE',  ( 128.1116534447924380, 13.70956129114936850, 14.26495693116010521 ) ) ;
#5952 = ORIENTED_EDGE ( 'NONE', *, *, #5768, .T. ) ;
#5953 = CARTESIAN_POINT ( 'NONE',  ( 248.9686123537109381, 7.715932736617324927, 127.9100000000000250 ) ) ;
#5954 = CARTESIAN_POINT ( 'NONE',  ( 286.7781092759448143, 0.005263016854252109723, 20.62679109810227374 ) ) ;
#5955 = FACE_OUTER_BOUND ( 'NONE', #1254, .T. ) ;
#5956 = CARTESIAN_POINT ( 'NONE',  ( 276.0286290646229759, 4.935250543482638363, 6.797098648650998776 ) ) ;
#5957 = CARTESIAN_POINT ( 'NONE',  ( 256.1283162871484933, 6.031999196854058276, 198.4154936928402719 ) ) ;
#5958 = CARTESIAN_POINT ( 'NONE',  ( 383.7532512772571067, 0.1116594460578758941, 316.3199999999998226 ) ) ;
#5959 = CARTESIAN_POINT ( 'NONE',  ( 332.7691490751050765, 2.556809733592626532, 339.7186467624699162 ) ) ;
#5960 = VERTEX_POINT ( 'NONE', #3942 ) ;
#5961 = CARTESIAN_POINT ( 'NONE',  ( 267.3359510366997256, 5.678939196309726434, 7.522578594918615913 ) ) ;
#5962 = CARTESIAN_POINT ( 'NONE',  ( 345.1725694141463805, 2.203829689753216581, 339.5299999999999727 ) ) ;
#5963 = VERTEX_POINT ( 'NONE', #5596 ) ;
#5964 = CARTESIAN_POINT ( 'NONE',  ( 244.3595198262977419, 8.117674799506577443, 6.500051790413326813 ) ) ;
#5965 = ORIENTED_EDGE ( 'NONE', *, *, #3622, .T. ) ;
#5966 = CARTESIAN_POINT ( 'NONE',  ( 187.7370934521306367, 10.47639943015891006, 127.9100000000000819 ) ) ;
#5967 = CARTESIAN_POINT ( 'NONE',  ( 116.5377985239385055, 12.99783029045747185, 7.515831379635147691 ) ) ;
#5968 = CC_DESIGN_DATE_AND_TIME_ASSIGNMENT ( #3658, #6958, ( #2109 ) ) ;
#5969 = CARTESIAN_POINT ( 'NONE',  ( 362.7454693069057612, 4.809228537456396779, 371.7300000000000182 ) ) ;
#5970 = FACE_OUTER_BOUND ( 'NONE', #5714, .T. ) ;
#5971 = CARTESIAN_POINT ( 'NONE',  ( 346.0349935296347894, 3.470027587873206087, 339.7388830460959070 ) ) ;
#5972 = B_SPLINE_CURVE_WITH_KNOTS ( 'NONE', 3,
 ( #206, #845, #133, #7210, #6314, #1094 ),
 .UNSPECIFIED., .F., .F.,
 ( 4, 2, 4 ),
 ( 8.645083684516100671E-15, 0.0001382423254986966899, 0.0002764846509887483312 ),
 .UNSPECIFIED. ) ;
#5973 = CARTESIAN_POINT ( 'NONE',  ( 160.7357829972566492, 12.33494678899279151, 6.623215076133082135 ) ) ;
#5974 = CARTESIAN_POINT ( 'NONE',  ( 345.6701458021954636, 2.248833519798573821, 339.3126067911281893 ) ) ;
#5975 = CARTESIAN_POINT ( 'NONE',  ( 124.1794540957825177, 11.05032939783891344, 22.00000000000000000 ) ) ;
#5976 = PLANE ( 'NONE',  #5061 ) ;
#5977 = CARTESIAN_POINT ( 'NONE',  ( 363.7590103309769347, 4.772161408202709509, 371.7300000000000182 ) ) ;
#5978 = CARTESIAN_POINT ( 'NONE',  ( 161.3759973731930586, 13.89334309749509799, 5.999999999999990230 ) ) ;
#5979 = CARTESIAN_POINT ( 'NONE',  ( 124.1520498643517953, 13.11838239673312145, 7.343296085476423762 ) ) ;
#5980 = CARTESIAN_POINT ( 'NONE',  ( 116.7004492968672338, 15.17891718515335064, 5.999999999999998224 ) ) ;
#5981 = CARTESIAN_POINT ( 'NONE',  ( 140.5086960764005539, 12.85682748117535290, 23.11967179358273583 ) ) ;
#5982 = DIRECTION ( 'NONE',  ( -0.5033252570229841405, 1.084202172485442587E-13, -0.8640970348535788048 ) ) ;
#5983 = B_SPLINE_CURVE_WITH_KNOTS ( 'NONE', 3,
 ( #3211, #1965, #325, #5511, #817, #4340 ),
 .UNSPECIFIED., .F., .F.,
 ( 4, 1, 1, 4 ),
 ( 0.04800722820881971054, 0.05180296250971513916, 0.05565360102678757609, 0.05751251714717962871 ),
 .UNSPECIFIED. ) ;
#5984 = CARTESIAN_POINT ( 'NONE',  ( 122.9085005207648180, 12.98033730499975391, 11.60000000000059295 ) ) ;
#5985 = ORIENTED_EDGE ( 'NONE', *, *, #419, .T. ) ;
#5986 = CARTESIAN_POINT ( 'NONE',  ( 198.2099081239605312, 9.836762715494225873, 5.999999999999994671 ) ) ;
#5987 = EDGE_CURVE ( 'NONE', #5419, #4536, #3869, .T. ) ;
#5988 = CARTESIAN_POINT ( 'NONE',  ( 328.9270117103138773, 3.038687557054203126, 312.6946541227871990 ) ) ;
#5989 = CARTESIAN_POINT ( 'NONE',  ( 275.6526249610716377, 5.563826974987929219, 6.498680274717393957 ) ) ;
#5990 = CARTESIAN_POINT ( 'NONE',  ( 362.2214669582999704, 2.940612222790547126, 371.2299999407358087 ) ) ;
#5991 = CARTESIAN_POINT ( 'NONE',  ( 160.3215617817545251, 12.85929384538331810, 6.261642661512728303 ) ) ;
#5992 = CARTESIAN_POINT ( 'NONE',  ( 281.8619796087764939, 3.262533394773633244, 7.084143886893387254 ) ) ;
#5993 = CARTESIAN_POINT ( 'NONE',  ( 282.1450658148019670, 0.04373430142574420698, 6.499999999997972289 ) ) ;
#5994 = EDGE_LOOP ( 'NONE', ( #6172, #4501, #1067, #440 ) ) ;
#5995 = CARTESIAN_POINT ( 'NONE',  ( 337.4179549967105913, 3.786907212168307613, 340.1882742156631707 ) ) ;
#5996 = CARTESIAN_POINT ( 'NONE',  ( 219.6254680355026778, 2.217823643031367808, 249.8200000000000500 ) ) ;
#5997 = ORIENTED_EDGE ( 'NONE', *, *, #139, .F. ) ;
#5998 = CARTESIAN_POINT ( 'NONE',  ( 284.7273836036932266, 0.9003078290392001470, 23.24999999999981171 ) ) ;
#5999 = EDGE_CURVE ( 'NONE', #618, #3784, #4900, .T. ) ;
#6000 = CARTESIAN_POINT ( 'NONE',  ( 247.8403164837067152, 7.883060002280576128, 6.500051739897203973 ) ) ;
#6001 = CARTESIAN_POINT ( 'NONE',  ( 345.2429587115250342, 2.000386996948255280, 339.6753896626918277 ) ) ;
#6002 = CARTESIAN_POINT ( 'NONE',  ( 116.6045166664986255, 13.78325549289035301, 7.634400703614511841 ) ) ;
#6003 = B_SPLINE_CURVE_WITH_KNOTS ( 'NONE', 3,
 ( #5757, #662, #623, #55, #4077, #6324, #5285, #2915, #6919, #6364, #2360, #4681, #1817 ),
 .UNSPECIFIED., .F., .F.,
 ( 4, 3, 3, 3, 4 ),
 ( 1.029934999008205456E-16, 0.0003999999999999596326, 0.001999999999999997440, 0.008399999999999949174, 0.01772640090479018007 ),
 .UNSPECIFIED. ) ;
#6004 = CARTESIAN_POINT ( 'NONE',  ( 391.1780242378792991, 1.208739054267912172, 371.2299998604451048 ) ) ;
#6005 = CARTESIAN_POINT ( 'NONE',  ( 360.6378222340590014, 1.334786333984776530, 249.8200000000000500 ) ) ;
#6006 = ORIENTED_EDGE ( 'NONE', *, *, #6461, .F. ) ;
#6007 = CARTESIAN_POINT ( 'NONE',  ( 345.5717654304000916, 2.143444312478964608, 339.5072311329971626 ) ) ;
#6008 = ADVANCED_FACE ( 'NONE', ( #5147 ), #3544, .T. ) ;
#6009 = CARTESIAN_POINT ( 'NONE',  ( 174.6469512896547656, 11.15264229227845583, 7.239950138957267356 ) ) ;
#6010 = CARTESIAN_POINT ( 'NONE',  ( 345.6640690207558464, 2.250071547279043571, 339.1832669863032379 ) ) ;
#6011 = CONICAL_SURFACE ( 'NONE', #544, 1.000000000000002887, 0.05235987755983000091 ) ;
#6012 = CARTESIAN_POINT ( 'NONE',  ( 143.4545062918736278, 11.10791068261141845, 22.00000000000000000 ) ) ;
#6013 = VERTEX_POINT ( 'NONE', #6859 ) ;
#6014 = CARTESIAN_POINT ( 'NONE',  ( 333.7427069723729005, 4.656392727548051447, 340.0617074726542910 ) ) ;
#6015 = EDGE_CURVE ( 'NONE', #4478, #716, #1528, .T. ) ;
#6016 = CARTESIAN_POINT ( 'NONE',  ( 163.5316697303557589, 13.78492321453486369, 5.999999999999990230 ) ) ;
#6017 = CARTESIAN_POINT ( 'NONE',  ( 141.5928116935257890, 13.67884562925138958, 6.498726331551492486 ) ) ;
#6018 = CARTESIAN_POINT ( 'NONE',  ( 66.68617202000149291, 13.37789682418821791, 5.999999999999997335 ) ) ;
#6019 = CARTESIAN_POINT ( 'NONE',  ( 140.2056553498728988, 13.33008871790152838, 22.62262500397228493 ) ) ;
#6020 = CARTESIAN_POINT ( 'NONE',  ( 126.2031882349582759, 11.42398247527488131, 22.03316086975906885 ) ) ;
#6021 = CARTESIAN_POINT ( 'NONE',  ( 327.0505600978489156, 4.746885503160604536, 340.4849637353880780 ) ) ;
#6022 = VERTEX_POINT ( 'NONE', #2899 ) ;
#6023 = CARTESIAN_POINT ( 'NONE',  ( 388.1195292970462560, 1.249316865753610450, 371.7300000000000182 ) ) ;
#6024 = CARTESIAN_POINT ( 'NONE',  ( 333.9313862143789606, 4.665353656341477695, 340.3711787855937700 ) ) ;
#6025 = CARTESIAN_POINT ( 'NONE',  ( 277.7471540018651126, 4.483386471054767064, 7.385739973738463249 ) ) ;
#6026 = CARTESIAN_POINT ( 'NONE',  ( 204.8099086549000276, 9.424610044896065020, 128.5863912223668422 ) ) ;
#6027 = AXIS2_PLACEMENT_3D ( 'NONE', #4433, #6155, #1652 ) ;
#6028 = CARTESIAN_POINT ( 'NONE',  ( 281.2727362662652695, 3.519568666497247200, 7.652346369426619610 ) ) ;
#6029 = VERTEX_POINT ( 'NONE', #6490 ) ;
#6030 = CARTESIAN_POINT ( 'NONE',  ( 257.0651620030247386, 6.335948990120401803, 7.503778748935554965 ) ) ;
#6031 = CARTESIAN_POINT ( 'NONE',  ( 346.4222704243482553, 3.141468564385514917, 371.1240985238832764 ) ) ;
#6032 = ORIENTED_EDGE ( 'NONE', *, *, #7191, .T. ) ;
#6033 = CIRCLE ( 'NONE', #6518, 0.5000000000000063283 ) ;
#6034 = CARTESIAN_POINT ( 'NONE',  ( 284.8731226393596785, 0.1891485317152138690, 23.24999999999999645 ) ) ;
#6035 = CARTESIAN_POINT ( 'NONE',  ( 261.7672874867599262, 6.979638057439700560, 6.498710022801962971 ) ) ;
#6036 = CARTESIAN_POINT ( 'NONE',  ( 113.0711318738231057, 13.73525321044135694, 6.000000000000000000 ) ) ;
#6037 = CARTESIAN_POINT ( 'NONE',  ( 203.8844918918083806, 10.53615841136069520, 6.499999999999994671 ) ) ;
#6038 = AXIS2_PLACEMENT_3D ( 'NONE', #3348, #953, #4931 ) ;
#6039 = B_SPLINE_CURVE_WITH_KNOTS ( 'NONE', 3,
 ( #1182, #4680, #1737, #1219 ),
 .UNSPECIFIED., .F., .F.,
 ( 4, 4 ),
 ( 0.01830177309916122125, 0.02130537305501471745 ),
 .UNSPECIFIED. ) ;
#6040 = CARTESIAN_POINT ( 'NONE',  ( 284.2455199428205788, -0.02819154775197863991, 6.499999999999994671 ) ) ;
#6041 = EDGE_CURVE ( 'NONE', #2789, #4478, #36, .T. ) ;
#6042 = ORIENTED_EDGE ( 'NONE', *, *, #2562, .F. ) ;
#6043 = DIRECTION ( 'NONE',  ( 2.934069691653083452E-14, -1.000000000000000000, 0.000000000000000000 ) ) ;
#6044 = EDGE_LOOP ( 'NONE', ( #6313, #6168, #610, #4396 ) ) ;
#6045 = CARTESIAN_POINT ( 'NONE',  ( 345.7017792530936049, 3.482651843654649415, 340.0513672549184889 ) ) ;
#6046 = CARTESIAN_POINT ( 'NONE',  ( 199.0566024744182982, 10.29943863542555071, 6.623623365770978211 ) ) ;
#6047 = DIRECTION ( 'NONE',  ( -1.000000000000000000, 2.856580215031686687E-13, -1.027855647498751328E-16 ) ) ;
#6048 = CARTESIAN_POINT ( 'NONE',  ( 143.8615320257822816, 11.12165955380050519, 19.88179999999999836 ) ) ;
#6049 = ORIENTED_EDGE ( 'NONE', *, *, #7029, .F. ) ;
#6050 = CYLINDRICAL_SURFACE ( 'NONE', #3141, 0.5000000000000004441 ) ;
#6051 = CARTESIAN_POINT ( 'NONE',  ( 398.6910723721319982, 0.3824842858273778679, 371.0439506305588111 ) ) ;
#6052 = CARTESIAN_POINT ( 'NONE',  ( 141.5668072382424327, 13.00511073412083185, 6.879991828939396648 ) ) ;
#6053 = CARTESIAN_POINT ( 'NONE',  ( 95.87271770729765308, 14.42776916078273430, 6.000000000000018652 ) ) ;
#6054 = CARTESIAN_POINT ( 'NONE',  ( 263.7550730475615524, 7.181251776193819047, 206.0992331353583040 ) ) ;
#6055 = CARTESIAN_POINT ( 'NONE',  ( 312.2325398712327456, 3.791198268127057069, 286.2916755236710742 ) ) ;
#6056 = CARTESIAN_POINT ( 'NONE',  ( 124.4620720420737285, 12.64983665087257059, 20.25681491630157183 ) ) ;
#6057 = EDGE_CURVE ( 'NONE', #3784, #6230, #4099, .T. ) ;
#6058 = CARTESIAN_POINT ( 'NONE',  ( 127.9007055737611580, 13.91198023024274910, 6.517784284992042210 ) ) ;
#6059 = EDGE_LOOP ( 'NONE', ( #5528, #5296, #7135, #6804, #494, #3203 ) ) ;
#6060 = CARTESIAN_POINT ( 'NONE',  ( 339.9034205759789984, 3.215200874390814256, 249.8200000000000500 ) ) ;
#6061 = CARTESIAN_POINT ( 'NONE',  ( 352.8584166163682880, 4.010428803968236977, 371.4152559496089339 ) ) ;
#6062 = CARTESIAN_POINT ( 'NONE',  ( 277.7473848611887774, 4.485916935358685187, 7.519056405509950025 ) ) ;
#6063 = CARTESIAN_POINT ( 'NONE',  ( 365.9201290390127497, 2.788796089072240303, 371.2299999407358087 ) ) ;
#6064 = CARTESIAN_POINT ( 'NONE',  ( 281.1738749807792033, 3.561256160716232966, 7.361783516765030733 ) ) ;
#6065 = ORIENTED_EDGE ( 'NONE', *, *, #4368, .F. ) ;
#6066 = CARTESIAN_POINT ( 'NONE',  ( 328.0216589072955458, 3.973591414419888945, 340.2088123240901041 ) ) ;
#6067 = CARTESIAN_POINT ( 'NONE',  ( 220.7477554638690549, 2.470963823160841066, 249.8199999999998226 ) ) ;
#6068 = CARTESIAN_POINT ( 'NONE',  ( 259.9986545283152850, 6.494333764961869981, 6.790308392943654958 ) ) ;
#6069 = ORIENTED_EDGE ( 'NONE', *, *, #6375, .F. ) ;
#6070 = FACE_OUTER_BOUND ( 'NONE', #3427, .T. ) ;
#6071 = CARTESIAN_POINT ( 'NONE',  ( 259.8759731210270161, 7.200842475548608235, 6.499999999999984013 ) ) ;
#6072 = CARTESIAN_POINT ( 'NONE',  ( 280.7857049816363428, 3.793341455057044787, 7.644336661941096622 ) ) ;
#6073 = CARTESIAN_POINT ( 'NONE',  ( 144.9223599702402225, 11.56242247966777370, 22.50000000000000000 ) ) ;
#6074 = CARTESIAN_POINT ( 'NONE',  ( 387.3465649610988066, 1.497744404649519634, 371.2299999850462768 ) ) ;
#6075 = VERTEX_POINT ( 'NONE', #5339 ) ;
#6076 = DIRECTION ( 'NONE',  ( 0.000000000000000000, -0.5551850260663445669, 0.8317268703316684775 ) ) ;
#6077 = EDGE_LOOP ( 'NONE', ( #1119, #1421, #1056, #2159 ) ) ;
#6078 = CARTESIAN_POINT ( 'NONE',  ( 345.6451335995968179, 2.196888072987783769, 339.3086376953694980 ) ) ;
#6079 = CARTESIAN_POINT ( 'NONE',  ( 144.9223599702402225, 11.56242247966777370, 22.50000000000000000 ) ) ;
#6080 = CARTESIAN_POINT ( 'NONE',  ( 192.0638653585351676, 10.21172160117557581, 7.240925519113136311 ) ) ;
#6081 = CARTESIAN_POINT ( 'NONE',  ( 286.8778925817642289, 0.005542933998916417353, 21.40472695411254733 ) ) ;
#6082 = EDGE_CURVE ( 'NONE', #4328, #945, #1110, .T. ) ;
#6083 = CARTESIAN_POINT ( 'NONE',  ( 283.4807503126215238, 0.8428482793733574896, 6.499999999999979572 ) ) ;
#6084 = EDGE_LOOP ( 'NONE', ( #5874, #3092, #2821, #3892 ) ) ;
#6085 = CARTESIAN_POINT ( 'NONE',  ( 123.9421920655660188, 11.99162432140981771, 22.99999999999999645 ) ) ;
#6086 = DIRECTION ( 'NONE',  ( 0.000000000000000000, 0.0003598203108569592674, 0.9999999352646697925 ) ) ;
#6087 = CARTESIAN_POINT ( 'NONE',  ( 138.0836083930778670, 13.00349329460285119, 7.108329315196236564 ) ) ;
#6088 = CARTESIAN_POINT ( 'NONE',  ( 240.5793766907592044, 7.434544527913758749, 249.8200000000000216 ) ) ;
#6089 = ADVANCED_FACE ( 'NONE', ( #1910 ), #186, .F. ) ;
#6090 = CARTESIAN_POINT ( 'NONE',  ( 150.2889400804381239, 14.48641188163132121, 6.499999999999995559 ) ) ;
#6091 = CARTESIAN_POINT ( 'NONE',  ( 391.2454693069067275, 1.203306126746684690, 371.2300000000000182 ) ) ;
#6092 = CARTESIAN_POINT ( 'NONE',  ( 398.3764861522328715, 0.6278564537427181458, 371.2300000000000182 ) ) ;
#6093 = CARTESIAN_POINT ( 'NONE',  ( 284.7088813635833162, 2.887144112674800756, 22.93951721983921388 ) ) ;
#6094 = ORIENTED_EDGE ( 'NONE', *, *, #3528, .F. ) ;
#6095 = CARTESIAN_POINT ( 'NONE',  ( 359.9320583253073664, 1.582037761680038956, 249.8200000000000500 ) ) ;
#6096 = B_SPLINE_CURVE_WITH_KNOTS ( 'NONE', 3,
 ( #6359, #4638, #6913, #1847, #3504, #799, #2986, #696, #1365, #5752, #3541, #6469, #3057, #7027 ),
 .UNSPECIFIED., .F., .F.,
 ( 4, 2, 2, 2, 2, 2, 4 ),
 ( -6.000000010517882856E-08, 0.0005262952371570254377, 0.001052650474314155904, 0.002105360948628320558, 0.003158071422942484129, 0.003684426660099549434, 0.004210781897256613004 ),
 .UNSPECIFIED. ) ;
#6097 = CARTESIAN_POINT ( 'NONE',  ( 331.2073612062563939, 3.904159493710513296, 338.9421266613285866 ) ) ;
#6098 = DIRECTION ( 'NONE',  ( -2.934069691653083452E-14, 1.000000000000000000, -0.000000000000000000 ) ) ;
#6099 = CARTESIAN_POINT ( 'NONE',  ( 278.1730334813686909, 4.444958541832713550, 7.388498812681179473 ) ) ;
#6100 = CARTESIAN_POINT ( 'NONE',  ( 391.2454693069067275, 1.203306126746684690, 371.2300000000000182 ) ) ;
#6101 = CARTESIAN_POINT ( 'NONE',  ( 281.6433634357890128, 3.309117368741040899, 7.652503056632165901 ) ) ;
#6102 = CARTESIAN_POINT ( 'NONE',  ( 388.7455510008834949, 1.393985762785452609, 371.2299998310068077 ) ) ;
#6103 = CARTESIAN_POINT ( 'NONE',  ( 320.4406274184058248, 1.603508242932089933, 371.7299999999997908 ) ) ;
#6104 = CARTESIAN_POINT ( 'NONE',  ( 397.5229035185649309, 2.607911380471784391, 371.7300000000000182 ) ) ;
#6105 = CARTESIAN_POINT ( 'NONE',  ( 260.0327371095086164, 7.208184284747528814, 6.500051298045337766 ) ) ;
#6106 = ORIENTED_EDGE ( 'NONE', *, *, #6875, .F. ) ;
#6107 = CARTESIAN_POINT ( 'NONE',  ( 282.4068526397741152, 2.314615486358721164, 23.25000000000001421 ) ) ;
#6108 = CARTESIAN_POINT ( 'NONE',  ( 331.2690516989206913, 3.489980109695952404, 336.3933293014160313 ) ) ;
#6109 = CARTESIAN_POINT ( 'NONE',  ( 362.2454695266913518, 2.939629131506186877, 371.2299999802452248 ) ) ;
#6110 = CARTESIAN_POINT ( 'NONE',  ( 317.6665592455723299, 1.770179861957574596, 144.1343487986805201 ) ) ;
#6111 = VERTEX_POINT ( 'NONE', #6386 ) ;
#6112 = CARTESIAN_POINT ( 'NONE',  ( 398.3596031852032979, 0.4285986541758806667, 371.0333607642077709 ) ) ;
#6113 = ORIENTED_EDGE ( 'NONE', *, *, #6883, .T. ) ;
#6114 = CARTESIAN_POINT ( 'NONE',  ( 347.5362382442722264, 3.406082433443495816, 339.7260751323570389 ) ) ;
#6115 = CARTESIAN_POINT ( 'NONE',  ( 185.1359617742785133, 11.31396640243498730, 6.523918335847956662 ) ) ;
#6116 = DIRECTION ( 'NONE',  ( -2.775557561562891351E-13, -1.000000000000000000, 0.000000000000000000 ) ) ;
#6117 = CARTESIAN_POINT ( 'NONE',  ( 163.3759776780103152, 12.70438129231865965, 6.499999999999992006 ) ) ;
#6118 = VERTEX_POINT ( 'NONE', #1281 ) ;
#6119 = CARTESIAN_POINT ( 'NONE',  ( 132.6316345978147808, 12.18415921914085054, 22.99999999999998579 ) ) ;
#6120 = CARTESIAN_POINT ( 'NONE',  ( 338.9262819884544911, 2.245657183962739278, 339.5287799021085107 ) ) ;
#6121 = AXIS2_PLACEMENT_3D ( 'NONE', #3768, #1506, #431 ) ;
#6122 = CARTESIAN_POINT ( 'NONE',  ( 233.8717974182155217, 8.071986012224154905, 6.791989963737884217 ) ) ;
#6123 = CARTESIAN_POINT ( 'NONE',  ( 139.8202215708777487, 12.86791077539633932, 7.493015139591284957 ) ) ;
#6124 = CARTESIAN_POINT ( 'NONE',  ( 255.0206034485291013, 8.175718532558649443, 249.8200000000000216 ) ) ;
#6125 = CARTESIAN_POINT ( 'NONE',  ( 367.8691830463014298, 2.574695484017551106, 371.1723037282883411 ) ) ;
#6126 = CARTESIAN_POINT ( 'NONE',  ( 390.7454693069067844, 1.241910405717955301, 371.7300000000000182 ) ) ;
#6127 = DIRECTION ( 'NONE',  ( 0.08442675571318454530, 0.9964296878956117043, 0.000000000000000000 ) ) ;
#6128 = CARTESIAN_POINT ( 'NONE',  ( 399.4855601302416517, 0.2688767698438518372, 371.2300000000000182 ) ) ;
#6129 = CARTESIAN_POINT ( 'NONE',  ( 333.7590008504482739, 4.667297633078318242, 340.4763352449670037 ) ) ;
#6130 = CARTESIAN_POINT ( 'NONE',  ( 281.7559832943646256, 5.444556108484675860, 6.500000000000005329 ) ) ;
#6131 = EDGE_CURVE ( 'NONE', #3085, #3344, #6618, .T. ) ;
#6132 = ORIENTED_EDGE ( 'NONE', *, *, #1642, .T. ) ;
#6133 = CARTESIAN_POINT ( 'NONE',  ( 352.5082294500052171, 2.364184513192147286, 249.8200000000000500 ) ) ;
#6134 = CARTESIAN_POINT ( 'NONE',  ( 391.8465317513130799, 1.158973849656940169, 371.2299886610024373 ) ) ;
#6135 = CARTESIAN_POINT ( 'NONE',  ( 118.0797756145510533, 12.93141071664986619, 9.967734053480022283 ) ) ;
#6136 = CARTESIAN_POINT ( 'NONE',  ( 228.7685320722619906, 7.573352060194171287, 154.2720720956538116 ) ) ;
#6137 = CARTESIAN_POINT ( 'NONE',  ( 276.4661005768043651, 4.891822675777652840, 6.796563549741751586 ) ) ;
#6138 = CARTESIAN_POINT ( 'NONE',  ( 410.3064305862801575, -1.373790708980595632, 371.7300000000000182 ) ) ;
#6139 = CARTESIAN_POINT ( 'NONE',  ( 281.3492366024588023, 4.625363566703597051, 6.500061427019216076 ) ) ;
#6140 = CARTESIAN_POINT ( 'NONE',  ( 138.4730207175536805, 11.18421461228186509, 22.48877096162082267 ) ) ;
#6141 = EDGE_CURVE ( 'NONE', #5306, #1539, #3533, .T. ) ;
#6142 = B_SPLINE_CURVE_WITH_KNOTS ( 'NONE', 3,
 ( #5007, #2275, #1170, #6829, #1059, #499, #2867, #7288, #5605, #6394 ),
 .UNSPECIFIED., .F., .F.,
 ( 4, 3, 3, 4 ),
 ( 0.0005857612507927966502, 0.002000000000000064226, 0.008400000000000015093, 0.03661437544174285519 ),
 .UNSPECIFIED. ) ;
#6143 = CARTESIAN_POINT ( 'NONE',  ( 144.1221504462058078, 7.499843110859236717, 127.9100000000000250 ) ) ;
#6144 = CARTESIAN_POINT ( 'NONE',  ( 245.4538406004712101, 9.110688087777933930, 5.999999999999991118 ) ) ;
#6145 = CARTESIAN_POINT ( 'NONE',  ( 258.2771958242652772, 7.023452781197078387, 6.523840404984767360 ) ) ;
#6146 = CARTESIAN_POINT ( 'NONE',  ( 274.9544203829172488, 5.227580642038358150, 23.25000000000592593 ) ) ;
#6147 = AXIS2_PLACEMENT_3D ( 'NONE', #6377, #5222, #5698 ) ;
#6148 = DIRECTION ( 'NONE',  ( 2.856580399953362705E-13, 0.9999999352646697925, -0.0003598203108568317652 ) ) ;
#6149 = CARTESIAN_POINT ( 'NONE',  ( 281.2335644416243667, 4.524929086175544235, 6.498466356102466257 ) ) ;
#6150 = CARTESIAN_POINT ( 'NONE',  ( 280.8839592877504856, 3.740325841761427128, 7.652181504754302033 ) ) ;
#6151 = EDGE_CURVE ( 'NONE', #3909, #3879, #786, .T. ) ;
#6152 = CARTESIAN_POINT ( 'NONE',  ( 383.0309642693719638, -0.006335832807586086121, 289.6480701340989299 ) ) ;
#6153 = ORIENTED_EDGE ( 'NONE', *, *, #1712, .F. ) ;
#6154 = AXIS2_PLACEMENT_3D ( 'NONE', #3406, #637, #5700 ) ;
#6155 = DIRECTION ( 'NONE',  ( -0.000000000000000000, 0.000000000000000000, 1.000000000000000000 ) ) ;
#6156 = ORIENTED_EDGE ( 'NONE', *, *, #2478, .T. ) ;
#6157 = CARTESIAN_POINT ( 'NONE',  ( 178.1445259124302538, 11.23579349231369129, 6.790929875973003682 ) ) ;
#6158 = CARTESIAN_POINT ( 'NONE',  ( 140.0329084879955701, 13.16310915821824068, 22.61543961809131531 ) ) ;
#6159 = B_SPLINE_CURVE_WITH_KNOTS ( 'NONE', 3,
 ( #275, #1432, #3194, #3128, #7204, #5497, #1538, #4814, #5420, #383 ),
 .UNSPECIFIED., .F., .F.,
 ( 4, 2, 2, 2, 4 ),
 ( 6.163092951410442266E-15, 0.004360340839887478885, 0.008720681679768794298, 0.01308102251965011058, 0.01744136335953142339 ),
 .UNSPECIFIED. ) ;
#6160 = VECTOR ( 'NONE', #713, 1000.000000000000114 ) ;
#6161 = CARTESIAN_POINT ( 'NONE',  ( 163.8759731128713213, 12.67908881549804967, 6.500000024331243687 ) ) ;
#6162 = ORIENTED_EDGE ( 'NONE', *, *, #419, .F. ) ;
#6163 = CARTESIAN_POINT ( 'NONE',  ( 332.9307882386491997, 3.419984784828988822, 338.7299999999999613 ) ) ;
#6164 = CARTESIAN_POINT ( 'NONE',  ( 130.2682984466559617, 13.88832394395339698, 6.323392215854007681 ) ) ;
#6165 = CARTESIAN_POINT ( 'NONE',  ( 233.9147082934460400, 8.787062101392701052, 6.500051611431691967 ) ) ;
#6166 = CARTESIAN_POINT ( 'NONE',  ( 139.8229338526452352, 12.94695814834419423, 7.110162594867349029 ) ) ;
#6167 = CARTESIAN_POINT ( 'NONE',  ( 27.87997873319632447, 7.307669287809093639, 6.000000000000000888 ) ) ;
#6168 = ORIENTED_EDGE ( 'NONE', *, *, #5907, .T. ) ;
#6169 = CARTESIAN_POINT ( 'NONE',  ( 263.8759719363414433, 6.973199570974130346, 6.500000235663057957 ) ) ;
#6170 = CARTESIAN_POINT ( 'NONE',  ( 333.3728194581909179, 4.597512987053971933, 339.9058395899315315 ) ) ;
#6171 = CARTESIAN_POINT ( 'NONE',  ( 325.9303152886805606, 3.714735122397265776, 338.7131361059899746 ) ) ;
#6172 = ORIENTED_EDGE ( 'NONE', *, *, #310, .F. ) ;
#6173 = CARTESIAN_POINT ( 'NONE',  ( 395.0231811134153190, 0.7152392752401597331, 371.7300000000000750 ) ) ;
#6174 = CARTESIAN_POINT ( 'NONE',  ( 387.4767334866178317, 1.290593800597419794, 371.0849112515369370 ) ) ;
#6175 = CARTESIAN_POINT ( 'NONE',  ( 363.7590103309769347, 4.772161408202709509, 371.2300000000000182 ) ) ;
#6176 = CARTESIAN_POINT ( 'NONE',  ( 163.5938674981040890, 11.76993580944308349, 47.68058876978717109 ) ) ;
#6177 = CARTESIAN_POINT ( 'NONE',  ( 277.3585065619691363, 5.019439352022357248, 6.625598368742367406 ) ) ;
#6178 = CARTESIAN_POINT ( 'NONE',  ( 281.9601679817147328, 5.121027076832231906, 6.000000000000000000 ) ) ;
#6179 = EDGE_CURVE ( 'NONE', #5803, #4328, #4300, .T. ) ;
#6180 = CARTESIAN_POINT ( 'NONE',  ( 280.9041282393206416, 3.760546637593277897, 7.222790217424519987 ) ) ;
#6181 = FACE_OUTER_BOUND ( 'NONE', #2232, .T. ) ;
#6182 = CARTESIAN_POINT ( 'NONE',  ( 138.2768186364304768, 6.677621449543372556, 127.9100000000000250 ) ) ;
#6183 = CARTESIAN_POINT ( 'NONE',  ( 241.3129427409182028, 9.384985381781422831, 6.000000000000002665 ) ) ;
#6184 = CARTESIAN_POINT ( 'NONE',  ( 260.0201397787231485, 6.944320884674141325, 6.523839980569809072 ) ) ;
#6185 = DIRECTION ( 'NONE',  ( -3.101065548554104156E-14, 0.0003598203108568362647, 0.9999999352646697925 ) ) ;
#6186 = CARTESIAN_POINT ( 'NONE',  ( 135.4687588944780714, 13.50182692242900373, 21.65013276674383391 ) ) ;
#6187 = ADVANCED_FACE ( 'NONE', ( #4700 ), #3565, .F. ) ;
#6188 = CARTESIAN_POINT ( 'NONE',  ( 280.7476753784766856, 3.812546653496582838, 7.641218645446629765 ) ) ;
#6189 = CARTESIAN_POINT ( 'NONE',  ( 289.9216473163282899, 0.01700151008772095990, 53.24999805794006846 ) ) ;
#6190 = CARTESIAN_POINT ( 'NONE',  ( 398.4532829405426355, -0.002923714942110230541, 333.8529645887142010 ) ) ;
#6191 = EDGE_LOOP ( 'NONE', ( #2583, #2637, #2809, #4944 ) ) ;
#6192 = CARTESIAN_POINT ( 'NONE',  ( 393.3893492940820238, 0.6193215670480671786, 357.3728949335491620 ) ) ;
#6193 = EDGE_LOOP ( 'NONE', ( #311, #2401, #4296, #1897, #1730 ) ) ;
#6194 = B_SPLINE_CURVE_WITH_KNOTS ( 'NONE', 3,
 ( #6838, #4076, #6323, #1816, #6363, #1301, #3547, #5838, #2990, #738 ),
 .UNSPECIFIED., .F., .F.,
 ( 4, 2, 2, 2, 4 ),
 ( 0.000000000000000000, 0.0005598771237181644767, 0.001119754247436328953, 0.001679631371154493430, 0.002239508494872657907 ),
 .UNSPECIFIED. ) ;
#6195 = CARTESIAN_POINT ( 'NONE',  ( 273.6323296970092542, 3.571361987414297445, 23.23329678306363988 ) ) ;
#6196 = CARTESIAN_POINT ( 'NONE',  ( 206.0112785651354272, 9.703765398791841079, 6.791535522301355599 ) ) ;
#6197 = CARTESIAN_POINT ( 'NONE',  ( 140.2056553498649976, 13.33008871787925820, 22.62262500395939568 ) ) ;
#6198 = DIRECTION ( 'NONE',  ( -1.000000000000000000, 0.000000000000000000, -0.000000000000000000 ) ) ;
#6199 = B_SPLINE_CURVE_WITH_KNOTS ( 'NONE', 3,
 ( #5562, #1090, #4431, #3908 ),
 .UNSPECIFIED., .F., .F.,
 ( 4, 4 ),
 ( 0.000000000000000000, 0.001258559839787413460 ),
 .UNSPECIFIED. ) ;
#6200 = ORIENTED_EDGE ( 'NONE', *, *, #5325, .F. ) ;
#6201 = CARTESIAN_POINT ( 'NONE',  ( 190.8981521820271325, 9.174692075069904362, 128.2433333333331120 ) ) ;
#6202 = CARTESIAN_POINT ( 'NONE',  ( 159.8759731210269877, 13.97008711698096839, 6.499999999999992006 ) ) ;
#6203 = CARTESIAN_POINT ( 'NONE',  ( 145.0600070826900208, 13.15693470773934237, 6.622751306722388875 ) ) ;
#6204 = CARTESIAN_POINT ( 'NONE',  ( 315.0001695888424251, 2.792735568472530350, 371.7300000000000182 ) ) ;
#6205 = DIRECTION ( 'NONE',  ( 0.000000000000000000, -0.0003598203108566928247, -0.9999999352646699036 ) ) ;
#6206 = CARTESIAN_POINT ( 'NONE',  ( 336.7899616766891882, 3.947794079591275374, 371.7300000000002456 ) ) ;
#6207 = CARTESIAN_POINT ( 'NONE',  ( 122.2697270599223458, 13.92137111170898400, 6.517483356119665672 ) ) ;
#6208 = ORIENTED_EDGE ( 'NONE', *, *, #725, .T. ) ;
#6209 = CARTESIAN_POINT ( 'NONE',  ( 309.3031486296501953, 4.068972095811863809, 127.9100000000000250 ) ) ;
#6210 = CARTESIAN_POINT ( 'NONE',  ( 372.2293302249925091, 2.338204250414807728, 371.1725394910085356 ) ) ;
#6211 = CARTESIAN_POINT ( 'NONE',  ( 163.8200369319441450, 13.77044176369608408, 6.496861291257013171 ) ) ;
#6212 = CARTESIAN_POINT ( 'NONE',  ( 365.7454693069067275, 4.687899383849828183, 371.7300000000000182 ) ) ;
#6213 = CARTESIAN_POINT ( 'NONE',  ( 279.4089308365216766, 4.455940247691007272, 6.907244590835535547 ) ) ;
#6214 = CARTESIAN_POINT ( 'NONE',  ( 391.2454693069111613, 3.101008161908155092, 371.2300000000000182 ) ) ;
#6215 = B_SPLINE_SURFACE_WITH_KNOTS ( 'NONE', 3, 3, ( 
 ( #3898, #1116, #5552, #6138 ),
 ( #1149, #5135, #3330, #5625 ),
 ( #7304, #557, #446, #2257 ),
 ( #3973, #3365, #2179, #1007 ),
 ( #2696, #593, #2804, #3402 ),
 ( #5587, #2216, #5657, #4422 ),
 ( #4458, #6849, #6705, #5696 ),
 ( #6811, #4989, #7272, #5098 ),
 ( #6254, #1708, #519, #3860 ),
 ( #2732, #29, #1637, #2763 ),
 ( #6178, #2295, #6737, #5060 ),
 ( #7341, #4571, #6775, #1749 ) ),
 .UNSPECIFIED., .F., .F., .F.,
 ( 4, 1, 1, 1, 2, 1, 1, 1, 4 ),
 ( 4, 4 ),
 ( 0.4811885882794141867, 0.4838966004826276146, 0.4866046126858411536, 0.4893126248890547481, 0.4920206370922682315, 0.4947412617420390846, 0.4974618863918099376, 0.5001825110415806241, 0.5029031356913514772 ),
 ( 0.000000000000000000, 1.000000000000000000 ),
 .UNSPECIFIED. ) ;
#6216 = CARTESIAN_POINT ( 'NONE',  ( 280.9814558976347030, 4.063217869530907578, 6.734258983638925500 ) ) ;
#6217 = CARTESIAN_POINT ( 'NONE',  ( 387.2214674436712585, 1.507022516181536487, 371.2299998310068077 ) ) ;
#6218 = ORIENTED_EDGE ( 'NONE', *, *, #7320, .F. ) ;
#6219 = CARTESIAN_POINT ( 'NONE',  ( 328.6531809088590990, 2.580934871305215150, 371.7300000000002456 ) ) ;
#6220 = EDGE_CURVE ( 'NONE', #2484, #298, #6973, .T. ) ;
#6221 = CARTESIAN_POINT ( 'NONE',  ( 228.8784080693685894, 10.15474915836649039, 5.999999999999991118 ) ) ;
#6222 = CARTESIAN_POINT ( 'NONE',  ( 263.4543770106056968, 6.031337077257022727, 7.243265815371692007 ) ) ;
#6223 = CARTESIAN_POINT ( 'NONE',  ( 127.1377783316322905, 12.86634679785429292, 16.08691937151731111 ) ) ;
#6224 = CARTESIAN_POINT ( 'NONE',  ( 272.9631958931149711, 5.187607786365614260, 6.895858499974393929 ) ) ;
#6225 = CARTESIAN_POINT ( 'NONE',  ( 163.3759731210269877, 12.70428536938993602, 5.999999999999991118 ) ) ;
#6226 = CARTESIAN_POINT ( 'NONE',  ( 332.3496095938668304, 3.440830695550626039, 338.1819950974064000 ) ) ;
#6227 = CARTESIAN_POINT ( 'NONE',  ( 272.3295035466496188, 5.546793188569376198, 24.97238870133445943 ) ) ;
#6228 = CARTESIAN_POINT ( 'NONE',  ( 332.8979890622670723, 3.991548049249294738, 338.6762028569955874 ) ) ;
#6229 = ADVANCED_FACE ( 'NONE', ( #1938 ), #1695, .F. ) ;
#6230 = VERTEX_POINT ( 'NONE', #4871 ) ;
#6231 = CARTESIAN_POINT ( 'NONE',  ( 199.0503681588115512, 10.18720510820033098, 6.698053331928873533 ) ) ;
#6232 = CARTESIAN_POINT ( 'NONE',  ( 140.2444857440049759, 13.11357917301287124, 22.68631453825815925 ) ) ;
#6233 = EDGE_LOOP ( 'NONE', ( #4259, #3569, #3050, #2164, #800, #2140 ) ) ;
#6234 = CARTESIAN_POINT ( 'NONE',  ( 203.5098114051874347, 9.250368810760701166, 128.2433333333333394 ) ) ;
#6235 = ORIENTED_EDGE ( 'NONE', *, *, #3666, .F. ) ;
#6236 = EDGE_CURVE ( 'NONE', #43, #14, #1378, .T. ) ;
#6237 = B_SPLINE_CURVE_WITH_KNOTS ( 'NONE', 3,
 ( #2576, #2504, #4231, #7242, #907, #2119 ),
 .UNSPECIFIED., .F., .F.,
 ( 4, 2, 4 ),
 ( 0.000000000000000000, 0.0003907874792334086237, 0.0007815749584668172474 ),
 .UNSPECIFIED. ) ;
#6238 = DIRECTION ( 'NONE',  ( 2.856580399953362705E-13, 0.9999999352646700146, -0.0003598203108568317110 ) ) ;
#6239 = CARTESIAN_POINT ( 'NONE',  ( 150.2574598072007177, 12.42564788195136671, 7.240196744101377035 ) ) ;
#6240 = CARTESIAN_POINT ( 'NONE',  ( 129.9540301421309891, 7.303291524828875225, 127.9099999999999966 ) ) ;
#6241 = DIRECTION ( 'NONE',  ( 0.000000000000000000, 0.0003598203108568571898, 0.9999999352646697925 ) ) ;
#6242 = CARTESIAN_POINT ( 'NONE',  ( 362.7454693069067275, 2.920271492011041303, 371.5978955232887984 ) ) ;
#6243 = CARTESIAN_POINT ( 'NONE',  ( 200.0894647247496039, 11.82954797970040595, 6.500000000000014211 ) ) ;
#6244 = EDGE_CURVE ( 'NONE', #2654, #5449, #6358, .T. ) ;
#6245 = CARTESIAN_POINT ( 'NONE',  ( 387.4487188924047132, 3.387636148075519937, 371.2299995642491126 ) ) ;
#6246 = CIRCLE ( 'NONE', #5538, 1.463465304664038902 ) ;
#6247 = ORIENTED_EDGE ( 'NONE', *, *, #1060, .F. ) ;
#6248 = CARTESIAN_POINT ( 'NONE',  ( 289.9216473163277783, 0.01700151008772075520, 53.24999805794006136 ) ) ;
#6249 = CARTESIAN_POINT ( 'NONE',  ( 359.1443541690636607, 2.945698817675181491, 371.2090661255219857 ) ) ;
#6250 = CARTESIAN_POINT ( 'NONE',  ( 394.0095990770574872, 0.8114814193153480071, 371.1366940920295860 ) ) ;
#6251 = CARTESIAN_POINT ( 'NONE',  ( 118.9328741150395672, 13.07509374161866056, 7.331989986704975593 ) ) ;
#6252 = CARTESIAN_POINT ( 'NONE',  ( 390.7454693069068412, 3.139481527006156014, 371.6100550727074960 ) ) ;
#6253 = CARTESIAN_POINT ( 'NONE',  ( 280.4226681041732832, 5.044794109976219687, 6.500057313467691777 ) ) ;
#6254 = CARTESIAN_POINT ( 'NONE',  ( 283.4575602256060733, 3.046024932656777207, 6.000000000000007105 ) ) ;
#6255 = CARTESIAN_POINT ( 'NONE',  ( 281.0309578809860227, 4.033998981800122507, 6.735305646481561936 ) ) ;
#6256 = CARTESIAN_POINT ( 'NONE',  ( 140.5663158043534509, 12.70224880116442989, 23.21417955537900468 ) ) ;
#6257 = CARTESIAN_POINT ( 'NONE',  ( 345.6548854657251013, 2.236897752390361926, 339.1925348909139188 ) ) ;
#6258 = CARTESIAN_POINT ( 'NONE',  ( 153.7367886138551114, 8.368544459672667912, 127.9100000000000819 ) ) ;
#6259 = CARTESIAN_POINT ( 'NONE',  ( 125.9887513554572536, 11.08930432295751345, 22.47691210920356042 ) ) ;
#6260 = CARTESIAN_POINT ( 'NONE',  ( 299.4329909883222740, 6.721376255211843009, 127.9099999999999966 ) ) ;
#6261 = CARTESIAN_POINT ( 'NONE',  ( 265.1763238221680012, 5.888850851076945503, 7.514342900451266516 ) ) ;
#6262 = CARTESIAN_POINT ( 'NONE',  ( 275.2681033946056459, 3.109950108140150604, 23.24999999999992895 ) ) ;
#6263 = CARTESIAN_POINT ( 'NONE',  ( 270.3370471849761998, 5.328206163731267431, 7.530837340559616955 ) ) ;
#6264 = CARTESIAN_POINT ( 'NONE',  ( 126.6597657048814085, 12.54409156088256161, 23.13497675915587948 ) ) ;
#6265 = CARTESIAN_POINT ( 'NONE',  ( 281.3248637590419889, 3.313528600596399976, 7.736883086072351645 ) ) ;
#6266 = CARTESIAN_POINT ( 'NONE',  ( 406.1644413168360188, -0.001217641448667001547, 355.9554121507009086 ) ) ;
#6267 = CARTESIAN_POINT ( 'NONE',  ( 330.3461644497199927, 3.928030755558163722, 338.9492180110273694 ) ) ;
#6268 = ORIENTED_EDGE ( 'NONE', *, *, #5455, .T. ) ;
#6269 = AXIS2_PLACEMENT_3D ( 'NONE', #7297, #2653, #2171 ) ;
#6270 = CARTESIAN_POINT ( 'NONE',  ( 216.4781195626251815, 9.427478181618537789, 6.573916794651329276 ) ) ;
#6271 = CARTESIAN_POINT ( 'NONE',  ( 346.9085266302274704, 3.431249434460528658, 340.9263559934997261 ) ) ;
#6272 = CARTESIAN_POINT ( 'NONE',  ( 286.0592957046800393, 2.578192231587945304, 20.72054001768589870 ) ) ;
#6273 = ADVANCED_FACE ( 'NONE', ( #825 ), #2537, .F. ) ;
#6274 = ADVANCED_FACE ( 'NONE', ( #5405 ), #1172, .F. ) ;
#6275 = CIRCLE ( 'NONE', #3885, 0.2000000000000000111 ) ;
#6276 = ORIENTED_EDGE ( 'NONE', *, *, #538, .F. ) ;
#6277 = CARTESIAN_POINT ( 'NONE',  ( 140.4357342787878054, 12.14011918338286655, 23.00000000000000000 ) ) ;
#6278 = ORIENTED_EDGE ( 'NONE', *, *, #1740, .F. ) ;
#6279 = DIRECTION ( 'NONE',  ( -2.856580399953362705E-13, -0.9999999352646699036, 0.0003598203108568317652 ) ) ;
#6280 = B_SPLINE_CURVE_WITH_KNOTS ( 'NONE', 3,
 ( #6021, #927, #3105, #1999, #5434, #819, #250, #4791, #7073, #2471 ),
 .UNSPECIFIED., .F., .F.,
 ( 4, 2, 2, 2, 4 ),
 ( 0.000000000000000000, 0.0005070874549876981576, 0.001014174909975396315, 0.001521262364963094473, 0.002028349819950792630 ),
 .UNSPECIFIED. ) ;
#6281 = CARTESIAN_POINT ( 'NONE',  ( 153.7865929114316259, 13.08100947753753474, 6.498710410736848964 ) ) ;
#6282 = CARTESIAN_POINT ( 'NONE',  ( 316.2379315894182810, 3.025524862744396692, 371.7300000000000750 ) ) ;
#6283 = AXIS2_PLACEMENT_3D ( 'NONE', #2549, #4949, #483 ) ;
#6284 = DIRECTION ( 'NONE',  ( 2.856580399953362705E-13, 0.9999999352646697925, -0.0003598203108568317652 ) ) ;
#6285 = CARTESIAN_POINT ( 'NONE',  ( 324.9880312403000744, 2.485303700677022665, 339.7299999999999613 ) ) ;
#6286 = CARTESIAN_POINT ( 'NONE',  ( 333.5636538997608227, 4.658292963039230017, 340.1878369339648316 ) ) ;
#6287 = LOCAL_TIME ( 8, 56, 26.00000000000000000, #4820 ) ;
#6288 = CARTESIAN_POINT ( 'NONE',  ( 280.8985905445554749, 3.742415253199200986, 7.710906843997991977 ) ) ;
#6289 = ORIENTED_EDGE ( 'NONE', *, *, #771, .T. ) ;
#6290 = CARTESIAN_POINT ( 'NONE',  ( 401.4259729599374396, 0.1763857698171943933, 371.7300000000000182 ) ) ;
#6291 = CARTESIAN_POINT ( 'NONE',  ( 346.0491869931693145, 3.330794431911457298, 371.2299881210761328 ) ) ;
#6292 = CARTESIAN_POINT ( 'NONE',  ( 117.1911371396770818, 13.24674609837030381, 6.861300766495459946 ) ) ;
#6293 = B_SPLINE_CURVE_WITH_KNOTS ( 'NONE', 3,
 ( #3874, #6653, #3309, #6195 ),
 .UNSPECIFIED., .F., .F.,
 ( 4, 4 ),
 ( 0.000000000000000000, 0.1950379053810505359 ),
 .UNSPECIFIED. ) ;
#6294 = CC_DESIGN_PERSON_AND_ORGANIZATION_ASSIGNMENT ( #4785, #2958, ( #1463 ) ) ;
#6295 = CARTESIAN_POINT ( 'NONE',  ( 247.8180833483388028, 9.871369735343805019, 199.1283127763246341 ) ) ;
#6296 = CARTESIAN_POINT ( 'NONE',  ( 283.9612356547658578, 2.108095809184595826, 23.25000000000029132 ) ) ;
#6297 = CARTESIAN_POINT ( 'NONE',  ( 280.2562297720045876, 4.534975793280956680, 6.637329155843321615 ) ) ;
#6298 = DIRECTION ( 'NONE',  ( -2.856580399953362200E-13, -0.9999999352646697925, 0.0003598203108568317110 ) ) ;
#6299 = CARTESIAN_POINT ( 'NONE',  ( 280.8834345881633681, 3.772493032828158732, 7.222200998595320165 ) ) ;
#6300 = CARTESIAN_POINT ( 'NONE',  ( 391.2454690664968666, 1.203566910909072307, 371.2299998310068077 ) ) ;
#6301 = ORIENTED_EDGE ( 'NONE', *, *, #1596, .F. ) ;
#6302 = CARTESIAN_POINT ( 'NONE',  ( 124.1375764704703641, 12.67288872014708190, 19.54901385701319683 ) ) ;
#6303 = CARTESIAN_POINT ( 'NONE',  ( 224.3949952935463159, 8.958813323934984751, 127.9100000000000819 ) ) ;
#6304 = CARTESIAN_POINT ( 'NONE',  ( 327.2389812478505178, 6.105481392075002844, 249.8200000000000500 ) ) ;
#6305 = CARTESIAN_POINT ( 'NONE',  ( 265.2463302947644479, 6.763382265016626427, 6.498695619800079371 ) ) ;
#6306 = CARTESIAN_POINT ( 'NONE',  ( 285.4332575082672179, 3.914777173130869592, 23.25000000000003197 ) ) ;
#6307 = CARTESIAN_POINT ( 'NONE',  ( 286.7582530138586208, 0.4020372855588913441, 20.62984794969705504 ) ) ;
#6308 = CARTESIAN_POINT ( 'NONE',  ( 271.2971010251662847, 5.951674142261151879, 6.524712562775610181 ) ) ;
#6309 = CARTESIAN_POINT ( 'NONE',  ( 319.0568186370277886, 4.042949097610755160, 316.3623524559077964 ) ) ;
#6310 = CARTESIAN_POINT ( 'NONE',  ( 138.4635234123746557, 12.64340459774572878, 23.13563155795438675 ) ) ;
#6311 = CARTESIAN_POINT ( 'NONE',  ( 126.2911474279946304, 12.79503580061832935, 22.95519481468551959 ) ) ;
#6312 = CARTESIAN_POINT ( 'NONE',  ( 259.8519637609527990, 7.202689331942388584, 6.500000235663057957 ) ) ;
#6313 = ORIENTED_EDGE ( 'NONE', *, *, #6702, .T. ) ;
#6314 = CARTESIAN_POINT ( 'NONE',  ( 326.5556198925714853, 2.580665046806909224, 339.7021449088235840 ) ) ;
#6315 = CARTESIAN_POINT ( 'NONE',  ( 209.4842463779230570, 9.335428299987045264, 6.997208809371578297 ) ) ;
#6316 = CARTESIAN_POINT ( 'NONE',  ( 140.1153349467424505, 13.07415007699794351, 22.73694500706256250 ) ) ;
#6317 = CARTESIAN_POINT ( 'NONE',  ( 280.4414754633765483, 6.414495581150903014, 232.5068416980151085 ) ) ;
#6318 = CARTESIAN_POINT ( 'NONE',  ( 265.3564413180970973, 6.871123436672417206, 6.500000000000007994 ) ) ;
#6319 = EDGE_LOOP ( 'NONE', ( #5466, #2364, #228, #2318 ) ) ;
#6320 = EDGE_CURVE ( 'NONE', #1168, #7195, #575, .T. ) ;
#6321 = CARTESIAN_POINT ( 'NONE',  ( 141.5589434906032977, 12.80137329246791467, 7.364188946317113071 ) ) ;
#6322 = CARTESIAN_POINT ( 'NONE',  ( 228.8482021207439914, 6.168919791953554999, 249.8200000000001069 ) ) ;
#6323 = CARTESIAN_POINT ( 'NONE',  ( 333.0289992938039632, 4.270102910381162964, 338.8910855750301607 ) ) ;
#6324 = CARTESIAN_POINT ( 'NONE',  ( 138.6147769457969616, 13.50256272941497571, 20.39735575200304751 ) ) ;
#6325 = CARTESIAN_POINT ( 'NONE',  ( 337.8576395270434887, 3.942658430012346837, 371.7300000000004161 ) ) ;
#6326 = CARTESIAN_POINT ( 'NONE',  ( 391.2454693069067844, 1.241910405717955301, 371.2300000000000182 ) ) ;
#6327 = VERTEX_POINT ( 'NONE', #2004 ) ;
#6328 = CARTESIAN_POINT ( 'NONE',  ( 282.6576994439411123, 2.438540423275499691, 6.000000000000000000 ) ) ;
#6329 = DIRECTION ( 'NONE',  ( -2.934069691653083452E-14, 1.000000000000000000, -0.000000000000000000 ) ) ;
#6330 = CARTESIAN_POINT ( 'NONE',  ( 124.1520901692467049, 13.25189971555395374, 6.977776093766146381 ) ) ;
#6331 = DIRECTION ( 'NONE',  ( 1.000000000000000000, -2.856579774378894900E-13, 2.252502367368189514E-16 ) ) ;
#6332 = CARTESIAN_POINT ( 'NONE',  ( 279.7382049990225141, 4.172192571910170678, 7.436113324036663030 ) ) ;
#6333 = CARTESIAN_POINT ( 'NONE',  ( 352.6234575387366021, 3.833843908648729926, 371.2300000000001319 ) ) ;
#6334 = CARTESIAN_POINT ( 'NONE',  ( 281.0403149571803283, 3.919440606175947028, 6.844723380709443639 ) ) ;
#6335 = CARTESIAN_POINT ( 'NONE',  ( 373.2498047259563805, 2.431488061021797265, 371.2300000000000750 ) ) ;
#6336 = ORIENTED_EDGE ( 'NONE', *, *, #1642, .F. ) ;
#6337 = CARTESIAN_POINT ( 'NONE',  ( 144.9538712691473563, 12.59173987776884474, 20.21724577712349458 ) ) ;
#6338 = CARTESIAN_POINT ( 'NONE',  ( 291.7398441351877523, 5.903571303882530152, 249.8200000000001637 ) ) ;
#6339 = CARTESIAN_POINT ( 'NONE',  ( 139.3804577310604316, 13.66794928869700421, 21.65333796993582638 ) ) ;
#6340 = EDGE_CURVE ( 'NONE', #6118, #6540, #7326, .T. ) ;
#6341 = B_SPLINE_CURVE_WITH_KNOTS ( 'NONE', 3,
 ( #4838, #5579, #1387, #5959, #5925, #3115 ),
 .UNSPECIFIED., .F., .F.,
 ( 4, 2, 4 ),
 ( 4.336808689942017736E-19, 0.009306239579571759513, 0.01861247915914351903 ),
 .UNSPECIFIED. ) ;
#6342 = B_SPLINE_CURVE_WITH_KNOTS ( 'NONE', 3,
 ( #5372, #4347, #7151, #255, #6630, #1520, #293 ),
 .UNSPECIFIED., .F., .F.,
 ( 4, 3, 4 ),
 ( 0.000000000000000000, 0.0004000000000000185590, 0.0005003763451757795282 ),
 .UNSPECIFIED. ) ;
#6343 = CARTESIAN_POINT ( 'NONE',  ( 253.2165443512785430, 9.575892348767242268, 127.9099999999999966 ) ) ;
#6344 = CARTESIAN_POINT ( 'NONE',  ( 269.5497244687538227, 6.046098991161775515, 6.575945069196683868 ) ) ;
#6345 = CARTESIAN_POINT ( 'NONE',  ( 284.0902565146517418, 1.984868414045831253, 23.24999999999977263 ) ) ;
#6346 = CARTESIAN_POINT ( 'NONE',  ( 287.6091309603440891, 0.4826508113967138969, 23.24999999999080913 ) ) ;
#6347 = CARTESIAN_POINT ( 'NONE',  ( 272.0800053060969503, 5.174675155265479276, 7.136204603424987525 ) ) ;
#6348 = CARTESIAN_POINT ( 'NONE',  ( 126.8229446255952695, 12.06401138190961930, 23.79630825999923971 ) ) ;
#6349 = CARTESIAN_POINT ( 'NONE',  ( 281.1334160775248279, 3.975495062572186988, 6.735531855616819996 ) ) ;
#6350 = CARTESIAN_POINT ( 'NONE',  ( 128.7469046558651939, 12.61264095906722993, 23.13293832720753684 ) ) ;
#6351 = DIRECTION ( 'NONE',  ( -1.716358309453042992E-30, -0.0003598203108568317110, -0.9999999352646697925 ) ) ;
#6352 = CARTESIAN_POINT ( 'NONE',  ( 364.5633229055810034, 3.295044306414719681, 249.8199999999999648 ) ) ;
#6353 = CARTESIAN_POINT ( 'NONE',  ( 289.9216473163276078, -2.583524906141274613, 51.78746838082216897 ) ) ;
#6354 = ORIENTED_EDGE ( 'NONE', *, *, #5702, .T. ) ;
#6355 = CARTESIAN_POINT ( 'NONE',  ( 209.4992782657073178, 9.597328599634522561, 6.698261420501416374 ) ) ;
#6356 = CARTESIAN_POINT ( 'NONE',  ( 159.8759827467707737, 12.88212538434859056, 6.500000003003497895 ) ) ;
#6357 = CARTESIAN_POINT ( 'NONE',  ( 367.3486864272852586, 4.617729320510781221, 371.2299999999998477 ) ) ;
#6358 = B_SPLINE_CURVE_WITH_KNOTS ( 'NONE', 3,
 ( #2514, #6560, #2036, #4243 ),
 .UNSPECIFIED., .F., .F.,
 ( 4, 4 ),
 ( 0.7658596881223420638, 0.8216482899634982573 ),
 .UNSPECIFIED. ) ;
#6359 = CARTESIAN_POINT ( 'NONE',  ( 280.8985905445554749, 3.742415253199200986, 7.710906843997991977 ) ) ;
#6360 = EDGE_LOOP ( 'NONE', ( #7359, #5381 ) ) ;
#6361 = CARTESIAN_POINT ( 'NONE',  ( 150.3033033770985583, 13.27711303689859257, 6.498711751993301533 ) ) ;
#6362 = CARTESIAN_POINT ( 'NONE',  ( 212.8866762536780470, 1.960483300205452251, 249.8200000000000216 ) ) ;
#6363 = CARTESIAN_POINT ( 'NONE',  ( 333.2718821706893664, 4.587722539759528040, 339.2894615807584842 ) ) ;
#6364 = CARTESIAN_POINT ( 'NONE',  ( 135.0065809364643599, 13.66592742227289392, 14.47913434295840140 ) ) ;
#6365 = CARTESIAN_POINT ( 'NONE',  ( 333.5631622852121154, 4.565867823557168137, 339.7672186382264954 ) ) ;
#6366 = CARTESIAN_POINT ( 'NONE',  ( 389.7471814265007310, 3.216079776021637304, 371.2299995642491126 ) ) ;
#6367 = ORIENTED_EDGE ( 'NONE', *, *, #5325, .T. ) ;
#6368 = CARTESIAN_POINT ( 'NONE',  ( 260.3759731210270161, 8.260694065012925691, 5.999999999999991118 ) ) ;
#6369 = CARTESIAN_POINT ( 'NONE',  ( 120.6710365638766405, 13.17836456207890627, 7.090874193397422864 ) ) ;
#6370 =( BOUNDED_SURFACE ( )  B_SPLINE_SURFACE ( 3, 2, ( 
 ( #3647, #161, #6395 ),
 ( #5385, #1291, #2527 ),
 ( #1808, #4070, #5790 ),
 ( #693, #5314, #6987 ) ),
 .UNSPECIFIED., .F., .F., .F. ) 
 B_SPLINE_SURFACE_WITH_KNOTS ( ( 4, 4 ),
 ( 3, 3 ),
 ( 0.000000000000000000, 0.3773923568488944391 ),
 ( 0.2774791010323678364, 1.000000000000000000 ),
 .UNSPECIFIED. ) 
 GEOMETRIC_REPRESENTATION_ITEM ( )  RATIONAL_B_SPLINE_SURFACE ( (
 ( 0.8797786525284119197, 0.7833686446577390328, 1.000000000000000000),
 ( 0.8789776921731744519, 0.7819253641507433183, 1.000000000000000000),
 ( 0.8781737712775612437, 0.7804767489349984100, 1.000000000000000000),
 ( 0.8773672277674020581, 0.7790234079317329696, 1.000000000000000000) ) ) 
 REPRESENTATION_ITEM ( '' )  SURFACE ( )  );
#6371 = CARTESIAN_POINT ( 'NONE',  ( 401.7614600794373700, 0.1314171806115471963, 371.2300000000000182 ) ) ;
#6372 = CARTESIAN_POINT ( 'NONE',  ( 285.5611185387894011, 3.997983014128569934, 23.24999999999989342 ) ) ;
#6373 = CARTESIAN_POINT ( 'NONE',  ( 279.1192985329673206, 5.208629523892421176, 6.498652275086872265 ) ) ;
#6374 = DIRECTION ( 'NONE',  ( 0.000000000000000000, -0.0003598203108566903311, -0.9999999352646697925 ) ) ;
#6375 = EDGE_CURVE ( 'NONE', #2510, #1505, #5812, .T. ) ;
#6376 = CARTESIAN_POINT ( 'NONE',  ( 280.9021091176405776, 3.730020001794815521, 7.652189672342937676 ) ) ;
#6377 = CARTESIAN_POINT ( 'NONE',  ( 338.4933742357814594, 0.8374963849463288312, 207.1608787701997301 ) ) ;
#6378 = ORIENTED_EDGE ( 'NONE', *, *, #2200, .F. ) ;
#6379 = CARTESIAN_POINT ( 'NONE',  ( 146.2305687481498069, 12.55050941251597507, 20.59180944194244134 ) ) ;
#6380 = CARTESIAN_POINT ( 'NONE',  ( 128.2248873583343709, 13.13031988050397203, 6.000000000000000000 ) ) ;
#6381 = VECTOR ( 'NONE', #537, 1000.000000000000114 ) ;
#6382 = B_SPLINE_CURVE_WITH_KNOTS ( 'NONE', 3,
 ( #1710, #1273, #4621, #674 ),
 .UNSPECIFIED., .F., .F.,
 ( 4, 4 ),
 ( 0.000000000000000000, 1.000000000000000000 ),
 .UNSPECIFIED. ) ;
#6383 = CARTESIAN_POINT ( 'NONE',  ( 282.8344223838416269, 2.265491784969960065, 23.25000000000001421 ) ) ;
#6384 = CARTESIAN_POINT ( 'NONE',  ( 286.7781846690770635, 0.0001097433024925951230, 20.62677379028423985 ) ) ;
#6385 = CARTESIAN_POINT ( 'NONE',  ( 271.3310606837228534, 6.218406024583706504, 6.500053149044040524 ) ) ;
#6386 = CARTESIAN_POINT ( 'NONE',  ( 390.7454693069067844, 1.241910405717955301, 371.7300000000000182 ) ) ;
#6387 = EDGE_CURVE ( 'NONE', #4432, #5419, #2429, .T. ) ;
#6388 = CARTESIAN_POINT ( 'NONE',  ( 281.0634768148116791, 3.906283280495078447, 6.844727099314911634 ) ) ;
#6389 = CARTESIAN_POINT ( 'NONE',  ( 280.8075149514921804, 3.826377185834899830, 7.710843314735442711 ) ) ;
#6390 = CARTESIAN_POINT ( 'NONE',  ( 281.1483569751816276, 4.097907750281217787, 6.650522284630366876 ) ) ;
#6391 = CARTESIAN_POINT ( 'NONE',  ( 137.0599267118521993, 13.49162417072072628, 21.65038085558494174 ) ) ;
#6392 = CARTESIAN_POINT ( 'NONE',  ( 282.5616021879047821, -0.002136057762880964363, 7.191034629507347731 ) ) ;
#6393 = VERTEX_POINT ( 'NONE', #6214 ) ;
#6394 = CARTESIAN_POINT ( 'NONE',  ( 333.7590008504482739, 4.667297633078318242, 340.4763352449670037 ) ) ;
#6395 = CARTESIAN_POINT ( 'NONE',  ( 144.9097209595612696, 11.06262197764586475, 22.49369812824369674 ) ) ;
#6396 = CARTESIAN_POINT ( 'NONE',  ( 353.0503105541125706, 6.951351884012295201, 371.7300000000000750 ) ) ;
#6397 = CARTESIAN_POINT ( 'NONE',  ( 332.5766904567812503, -0.1398200396745779284, 173.2500622537625645 ) ) ;
#6398 = EDGE_LOOP ( 'NONE', ( #898, #6153, #1878, #2643 ) ) ;
#6399 = CARTESIAN_POINT ( 'NONE',  ( 157.2448359476466919, 12.40744831310128760, 6.697673786608939750 ) ) ;
#6400 = CARTESIAN_POINT ( 'NONE',  ( 17.13999999999999346, 2.330000000130384219, 6.000000000000000000 ) ) ;
#6401 = VECTOR ( 'NONE', #5448, 1000.000000000000114 ) ;
#6402 = CARTESIAN_POINT ( 'NONE',  ( 282.0460044901973902, 4.355220653038820444, 21.21335352943081176 ) ) ;
#6403 = CARTESIAN_POINT ( 'NONE',  ( 140.8940818730992817, 12.31959318442512341, 23.75178080152208793 ) ) ;
#6404 = CARTESIAN_POINT ( 'NONE',  ( 220.8143166615925850, 10.63388171845248920, 6.499999999999984013 ) ) ;
#6405 = EDGE_LOOP ( 'NONE', ( #5815, #3333, #1843, #6749 ) ) ;
#6406 = AXIS2_PLACEMENT_3D ( 'NONE', #1788, #3556, #5133 ) ;
#6407 = CARTESIAN_POINT ( 'NONE',  ( 281.8838850050660767, 2.878631779733808127, 6.000000000000000000 ) ) ;
#6408 = LINE ( 'NONE', #25, #438 ) ;
#6409 = CARTESIAN_POINT ( 'NONE',  ( 122.4097583601814563, 13.41980723952715060, 6.778750249016478158 ) ) ;
#6410 = CARTESIAN_POINT ( 'NONE',  ( 139.8553002732639641, 13.30995739318140281, 22.35354856849787808 ) ) ;
#6411 = DIRECTION ( 'NONE',  ( -2.856580399953362705E-13, -0.9999999352646697925, 0.0003598203108568317652 ) ) ;
#6412 = CIRCLE ( 'NONE', #3769, 1.000000000000002887 ) ;
#6413 = CARTESIAN_POINT ( 'NONE',  ( 281.3474414941865689, 4.460251673757357871, 6.498457792149716639 ) ) ;
#6414 = CARTESIAN_POINT ( 'NONE',  ( 141.6919708642849685, 11.14402529665888508, 22.49112081963071219 ) ) ;
#6415 = ORIENTED_EDGE ( 'NONE', *, *, #4128, .T. ) ;
#6416 = CARTESIAN_POINT ( 'NONE',  ( 145.3551528356533140, 12.56741176146670291, 21.61189523459547246 ) ) ;
#6417 = CARTESIAN_POINT ( 'NONE',  ( 208.3653057779926314, 9.668898472429820146, 127.9099999999999397 ) ) ;
#6418 = EDGE_CURVE ( 'NONE', #2726, #43, #7235, .T. ) ;
#6419 = CARTESIAN_POINT ( 'NONE',  ( 285.4253356430760959, 3.919212099446428788, 23.24999999999999645 ) ) ;
#6420 = CARTESIAN_POINT ( 'NONE',  ( 284.8780075229439603, -0.03104310974225077749, 23.24999999999997868 ) ) ;
#6421 = CARTESIAN_POINT ( 'NONE',  ( 275.6386322838686738, 5.430620043962257171, 6.524484111499524452 ) ) ;
#6422 = CARTESIAN_POINT ( 'NONE',  ( 126.4615587493801740, 12.37836737819318422, 23.22472473003256255 ) ) ;
#6423 = CARTESIAN_POINT ( 'NONE',  ( 281.1920389929213115, 4.078722619266702765, 6.647252541094142764 ) ) ;
#6424 = CARTESIAN_POINT ( 'NONE',  ( 281.7727144209613925, 2.736784500152287247, 7.763693411077337458 ) ) ;
#6425 = VERTEX_POINT ( 'NONE', #5024 ) ;
#6426 = CARTESIAN_POINT ( 'NONE',  ( 150.8353353703931816, 12.36881389285287902, 7.504711322821579600 ) ) ;
#6427 = CARTESIAN_POINT ( 'NONE',  ( 263.3759762505081881, 7.005758482739504522, 6.499999999999992006 ) ) ;
#6428 = EDGE_LOOP ( 'NONE', ( #1653, #6832, #5009, #2689 ) ) ;
#6429 = CARTESIAN_POINT ( 'NONE',  ( 251.2991586349009765, 7.284830509641073704, 6.573967465967864854 ) ) ;
#6430 = CARTESIAN_POINT ( 'NONE',  ( 226.8905494566249672, 8.189110064781520038, 7.374560582900677730 ) ) ;
#6431 = CARTESIAN_POINT ( 'NONE',  ( 130.0711318738192119, 13.89720062693483271, 6.000000000000000000 ) ) ;
#6432 = CARTESIAN_POINT ( 'NONE',  ( 400.5597234257908781, 0.2543057194501858742, 371.7270842010119623 ) ) ;
#6433 = LINE ( 'NONE', #1335, #2072 ) ;
#6434 = ORIENTED_EDGE ( 'NONE', *, *, #5842, .F. ) ;
#6435 = B_SPLINE_CURVE_WITH_KNOTS ( 'NONE', 3,
 ( #3381, #2685, #6871, #2649, #4553, #3808 ),
 .UNSPECIFIED., .F., .F.,
 ( 4, 2, 4 ),
 ( 0.000000000000000000, 0.0003054575902859950776, 0.0006109151805719901553 ),
 .UNSPECIFIED. ) ;
#6436 = ADVANCED_FACE ( 'NONE', ( #4532 ), #6215, .T. ) ;
#6437 = CARTESIAN_POINT ( 'NONE',  ( 167.6804346334714637, 11.51162155441318014, 7.239103840315747718 ) ) ;
#6438 = CARTESIAN_POINT ( 'NONE',  ( 145.1481500015123913, 12.58629828064685974, 20.21686348361238217 ) ) ;
#6439 = CARTESIAN_POINT ( 'NONE',  ( 332.5766904567805682, -2.540346468850639639, 171.7874606125820094 ) ) ;
#6440 = CARTESIAN_POINT ( 'NONE',  ( 125.6117820114704386, 13.61402016648340130, 16.60000000000059472 ) ) ;
#6441 = CARTESIAN_POINT ( 'NONE',  ( 343.4917719078757727, 3.915557624671425874, 371.7300000000003593 ) ) ;
#6442 = VERTEX_POINT ( 'NONE', #6100 ) ;
#6443 = CARTESIAN_POINT ( 'NONE',  ( 260.3759731210270161, 8.262420708539105263, 6.499999999999989342 ) ) ;
#6444 = CARTESIAN_POINT ( 'NONE',  ( 347.5590393551649981, 3.405199277269691738, 339.5743430604045443 ) ) ;
#6445 = CARTESIAN_POINT ( 'NONE',  ( 132.8689947946578229, 13.43905028485426101, 6.692275859967477203 ) ) ;
#6446 = CARTESIAN_POINT ( 'NONE',  ( 332.5766904567813071, 0.06017994737835596214, 173.2499902897004063 ) ) ;
#6447 = CARTESIAN_POINT ( 'NONE',  ( 285.5503446731069062, 4.007336471216002671, 23.24999999999984368 ) ) ;
#6448 = CARTESIAN_POINT ( 'NONE',  ( 280.4434385531990870, 3.966188241012893467, 7.616274513490898457 ) ) ;
#6449 = CARTESIAN_POINT ( 'NONE',  ( 289.9216473163277215, -0.1725312863942209118, 53.25006625569422170 ) ) ;
#6450 = CARTESIAN_POINT ( 'NONE',  ( 125.9422716175415644, 13.78123638228518288, 11.61656529871796195 ) ) ;
#6451 = ORIENTED_EDGE ( 'NONE', *, *, #6387, .F. ) ;
#6452 = CARTESIAN_POINT ( 'NONE',  ( 165.2829905837778313, 11.60526966013888028, 6.000000000000000888 ) ) ;
#6453 = CARTESIAN_POINT ( 'NONE',  ( 285.1773432473586922, 3.999913103853189877, 23.24999999999520739 ) ) ;
#6454 = CARTESIAN_POINT ( 'NONE',  ( 275.1224084174673976, 4.736095543612251824, 7.391305221074610188 ) ) ;
#6455 = CARTESIAN_POINT ( 'NONE',  ( 390.7454691748459368, 3.139479805895568632, 371.2300000000000182 ) ) ;
#6456 = FACE_OUTER_BOUND ( 'NONE', #3834, .T. ) ;
#6457 = CARTESIAN_POINT ( 'NONE',  ( 281.0281460761615904, 3.736185438106405243, 7.083926815239093067 ) ) ;
#6458 = CARTESIAN_POINT ( 'NONE',  ( 345.4163241270788944, 2.130004047237715525, 339.6529503645646741 ) ) ;
#6459 = EDGE_LOOP ( 'NONE', ( #4288, #5020, #4769, #5915 ) ) ;
#6460 = CARTESIAN_POINT ( 'NONE',  ( 125.1036257521478348, 13.11336569691242815, 7.474066817902486726 ) ) ;
#6461 = EDGE_CURVE ( 'NONE', #3871, #6572, #394, .T. ) ;
#6462 = CARTESIAN_POINT ( 'NONE',  ( 261.1671008985769618, 7.135582259737277333, 6.500000235663057957 ) ) ;
#6463 = VERTEX_POINT ( 'NONE', #5848 ) ;
#6464 = CARTESIAN_POINT ( 'NONE',  ( 253.0047869330248034, 6.556724751011442365, 7.374630859942513439 ) ) ;
#6465 = CARTESIAN_POINT ( 'NONE',  ( 219.9836508031459346, 9.608616334447516394, 6.500051592934782185 ) ) ;
#6466 = CARTESIAN_POINT ( 'NONE',  ( 197.7960050942466808, 10.58830854278422784, 127.9099999999997124 ) ) ;
#6467 = CARTESIAN_POINT ( 'NONE',  ( 360.4321466181464757, 0.01335466844233607758, 261.5521975135713433 ) ) ;
#6468 = CARTESIAN_POINT ( 'NONE',  ( 284.1323544288378002, 1.560369788839425009, 6.499999999999965361 ) ) ;
#6469 = CARTESIAN_POINT ( 'NONE',  ( 282.5650523800723590, 0.3541763440623891257, 7.810804285791522084 ) ) ;
#6470 = EDGE_CURVE ( 'NONE', #6013, #2529, #3933, .T. ) ;
#6471 = CARTESIAN_POINT ( 'NONE',  ( 164.2104391983137646, 11.95830593909547979, 6.790266626509051662 ) ) ;
#6472 = CARTESIAN_POINT ( 'NONE',  ( 118.8126930726177761, 4.379022299111871241, 127.9099999999999966 ) ) ;
#6473 = B_SPLINE_CURVE_WITH_KNOTS ( 'NONE', 3,
 ( #6256, #6894, #1234, #1152, #3404, #32, #5177, #1754 ),
 .UNSPECIFIED., .F., .F.,
 ( 4, 2, 2, 4 ),
 ( 0.000000000000000000, 0.0002275568231499918413, 0.0004551136462999836826, 0.0009102272925999778819 ),
 .UNSPECIFIED. ) ;
#6474 = CARTESIAN_POINT ( 'NONE',  ( 122.8402646853768800, 11.10742788994511443, 19.88179999999999836 ) ) ;
#6475 = CARTESIAN_POINT ( 'NONE',  ( 333.0301108020108245, 3.793125628522771020, 338.8929086685540142 ) ) ;
#6476 = DATE_AND_TIME ( #5801, #6287 ) ;
#6477 = EDGE_CURVE ( 'NONE', #4759, #2672, #2339, .T. ) ;
#6478 = CARTESIAN_POINT ( 'NONE',  ( 129.2344999995395654, 12.11929996555582356, 23.96145501615274753 ) ) ;
#6479 = CARTESIAN_POINT ( 'NONE',  ( 131.1289630061505704, 13.69330115340129872, 6.571415041924986156 ) ) ;
#6480 = CARTESIAN_POINT ( 'NONE',  ( 259.8449418453282078, 9.201831138744692495, 127.9099999999999397 ) ) ;
#6481 = CARTESIAN_POINT ( 'NONE',  ( 260.1370089732971564, 7.188144423203010724, 6.445944832415648307 ) ) ;
#6482 = CARTESIAN_POINT ( 'NONE',  ( 280.9008479503367539, 4.108144400150545827, 6.732594758783625011 ) ) ;
#6483 = CARTESIAN_POINT ( 'NONE',  ( 131.3103648324523647, 12.72819793501030894, 21.54901309349051175 ) ) ;
#6484 = EDGE_CURVE ( 'NONE', #1216, #1686, #3756, .T. ) ;
#6485 = CARTESIAN_POINT ( 'NONE',  ( 128.0957394381856034, 13.70490228339788530, 14.42712421806133172 ) ) ;
#6486 = CARTESIAN_POINT ( 'NONE',  ( 377.0664254290869053, 2.004041841014241321, 371.7300000000002456 ) ) ;
#6487 = CARTESIAN_POINT ( 'NONE',  ( 396.1839328941949248, 0.6129375943856754105, 371.0331232618530066 ) ) ;
#6488 = CARTESIAN_POINT ( 'NONE',  ( 263.3759731210059840, 8.088575804883786802, 6.499999999999993783 ) ) ;
#6489 = CARTESIAN_POINT ( 'NONE',  ( 274.7408220043407141, 5.280174487780827874, 6.626827830618625903 ) ) ;
#6490 = CARTESIAN_POINT ( 'NONE',  ( 280.8862945836236804, 3.738999889776123187, 7.652182985874720345 ) ) ;
#6491 = CARTESIAN_POINT ( 'NONE',  ( 281.2571459022022964, 4.193367671010451048, 6.587966696689456114 ) ) ;
#6492 = CARTESIAN_POINT ( 'NONE',  ( 282.5753797021659466, -0.05131191661894652506, 7.811668304077656444 ) ) ;
#6493 = EDGE_LOOP ( 'NONE', ( #2455, #2882, #7168, #3749 ) ) ;
#6494 = CARTESIAN_POINT ( 'NONE',  ( 280.0928935807395419, 4.084316242867441993, 7.592780587815847859 ) ) ;
#6495 = CARTESIAN_POINT ( 'NONE',  ( 263.3759731210059840, 8.088575804883786802, 6.499999999999993783 ) ) ;
#6496 = CIRCLE ( 'NONE', #3258, 1.989792913342510738 ) ;
#6497 = ORIENTED_EDGE ( 'NONE', *, *, #6340, .T. ) ;
#6498 = DIRECTION ( 'NONE',  ( 0.000000000000000000, 0.000000000000000000, -1.000000000000000000 ) ) ;
#6499 = CARTESIAN_POINT ( 'NONE',  ( 253.0165308966668647, 6.757586802457977271, 6.885180051248555699 ) ) ;
#6500 = CARTESIAN_POINT ( 'NONE',  ( 226.9076607005484618, 8.483553068439086076, 6.791734960306757607 ) ) ;
#6501 = CARTESIAN_POINT ( 'NONE',  ( 269.2273369983421958, 7.206351982545232460, 249.8200000000000500 ) ) ;
#6502 = CARTESIAN_POINT ( 'NONE',  ( 375.4768421951097253, -0.5956767560853527543, 302.8591430683597991 ) ) ;
#6503 = CARTESIAN_POINT ( 'NONE',  ( 364.1814623245106191, -0.01050617864562036936, 235.6198662705411664 ) ) ;
#6504 = ORIENTED_EDGE ( 'NONE', *, *, #3351, .F. ) ;
#6505 = CARTESIAN_POINT ( 'NONE',  ( 391.1956218507307881, 3.104941493691564247, 371.7300000000000750 ) ) ;
#6506 = CARTESIAN_POINT ( 'NONE',  ( 157.2349037208552716, 12.22034762870077351, 6.883931700802165210 ) ) ;
#6507 = CARTESIAN_POINT ( 'NONE',  ( 145.8932943788845193, 12.56249950282842498, 20.40701205598693946 ) ) ;
#6508 = EDGE_CURVE ( 'NONE', #760, #3639, #3056, .T. ) ;
#6509 = CARTESIAN_POINT ( 'NONE',  ( 191.1389246160634343, 8.195404792528954374, 127.9099999999999966 ) ) ;
#6510 = DIRECTION ( 'NONE',  ( 0.000000000000000000, -0.0003598203108568340963, -0.9999999352646699036 ) ) ;
#6511 = CARTESIAN_POINT ( 'NONE',  ( 124.7006073082272195, 12.64885877034787320, 20.43952777829795764 ) ) ;
#6512 = DIRECTION ( 'NONE',  ( 1.000000000000000000, 0.000000000000000000, -0.000000000000000000 ) ) ;
#6513 = CARTESIAN_POINT ( 'NONE',  ( 129.3795987773672493, 13.08916341773566216, 7.348147683644397965 ) ) ;
#6514 = CARTESIAN_POINT ( 'NONE',  ( 323.9587516454034244, 6.312515648259293677, 249.8199999999999079 ) ) ;
#6515 = VECTOR ( 'NONE', #2891, 1000.000000000000000 ) ;
#6516 = DIRECTION ( 'NONE',  ( 2.856580399953362705E-13, 0.9999999352646697925, -0.0003598203108568317652 ) ) ;
#6517 = DIRECTION ( 'NONE',  ( 1.000000000000000000, -2.856580655684478978E-13, -1.967910723706867026E-17 ) ) ;
#6518 = AXIS2_PLACEMENT_3D ( 'NONE', #6073, #2706, #1683 ) ;
#6519 = CARTESIAN_POINT ( 'NONE',  ( 144.9174551721348791, 11.36846579892811349, 22.03917818090719294 ) ) ;
#6520 = EDGE_LOOP ( 'NONE', ( #3990, #5498, #5503, #4188 ) ) ;
#6521 = CARTESIAN_POINT ( 'NONE',  ( 316.9763649461144155, 4.647490690830544224, 249.8200000000000500 ) ) ;
#6522 = B_SPLINE_CURVE_WITH_KNOTS ( 'NONE', 3,
 ( #282, #4163, #5468, #6443 ),
 .UNSPECIFIED., .F., .F.,
 ( 4, 4 ),
 ( 1.214306433183764966E-17, 0.0005000029812889640818 ),
 .UNSPECIFIED. ) ;
#6523 = B_SPLINE_CURVE_WITH_KNOTS ( 'NONE', 3,
 ( #5750, #3209, #5541, #3465, #435, #2908, #3848, #3774, #6272, #995, #46, #5510, #4940, #3423 ),
 .UNSPECIFIED., .F., .F.,
 ( 4, 2, 2, 2, 2, 2, 4 ),
 ( -6.000000000560266760E-08, 0.0005038138138243394978, 0.001007687627648684711, 0.002015435255297339575, 0.003023182882945995090, 0.003527056696770323931, 0.004030930510594651905 ),
 .UNSPECIFIED. ) ;
#6524 = CARTESIAN_POINT ( 'NONE',  ( 287.6384132941038843, 0.006206900762668231958, 23.24999999999999289 ) ) ;
#6525 = CIRCLE ( 'NONE', #5687, 0.2000000000000114186 ) ;
#6526 = CARTESIAN_POINT ( 'NONE',  ( 274.7990033692972247, 5.792648893030951207, 6.500052850699487905 ) ) ;
#6527 = CARTESIAN_POINT ( 'NONE',  ( 179.4645719047031207, 9.499628548425491203, 77.15139092063370185 ) ) ;
#6528 = CARTESIAN_POINT ( 'NONE',  ( 281.6371316357945602, 3.298143952546003455, 7.361947933875435446 ) ) ;
#6529 = CARTESIAN_POINT ( 'NONE',  ( 282.1088662907607159, 0.6301368571618234382, 6.499999999993934630 ) ) ;
#6530 = VERTEX_POINT ( 'NONE', #1311 ) ;
#6531 = CARTESIAN_POINT ( 'NONE',  ( 174.8283233447737928, 11.11760672301415553, 7.504217634165073925 ) ) ;
#6532 = CARTESIAN_POINT ( 'NONE',  ( 35.56781039224365770, 7.013023064709806853, 5.999999999999986677 ) ) ;
#6533 = ORIENTED_EDGE ( 'NONE', *, *, #4637, .T. ) ;
#6534 = COORDINATED_UNIVERSAL_TIME_OFFSET ( 1, 0, .AHEAD. ) ;
#6535 = CARTESIAN_POINT ( 'NONE',  ( 247.7827608353754556, 6.999262938410326207, 6.998911243099649404 ) ) ;
#6536 = CARTESIAN_POINT ( 'NONE',  ( 127.2645482101374910, 12.98102908457293303, 12.21719352583451546 ) ) ;
#6537 = CARTESIAN_POINT ( 'NONE',  ( 329.0486472027013178, 3.590518106926281927, 332.7513325374516171 ) ) ;
#6538 = CARTESIAN_POINT ( 'NONE',  ( 282.1358881927480411, 5.116013900826031247, 6.499999999999971578 ) ) ;
#6539 = CARTESIAN_POINT ( 'NONE',  ( 387.4795330838699101, 1.487882553682040809, 371.2299999990469814 ) ) ;
#6540 = VERTEX_POINT ( 'NONE', #5732 ) ;
#6541 = DIRECTION ( 'NONE',  ( -1.000000000000000000, -2.934069691653083452E-14, 0.000000000000000000 ) ) ;
#6542 = CARTESIAN_POINT ( 'NONE',  ( 153.7395885382384506, 12.22949697556475890, 7.240857208008661949 ) ) ;
#6543 = CARTESIAN_POINT ( 'NONE',  ( 345.3631683843707947, 1.996097008198818745, 339.4599095582330506 ) ) ;
#6544 = CARTESIAN_POINT ( 'NONE',  ( 127.4689921062969802, 11.28742639272071635, 18.82269999999997623 ) ) ;
#6545 = CARTESIAN_POINT ( 'NONE',  ( 273.5841949037844643, 3.912084354056724500, 23.16730829273742387 ) ) ;
#6546 = APPROVAL_ROLE ( '' ) ;
#6547 = EDGE_CURVE ( 'NONE', #4132, #1446, #3590, .T. ) ;
#6548 = CARTESIAN_POINT ( 'NONE',  ( 163.6873663396845586, 13.77710431980154837, 5.999999999999990230 ) ) ;
#6549 = CARTESIAN_POINT ( 'NONE',  ( 132.8675261127889655, 13.34569274979088682, 6.783066799226877386 ) ) ;
#6550 = CARTESIAN_POINT ( 'NONE',  ( 351.6634275026563046, 5.130941256688368313, 371.7299999999998477 ) ) ;
#6551 = CARTESIAN_POINT ( 'NONE',  ( 140.2879609632777829, 13.23136165999462399, 22.75762250539255405 ) ) ;
#6552 = DIRECTION ( 'NONE',  ( 0.000000000000000000, -0.0003598203108566928247, -0.9999999352646699036 ) ) ;
#6553 = CARTESIAN_POINT ( 'NONE',  ( 141.7568363352336576, 11.14238431632485060, 22.49117277470833898 ) ) ;
#6554 = EDGE_CURVE ( 'NONE', #3955, #3642, #925, .T. ) ;
#6555 = ORIENTED_EDGE ( 'NONE', *, *, #4588, .F. ) ;
#6556 = CARTESIAN_POINT ( 'NONE',  ( 337.6116628682137275, 3.373881908461727974, 249.8200000000000500 ) ) ;
#6557 = CARTESIAN_POINT ( 'NONE',  ( 394.0196501274467664, 0.9380217546907488879, 371.2305448411129305 ) ) ;
#6558 = CARTESIAN_POINT ( 'NONE',  ( 345.6213431424542364, 2.285908251303453653, 339.0977112219376863 ) ) ;
#6559 = CARTESIAN_POINT ( 'NONE',  ( 274.7280348066072975, 5.167542005573954711, 6.703143432174649696 ) ) ;
#6560 = CARTESIAN_POINT ( 'NONE',  ( 388.7455510008834949, 1.393985762785452609, 371.2300000000000182 ) ) ;
#6561 = CARTESIAN_POINT ( 'NONE',  ( 289.9216473163274372, -0.1728418801243132574, 52.38687509995776281 ) ) ;
#6562 = B_SPLINE_CURVE_WITH_KNOTS ( 'NONE', 3,
 ( #2269, #3374, #5709, #2708, #3870, #1571 ),
 .UNSPECIFIED., .F., .F.,
 ( 4, 2, 4 ),
 ( 0.000000000000000000, 0.007881053441980435600, 0.01576210688396087120 ),
 .UNSPECIFIED. ) ;
#6563 = CARTESIAN_POINT ( 'NONE',  ( 281.7662750285676907, 4.388628247984679653, 6.500061553646905743 ) ) ;
#6564 = CARTESIAN_POINT ( 'NONE',  ( 345.2562395183361446, 2.136312223022095669, 339.7194612079542253 ) ) ;
#6565 = ORIENTED_EDGE ( 'NONE', *, *, #2212, .F. ) ;
#6566 = CARTESIAN_POINT ( 'NONE',  ( 278.8351290777046074, 4.366948555905892704, 7.535804691322177007 ) ) ;
#6567 = ADVANCED_FACE ( 'NONE', ( #4089 ), #66, .T. ) ;
#6568 = DIRECTION ( 'NONE',  ( -0.9991760575190474780, 0.04058578668318930244, -7.920575656911350816E-16 ) ) ;
#6569 = ORIENTED_EDGE ( 'NONE', *, *, #4821, .T. ) ;
#6570 = CARTESIAN_POINT ( 'NONE',  ( 411.4934777563483976, -1.286641544107308514E-05, 371.2300000000000750 ) ) ;
#6571 = CARTESIAN_POINT ( 'NONE',  ( 253.0220008119717363, 6.851145220728465546, 6.791761797491574271 ) ) ;
#6572 = VERTEX_POINT ( 'NONE', #2371 ) ;
#6573 = CARTESIAN_POINT ( 'NONE',  ( 362.7454707554732636, 2.920306041589550095, 371.2300000000000182 ) ) ;
#6574 = EDGE_CURVE ( 'NONE', #1732, #3425, #6647, .T. ) ;
#6575 = CARTESIAN_POINT ( 'NONE',  ( 287.0698629840437661, -0.02756667713490484201, 14.59539608538601207 ) ) ;
#6576 = ORIENTED_EDGE ( 'NONE', *, *, #4993, .F. ) ;
#6577 = CARTESIAN_POINT ( 'NONE',  ( 400.5430149804842586, 0.2532502566557930379, 371.7300000000000182 ) ) ;
#6578 = EDGE_LOOP ( 'NONE', ( #3793, #463, #1916, #1431 ) ) ;
#6579 = CARTESIAN_POINT ( 'NONE',  ( 346.1723110860647239, 3.465489576253972359, 339.4170436447787438 ) ) ;
#6580 = CARTESIAN_POINT ( 'NONE',  ( 192.0965776449518501, 10.80879490927812547, 6.573743401517115004 ) ) ;
#6581 = CARTESIAN_POINT ( 'NONE',  ( 154.9621925358978842, 13.14251332436828967, 6.500000000000007994 ) ) ;
#6582 = CARTESIAN_POINT ( 'NONE',  ( 268.6361379259334399, 5.304448014896673058, 233.8200000000000216 ) ) ;
#6583 = VERTEX_POINT ( 'NONE', #4654 ) ;
#6584 = FACE_OUTER_BOUND ( 'NONE', #2602, .T. ) ;
#6585 = CARTESIAN_POINT ( 'NONE',  ( 397.3150055297233507, 2.616801513503401733, 371.2299999999999045 ) ) ;
#6586 = CARTESIAN_POINT ( 'NONE',  ( 139.8503267729846584, 13.74629808520990792, 6.498730465824000824 ) ) ;
#6587 = CARTESIAN_POINT ( 'NONE',  ( 238.2104303871418551, 7.255367658931970887, 249.8199999999999079 ) ) ;
#6588 = CARTESIAN_POINT ( 'NONE',  ( 326.3311748623921744, 2.488814972728922825, 339.6726354050521763 ) ) ;
#6589 = CARTESIAN_POINT ( 'NONE',  ( 285.2024890019253576, 3.624442597561951640, 20.83164363347625425 ) ) ;
#6590 = CARTESIAN_POINT ( 'NONE',  ( 140.3943174300423493, 12.59759171537679912, 23.14786484725838989 ) ) ;
#6591 = CARTESIAN_POINT ( 'NONE',  ( 126.4183912273541495, 13.77921191367510190, 11.72802115120809496 ) ) ;
#6592 = ORIENTED_EDGE ( 'NONE', *, *, #2652, .F. ) ;
#6593 = CARTESIAN_POINT ( 'NONE',  ( 231.1302787944743784, 7.929637660497089513, 6.000000000000002665 ) ) ;
#6594 = FACE_OUTER_BOUND ( 'NONE', #5618, .T. ) ;
#6595 = CARTESIAN_POINT ( 'NONE',  ( 278.2474897917328462, 5.187119349521877254, 6.524434643843131099 ) ) ;
#6596 = CARTESIAN_POINT ( 'NONE',  ( 140.9698162906798871, 12.11599153141740359, 23.87600024078001937 ) ) ;
#6597 = EDGE_CURVE ( 'NONE', #552, #4132, #4013, .T. ) ;
#6598 = CARTESIAN_POINT ( 'NONE',  ( 281.4345202743210734, 3.804449922179010013, 6.735565974698786817 ) ) ;
#6599 = CARTESIAN_POINT ( 'NONE',  ( 284.0783156859075120, 1.988273635892157998, 23.24999999999999289 ) ) ;
#6600 = ORIENTED_EDGE ( 'NONE', *, *, #5386, .F. ) ;
#6601 = CARTESIAN_POINT ( 'NONE',  ( 277.9840842752254844, 4.466633298679357544, 7.519695092438863249 ) ) ;
#6602 = CARTESIAN_POINT ( 'NONE',  ( 122.0206280422635245, 3.224784288782974073, 127.9100000000000819 ) ) ;
#6603 = ORIENTED_EDGE ( 'NONE', *, *, #963, .T. ) ;
#6604 = LINE ( 'NONE', #2077, #1644 ) ;
#6605 = CARTESIAN_POINT ( 'NONE',  ( 261.7746051993377705, 7.111636638850264980, 6.500051477477243544 ) ) ;
#6606 = CARTESIAN_POINT ( 'NONE',  ( 262.2635275644099124, 7.212096754875092941, 249.8200000000001637 ) ) ;
#6607 = CARTESIAN_POINT ( 'NONE',  ( 391.0302316523958552, 3.117631820645768936, 371.2318835508233974 ) ) ;
#6608 = B_SPLINE_CURVE_WITH_KNOTS ( 'NONE', 3,
 ( #6982, #791, #3458, #1915, #192, #6391, #4179, #4740 ),
 .UNSPECIFIED., .F., .F.,
 ( 4, 2, 2, 4 ),
 ( 0.0009990097719311280978, 0.007953867292955236340, 0.01143129605346724850, 0.01490872481397926240 ),
 .UNSPECIFIED. ) ;
#6609 = DIRECTION ( 'NONE',  ( 0.000000000000000000, -0.0003598203108566903311, -0.9999999352646697925 ) ) ;
#6610 = VERTEX_POINT ( 'NONE', #1346 ) ;
#6611 = CARTESIAN_POINT ( 'NONE',  ( 361.3520822519962508, 0.8158133295816243358, 249.8199999999995669 ) ) ;
#6612 = ORIENTED_EDGE ( 'NONE', *, *, #1423, .F. ) ;
#6613 = CARTESIAN_POINT ( 'NONE',  ( 345.5221053567148033, 2.133443201286794544, 339.5699144938716358 ) ) ;
#6614 = DIRECTION ( 'NONE',  ( 0.000000000000000000, -0.0003598203108569754762, -0.9999999352646697925 ) ) ;
#6615 = CARTESIAN_POINT ( 'NONE',  ( 178.1555075675677244, 11.44153884332869175, 6.623440356900622383 ) ) ;
#6616 = CARTESIAN_POINT ( 'NONE',  ( 345.6537533606709189, 2.318389461342535984, 339.1195396516989717 ) ) ;
#6617 = VECTOR ( 'NONE', #4334, 999.9999999999998863 ) ;
#6618 = B_SPLINE_CURVE_WITH_KNOTS ( 'NONE', 3,
 ( #6455, #4628, #4209, #221 ),
 .UNSPECIFIED., .F., .F.,
 ( 4, 4 ),
 ( 0.6014986212004882482, 0.6155208146644469691 ),
 .UNSPECIFIED. ) ;
#6619 = CARTESIAN_POINT ( 'NONE',  ( 134.0426184351536563, 11.24552402995061406, 20.94090000000002405 ) ) ;
#6620 = ORIENTED_EDGE ( 'NONE', *, *, #6554, .T. ) ;
#6621 = CARTESIAN_POINT ( 'NONE',  ( 362.7454693069067844, 4.811162420171592125, 371.7300000000000182 ) ) ;
#6622 = FACE_OUTER_BOUND ( 'NONE', #2351, .T. ) ;
#6623 = CARTESIAN_POINT ( 'NONE',  ( 138.0812292023013583, 12.92367850494420090, 7.490354127228305181 ) ) ;
#6624 = CARTESIAN_POINT ( 'NONE',  ( 257.0903058705745821, 8.238763462675590787, 249.8199999999999079 ) ) ;
#6625 = CARTESIAN_POINT ( 'NONE',  ( 119.1069819897847850, 13.68324571850793525, 11.43559813121606084 ) ) ;
#6626 = CARTESIAN_POINT ( 'NONE',  ( 332.5766904567805682, -2.539293299768934364, 174.7143910324352305 ) ) ;
#6627 = DIRECTION ( 'NONE',  ( -0.000000000000000000, -0.000000000000000000, -1.000000000000000000 ) ) ;
#6628 = ORIENTED_EDGE ( 'NONE', *, *, #1989, .T. ) ;
#6629 = CARTESIAN_POINT ( 'NONE',  ( 294.8900849309209207, 4.967116624765750998, 127.9100000000000250 ) ) ;
#6630 = CARTESIAN_POINT ( 'NONE',  ( 362.3123368399667470, 2.937084834404094291, 371.2299999766137262 ) ) ;
#6631 = CARTESIAN_POINT ( 'NONE',  ( 276.8980930209912117, 4.759005490017541362, 6.890244830989233904 ) ) ;
#6632 = DIRECTION ( 'NONE',  ( 0.000000000000000000, -0.0003598203108566903311, -0.9999999352646697925 ) ) ;
#6633 = CIRCLE ( 'NONE', #5443, 0.2000000000000000111 ) ;
#6634 = CARTESIAN_POINT ( 'NONE',  ( 281.8968499323927404, 3.323935654293298292, 6.954107853808099371 ) ) ;
#6635 = ORIENTED_EDGE ( 'NONE', *, *, #98, .T. ) ;
#6636 = CARTESIAN_POINT ( 'NONE',  ( 342.1028695001215283, 3.622800031112199726, 340.1835844611737230 ) ) ;
#6637 = CARTESIAN_POINT ( 'NONE',  ( 120.5164373854830728, 2.702741754377534722, 127.9100000000000250 ) ) ;
#6638 = EDGE_CURVE ( 'NONE', #5843, #2375, #6412, .T. ) ;
#6639 = AXIS2_PLACEMENT_3D ( 'NONE', #3992, #4636, #398 ) ;
#6640 = CARTESIAN_POINT ( 'NONE',  ( 284.3267644797209641, 1.719495590815286246, 23.25000000000000000 ) ) ;
#6641 = CARTESIAN_POINT ( 'NONE',  ( 263.5164732891668677, 7.015088992953002034, 6.500051656909148434 ) ) ;
#6642 = ORIENTED_EDGE ( 'NONE', *, *, #4180, .F. ) ;
#6643 = CARTESIAN_POINT ( 'NONE',  ( 127.9847894708158691, 12.90642358535989054, 14.90351818169809661 ) ) ;
#6644 = DIRECTION ( 'NONE',  ( -1.000000000000000000, 0.000000000000000000, -0.000000000000000000 ) ) ;
#6645 = CARTESIAN_POINT ( 'NONE',  ( 280.8969052404073636, 4.002353422703630592, 6.841743818725181114 ) ) ;
#6646 = CARTESIAN_POINT ( 'NONE',  ( 280.8862945836236804, 3.738999889776123187, 7.652182985874720345 ) ) ;
#6647 = CIRCLE ( 'NONE', #2813, 1.989792913342968816 ) ;
#6648 = CARTESIAN_POINT ( 'NONE',  ( 387.2454694065554008, 1.505242361841099719, 371.2299999700258581 ) ) ;
#6649 = EDGE_LOOP ( 'NONE', ( #1457, #4972, #4684, #3678, #1517 ) ) ;
#6650 = CARTESIAN_POINT ( 'NONE',  ( 360.9469786402173668, 1.144125253630961625, 249.8200000000002774 ) ) ;
#6651 = ORIENTED_EDGE ( 'NONE', *, *, #1733, .T. ) ;
#6652 = CARTESIAN_POINT ( 'NONE',  ( 346.1914897838439060, 3.465047321034143923, 339.2990413321055030 ) ) ;
#6653 = CARTESIAN_POINT ( 'NONE',  ( 318.1258622537089309, 1.751313336720967007, 145.3954181405750603 ) ) ;
#6654 =( BOUNDED_SURFACE ( )  B_SPLINE_SURFACE ( 3, 2, ( 
 ( #1487, #2592, #373 ),
 ( #4913, #7049, #4284 ),
 ( #7193, #6636, #1527 ),
 ( #2627, #3712, #790 ),
 ( #4767, #5995, #899 ),
 ( #5890, #2075, #3047 ),
 ( #5344, #226, #4213 ),
 ( #5447, #4876, #2040 ),
 ( #4319, #6066, #1081 ),
 ( #1676, #3785, #7275 ) ),
 .UNSPECIFIED., .F., .F., .F. ) 
 B_SPLINE_SURFACE_WITH_KNOTS ( ( 4, 2, 2, 2, 4 ),
 ( 3, 3 ),
 ( 0.000000000000000000, 0.004675043677764915626, 0.009350087355529831251, 0.01402513103329474688, 0.01870017471105966250 ),
 ( 0.000000000000000000, 1.000000000000000000 ),
 .UNSPECIFIED. ) 
 GEOMETRIC_REPRESENTATION_ITEM ( )  RATIONAL_B_SPLINE_SURFACE ( (
 ( 1.000000000000000000, 0.8116459970741212171, 1.000000000000000000),
 ( 1.000000000000000000, 0.8116986226241912350, 1.000000000000000000),
 ( 1.000000000000000000, 0.8117934363373997542, 1.000000000000000000),
 ( 1.000000000000000000, 0.8115774384439498057, 1.000000000000000000),
 ( 1.000000000000000000, 0.8113634600649959339, 1.000000000000000000),
 ( 1.000000000000000000, 0.8112718396354401396, 1.000000000000000000),
 ( 1.000000000000000000, 0.8115404292763894745, 1.000000000000000000),
 ( 1.000000000000000000, 0.8121807140973467121, 1.000000000000000000),
 ( 1.000000000000000000, 0.8118149080543249907, 1.000000000000000000),
 ( 1.000000000000000000, 0.8115376710707337127, 1.000000000000000000) ) ) 
 REPRESENTATION_ITEM ( '' )  SURFACE ( )  );
#6655 = CARTESIAN_POINT ( 'NONE',  ( 174.6562063161028675, 11.32830374865547185, 6.883920932436069506 ) ) ;
#6656 = CARTESIAN_POINT ( 'NONE',  ( 124.0884131487139825, 13.58707806417506347, 16.60000000000058762 ) ) ;
#6657 = CARTESIAN_POINT ( 'NONE',  ( 159.8519833515343009, 12.88335511708837977, 6.500000024331238357 ) ) ;
#6658 = ORIENTED_EDGE ( 'NONE', *, *, #2581, .F. ) ;
#6659 = CARTESIAN_POINT ( 'NONE',  ( 123.8356788044519448, 11.98755915877581124, 22.99999999999999645 ) ) ;
#6660 = CARTESIAN_POINT ( 'NONE',  ( 398.5276007065791077, 0.4144546834581430139, 371.0387167281942311 ) ) ;
#6661 = CARTESIAN_POINT ( 'NONE',  ( 138.0962587054679602, 13.42848409574652102, 6.621259065043124892 ) ) ;
#6662 = CARTESIAN_POINT ( 'NONE',  ( 180.4443297530895620, 11.43138382615616244, 127.9099999999999966 ) ) ;
#6663 = CARTESIAN_POINT ( 'NONE',  ( 159.4486970257205769, 13.99204070589423310, 6.499999999999988454 ) ) ;
#6664 = CARTESIAN_POINT ( 'NONE',  ( 396.1919711720683495, 0.7104179164033768146, 371.2096846057564790 ) ) ;
#6665 = CARTESIAN_POINT ( 'NONE',  ( 399.5478807645105803, -0.02791087758256311988, 371.0716795602844513 ) ) ;
#6666 = CARTESIAN_POINT ( 'NONE',  ( 117.7651442416902654, 13.86620600989889418, 6.515034072673640431 ) ) ;
#6667 = ORIENTED_EDGE ( 'NONE', *, *, #5481, .F. ) ;
#6668 = CARTESIAN_POINT ( 'NONE',  ( 392.9525354545522191, 0.8798698613699904580, 371.7300000000000750 ) ) ;
#6669 = CARTESIAN_POINT ( 'NONE',  ( 387.4839092581132149, 1.387298486710914380, 371.2096186604752006 ) ) ;
#6670 = CARTESIAN_POINT ( 'NONE',  ( 283.2312713219565126, 2.211366475353951255, 23.24999999999996092 ) ) ;
#6671 = CARTESIAN_POINT ( 'NONE',  ( 278.2741442217283065, 5.453285127664295295, 6.500052559788090711 ) ) ;
#6672 = CARTESIAN_POINT ( 'NONE',  ( 332.4827115334515497, 3.440350319433978843, 337.9950654902132214 ) ) ;
#6673 = CARTESIAN_POINT ( 'NONE',  ( 281.6766832579666584, 3.367789385924727874, 7.084095648534666445 ) ) ;
#6674 = CARTESIAN_POINT ( 'NONE',  ( 365.9840710343091814, 4.677971660262093323, 371.2842705460440129 ) ) ;
#6675 = CARTESIAN_POINT ( 'NONE',  ( 95.19767795114469777, 12.31513572782805355, 6.000000000000003553 ) ) ;
#6676 = CARTESIAN_POINT ( 'NONE',  ( 358.8524405630180354, 3.910744077447505074, 249.8200000000000500 ) ) ;
#6677 = CARTESIAN_POINT ( 'NONE',  ( 260.0264435539419878, 7.076359661262486611, 6.498714519156743030 ) ) ;
#6678 = CARTESIAN_POINT ( 'NONE',  ( 127.4973950618333589, 12.87933608339760738, 15.74975068176875936 ) ) ;
#6679 = CARTESIAN_POINT ( 'NONE',  ( 332.5766904567805113, -2.740179691673576556, 172.2509978513061526 ) ) ;
#6680 = CARTESIAN_POINT ( 'NONE',  ( 403.5940553015319665, -0.001786334284729266522, 348.5879295916174101 ) ) ;
#6681 = ORIENTED_EDGE ( 'NONE', *, *, #2372, .F. ) ;
#6682 = CARTESIAN_POINT ( 'NONE',  ( 163.4221682532420914, 13.79042224580076770, 6.242642896080835335 ) ) ;
#6683 = ORIENTED_EDGE ( 'NONE', *, *, #679, .T. ) ;
#6684 = CARTESIAN_POINT ( 'NONE',  ( 345.6100960959036001, 2.159127760558268161, 339.4366272389882511 ) ) ;
#6685 = CARTESIAN_POINT ( 'NONE',  ( 178.1355379391493159, 11.06740050469508319, 6.996033516287171850 ) ) ;
#6686 = CARTESIAN_POINT ( 'NONE',  ( 345.6132906401462606, 2.082346770329324581, 339.3854723510676195 ) ) ;
#6687 = CARTESIAN_POINT ( 'NONE',  ( 163.7093063568665343, 12.68748767143436496, 6.500000021612679646 ) ) ;
#6688 = EDGE_CURVE ( 'NONE', #6983, #6425, #7236, .T. ) ;
#6689 = ORIENTED_EDGE ( 'NONE', *, *, #3201, .F. ) ;
#6690 = CARTESIAN_POINT ( 'NONE',  ( 289.9216473163276078, -2.582998321600422198, 53.25093359074829635 ) ) ;
#6691 = DIRECTION ( 'NONE',  ( 2.775557561562891351E-13, 1.000000000000000000, 0.000000000000000000 ) ) ;
#6692 = CARTESIAN_POINT ( 'NONE',  ( 139.8272609089351590, 13.07318837512649168, 6.878837488884832929 ) ) ;
#6693 = CARTESIAN_POINT ( 'NONE',  ( 335.9623683765268538, 5.099248557089232747, 371.7299999999999045 ) ) ;
#6694 = CARTESIAN_POINT ( 'NONE',  ( 389.7541041086149676, 1.317935254941034362, 371.7300000000000182 ) ) ;
#6695 = CARTESIAN_POINT ( 'NONE',  ( 119.5779450122466869, 13.68963645822658393, 11.60000000000059650 ) ) ;
#6696 = CARTESIAN_POINT ( 'NONE',  ( 362.5068927799786138, 2.929532559098739330, 371.2842854823274479 ) ) ;
#6697 = EDGE_CURVE ( 'NONE', #5460, #6983, #3033, .T. ) ;
#6698 = DIRECTION ( 'NONE',  ( -0.000000000000000000, 1.000000000000000000, -0.000000000000000000 ) ) ;
#6699 = ORIENTED_EDGE ( 'NONE', *, *, #878, .T. ) ;
#6700 = CARTESIAN_POINT ( 'NONE',  ( 274.2859779342915658, 4.787239325310702398, 6.000000000000004441 ) ) ;
#6701 = CARTESIAN_POINT ( 'NONE',  ( 380.9436144157490958, 1.759559218976568529, 371.0321746929629398 ) ) ;
#6702 = EDGE_CURVE ( 'NONE', #716, #6463, #2240, .T. ) ;
#6703 = CARTESIAN_POINT ( 'NONE',  ( 346.3599689248550249, 3.126155136657441602, 371.0255597780543440 ) ) ;
#6704 = CARTESIAN_POINT ( 'NONE',  ( 276.9244987346625066, 5.058529209119313030, 6.625517851510439371 ) ) ;
#6705 = CARTESIAN_POINT ( 'NONE',  ( 369.1356568503055655, 0.2944942867357786542, 249.8199999999999932 ) ) ;
#6706 = CARTESIAN_POINT ( 'NONE',  ( 280.8680815749779640, 3.724044229649192683, 7.509308196473898356 ) ) ;
#6707 = CARTESIAN_POINT ( 'NONE',  ( 365.7454693069068412, 4.688045690465935778, 371.5978833356048767 ) ) ;
#6708 = CARTESIAN_POINT ( 'NONE',  ( 58.03147224844443741, 10.63176225288020937, 6.000000000000002665 ) ) ;
#6709 = CARTESIAN_POINT ( 'NONE',  ( 270.2921674514518031, 7.392146588502610527, 6.000000000000008882 ) ) ;
#6710 = CARTESIAN_POINT ( 'NONE',  ( 263.4920507947383044, 6.628131408051159745, 6.574011351876573706 ) ) ;
#6711 = CARTESIAN_POINT ( 'NONE',  ( 332.5766904567813071, -0.1293528491035862149, 173.2500584874545666 ) ) ;
#6712 = CARTESIAN_POINT ( 'NONE',  ( 125.3798078991648595, 13.40028687536887553, 21.65621404724441135 ) ) ;
#6713 = CARTESIAN_POINT ( 'NONE',  ( 270.9600881216870221, 5.602677208749610394, 21.21451984116872325 ) ) ;
#6714 = ORIENTED_EDGE ( 'NONE', *, *, #1406, .T. ) ;
#6715 = CARTESIAN_POINT ( 'NONE',  ( 332.3875258983143794, 3.438901183219791768, 338.2597287434919622 ) ) ;
#6716 = ORIENTED_EDGE ( 'NONE', *, *, #256, .T. ) ;
#6717 = CARTESIAN_POINT ( 'NONE',  ( 178.1288105853171260, 10.94136105451366348, 7.504579518154853801 ) ) ;
#6718 = CARTESIAN_POINT ( 'NONE',  ( 140.5089627275758346, 12.85611210662218085, 23.12010915430371938 ) ) ;
#6719 = CARTESIAN_POINT ( 'NONE',  ( 283.2990334150454714, 1.688132395384684070, 6.499999999999980460 ) ) ;
#6720 = ORIENTED_EDGE ( 'NONE', *, *, #3249, .T. ) ;
#6721 = CARTESIAN_POINT ( 'NONE',  ( 268.7657702520287444, 6.326696251013614436, 233.4866666666666504 ) ) ;
#6722 = CARTESIAN_POINT ( 'NONE',  ( 399.1647244207910035, 0.2159953951689622675, 371.0592057723948187 ) ) ;
#6723 = ADVANCED_FACE ( 'NONE', ( #4757 ), #5603, .F. ) ;
#6724 = AXIS2_PLACEMENT_3D ( 'NONE', #4784, #6995, #3583 ) ;
#6725 = CARTESIAN_POINT ( 'NONE',  ( 230.3768226011282252, 8.059242999667246110, 7.119988749781073878 ) ) ;
#6726 = CARTESIAN_POINT ( 'NONE',  ( 138.0820818651737056, 12.95223235650548332, 7.228801840555850511 ) ) ;
#6727 = CARTESIAN_POINT ( 'NONE',  ( 31.60180292582248640, 8.235124278641027473, 5.999999999999999112 ) ) ;
#6728 = CARTESIAN_POINT ( 'NONE',  ( 398.3764861522328715, 0.6278564537427284709, 371.0300000000000296 ) ) ;
#6729 = CARTESIAN_POINT ( 'NONE',  ( 399.3798084564529631, 0.1017921015178801930, 371.0661801933127890 ) ) ;
#6730 = CARTESIAN_POINT ( 'NONE',  ( 261.9384753398874750, 7.214755975743962324, 249.8200000000000500 ) ) ;
#6731 = CARTESIAN_POINT ( 'NONE',  ( 325.7436549664889753, 3.570024907816231163, 338.4179060682794784 ) ) ;
#6732 = ORIENTED_EDGE ( 'NONE', *, *, #2742, .T. ) ;
#6733 = CARTESIAN_POINT ( 'NONE',  ( 391.5718886425287337, 0.9873686561476362478, 371.7300000000000750 ) ) ;
#6734 = CARTESIAN_POINT ( 'NONE',  ( 376.5981769715664882, 2.243641991509753630, 371.2299885816338474 ) ) ;
#6735 = CARTESIAN_POINT ( 'NONE',  ( 212.0762068740613984, 8.330994145358726399, 127.8678861412310965 ) ) ;
#6736 = CARTESIAN_POINT ( 'NONE',  ( 277.3924732748831730, 5.398038484542654558, 6.498688683508301089 ) ) ;
#6737 = CARTESIAN_POINT ( 'NONE',  ( 367.6483716899749083, 2.676401929168292337, 249.8200000000000216 ) ) ;
#6738 = CARTESIAN_POINT ( 'NONE',  ( 280.8373275107587119, 3.799280196969955892, 7.219358003043947036 ) ) ;
#6739 = CARTESIAN_POINT ( 'NONE',  ( 391.2694670742438916, 1.201726575053262192, 371.7300000000000182 ) ) ;
#6740 = CARTESIAN_POINT ( 'NONE',  ( 331.4056445534224622, 2.788456017806033582, 371.7300000000000750 ) ) ;
#6741 = CARTESIAN_POINT ( 'NONE',  ( 402.2053385129552794, 2.204765936975390250, 371.7300000000000182 ) ) ;
#6742 = CARTESIAN_POINT ( 'NONE',  ( 256.5022491723540270, 6.494143169452905262, 6.995819053176852265 ) ) ;
#6743 = CARTESIAN_POINT ( 'NONE',  ( 272.0444233383742585, 5.506274288370036629, 21.20643358246834964 ) ) ;
#6744 = AXIS2_PLACEMENT_3D ( 'NONE', #7324, #3881, #7259 ) ;
#6745 = CARTESIAN_POINT ( 'NONE',  ( 208.0358302478437906, 9.070767190871492858, 134.2630051384663545 ) ) ;
#6746 = CARTESIAN_POINT ( 'NONE',  ( 280.7808645943898114, 3.784222053350145831, 7.355099321159571879 ) ) ;
#6747 = PLANE ( 'NONE',  #7111 ) ;
#6748 = CARTESIAN_POINT ( 'NONE',  ( 404.4508506606101719, -0.001596770319382116200, 351.0437571041097726 ) ) ;
#6749 = ORIENTED_EDGE ( 'NONE', *, *, #1031, .F. ) ;
#6750 = AXIS2_PLACEMENT_3D ( 'NONE', #3502, #2948, #5897 ) ;
#6751 = CARTESIAN_POINT ( 'NONE',  ( 361.8671719293012075, 0.2111530580260548295, 249.8200000000000216 ) ) ;
#6752 = ORIENTED_EDGE ( 'NONE', *, *, #5950, .T. ) ;
#6753 = CARTESIAN_POINT ( 'NONE',  ( 206.0298820615616080, 10.03188573327033595, 6.573827152969854204 ) ) ;
#6754 = CARTESIAN_POINT ( 'NONE',  ( 347.2229160676664037, 3.420614184693687942, 338.1167074670387933 ) ) ;
#6755 = CONICAL_SURFACE ( 'NONE', #701, 0.9999999999999958922, 0.05235987755983000091 ) ;
#6756 = CARTESIAN_POINT ( 'NONE',  ( 282.2116098854348252, 3.765757337599202614, 6.500000000000032863 ) ) ;
#6757 = EDGE_LOOP ( 'NONE', ( #5793, #3106, #5279, #4392 ) ) ;
#6758 = CARTESIAN_POINT ( 'NONE',  ( 323.7737358610483511, 3.510083373756060610, 338.7300000000003024 ) ) ;
#6759 = CARTESIAN_POINT ( 'NONE',  ( 122.1063988256580615, 13.94701467959683683, 5.999999999999996447 ) ) ;
#6760 = CARTESIAN_POINT ( 'NONE',  ( 159.9118089340276754, 13.96824586090408538, 6.499999999999986677 ) ) ;
#6761 = CARTESIAN_POINT ( 'NONE',  ( 153.7938782466869725, 13.21299026804347143, 6.500051461996281255 ) ) ;
#6762 = CARTESIAN_POINT ( 'NONE',  ( 141.0685959180175644, 9.189625968320365601, 127.9100000000000250 ) ) ;
#6763 = ORIENTED_EDGE ( 'NONE', *, *, #2701, .F. ) ;
#6764 = CARTESIAN_POINT ( 'NONE',  ( 345.6213431424546911, 2.285908251303632177, 339.0977112219379137 ) ) ;
#6765 = CARTESIAN_POINT ( 'NONE',  ( 398.5738735258309475, 0.4204676990118736413, 371.2299999999999613 ) ) ;
#6766 = CARTESIAN_POINT ( 'NONE',  ( 333.2802607967131507, 4.550402788603018500, 339.7690109827933611 ) ) ;
#6767 = EDGE_CURVE ( 'NONE', #1216, #5643, #5983, .T. ) ;
#6768 = DIRECTION ( 'NONE',  ( -1.000000000000000000, 2.856580215031686687E-13, -1.027855647498751205E-16 ) ) ;
#6769 = VERTEX_POINT ( 'NONE', #2580 ) ;
#6770 = CARTESIAN_POINT ( 'NONE',  ( 279.3999629326336844, 4.179665782763234638, 6.000000000000000888 ) ) ;
#6771 = CARTESIAN_POINT ( 'NONE',  ( 380.9501585389999150, 1.856854842759871671, 371.2095548231787916 ) ) ;
#6772 = CARTESIAN_POINT ( 'NONE',  ( 388.7471637470143833, 3.291527469343487944, 371.7300000000000182 ) ) ;
#6773 = CARTESIAN_POINT ( 'NONE',  ( 283.6597727943469636, 2.124929327073372676, 23.24999999999996092 ) ) ;
#6774 = CARTESIAN_POINT ( 'NONE',  ( 280.8288307346624606, 4.897719951237061942, 6.500058965090008023 ) ) ;
#6775 = CARTESIAN_POINT ( 'NONE',  ( 367.3964936639170560, 2.795340741465532020, 249.8200000000000216 ) ) ;
#6776 = EDGE_CURVE ( 'NONE', #4202, #7195, #3408, .T. ) ;
#6777 = CARTESIAN_POINT ( 'NONE',  ( 280.8179347700434505, 3.763771622582293475, 7.357720328242671748 ) ) ;
#6778 = CARTESIAN_POINT ( 'NONE',  ( 125.6032469634078552, 11.07727305917583038, 22.47628396336893175 ) ) ;
#6779 = CARTESIAN_POINT ( 'NONE',  ( 82.80222123674117540, 11.89702658455133211, 5.999999999999997335 ) ) ;
#6780 = CARTESIAN_POINT ( 'NONE',  ( 286.2653210487251840, 7.604770517200477364, 127.9100000000000250 ) ) ;
#6781 = CARTESIAN_POINT ( 'NONE',  ( 268.6152120963153038, 5.558290929383620238, 7.258626493072035224 ) ) ;
#6782 = CARTESIAN_POINT ( 'NONE',  ( 280.0475400860952959, 4.590179976232407810, 23.24999999998002664 ) ) ;
#6783 = CARTESIAN_POINT ( 'NONE',  ( 272.0954293880997170, 5.296944612657383367, 6.896024938663877002 ) ) ;
#6784 = CARTESIAN_POINT ( 'NONE',  ( 135.4612176467229574, 12.63593298561464273, 23.14500386368692375 ) ) ;
#6785 = EDGE_CURVE ( 'NONE', #4813, #7021, #5469, .T. ) ;
#6786 = CARTESIAN_POINT ( 'NONE',  ( 122.2730511634711235, 43.07938103743692437, 16.60000000000059472 ) ) ;
#6787 = CARTESIAN_POINT ( 'NONE',  ( 285.1109290028136911, 5.024836358405289083, 60.04574757529091045 ) ) ;
#6788 = CARTESIAN_POINT ( 'NONE',  ( 401.8102465274006931, 0.1418452177594156371, 371.7299999999999613 ) ) ;
#6789 = VERTEX_POINT ( 'NONE', #7072 ) ;
#6790 = CARTESIAN_POINT ( 'NONE',  ( 212.9594866278715415, 9.010256015851272338, 7.506927568412362639 ) ) ;
#6791 = CARTESIAN_POINT ( 'NONE',  ( 347.5887292299524916, 3.404095327360590950, 339.2682451453086401 ) ) ;
#6792 = EDGE_CURVE ( 'NONE', #4054, #5306, #665, .T. ) ;
#6793 = ORIENTED_EDGE ( 'NONE', *, *, #6818, .T. ) ;
#6794 = CARTESIAN_POINT ( 'NONE',  ( 258.8343165428694306, 6.368328394484917609, 233.4866666666666504 ) ) ;
#6795 = CARTESIAN_POINT ( 'NONE',  ( 125.6117820114704386, 13.78046753022026039, 11.60000000000058940 ) ) ;
#6796 = CARTESIAN_POINT ( 'NONE',  ( 237.3572524540718689, 7.950938205266183445, 6.698874454773283915 ) ) ;
#6797 = CARTESIAN_POINT ( 'NONE',  ( 143.3063535675497349, 12.93703309311517202, 6.881146168993959478 ) ) ;
#6798 = CARTESIAN_POINT ( 'NONE',  ( 43.87700404187436476, 10.79181408984070067, 6.000000000000001776 ) ) ;
#6799 = CARTESIAN_POINT ( 'NONE',  ( 289.9216473163270393, -2.783358128964211975, 52.25100561954579348 ) ) ;
#6800 = CARTESIAN_POINT ( 'NONE',  ( 281.1451002223799378, 4.436550453463663501, 21.20963460802393996 ) ) ;
#6801 = CARTESIAN_POINT ( 'NONE',  ( 273.6384132941038274, 3.398113788344121478, 23.25000000000000355 ) ) ;
#6802 = CARTESIAN_POINT ( 'NONE',  ( 113.5964985846432569, 13.75577008877334784, 5.999999999999988454 ) ) ;
#6803 = CARTESIAN_POINT ( 'NONE',  ( 345.3154539444080910, 1.997963740332671101, 339.4886600596443600 ) ) ;
#6804 = ORIENTED_EDGE ( 'NONE', *, *, #6470, .T. ) ;
#6805 = CARTESIAN_POINT ( 'NONE',  ( 399.8531848041969852, 0.3130182954263645012, 371.7300000000000182 ) ) ;
#6806 = CARTESIAN_POINT ( 'NONE',  ( 350.4115472121152948, 3.095226489391311731, 371.0266951097711967 ) ) ;
#6807 = CARTESIAN_POINT ( 'NONE',  ( 389.6692772306957977, 1.327852958283864959, 371.2299886573138679 ) ) ;
#6808 = CARTESIAN_POINT ( 'NONE',  ( 117.1966263689375296, 13.06445420701006199, 7.199696354465246806 ) ) ;
#6809 = CARTESIAN_POINT ( 'NONE',  ( 289.9216473163282899, -0.1725312863942212727, 53.25006625569422880 ) ) ;
#6810 = CARTESIAN_POINT ( 'NONE',  ( 280.2200632664771547, 4.424269079653179837, 6.719808865752494142 ) ) ;
#6811 = CARTESIAN_POINT ( 'NONE',  ( 283.9578510460446523, 1.561760394320001799, 5.999999999999993783 ) ) ;
#6812 = B_SPLINE_SURFACE_WITH_KNOTS ( 'NONE', 3, 1, ( 
 ( #1437, #2535 ),
 ( #1547, #846 ),
 ( #5977, #1992 ),
 ( #6621, #2022 ) ),
 .UNSPECIFIED., .F., .F., .F.,
 ( 4, 4 ),
 ( 2, 2 ),
 ( 0.7143705566836238141, 0.7266971912288978652 ),
 ( 0.000000000000000000, 1.000000000000000000 ),
 .UNSPECIFIED. ) ;
#6813 = CARTESIAN_POINT ( 'NONE',  ( 281.1434794629965950, 4.258261945189293129, 6.587801353096927492 ) ) ;
#6814 = CARTESIAN_POINT ( 'NONE',  ( 390.9201352293524678, 1.228515795496390783, 371.2299998310068077 ) ) ;
#6815 = CARTESIAN_POINT ( 'NONE',  ( 319.7591034988479350, 1.499415746453367060, 371.7299999999998477 ) ) ;
#6816 = CARTESIAN_POINT ( 'NONE',  ( 314.1261120800364210, 5.721162402396636537, 127.9099999999999966 ) ) ;
#6817 = ADVANCED_FACE ( 'NONE', ( #4827 ), #7117, .F. ) ;
#6818 = EDGE_CURVE ( 'NONE', #6540, #6327, #6525, .T. ) ;
#6819 = CARTESIAN_POINT ( 'NONE',  ( 266.9435877698281843, 6.213350033402164740, 6.625953262984769943 ) ) ;
#6820 = CARTESIAN_POINT ( 'NONE',  ( 270.8769842367672709, 5.610105076053952367, 21.21514198720235456 ) ) ;
#6821 = CARTESIAN_POINT ( 'NONE',  ( 271.2182700981608150, 5.332507216503435288, 7.011310357687154493 ) ) ;
#6822 = DIRECTION ( 'NONE',  ( -1.519310039860604572E-31, 0.0003598203108568316568, 0.9999999352646697925 ) ) ;
#6823 = CARTESIAN_POINT ( 'NONE',  ( 126.3181100939331429, 12.53459341480371947, 23.13163267131247380 ) ) ;
#6824 = CARTESIAN_POINT ( 'NONE',  ( 293.2704147734655180, 4.692357952572725033, 82.43745316142151580 ) ) ;
#6825 = CARTESIAN_POINT ( 'NONE',  ( 332.4666783567436710, 3.473564041748776532, 338.4216405469487654 ) ) ;
#6826 = ORIENTED_EDGE ( 'NONE', *, *, #6244, .T. ) ;
#6827 = CARTESIAN_POINT ( 'NONE',  ( 240.8782197955374897, 8.345254460269709185, 6.500051750504484360 ) ) ;
#6828 = CARTESIAN_POINT ( 'NONE',  ( 209.5057215497736536, 9.709589817380232191, 6.623754339001928670 ) ) ;
#6829 = CARTESIAN_POINT ( 'NONE',  ( 351.7727437102170143, 3.851724591412972742, 370.0228198177789523 ) ) ;
#6830 = CARTESIAN_POINT ( 'NONE',  ( 159.8759731210269877, 13.97008711698096839, 6.499999999999992006 ) ) ;
#6831 = CARTESIAN_POINT ( 'NONE',  ( 352.0630095695251498, 3.820960874469396362, 371.7300000000000182 ) ) ;
#6832 = ORIENTED_EDGE ( 'NONE', *, *, #5455, .F. ) ;
#6833 = CARTESIAN_POINT ( 'NONE',  ( 324.0295458065858156, 3.511038168659057934, 338.7299999999993361 ) ) ;
#6834 = VERTEX_POINT ( 'NONE', #887 ) ;
#6835 = CARTESIAN_POINT ( 'NONE',  ( 270.9600881216870221, 5.602677208749610394, 21.21451984116872325 ) ) ;
#6836 = CARTESIAN_POINT ( 'NONE',  ( 143.2976203902821055, 12.73366941031567556, 7.498099493176896502 ) ) ;
#6837 = CARTESIAN_POINT ( 'NONE',  ( 35.67639429772705029, 9.178506595866519291, 5.999999999999993783 ) ) ;
#6838 = CARTESIAN_POINT ( 'NONE',  ( 332.8979890622670723, 3.991548049249306285, 338.6762028569955305 ) ) ;
#6839 = CARTESIAN_POINT ( 'NONE',  ( 362.7454693069057612, 4.811162420171592125, 371.7300000000000182 ) ) ;
#6840 = CARTESIAN_POINT ( 'NONE',  ( 187.3975247672529179, 10.47395276829833577, 127.9100000000000250 ) ) ;
#6841 = CARTESIAN_POINT ( 'NONE',  ( 388.7471637470143833, 3.291527469343487944, 371.2299995642491126 ) ) ;
#6842 = AXIS2_PLACEMENT_3D ( 'NONE', #497, #1614, #3197 ) ;
#6843 = ORIENTED_EDGE ( 'NONE', *, *, #310, .T. ) ;
#6844 = CARTESIAN_POINT ( 'NONE',  ( 408.4246619704772456, 1.619266140336860671, 371.2299999999998477 ) ) ;
#6845 = CARTESIAN_POINT ( 'NONE',  ( 350.4133339320110849, 3.190932992170514737, 371.2087964399809721 ) ) ;
#6846 = CARTESIAN_POINT ( 'NONE',  ( 124.1522321615889695, 13.74502709261443023, 6.570751063119375068 ) ) ;
#6847 = CARTESIAN_POINT ( 'NONE',  ( 144.9223599702506533, 11.56242247966750725, 22.49999999999999645 ) ) ;
#6848 = CARTESIAN_POINT ( 'NONE',  ( 279.7546843746384297, 4.234763157912760256, 7.166468734756385572 ) ) ;
#6849 = CARTESIAN_POINT ( 'NONE',  ( 326.6033947083432736, 0.4073596597232808647, 127.9099999999999966 ) ) ;
#6850 = CARTESIAN_POINT ( 'NONE',  ( 281.1013064291430510, 4.282710763033566792, 6.587483489733267028 ) ) ;
#6851 = CARTESIAN_POINT ( 'NONE',  ( 390.9846219700108350, 1.223570499107249354, 371.2839422793497306 ) ) ;
#6852 = CARTESIAN_POINT ( 'NONE',  ( 363.4480168939811051, 3.406830003759650616, 249.8199999999999648 ) ) ;
#6853 = CARTESIAN_POINT ( 'NONE',  ( 273.3739107130874686, 6.449500919053950732, 249.8200000000000216 ) ) ;
#6854 = CARTESIAN_POINT ( 'NONE',  ( 334.6056106944623139, 5.625410728116159831, 249.8200000000001637 ) ) ;
#6855 = CARTESIAN_POINT ( 'NONE',  ( 267.8624633721487385, 6.639493068616977745, 6.500052693285966576 ) ) ;
#6856 = CARTESIAN_POINT ( 'NONE',  ( 284.2033905111910030, 4.197115236514791015, 23.24999999999781863 ) ) ;
#6857 = CARTESIAN_POINT ( 'NONE',  ( 286.7783277998979088, -0.01098159325612940197, 20.62676393231052074 ) ) ;
#6858 = CARTESIAN_POINT ( 'NONE',  ( 270.3394616465873241, 5.347184853518134773, 7.261519570153477154 ) ) ;
#6859 = CARTESIAN_POINT ( 'NONE',  ( 362.7454693069067844, 2.920271492011041303, 371.7300000000000182 ) ) ;
#6860 = B_SPLINE_CURVE_WITH_KNOTS ( 'NONE', 3,
 ( #1176, #3388, #5679, #619 ),
 .UNSPECIFIED., .F., .F.,
 ( 4, 4 ),
 ( 0.000000000000000000, 0.0005000222965194986565 ),
 .UNSPECIFIED. ) ;
#6861 = CIRCLE ( 'NONE', #7220, 0.2000000000000011491 ) ;
#6862 = CARTESIAN_POINT ( 'NONE',  ( 281.1375964827790312, 3.513078310672402171, 7.725506799788009360 ) ) ;
#6863 = DIRECTION ( 'NONE',  ( 0.03899235908205733736, 0.9992395087931702502, 0.000000000000000000 ) ) ;
#6864 = ADVANCED_FACE ( 'NONE', ( #924 ), #2464, .F. ) ;
#6865 = FACE_OUTER_BOUND ( 'NONE', #2409, .T. ) ;
#6866 = ORIENTED_EDGE ( 'NONE', *, *, #3811, .F. ) ;
#6867 = AXIS2_PLACEMENT_3D ( 'NONE', #5962, #6568, #2076 ) ;
#6868 = CARTESIAN_POINT ( 'NONE',  ( 237.3326193107200481, 7.564753382860709863, 7.509119086983177205 ) ) ;
#6869 = CARTESIAN_POINT ( 'NONE',  ( 199.0288416431293399, 9.799673110098570561, 7.505767765715353868 ) ) ;
#6870 = CARTESIAN_POINT ( 'NONE',  ( 140.5134183244626627, 12.62948551347079018, 23.12741721534817430 ) ) ;
#6871 = CARTESIAN_POINT ( 'NONE',  ( 345.4804790069892420, 2.024989896140686252, 339.3661550733318677 ) ) ;
#6872 = VECTOR ( 'NONE', #2715, 1000.000000000000000 ) ;
#6873 = ORIENTED_EDGE ( 'NONE', *, *, #2248, .F. ) ;
#6874 = CARTESIAN_POINT ( 'NONE',  ( 263.3759731210270161, 8.083853833194812211, 5.999999999999991118 ) ) ;
#6875 = EDGE_CURVE ( 'NONE', #7021, #2789, #2861, .T. ) ;
#6876 = ORIENTED_EDGE ( 'NONE', *, *, #3817, .F. ) ;
#6877 = CARTESIAN_POINT ( 'NONE',  ( 150.2669173694554274, 12.60125976711668017, 6.884059844081108714 ) ) ;
#6878 = CARTESIAN_POINT ( 'NONE',  ( 314.4197107726923832, 2.677984047143001423, 371.7300000000000182 ) ) ;
#6879 = AXIS2_PLACEMENT_3D ( 'NONE', #2557, #2523, #1491 ) ;
#6880 = CARTESIAN_POINT ( 'NONE',  ( 278.7465243515889028, 4.692051402702817064, 21.19378851588460932 ) ) ;
#6881 = CARTESIAN_POINT ( 'NONE',  ( 124.0884131487140252, 13.54014667242002545, 16.60000000000059828 ) ) ;
#6882 = CARTESIAN_POINT ( 'NONE',  ( 175.2013443567010995, 13.18755475109466424, 6.499999999999982236 ) ) ;
#6883 = EDGE_CURVE ( 'NONE', #4647, #1805, #5051, .T. ) ;
#6884 = APPROVAL_PERSON_ORGANIZATION ( #7102, #465, #5873 ) ;
#6885 = CARTESIAN_POINT ( 'NONE',  ( 326.0498450961131311, 3.890723732576723215, 338.9021896184959246 ) ) ;
#6886 = VERTEX_POINT ( 'NONE', #437 ) ;
#6887 = CARTESIAN_POINT ( 'NONE',  ( 387.7454693069067844, 3.365671187338276749, 371.2300000000000182 ) ) ;
#6888 = CARTESIAN_POINT ( 'NONE',  ( 160.3759731210269308, 13.94446355411818317, 6.499999999999992006 ) ) ;
#6889 = CARTESIAN_POINT ( 'NONE',  ( 122.4112634501171613, 13.11293538237454648, 7.469511112079405102 ) ) ;
#6890 = FACE_OUTER_BOUND ( 'NONE', #5747, .T. ) ;
#6891 = CARTESIAN_POINT ( 'NONE',  ( 279.3711872237950047, 4.270223438989924070, 7.418665328843916384 ) ) ;
#6892 = CARTESIAN_POINT ( 'NONE',  ( 332.5766904567813071, 0.06017994737835593438, 173.2499902897004347 ) ) ;
#6893 = CARTESIAN_POINT ( 'NONE',  ( 280.9470789320587301, 3.782234951173669035, 7.083905711154097062 ) ) ;
#6894 = CARTESIAN_POINT ( 'NONE',  ( 140.5893757441654941, 12.64038500583170510, 23.25200242223762004 ) ) ;
#6895 = B_SPLINE_CURVE_WITH_KNOTS ( 'NONE', 3,
 ( #2090, #5502, #6083, #6719, #2677, #5606, #500, #6756, #3239, #2717, #2749, #5008, #5042, #1099 ),
 .UNSPECIFIED., .F., .F.,
 ( 4, 2, 2, 2, 2, 2, 4 ),
 ( 1.910906329005701565E-18, 0.001291119064196162569, 0.002582238128392322970, 0.003873357192588483804, 0.004518916724686613227, 0.004841696490735678156, 0.005164476256784743084 ),
 .UNSPECIFIED. ) ;
#6896 = ORIENTED_EDGE ( 'NONE', *, *, #7330, .F. ) ;
#6897 = CARTESIAN_POINT ( 'NONE',  ( 345.4163241270789513, 2.130004047237735954, 339.6529503645643331 ) ) ;
#6898 = CARTESIAN_POINT ( 'NONE',  ( 157.0501464519047943, 12.01405534398743846, 5.999999999999998224 ) ) ;
#6899 = CARTESIAN_POINT ( 'NONE',  ( 411.4934777558066230, -3.859523744526601705E-05, 371.2300000000003024 ) ) ;
#6900 = CARTESIAN_POINT ( 'NONE',  ( 220.5855278095343976, 10.64384103668699666, 5.999999999999989342 ) ) ;
#6901 = CARTESIAN_POINT ( 'NONE',  ( 268.6846175738227203, 6.152045272703100309, 6.575778014913328917 ) ) ;
#6902 = CARTESIAN_POINT ( 'NONE',  ( 283.2594664386240311, 2.203997543135668646, 23.25000000000000000 ) ) ;
#6903 = CARTESIAN_POINT ( 'NONE',  ( 287.6325907565513944, 0.1862735920456183580, 23.24999999999998579 ) ) ;
#6904 = CARTESIAN_POINT ( 'NONE',  ( 132.8016371048080089, 11.79877848518440508, 33.25246683388883184 ) ) ;
#6905 = CARTESIAN_POINT ( 'NONE',  ( 280.7874210429568507, 3.844901617052689069, 7.710829297914795433 ) ) ;
#6906 = CARTESIAN_POINT ( 'NONE',  ( 125.5606462704632094, 13.39914505799404409, 21.79980259338553239 ) ) ;
#6907 = CARTESIAN_POINT ( 'NONE',  ( 260.2013033343355914, 7.184863695889368351, 5.999999999999985789 ) ) ;
#6908 = EDGE_LOOP ( 'NONE', ( #1486, #6200, #6065, #1526 ) ) ;
#6909 = CARTESIAN_POINT ( 'NONE',  ( 237.3341639075825071, 7.588965526551943341, 7.243927316295638796 ) ) ;
#6910 = CARTESIAN_POINT ( 'NONE',  ( 205.9946229905002326, 9.410003448988826236, 7.506307709146374130 ) ) ;
#6911 = PLANE ( 'NONE',  #2684 ) ;
#6912 = CARTESIAN_POINT ( 'NONE',  ( 146.8942232433332151, 12.52373830735109195, 21.28069409185374994 ) ) ;
#6913 = CARTESIAN_POINT ( 'NONE',  ( 281.1542064402603955, 3.499071492368581282, 7.726529624297375776 ) ) ;
#6914 = ORIENTED_EDGE ( 'NONE', *, *, #2497, .F. ) ;
#6915 = CARTESIAN_POINT ( 'NONE',  ( 146.7864045764220293, 12.77232518957539753, 6.882723893641449209 ) ) ;
#6916 = CARTESIAN_POINT ( 'NONE',  ( 22.60156547853469888, 5.600296222668927903, 5.999999999999990230 ) ) ;
#6917 = ADVANCED_FACE ( 'NONE', ( #2833 ), #2869, .T. ) ;
#6918 = CARTESIAN_POINT ( 'NONE',  ( 270.9600881216870221, 5.602677208749610394, 21.21451984116872325 ) ) ;
#6919 = CARTESIAN_POINT ( 'NONE',  ( 136.1167951039012962, 13.61566135440519432, 16.30012553897074667 ) ) ;
#6920 = CARTESIAN_POINT ( 'NONE',  ( 333.3339159312910738, 4.345814207150682229, 339.3912092300233780 ) ) ;
#6921 = CARTESIAN_POINT ( 'NONE',  ( 390.7454693069067844, 3.139481527006156458, 371.7300000000000750 ) ) ;
#6922 = ORIENTED_EDGE ( 'NONE', *, *, #3659, .F. ) ;
#6923 = CARTESIAN_POINT ( 'NONE',  ( 289.9216473163278920, -2.592867062192635963, 54.91412846100402589 ) ) ;
#6924 = DIRECTION ( 'NONE',  ( 0.000000000000000000, -1.000000000000000000, 0.000000000000000000 ) ) ;
#6925 = CARTESIAN_POINT ( 'NONE',  ( 118.9203683574464776, 13.70248276261861875, 6.569631237328913187 ) ) ;
#6926 = CARTESIAN_POINT ( 'NONE',  ( 200.7193199214697472, 12.00312267827328405, 121.8770158164103492 ) ) ;
#6927 = CARTESIAN_POINT ( 'NONE',  ( 283.9042600633457596, 2.161515448232980141, 23.24999999999981171 ) ) ;
#6928 = CARTESIAN_POINT ( 'NONE',  ( 279.7664006772574794, 4.279248819126295622, 7.036440401624296292 ) ) ;
#6929 = DIRECTION ( 'NONE',  ( 0.000000000000000000, 0.0003598203108568434204, 0.9999999352646697925 ) ) ;
#6930 = CARTESIAN_POINT ( 'NONE',  ( 281.1876588363335259, 4.232837011284222406, 6.587963707597278784 ) ) ;
#6931 = CARTESIAN_POINT ( 'NONE',  ( 126.4176180368455675, 13.62910637983335960, 16.47223005099702675 ) ) ;
#6932 = ORIENTED_EDGE ( 'NONE', *, *, #6574, .T. ) ;
#6933 = CARTESIAN_POINT ( 'NONE',  ( 144.9941876895594817, 11.36623265431532204, 22.04412149665348153 ) ) ;
#6934 = CARTESIAN_POINT ( 'NONE',  ( 181.7472213186080126, 10.74093243256393215, 6.000000000000000000 ) ) ;
#6935 = DIRECTION ( 'NONE',  ( 0.5204170899997671018, -0.02356220827219842121, 0.8535870633845805688 ) ) ;
#6936 = EDGE_CURVE ( 'NONE', #477, #390, #1638, .T. ) ;
#6937 =( BOUNDED_SURFACE ( )  B_SPLINE_SURFACE ( 3, 2, ( 
 ( #3272, #1721, #5669 ),
 ( #3988, #6, #3343 ),
 ( #6267, #2820, #1167 ),
 ( #5638, #2231, #3910 ),
 ( #7316, #2192, #609 ),
 ( #1055, #1612, #1685 ) ),
 .UNSPECIFIED., .F., .F., .F. ) 
 B_SPLINE_SURFACE_WITH_KNOTS ( ( 4, 2, 4 ),
 ( 3, 3 ),
 ( 0.003058807095073402468, 0.006697665393346588156, 0.01033652369161977384 ),
 ( 0.000000000000000000, 1.000000000000000000 ),
 .UNSPECIFIED. ) 
 GEOMETRIC_REPRESENTATION_ITEM ( )  RATIONAL_B_SPLINE_SURFACE ( (
 ( 1.000000000000000000, 0.8777325762168795009, 1.000000000000000000),
 ( 1.000000000000000000, 0.8782094757390924711, 1.000000000000000000),
 ( 1.000000000000000000, 0.8783038767336639463, 1.000000000000000000),
 ( 1.000000000000000000, 0.8787122843960251117, 1.000000000000000000),
 ( 1.000000000000000000, 0.8787771064504624752, 1.000000000000000000),
 ( 1.000000000000000000, 0.8782245132991646219, 1.000000000000000000) ) ) 
 REPRESENTATION_ITEM ( '' )  SURFACE ( )  );
#6938 = CARTESIAN_POINT ( 'NONE',  ( 212.7713559292331524, 11.63368318356347686, 127.9099999999999966 ) ) ;
#6939 = CARTESIAN_POINT ( 'NONE',  ( 268.6124665641627871, 5.534811158418941446, 7.393293494464209026 ) ) ;
#6940 = CARTESIAN_POINT ( 'NONE',  ( 284.0982553353211415, 4.211134990284259416, 23.25000000000053646 ) ) ;
#6941 = CARTESIAN_POINT ( 'NONE',  ( 287.6191106237418467, 0.3844166355299087900, 23.25000000000034106 ) ) ;
#6942 = CARTESIAN_POINT ( 'NONE',  ( 271.2514084719434777, 5.592787877150561471, 6.704259723674805826 ) ) ;
#6943 = CARTESIAN_POINT ( 'NONE',  ( 260.3759731210270161, 7.175950877862851129, 5.999999999999991118 ) ) ;
#6944 = CARTESIAN_POINT ( 'NONE',  ( 280.9144084440086431, 3.697735127816461631, 7.509326577496004518 ) ) ;
#6945 = CARTESIAN_POINT ( 'NONE',  ( 136.0290491684531275, 12.15960212900163562, 23.97447559373420489 ) ) ;
#6946 = DIRECTION ( 'NONE',  ( 0.9992393632046328023, -0.03899235340089297203, 0.0005398135419584940229 ) ) ;
#6947 = CARTESIAN_POINT ( 'NONE',  ( 263.3759731210270161, 7.005711497204469396, 5.999999999999991118 ) ) ;
#6948 = ORIENTED_EDGE ( 'NONE', *, *, #6151, .F. ) ;
#6949 = CARTESIAN_POINT ( 'NONE',  ( 216.4415029828499257, 8.805901600875177593, 7.507276953296857513 ) ) ;
#6950 = CARTESIAN_POINT ( 'NONE',  ( 396.0308105407903554, 0.1279085014479060534, 361.4788024486514360 ) ) ;
#6951 = CARTESIAN_POINT ( 'NONE',  ( 263.8759731210271866, 6.972511349892783983, 6.500000000000009770 ) ) ;
#6952 = ORIENTED_EDGE ( 'NONE', *, *, #3250, .T. ) ;
#6953 = CARTESIAN_POINT ( 'NONE',  ( 160.7102428118641058, 11.83386067372791928, 7.371112959317192903 ) ) ;
#6954 = CARTESIAN_POINT ( 'NONE',  ( 146.3878580130816260, 12.54461233392385289, 20.70579991785867335 ) ) ;
#6955 = CARTESIAN_POINT ( 'NONE',  ( 123.0836837402487447, 13.52522636834327230, 17.45156145963859018 ) ) ;
#6956 = LINE ( 'NONE', #6881, #3286 ) ;
#6957 = CARTESIAN_POINT ( 'NONE',  ( 216.6712151386209371, 10.87851258863353721, 6.499999999999995559 ) ) ;
#6958 = DATE_TIME_ROLE ( 'classification_date' ) ;
#6959 = B_SPLINE_CURVE_WITH_KNOTS ( 'NONE', 3,
 ( #7164, #2046, #6607, #380 ),
 .UNSPECIFIED., .F., .F.,
 ( 4, 4 ),
 ( 0.000000000000000000, 0.0004283861714440323661 ),
 .UNSPECIFIED. ) ;
#6960 = CARTESIAN_POINT ( 'NONE',  ( 344.5594497582299596, 3.910421975092493785, 371.7300000000001887 ) ) ;
#6961 = ADVANCED_FACE ( 'NONE', ( #4522 ), #6755, .F. ) ;
#6962 = VERTEX_POINT ( 'NONE', #2724 ) ;
#6963 = CARTESIAN_POINT ( 'NONE',  ( 345.1699667713123745, 2.139755573701886959, 339.7194405814563538 ) ) ;
#6964 = CARTESIAN_POINT ( 'NONE',  ( 350.4115270930344650, 3.094347571836089106, 371.0799614746327393 ) ) ;
#6965 = CARTESIAN_POINT ( 'NONE',  ( 122.4087487763189444, 13.62367917348949398, 6.618095519928156811 ) ) ;
#6966 = CARTESIAN_POINT ( 'NONE',  ( 391.1725667438643086, 3.106710503264349388, 371.2353433349263696 ) ) ;
#6967 = CARTESIAN_POINT ( 'NONE',  ( 280.5402156316267224, 4.197641223547122102, 6.831157569837732702 ) ) ;
#6968 = CARTESIAN_POINT ( 'NONE',  ( 330.0548597756903746, 3.494307698712047383, 338.1025287123841849 ) ) ;
#6969 = CARTESIAN_POINT ( 'NONE',  ( 281.4188228291108658, 4.585945195138148911, 6.500061543032033207 ) ) ;
#6970 = CARTESIAN_POINT ( 'NONE',  ( 324.5469079300800672, 4.120855740227659325, 128.0766666666667106 ) ) ;
#6971 = CARTESIAN_POINT ( 'NONE',  ( 348.0095129931190741, 3.095427376022090726, 371.7299999999999613 ) ) ;
#6972 = AXIS2_PLACEMENT_3D ( 'NONE', #2674, #7251, #611 ) ;
#6973 = B_SPLINE_CURVE_WITH_KNOTS ( 'NONE', 3,
 ( #1384, #5922, #5780, #933 ),
 .UNSPECIFIED., .F., .F.,
 ( 4, 4 ),
 ( 0.000000000000000000, 1.000000000000000000 ),
 .UNSPECIFIED. ) ;
#6974 = CARTESIAN_POINT ( 'NONE',  ( 285.4223649440140207, 3.920875196599358237, 23.25000000000000711 ) ) ;
#6975 = CARTESIAN_POINT ( 'NONE',  ( 284.8742150343799153, 0.09295596998062338745, 23.24999999999997868 ) ) ;
#6976 = CARTESIAN_POINT ( 'NONE',  ( 275.2035687562262751, 5.477083623996856332, 6.524530459736434196 ) ) ;
#6977 = CARTESIAN_POINT ( 'NONE',  ( 363.7455755843887459, 2.881554545368999687, 371.2299999999997340 ) ) ;
#6978 = CARTESIAN_POINT ( 'NONE',  ( 281.2134424082186115, 3.630929413078102463, 7.083975053204978778 ) ) ;
#6979 = CARTESIAN_POINT ( 'NONE',  ( 280.8760728199344499, 3.382657455118692980, 6.499999999998281375 ) ) ;
#6980 = ADVANCED_FACE ( 'NONE', ( #997, #2138, #3356 ), #7295, .F. ) ;
#6981 = CARTESIAN_POINT ( 'NONE',  ( 289.9216473163277215, -0.1829984769652123200, 53.25007002200222672 ) ) ;
#6982 = CARTESIAN_POINT ( 'NONE',  ( 125.4697761972577439, 13.40304243305025800, 21.65607855592407560 ) ) ;
#6983 = VERTEX_POINT ( 'NONE', #1698 ) ;
#6984 = CARTESIAN_POINT ( 'NONE',  ( 244.3115931205165623, 7.401935802573833989, 6.792949961095340328 ) ) ;
#6985 = CARTESIAN_POINT ( 'NONE',  ( 219.9758486887113804, 9.476497082143470863, 6.498707129570401975 ) ) ;
#6986 = CARTESIAN_POINT ( 'NONE',  ( 268.0254646731540902, 7.194568119894124258, 249.8200000000000500 ) ) ;
#6987 = CARTESIAN_POINT ( 'NONE',  ( 346.5184037260806917, 1.943553338011404730, 341.3914447973136816 ) ) ;
#6988 = CARTESIAN_POINT ( 'NONE',  ( 271.5325438794033630, 5.527560418902510264, 21.61228730728083036 ) ) ;
#6989 = DIRECTION ( 'NONE',  ( -0.000000000000000000, 1.000000000000000000, 0.000000000000000000 ) ) ;
#6990 = EDGE_LOOP ( 'NONE', ( #868, #2016, #2051, #3360 ) ) ;
#6991 = B_SPLINE_CURVE_WITH_KNOTS ( 'NONE', 3,
 ( #4918, #6640, #4805, #5998, #340, #3643, #6034, #3679 ),
 .UNSPECIFIED., .F., .F.,
 ( 4, 2, 2, 4 ),
 ( 0.000000000000000000, 0.001092899379224399536, 0.001639349068836630204, 0.002185798758448861089 ),
 .UNSPECIFIED. ) ;
#6992 = CARTESIAN_POINT ( 'NONE',  ( 167.6855678826160556, 11.61256674626075025, 6.995206297048111921 ) ) ;
#6993 = CARTESIAN_POINT ( 'NONE',  ( 115.2961485626125011, 2.347742877877328382, 127.9099999999999966 ) ) ;
#6994 = CARTESIAN_POINT ( 'NONE',  ( 140.6751386032692608, 12.48368744258763918, 23.39267049109366070 ) ) ;
#6995 = DIRECTION ( 'NONE',  ( 0.5204169747398403878, -0.02357160081780512034, 0.8535868743353065557 ) ) ;
#6996 = PERSON_AND_ORGANIZATION_ROLE ( 'classification_officer' ) ;
#6997 = B_SPLINE_CURVE_WITH_KNOTS ( 'NONE', 3,
 ( #2846, #4656, #5734, #3485, #6931, #1828, #4091, #4201, #855, #3665, #7007, #7148, #2031, #1445, #5333, #6485, #5951, #4758, #3592, #3736, #4865, #5476, #3627, #1903, #4274, #2544, #4310, #4168, #3074, #6591, #290, #6450, #7112, #4829 ),
 .UNSPECIFIED., .F., .F.,
 ( 4, 2, 2, 2, 2, 2, 2, 2, 2, 2, 2, 2, 2, 2, 2, 2, 4 ),
 ( 2.797157557069881010E-17, 0.0004885372971374443577, 0.0009770745942748607429, 0.001465611891412277020, 0.001954149188549693297, 0.002442686485687109790, 0.002931223782824525850, 0.003419761079961942344, 0.003908298377099358838, 0.004396835674236774898, 0.004885372971374191825, 0.005373910268511607885, 0.005862447565649023945, 0.006350984862786440872, 0.006839522159923856932, 0.007328059457061273860, 0.007816596754198689920 ),
 .UNSPECIFIED. ) ;
#6998 = ORIENTED_EDGE ( 'NONE', *, *, #2581, .T. ) ;
#6999 = VECTOR ( 'NONE', #6098, 1000.000000000000000 ) ;
#7000 = DIRECTION ( 'NONE',  ( 2.775557561562891351E-13, 1.000000000000000000, 0.000000000000000000 ) ) ;
#7001 = CARTESIAN_POINT ( 'NONE',  ( 347.0135516151069055, 3.427053823475366467, 340.8128831425567000 ) ) ;
#7002 = CARTESIAN_POINT ( 'NONE',  ( 127.6425391400248515, 13.98110530164283105, 6.498756256123519925 ) ) ;
#7003 = FACE_OUTER_BOUND ( 'NONE', #6319, .T. ) ;
#7004 = CARTESIAN_POINT ( 'NONE',  ( 352.5663342264538755, 3.817171319356917891, 371.2299999999954139 ) ) ;
#7005 = EDGE_CURVE ( 'NONE', #6013, #1224, #764, .T. ) ;
#7006 = AXIS2_PLACEMENT_3D ( 'NONE', #6449, #2470, #6929 ) ;
#7007 = CARTESIAN_POINT ( 'NONE',  ( 127.5983626375583384, 13.66712088223552435, 15.62659884150379597 ) ) ;
#7008 = VERTEX_POINT ( 'NONE', #6169 ) ;
#7009 = CARTESIAN_POINT ( 'NONE',  ( 230.8062945280921667, 8.654599000635663231, 127.9100000000000250 ) ) ;
#7010 = CARTESIAN_POINT ( 'NONE',  ( 270.4474440575564813, 6.196742722936822823, 6.498668304658183459 ) ) ;
#7011 = CARTESIAN_POINT ( 'NONE',  ( 283.4002337485188718, 2.179022589711930191, 23.25000000000004263 ) ) ;
#7012 = CARTESIAN_POINT ( 'NONE',  ( 286.7724764041287244, 0.1914638739020034508, 20.62777471902187898 ) ) ;
#7013 = CARTESIAN_POINT ( 'NONE',  ( 276.1007697562609451, 5.653175590475440160, 6.500052564663968191 ) ) ;
#7014 = CARTESIAN_POINT ( 'NONE',  ( 160.3759731210269308, 13.94446355411818317, 5.999999999999991118 ) ) ;
#7015 = EDGE_CURVE ( 'NONE', #265, #7008, #3305, .T. ) ;
#7016 = CARTESIAN_POINT ( 'NONE',  ( 281.3706045639248146, 4.447096487142026433, 6.498457774417055965 ) ) ;
#7017 = CARTESIAN_POINT ( 'NONE',  ( 345.3902971703859635, 3.495185214844799493, 340.1808503488608153 ) ) ;
#7018 = VERTEX_POINT ( 'NONE', #5685 ) ;
#7019 = CARTESIAN_POINT ( 'NONE',  ( 280.8731528200556227, 3.721001571766692440, 7.508392364997437340 ) ) ;
#7020 = CARTESIAN_POINT ( 'NONE',  ( 280.8881037648586130, 3.741477656099914118, 7.671978144394391741 ) ) ;
#7021 = VERTEX_POINT ( 'NONE', #508 ) ;
#7022 = CARTESIAN_POINT ( 'NONE',  ( 253.0062862111301456, 6.582365286641027602, 7.242177970659490427 ) ) ;
#7023 = CARTESIAN_POINT ( 'NONE',  ( 219.9414266025868585, 8.893601212100287867, 6.791890729681644423 ) ) ;
#7024 = CARTESIAN_POINT ( 'NONE',  ( 386.0039440883930979, 0.1175851250516055796, 332.7884383435937252 ) ) ;
#7025 = CARTESIAN_POINT ( 'NONE',  ( 348.7380450768505966, 2.413340322002958338, 234.6502206724880182 ) ) ;
#7026 = EDGE_CURVE ( 'NONE', #1686, #6013, #167, .T. ) ;
#7027 = CARTESIAN_POINT ( 'NONE',  ( 282.5752657681341589, 0.0006518605050540340591, 7.811627771811934906 ) ) ;
#7028 = ORIENTED_EDGE ( 'NONE', *, *, #1674, .F. ) ;
#7029 = EDGE_CURVE ( 'NONE', #935, #4470, #6956, .T. ) ;
#7030 = CARTESIAN_POINT ( 'NONE',  ( 157.2507908318157774, 12.51962485990846652, 6.623384482051833722 ) ) ;
#7031 = CARTESIAN_POINT ( 'NONE',  ( 17.27006156370478962, 2.425109463811091715, 5.999999999999999112 ) ) ;
#7032 = CARTESIAN_POINT ( 'NONE',  ( 279.8895415861004494, 6.246305378742086134, 5.999999999999999112 ) ) ;
#7033 = CARTESIAN_POINT ( 'NONE',  ( 122.9099837778038165, 11.11011427684816688, 19.88179999999999836 ) ) ;
#7034 = CARTESIAN_POINT ( 'NONE',  ( 273.3755688496111702, 4.360116665785566781, 22.98090559163958702 ) ) ;
#7035 = FACE_OUTER_BOUND ( 'NONE', #571, .T. ) ;
#7036 = CARTESIAN_POINT ( 'NONE',  ( 160.2370575007075786, 13.95156481184010744, 5.999999999999990230 ) ) ;
#7037 = CARTESIAN_POINT ( 'NONE',  ( 131.1260864365231384, 13.46134631784829239, 6.691794309070352220 ) ) ;
#7038 = CARTESIAN_POINT ( 'NONE',  ( 160.3759731210269308, 13.94446355411818317, 5.999999999999991118 ) ) ;
#7039 = CARTESIAN_POINT ( 'NONE',  ( 280.6214025977353685, 4.394274609935732379, 6.641208122444738571 ) ) ;
#7040 = CARTESIAN_POINT ( 'NONE',  ( 340.1686650484121515, 3.395894694326254015, 361.2331258239182148 ) ) ;
#7041 = CARTESIAN_POINT ( 'NONE',  ( 163.8759731128713213, 12.67908881549804967, 6.500000024331243687 ) ) ;
#7042 = CARTESIAN_POINT ( 'NONE',  ( 297.5588174774479171, 4.795703920383675545, 127.9100000000000250 ) ) ;
#7043 = CARTESIAN_POINT ( 'NONE',  ( 284.3495723663086778, 1.853353856811355005, 23.24999999999998579 ) ) ;
#7044 = CARTESIAN_POINT ( 'NONE',  ( 274.6984363159924101, 4.906831915917841513, 7.008690274001566856 ) ) ;
#7045 = DIRECTION ( 'NONE',  ( -1.000000000000000000, 0.000000000000000000, -0.000000000000000000 ) ) ;
#7046 = CARTESIAN_POINT ( 'NONE',  ( 281.0874226882244784, 3.624794327448599862, 7.652268022646357082 ) ) ;
#7047 = CARTESIAN_POINT ( 'NONE',  ( 282.5296750802229440, 0.6882957483756354522, 7.808586496872000460 ) ) ;
#7048 = ORIENTED_EDGE ( 'NONE', *, *, #4994, .T. ) ;
#7049 = CARTESIAN_POINT ( 'NONE',  ( 343.6620562116931978, 3.564658202990368174, 340.1824798767882498 ) ) ;
#7050 = B_SPLINE_CURVE_WITH_KNOTS ( 'NONE', 3,
 ( #2646, #4935, #7214, #3920, #5645, #2093 ),
 .UNSPECIFIED., .F., .F.,
 ( 4, 2, 4 ),
 ( 0.000000000000000000, 0.5000000000000000000, 1.000000000000000000 ),
 .UNSPECIFIED. ) ;
#7051 = CARTESIAN_POINT ( 'NONE',  ( 262.9578258549072416, 7.032419287434319877, 6.500000235663057957 ) ) ;
#7052 = ADVANCED_FACE ( 'NONE', ( #3548 ), #4599, .F. ) ;
#7053 = EDGE_LOOP ( 'NONE', ( #1325, #2827, #2630, #6866 ) ) ;
#7054 = CARTESIAN_POINT ( 'NONE',  ( 0.000000000000000000, 0.000000000000000000, 0.000000000000000000 ) ) ;
#7055 = CARTESIAN_POINT ( 'NONE',  ( 251.2629377551535015, 6.687964842968227686, 7.242881752808204787 ) ) ;
#7056 = CARTESIAN_POINT ( 'NONE',  ( 345.0844979449201446, 3.907896434735913083, 371.7300000000000182 ) ) ;
#7057 = CARTESIAN_POINT ( 'NONE',  ( 358.7663698828142742, 2.001368341534498718, 262.1885273028611891 ) ) ;
#7058 = DIRECTION ( 'NONE',  ( -2.856580399953363210E-13, -0.9999999352646699036, 0.0003598203108568318194 ) ) ;
#7059 = CARTESIAN_POINT ( 'NONE',  ( 355.6135067503976188, -0.01240178819487428898, 211.0615918375647198 ) ) ;
#7060 = CARTESIAN_POINT ( 'NONE',  ( 351.6588278171913657, 3.836572201936318205, 371.2300000000000750 ) ) ;
#7061 = CARTESIAN_POINT ( 'NONE',  ( 171.2078809829124282, 12.18579263515718836, 6.498713214245370295 ) ) ;
#7062 = CARTESIAN_POINT ( 'NONE',  ( 116.8658360619262311, 3.375817045730539423, 127.9100000000000250 ) ) ;
#7063 = FACE_OUTER_BOUND ( 'NONE', #3702, .T. ) ;
#7064 = DIRECTION ( 'NONE',  ( -1.000000000000000000, 0.000000000000000000, -0.000000000000000000 ) ) ;
#7065 = CARTESIAN_POINT ( 'NONE',  ( 259.2784705620290993, 8.318239524299675836, 6.499999999999993783 ) ) ;
#7066 = APPROVAL_DATE_TIME ( #243, #465 ) ;
#7067 = FACE_OUTER_BOUND ( 'NONE', #955, .T. ) ;
#7068 = CARTESIAN_POINT ( 'NONE',  ( 131.1249289986035365, 13.36801524748551095, 6.782376057166382033 ) ) ;
#7069 = CARTESIAN_POINT ( 'NONE',  ( 382.5574279633308379, 3.743112455932005478, 371.7299999999999045 ) ) ;
#7070 = CARTESIAN_POINT ( 'NONE',  ( 329.4691028153412731, 2.624372478182343649, 339.7197163512675502 ) ) ;
#7071 = CARTESIAN_POINT ( 'NONE',  ( 280.4762512508518739, 4.043104881517517235, 7.061890040935453250 ) ) ;
#7072 = CARTESIAN_POINT ( 'NONE',  ( 327.0505600978489156, 4.746885503160604536, 340.4849637353880780 ) ) ;
#7073 = CARTESIAN_POINT ( 'NONE',  ( 326.1392727188648450, 4.097597226061784781, 339.0436322139407253 ) ) ;
#7074 = ORIENTED_EDGE ( 'NONE', *, *, #3384, .F. ) ;
#7075 = CARTESIAN_POINT ( 'NONE',  ( 369.6927251164316317, 2.414267825969529380, 371.7300000000000182 ) ) ;
#7076 = CARTESIAN_POINT ( 'NONE',  ( 394.0237862719303621, 0.9900947410300150464, 371.2299886646910068 ) ) ;
#7077 = CARTESIAN_POINT ( 'NONE',  ( 387.7454693069067844, 3.365671187338276749, 371.7300000000000182 ) ) ;
#7078 = CARTESIAN_POINT ( 'NONE',  ( 276.5222015248137382, 5.476683243422143299, 6.498685283627900766 ) ) ;
#7079 = CARTESIAN_POINT ( 'NONE',  ( 358.5985407760770158, 0.09014140617024052338, 256.5178213575475183 ) ) ;
#7080 = CARTESIAN_POINT ( 'NONE',  ( 280.9947659025648932, 3.677407163961360581, 7.652228847668277822 ) ) ;
#7081 = CARTESIAN_POINT ( 'NONE',  ( 282.1423798838470134, 0.1696021833402869827, 6.500000000000861533 ) ) ;
#7082 = ORIENTED_EDGE ( 'NONE', *, *, #4893, .F. ) ;
#7083 = CARTESIAN_POINT ( 'NONE',  ( 171.4007612339427453, 11.29652394907809487, 7.503637080106931201 ) ) ;
#7084 = CARTESIAN_POINT ( 'NONE',  ( 27.51673882022114270, 5.061639658011672260, 6.000000000000001776 ) ) ;
#7085 = AXIS2_PLACEMENT_3D ( 'NONE', #6396, #5315, #2492 ) ;
#7086 = ORIENTED_EDGE ( 'NONE', *, *, #7320, .T. ) ;
#7087 = B_SPLINE_CURVE_WITH_KNOTS ( 'NONE', 3,
 ( #3367, #3223, #450, #5520 ),
 .UNSPECIFIED., .F., .F.,
 ( 4, 4 ),
 ( 3.127317220692750836E-17, 0.0001222267960974219171 ),
 .UNSPECIFIED. ) ;
#7088 = CARTESIAN_POINT ( 'NONE',  ( 244.3003293656674657, 7.233723848572233273, 6.999356624593559673 ) ) ;
#7089 = CARTESIAN_POINT ( 'NONE',  ( 223.4141035454702262, 8.519606012008654972, 6.997639524129509958 ) ) ;
#7090 = CARTESIAN_POINT ( 'NONE',  ( 336.7899616766891882, 3.947794079591275374, 371.7300000000002456 ) ) ;
#7091 = DIRECTION ( 'NONE',  ( 2.856580399953362200E-13, 0.9999999352646697925, -0.0003598203108568317110 ) ) ;
#7092 = CARTESIAN_POINT ( 'NONE',  ( 332.5766904567813071, 0.06017994737835598990, 173.2499902897004063 ) ) ;
#7093 = ADVANCED_FACE ( 'NONE', ( #5208 ), #3434, .F. ) ;
#7094 = CARTESIAN_POINT ( 'NONE',  ( 367.6086445402339109, -0.009747934614601968042, 245.4431760485888674 ) ) ;
#7095 = CARTESIAN_POINT ( 'NONE',  ( 280.3362561273160054, 3.758814492650425887, 6.000000000000000000 ) ) ;
#7096 = CARTESIAN_POINT ( 'NONE',  ( 160.7167151953829034, 11.96083771346997793, 6.995190042099349803 ) ) ;
#7097 = CARTESIAN_POINT ( 'NONE',  ( 286.0575727936121666, 0.006071076481534141457, 22.87252194027178120 ) ) ;
#7098 = CARTESIAN_POINT ( 'NONE',  ( 122.2403886907337949, 11.13867158417832393, 18.82269999999999754 ) ) ;
#7099 = EDGE_CURVE ( 'NONE', #1093, #4404, #6003, .T. ) ;
#7100 = B_SPLINE_SURFACE_WITH_KNOTS ( 'NONE', 3, 3, ( 
 ( #2067, #1113, #366, #4906, #4345, #1519, #3779, #3217, #5515, #406, #2656, #2840, #2404 ),
 ( #138, #5807, #4009, #629, #5215, #1189, #4529, #6292, #4650, #3969, #6808, #554, #2963 ),
 ( #103, #2367, #3440, #6925, #5728, #669, #2292, #4568, #1266, #5172, #3399, #6251, #4613 ),
 ( #4688, #2885, #1823, #1862, #3517, #63, #1146, #4085, #1227, #6369, #2330, #4124, #26 ),
 ( #2921, #710, #7374, #590, #6965, #5254, #6409, #3362, #5654, #2800, #1705, #5132, #6889 ),
 ( #2254, #5095, #5692, #6846, #3476, #1745, #1787, #4046, #6330, #5763, #3620, #5979, #1344 ),
 ( #1408, #1961, #1928, #3031, #4722, #5430, #3697, #1308, #5292, #1372, #3661, #5946, #245 ),
 ( #2025, #7002, #4305, #813, #174, #3555, #849, #4196, #2505, #210, #5908, #7144, #3099 ),
 ( #5846, #5397, #4232, #321, #3067, #5363, #5327, #7105, #884, #4824, #4787, #6513, #3138 ),
 ( #2468, #1900, #3588, #6479, #4755, #7037, #7068, #747, #776, #2439, #283, #2577, #4861 ),
 ( #2539, #2998, #1995, #4269, #4165, #6445, #6549, #1440, #5876, #4445, #472, #3806, #3173 ),
 ( #7215, #5470, #1474, #5048, #4895, #5013, #2682, #2722, #993, #4411, #2647, #2613, #4938 ),
 ( #7328, #2202, #1622, #3317, #5612, #433, #2134, #7292, #959, #396, #2096, #4378, #2059 ),
 ( #5539, #3207, #1026, #3280, #6661, #5575, #1549, #3846, #5508, #6087, #6726, #3243, #6623 ),
 ( #4977, #6586, #505, #7260, #2167, #3732, #3883, #6692, #4337, #6166, #1585, #1065, #6123 ),
 ( #2753, #6017, #920, #357, #7177, #3771, #1509, #6052, #659, #129, #4640, #6321, #2787 ),
 ( #3431, #2243, #1103, #1255, #2357, #1662, #2320, #6797, #546, #5082, #51, #581, #6836 ),
 ( #4519, #1177, #5718, #2283, #6203, #1693, #1735, #5754, #620, #2830, #5163, #5121, #3389 ),
 ( #5204, #2912, #3998, #1217, #699, #2875, #3353, #6915, #3468, #5647, #7363, #92, #1814 ),
 ( #5245, #6361, #2953, #16, #4601, #1777, #4074, #6877, #3507, #3960, #6239, #5795, #4482 ),
 ( #6761, #6281, #4037, #4559, #1138, #3922, #5680, #879, #3131, #4815, #6542, #1434, #3613 ),
 ( #1953, #202, #277, #3651, #7030, #6399, #5392, #6506, #736, #4113, #1890, #5356, #5901 ),
 ( #3688, #5423, #2394, #5318, #5973, #769, #238, #1298, #7096, #4678, #2531, #6953, #1851 ),
 ( #3545, #803, #1400, #3059, #4156, #5836, #6471, #2988, #1987, #3023, #1924, #4224, #2462 ),
 ( #4750, #5940, #5280, #165, #2427, #4261, #3094, #4714, #6992, #1337, #6437, #3580, #5867 ),
 ( #4189, #7061, #2498, #1367, #4781, #842, #5567, #986, #2568, #427, #3235, #950, #2053 ),
 ( #4436, #2714, #315, #4298, #386, #2675, #4969, #6655, #7253, #1058, #6009, #3310, #7207 ),
 ( #4853, #2129, #3199, #1542, #6615, #4929, #6157, #4405, #6685, #7137, #1576, #5532, #6717 ),
 ( #2088, #4330, #6115, #7287, #3838, #4369, #1021, #2160, #5006, #1502, #914, #348, #5500 ),
 ( #3762, #3798, #2018, #6580, #1615, #3875, #2640, #3274, #466, #1468, #6080, #3726, #3164 ),
 ( #5462, #2604, #4888, #7170, #6046, #6231, #4474, #498, #4068, #3913, #4032, #1726, #6869 ),
 ( #2194, #2274, #2906, #1806, #5748, #5671, #5604, #3421, #1169, #2352, #2747, #1212, #5153 ),
 ( #3463, #1769, #2822, #6753, #652, #2313, #6196, #7318, #5074, #5711, #3991, #1250, #6910 ),
 ( #5196, #9, #5641, #1097, #6828, #6355, #4634, #3378, #6315, #5040, #85, #572, #3346 ),
 ( #612, #4591, #4550, #1655, #2233, #5113, #2866, #535, #2779, #7356, #4512, #44, #6790 ),
 ( #1688, #3949, #1130, #6270, #4743, #5829, #123, #268, #1394, #691, #1360, #729, #6949 ),
 ( #6465, #6985, #3017, #836, #5273, #195, #7023, #1331, #5239, #159, #5312, #4775, #1918 ),
 ( #4183, #4149, #2422, #2525, #4218, #1947, #3608, #231, #7089, #5895, #2389, #3645, #5349 ),
 ( #4671, #2487, #5934, #4807, #4708, #794, #6500, #3500, #4254, #5788, #2946, #6430, #4107 ),
 ( #3088, #1884, #3575, #958, #5646, #2242, #395, #545, #3206, #6725, #7327, #3882, #4976 ),
 ( #6165, #5081, #2786, #1584, #5574, #2201, #6122, #2095, #3316, #1661, #3805, #4377, #5507 ),
 ( #5611, #3921, #4937, #7362, #4518, #6796, #3959, #2273, #5112, #4549, #6909, #3420, #6868 ),
 ( #6827, #1211, #3462, #651, #1687, #1725, #4067, #5238, #728, #2865, #5933, #5894, #4182 ),
 ( #5964, #1427, #2486, #1980, #1459, #3644, #6984, #5414, #7088, #1883, #4148, #4253, #304 ),
 ( #6000, #7128, #3717, #793, #835, #2524, #2558, #3087, #6535, #5862, #194, #3680, #905 ),
 ( #2011, #5382, #3052, #6429, #158, #5272, #3574, #870, #1393, #3121, #7055, #267, #1359 ),
 ( #3607, #2421, #4707, #1330, #4844, #4290, #6571, #6499, #4806, #765, #7022, #6464, #5348 ),
 ( #3016, #5311, #2457, #4742, #1917, #230, #4773, #1946, #4217, #5594, #4358, #1493, #3189 ),
 ( #4919, #2078, #415, #1646, #2632, #7162, #7240, #489, #6742, #3301, #3225, #3155, #1012 ),
 ( #7309, #341, #6145, #2702, #977, #1048, #4427, #2665, #2044, #2737, #7278, #3751, #4880 ),
 ( #6105, #6677, #6184, #4465, #3903, #5451, #6068, #2185, #1530, #3264, #4322, #5030, #2596 ),
 ( #6605, #6035, #5523, #940, #3867, #5557, #2152, #2117, #5490, #7197, #4957, #455, #377 ),
 ( #6641, #3788, #4996, #6710, #4395, #1568, #1604, #3827, #5664, #37, #6222, #5067, #5227 ),
 ( #5631, #6305, #3370, #4504, #1679, #4023, #4541, #3410, #5776, #1122, #5143, #2303, #6261 ),
 ( #563, #5704, #2340, #4580, #6819, #1758, #1715, #2, #113, #1797, #4625, #601, #5183 ),
 ( #6855, #2770, #1239, #2895, #7347, #2224, #73, #3490, #2379, #1833, #2932, #4661, #3980 ),
 ( #5738, #680, #1201, #6901, #3939, #2815, #3451, #640, #1158, #5104, #6781, #6939, #4096 ),
 ( #2264, #2853, #4059, #6344, #1085, #3337, #526, #4135, #1277, #1935, #5262, #2412, #4794 ),
 ( #858, #7010, #3110, #3004, #388, #1544, #3237, #1578, #5186, #1280, #6858, #4026, #6263 ),
 ( #6385, #683, #6308, #76, #3532, #6942, #604, #2816, #6821, #4583, #1162, #3413, #1762 ),
 ( #3982, #3372, #1204, #1836, #2973, #4664, #3454, #6783, #2344, #6347, #5820, #1681, #2382 ),
 ( #5265, #5779, #5741, #5666, #150, #1242, #5106, #6224, #2856, #3493, #643, #3941, #566 ),
 ( #2266, #2898, #1717, #5146, #2936, #5230, #7118, #2414, #2548, #3706, #1873, #294, #4699 ),
 ( #6526, #3078, #1909, #1450, #6489, #6559, #4834, #3041, #7044, #4242, #220, #3564, #5338 ),
 ( #3007, #5854, #6976, #2003, #3112, #5440, #2447, #1351, #1320, #4279, #893, #6454, #4139 ),
 ( #5373, #5989, #6421, #5883, #3145, #257, #756, #4733, #3670, #5301, #3634, #185, #2513 ),
 ( #7013, #4173, #3597, #785, #860, #5921, #5956, #4208, #4796, #2476, #4763, #1937, #1383 ),
 ( #824, #7078, #1971, #1417, #5404, #3256, #6137, #2069, #1523, #970, #3219, #3181, #2623 ),
 ( #4349, #2145, #4421, #408, #6704, #5517, #4988, #6631, #3781, #5586, #2110, #369, #5483 ),
 ( #1078, #6736, #2658, #1598, #6177, #482, #4948, #4909, #1039, #5551, #3859, #4388, #3329 ),
 ( #7229, #7271, #3294, #4314, #7187, #3897, #2731, #5023, #332, #7303, #2178, #6025, #6062 ),
 ( #6671, #1561, #6595, #4457, #2587, #3819, #4870, #1636, #445, #7153, #2035, #6099, #1483 ),
 ( #3742, #2695, #1006, #932, #7376, #1672, #2370, #671, #5624, #2215, #5695, #631, #2887 ),
 ( #5731, #6373, #3931, #1269, #5134, #4496, #518, #5174, #1148, #4570, #4531, #2843, #4088 ),
 ( #1825, #3401, #1192, #65, #2924, #4011, #2332, #6213, #1115, #4050, #1748, #6891, #28 ),
 ( #1707, #3364, #3972, #2762, #5059, #7340, #5218, #4653, #6928, #6848, #3443, #6332, #2256 ),
 ( #6253, #592, #5656, #556, #6297, #6810, #4616, #1790, #2294, #1231, #3479, #5766, #105 ),
 ( #6774, #2803, #5097, #1901, #7039, #4690, #6967, #778, #7071, #4126, #853, #5330, #6448 ),
 ( #1375, #1964, #212, #1930, #4199, #6482, #816, #4235, #3624, #5366, #248, #286, #6188 ),
 ( #2227, #4468, #3228, #7244, #1607, #4961, #6645, #3943, #2635, #7200, #6746, #2705, #6072 ),
 ( #4922, #6149, #1750, #6850, #2180, #6216, #1117, #7342, #3862, #6738, #6777, #3403, #3366 ),
 ( #6139, #2219, #4534, #6813, #5660, #2259, #2890, #484, #5176, #1675, #1043, #2147, #1709 ),
 ( #558, #1080, #3934, #635, #3974, #6255, #4423, #1150, #2807, #6299, #4498, #5099, #3899 ),
 ( #1751, #5697, #7378, #594, #4014, #4572, #3331, #2733, #4459, #5062, #2845, #6706, #2296 ),
 ( #5026, #1640, #5138, #7305, #3297, #1194, #31, #1600, #3445, #6180, #5589, #5627, #5733 ),
 ( #520, #2764, #1233, #6930, #1827, #107, #4620, #3484, #4655, #2966, #4090, #2926, #6376 ),
 ( #673, #1866, #143, #5258, #2373, #714, #4129, #1272, #6893, #2407, #4692, #1792, #4052 ),
 ( #6969, #6413, #1312, #67, #2334, #3522, #6334, #5769, #5221, #5813, #787, #6944, #1282 ),
 ( #5857, #7016, #5924, #1386, #153, #4666, #6388, #1876, #722, #5267, #3567, #4799, #5822 ),
 ( #3009, #3637, #2516, #6491, #6423, #6349, #4175, #1911, #3080, #3495, #1939, #5886, #4142 ),
 ( #223, #758, #2938, #4210, #3044, #1838, #685, #2975, #6457, #2450, #1973, #260, #7080 ),
 ( #5304, #3534, #4101, #187, #1244, #5376, #1323, #2479, #5782, #827, #4735, #2416, #7046 ),
 ( #5341, #1353, #5232, #4701, #3600, #4765, #117, #2384, #6978, #449, #6064, #4873, #7155 ),
 ( #6563, #3183, #896, #972, #3222, #6598, #5519, #2037, #1525, #3148, #5444, #2112, #6028 ),
 ( #7121, #5485, #4990, #3259, #1485, #410, #2697, #4390, #3744, #2006, #4951, #2073, #2661 ),
 ( #7273, #334, #934, #3783, #7231, #863, #1452, #4246, #6673, #1563, #6528, #3821, #6101 ),
 ( #3709, #371, #4281, #3114, #1008, #5553, #1419, #6634, #5992, #296, #4837, #7190, #2589 ) ),
 .UNSPECIFIED., .F., .F., .F.,
 ( 4, 3, 3, 3, 3, 3, 3, 3, 3, 3, 3, 3, 3, 3, 3, 3, 3, 3, 3, 3, 3, 3, 3, 3, 3, 3, 3, 3, 3, 3, 3, 3, 4 ),
 ( 4, 3, 3, 3, 4 ),
 ( 0.07033812653862643594, 0.07557298290067795965, 0.08080783926272946949, 0.08604269562478099320, 0.09127755198683251692, 0.09651240834888404063, 0.1017472647109355643, 0.1122169774350386118, 0.1226866901591416592, 0.1331564028832447066, 0.1540958283314508015, 0.1645655410555538489, 0.1750352537796568964, 0.1855049665037599438, 0.1959746792278629912, 0.2064443919519660386, 0.2116792483140175762, 0.2169141046760690861, 0.2221489610381205959, 0.2247663892191463508, 0.2273838174001721057, 0.2300012455811978607, 0.2313099596717107520, 0.2326186737622236156, 0.2339273878527365069, 0.2352361019432493983, 0.2365448160337622618, 0.2367084052950763629, 0.2367493026104048881, 0.2367901999257334134, 0.2368719945563904916, 0.2371991730790187214, 0.2378535301242751532 ),
 ( -0.006436841295582053195, 0.2451723690283134638, 0.4967815793522089574, 0.7483907896761045064, 1.000000000000000000 ),
 .UNSPECIFIED. ) ;
#7101 = CARTESIAN_POINT ( 'NONE',  ( 0.07506444465946154887, 5.557218750031392318, 371.2300000000000182 ) ) ;
#7102 = PERSON_AND_ORGANIZATION ( #4480, #4021 ) ;
#7103 = CARTESIAN_POINT ( 'NONE',  ( 320.5213507006432110, 4.977723791025146838, 127.9099999999999966 ) ) ;
#7104 = CARTESIAN_POINT ( 'NONE',  ( 163.5316697303557589, 13.78492321453486369, 6.500000019107369020 ) ) ;
#7105 = CARTESIAN_POINT ( 'NONE',  ( 129.3814856904477892, 13.29703313951794996, 6.872057872038548787 ) ) ;
#7106 = CARTESIAN_POINT ( 'NONE',  ( 279.3591656828085092, 8.465600180720979751, 249.8199999999998511 ) ) ;
#7107 = AXIS2_PLACEMENT_3D ( 'NONE', #5019, #5580, #3287 ) ;
#7108 = CARTESIAN_POINT ( 'NONE',  ( 326.3311809259803908, 2.492675676457242417, 339.5247795205308421 ) ) ;
#7109 = CARTESIAN_POINT ( 'NONE',  ( 138.1133969510513850, 11.48916034729656310, 22.03782865723409401 ) ) ;
#7110 = EDGE_CURVE ( 'NONE', #578, #1168, #1766, .T. ) ;
#7111 = AXIS2_PLACEMENT_3D ( 'NONE', #6786, #1608, #1533 ) ;
#7112 = CARTESIAN_POINT ( 'NONE',  ( 125.7769727271111861, 13.78116976749896772, 11.60000000000058762 ) ) ;
#7113 = VERTEX_POINT ( 'NONE', #2879 ) ;
#7114 = CARTESIAN_POINT ( 'NONE',  ( 333.0270596491147330, 3.676102466691068660, 249.8200000000000500 ) ) ;
#7115 = ADVANCED_FACE ( 'NONE', ( #3582 ), #7354, .T. ) ;
#7116 = CARTESIAN_POINT ( 'NONE',  ( 285.4372184393242264, 3.912559710834350390, 23.25000000000003197 ) ) ;
#7117 = CONICAL_SURFACE ( 'NONE', #5337, 0.9999999999999958922, 0.05235987755983000091 ) ;
#7118 = CARTESIAN_POINT ( 'NONE',  ( 273.8441840263307085, 5.172396293498754183, 6.799569251175975992 ) ) ;
#7119 = CARTESIAN_POINT ( 'NONE',  ( 364.7455919489416374, 2.840163912714108729, 371.7300000000000182 ) ) ;
#7120 = CARTESIAN_POINT ( 'NONE',  ( 261.9924806549281584, 8.176851090510636411, 6.499999999999993783 ) ) ;
#7121 = CARTESIAN_POINT ( 'NONE',  ( 281.9515828711328140, 4.283392548058303717, 6.500061559308289105 ) ) ;
#7122 = CARTESIAN_POINT ( 'NONE',  ( 283.4390548205473124, 1.033550435257836408, 6.500000000000023981 ) ) ;
#7123 = ORIENTED_EDGE ( 'NONE', *, *, #3720, .T. ) ;
#7124 = CARTESIAN_POINT ( 'NONE',  ( 236.5108869514952801, 7.616644073343675103, 7.508713211066277537 ) ) ;
#7125 = CARTESIAN_POINT ( 'NONE',  ( 119.0713890815677161, 2.044371843916441556, 127.9099999999999113 ) ) ;
#7126 = ORIENTED_EDGE ( 'NONE', *, *, #1629, .F. ) ;
#7127 = FACE_OUTER_BOUND ( 'NONE', #252, .T. ) ;
#7128 = CARTESIAN_POINT ( 'NONE',  ( 247.8317036038745016, 7.750801002211225033, 6.498703446863291155 ) ) ;
#7129 = DIRECTION ( 'NONE',  ( 2.852665555794461540E-13, 0.9986106385679168751, -0.05269528004458473580 ) ) ;
#7130 = CARTESIAN_POINT ( 'NONE',  ( 140.9722718047395631, 12.31605165081643527, 23.88002776999708843 ) ) ;
#7131 = B_SPLINE_CURVE_WITH_KNOTS ( 'NONE', 3,
 ( #4262, #1689, #3379, #6271, #2195, #1656, #1098, #3347, #3311, #2748, #6791, #4475, #5712, #5642, #2161, #6754 ),
 .UNSPECIFIED., .F., .F.,
 ( 4, 2, 2, 2, 2, 2, 2, 4 ),
 ( 0.000000000000000000, 0.0004560390600058881593, 0.0009120781200117763186, 0.001368117180017664478, 0.001824156240023552637, 0.002736234360035287323, 0.003192273420041072916, 0.003648312480046858076 ),
 .UNSPECIFIED. ) ;
#7132 = CARTESIAN_POINT ( 'NONE',  ( 116.4727464159242061, 13.00391917111915419, 7.343181621961611505 ) ) ;
#7133 = EDGE_LOOP ( 'NONE', ( #461, #1546, #4554, #3036, #7166 ) ) ;
#7134 = CARTESIAN_POINT ( 'NONE',  ( 340.2044004435041984, 4.583335687147840787, 350.6601640962245483 ) ) ;
#7135 = ORIENTED_EDGE ( 'NONE', *, *, #7026, .T. ) ;
#7136 = CARTESIAN_POINT ( 'NONE',  ( 345.6476181185167889, 2.206042156565160450, 339.2823167873194166 ) ) ;
#7137 = CARTESIAN_POINT ( 'NONE',  ( 178.1328488524888201, 11.01701947633909207, 7.118147788504099793 ) ) ;
#7138 = CARTESIAN_POINT ( 'NONE',  ( 345.4521832658208496, 1.991520580621525927, 339.5783442851550262 ) ) ;
#7139 = PLANE ( 'NONE',  #94 ) ;
#7140 = CARTESIAN_POINT ( 'NONE',  ( 333.7389931963437562, 4.876055557630388115, 340.0556161447120189 ) ) ;
#7141 = B_SPLINE_CURVE_WITH_KNOTS ( 'NONE', 3,
 ( #5290, #171, #1225, #2437 ),
 .UNSPECIFIED., .F., .F.,
 ( 4, 4 ),
 ( 0.000000000000000000, 0.3679989697637587320 ),
 .UNSPECIFIED. ) ;
#7142 = CARTESIAN_POINT ( 'NONE',  ( 391.6732965260799233, 3.067998996958167801, 371.2300000000000182 ) ) ;
#7143 = ADVANCED_FACE ( 'NONE', ( #2500, #3728 ), #7139, .T. ) ;
#7144 = CARTESIAN_POINT ( 'NONE',  ( 127.6359952391463963, 13.10421255693939280, 7.347267080098854208 ) ) ;
#7145 = CARTESIAN_POINT ( 'NONE',  ( 265.1584283190333053, 8.476454348005118433, 249.8200000000000500 ) ) ;
#7146 = CARTESIAN_POINT ( 'NONE',  ( 160.0937126537662039, 13.95889248815828765, 6.464328002076845436 ) ) ;
#7147 = CARTESIAN_POINT ( 'NONE',  ( 140.3943174300423493, 12.59759171537679912, 23.14786484725838989 ) ) ;
#7148 = CARTESIAN_POINT ( 'NONE',  ( 127.7811059170393975, 13.67650523125469242, 15.35341150447699476 ) ) ;
#7149 = ORIENTED_EDGE ( 'NONE', *, *, #6702, .F. ) ;
#7150 = CARTESIAN_POINT ( 'NONE',  ( 385.3569249151404392, 1.451310299836460649, 371.7300000000000182 ) ) ;
#7151 = CARTESIAN_POINT ( 'NONE',  ( 362.4790034324946078, 2.930615168194462772, 371.2300000206157051 ) ) ;
#7152 = CARTESIAN_POINT ( 'NONE',  ( 399.3217693763281204, 0.1313692445841536105, 371.0967778900997018 ) ) ;
#7153 = CARTESIAN_POINT ( 'NONE',  ( 278.1804216182777054, 4.518190225389782988, 7.130266292104632697 ) ) ;
#7154 = CARTESIAN_POINT ( 'NONE',  ( 352.5232267404880986, 0.3384485622239463698, 239.8373465142693988 ) ) ;
#7155 = CARTESIAN_POINT ( 'NONE',  ( 281.1800794761247175, 3.572181494960724013, 7.652307196566081160 ) ) ;
#7156 = CARTESIAN_POINT ( 'NONE',  ( 283.5231122704328186, 0.1682692502674157098, 6.500000000000001776 ) ) ;
#7157 = ORIENTED_EDGE ( 'NONE', *, *, #3201, .T. ) ;
#7158 = CARTESIAN_POINT ( 'NONE',  ( 272.4432179265567129, 5.060403375989984021, 7.531253693725006748 ) ) ;
#7159 = CARTESIAN_POINT ( 'NONE',  ( 315.0018702856899608, 0.6634825320873554144, 371.7300000000002456 ) ) ;
#7160 = ORIENTED_EDGE ( 'NONE', *, *, #634, .T. ) ;
#7161 = APPLICATION_PROTOCOL_DEFINITION ( 'international standard', 'config_control_design', 1994, #5320 ) ;
#7162 = CARTESIAN_POINT ( 'NONE',  ( 256.5156978753781232, 6.756115451592004995, 6.697671551427701431 ) ) ;
#7163 = CARTESIAN_POINT ( 'NONE',  ( 128.0316133265648944, 12.94711295922790484, 13.45079527075812820 ) ) ;
#7164 = CARTESIAN_POINT ( 'NONE',  ( 390.7454691748459368, 3.139479805895568632, 371.2300000000000182 ) ) ;
#7165 = CARTESIAN_POINT ( 'NONE',  ( 288.7834540461192319, -0.02718755442442393269, 19.50705099038376389 ) ) ;
#7166 = ORIENTED_EDGE ( 'NONE', *, *, #2562, .T. ) ;
#7167 = CARTESIAN_POINT ( 'NONE',  ( 332.7272242406025384, 3.991548049249288965, 338.7803151794254291 ) ) ;
#7168 = ORIENTED_EDGE ( 'NONE', *, *, #1179, .T. ) ;
#7169 = DIRECTION ( 'NONE',  ( -0.004128907560065858511, 0.9999880705300360217, 0.002609773931948064854 ) ) ;
#7170 = CARTESIAN_POINT ( 'NONE',  ( 199.0633949729421488, 10.42172087394074786, 6.573777242773785723 ) ) ;
#7171 = CARTESIAN_POINT ( 'NONE',  ( 345.5067314471926352, 2.004534153532094631, 339.5309644502714832 ) ) ;
#7172 = CARTESIAN_POINT ( 'NONE',  ( 192.9526337310121278, 8.243872345254622758, 127.9099999999999966 ) ) ;
#7173 = ORIENTED_EDGE ( 'NONE', *, *, #5543, .T. ) ;
#7174 = CARTESIAN_POINT ( 'NONE',  ( 163.8759731210269308, 13.79274210926820388, 5.999999999999991118 ) ) ;
#7175 = CARTESIAN_POINT ( 'NONE',  ( 398.8948885869317564, 2.484270500883087429, 371.2299999999998477 ) ) ;
#7176 = B_SPLINE_CURVE_WITH_KNOTS ( 'NONE', 3,
 ( #1430, #4924, #2563, #4293, #6004, #2014, #2048 ),
 .UNSPECIFIED., .F., .F.,
 ( 4, 3, 4 ),
 ( 0.000000000000000000, 0.0004000000000000277747, 0.0005014642840704005254 ),
 .UNSPECIFIED. ) ;
#7177 = CARTESIAN_POINT ( 'NONE',  ( 141.5783415806230323, 13.30394756302227677, 6.622054992648569893 ) ) ;
#7178 = CARTESIAN_POINT ( 'NONE',  ( 83.36718068059188624, 14.00804892023474402, 5.999999999999984901 ) ) ;
#7179 = DIRECTION ( 'NONE',  ( -5.284285345504611064E-13, 1.000000000000000000, 0.000000000000000000 ) ) ;
#7180 = CARTESIAN_POINT ( 'NONE',  ( 398.3678672445645361, 0.5261335413146671636, 371.2097170185489858 ) ) ;
#7181 = CARTESIAN_POINT ( 'NONE',  ( 127.8894189968218740, 12.68972176497600657, 21.55767822437747228 ) ) ;
#7182 = ADVANCED_FACE ( 'NONE', ( #7063 ), #4547, .F. ) ;
#7183 = CARTESIAN_POINT ( 'NONE',  ( 285.2257449527259610, 3.609794813840404792, 21.67054346202298376 ) ) ;
#7184 = ORIENTED_EDGE ( 'NONE', *, *, #3817, .T. ) ;
#7185 = CARTESIAN_POINT ( 'NONE',  ( 235.2446364164534316, 7.680918829613879062, 5.999999999999998224 ) ) ;
#7186 = CARTESIAN_POINT ( 'NONE',  ( 340.0671263375272133, 4.381696682447834945, 350.8230403675984235 ) ) ;
#7187 = CARTESIAN_POINT ( 'NONE',  ( 277.7925143892757660, 4.980349494925400577, 6.625678885974295440 ) ) ;
#7188 = CARTESIAN_POINT ( 'NONE',  ( 140.7989541123221500, 12.11610725402290711, 23.98017511553388204 ) ) ;
#7189 = EDGE_CURVE ( 'NONE', #2510, #5413, #3890, .T. ) ;
#7190 = CARTESIAN_POINT ( 'NONE',  ( 281.8177824607731736, 3.184707769132653965, 7.509684986870102996 ) ) ;
#7191 = EDGE_CURVE ( 'NONE', #6962, #2436, #2977, .T. ) ;
#7192 = EDGE_LOOP ( 'NONE', ( #865, #3777, #4719, #6592 ) ) ;
#7193 = CARTESIAN_POINT ( 'NONE',  ( 342.0536009277377616, 2.262012128870443117, 339.7192988004380823 ) ) ;
#7194 = CARTESIAN_POINT ( 'NONE',  ( 346.4717328943978032, 3.210903581827012410, 371.2023305055198534 ) ) ;
#7195 = VERTEX_POINT ( 'NONE', #3202 ) ;
#7196 = DIRECTION ( 'NONE',  ( 0.000000000000000000, 0.000000000000000000, -1.000000000000000000 ) ) ;
#7197 = CARTESIAN_POINT ( 'NONE',  ( 261.7228697921331104, 6.178421472623589317, 7.118821773117658402 ) ) ;
#7198 = LINE ( 'NONE', #269, #3282 ) ;
#7199 = CARTESIAN_POINT ( 'NONE',  ( 263.8759731210270161, 8.088575804882376374, 6.499999999999992006 ) ) ;
#7200 = CARTESIAN_POINT ( 'NONE',  ( 280.7999862832205054, 3.820163282115986103, 7.217087485715483197 ) ) ;
#7201 = LINE ( 'NONE', #2082, #4936 ) ;
#7202 = AXIS2_PLACEMENT_3D ( 'NONE', #5833, #6989, #1889 ) ;
#7203 = ORIENTED_EDGE ( 'NONE', *, *, #5386, .T. ) ;
#7204 = CARTESIAN_POINT ( 'NONE',  ( 335.0528011099372634, 3.835644272968723900, 341.6340855059490877 ) ) ;
#7205 = ORIENTED_EDGE ( 'NONE', *, *, #164, .T. ) ;
#7206 = CARTESIAN_POINT ( 'NONE',  ( 346.0019279385710433, 3.471213071734764899, 339.7859519204347407 ) ) ;
#7207 = CARTESIAN_POINT ( 'NONE',  ( 174.6456147041862721, 11.12727481163917354, 7.504192979551527642 ) ) ;
#7208 = CARTESIAN_POINT ( 'NONE',  ( 345.4168948302610715, 2.132765572784581565, 339.6537443893107024 ) ) ;
#7209 = CARTESIAN_POINT ( 'NONE',  ( 263.3759731210270161, 8.088575804882376374, 5.999999999999991118 ) ) ;
#7210 = CARTESIAN_POINT ( 'NONE',  ( 326.5367672729557853, 2.545906799237844353, 339.6723267903569763 ) ) ;
#7211 = VERTEX_POINT ( 'NONE', #3916 ) ;
#7212 = DIRECTION ( 'NONE',  ( 0.3030673618530867475, -0.8130505716315810094, 0.4970904768238573190 ) ) ;
#7213 = CARTESIAN_POINT ( 'NONE',  ( 349.1752176314238909, 3.870896269159013414, 371.7299999999991087 ) ) ;
#7214 = CARTESIAN_POINT ( 'NONE',  ( 333.8491111922207324, 4.688110632421855328, 340.4219753358054845 ) ) ;
#7215 = CARTESIAN_POINT ( 'NONE',  ( 134.6232118803569051, 14.02128827348071205, 6.500050143233393030 ) ) ;
#7216 = CARTESIAN_POINT ( 'NONE',  ( 332.9985299010932636, 4.975377739947846933, 371.7300000000000182 ) ) ;
#7217 = CARTESIAN_POINT ( 'NONE',  ( 156.2530578447075129, 14.15736830312270023, 6.499999999999988454 ) ) ;
#7218 = CARTESIAN_POINT ( 'NONE',  ( 396.2005424503875020, 0.8143576327887332988, 371.2299886846387267 ) ) ;
#7219 = CARTESIAN_POINT ( 'NONE',  ( 399.1886649914903273, 0.2086090941165304469, 371.0599755813950082 ) ) ;
#7220 = AXIS2_PLACEMENT_3D ( 'NONE', #6728, #1106, #6127 ) ;
#7221 = CARTESIAN_POINT ( 'NONE',  ( 284.2838545395786127, 2.284103319067563032, 23.21993459556889050 ) ) ;
#7222 = CARTESIAN_POINT ( 'NONE',  ( 272.3481410369451510, 7.130255540338251485, 5.999999999999991118 ) ) ;
#7223 = ORIENTED_EDGE ( 'NONE', *, *, #5842, .T. ) ;
#7224 = VECTOR ( 'NONE', #4065, 1000.000000000000000 ) ;
#7225 = CARTESIAN_POINT ( 'NONE',  ( 280.0339848621304100, 3.930725178766952155, 6.000000000000000000 ) ) ;
#7226 = CARTESIAN_POINT ( 'NONE',  ( 332.5094816778099016, 4.692994044879075233, 340.4777334311410186 ) ) ;
#7227 = CARTESIAN_POINT ( 'NONE',  ( 367.8734384447490129, 2.664622100089969692, 371.2305535990262229 ) ) ;
#7228 = CARTESIAN_POINT ( 'NONE',  ( 273.6384132941038274, 3.310883099131594953, 23.25000000000002132 ) ) ;
#7229 = CARTESIAN_POINT ( 'NONE',  ( 277.8391957180917302, 5.491788822061237418, 6.500052363201885619 ) ) ;
#7230 = VECTOR ( 'NONE', #4960, 1000.000000000000000 ) ;
#7231 = CARTESIAN_POINT ( 'NONE',  ( 281.8637385400275548, 3.697170217084739363, 6.647300610594571779 ) ) ;
#7232 = CARTESIAN_POINT ( 'NONE',  ( 132.0375738774784793, 11.21138174953475541, 22.15082189268533597 ) ) ;
#7233 = CARTESIAN_POINT ( 'NONE',  ( 338.3162219748496113, 3.071344740939412343, 371.7299999999999045 ) ) ;
#7234 = B_SPLINE_CURVE_WITH_KNOTS ( 'NONE', 3,
 ( #6803, #57, #3472, #3436 ),
 .UNSPECIFIED., .F., .F.,
 ( 4, 4 ),
 ( 0.000000000000000000, 0.0001587764098003290731 ),
 .UNSPECIFIED. ) ;
#7235 = B_SPLINE_CURVE_WITH_KNOTS ( 'NONE', 3,
 ( #3257, #3932, #3295, #2146 ),
 .UNSPECIFIED., .F., .F.,
 ( 4, 4 ),
 ( 0.000000000000000000, 0.3036351688068214538 ),
 .UNSPECIFIED. ) ;
#7236 = CIRCLE ( 'NONE', #1046, 1.790067006391590665 ) ;
#7237 = CARTESIAN_POINT ( 'NONE',  ( 391.1460218223130028, 3.116497748709431637, 371.7300000000001887 ) ) ;
#7238 = EDGE_CURVE ( 'NONE', #1348, #5211, #1310, .T. ) ;
#7239 = ADVANCED_FACE ( 'NONE', ( #4441 ), #1023, .F. ) ;
#7240 = CARTESIAN_POINT ( 'NONE',  ( 256.5108949103840246, 6.662556712263389969, 6.790799542784502485 ) ) ;
#7241 = CARTESIAN_POINT ( 'NONE',  ( 345.2564011109241164, 2.138838846962801021, 339.7203026387255704 ) ) ;
#7242 = CARTESIAN_POINT ( 'NONE',  ( 163.6146054358005699, 12.69225994523470646, 6.445746460582955528 ) ) ;
#7243 = CARTESIAN_POINT ( 'NONE',  ( 332.2404784629351866, 3.445994979635174538, 337.9867030161904609 ) ) ;
#7244 = CARTESIAN_POINT ( 'NONE',  ( 281.0586819998271721, 4.306485813886160585, 6.587166665760141981 ) ) ;
#7245 = FACE_OUTER_BOUND ( 'NONE', #6990, .T. ) ;
#7246 = CARTESIAN_POINT ( 'NONE',  ( 347.7368336728943063, 0.07214397697847343971, 206.5000000000000284 ) ) ;
#7247 = ORIENTED_EDGE ( 'NONE', *, *, #7252, .T. ) ;
#7248 = CARTESIAN_POINT ( 'NONE',  ( 346.4749348733795955, 4.299438923598679629, 360.9450820451176014 ) ) ;
#7249 = ORIENTED_EDGE ( 'NONE', *, *, #862, .T. ) ;
#7250 = DIRECTION ( 'NONE',  ( -2.856580399953363210E-13, -0.9999999352646699036, 0.0003598203108568318194 ) ) ;
#7251 = DIRECTION ( 'NONE',  ( -1.000000000000000000, 2.856580215031686687E-13, -1.027855647498751205E-16 ) ) ;
#7252 = EDGE_CURVE ( 'NONE', #501, #109, #6895, .T. ) ;
#7253 = CARTESIAN_POINT ( 'NONE',  ( 174.6522627315963803, 11.25345386903799039, 6.995810710186282755 ) ) ;
#7254 = CARTESIAN_POINT ( 'NONE',  ( 284.8773597683251637, 0.006206900763062654300, 23.24999999999997868 ) ) ;
#7255 = CARTESIAN_POINT ( 'NONE',  ( 160.2013098645294349, 12.86545557230090608, 6.500000024331238357 ) ) ;
#7256 = ORIENTED_EDGE ( 'NONE', *, *, #6418, .F. ) ;
#7257 = CARTESIAN_POINT ( 'NONE',  ( 323.5795458065857702, 3.509358571310160713, 338.7299999999999613 ) ) ;
#7258 = EDGE_CURVE ( 'NONE', #1539, #265, #2642, .T. ) ;
#7259 = DIRECTION ( 'NONE',  ( 3.101065548554104156E-14, 0.0003598203108568362647, 0.9999999352646697925 ) ) ;
#7260 = CARTESIAN_POINT ( 'NONE',  ( 139.8416626910405398, 13.49344912694294152, 6.572602933140659687 ) ) ;
#7261 = CARTESIAN_POINT ( 'NONE',  ( 149.1841756793788250, 10.08004560445367304, 127.9099999999999397 ) ) ;
#7262 = DIRECTION ( 'NONE',  ( 0.000000000000000000, 0.0003598203108568571898, 0.9999999352646697925 ) ) ;
#7263 = CARTESIAN_POINT ( 'NONE',  ( 398.3764861522328715, 0.6278564537427284709, 371.2300000000000182 ) ) ;
#7264 = CARTESIAN_POINT ( 'NONE',  ( 289.9216473163282330, -0.1829984769652129861, 53.25007002200223383 ) ) ;
#7265 = CARTESIAN_POINT ( 'NONE',  ( 121.1435362030695302, 13.91394234082974357, 6.517275483852583484 ) ) ;
#7266 = EDGE_LOOP ( 'NONE', ( #1668, #145, #7203, #2388, #2281, #6763 ) ) ;
#7267 = CARTESIAN_POINT ( 'NONE',  ( 349.0723490561366589, 2.614441912569673399, 249.8200000000000784 ) ) ;
#7268 = CARTESIAN_POINT ( 'NONE',  ( 385.2989931366881819, 1.446456663849746471, 371.0324855361981804 ) ) ;
#7269 = CARTESIAN_POINT ( 'NONE',  ( 117.3421461456886874, 12.96288701027130408, 8.801067386714853669 ) ) ;
#7270 = CARTESIAN_POINT ( 'NONE',  ( 178.6907617687798222, 9.844378076492354523, 75.05995909628927620 ) ) ;
#7271 = CARTESIAN_POINT ( 'NONE',  ( 277.8270761369133197, 5.359006974821572733, 6.498687827576331344 ) ) ;
#7272 = CARTESIAN_POINT ( 'NONE',  ( 369.0526806312731196, 0.8836455377715040083, 249.8199999999997090 ) ) ;
#7273 = CARTESIAN_POINT ( 'NONE',  ( 282.1368907182655335, 4.178156856487173165, 6.500061564969860761 ) ) ;
#7274 = B_SPLINE_CURVE_WITH_KNOTS ( 'NONE', 3,
 ( #1513, #4485, #507, #5473, #6625, #436, #474, #5015, #6695, #5577 ),
 .UNSPECIFIED., .F., .F.,
 ( 4, 2, 2, 2, 4 ),
 ( 5.204170427930421283E-18, 0.0002505696724135671205, 0.0005011393448271290367, 0.0007517090172406910072, 0.001002278689654252869 ),
 .UNSPECIFIED. ) ;
#7275 = CARTESIAN_POINT ( 'NONE',  ( 326.4470746102807652, 3.933944877067612200, 341.6530272116314677 ) ) ;
#7276 = CARTESIAN_POINT ( 'NONE',  ( 39.61569798458142344, 7.868856700741122090, 5.999999999999998224 ) ) ;
#7277 = CARTESIAN_POINT ( 'NONE',  ( 268.2322840836008027, 7.649183532180100720, 5.999999999999987566 ) ) ;
#7278 = CARTESIAN_POINT ( 'NONE',  ( 258.2428650754224577, 6.304018955791998557, 7.238841037999702799 ) ) ;
#7279 = CARTESIAN_POINT ( 'NONE',  ( 277.2280618215926893, 4.877734619001235394, 21.18936984075970997 ) ) ;
#7280 = DIRECTION ( 'NONE',  ( 2.856580399953362200E-13, 0.9999999352646697925, -0.0003598203108568316568 ) ) ;
#7281 = PLANE ( 'NONE',  #2342 ) ;
#7282 = CARTESIAN_POINT ( 'NONE',  ( 315.9918663373812819, 3.759205042321200896, 144.7740745205609585 ) ) ;
#7283 = EDGE_CURVE ( 'NONE', #4367, #1881, #3950, .T. ) ;
#7284 = ORIENTED_EDGE ( 'NONE', *, *, #392, .F. ) ;
#7285 = CARTESIAN_POINT ( 'NONE',  ( 332.6103935280772248, 3.620009615705829464, 338.7147912540756920 ) ) ;
#7286 = ORIENTED_EDGE ( 'NONE', *, *, #5250, .F. ) ;
#7287 = CARTESIAN_POINT ( 'NONE',  ( 185.1292678227588340, 11.19170582806852465, 6.573738858393062046 ) ) ;
#7288 = CARTESIAN_POINT ( 'NONE',  ( 343.5477378324342226, 4.224111851408219209, 356.5320062648386283 ) ) ;
#7289 = CARTESIAN_POINT ( 'NONE',  ( 163.5506399045334831, 12.69548336719887516, 6.500000024331238357 ) ) ;
#7290 = CARTESIAN_POINT ( 'NONE',  ( 124.5568866061359756, 12.01508462345592498, 23.00000000000000355 ) ) ;
#7291 = CARTESIAN_POINT ( 'NONE',  ( 398.3596031852032979, 0.4285986541758806667, 371.0333607642077709 ) ) ;
#7292 = CARTESIAN_POINT ( 'NONE',  ( 136.3469852757544913, 13.17488188628910706, 6.876418667662962392 ) ) ;
#7293 = CARTESIAN_POINT ( 'NONE',  ( 168.8375868800034993, 11.06231423512946144, 127.9100000000000819 ) ) ;
#7294 = CARTESIAN_POINT ( 'NONE',  ( 273.6384132941038274, 3.310883099131594953, 23.25000000000002132 ) ) ;
#7295 = PLANE ( 'NONE',  #5345 ) ;
#7296 = CARTESIAN_POINT ( 'NONE',  ( 188.2489476209918848, 10.48077823395184183, 127.9100000000001387 ) ) ;
#7297 = CARTESIAN_POINT ( 'NONE',  ( 332.5766904567812503, -0.1293528491035852990, 173.2500584874545950 ) ) ;
#7298 = ORIENTED_EDGE ( 'NONE', *, *, #2125, .F. ) ;
#7299 = CARTESIAN_POINT ( 'NONE',  ( 399.5082530619993122, 0.3426617220795545316, 371.7300000000000182 ) ) ;
#7300 = CARTESIAN_POINT ( 'NONE',  ( 387.4877706978401761, 1.439336457226136012, 371.2305455706741100 ) ) ;
#7301 = CARTESIAN_POINT ( 'NONE',  ( 328.6233624896888159, 4.741839072750498651, 340.4842997808138421 ) ) ;
#7302 = CARTESIAN_POINT ( 'NONE',  ( 259.8759731210270161, 7.175950877862851129, 5.999999999999991118 ) ) ;
#7303 = CARTESIAN_POINT ( 'NONE',  ( 277.7538853314925973, 4.557132919082914846, 7.128184141965618004 ) ) ;
#7304 = CARTESIAN_POINT ( 'NONE',  ( 282.6507929889344837, -4.468664135291740891, 5.999999999999994671 ) ) ;
#7305 = CARTESIAN_POINT ( 'NONE',  ( 281.1760776587375972, 4.239415234752287986, 6.587963209417516453 ) ) ;
#7306 = CARTESIAN_POINT ( 'NONE',  ( 238.1051258934703299, 6.281052118066760670, 199.8050185551175559 ) ) ;
#7307 = CARTESIAN_POINT ( 'NONE',  ( 250.3775146461826751, 5.924740938454864825, 249.8200000000000784 ) ) ;
#7308 = CARTESIAN_POINT ( 'NONE',  ( 395.9373447993976356, 2.738051928290369919, 371.7300000000000182 ) ) ;
#7309 = CARTESIAN_POINT ( 'NONE',  ( 258.2897862520364924, 7.287312453319723993, 6.500051298939784061 ) ) ;
#7310 = CARTESIAN_POINT ( 'NONE',  ( 125.9422246151263067, 12.83660769010386105, 16.58343921997940384 ) ) ;
#7311 = CARTESIAN_POINT ( 'NONE',  ( 161.3759731210269877, 12.80576565640142483, 5.999999999999991118 ) ) ;
#7312 = B_SPLINE_CURVE_WITH_KNOTS ( 'NONE', 3,
 ( #1692, #5597, #6150, #6646 ),
 .UNSPECIFIED., .F., .F.,
 ( 4, 4 ),
 ( -5.983453029496839295E-08, 7.997009872671089029E-06 ),
 .UNSPECIFIED. ) ;
#7313 = B_SPLINE_CURVE_WITH_KNOTS ( 'NONE', 3,
 ( #4979, #2868, #6694, #6126 ),
 .UNSPECIFIED., .F., .F.,
 ( 4, 4 ),
 ( 0.000000000000000000, 1.000000000000000000 ),
 .UNSPECIFIED. ) ;
#7314 = CARTESIAN_POINT ( 'NONE',  ( 283.9762136040709493, 0.002188912616447701368, 12.08334888057531842 ) ) ;
#7315 = ORIENTED_EDGE ( 'NONE', *, *, #4277, .F. ) ;
#7316 = CARTESIAN_POINT ( 'NONE',  ( 326.7134486250282635, 3.964466708539843065, 338.9528990558044370 ) ) ;
#7317 = EDGE_LOOP ( 'NONE', ( #4927, #3184, #7086, #4932 ) ) ;
#7318 = CARTESIAN_POINT ( 'NONE',  ( 206.0059740127251757, 9.610206109134704633, 6.884885527824496698 ) ) ;
#7319 = CARTESIAN_POINT ( 'NONE',  ( 139.7291818520592699, 13.45856708576280525, 21.84111413202645480 ) ) ;
#7320 = EDGE_CURVE ( 'NONE', #1446, #7, #1166, .T. ) ;
#7321 = CARTESIAN_POINT ( 'NONE',  ( 162.3759566739129525, 12.75467930681689133, 6.500000024331238357 ) ) ;
#7322 = ORIENTED_EDGE ( 'NONE', *, *, #4128, .F. ) ;
#7323 = CARTESIAN_POINT ( 'NONE',  ( 192.4697978154930809, 9.221254319236889430, 128.2433333333333110 ) ) ;
#7324 = CARTESIAN_POINT ( 'NONE',  ( 332.5766904567813071, -0.1293528491035862149, 173.2500584874545666 ) ) ;
#7325 = CIRCLE ( 'NONE', #4579, 0.2000000000000001499 ) ;
#7326 = B_SPLINE_CURVE_WITH_KNOTS ( 'NONE', 3,
 ( #3820, #6527, #1418, #3671, #5957, #5374, #409, #2659, #861, #295 ),
 .UNSPECIFIED., .F., .F.,
 ( 4, 3, 3, 4 ),
 ( 3.990740310980695885E-15, 0.1940502421621586870, 0.2364715702873852465, 0.3751405493039203787 ),
 .UNSPECIFIED. ) ;
#7327 = CARTESIAN_POINT ( 'NONE',  ( 230.3738573226625022, 8.009036193704151430, 7.242409630609974336 ) ) ;
#7328 = CARTESIAN_POINT ( 'NONE',  ( 136.3672459013301648, 13.97726784656154564, 6.500050316312142584 ) ) ;
#7329 = CARTESIAN_POINT ( 'NONE',  ( 142.6834918387799576, 9.399159171391904266, 127.9099999999999966 ) ) ;
#7330 = EDGE_CURVE ( 'NONE', #4248, #6075, #6991, .T. ) ;
#7331 = CARTESIAN_POINT ( 'NONE',  ( 328.9270111194483661, 3.038687565732139717, 312.6946532040846023 ) ) ;
#7332 = CARTESIAN_POINT ( 'NONE',  ( 398.7863464442808663, 0.3792068189831094838, 371.2300000000000182 ) ) ;
#7333 = CARTESIAN_POINT ( 'NONE',  ( 189.8559604886763736, 10.48075744213056559, 127.9099999999999682 ) ) ;
#7334 = CARTESIAN_POINT ( 'NONE',  ( 278.3793974911804980, 6.522328286812857812, 6.500000000000004441 ) ) ;
#7335 = ORIENTED_EDGE ( 'NONE', *, *, #6220, .T. ) ;
#7336 = CARTESIAN_POINT ( 'NONE',  ( 310.8990595989508279, 3.904156764917399158, 127.9100000000000250 ) ) ;
#7337 = CARTESIAN_POINT ( 'NONE',  ( 387.7454693069067844, 3.365671187338276749, 371.7300000000000182 ) ) ;
#7338 = ADVANCED_FACE ( 'NONE', ( #7127 ), #904, .F. ) ;
#7339 = CARTESIAN_POINT ( 'NONE',  ( 145.3041540920151817, 11.35489842753896816, 22.25268033565003378 ) ) ;
#7340 = CARTESIAN_POINT ( 'NONE',  ( 279.8331444196345501, 4.532668315706885664, 6.715008740372454987 ) ) ;
#7341 = CARTESIAN_POINT ( 'NONE',  ( 281.5800000000000978, 5.450000000000003730, 6.000000000000000000 ) ) ;
#7342 = CARTESIAN_POINT ( 'NONE',  ( 280.8906592549835750, 3.896939414685399949, 6.951595268943114192 ) ) ;
#7343 = CARTESIAN_POINT ( 'NONE',  ( 125.6027422497267736, 11.09288860728938531, 22.14726361105203978 ) ) ;
#7344 = CARTESIAN_POINT ( 'NONE',  ( 252.6764092375237567, 6.009167042190452612, 249.8200000000000500 ) ) ;
#7345 = ADVANCED_FACE ( 'NONE', ( #5932 ), #4216, .T. ) ;
#7346 = CARTESIAN_POINT ( 'NONE',  ( 351.2848123292041009, 4.454976615195418432, 249.8199999999999648 ) ) ;
#7347 = CARTESIAN_POINT ( 'NONE',  ( 267.8073338360828188, 6.127372329359690006, 6.626456914279963861 ) ) ;
#7348 = CARTESIAN_POINT ( 'NONE',  ( 272.0512635314211707, 5.550347704876860355, 23.25000000010770407 ) ) ;
#7349 = VECTOR ( 'NONE', #1932, 1000.000000000000000 ) ;
#7350 = CARTESIAN_POINT ( 'NONE',  ( 243.5626531085486306, 7.461737053787651064, 192.5347277596214894 ) ) ;
#7351 = CARTESIAN_POINT ( 'NONE',  ( 282.5752657681341589, 0.0006518605050540340591, 7.811627771811934906 ) ) ;
#7352 = CARTESIAN_POINT ( 'NONE',  ( 275.9813030197571493, 5.397726137700686877, 34.99336257659577143 ) ) ;
#7353 = CARTESIAN_POINT ( 'NONE',  ( 281.9811267918709632, 3.760826285809093505E-16, 6.000000000000000000 ) ) ;
#7354 = B_SPLINE_SURFACE_WITH_KNOTS ( 'NONE', 3, 3, ( 
 ( #2323, #132, #4605, #1258, #3510, #5869, #4117 ),
 ( #5799, #703, #1302, #4002, #5125, #19, #6285 ),
 ( #5721, #6474, #3617, #5975, #6509, #5394, #352 ),
 ( #7098, #7033, #5321, #5464, #3026, #1402, #2606 ),
 ( #3062, #3690, #3654, #1956, #7172, #2055, #1925 ),
 ( #6544, #4332, #279, #5358, #4301, #1436, #5903 ),
 ( #1991, #5942, #6619, #1369, #1504, #6582, #1470 ),
 ( #2465, #4890, #881, #4856, #806, #3133, #5426 ),
 ( #2571, #4818, #205, #6012, #844, #4227, #317 ),
 ( #3765, #6048, #241, #916, #4752, #4264, #4192 ) ),
 .UNSPECIFIED., .F., .F., .F.,
 ( 4, 3, 1, 1, 1, 4 ),
 ( 4, 3, 4 ),
 ( -0.01000000000000000021, 0.000000000000000000, 0.2500000000000000000, 0.5000000000000000000, 0.7500000000000000000, 1.000000000000000000 ),
 ( -0.01000000000000000021, 0.000000000000000000, 1.000000000000000000 ),
 .UNSPECIFIED. ) ;
#7355 = ORIENTED_EDGE ( 'NONE', *, *, #1423, .T. ) ;
#7356 = CARTESIAN_POINT ( 'NONE',  ( 212.9638412021306522, 9.085212684710368691, 7.119772494115065520 ) ) ;
#7357 = CARTESIAN_POINT ( 'NONE',  ( 139.9354722435163580, 13.55477427449795869, 22.17947121682216860 ) ) ;
#7358 = AXIS2_PLACEMENT_3D ( 'NONE', #6626, #6517, #399 ) ;
#7359 = ORIENTED_EDGE ( 'NONE', *, *, #2836, .T. ) ;
#7360 = CARTESIAN_POINT ( 'NONE',  ( 197.9895902108907251, 9.288572913753016635, 128.2433333333333678 ) ) ;
#7361 = CARTESIAN_POINT ( 'NONE',  ( 289.9216473163282899, 0.01700151008772091826, 53.24999805794006136 ) ) ;
#7362 = CARTESIAN_POINT ( 'NONE',  ( 237.3722274771038485, 8.185713245247411507, 6.574087297027745080 ) ) ;
#7363 = CARTESIAN_POINT ( 'NONE',  ( 146.7778057995309098, 12.59626657153855156, 7.237830914411148342 ) ) ;
#7364 = CARTESIAN_POINT ( 'NONE',  ( 227.7048262290051923, 5.992143517248348594, 249.8200000000000500 ) ) ;
#7365 = CARTESIAN_POINT ( 'NONE',  ( 125.6117820114704102, 43.07938103743692437, 14.10000000000059117 ) ) ;
#7366 = CARTESIAN_POINT ( 'NONE',  ( 317.6876234834991237, 0.03917543887057083757, 114.8750000000000000 ) ) ;
#7367 = CARTESIAN_POINT ( 'NONE',  ( 333.7590008504482739, 4.667297633078318242, 340.4763352449670037 ) ) ;
#7368 = CARTESIAN_POINT ( 'NONE',  ( 346.7261444083204083, 3.908266951346073714, 371.2300000000003024 ) ) ;
#7369 = EDGE_CURVE ( 'NONE', #6572, #5643, #6604, .T. ) ;
#7370 = ORIENTED_EDGE ( 'NONE', *, *, #4993, .T. ) ;
#7371 = CARTESIAN_POINT ( 'NONE',  ( 397.0934402198910789, 0.5461687509489566716, 371.7300000000000182 ) ) ;
#7372 = CARTESIAN_POINT ( 'NONE',  ( 359.1411844424461606, 2.849383597748094132, 371.0286327973684024 ) ) ;
#7373 = CARTESIAN_POINT ( 'NONE',  ( 391.8424914719954018, 1.106884905221534821, 371.2305450184049391 ) ) ;
#7374 = CARTESIAN_POINT ( 'NONE',  ( 122.4075574971446798, 13.86384766683505099, 6.522828269332945794 ) ) ;
#7375 = CARTESIAN_POINT ( 'NONE',  ( 213.6835663553541735, 9.484387215127032533, 126.8854827670446923 ) ) ;
#7376 = CARTESIAN_POINT ( 'NONE',  ( 278.6412980807978670, 4.884741495348684737, 6.627582218620667653 ) ) ;
#7377 = CARTESIAN_POINT ( 'NONE',  ( 116.4440128777372649, 13.79557583503347296, 7.265425074309842302 ) ) ;
#7378 = CARTESIAN_POINT ( 'NONE',  ( 281.2296021793911223, 4.360636373506605601, 6.528679511422796899 ) ) ;
#7379 = CARTESIAN_POINT ( 'NONE',  ( 128.8160827938569071, 11.18086374853084841, 22.48159034821894764 ) ) ;
#7380 = CARTESIAN_POINT ( 'NONE',  ( 254.9762235207963954, 6.085397714510595080, 249.8200000000000216 ) ) ;
ENDSEC;
END-ISO-10303-21;
