ISO-10303-21;
HEADER;
FILE_DESCRIPTION (( 'STEP AP214' ),
    '1' );
FILE_NAME ('barre cintre.STEP',
    '2025-06-23T10:23:14',
    ( '' ),
    ( '' ),
    'SwSTEP 2.0',
    'SolidWorks 2019',
    '' );
FILE_SCHEMA (( 'AUTOMOTIVE_DESIGN' ));
ENDSEC;

DATA;
#1 = VERTEX_POINT ( 'NONE', #7111 ) ;
#2 = DIRECTION ( 'NONE',  ( -1.000000000000000000, 0.000000000000000000, 0.000000000000000000 ) ) ;
#3 = CARTESIAN_POINT ( 'NONE',  ( 2.217497841995242247, -11.20588664074077556, 210.3443601447819731 ) ) ;
#4 = EDGE_CURVE ( 'NONE', #6533, #3660, #5853, .T. ) ;
#5 = DIRECTION ( 'NONE',  ( 9.791996142006161452E-17, -1.000000000000000000, 0.000000000000000000 ) ) ;
#6 = CARTESIAN_POINT ( 'NONE',  ( -23.50000000000000000, 12.22641929943638317, 18.49999999999998934 ) ) ;
#7 = DIRECTION ( 'NONE',  ( -0.000000000000000000, 1.000000000000000000, 0.000000000000000000 ) ) ;
#8 = CARTESIAN_POINT ( 'NONE',  ( -1.804552487098033398, -11.50000000000000000, 18.60955847632631333 ) ) ;
#9 =( GEOMETRIC_REPRESENTATION_CONTEXT ( 3 ) GLOBAL_UNCERTAINTY_ASSIGNED_CONTEXT ( ( #4561 ) ) GLOBAL_UNIT_ASSIGNED_CONTEXT ( ( #6146, #5123, #6906 ) ) REPRESENTATION_CONTEXT ( 'NONE', 'WORKASPACE' ) );
#10 = CARTESIAN_POINT ( 'NONE',  ( 1.064573262633268902, -9.977462227845729004, 229.9996124531585053 ) ) ;
#11 = CARTESIAN_POINT ( 'NONE',  ( 1.667617564553018461, -11.50000000000000000, 210.9708072376060386 ) ) ;
#12 = B_SPLINE_CURVE_WITH_KNOTS ( 'NONE', 3,
 ( #6312, #6268, #906, #4125, #2987, #1132, #5317, #2907, #6619, #2949, #3573, #4757, #4794, #6540, #5942, #5280, #3534, #2400 ),
 .UNSPECIFIED., .F., .F.,
 ( 4, 2, 2, 2, 2, 2, 2, 2, 4 ),
 ( 0.000000000000000000, 0.1249999999999156231, 0.1874999999998746003, 0.2187499999998654410, 0.2499999999998562816, 0.3749999999998740452, 0.4374999999998835376, 0.4999999999998929745, 1.000000000000000000 ),
 .UNSPECIFIED. ) ;
#13 = VECTOR ( 'NONE', #443, 1000.000000000000000 ) ;
#14 = CARTESIAN_POINT ( 'NONE',  ( 2.196503260743766006, -11.21756083834457485, 19.77029867282352882 ) ) ;
#15 = CARTESIAN_POINT ( 'NONE',  ( -1.336867513437163923, -10.23566063855167840, 0.03390814031279016511 ) ) ;
#16 = CARTESIAN_POINT ( 'NONE',  ( 1.046652478928904006, -10.02302090267605017, 0.0006730476143241725549 ) ) ;
#17 = DIRECTION ( 'NONE',  ( 0.000000000000000000, 0.000000000000000000, 1.000000000000000000 ) ) ;
#18 = ORIENTED_EDGE ( 'NONE', *, *, #1290, .F. ) ;
#19 = ORIENTED_EDGE ( 'NONE', *, *, #4181, .F. ) ;
#20 = ORIENTED_EDGE ( 'NONE', *, *, #3941, .T. ) ;
#21 = CARTESIAN_POINT ( 'NONE',  ( 2.237689419526178725, -11.20908478802030039, 210.4546459617055518 ) ) ;
#22 = LINE ( 'NONE', #1686, #3146 ) ;
#23 = CARTESIAN_POINT ( 'NONE',  ( 2.381088635748327409, -11.14171771326443405, 210.6359995631859192 ) ) ;
#24 = CARTESIAN_POINT ( 'NONE',  ( 2.397559325025240273, -11.07416740086443774, 19.53884417414462860 ) ) ;
#25 = CARTESIAN_POINT ( 'NONE',  ( -4.000000000000000000, 0.000000000000000000, 209.5000000000000284 ) ) ;
#26 = ORIENTED_EDGE ( 'NONE', *, *, #6201, .F. ) ;
#27 = ADVANCED_FACE ( 'NONE', ( #1706 ), #4149, .F. ) ;
#28 = ADVANCED_FACE ( 'NONE', ( #5927 ), #1637, .T. ) ;
#29 = ORIENTED_EDGE ( 'NONE', *, *, #5099, .T. ) ;
#30 = CARTESIAN_POINT ( 'NONE',  ( 3.705249945309842197, -10.13589649405881588, 19.77751632168189033 ) ) ;
#31 = CARTESIAN_POINT ( 'NONE',  ( 1.120722134089776167, -10.00775315811137389, 229.9983512667948276 ) ) ;
#32 = CARTESIAN_POINT ( 'NONE',  ( 2.258824909157399308, -11.21620338695959695, 19.44884638979743841 ) ) ;
#33 = CARTESIAN_POINT ( 'NONE',  ( 1.713596598658969183, -11.37521884865946120, 229.1077894069655372 ) ) ;
#34 = FACE_OUTER_BOUND ( 'NONE', #1543, .T. ) ;
#35 = CARTESIAN_POINT ( 'NONE',  ( -1.102776835669380562, -9.996351389824068789, 229.9989766842672907 ) ) ;
#36 = DIRECTION ( 'NONE',  ( 1.000000000000000000, 0.000000000000000000, 0.000000000000000000 ) ) ;
#37 = VECTOR ( 'NONE', #2747, 1000.000000000000000 ) ;
#38 = CARTESIAN_POINT ( 'NONE',  ( -1.499999999999997335, -11.50000000000000000, 210.2270775949693586 ) ) ;
#39 = EDGE_CURVE ( 'NONE', #2586, #2393, #3019, .T. ) ;
#40 = VERTEX_POINT ( 'NONE', #6484 ) ;
#41 = EDGE_LOOP ( 'NONE', ( #6035, #2133, #379, #3529 ) ) ;
#42 = CARTESIAN_POINT ( 'NONE',  ( 2.500000000000001776, -10.49999999999999645, 208.7664948248736891 ) ) ;
#43 = CARTESIAN_POINT ( 'NONE',  ( -2.446730258872123809, -11.10155108137319324, 210.6586404869944715 ) ) ;
#44 = AXIS2_PLACEMENT_3D ( 'NONE', #2812, #2260, #2187 ) ;
#45 = AXIS2_PLACEMENT_3D ( 'NONE', #3381, #5787, #6973 ) ;
#46 = DIRECTION ( 'NONE',  ( -1.000000000000000000, 0.000000000000000000, 0.000000000000000000 ) ) ;
#47 = DIRECTION ( 'NONE',  ( 1.000000000000000000, 0.000000000000000000, 0.000000000000000000 ) ) ;
#48 = CARTESIAN_POINT ( 'NONE',  ( 1.363013964634928854, -10.36264123013686422, 0.05551901961465979113 ) ) ;
#49 = CARTESIAN_POINT ( 'NONE',  ( -1.120722134117529079, -10.00775315812904509, 0.001648733206150907425 ) ) ;
#50 = EDGE_CURVE ( 'NONE', #2175, #4711, #4294, .T. ) ;
#51 = CARTESIAN_POINT ( 'NONE',  ( -2.831536506479453319, -11.07596591608213821, 18.94948382517640439 ) ) ;
#52 = CARTESIAN_POINT ( 'NONE',  ( 2.345817301835206425, -11.34511023647903016, 211.4037771358756288 ) ) ;
#53 = CARTESIAN_POINT ( 'NONE',  ( 2.220136236428397414, -11.20656586910586583, 19.63583534904568495 ) ) ;
#54 = CARTESIAN_POINT ( 'NONE',  ( 3.779976637959940433, -9.922438674644840972, 19.86675258756314477 ) ) ;
#55 = DIRECTION ( 'NONE',  ( -0.000000000000000000, -0.000000000000000000, -1.000000000000000000 ) ) ;
#56 = CARTESIAN_POINT ( 'NONE',  ( 1.341624269801360736, -10.15874426916009909, 0.01977351852168397067 ) ) ;
#57 = CARTESIAN_POINT ( 'NONE',  ( 0.000000000000000000, 0.000000000000000000, 228.5000000000000000 ) ) ;
#58 = ORIENTED_EDGE ( 'NONE', *, *, #4583, .F. ) ;
#59 = ORIENTED_EDGE ( 'NONE', *, *, #4518, .T. ) ;
#60 = ORIENTED_EDGE ( 'NONE', *, *, #2726, .F. ) ;
#61 = CARTESIAN_POINT ( 'NONE',  ( -2.540425695447719789, -11.20964600840103920, 228.6862675401014826 ) ) ;
#62 = CARTESIAN_POINT ( 'NONE',  ( -2.783601829262464911, -11.15802674562696417, 18.49999999999998934 ) ) ;
#63 = CARTESIAN_POINT ( 'NONE',  ( 2.314869104701342106, -11.12229423932496175, 210.3673566083701587 ) ) ;
#64 = LINE ( 'NONE', #3107, #1809 ) ;
#65 = CARTESIAN_POINT ( 'NONE',  ( -16.66532048819021838, 12.22641929943638317, 10.89401989750542299 ) ) ;
#66 = CARTESIAN_POINT ( 'NONE',  ( 2.395290475017041842, -11.07401024939494505, 19.54726290746529571 ) ) ;
#67 = DIRECTION ( 'NONE',  ( 0.000000000000000000, -0.000000000000000000, -1.000000000000000000 ) ) ;
#68 = ORIENTED_EDGE ( 'NONE', *, *, #7131, .T. ) ;
#69 = ORIENTED_EDGE ( 'NONE', *, *, #3983, .T. ) ;
#70 = CARTESIAN_POINT ( 'NONE',  ( -1.139738706211719688, -10.21057793382702883, 0.01238527922067775636 ) ) ;
#71 =( BOUNDED_SURFACE ( )  B_SPLINE_SURFACE ( 3, 2, ( 
 ( #6032, #115, #2450 ),
 ( #4292, #1818, #641 ),
 ( #1145, #2997, #7183 ),
 ( #5366, #4808, #3547 ) ),
 .UNSPECIFIED., .F., .F., .F. ) 
 B_SPLINE_SURFACE_WITH_KNOTS ( ( 4, 4 ),
 ( 3, 3 ),
 ( -5.421010862427522170E-20, 9.182449425434923373E-05 ),
 ( 0.000000000000000000, 1.000000000000000000 ),
 .UNSPECIFIED. ) 
 GEOMETRIC_REPRESENTATION_ITEM ( )  RATIONAL_B_SPLINE_SURFACE ( (
 ( 1.000000000000000000, 0.9998845316408300210, 1.000000000000000000),
 ( 1.000000000000000000, 0.9999613537162291843, 1.000000000000000000),
 ( 1.000000000000000000, 0.9999999997771293891, 1.000000000000000000),
 ( 1.000000000000000000, 1.000000000000000000, 1.000000000000000000) ) ) 
 REPRESENTATION_ITEM ( '' )  SURFACE ( )  );
#72 = CIRCLE ( 'NONE', #7130, 1.500000000000001332 ) ;
#73 = CARTESIAN_POINT ( 'NONE',  ( -2.329096565145068798, -11.16826259803475274, 19.40323656085540804 ) ) ;
#74 = CARTESIAN_POINT ( 'NONE',  ( 2.783601829262475125, -11.15802674562696239, 1.500000000000001332 ) ) ;
#75 = CARTESIAN_POINT ( 'NONE',  ( 2.855060118484067821, -11.04151081672653767, 210.9730135403842155 ) ) ;
#76 = SURFACE_STYLE_USAGE ( .BOTH. , #5011 ) ;
#77 = DIRECTION ( 'NONE',  ( 0.000000000000000000, 0.000000000000000000, 1.000000000000000000 ) ) ;
#78 = ORIENTED_EDGE ( 'NONE', *, *, #3497, .T. ) ;
#79 = CIRCLE ( 'NONE', #4484, 0.9999999999999997780 ) ;
#80 = ORIENTED_EDGE ( 'NONE', *, *, #234, .T. ) ;
#81 = CARTESIAN_POINT ( 'NONE',  ( 1.500000000000002442, -11.49999999999999822, 19.77292240503064491 ) ) ;
#82 = CARTESIAN_POINT ( 'NONE',  ( -2.583700290707650282, -10.99824299612401823, 210.6047329185463468 ) ) ;
#83 = EDGE_CURVE ( 'NONE', #2352, #2032, #3778, .T. ) ;
#84 = CIRCLE ( 'NONE', #1095, 1.500000000000001332 ) ;
#85 = CARTESIAN_POINT ( 'NONE',  ( 2.337889891680558829, -11.06067791604774797, 20.29039371450463136 ) ) ;
#86 = CARTESIAN_POINT ( 'NONE',  ( 1.000000000000005107, -10.00000000000000000, 1.301042606982605321E-15 ) ) ;
#87 = CARTESIAN_POINT ( 'NONE',  ( 23.50000000000000000, 20.99999999999999645, 1.500000000000000000 ) ) ;
#88 = CIRCLE ( 'NONE', #4236, 0.5000000000000002220 ) ;
#89 = DIRECTION ( 'NONE',  ( -2.602085213965208275E-15, 0.000000000000000000, 1.000000000000000000 ) ) ;
#90 = CARTESIAN_POINT ( 'NONE',  ( -2.262338942657565966, -11.22059068538837501, 19.42373621564624742 ) ) ;
#91 = CARTESIAN_POINT ( 'NONE',  ( 2.168168947613752895, -11.50000000000000000, 19.77292240503287601 ) ) ;
#92 = EDGE_CURVE ( 'NONE', #7283, #2491, #4032, .T. ) ;
#93 = CARTESIAN_POINT ( 'NONE',  ( 2.242227402949013459, -11.20581398038408238, 19.53980337997977301 ) ) ;
#94 = CARTESIAN_POINT ( 'NONE',  ( -1.549000693905667303, -10.30453491199288329, 0.05721754236610471223 ) ) ;
#95 = CARTESIAN_POINT ( 'NONE',  ( -1.046449928396997020, -9.969741471413817280, 0.0001692807718196088812 ) ) ;
#96 = CARTESIAN_POINT ( 'NONE',  ( 2.188918146561018574, -11.18956702521447255, 0.7931073565753141708 ) ) ;
#97 = ORIENTED_EDGE ( 'NONE', *, *, #4112, .F. ) ;
#98 = ORIENTED_EDGE ( 'NONE', *, *, #5596, .F. ) ;
#99 = ORIENTED_EDGE ( 'NONE', *, *, #3644, .F. ) ;
#100 = CARTESIAN_POINT ( 'NONE',  ( 0.000000000000000000, 0.000000000000000000, 0.000000000000000000 ) ) ;
#101 = AXIS2_PLACEMENT_3D ( 'NONE', #3847, #7636, #6970 ) ;
#102 = FACE_OUTER_BOUND ( 'NONE', #3113, .T. ) ;
#103 = CARTESIAN_POINT ( 'NONE',  ( 2.286805927830517948, -11.20096720952164659, 210.5843267589579852 ) ) ;
#104 = CARTESIAN_POINT ( 'NONE',  ( 1.003407062025909013, -9.951333505493629161, 1.301068528693450039E-15 ) ) ;
#105 = DIRECTION ( 'NONE',  ( -0.000000000000000000, 0.000000000000000000, 1.000000000000000000 ) ) ;
#106 = CARTESIAN_POINT ( 'NONE',  ( 2.394693876290593160, -11.07398058624651327, 19.54950896335234489 ) ) ;
#107 = CARTESIAN_POINT ( 'NONE',  ( 0.000000000000000000, 0.000000000000000000, 210.0000000000000284 ) ) ;
#108 = ORIENTED_EDGE ( 'NONE', *, *, #6348, .T. ) ;
#109 = ORIENTED_EDGE ( 'NONE', *, *, #868, .T. ) ;
#110 = CARTESIAN_POINT ( 'NONE',  ( 3.088235309840795306, -6.834676486202731382, 208.6084378223163753 ) ) ;
#111 = DIRECTION ( 'NONE',  ( 0.000000000000000000, 0.000000000000000000, 1.000000000000000000 ) ) ;
#112 = DIRECTION ( 'NONE',  ( 1.000000000000000000, 0.000000000000000000, 0.000000000000000000 ) ) ;
#113 = VECTOR ( 'NONE', #3386, 1000.000000000000000 ) ;
#114 = CARTESIAN_POINT ( 'NONE',  ( 2.261309783269958018, -11.21485406521876804, 19.44576644094749085 ) ) ;
#115 = CARTESIAN_POINT ( 'NONE',  ( -1.049329932173336255, -9.994409750612287979, 229.9992660775877766 ) ) ;
#116 = CIRCLE ( 'NONE', #5790, 2.500000000000002220 ) ;
#117 = ORIENTED_EDGE ( 'NONE', *, *, #7573, .T. ) ;
#118 = CIRCLE ( 'NONE', #7306, 1.500000000000001332 ) ;
#119 = ORIENTED_EDGE ( 'NONE', *, *, #316, .T. ) ;
#120 =( BOUNDED_SURFACE ( )  B_SPLINE_SURFACE ( 3, 2, ( 
 ( #2644, #3277, #310 ),
 ( #1463, #6863, #3861 ),
 ( #3314, #6269, #237 ),
 ( #7537, #6313, #7457 ) ),
 .UNSPECIFIED., .F., .F., .T. ) 
 B_SPLINE_SURFACE_WITH_KNOTS ( ( 4, 4 ),
 ( 3, 3 ),
 ( 0.000000000000000000, 8.966486069821937531E-05 ),
 ( 0.000000000000000000, 1.000000000000000000 ),
 .UNSPECIFIED. ) 
 GEOMETRIC_REPRESENTATION_ITEM ( )  RATIONAL_B_SPLINE_SURFACE ( (
 ( 1.000000000000000000, 0.9998845316408295769, 1.000000000000000000),
 ( 1.000000000000000000, 0.9998455050468686434, 1.000000000000000000),
 ( 1.000000000000000000, 0.9998029167072010059, 1.000000000000000000),
 ( 1.000000000000000000, 0.9997586081351734766, 1.000000000000000000) ) ) 
 REPRESENTATION_ITEM ( '' )  SURFACE ( )  );
#121 = SPHERICAL_SURFACE ( 'NONE', #2471, 1.500000000000000000 ) ;
#122 = CARTESIAN_POINT ( 'NONE',  ( -2.399955922888957538, -11.07071875531034344, 210.4526106949272446 ) ) ;
#123 = ADVANCED_FACE ( 'NONE', ( #3679 ), #1237, .F. ) ;
#124 = CARTESIAN_POINT ( 'NONE',  ( 1.000000000000001776, -9.999999999999998224, 0.000000000000000000 ) ) ;
#125 = DIRECTION ( 'NONE',  ( -0.000000000000000000, 1.000000000000000000, -0.000000000000000000 ) ) ;
#126 = DIRECTION ( 'NONE',  ( -0.000000000000000000, -0.000000000000000000, 1.000000000000000000 ) ) ;
#127 = CARTESIAN_POINT ( 'NONE',  ( 16.66532048819021838, 12.22641929943638495, 10.89401989750542299 ) ) ;
#128 = PRODUCT_DEFINITION ( 'UNKNOWN', '', #489, #942 ) ;
#129 = B_SPLINE_CURVE_WITH_KNOTS ( 'NONE', 3,
 ( #6675, #6596, #1860, #5996 ),
 .UNSPECIFIED., .F., .F.,
 ( 4, 4 ),
 ( 4.908777512248957427E-18, 5.119540313989271845E-05 ),
 .UNSPECIFIED. ) ;
#130 = EDGE_CURVE ( 'NONE', #6866, #2523, #7121, .T. ) ;
#131 = ADVANCED_FACE ( 'NONE', ( #4346 ), #1750, .F. ) ;
#132 = EDGE_CURVE ( 'NONE', #2046, #6557, #4777, .T. ) ;
#133 = CARTESIAN_POINT ( 'NONE',  ( -2.279477161471895386, -11.23631894132979880, 19.32699977690416659 ) ) ;
#134 = DIRECTION ( 'NONE',  ( 0.7071067811888225307, -0.7071067811842726147, 0.000000000000000000 ) ) ;
#135 = FACE_OUTER_BOUND ( 'NONE', #973, .T. ) ;
#136 = DIRECTION ( 'NONE',  ( 0.000000000000000000, 0.000000000000000000, 1.000000000000000000 ) ) ;
#137 = FACE_OUTER_BOUND ( 'NONE', #5435, .T. ) ;
#138 = CARTESIAN_POINT ( 'NONE',  ( 2.046284289642876786, -11.04890232993771804, 0.5552507548494161060 ) ) ;
#139 = ORIENTED_EDGE ( 'NONE', *, *, #4355, .F. ) ;
#140 = ADVANCED_FACE ( 'NONE', ( #6119 ), #6294, .T. ) ;
#141 = ORIENTED_EDGE ( 'NONE', *, *, #6759, .T. ) ;
#142 = ADVANCED_FACE ( 'NONE', ( #5607 ), #4425, .F. ) ;
#143 = ORIENTED_EDGE ( 'NONE', *, *, #6759, .F. ) ;
#144 = B_SPLINE_CURVE_WITH_KNOTS ( 'NONE', 3,
 ( #6099, #824, #4920, #1369, #3772, #785, #6815, #1414, #5624, #3967, #898, #6893, #7603, #2195 ),
 .UNSPECIFIED., .F., .F.,
 ( 4, 2, 2, 2, 2, 2, 4 ),
 ( 1.147521873964136111E-15, 0.0003262868985213664814, 0.0006525737970415854431, 0.001305147594082049171, 0.001631434492602282715, 0.001957721391122516259, 0.002610295188162985083 ),
 .UNSPECIFIED. ) ;
#145 = DIRECTION ( 'NONE',  ( 1.000000000000000000, 0.000000000000000000, 0.000000000000000000 ) ) ;
#146 = CARTESIAN_POINT ( 'NONE',  ( 2.773502768354804360, -10.97135849358335591, 210.7598437927571524 ) ) ;
#147 = FACE_OUTER_BOUND ( 'NONE', #1002, .T. ) ;
#148 = CARTESIAN_POINT ( 'NONE',  ( 2.636527812943393556, -10.98327916099307622, 19.33673613656217327 ) ) ;
#149 = AXIS2_PLACEMENT_3D ( 'NONE', #5066, #5611, #6879 ) ;
#150 = EDGE_LOOP ( 'NONE', ( #2137, #6975, #19 ) ) ;
#151 = EDGE_CURVE ( 'NONE', #1246, #4353, #4432, .T. ) ;
#152 = ORIENTED_EDGE ( 'NONE', *, *, #7657, .F. ) ;
#153 = CARTESIAN_POINT ( 'NONE',  ( 4.000000000000000000, -8.062257748298547355, 210.0000000000000284 ) ) ;
#154 = DIRECTION ( 'NONE',  ( 1.000000000000000000, 0.000000000000000000, 0.000000000000000000 ) ) ;
#155 = CARTESIAN_POINT ( 'NONE',  ( -23.50000000000000000, 22.50000000000000000, 211.5000000000000284 ) ) ;
#156 = CARTESIAN_POINT ( 'NONE',  ( 2.259146911796279245, -11.21641735621401992, 19.44716065125336613 ) ) ;
#157 = LINE ( 'NONE', #2567, #7452 ) ;
#158 = VERTEX_POINT ( 'NONE', #6788 ) ;
#159 = ORIENTED_EDGE ( 'NONE', *, *, #6584, .F. ) ;
#160 = ORIENTED_EDGE ( 'NONE', *, *, #6254, .T. ) ;
#161 = CARTESIAN_POINT ( 'NONE',  ( 0.000000000000000000, 13.72641929943638139, 228.5000000000000000 ) ) ;
#162 = CARTESIAN_POINT ( 'NONE',  ( -2.504235817866907965, -11.08226175272302605, 210.7053411673360301 ) ) ;
#163 = CARTESIAN_POINT ( 'NONE',  ( -1.782714387562698510, -11.50000000000000355, 18.71948531588096998 ) ) ;
#164 = CARTESIAN_POINT ( 'NONE',  ( 1.009818097978506080, -10.02945429393547982, 1.372575684203778725E-15 ) ) ;
#165 = DIRECTION ( 'NONE',  ( 0.000000000000000000, -1.000000000000000000, 0.000000000000000000 ) ) ;
#166 = EDGE_CURVE ( 'NONE', #1533, #3289, #2848, .T. ) ;
#167 = SPHERICAL_SURFACE ( 'NONE', #273, 1.500000000000000000 ) ;
#168 = EDGE_CURVE ( 'NONE', #6494, #3708, #6195, .T. ) ;
#169 =( BOUNDED_SURFACE ( )  B_SPLINE_SURFACE ( 3, 2, ( 
 ( #4154, #7713, #2898 ),
 ( #4707, #7754, #4746 ),
 ( #5307, #3483, #1050 ),
 ( #2233, #576, #1755 ),
 ( #2346, #538, #3414 ),
 ( #1164, #1641, #5932 ),
 ( #7081, #7117, #5269 ),
 ( #7046, #7162, #1604 ),
 ( #2974, #6571, #1712 ),
 ( #2821, #4668, #7011 ),
 ( #5973, #4116, #5384 ),
 ( #4004, #4038, #3562 ) ),
 .UNSPECIFIED., .F., .F., .T. ) 
 B_SPLINE_SURFACE_WITH_KNOTS ( ( 4, 2, 2, 2, 2, 4 ),
 ( 3, 3 ),
 ( 0.002957029567392991873, 0.003121725431393620586, 0.003286421295394249299, 0.003615813023395507159, 0.003945204751396765019, 0.004274596479398022446 ),
 ( 0.2598999392497353678, 1.000000000000000000 ),
 .UNSPECIFIED. ) 
 GEOMETRIC_REPRESENTATION_ITEM ( )  RATIONAL_B_SPLINE_SURFACE ( (
 ( 0.9725711054347678797, 0.9472318180519543329, 1.000000000000000000),
 ( 0.9726012385401641147, 0.9472897886414881619, 1.000000000000000000),
 ( 0.9712504065870339875, 0.9446910347575327993, 1.000000000000000000),
 ( 0.9666237240686655907, 0.9357901428763639728, 1.000000000000000000),
 ( 0.9633939221837316547, 0.9295765941270692778, 1.000000000000000000),
 ( 0.9523629943161388001, 0.9083551042347739468, 1.000000000000000000),
 ( 0.9433607311027677467, 0.8910363945048711543, 1.000000000000000000),
 ( 0.9257950062262156887, 0.8572431490596053028, 1.000000000000000000),
 ( 0.9171597489129469372, 0.8406304916303719565, 1.000000000000000000),
 ( 0.9012890503652115637, 0.8100981671643681103, 1.000000000000000000),
 ( 0.8939857501050003652, 0.7960479517597511823, 1.000000000000000000),
 ( 0.8873228300962341386, 0.7832297109629267062, 1.000000000000000000) ) ) 
 REPRESENTATION_ITEM ( '' )  SURFACE ( )  );
#170 = AXIS2_PLACEMENT_3D ( 'NONE', #2613, #2142, #7544 ) ;
#171 = CIRCLE ( 'NONE', #3695, 1.000000000000000000 ) ;
#172 = CARTESIAN_POINT ( 'NONE',  ( -2.373361218395031891, -11.32704250712675709, 228.4999999999989768 ) ) ;
#173 = CARTESIAN_POINT ( 'NONE',  ( 16.66532048819021838, 12.22641929943638495, 1.500000000000001332 ) ) ;
#174 = CARTESIAN_POINT ( 'NONE',  ( -23.50000000000000000, 20.99999999999999645, 230.0000000000000000 ) ) ;
#175 = CARTESIAN_POINT ( 'NONE',  ( 2.833383111502023599, -11.07308435764200105, 211.0432428704776839 ) ) ;
#176 = DIRECTION ( 'NONE',  ( 1.000000000000000000, 0.000000000000000000, 0.000000000000000000 ) ) ;
#177 = CYLINDRICAL_SURFACE ( 'NONE', #3398, 1.499999999999999556 ) ;
#178 = ORIENTED_EDGE ( 'NONE', *, *, #6448, .F. ) ;
#179 = CARTESIAN_POINT ( 'NONE',  ( 2.047747407037880940, -11.43262048353844484, 1.027164250220293784 ) ) ;
#180 = ORIENTED_EDGE ( 'NONE', *, *, #7669, .T. ) ;
#181 = EDGE_LOOP ( 'NONE', ( #4434, #7372, #4740, #5551 ) ) ;
#182 = DIRECTION ( 'NONE',  ( -0.000000000000000000, -0.000000000000000000, 1.000000000000000000 ) ) ;
#183 = CARTESIAN_POINT ( 'NONE',  ( 1.009818097978028906, -10.02945429393414400, 230.0000000000000000 ) ) ;
#184 = CARTESIAN_POINT ( 'NONE',  ( 2.787863986875826150, -10.98281797208793797, 210.7950832890091988 ) ) ;
#185 = CARTESIAN_POINT ( 'NONE',  ( 3.278343447525499332, -10.70710422619805868, 210.5776539957818443 ) ) ;
#186 = CARTESIAN_POINT ( 'NONE',  ( 2.260154475253753237, -11.15603195550176174, 210.3102817342443700 ) ) ;
#187 = CARTESIAN_POINT ( 'NONE',  ( 2.578519906406967266, -7.762847428756836088, 208.9890374867622711 ) ) ;
#188 = CARTESIAN_POINT ( 'NONE',  ( 2.266185947036686965, -11.15583341591726452, 19.68270899777823502 ) ) ;
#189 = ORIENTED_EDGE ( 'NONE', *, *, #5070, .F. ) ;
#190 = CARTESIAN_POINT ( 'NONE',  ( 2.500000000000000444, -7.100469468046931354, 208.5000000000000568 ) ) ;
#191 = DIRECTION ( 'NONE',  ( 0.000000000000000000, -1.000000000000000000, 0.000000000000000000 ) ) ;
#192 = DIRECTION ( 'NONE',  ( 0.000000000000000000, 0.000000000000000000, 1.000000000000000000 ) ) ;
#193 = CARTESIAN_POINT ( 'NONE',  ( 2.831197864330277092, -11.07649907275486889, 211.0518883567560522 ) ) ;
#194 = CARTESIAN_POINT ( 'NONE',  ( -2.913626296284715256, -10.97007306887226008, 19.15299543975615393 ) ) ;
#195 = CARTESIAN_POINT ( 'NONE',  ( -2.505398016343779677, -11.08328540487770297, 210.7097533337505695 ) ) ;
#196 = EDGE_LOOP ( 'NONE', ( #5544, #4471, #1972, #4850 ) ) ;
#197 = ORIENTED_EDGE ( 'NONE', *, *, #3462, .T. ) ;
#198 = CARTESIAN_POINT ( 'NONE',  ( 1.064573262633532691, -9.977462227845572684, 0.0003875468415109132583 ) ) ;
#199 = AXIS2_PLACEMENT_3D ( 'NONE', #4053, #4170, #5839 ) ;
#200 = CARTESIAN_POINT ( 'NONE',  ( -2.583638525861940760, -10.99814577810286842, 210.6043387338520745 ) ) ;
#201 = CARTESIAN_POINT ( 'NONE',  ( -6.428571428571426161, 3.863090652282850535, 230.0000000000000000 ) ) ;
#202 = CARTESIAN_POINT ( 'NONE',  ( 23.50000000000000000, 20.99999999999999645, 211.5000000000000284 ) ) ;
#203 = CARTESIAN_POINT ( 'NONE',  ( 1.976448900309847101, -10.97991752356215933, 0.4673596612207708834 ) ) ;
#204 = DIRECTION ( 'NONE',  ( 0.000000000000000000, -0.3892511550591710723, -0.9211316617536828844 ) ) ;
#205 = DIRECTION ( 'NONE',  ( 0.000000000000000000, -0.000000000000000000, 1.000000000000000000 ) ) ;
#206 = CARTESIAN_POINT ( 'NONE',  ( -1.644189262243498373, -10.92830797641393836, 229.6917494221805214 ) ) ;
#207 = CARTESIAN_POINT ( 'NONE',  ( 2.141150822875797388, -11.50000000000006395, 19.71705185630758805 ) ) ;
#208 = AXIS2_PLACEMENT_3D ( 'NONE', #6911, #5092, #7502 ) ;
#209 = AXIS2_PLACEMENT_3D ( 'NONE', #107, #67, #4839 ) ;
#210 = DIRECTION ( 'NONE',  ( 1.000000000000000000, 3.469446951953614189E-16, -0.000000000000000000 ) ) ;
#211 = DIRECTION ( 'NONE',  ( 0.000000000000000000, 0.000000000000000000, 1.000000000000000000 ) ) ;
#212 = CARTESIAN_POINT ( 'NONE',  ( 1.068190624926751431, -10.01136510415444469, -1.499224906316978911 ) ) ;
#213 = DIRECTION ( 'NONE',  ( 0.000000000000000000, 0.000000000000000000, 1.000000000000000000 ) ) ;
#214 = EDGE_LOOP ( 'NONE', ( #444, #2979, #3840, #2016, #2883, #4971 ) ) ;
#215 = CARTESIAN_POINT ( 'NONE',  ( 1.779440483285391839, -11.46420346505628629, 1.168750611212164836 ) ) ;
#216 = VECTOR ( 'NONE', #4717, 1000.000000000000000 ) ;
#217 = VERTEX_POINT ( 'NONE', #2771 ) ;
#218 = EDGE_LOOP ( 'NONE', ( #4690, #621, #3528, #5756 ) ) ;
#219 = CARTESIAN_POINT ( 'NONE',  ( 2.256618343605131027, -10.99012190796806721, 229.3827413263432504 ) ) ;
#220 = CARTESIAN_POINT ( 'NONE',  ( 1.498210162575778659, -10.26883312444274310, 229.9539553068253497 ) ) ;
#221 = CARTESIAN_POINT ( 'NONE',  ( 2.842311482110229104, -10.96779222470982873, 210.8045878903371033 ) ) ;
#222 = CARTESIAN_POINT ( 'NONE',  ( 2.633541991908106450, -10.34360516249830297, 210.0523351720817402 ) ) ;
#223 = DIRECTION ( 'NONE',  ( 0.000000000000000000, 0.000000000000000000, -1.000000000000000000 ) ) ;
#224 = CARTESIAN_POINT ( 'NONE',  ( 2.500000000000000888, -7.745966692414834043, 208.6001203432822706 ) ) ;
#225 = CARTESIAN_POINT ( 'NONE',  ( 2.329680313935015068, -11.16766459140222700, 19.40372080433214919 ) ) ;
#226 = ORIENTED_EDGE ( 'NONE', *, *, #5521, .T. ) ;
#227 = B_SPLINE_CURVE_WITH_KNOTS ( 'NONE', 3,
 ( #7156, #3557, #1120, #4741, #1277, #3680, #5379, #1160 ),
 .UNSPECIFIED., .F., .F.,
 ( 4, 2, 2, 4 ),
 ( 0.000000000000000000, 0.0001792380982800408919, 0.0003584761965600817839, 0.0007169523931201632425 ),
 .UNSPECIFIED. ) ;
#228 = VECTOR ( 'NONE', #6255, 1000.000000000000000 ) ;
#229 = EDGE_CURVE ( 'NONE', #5798, #1847, #2797, .T. ) ;
#230 = CARTESIAN_POINT ( 'NONE',  ( 4.000000000000000000, -8.062257748298547355, 210.0000000000000284 ) ) ;
#231 = ADVANCED_FACE ( 'NONE', ( #5849 ), #7628, .T. ) ;
#232 = CIRCLE ( 'NONE', #4634, 10.00000000000000000 ) ;
#233 = CARTESIAN_POINT ( 'NONE',  ( -2.499999999999998224, -9.165151389911684987, 208.5000000000000284 ) ) ;
#234 = EDGE_CURVE ( 'NONE', #7698, #3185, #3053, .T. ) ;
#235 = CARTESIAN_POINT ( 'NONE',  ( 1.120722134059872976, -10.00775315809240418, 0.001648733204141461864 ) ) ;
#236 = CARTESIAN_POINT ( 'NONE',  ( 2.549432088023428467, -11.21644525653143276, 211.3768468315130917 ) ) ;
#237 = CARTESIAN_POINT ( 'NONE',  ( -1.058049245279131023, -10.03574390909796499, 0.001151369758736179964 ) ) ;
#238 = CARTESIAN_POINT ( 'NONE',  ( -2.782971118821111478, -11.00133268483611459, 210.8281147425769291 ) ) ;
#239 = AXIS2_PLACEMENT_3D ( 'NONE', #2700, #2028, #5102 ) ;
#240 = ORIENTED_EDGE ( 'NONE', *, *, #1680, .F. ) ;
#241 = ORIENTED_EDGE ( 'NONE', *, *, #2136, .T. ) ;
#242 = CARTESIAN_POINT ( 'NONE',  ( -2.449006372862009506, -10.82416839589341606, 209.2156971293215690 ) ) ;
#243 = CARTESIAN_POINT ( 'NONE',  ( -2.228587631378737832, -11.21149022291100650, 210.4297319855297985 ) ) ;
#244 = DIRECTION ( 'NONE',  ( 0.000000000000000000, 0.000000000000000000, 1.000000000000000000 ) ) ;
#245 = DIRECTION ( 'NONE',  ( 1.209741371404878502E-16, -0.000000000000000000, 1.000000000000000000 ) ) ;
#246 = CARTESIAN_POINT ( 'NONE',  ( -1.029437251530014086, -10.08831175456560381, 229.9973980880198496 ) ) ;
#247 = DIRECTION ( 'NONE',  ( -0.000000000000000000, -0.000000000000000000, -1.000000000000000000 ) ) ;
#248 = AXIS2_PLACEMENT_3D ( 'NONE', #6993, #4499, #405 ) ;
#249 = DIRECTION ( 'NONE',  ( -1.000000000000000000, 0.000000000000000000, 0.000000000000000000 ) ) ;
#250 = EDGE_LOOP ( 'NONE', ( #5310, #643, #6750, #3617 ) ) ;
#251 = ADVANCED_FACE ( 'NONE', ( #5258 ), #1076, .T. ) ;
#252 = CARTESIAN_POINT ( 'NONE',  ( -1.052532933360843082, -10.06529612703839938, 229.9987554761878243 ) ) ;
#253 = DIRECTION ( 'NONE',  ( 0.000000000000000000, 0.000000000000000000, -1.000000000000000000 ) ) ;
#254 = CYLINDRICAL_SURFACE ( 'NONE', #1877, 1.000000000000000000 ) ;
#255 = CARTESIAN_POINT ( 'NONE',  ( 2.913626296308031272, -10.97007306885249456, 210.8470045602167318 ) ) ;
#256 = CARTESIAN_POINT ( 'NONE',  ( 1.216127480640365022, -10.49329191130788885, 229.9187526576117193 ) ) ;
#257 = CARTESIAN_POINT ( 'NONE',  ( 2.500000000000001332, -9.627835644774251023, 208.5000000000000284 ) ) ;
#258 = ORIENTED_EDGE ( 'NONE', *, *, #1020, .T. ) ;
#259 = CARTESIAN_POINT ( 'NONE',  ( 1.563319643533790382, -11.13288284315398613, 229.4875439042284029 ) ) ;
#260 = VERTEX_POINT ( 'NONE', #5785 ) ;
#261 = CARTESIAN_POINT ( 'NONE',  ( 2.551489350386137556, -10.99940602575598092, 229.2693101725152758 ) ) ;
#262 = CARTESIAN_POINT ( 'NONE',  ( -2.900477457678888538, -10.98390296527263921, 210.8681080537539003 ) ) ;
#263 = CARTESIAN_POINT ( 'NONE',  ( 2.608992073530142619, -11.02343753860753672, 210.7073548327968524 ) ) ;
#264 = FACE_BOUND ( 'NONE', #5799, .T. ) ;
#265 = DIRECTION ( 'NONE',  ( -1.000000000000000000, 0.000000000000000000, -1.232566680299310083E-16 ) ) ;
#266 = CARTESIAN_POINT ( 'NONE',  ( 2.548967478572889966, -7.756496795787900744, 208.8928199751942145 ) ) ;
#267 = CARTESIAN_POINT ( 'NONE',  ( 2.370931155840192872, -11.13397196253409227, 19.40866237006290973 ) ) ;
#268 = ORIENTED_EDGE ( 'NONE', *, *, #2550, .T. ) ;
#269 = CIRCLE ( 'NONE', #527, 1.500000000000000000 ) ;
#270 = CARTESIAN_POINT ( 'NONE',  ( -2.179697464370800919, -11.16017449621624102, 0.7403570402644481518 ) ) ;
#271 = DIRECTION ( 'NONE',  ( -1.000000000000000000, 0.000000000000000000, 0.000000000000000000 ) ) ;
#272 = FACE_OUTER_BOUND ( 'NONE', #4582, .T. ) ;
#273 = AXIS2_PLACEMENT_3D ( 'NONE', #2693, #2618, #5728 ) ;
#274 = DIRECTION ( 'NONE',  ( -0.6685448414142202145, -0.7436718328795540733, 0.000000000000000000 ) ) ;
#275 = CARTESIAN_POINT ( 'NONE',  ( 16.66532048819021838, 13.72641929943638139, 230.0000000000000000 ) ) ;
#276 = ADVANCED_FACE ( 'NONE', ( #383 ), #6416, .T. ) ;
#277 = ORIENTED_EDGE ( 'NONE', *, *, #3592, .T. ) ;
#278 = ORIENTED_EDGE ( 'NONE', *, *, #3666, .T. ) ;
#279 = ORIENTED_EDGE ( 'NONE', *, *, #4907, .T. ) ;
#280 = CARTESIAN_POINT ( 'NONE',  ( -2.197954861054543407, -11.21631229875929137, 210.2437260817072513 ) ) ;
#281 = DIRECTION ( 'NONE',  ( 1.000000000000000000, 0.000000000000000000, 0.000000000000000000 ) ) ;
#282 = DIRECTION ( 'NONE',  ( 0.000000000000000000, 0.000000000000000000, 1.000000000000000000 ) ) ;
#283 = CARTESIAN_POINT ( 'NONE',  ( -2.282251041487582288, -11.19976076620753425, 19.43208722755288420 ) ) ;
#284 = ADVANCED_FACE ( 'NONE', ( #1529 ), #3369, .F. ) ;
#285 = CARTESIAN_POINT ( 'NONE',  ( -23.50000000000000000, 13.72641929943638139, 18.49999999999998934 ) ) ;
#286 = ORIENTED_EDGE ( 'NONE', *, *, #6305, .T. ) ;
#287 = CARTESIAN_POINT ( 'NONE',  ( -2.270494452820659870, -11.24066665504226670, 229.0528252182620861 ) ) ;
#288 = DIRECTION ( 'NONE',  ( 0.000000000000000000, 0.000000000000000000, -1.000000000000000000 ) ) ;
#289 = LINE ( 'NONE', #2580, #3264 ) ;
#290 = CARTESIAN_POINT ( 'NONE',  ( 2.783601829262494221, -11.15802674562695529, 211.5000000000000284 ) ) ;
#291 = CARTESIAN_POINT ( 'NONE',  ( 1.644430604308685817, -10.92836781880654229, 229.6917250215951753 ) ) ;
#292 = CARTESIAN_POINT ( 'NONE',  ( 1.061418759031723225, -10.18425627708445980, 0.008260413344881336467 ) ) ;
#293 = ORIENTED_EDGE ( 'NONE', *, *, #6212, .T. ) ;
#294 = CARTESIAN_POINT ( 'NONE',  ( 1.368642392303133226, -10.78455706712929540, 229.7913125722814982 ) ) ;
#295 = CIRCLE ( 'NONE', #1430, 11.50000000000000000 ) ;
#296 = VECTOR ( 'NONE', #4640, 1000.000000000000000 ) ;
#297 = VERTEX_POINT ( 'NONE', #5194 ) ;
#298 = CARTESIAN_POINT ( 'NONE',  ( -2.783601829262469352, -11.15802674562696239, 19.99999999999998934 ) ) ;
#299 = AXIS2_PLACEMENT_3D ( 'NONE', #1078, #3332, #4621 ) ;
#300 = TOROIDAL_SURFACE ( 'NONE', #935, 2.000000000000000000, 1.500000000000000000 ) ;
#301 = CARTESIAN_POINT ( 'NONE',  ( 1.811221830515602926, -10.49999999999999645, 211.5000000000000284 ) ) ;
#302 = CARTESIAN_POINT ( 'NONE',  ( 2.464559615572986306, -11.05004525734515752, 210.5449128390790463 ) ) ;
#303 = CARTESIAN_POINT ( 'NONE',  ( -2.499999999999997780, -11.50000000000000000, 228.5000000000000000 ) ) ;
#304 = CARTESIAN_POINT ( 'NONE',  ( 0.000000000000000000, 12.22641929943638317, 210.0000000000000284 ) ) ;
#305 = CARTESIAN_POINT ( 'NONE',  ( 3.277038410146894787, -10.70676497895354373, 210.5783513756627201 ) ) ;
#306 = ORIENTED_EDGE ( 'NONE', *, *, #4945, .F. ) ;
#307 = CARTESIAN_POINT ( 'NONE',  ( -2.069750779352180103, -11.45465662662055450, 1.102035084147950705 ) ) ;
#308 = CARTESIAN_POINT ( 'NONE',  ( 2.549432087468764152, -11.21644525695424655, 18.62344783702286932 ) ) ;
#309 = CARTESIAN_POINT ( 'NONE',  ( 3.088235294117648078, -6.834676493307207501, 208.5000000000000284 ) ) ;
#310 = CARTESIAN_POINT ( 'NONE',  ( -1.034095312463359839, -10.01136510415445358, 0.0003875468415114394216 ) ) ;
#311 = VERTEX_POINT ( 'NONE', #6379 ) ;
#312 = SURFACE_SIDE_STYLE ('',( #2135 ) ) ;
#313 = ORIENTED_EDGE ( 'NONE', *, *, #1680, .T. ) ;
#314 = DIRECTION ( 'NONE',  ( 0.000000000000000000, 0.000000000000000000, -1.000000000000000000 ) ) ;
#315 = CARTESIAN_POINT ( 'NONE',  ( -2.217126168987560320, -11.21084157883763943, 210.3726492111145774 ) ) ;
#316 = EDGE_CURVE ( 'NONE', #2046, #1572, #7240, .T. ) ;
#317 = CARTESIAN_POINT ( 'NONE',  ( -2.751607264790689733, -10.96682774772776803, 210.7247126443764955 ) ) ;
#318 = FACE_OUTER_BOUND ( 'NONE', #724, .T. ) ;
#319 = CARTESIAN_POINT ( 'NONE',  ( -2.900242309909060179, -10.98416488702074467, 210.8685243562083542 ) ) ;
#320 = CARTESIAN_POINT ( 'NONE',  ( -2.258034924651385555, -11.21685947483813095, 19.44908365833272867 ) ) ;
#321 = CARTESIAN_POINT ( 'NONE',  ( 1.029437251530376685, -10.08831175456587204, 0.002601911980153248215 ) ) ;
#322 = ORIENTED_EDGE ( 'NONE', *, *, #817, .T. ) ;
#323 = EDGE_CURVE ( 'NONE', #7779, #6533, #664, .T. ) ;
#324 = CARTESIAN_POINT ( 'NONE',  ( -1.617846925917600043, -11.22482530854459348, 229.3709372225091556 ) ) ;
#325 = CARTESIAN_POINT ( 'NONE',  ( 23.50000000000000000, 13.72641929943638139, 18.49999999999998934 ) ) ;
#326 = FACE_OUTER_BOUND ( 'NONE', #4490, .T. ) ;
#327 = VECTOR ( 'NONE', #2150, 1000.000000000000000 ) ;
#328 = CARTESIAN_POINT ( 'NONE',  ( -7.714285714285710860, 4.635708782739420108, 210.0000000000000284 ) ) ;
#329 = CARTESIAN_POINT ( 'NONE',  ( 1.811221830515585607, -11.50000000000000000, 1.297229890894872284 ) ) ;
#330 = ORIENTED_EDGE ( 'NONE', *, *, #92, .T. ) ;
#331 = CARTESIAN_POINT ( 'NONE',  ( 1.329908669644986441, -10.71182173067419896, 0.1703160019737149922 ) ) ;
#332 = CIRCLE ( 'NONE', #4732, 0.5000000000000002220 ) ;
#333 = AXIS2_PLACEMENT_3D ( 'NONE', #5788, #386, #2787 ) ;
#334 = EDGE_CURVE ( 'NONE', #6439, #1258, #3804, .T. ) ;
#335 = ORIENTED_EDGE ( 'NONE', *, *, #2359, .F. ) ;
#336 = CARTESIAN_POINT ( 'NONE',  ( -3.460811076901936012, -7.353324709989589536, 20.26477338514223092 ) ) ;
#337 = FACE_OUTER_BOUND ( 'NONE', #741, .T. ) ;
#338 = CARTESIAN_POINT ( 'NONE',  ( 1.000000000000001554, -9.949874371066199430, 230.0000000000000000 ) ) ;
#339 = CARTESIAN_POINT ( 'NONE',  ( 5.500000000000023093, 23.00000000000000000, 21.49999999999999289 ) ) ;
#340 = CARTESIAN_POINT ( 'NONE',  ( -23.50000000000000000, 20.99999999999999645, 18.49999999999998934 ) ) ;
#341 = CIRCLE ( 'NONE', #847, 0.5000000000000002220 ) ;
#342 = CARTESIAN_POINT ( 'NONE',  ( 3.255652307018479963, -7.906904343120010559, 209.8059248560250865 ) ) ;
#343 = ORIENTED_EDGE ( 'NONE', *, *, #514, .F. ) ;
#344 = B_SPLINE_CURVE_WITH_KNOTS ( 'NONE', 3,
 ( #5094, #4380, #6236, #7504, #6952, #7467, #956, #5767, #1470, #5642, #2060, #6277, #359, #4457 ),
 .UNSPECIFIED., .F., .F.,
 ( 4, 2, 2, 1, 1, 2, 2, 4 ),
 ( 0.000000000000000000, 0.2499999999999034661, 0.3749999999998547828, 0.4374999999998048228, 0.4687499999997786215, 0.4843749999997905564, 0.4999999999998024358, 1.000000000000000000 ),
 .UNSPECIFIED. ) ;
#345 = CIRCLE ( 'NONE', #3992, 1.499999999999999334 ) ;
#346 = CARTESIAN_POINT ( 'NONE',  ( -2.048024435307540969, -11.43261701924981288, 1.027118342491271985 ) ) ;
#347 = ADVANCED_FACE ( 'NONE', ( #7009 ), #1419, .F. ) ;
#348 =( BOUNDED_SURFACE ( )  B_SPLINE_SURFACE ( 3, 2, ( 
 ( #5673, #4448, #2679 ),
 ( #7612, #6861, #6227 ),
 ( #5633, #5202, #6354 ),
 ( #7455, #1461, #3936 ) ),
 .UNSPECIFIED., .F., .F., .F. ) 
 B_SPLINE_SURFACE_WITH_KNOTS ( ( 4, 4 ),
 ( 3, 3 ),
 ( 0.000000000000000000, 0.001361190766769735999 ),
 ( 0.000000000000000000, 1.000000000000000000 ),
 .UNSPECIFIED. ) 
 GEOMETRIC_REPRESENTATION_ITEM ( )  RATIONAL_B_SPLINE_SURFACE ( (
 ( 1.000000000000000000, 0.7071067811865475727, 1.000000000000000000),
 ( 1.000000000000000000, 0.7270707519103182248, 1.000000000000000000),
 ( 1.000000000000000000, 0.7432666295297764014, 1.000000000000000000),
 ( 1.000000000000000000, 0.7571929217049115923, 1.000000000000000000) ) ) 
 REPRESENTATION_ITEM ( '' )  SURFACE ( )  );
#349 = CARTESIAN_POINT ( 'NONE',  ( 2.549432087221446874, -11.21644525789292146, 18.49999999999998224 ) ) ;
#350 = CARTESIAN_POINT ( 'NONE',  ( -2.285202617695617722, -10.81593980237802555, 229.5708108882687952 ) ) ;
#351 = LINE ( 'NONE', #5162, #550 ) ;
#352 = CARTESIAN_POINT ( 'NONE',  ( -2.816624614324907849, -11.10038341658408712, 211.1201506944311461 ) ) ;
#353 = EDGE_LOOP ( 'NONE', ( #1953 ) ) ;
#354 = FILL_AREA_STYLE_COLOUR ( '', #1371 ) ;
#355 = ORIENTED_EDGE ( 'NONE', *, *, #5687, .T. ) ;
#356 = CYLINDRICAL_SURFACE ( 'NONE', #6504, 1.500000000000001332 ) ;
#357 = CARTESIAN_POINT ( 'NONE',  ( -2.208064806851298467, -11.21130792654615327, 210.3225221711145139 ) ) ;
#358 = CARTESIAN_POINT ( 'NONE',  ( -2.881128787754332343, -10.96672744601643679, 210.8227490213512567 ) ) ;
#359 = CARTESIAN_POINT ( 'NONE',  ( -2.740269685622979789, -10.95450786802565801, 210.7259787286062647 ) ) ;
#360 = LINE ( 'NONE', #2690, #5407 ) ;
#361 = CARTESIAN_POINT ( 'NONE',  ( -5.500000000000023093, 3.500000000000000000, 21.49999999999999289 ) ) ;
#362 = CIRCLE ( 'NONE', #4759, 1.000000000000000000 ) ;
#363 = CARTESIAN_POINT ( 'NONE',  ( 4.000000000000022204, 3.000000000000000000, 20.49999999999998934 ) ) ;
#364 = EDGE_LOOP ( 'NONE', ( #7740, #3248, #7443, #1365 ) ) ;
#365 = VERTEX_POINT ( 'NONE', #5227 ) ;
#366 = ADVANCED_FACE ( 'NONE', ( #5971 ), #6847, .F. ) ;
#367 = CARTESIAN_POINT ( 'NONE',  ( 2.252793504132490909, -11.21396564908223326, 210.5252407341711773 ) ) ;
#368 = CARTESIAN_POINT ( 'NONE',  ( 0.000000000000000000, 0.000000000000000000, 208.5000000000000284 ) ) ;
#369 = AXIS2_PLACEMENT_3D ( 'NONE', #7257, #1695, #2326 ) ;
#370 = CARTESIAN_POINT ( 'NONE',  ( 1.064573262633268902, -9.977462227845729004, 229.9996124531585053 ) ) ;
#371 = DIRECTION ( 'NONE',  ( -1.000000000000000000, 0.000000000000000000, 0.000000000000000000 ) ) ;
#372 = CARTESIAN_POINT ( 'NONE',  ( -3.095024541772078752, -6.844361268732559012, 208.7144355674365670 ) ) ;
#373 = ORIENTED_EDGE ( 'NONE', *, *, #3084, .F. ) ;
#374 = ADVANCED_FACE ( 'NONE', ( #4865 ), #4782, .F. ) ;
#375 = DIRECTION ( 'NONE',  ( 1.000000000000000000, 0.000000000000000000, -0.000000000000000000 ) ) ;
#376 = ADVANCED_FACE ( 'NONE', ( #1280 ), #4551, .T. ) ;
#377 = ADVANCED_FACE ( 'NONE', ( #3682 ), #2857, .F. ) ;
#378 = CIRCLE ( 'NONE', #1259, 7.716029316036113528 ) ;
#379 = ORIENTED_EDGE ( 'NONE', *, *, #4654, .F. ) ;
#380 = CARTESIAN_POINT ( 'NONE',  ( -3.999999999999998224, -8.062257748298549132, 19.99999999999998934 ) ) ;
#381 = AXIS2_PLACEMENT_3D ( 'NONE', #5968, #4591, #1635 ) ;
#382 = CARTESIAN_POINT ( 'NONE',  ( -2.927730082975513071, -10.95940680189241512, 210.8333716565537941 ) ) ;
#383 = FACE_OUTER_BOUND ( 'NONE', #7305, .T. ) ;
#384 = DIRECTION ( 'NONE',  ( 1.000000000000000000, 0.000000000000000000, 0.000000000000000000 ) ) ;
#385 = CARTESIAN_POINT ( 'NONE',  ( -2.257747252451488773, -11.21748840370806555, 19.44788340372884505 ) ) ;
#386 = DIRECTION ( 'NONE',  ( 0.000000000000000000, 1.000000000000000000, 0.000000000000000000 ) ) ;
#387 = ORIENTED_EDGE ( 'NONE', *, *, #7224, .T. ) ;
#388 = UNCERTAINTY_MEASURE_WITH_UNIT (LENGTH_MEASURE( 1.000000000000000082E-05 ), #797, 'distance_accuracy_value', 'NONE');
#389 = EDGE_CURVE ( 'NONE', #1533, #2863, #6327, .T. ) ;
#390 = CARTESIAN_POINT ( 'NONE',  ( -1.651142060468029582, -11.27910158863202206, 0.7097253826125162757 ) ) ;
#391 = DIRECTION ( 'NONE',  ( 0.000000000000000000, 0.000000000000000000, 1.000000000000000000 ) ) ;
#392 = DIRECTION ( 'NONE',  ( 1.000000000000000000, 0.000000000000000000, 0.000000000000000000 ) ) ;
#393 = CARTESIAN_POINT ( 'NONE',  ( -4.000000000000000000, 3.500000000000000000, 209.5000000000000284 ) ) ;
#394 = DIRECTION ( 'NONE',  ( 1.000000000000000000, 0.000000000000000000, 0.000000000000000000 ) ) ;
#395 = ORIENTED_EDGE ( 'NONE', *, *, #2924, .F. ) ;
#396 = TOROIDAL_SURFACE ( 'NONE', #6441, 1.000000000000000000, 0.5000000000000000000 ) ;
#397 = EDGE_CURVE ( 'NONE', #6339, #436, #6022, .T. ) ;
#398 = APPLICATION_PROTOCOL_DEFINITION ( 'draft international standard', 'automotive_design', 1998, #4248 ) ;
#399 = ORIENTED_EDGE ( 'NONE', *, *, #2655, .F. ) ;
#400 = DIRECTION ( 'NONE',  ( -1.000000000000000000, 0.000000000000000000, 0.000000000000000000 ) ) ;
#401 = CARTESIAN_POINT ( 'NONE',  ( -2.201198100450414863, -11.21409265031483748, 210.2721278700573464 ) ) ;
#402 = VECTOR ( 'NONE', #5647, 1000.000000000000000 ) ;
#403 = CARTESIAN_POINT ( 'NONE',  ( -2.846800491167148728, -10.97268360342238402, 210.8131965548097924 ) ) ;
#404 = CARTESIAN_POINT ( 'NONE',  ( 2.544723712029427297E-15, 12.22641929943638850, 210.0000000000000284 ) ) ;
#405 = DIRECTION ( 'NONE',  ( 1.000000000000000000, 0.000000000000000000, 0.000000000000000000 ) ) ;
#406 = CARTESIAN_POINT ( 'NONE',  ( -2.194994261696761040, -11.21901528231920864, 19.77292240502555387 ) ) ;
#407 = DIRECTION ( 'NONE',  ( -0.000000000000000000, 0.000000000000000000, -1.000000000000000000 ) ) ;
#408 = ORIENTED_EDGE ( 'NONE', *, *, #4565, .F. ) ;
#409 = EDGE_LOOP ( 'NONE', ( #6771, #4444, #7663, #7284 ) ) ;
#410 = AXIS2_PLACEMENT_3D ( 'NONE', #7071, #7743, #2332 ) ;
#411 = DIRECTION ( 'NONE',  ( 1.000000000000000000, 0.000000000000000000, 0.000000000000000000 ) ) ;
#412 = CARTESIAN_POINT ( 'NONE',  ( 23.50000000000000000, 20.99999999999999645, 230.0000000000000000 ) ) ;
#413 = ADVANCED_FACE ( 'NONE', ( #6168, #7357 ), #1988, .F. ) ;
#414 = CARTESIAN_POINT ( 'NONE',  ( 16.66532048819021838, 13.72641929943638317, 0.000000000000000000 ) ) ;
#415 = CARTESIAN_POINT ( 'NONE',  ( -3.703499260983084351, -7.877334338721299289, 209.9797709604526403 ) ) ;
#416 = DIRECTION ( 'NONE',  ( -1.000000000000000000, 0.000000000000000000, 0.000000000000000000 ) ) ;
#417 = CARTESIAN_POINT ( 'NONE',  ( 0.000000000000000000, 0.000000000000000000, 1.500000000000001332 ) ) ;
#418 = CARTESIAN_POINT ( 'NONE',  ( -2.957073246022352553, -7.399239093525822319, 20.40311557878494853 ) ) ;
#419 = CYLINDRICAL_SURFACE ( 'NONE', #4253, 1.500000000000001332 ) ;
#420 = CARTESIAN_POINT ( 'NONE',  ( 1.064573262633426776, -9.977462227845519394, 229.9996124531585053 ) ) ;
#421 = CARTESIAN_POINT ( 'NONE',  ( 23.50000000000000000, 0.000000000000000000, 18.49999999999998934 ) ) ;
#422 = FACE_OUTER_BOUND ( 'NONE', #1128, .T. ) ;
#423 = CIRCLE ( 'NONE', #6718, 1.500000000000001332 ) ;
#424 = DIRECTION ( 'NONE',  ( -0.7834037570433415310, 0.6215131160726835580, 0.000000000000000000 ) ) ;
#425 = ORIENTED_EDGE ( 'NONE', *, *, #5734, .F. ) ;
#426 =( BOUNDED_CURVE ( )  B_SPLINE_CURVE ( 3, ( #3913, #3247, #6326, #321 ),
 .UNSPECIFIED., .F., .T. ) 
 B_SPLINE_CURVE_WITH_KNOTS ( ( 4, 4 ),
 ( 1.570796326794896558, 1.629704894871854215 ),
 .UNSPECIFIED. ) 
 CURVE ( )  GEOMETRIC_REPRESENTATION_ITEM ( )  RATIONAL_B_SPLINE_CURVE ( ( 1.000000000000000000, 0.9997108359569726321, 0.9997108359569726321, 1.000000000000000000 ) ) 
 REPRESENTATION_ITEM ( '' )  );
#427 = ORIENTED_EDGE ( 'NONE', *, *, #1768, .T. ) ;
#428 = AXIS2_PLACEMENT_3D ( 'NONE', #3448, #4825, #575 ) ;
#429 = ORIENTED_EDGE ( 'NONE', *, *, #3945, .T. ) ;
#430 = CARTESIAN_POINT ( 'NONE',  ( 2.203587895974329136, -11.21235980004005839, 210.2834647986396419 ) ) ;
#431 = DIRECTION ( 'NONE',  ( 0.6210219805208456734, 0.7827846929776358653, -0.03974700177214447738 ) ) ;
#432 = CARTESIAN_POINT ( 'NONE',  ( -0.9999999999999988898, -10.00000000000000533, 230.0000000000000000 ) ) ;
#433 = FACE_OUTER_BOUND ( 'NONE', #5542, .T. ) ;
#434 = DIRECTION ( 'NONE',  ( -1.000000000000000000, 0.000000000000000000, 0.000000000000000000 ) ) ;
#435 = ORIENTED_EDGE ( 'NONE', *, *, #1669, .T. ) ;
#436 = VERTEX_POINT ( 'NONE', #255 ) ;
#437 = DIRECTION ( 'NONE',  ( 0.000000000000000000, 0.000000000000000000, 1.000000000000000000 ) ) ;
#438 = EDGE_CURVE ( 'NONE', #6533, #5351, #7334, .T. ) ;
#439 = CARTESIAN_POINT ( 'NONE',  ( -2.855039578846133796, -10.95916398014947113, 210.7905653044399514 ) ) ;
#440 = CARTESIAN_POINT ( 'NONE',  ( 2.634593108100499848, -7.188805510159913759, 20.85443406651409148 ) ) ;
#441 = LINE ( 'NONE', #3324, #1888 ) ;
#442 = CARTESIAN_POINT ( 'NONE',  ( -2.258250920924093741, -11.21691279261268370, 19.44825135650225789 ) ) ;
#443 = DIRECTION ( 'NONE',  ( -1.000000000000000000, -0.000000000000000000, -0.000000000000000000 ) ) ;
#444 = ORIENTED_EDGE ( 'NONE', *, *, #3283, .T. ) ;
#445 = ORIENTED_EDGE ( 'NONE', *, *, #4092, .F. ) ;
#446 = DIRECTION ( 'NONE',  ( 0.000000000000000000, -0.000000000000000000, -1.000000000000000000 ) ) ;
#447 = DIRECTION ( 'NONE',  ( 0.000000000000000000, 0.000000000000000000, 1.000000000000000000 ) ) ;
#448 = CARTESIAN_POINT ( 'NONE',  ( -3.581740475918111066, -10.34780944590790241, 210.3353840009966973 ) ) ;
#449 = FACE_OUTER_BOUND ( 'NONE', #516, .T. ) ;
#450 = ORIENTED_EDGE ( 'NONE', *, *, #7433, .F. ) ;
#451 = CARTESIAN_POINT ( 'NONE',  ( -3.805729404807751681, -8.022020926758756332, 20.00951089396729543 ) ) ;
#452 = CIRCLE ( 'NONE', #6757, 2.000000000000000000 ) ;
#453 = CARTESIAN_POINT ( 'NONE',  ( -2.898621228644310044, -10.98410147683025251, 210.8675009480967617 ) ) ;
#454 = CARTESIAN_POINT ( 'NONE',  ( 4.000000000000000888, -10.49999999999998046, 208.7664948248736891 ) ) ;
#455 = VECTOR ( 'NONE', #2811, 1000.000000000000000 ) ;
#456 = CARTESIAN_POINT ( 'NONE',  ( 2.548965644519522566, -7.756496401613079072, 21.10718727323719079 ) ) ;
#457 = CARTESIAN_POINT ( 'NONE',  ( 1.144557568810916193, -10.07052107759188786, 0.005200301955596445778 ) ) ;
#458 = FACE_OUTER_BOUND ( 'NONE', #196, .T. ) ;
#459 = ORIENTED_EDGE ( 'NONE', *, *, #739, .T. ) ;
#460 = AXIS2_PLACEMENT_3D ( 'NONE', #7618, #7060, #1546 ) ;
#461 = ORIENTED_EDGE ( 'NONE', *, *, #5568, .T. ) ;
#462 = ORIENTED_EDGE ( 'NONE', *, *, #1146, .F. ) ;
#463 = CARTESIAN_POINT ( 'NONE',  ( -2.098863573911735170, -11.10073210851707515, 229.3680845128180295 ) ) ;
#464 = AXIS2_PLACEMENT_3D ( 'NONE', #1229, #5956, #2922 ) ;
#465 = B_SPLINE_CURVE_WITH_KNOTS ( 'NONE', 3,
 ( #4778, #732, #4817, #7231, #6118, #4187, #7273, #127 ),
 .UNSPECIFIED., .F., .F.,
 ( 4, 2, 2, 4 ),
 ( 0.000000000000000000, 0.0004546432899255566703, 0.0009092865798511133406, 0.001818573159702226681 ),
 .UNSPECIFIED. ) ;
#466 = CARTESIAN_POINT ( 'NONE',  ( 5.500000000000023093, 3.605551275463993566, 21.49999999999999289 ) ) ;
#467 = CARTESIAN_POINT ( 'NONE',  ( -1.029437251523899199, -10.08831175457170382, 229.9973980880195086 ) ) ;
#468 = VECTOR ( 'NONE', #5746, 1000.000000000000000 ) ;
#469 = DIRECTION ( 'NONE',  ( 0.000000000000000000, 0.000000000000000000, -1.000000000000000000 ) ) ;
#470 = CARTESIAN_POINT ( 'NONE',  ( 1.866094036527843336, -10.52624160273144760, 0.1574288155385900612 ) ) ;
#471 = PRODUCT_RELATED_PRODUCT_CATEGORY ( 'part', '', ( #2895 ) ) ;
#472 = ADVANCED_FACE ( 'NONE', ( #4388 ), #7438, .T. ) ;
#473 = ADVANCED_FACE ( 'NONE', ( #811 ), #1912, .T. ) ;
#474 = ORIENTED_EDGE ( 'NONE', *, *, #4240, .F. ) ;
#475 = CARTESIAN_POINT ( 'NONE',  ( 2.459282996611583894, -10.79139168798000625, 20.84076148710985876 ) ) ;
#476 = DIRECTION ( 'NONE',  ( 1.000000000000000000, 0.000000000000000000, 0.000000000000000000 ) ) ;
#477 = EDGE_CURVE ( 'NONE', #7238, #2236, #2171, .T. ) ;
#478 = CARTESIAN_POINT ( 'NONE',  ( -2.659022055436073728, -11.00736020966315643, 210.7284161511187222 ) ) ;
#479 = CARTESIAN_POINT ( 'NONE',  ( 2.500000000000001332, -7.745966692414834043, 21.49999999999999289 ) ) ;
#480 = DIRECTION ( 'NONE',  ( 1.000000000000000000, 0.000000000000000000, 0.000000000000000000 ) ) ;
#481 = CARTESIAN_POINT ( 'NONE',  ( -2.451928969044476769, -11.04717967320860517, 19.49594895364311142 ) ) ;
#482 = CYLINDRICAL_SURFACE ( 'NONE', #5646, 6.216029316036113528 ) ;
#483 = B_SPLINE_CURVE_WITH_KNOTS ( 'NONE', 3,
 ( #2083, #2044, #6260, #4479, #863, #2674, #4708, #2899, #982, #4117, #2272, #2234, #4669, #1642 ),
 .UNSPECIFIED., .F., .F.,
 ( 4, 2, 2, 2, 2, 2, 4 ),
 ( 0.000000000000000000, 0.0002969020907205296511, 0.0005938041814410593023, 0.001187608362882118821, 0.001484510453602647930, 0.001781412544323177040, 0.002375216725764232872 ),
 .UNSPECIFIED. ) ;
#484 = ORIENTED_EDGE ( 'NONE', *, *, #2559, .T. ) ;
#485 = EDGE_CURVE ( 'NONE', #2273, #5257, #7655, .T. ) ;
#486 = VERTEX_POINT ( 'NONE', #7477 ) ;
#487 = CIRCLE ( 'NONE', #7787, 1.499999999999999112 ) ;
#488 = CARTESIAN_POINT ( 'NONE',  ( 2.220675443529784854, -11.20714796456596574, 210.3702904304352046 ) ) ;
#489 = PRODUCT_DEFINITION_FORMATION_WITH_SPECIFIED_SOURCE ( 'ANY', '', #2895, .NOT_KNOWN. ) ;
#490 = CARTESIAN_POINT ( 'NONE',  ( -2.436102198508999006, -10.85801762941405713, 20.72110517223077508 ) ) ;
#491 = CARTESIAN_POINT ( 'NONE',  ( -2.675686609960181261, -7.783681988503834859, 209.2119630160654822 ) ) ;
#492 = CARTESIAN_POINT ( 'NONE',  ( -2.371863061929023964, -11.04094633664908898, 19.56945809343059040 ) ) ;
#493 = EDGE_CURVE ( 'NONE', #4711, #1019, #2029, .T. ) ;
#494 = VECTOR ( 'NONE', #3138, 1000.000000000000000 ) ;
#495 = ORIENTED_EDGE ( 'NONE', *, *, #6143, .F. ) ;
#496 = FACE_OUTER_BOUND ( 'NONE', #1996, .T. ) ;
#498 = CIRCLE ( 'NONE', #4523, 1.500000000000001332 ) ;
#497 = CARTESIAN_POINT ( 'NONE',  ( -2.923933885066834382, -10.96038962651616799, 210.8332912067668019 ) ) ;
#499 = CARTESIAN_POINT ( 'NONE',  ( 2.848522117315297919, -10.97318435926133695, 210.8186622212992631 ) ) ;
#500 = CARTESIAN_POINT ( 'NONE',  ( 2.509923783029240241, -7.748102792938124317, 21.30131581162663323 ) ) ;
#501 = FACE_OUTER_BOUND ( 'NONE', #6662, .T. ) ;
#502 = DIRECTION ( 'NONE',  ( 0.000000000000000000, 0.000000000000000000, 1.000000000000000000 ) ) ;
#503 = ORIENTED_EDGE ( 'NONE', *, *, #334, .F. ) ;
#504 = AXIS2_PLACEMENT_3D ( 'NONE', #7545, #3356, #3623 ) ;
#505 = CIRCLE ( 'NONE', #4144, 1.500000000000000222 ) ;
#506 = ORIENTED_EDGE ( 'NONE', *, *, #816, .F. ) ;
#507 = ORIENTED_EDGE ( 'NONE', *, *, #1647, .T. ) ;
#508 = CARTESIAN_POINT ( 'NONE',  ( -1.110098955367341711, -10.09638581674802182, 229.9956131236165504 ) ) ;
#509 = FACE_OUTER_BOUND ( 'NONE', #2508, .T. ) ;
#510 = CARTESIAN_POINT ( 'NONE',  ( -2.783601829262493332, -11.15802674562695529, 228.5000000000000000 ) ) ;
#511 = CARTESIAN_POINT ( 'NONE',  ( 2.769980930762680593, -10.96468768161034824, 19.24001433493681645 ) ) ;
#512 = EDGE_CURVE ( 'NONE', #2037, #217, #5561, .T. ) ;
#513 = DIRECTION ( 'NONE',  ( 0.000000000000000000, 0.000000000000000000, 1.000000000000000000 ) ) ;
#514 = EDGE_CURVE ( 'NONE', #2598, #5462, #3923, .T. ) ;
#515 = B_SPLINE_CURVE_WITH_KNOTS ( 'NONE', 3,
 ( #2455, #7264, #4182, #1188, #4261, #603, #5448, #3130, #727, #7269, #3089, #3750, #4299, #1903 ),
 .UNSPECIFIED., .F., .F.,
 ( 4, 2, 2, 2, 2, 2, 4 ),
 ( 0.000000000000000000, 0.0003235835927569906899, 0.0006471671855139813799, 0.001294334371027962760, 0.001941501556541944031, 0.002265085149298947352, 0.002588668742055950673 ),
 .UNSPECIFIED. ) ;
#516 = EDGE_LOOP ( 'NONE', ( #3183, #69, #1890, #5293 ) ) ;
#517 = CARTESIAN_POINT ( 'NONE',  ( -1.499999999999997335, -11.50000000000000000, 19.77292240502631415 ) ) ;
#518 = DIRECTION ( 'NONE',  ( -0.000000000000000000, 0.000000000000000000, 1.000000000000000000 ) ) ;
#519 = CARTESIAN_POINT ( 'NONE',  ( 2.250327733095812466, -11.21216756214225185, 19.48896080047522972 ) ) ;
#520 = CARTESIAN_POINT ( 'NONE',  ( 4.000000000000001776, -8.062257748298547355, 19.99999999999998934 ) ) ;
#521 = CARTESIAN_POINT ( 'NONE',  ( -2.338719822503457113, -11.32948985011284471, 211.1846117275258905 ) ) ;
#522 = CARTESIAN_POINT ( 'NONE',  ( -3.999999999999996447, 3.605551275463993566, 208.5000000000000284 ) ) ;
#523 = CARTESIAN_POINT ( 'NONE',  ( -2.788918503672096261, -10.98246372003889348, 19.19443185149490105 ) ) ;
#524 = DIRECTION ( 'NONE',  ( -1.000000000000000000, 0.000000000000000000, 0.000000000000000000 ) ) ;
#525 = ORIENTED_EDGE ( 'NONE', *, *, #3658, .F. ) ;
#526 = ORIENTED_EDGE ( 'NONE', *, *, #2538, .F. ) ;
#527 = AXIS2_PLACEMENT_3D ( 'NONE', #567, #2537, #608 ) ;
#528 = CARTESIAN_POINT ( 'NONE',  ( 2.423611912256442125, -10.88864615599417185, 209.3382577703504523 ) ) ;
#529 = DIRECTION ( 'NONE',  ( -0.000000000000000000, -0.000000000000000000, 1.000000000000000000 ) ) ;
#530 = CARTESIAN_POINT ( 'NONE',  ( -2.538662399724624485, -10.03487109784266629, 20.04626064712160627 ) ) ;
#531 = CARTESIAN_POINT ( 'NONE',  ( 3.748060135578503260, -10.04239593269361386, 19.82119913673917466 ) ) ;
#532 = CARTESIAN_POINT ( 'NONE',  ( -2.585545373760438803, -7.156634501054839781, 209.0270324872639947 ) ) ;
#533 = AXIS2_PLACEMENT_3D ( 'NONE', #3719, #6124, #3139 ) ;
#534 = ORIENTED_EDGE ( 'NONE', *, *, #6584, .T. ) ;
#535 = CARTESIAN_POINT ( 'NONE',  ( -3.092966009431018737, -7.872537623449337829, 20.30134135068253443 ) ) ;
#536 = DIRECTION ( 'NONE',  ( 0.000000000000000000, 0.000000000000000000, -1.000000000000000000 ) ) ;
#537 = CARTESIAN_POINT ( 'NONE',  ( 2.806258848027779251, -7.811641522933774340, 20.57075953546928915 ) ) ;
#538 = CARTESIAN_POINT ( 'NONE',  ( -2.087919369628388644, -11.49999999999989519, 211.1248896213420210 ) ) ;
#539 = CARTESIAN_POINT ( 'NONE',  ( -2.345405229801910352, -11.34536861541394970, 18.49999999999998934 ) ) ;
#540 = ORIENTED_EDGE ( 'NONE', *, *, #953, .T. ) ;
#541 = EDGE_LOOP ( 'NONE', ( #3218, #4275, #6910, #3255, #6263, #5688 ) ) ;
#542 = ORIENTED_EDGE ( 'NONE', *, *, #3741, .T. ) ;
#543 = CARTESIAN_POINT ( 'NONE',  ( -1.649041917724164197, -10.65359670505755219, 229.8136259552526042 ) ) ;
#544 = CARTESIAN_POINT ( 'NONE',  ( 2.345405229801958757, -11.34536861541392483, 228.5000000000000000 ) ) ;
#545 = CARTESIAN_POINT ( 'NONE',  ( 2.314945841471779620, -11.12227774658992807, 210.3677080698410577 ) ) ;
#546 = CARTESIAN_POINT ( 'NONE',  ( 2.777458673614063844, -10.97087020568914717, 19.22368758333763950 ) ) ;
#547 = CARTESIAN_POINT ( 'NONE',  ( -4.000000000000022204, 6.324555320336759934, 19.99999999999998934 ) ) ;
#548 = AXIS2_PLACEMENT_3D ( 'NONE', #3285, #3910, #2728 ) ;
#549 = EDGE_LOOP ( 'NONE', ( #763, #2264, #5789, #4871 ) ) ;
#550 = VECTOR ( 'NONE', #1541, 1000.000000000000000 ) ;
#551 = CARTESIAN_POINT ( 'NONE',  ( 2.500000000000002220, -10.57813932338208929, 21.15095501824209734 ) ) ;
#552 = CARTESIAN_POINT ( 'NONE',  ( -2.582605884694310294, -10.99587362277350699, 19.37963624186919631 ) ) ;
#553 = CARTESIAN_POINT ( 'NONE',  ( -2.259186571033019231, -11.21644365645679997, 19.44695361467396566 ) ) ;
#554 = CARTESIAN_POINT ( 'NONE',  ( 1.617911009235749820, -11.22493108363362246, 229.3707882848604527 ) ) ;
#555 = DIRECTION ( 'NONE',  ( 0.000000000000000000, 0.000000000000000000, -1.000000000000000000 ) ) ;
#556 = DIRECTION ( 'NONE',  ( 0.000000000000000000, 0.000000000000000000, 1.000000000000000000 ) ) ;
#557 = CARTESIAN_POINT ( 'NONE',  ( -2.636527812943961990, -10.98327916099396440, 19.33673613655893675 ) ) ;
#558 = CARTESIAN_POINT ( 'NONE',  ( 9.406916296478001982, 3.392628153962140125, 1.500000000000001332 ) ) ;
#559 = ORIENTED_EDGE ( 'NONE', *, *, #7569, .F. ) ;
#560 = EDGE_CURVE ( 'NONE', #5581, #5389, #7716, .T. ) ;
#561 = ORIENTED_EDGE ( 'NONE', *, *, #7387, .T. ) ;
#562 = DIRECTION ( 'NONE',  ( 0.000000000000000000, 0.000000000000000000, 1.000000000000000000 ) ) ;
#563 = CARTESIAN_POINT ( 'NONE',  ( 2.235090036228245314, -11.20529258514039839, 210.4292197520101126 ) ) ;
#564 = CARTESIAN_POINT ( 'NONE',  ( -3.516559435340528950, -10.43604407748330942, 19.61055258682588232 ) ) ;
#565 = DIRECTION ( 'NONE',  ( 0.000000000000000000, 0.000000000000000000, -1.000000000000000000 ) ) ;
#566 = CARTESIAN_POINT ( 'NONE',  ( -25.00000000000000000, 12.22641929943638317, 211.5000000000000284 ) ) ;
#567 = CARTESIAN_POINT ( 'NONE',  ( -23.50000000000000000, 13.72641929943638139, 1.500000000000000000 ) ) ;
#568 = EDGE_CURVE ( 'NONE', #4954, #6420, #6574, .T. ) ;
#569 = ADVANCED_FACE ( 'NONE', ( #2773 ), #1630, .F. ) ;
#570 = CARTESIAN_POINT ( 'NONE',  ( 16.55537111034132636, 12.22641929943638317, 220.6068936707668229 ) ) ;
#571 = CARTESIAN_POINT ( 'NONE',  ( -16.55537111034132636, 12.22641929943638317, 10.60689367076673584 ) ) ;
#572 = EDGE_CURVE ( 'NONE', #7780, #1654, #789, .T. ) ;
#573 = CARTESIAN_POINT ( 'NONE',  ( 2.260266404112893035, -11.21516016754964085, 19.44791252602706777 ) ) ;
#574 = CARTESIAN_POINT ( 'NONE',  ( -1.569300668501185214, -10.43205422497203649, 0.09999022623552793199 ) ) ;
#575 = DIRECTION ( 'NONE',  ( 0.000000000000000000, 0.000000000000000000, 1.000000000000000000 ) ) ;
#576 = CARTESIAN_POINT ( 'NONE',  ( -2.092195651887424734, -11.50000000000000000, 211.1951183955168290 ) ) ;
#577 = DIRECTION ( 'NONE',  ( 0.000000000000000000, 0.000000000000000000, -1.000000000000000000 ) ) ;
#578 = VERTEX_POINT ( 'NONE', #328 ) ;
#579 = VERTEX_POINT ( 'NONE', #5850 ) ;
#580 = ORIENTED_EDGE ( 'NONE', *, *, #5957, .T. ) ;
#581 = CARTESIAN_POINT ( 'NONE',  ( -1.153404130724230203, -10.14257874403448767, 229.9905191427454838 ) ) ;
#582 = FACE_OUTER_BOUND ( 'NONE', #1296, .T. ) ;
#583 = CARTESIAN_POINT ( 'NONE',  ( 2.286640749336890543, -11.20084258627911034, 210.5834818459147471 ) ) ;
#584 = CYLINDRICAL_SURFACE ( 'NONE', #2941, 1.500000000000001332 ) ;
#585 = CARTESIAN_POINT ( 'NONE',  ( 4.000000000000000000, 3.500000000000000000, 209.5000000000000284 ) ) ;
#586 = EDGE_CURVE ( 'NONE', #5069, #1038, #1421, .T. ) ;
#587 = ORIENTED_EDGE ( 'NONE', *, *, #438, .F. ) ;
#588 = CARTESIAN_POINT ( 'NONE',  ( 2.500000000000006217, -9.996319638934902940, 20.04158596833532258 ) ) ;
#589 = VECTOR ( 'NONE', #5838, 1000.000000000000000 ) ;
#590 = DIRECTION ( 'NONE',  ( -0.000000000000000000, 0.000000000000000000, 1.000000000000000000 ) ) ;
#591 = CIRCLE ( 'NONE', #333, 1.500000000000001332 ) ;
#592 = CARTESIAN_POINT ( 'NONE',  ( -1.811221830515580722, -11.50000000000000000, 1.500000000000001332 ) ) ;
#593 = CARTESIAN_POINT ( 'NONE',  ( 1.787987705625479373, -11.12039460111203404, 229.5173437577838058 ) ) ;
#594 = CARTESIAN_POINT ( 'NONE',  ( 1.058033087879748146, -10.03572497795921414, 229.9988496366706272 ) ) ;
#595 = B_SPLINE_CURVE_WITH_KNOTS ( 'NONE', 3,
 ( #6043, #649, #3049, #48, #2615, #5604, #5644, #203, #5020, #1354, #4420, #3209, #7429, #1978 ),
 .UNSPECIFIED., .F., .F.,
 ( 4, 2, 2, 2, 2, 2, 4 ),
 ( 1.139629842490123038E-15, 0.0003262868985213869186, 0.0006525737970416342322, 0.001305147594082132437, 0.001631434492602380076, 0.001957721391122627715, 0.002610295188163125162 ),
 .UNSPECIFIED. ) ;
#596 = DIRECTION ( 'NONE',  ( 0.000000000000000000, 0.000000000000000000, 1.000000000000000000 ) ) ;
#597 = CARTESIAN_POINT ( 'NONE',  ( -2.780189989430811970, -10.97444827711087001, 19.21508607784030431 ) ) ;
#598 = AXIS2_PLACEMENT_3D ( 'NONE', #100, #1248, #5466 ) ;
#599 = DIRECTION ( 'NONE',  ( 1.000000000000000000, 0.000000000000000000, 0.000000000000000000 ) ) ;
#600 = TOROIDAL_SURFACE ( 'NONE', #5505, 10.00000000000000000, 1.500000000000000000 ) ;
#601 = ORIENTED_EDGE ( 'NONE', *, *, #6069, .T. ) ;
#602 = ORIENTED_EDGE ( 'NONE', *, *, #7466, .F. ) ;
#603 = CARTESIAN_POINT ( 'NONE',  ( 2.147875745711525397, -11.14894497927142325, 229.3071084428902680 ) ) ;
#604 = CARTESIAN_POINT ( 'NONE',  ( 2.198252130545703675, -11.21588477978816734, 210.2319550969521629 ) ) ;
#605 = CARTESIAN_POINT ( 'NONE',  ( -6.428571428571426161, 3.863090652282850535, 208.5000000000000284 ) ) ;
#606 = CARTESIAN_POINT ( 'NONE',  ( -2.261157850637170341, -11.21987325376537825, 210.5701593652510724 ) ) ;
#607 = CARTESIAN_POINT ( 'NONE',  ( -1.120722134059591424, -10.00775315809226207, 229.9983512667958792 ) ) ;
#608 = DIRECTION ( 'NONE',  ( 0.000000000000000000, 0.000000000000000000, 1.000000000000000000 ) ) ;
#609 = AXIS2_PLACEMENT_3D ( 'NONE', #2284, #5360, #5946 ) ;
#610 = CARTESIAN_POINT ( 'NONE',  ( -1.075579475046295697, -10.04220420344429598, 229.9979859886111058 ) ) ;
#611 = CARTESIAN_POINT ( 'NONE',  ( 2.098793574785007277, -11.49999999999996270, 211.3437406194205437 ) ) ;
#612 = CARTESIAN_POINT ( 'NONE',  ( 2.198476713381312564, -11.21566789240220885, 19.76848810976083826 ) ) ;
#613 = CARTESIAN_POINT ( 'NONE',  ( -5.000000000000025757, 3.500000000000000000, 6.162833401496582711E-16 ) ) ;
#614 = ADVANCED_FACE ( 'NONE', ( #5735 ), #2739, .F. ) ;
#615 = DIRECTION ( 'NONE',  ( -0.000000000000000000, 0.000000000000000000, 1.000000000000000000 ) ) ;
#616 = CARTESIAN_POINT ( 'NONE',  ( 2.476805560242648863, -11.16121190512322592, 1.037407902533610704 ) ) ;
#617 = DIRECTION ( 'NONE',  ( -9.791996142006161452E-17, 1.000000000000000000, 0.000000000000000000 ) ) ;
#618 = ORIENTED_EDGE ( 'NONE', *, *, #586, .F. ) ;
#619 = EDGE_CURVE ( 'NONE', #3512, #5061, #686, .T. ) ;
#620 = ORIENTED_EDGE ( 'NONE', *, *, #910, .T. ) ;
#621 = ORIENTED_EDGE ( 'NONE', *, *, #4988, .T. ) ;
#622 = CARTESIAN_POINT ( 'NONE',  ( -2.308545951445336808, -11.30825189176978895, 228.8605048714551913 ) ) ;
#623 = CARTESIAN_POINT ( 'NONE',  ( -3.214285714285711748, 6.776309271789386024, 230.0000000000000000 ) ) ;
#624 = CARTESIAN_POINT ( 'NONE',  ( 2.227179414666955015, -11.19060425984082663, 210.2998840618202792 ) ) ;
#625 = CARTESIAN_POINT ( 'NONE',  ( 3.779976637959940433, -9.922438674644840972, 19.86675258756314122 ) ) ;
#626 = CARTESIAN_POINT ( 'NONE',  ( 2.636583154013663499, -10.98330670642470608, 19.33660506413689717 ) ) ;
#627 = EDGE_CURVE ( 'NONE', #4412, #1928, #4449, .T. ) ;
#628 = AXIS2_PLACEMENT_3D ( 'NONE', #522, #1816, #596 ) ;
#629 = LINE ( 'NONE', #7687, #3738 ) ;
#630 = VERTEX_POINT ( 'NONE', #3370 ) ;
#631 = AXIS2_PLACEMENT_3D ( 'NONE', #304, #6894, #7526 ) ;
#632 = CYLINDRICAL_SURFACE ( 'NONE', #5875, 1.500000000000000000 ) ;
#633 = LINE ( 'NONE', #298, #6117 ) ;
#634 = CARTESIAN_POINT ( 'NONE',  ( -1.598921173152433761, -11.19336227341760370, 0.5862942392524174151 ) ) ;
#635 = AXIS2_PLACEMENT_3D ( 'NONE', #2969, #6524, #1671 ) ;
#636 = CARTESIAN_POINT ( 'NONE',  ( 2.069750779352084624, -11.45465662662036799, 228.8979649158527252 ) ) ;
#637 = DIRECTION ( 'NONE',  ( -0.5150787536377137155, -0.8571428571428566512, -7.934750141545873701E-16 ) ) ;
#638 = ADVANCED_FACE ( 'NONE', ( #1007 ), #5140, .T. ) ;
#639 = CARTESIAN_POINT ( 'NONE',  ( 2.257707700204183876, -11.21746207600187795, 19.44809090610237945 ) ) ;
#640 = CARTESIAN_POINT ( 'NONE',  ( -2.449456952565733037, -11.09532589576274297, 19.35308795103442847 ) ) ;
#641 = CARTESIAN_POINT ( 'NONE',  ( -1.022715479458841337, -9.990904658302660835, 229.9998711859806235 ) ) ;
#642 = ORIENTED_EDGE ( 'NONE', *, *, #2569, .T. ) ;
#643 = ORIENTED_EDGE ( 'NONE', *, *, #1054, .F. ) ;
#644 = FACE_OUTER_BOUND ( 'NONE', #4119, .T. ) ;
#645 = CARTESIAN_POINT ( 'NONE',  ( -2.601599078278457711, -11.02728182975762650, 210.7070026798931508 ) ) ;
#646 = CARTESIAN_POINT ( 'NONE',  ( 2.255699054640484924, -11.21183217351584993, 210.5271997802877593 ) ) ;
#647 = CARTESIAN_POINT ( 'NONE',  ( -2.791505395211353324, -11.14280490949593450, 211.2746339110808265 ) ) ;
#648 = CARTESIAN_POINT ( 'NONE',  ( 0.000000000000000000, 0.000000000000000000, 19.99999999999998934 ) ) ;
#649 = CARTESIAN_POINT ( 'NONE',  ( 1.140027942715634790, -10.13117094883334879, 0.006245688679336030245 ) ) ;
#650 = CARTESIAN_POINT ( 'NONE',  ( 3.779976637959940433, -9.922438674644840972, 19.86675258756314122 ) ) ;
#651 = CARTESIAN_POINT ( 'NONE',  ( -2.265669181567048884, -11.22328672474253608, 19.40563085897021622 ) ) ;
#652 = CARTESIAN_POINT ( 'NONE',  ( 1.513319473395521308, -11.50000000000000000, 210.4458986303114045 ) ) ;
#653 = EDGE_CURVE ( 'NONE', #7363, #865, #7552, .T. ) ;
#654 = AXIS2_PLACEMENT_3D ( 'NONE', #4899, #6044, #4344 ) ;
#655 = CARTESIAN_POINT ( 'NONE',  ( 2.256460013190995095, -11.18681759722635860, 19.56096612891988684 ) ) ;
#656 = DIRECTION ( 'NONE',  ( -1.000000000000000000, 0.000000000000000000, 0.000000000000000000 ) ) ;
#657 = DIRECTION ( 'NONE',  ( -0.000000000000000000, 0.000000000000000000, 1.000000000000000000 ) ) ;
#658 = CARTESIAN_POINT ( 'NONE',  ( 2.692587441407968463, -11.09614310399320658, 1.001184977174714774 ) ) ;
#659 = CARTESIAN_POINT ( 'NONE',  ( -2.783601829262648319, -11.15802674562693753, 1.382958041105570635 ) ) ;
#660 = ORIENTED_EDGE ( 'NONE', *, *, #4902, .F. ) ;
#661 = ORIENTED_EDGE ( 'NONE', *, *, #7709, .F. ) ;
#662 = VERTEX_POINT ( 'NONE', #925 ) ;
#663 = LINE ( 'NONE', #4730, #6391 ) ;
#664 = CIRCLE ( 'NONE', #7465, 7.716029316036113528 ) ;
#665 = CARTESIAN_POINT ( 'NONE',  ( 1.019636184200253926, -10.05890855260201100, 229.9991321949190990 ) ) ;
#666 = CARTESIAN_POINT ( 'NONE',  ( 2.313707624881990998, -11.15778669139242396, 210.5241557463086508 ) ) ;
#667 = CARTESIAN_POINT ( 'NONE',  ( 3.779976637959945762, -9.922438674644823209, 210.1332474124368446 ) ) ;
#668 = FACE_OUTER_BOUND ( 'NONE', #4718, .T. ) ;
#669 = CARTESIAN_POINT ( 'NONE',  ( 2.420222530968828778, -11.07861826363121160, 19.46045609470908033 ) ) ;
#670 = DIRECTION ( 'NONE',  ( 0.000000000000000000, 0.000000000000000000, -1.000000000000000000 ) ) ;
#671 = EDGE_LOOP ( 'NONE', ( #425, #2125, #2999, #983 ) ) ;
#672 = EDGE_CURVE ( 'NONE', #1011, #4913, #1593, .T. ) ;
#673 = ORIENTED_EDGE ( 'NONE', *, *, #4565, .T. ) ;
#674 = CARTESIAN_POINT ( 'NONE',  ( -1.029437251469940140, -10.08831175440193384, 0.002601911970484451636 ) ) ;
#675 = CARTESIAN_POINT ( 'NONE',  ( 2.196282635937742977, -11.21778083706106166, 19.76778335506435269 ) ) ;
#676 = DIRECTION ( 'NONE',  ( 1.000000000000000000, 0.000000000000000000, 0.000000000000000000 ) ) ;
#677 = CARTESIAN_POINT ( 'NONE',  ( -2.267004252342799120, -11.14941101727159101, 20.03423264556099070 ) ) ;
#678 = SURFACE_STYLE_FILL_AREA ( #1342 ) ;
#679 = DIRECTION ( 'NONE',  ( 0.3392628153962136683, 0.9406916296478006201, 1.203781379950449385E-16 ) ) ;
#680 = ORIENTED_EDGE ( 'NONE', *, *, #1535, .F. ) ;
#681 = VERTEX_POINT ( 'NONE', #414 ) ;
#682 = EDGE_CURVE ( 'NONE', #5069, #2522, #7731, .T. ) ;
#683 =( BOUNDED_SURFACE ( )  B_SPLINE_SURFACE ( 3, 2, ( 
 ( #2744, #2779, #4514 ),
 ( #1636, #6414, #1012 ),
 ( #1082, #5817, #2265 ),
 ( #2856, #1526, #6934 ),
 ( #5783, #4662, #4592 ),
 ( #3409, #4033, #2192 ),
 ( #5740, #933, #4626 ),
 ( #7006, #418, #7076 ),
 ( #3337, #1672, #2817 ),
 ( #3925, #4068, #336 ),
 ( #1045, #3445, #5225 ),
 ( #5149, #7561, #4553 ),
 ( #6969, #1566, #6377 ),
 ( #380, #974, #7634 ) ),
 .UNSPECIFIED., .F., .F., .T. ) 
 B_SPLINE_SURFACE_WITH_KNOTS ( ( 4, 2, 2, 2, 2, 2, 4 ),
 ( 3, 3 ),
 ( 0.000000000000000000, 0.0001067712376090327757, 0.0002135424752180655513, 0.0003203137128270983135, 0.0004270849504361311027, 0.0006406274256541966269, 0.0008541699008722622053 ),
 ( 0.000000000000000000, 1.000000000000000000 ),
 .UNSPECIFIED. ) 
 GEOMETRIC_REPRESENTATION_ITEM ( )  RATIONAL_B_SPLINE_SURFACE ( (
 ( 1.000000000000000000, 0.8401680504168057562, 1.000000000000000000),
 ( 1.000000000000000000, 0.8401643538267704603, 1.000000000000000000),
 ( 1.000000000000000000, 0.8430034694672474682, 1.000000000000000000),
 ( 1.000000000000000000, 0.8534475119643640806, 1.000000000000000000),
 ( 1.000000000000000000, 0.8611405584559119752, 1.000000000000000000),
 ( 1.000000000000000000, 0.8790074362900377469, 1.000000000000000000),
 ( 1.000000000000000000, 0.8893367760833427171, 1.000000000000000000),
 ( 1.000000000000000000, 0.9104695716122731541, 1.000000000000000000),
 ( 1.000000000000000000, 0.9211725728878932262, 1.000000000000000000),
 ( 1.000000000000000000, 0.9518443258590696399, 1.000000000000000000),
 ( 1.000000000000000000, 0.9696388831222746418, 1.000000000000000000),
 ( 1.000000000000000000, 0.9937984281227256744, 1.000000000000000000),
 ( 1.000000000000000000, 0.9999875007891958489, 1.000000000000000000),
 ( 1.000000000000000000, 1.000000000000000000, 1.000000000000000000) ) ) 
 REPRESENTATION_ITEM ( '' )  SURFACE ( )  );
#684 = DIRECTION ( 'NONE',  ( 0.000000000000000000, -1.000000000000000000, 0.000000000000000000 ) ) ;
#685 = CARTESIAN_POINT ( 'NONE',  ( -2.457780817180940325, -11.04265114288304694, 210.5008007094062066 ) ) ;
#686 = CIRCLE ( 'NONE', #6088, 1.000000000000000000 ) ;
#687 = AXIS2_PLACEMENT_3D ( 'NONE', #1454, #265, #2673 ) ;
#688 = CARTESIAN_POINT ( 'NONE',  ( 2.500000000000002220, -10.59702624093519141, 21.13100197736635621 ) ) ;
#689 = PLANE ( 'NONE',  #6638 ) ;
#690 = CARTESIAN_POINT ( 'NONE',  ( -1.046652478926910268, -10.02302090267939860, 229.9993269523857293 ) ) ;
#691 = DIRECTION ( 'NONE',  ( 1.000000000000000000, 0.000000000000000000, 0.000000000000000000 ) ) ;
#692 = CARTESIAN_POINT ( 'NONE',  ( -2.345405229979569572, -11.34536861530171414, 18.63849350051735954 ) ) ;
#693 = CARTESIAN_POINT ( 'NONE',  ( 2.071472523929191567, -11.49999999999999822, 19.19091344181596170 ) ) ;
#694 = CARTESIAN_POINT ( 'NONE',  ( 2.280810718128341463, -11.19673753010484063, 19.44590406692040929 ) ) ;
#695 = CARTESIAN_POINT ( 'NONE',  ( -1.281008084224481758, -10.27734428396522048, 0.03393155033016204136 ) ) ;
#696 = CARTESIAN_POINT ( 'NONE',  ( -1.043089847075724386, -9.968310036784790995, 0.0001288140615590754271 ) ) ;
#697 = CARTESIAN_POINT ( 'NONE',  ( 1.085574494144745827, -9.986409417814643419, 0.0006404818828375380283 ) ) ;
#698 = ORIENTED_EDGE ( 'NONE', *, *, #6900, .F. ) ;
#699 = ORIENTED_EDGE ( 'NONE', *, *, #1718, .T. ) ;
#700 =( BOUNDED_CURVE ( )  B_SPLINE_CURVE ( 3, ( #4586, #6999, #6408, #3958 ),
 .UNSPECIFIED., .F., .F. ) 
 B_SPLINE_CURVE_WITH_KNOTS ( ( 4, 4 ),
 ( 4.653480412307946068, 4.712388980384689674 ),
 .UNSPECIFIED. ) 
 CURVE ( )  GEOMETRIC_REPRESENTATION_ITEM ( )  RATIONAL_B_SPLINE_CURVE ( ( 1.000000000000000000, 0.9997108359569747416, 0.9997108359569747416, 1.000000000000000000 ) ) 
 REPRESENTATION_ITEM ( '' )  );
#701 = ORIENTED_EDGE ( 'NONE', *, *, #4755, .F. ) ;
#702 = FACE_OUTER_BOUND ( 'NONE', #2184, .T. ) ;
#703 = DIRECTION ( 'NONE',  ( 0.000000000000000000, 1.000000000000000000, 0.000000000000000000 ) ) ;
#704 = CARTESIAN_POINT ( 'NONE',  ( 2.457862938436015998, -11.10051916948367889, 210.6755816320560371 ) ) ;
#705 = CARTESIAN_POINT ( 'NONE',  ( 2.275773492151800248, -11.14159002021905565, 209.9338651429488891 ) ) ;
#706 = CARTESIAN_POINT ( 'NONE',  ( -3.277038410129093027, -10.70676497897049906, 19.42164862432377603 ) ) ;
#707 = CARTESIAN_POINT ( 'NONE',  ( 2.454845046578504331, -11.04772439933481820, 19.48622223956956390 ) ) ;
#708 = CARTESIAN_POINT ( 'NONE',  ( 1.811221830530060695, -10.49999999999999822, 1.500000000000001332 ) ) ;
#709 = ORIENTED_EDGE ( 'NONE', *, *, #5732, .F. ) ;
#710 = ADVANCED_FACE ( 'NONE', ( #7036 ), #2223, .T. ) ;
#711 = ORIENTED_EDGE ( 'NONE', *, *, #6466, .F. ) ;
#712 = CARTESIAN_POINT ( 'NONE',  ( 3.703499260983163843, -7.877334338721265539, 209.9797709604526403 ) ) ;
#713 = VECTOR ( 'NONE', #288, 1000.000000000000000 ) ;
#714 = CARTESIAN_POINT ( 'NONE',  ( -1.193744525720778382, -10.45029049643819619, 0.06629882869547078228 ) ) ;
#715 = FACE_OUTER_BOUND ( 'NONE', #7321, .T. ) ;
#716 = ADVANCED_FACE ( 'NONE', ( #3473 ), #2065, .T. ) ;
#717 = CARTESIAN_POINT ( 'NONE',  ( -2.423611912256422585, -10.88864615599421626, 20.66174222964944818 ) ) ;
#718 = EDGE_CURVE ( 'NONE', #297, #6987, #1057, .T. ) ;
#719 = CARTESIAN_POINT ( 'NONE',  ( -2.913626296284715256, -10.97007306887226008, 19.15299543975615393 ) ) ;
#720 = DIRECTION ( 'NONE',  ( 0.000000000000000000, -0.000000000000000000, -1.000000000000000000 ) ) ;
#721 = ADVANCED_FACE ( 'NONE', ( #2153 ), #6962, .T. ) ;
#722 = VERTEX_POINT ( 'NONE', #1115 ) ;
#723 = AXIS2_PLACEMENT_3D ( 'NONE', #6949, #5719, #4052 ) ;
#724 = EDGE_LOOP ( 'NONE', ( #911, #4126, #5717, #6819 ) ) ;
#725 = CARTESIAN_POINT ( 'NONE',  ( -2.499999999999998224, -10.59702624093525714, 208.8689980226337468 ) ) ;
#726 = CARTESIAN_POINT ( 'NONE',  ( -2.504815998556079393, -11.08277303245556489, 210.7075464925037522 ) ) ;
#727 = CARTESIAN_POINT ( 'NONE',  ( 1.652481705796330580, -10.65764542833312234, 229.8193575724473874 ) ) ;
#728 = CARTESIAN_POINT ( 'NONE',  ( 1.782551973358073916, -11.49999999999999645, 211.2799600946012220 ) ) ;
#729 = CARTESIAN_POINT ( 'NONE',  ( 1.046652478896933136, -10.02302090265142276, 229.9993269523864114 ) ) ;
#730 = CIRCLE ( 'NONE', #4109, 0.5000000000000004441 ) ;
#731 = ADVANCED_FACE ( 'NONE', ( #7744 ), #7697, .F. ) ;
#732 = CARTESIAN_POINT ( 'NONE',  ( 16.61034544511826638, 12.22641929943638317, 9.249544140698944261 ) ) ;
#733 = CARTESIAN_POINT ( 'NONE',  ( 2.141242726237084781, -11.49999999999974598, 210.2827567258339343 ) ) ;
#734 = CARTESIAN_POINT ( 'NONE',  ( 2.233571721966092660, -11.20460344821716525, 19.58006967642977258 ) ) ;
#735 = CARTESIAN_POINT ( 'NONE',  ( -23.50000000000000000, 20.99999999999999645, 18.49999999999998934 ) ) ;
#736 = CARTESIAN_POINT ( 'NONE',  ( -1.003407062025903906, -9.951333505493632714, 1.301042606982605321E-15 ) ) ;
#737 = CARTESIAN_POINT ( 'NONE',  ( 1.990705263829755101, -10.77820838203992260, 0.3414154153727965157 ) ) ;
#738 = ORIENTED_EDGE ( 'NONE', *, *, #7224, .F. ) ;
#739 = EDGE_CURVE ( 'NONE', #7283, #5408, #7484, .T. ) ;
#740 = ORIENTED_EDGE ( 'NONE', *, *, #4071, .T. ) ;
#741 = EDGE_LOOP ( 'NONE', ( #1918, #5830, #4581, #750 ) ) ;
#742 = DIRECTION ( 'NONE',  ( 0.000000000000000000, 0.000000000000000000, -1.000000000000000000 ) ) ;
#743 = CYLINDRICAL_SURFACE ( 'NONE', #4510, 1.500000000000001332 ) ;
#744 = CARTESIAN_POINT ( 'NONE',  ( 2.477670040934495610, -11.05453689130832196, 210.5859308298616668 ) ) ;
#745 = CARTESIAN_POINT ( 'NONE',  ( 2.500000000000017764, -9.996319638934902940, 209.9584140316647733 ) ) ;
#746 = CIRCLE ( 'NONE', #6148, 1.000000000000000000 ) ;
#747 = DIRECTION ( 'NONE',  ( 1.000000000000000000, 0.000000000000000000, 0.000000000000000000 ) ) ;
#748 = CARTESIAN_POINT ( 'NONE',  ( 2.452000932152011092, -11.04719212031356612, 19.49570597646321346 ) ) ;
#749 = ORIENTED_EDGE ( 'NONE', *, *, #3184, .F. ) ;
#750 = ORIENTED_EDGE ( 'NONE', *, *, #5580, .F. ) ;
#751 = CARTESIAN_POINT ( 'NONE',  ( 3.559563698581710067, -7.486871765793636335, 209.8343144421313298 ) ) ;
#752 = EDGE_CURVE ( 'NONE', #5906, #7124, #6967, .T. ) ;
#753 = CARTESIAN_POINT ( 'NONE',  ( -10.81795374094970441, 3.901522377056457547, 211.5000000000000284 ) ) ;
#754 = ADVANCED_FACE ( 'NONE', ( #2378 ), #4467, .T. ) ;
#755 = CARTESIAN_POINT ( 'NONE',  ( -2.499999999999997780, -10.07331338174048874, 208.5861859006428460 ) ) ;
#756 = CIRCLE ( 'NONE', #7664, 1.500000000000001332 ) ;
#757 = CARTESIAN_POINT ( 'NONE',  ( 2.548699828188122130, -11.09481611540260637, 210.9057896359555286 ) ) ;
#758 = CARTESIAN_POINT ( 'NONE',  ( 3.393849104744216305, -7.261550056644095363, 20.36404802811562575 ) ) ;
#759 = VERTEX_POINT ( 'NONE', #2054 ) ;
#760 = AXIS2_PLACEMENT_3D ( 'NONE', #1071, #3465, #4847 ) ;
#761 = ORIENTED_EDGE ( 'NONE', *, *, #1196, .T. ) ;
#762 = AXIS2_PLACEMENT_3D ( 'NONE', #1340, #794, #7419 ) ;
#763 = ORIENTED_EDGE ( 'NONE', *, *, #2414, .T. ) ;
#764 = CYLINDRICAL_SURFACE ( 'NONE', #839, 1.500000000000001332 ) ;
#765 = CARTESIAN_POINT ( 'NONE',  ( -2.606732306052521153, -11.03487419705831130, 210.7316936046881324 ) ) ;
#766 = CARTESIAN_POINT ( 'NONE',  ( -1.667745190113603337, -11.50000000000000178, 19.02888187523448948 ) ) ;
#767 = PLANE ( 'NONE',  #3636 ) ;
#768 = LINE ( 'NONE', #4382, #7558 ) ;
#769 = DIRECTION ( 'NONE',  ( 1.000000000000000000, 0.000000000000000000, 0.000000000000000000 ) ) ;
#770 = DIRECTION ( 'NONE',  ( 1.209741371404878502E-16, 0.000000000000000000, -1.000000000000000000 ) ) ;
#771 = CARTESIAN_POINT ( 'NONE',  ( 1.710740623633738577, -11.50000000000000000, 18.92655506008521371 ) ) ;
#772 = CARTESIAN_POINT ( 'NONE',  ( 4.000000000000000000, 0.000000000000000000, 210.0000000000000284 ) ) ;
#773 = CARTESIAN_POINT ( 'NONE',  ( -2.513218832620102372, -11.18925340922015543, 1.126487989505754239 ) ) ;
#774 = DIRECTION ( 'NONE',  ( -0.000000000000000000, 0.000000000000000000, 1.000000000000000000 ) ) ;
#775 = CARTESIAN_POINT ( 'NONE',  ( 2.285804104260506175, -11.28552098389541314, 1.049132630629367791 ) ) ;
#776 = EDGE_LOOP ( 'NONE', ( #2119 ) ) ;
#777 = AXIS2_PLACEMENT_3D ( 'NONE', #6199, #247, #5423 ) ;
#778 = ORIENTED_EDGE ( 'NONE', *, *, #4907, .F. ) ;
#779 = ORIENTED_EDGE ( 'NONE', *, *, #7113, .F. ) ;
#780 = LINE ( 'NONE', #5437, #1838 ) ;
#781 = AXIS2_PLACEMENT_3D ( 'NONE', #2052, #4489, #872 ) ;
#782 = ADVANCED_FACE ( 'NONE', ( #7611 ), #2754, .T. ) ;
#783 = CARTESIAN_POINT ( 'NONE',  ( -1.028332120927286208, -9.962004558700733980, 229.9999561054096660 ) ) ;
#784 = CARTESIAN_POINT ( 'NONE',  ( 2.675964893565876412, -11.01543169357377749, 210.7650549007290408 ) ) ;
#785 = CARTESIAN_POINT ( 'NONE',  ( -1.652137933979859641, -10.65728810573003393, 229.8194213320060157 ) ) ;
#786 = CARTESIAN_POINT ( 'NONE',  ( 2.179697464370575766, -11.16017449621596391, 229.2596429597360270 ) ) ;
#787 = CARTESIAN_POINT ( 'NONE',  ( -1.029437251522753671, -10.08831175456827012, 0.002601911980294746574 ) ) ;
#788 = CARTESIAN_POINT ( 'NONE',  ( 2.508795613874359898, -11.07396305494214950, 19.30871081410623802 ) ) ;
#789 = CIRCLE ( 'NONE', #1790, 0.5000000000000004441 ) ;
#790 = EDGE_LOOP ( 'NONE', ( #7444, #5464, #3584, #5657 ) ) ;
#791 = AXIS2_PLACEMENT_3D ( 'NONE', #1041, #529, #7592 ) ;
#792 = CARTESIAN_POINT ( 'NONE',  ( 2.585545373760464116, -7.156634501054790043, 209.0270324872639947 ) ) ;
#793 = CARTESIAN_POINT ( 'NONE',  ( 23.50000000000000000, 20.99999999999999645, 1.500000000000000000 ) ) ;
#794 = DIRECTION ( 'NONE',  ( 0.000000000000000000, 0.000000000000000000, -1.000000000000000000 ) ) ;
#795 = CARTESIAN_POINT ( 'NONE',  ( 2.544483797043431750, -11.05583490288738702, 210.8182010564368056 ) ) ;
#796 = DIRECTION ( 'NONE',  ( 0.000000000000000000, 0.000000000000000000, -1.000000000000000000 ) ) ;
#797 =( LENGTH_UNIT ( ) NAMED_UNIT ( * ) SI_UNIT ( .MILLI., .METRE. ) );
#798 = ORIENTED_EDGE ( 'NONE', *, *, #6507, .F. ) ;
#799 = ORIENTED_EDGE ( 'NONE', *, *, #5687, .F. ) ;
#800 = CARTESIAN_POINT ( 'NONE',  ( -3.116851419075957974, -6.875378616656483644, 208.8924745780179251 ) ) ;
#801 = CARTESIAN_POINT ( 'NONE',  ( -2.584657097895004974, -10.99976964359631282, 210.6108446472625815 ) ) ;
#802 = FACE_OUTER_BOUND ( 'NONE', #7616, .T. ) ;
#803 = DIRECTION ( 'NONE',  ( 0.000000000000000000, 1.000000000000000000, 0.000000000000000000 ) ) ;
#804 = CARTESIAN_POINT ( 'NONE',  ( -1.193762030645735051, -10.45032598516104017, 229.9336924961178283 ) ) ;
#805 = FACE_OUTER_BOUND ( 'NONE', #892, .T. ) ;
#806 = CARTESIAN_POINT ( 'NONE',  ( 9.406916296478001982, 3.392628153962140125, 211.5000000000000284 ) ) ;
#807 = AXIS2_PLACEMENT_3D ( 'NONE', #1390, #6869, #3791 ) ;
#808 = CARTESIAN_POINT ( 'NONE',  ( -1.809969018699960186, -11.49874576898802658, 228.5704348887040567 ) ) ;
#809 = CARTESIAN_POINT ( 'NONE',  ( 1.559554404107086345, -11.50000000000000000, 19.33998986332261083 ) ) ;
#810 = LINE ( 'NONE', #6922, #494 ) ;
#811 = FACE_OUTER_BOUND ( 'NONE', #250, .T. ) ;
#812 = CARTESIAN_POINT ( 'NONE',  ( 2.286805927830517948, -11.20096720952164659, 210.5843267589579852 ) ) ;
#813 = CARTESIAN_POINT ( 'NONE',  ( 1.600993747508216547, -11.19891636924682565, 0.5794086034022686293 ) ) ;
#814 = ORIENTED_EDGE ( 'NONE', *, *, #6565, .F. ) ;
#815 = CARTESIAN_POINT ( 'NONE',  ( 2.069464048268119249, -11.45465357277520724, 1.102053314890004909 ) ) ;
#816 = EDGE_CURVE ( 'NONE', #4750, #5052, #3073, .T. ) ;
#817 = EDGE_CURVE ( 'NONE', #1643, #4999, #3212, .T. ) ;
#818 = ORIENTED_EDGE ( 'NONE', *, *, #4341, .F. ) ;
#819 = EDGE_CURVE ( 'NONE', #1, #6866, #5648, .T. ) ;
#820 = EDGE_LOOP ( 'NONE', ( #6150, #3408, #3853, #2741 ) ) ;
#821 = CARTESIAN_POINT ( 'NONE',  ( 1.489584960383565138, -10.49219091535356618, 229.8973975200806592 ) ) ;
#822 = CARTESIAN_POINT ( 'NONE',  ( 23.50000000000000000, 13.72641929943638139, 1.500000000000000000 ) ) ;
#823 = CARTESIAN_POINT ( 'NONE',  ( 2.575058686968379362, -11.00460282867684469, 210.6103691091023506 ) ) ;
#824 = CARTESIAN_POINT ( 'NONE',  ( -1.140027942715495790, -10.13117094883321201, 229.9937543113207425 ) ) ;
#825 = DIRECTION ( 'NONE',  ( 0.7071067811881786014, -0.7071067811849164331, 0.000000000000000000 ) ) ;
#826 = DIRECTION ( 'NONE',  ( -0.4285714285714281591, -0.9035079029052514032, 0.000000000000000000 ) ) ;
#827 = CARTESIAN_POINT ( 'NONE',  ( 2.378161841180130409, -11.13940307858115197, 19.37693580120751946 ) ) ;
#828 = ORIENTED_EDGE ( 'NONE', *, *, #3309, .F. ) ;
#829 = CARTESIAN_POINT ( 'NONE',  ( 3.126980450427563785, -7.879775394497027463, 209.7352266154282745 ) ) ;
#830 = CARTESIAN_POINT ( 'NONE',  ( 4.000000000000001776, -9.165151389911677882, 210.0000000000000284 ) ) ;
#831 = CARTESIAN_POINT ( 'NONE',  ( 3.878177161624325908, -7.905935821311273592, 209.9905085663210400 ) ) ;
#832 = CARTESIAN_POINT ( 'NONE',  ( 2.243651820684900322, -11.21006830476593841, 210.4802144838427580 ) ) ;
#833 = DIRECTION ( 'NONE',  ( -1.000000000000000000, 0.000000000000000000, 0.000000000000000000 ) ) ;
#834 = ADVANCED_FACE ( 'NONE', ( #6498 ), #3973, .T. ) ;
#835 = CARTESIAN_POINT ( 'NONE',  ( 4.000000000000000000, 3.500000000000000000, 209.5000000000000284 ) ) ;
#836 = ORIENTED_EDGE ( 'NONE', *, *, #7739, .F. ) ;
#837 = ORIENTED_EDGE ( 'NONE', *, *, #1143, .T. ) ;
#838 = CARTESIAN_POINT ( 'NONE',  ( -2.231489165673832265, -11.21103557572071807, 19.54920160750206293 ) ) ;
#839 = AXIS2_PLACEMENT_3D ( 'NONE', #161, #6712, #3165 ) ;
#840 = CARTESIAN_POINT ( 'NONE',  ( -2.305923574824882305, -11.18628289775562656, 210.5940585329016130 ) ) ;
#841 = AXIS2_PLACEMENT_3D ( 'NONE', #4427, #6840, #1442 ) ;
#842 = DIRECTION ( 'NONE',  ( 0.000000000000000000, 0.000000000000000000, 1.000000000000000000 ) ) ;
#843 = CARTESIAN_POINT ( 'NONE',  ( 1.058925609426014658, -10.05892560942600866, 0.0008688110378110265944 ) ) ;
#844 = FACE_OUTER_BOUND ( 'NONE', #1699, .T. ) ;
#845 = DIRECTION ( 'NONE',  ( -0.4285714285714281591, 0.9035079029052514032, 0.000000000000000000 ) ) ;
#846 = DIRECTION ( 'NONE',  ( 0.000000000000000000, -1.000000000000000000, 0.000000000000000000 ) ) ;
#847 = AXIS2_PLACEMENT_3D ( 'NONE', #867, #1607, #2168 ) ;
#848 = CARTESIAN_POINT ( 'NONE',  ( -1.281247383093175651, -10.26838872578454342, 229.9676756345413082 ) ) ;
#849 = B_SPLINE_CURVE_WITH_KNOTS ( 'NONE', 3,
 ( #1018, #3415, #7641, #7237, #1165, #2390, #7470, #3246 ),
 .UNSPECIFIED., .F., .F.,
 ( 4, 2, 2, 4 ),
 ( 0.000000000000000000, 0.0004546432899255492435, 0.0009092865798510984870, 0.001818573159702279373 ),
 .UNSPECIFIED. ) ;
#850 = TOROIDAL_SURFACE ( 'NONE', #2350, 7.716029316036113528, 1.500000000000000000 ) ;
#851 = CARTESIAN_POINT ( 'NONE',  ( 1.710344762280045616, -11.49999999999999467, 18.92753354686515266 ) ) ;
#852 = CARTESIAN_POINT ( 'NONE',  ( 16.66532048819021838, 12.22641929943638495, 10.89401989750542299 ) ) ;
#853 = ORIENTED_EDGE ( 'NONE', *, *, #5950, .T. ) ;
#854 = CARTESIAN_POINT ( 'NONE',  ( 1.491884567279089913, -10.48854685170069700, 0.09993421091307357063 ) ) ;
#855 = ORIENTED_EDGE ( 'NONE', *, *, #6424, .F. ) ;
#856 = CARTESIAN_POINT ( 'NONE',  ( 2.404682036311078352, -11.10567448433305238, 229.1395176496496902 ) ) ;
#857 = EDGE_CURVE ( 'NONE', #1612, #7174, #5650, .T. ) ;
#858 = CARTESIAN_POINT ( 'NONE',  ( -2.915825374793929115, -10.96961719097058818, 210.8472507319875433 ) ) ;
#859 = CARTESIAN_POINT ( 'NONE',  ( 2.509165360476669271, -11.07414541417894682, 210.6923376440315394 ) ) ;
#860 = EDGE_CURVE ( 'NONE', #6866, #297, #4263, .T. ) ;
#861 = CARTESIAN_POINT ( 'NONE',  ( -1.029437251530014086, -10.08831175456560381, 229.9973980880198496 ) ) ;
#862 = CARTESIAN_POINT ( 'NONE',  ( -23.50000000000000000, 20.99999999999999645, 0.000000000000000000 ) ) ;
#863 = CARTESIAN_POINT ( 'NONE',  ( -2.578516971419552828, -7.762846798309986696, 208.9890285889481447 ) ) ;
#864 = CARTESIAN_POINT ( 'NONE',  ( 2.322142173839946810, -11.12112653618104297, 19.60047258982513441 ) ) ;
#865 = VERTEX_POINT ( 'NONE', #1062 ) ;
#866 = VECTOR ( 'NONE', #5314, 1000.000000000000000 ) ;
#867 = CARTESIAN_POINT ( 'NONE',  ( 3.428571428571425717, 7.228063223242011226, 209.5000000000000284 ) ) ;
#868 = EDGE_CURVE ( 'NONE', #6691, #6356, #7294, .T. ) ;
#869 = CARTESIAN_POINT ( 'NONE',  ( -1.811221830515580722, -10.49999999999999822, 228.5000000000000000 ) ) ;
#870 = CARTESIAN_POINT ( 'NONE',  ( -3.500000000000022649, 6.324555320336759934, 19.99999999999998934 ) ) ;
#871 = DIRECTION ( 'NONE',  ( -0.000000000000000000, 0.000000000000000000, 1.000000000000000000 ) ) ;
#872 = DIRECTION ( 'NONE',  ( -8.673617379884027583E-16, 0.000000000000000000, 1.000000000000000000 ) ) ;
#873 = ORIENTED_EDGE ( 'NONE', *, *, #2106, .F. ) ;
#874 =( NAMED_UNIT ( * ) PLANE_ANGLE_UNIT ( ) SI_UNIT ( $, .RADIAN. ) );
#875 = VECTOR ( 'NONE', #4348, 1000.000000000000000 ) ;
#876 = ORIENTED_EDGE ( 'NONE', *, *, #3699, .T. ) ;
#877 = ORIENTED_EDGE ( 'NONE', *, *, #7790, .T. ) ;
#878 = LINE ( 'NONE', #1973, #7253 ) ;
#879 = CARTESIAN_POINT ( 'NONE',  ( -2.195794014973575514, -11.21824366133830608, 210.2288603823205335 ) ) ;
#880 = DIRECTION ( 'NONE',  ( 0.000000000000000000, -1.000000000000000000, 0.000000000000000000 ) ) ;
#881 = DIRECTION ( 'NONE',  ( 0.000000000000000000, 0.000000000000000000, -1.000000000000000000 ) ) ;
#882 = CARTESIAN_POINT ( 'NONE',  ( -2.221939285080249071, -11.19411073146984315, 19.71574730427623479 ) ) ;
#883 = DIRECTION ( 'NONE',  ( -0.000000000000000000, -0.000000000000000000, 1.000000000000000000 ) ) ;
#884 = VERTEX_POINT ( 'NONE', #5201 ) ;
#885 = AXIS2_PLACEMENT_3D ( 'NONE', #3881, #7440, #1482 ) ;
#886 = CARTESIAN_POINT ( 'NONE',  ( -2.339093405759751221, -11.29886343314984032, 228.8221646634900139 ) ) ;
#887 = DIRECTION ( 'NONE',  ( 0.000000000000000000, -0.000000000000000000, -1.000000000000000000 ) ) ;
#888 = DIRECTION ( 'NONE',  ( 0.000000000000000000, 0.000000000000000000, 1.000000000000000000 ) ) ;
#889 = DIRECTION ( 'NONE',  ( 0.000000000000000000, 0.000000000000000000, 1.000000000000000000 ) ) ;
#890 = CARTESIAN_POINT ( 'NONE',  ( 1.075620314806239097, -10.04216328300758931, 229.9979846233655110 ) ) ;
#891 = CARTESIAN_POINT ( 'NONE',  ( -1.034095312463368277, -10.01136510415444469, 0.0003875468415111824657 ) ) ;
#892 = EDGE_LOOP ( 'NONE', ( #4989, #2300, #335, #1125, #1466, #322 ) ) ;
#893 = CARTESIAN_POINT ( 'NONE',  ( 1.617846925917903134, -11.22482530854461302, 0.6290627774909132164 ) ) ;
#894 = ORIENTED_EDGE ( 'NONE', *, *, #4562, .T. ) ;
#895 = CARTESIAN_POINT ( 'NONE',  ( 1.549000693897588876, -10.30453491199580540, 229.9427824576335126 ) ) ;
#896 = LINE ( 'NONE', #4516, #1235 ) ;
#897 = CARTESIAN_POINT ( 'NONE',  ( 2.772514247885061511, -10.97067002301799477, 210.7575283757556690 ) ) ;
#898 = CARTESIAN_POINT ( 'NONE',  ( -2.185839124403148759, -11.18650316874257378, 229.2144663516417040 ) ) ;
#899 = DIRECTION ( 'NONE',  ( 1.286123985089204780E-11, 4.462138939902177067E-27, 1.000000000000000000 ) ) ;
#900 = CARTESIAN_POINT ( 'NONE',  ( 3.099751018818599047, -10.85059683864902702, 210.7070102127244979 ) ) ;
#901 = ORIENTED_EDGE ( 'NONE', *, *, #7368, .T. ) ;
#902 = AXIS2_PLACEMENT_3D ( 'NONE', #3831, #2467, #845 ) ;
#903 = CARTESIAN_POINT ( 'NONE',  ( -2.368543731944369402, -11.32248540373799095, 1.360024788933467343 ) ) ;
#904 = CARTESIAN_POINT ( 'NONE',  ( -1.069081112381981891, -10.04871286605999181, 0.001839368958387503986 ) ) ;
#905 = DIRECTION ( 'NONE',  ( -1.000000000000000000, 0.000000000000000000, 0.000000000000000000 ) ) ;
#906 = CARTESIAN_POINT ( 'NONE',  ( 2.255218859977227375, -11.21584434263191099, 19.46098360789050474 ) ) ;
#907 = ADVANCED_FACE ( 'NONE', ( #6427 ), #254, .T. ) ;
#908 = ORIENTED_EDGE ( 'NONE', *, *, #3593, .T. ) ;
#909 = VERTEX_POINT ( 'NONE', #7459 ) ;
#910 = EDGE_CURVE ( 'NONE', #1027, #3280, #2252, .T. ) ;
#911 = ORIENTED_EDGE ( 'NONE', *, *, #7386, .F. ) ;
#912 = EDGE_LOOP ( 'NONE', ( #6172, #3868, #6338, #5409, #4785, #7202 ) ) ;
#913 = FACE_OUTER_BOUND ( 'NONE', #3685, .T. ) ;
#914 = CARTESIAN_POINT ( 'NONE',  ( -2.215667990802035359, -11.21200211410841696, 210.3712360128899661 ) ) ;
#915 = CARTESIAN_POINT ( 'NONE',  ( -2.839387504550483943, -10.99177377504545383, 210.8482694673158733 ) ) ;
#916 = DIRECTION ( 'NONE',  ( -0.000000000000000000, -0.000000000000000000, -1.000000000000000000 ) ) ;
#917 = FACE_OUTER_BOUND ( 'NONE', #5109, .T. ) ;
#918 = CARTESIAN_POINT ( 'NONE',  ( -2.268439153833410771, -11.15550738715143098, 19.66261630661841409 ) ) ;
#919 = DIRECTION ( 'NONE',  ( 1.000000000000000000, 0.000000000000000000, 0.000000000000000000 ) ) ;
#920 = EDGE_CURVE ( 'NONE', #579, #3157, #289, .T. ) ;
#921 = ORIENTED_EDGE ( 'NONE', *, *, #819, .T. ) ;
#922 = CARTESIAN_POINT ( 'NONE',  ( -1.548468884158680225, -11.10728553266817187, 229.5161926151803300 ) ) ;
#923 = DIRECTION ( 'NONE',  ( 1.000000000000000000, 0.000000000000000000, 0.000000000000000000 ) ) ;
#924 = CARTESIAN_POINT ( 'NONE',  ( 1.014933520385709276, -9.976868486637519240, 4.391899331449335695E-05 ) ) ;
#925 = CARTESIAN_POINT ( 'NONE',  ( 1.029437251522618668, -10.08831175456809426, 229.9973980880197360 ) ) ;
#926 = CARTESIAN_POINT ( 'NONE',  ( 1.052553418619795567, -10.06527571265560361, 229.9987566801617049 ) ) ;
#927 = DIRECTION ( 'NONE',  ( 0.000000000000000000, 1.000000000000000000, 0.000000000000000000 ) ) ;
#928 = ORIENTED_EDGE ( 'NONE', *, *, #4515, .F. ) ;
#929 = CARTESIAN_POINT ( 'NONE',  ( 1.075579475047238276, -10.04220420344360676, 0.002014011388931844643 ) ) ;
#930 = CIRCLE ( 'NONE', #1175, 1.500000000000000000 ) ;
#931 = TOROIDAL_SURFACE ( 'NONE', #6719, 2.000000000000000000, 1.500000000000000000 ) ;
#932 = EDGE_LOOP ( 'NONE', ( #2900, #660, #3125, #1325 ) ) ;
#933 = CARTESIAN_POINT ( 'NONE',  ( -2.816445305361187312, -7.307709899465015368, 20.55739764109835122 ) ) ;
#934 =( BOUNDED_SURFACE ( )  B_SPLINE_SURFACE ( 3, 2, ( 
 ( #929, #4511, #7481 ),
 ( #6965, #5615, #3257 ),
 ( #6810, #1447, #2074 ),
 ( #5696, #5107, #2035 ),
 ( #5738, #3841, #1563 ),
 ( #854, #4472, #331 ),
 ( #5658, #2742, #5144 ),
 ( #970, #3374, #7518 ),
 ( #2666, #7557, #5071 ),
 ( #2157, #1992, #893 ),
 ( #3219, #6210, #3298 ),
 ( #2116, #6930, #4433 ),
 ( #3962, #1405, #4392 ),
 ( #6375, #179, #215 ),
 ( #3805, #815, #2585 ),
 ( #4986, #2627, #5030 ),
 ( #1118, #7109, #4031 ),
 ( #5926, #7670, #7632 ),
 ( #5780, #1158, #4624 ),
 ( #4065, #7154, #6446 ) ),
 .UNSPECIFIED., .F., .F., .T. ) 
 B_SPLINE_SURFACE_WITH_KNOTS ( ( 4, 2, 2, 2, 2, 2, 2, 2, 2, 4 ),
 ( 3, 3 ),
 ( 4.977286533716779711E-05, 0.0001899816364498246824, 0.0003301904075624815475, 0.0006106079497877952775, 0.0007508167209004521425, 0.0008910254920131090075, 0.001031234263125765764, 0.001101338648682094251, 0.001136390841460258386, 0.001171443034238422738 ),
 ( 0.2166392130472568067, 1.000000000000000000 ),
 .UNSPECIFIED. ) 
 GEOMETRIC_REPRESENTATION_ITEM ( )  RATIONAL_B_SPLINE_SURFACE ( (
 ( 0.9997057532316900863, 0.9993208829459565568, 1.000000000000000000),
 ( 0.9993436519436971199, 0.9984851586952545599, 1.000000000000000000),
 ( 0.9988726953546164244, 0.9973981980696686733, 1.000000000000000000),
 ( 0.9977083868802181232, 0.9947109918662739858, 1.000000000000000000),
 ( 0.9970116060697679083, 0.9931028323815498382, 1.000000000000000000),
 ( 0.9945694443154109443, 0.9874663602950670693, 1.000000000000000000),
 ( 0.9924569746970790529, 0.9825908126307778545, 1.000000000000000000),
 ( 0.9885122803696930749, 0.9734865182791234695, 1.000000000000000000),
 ( 0.9870587419371297244, 0.9701317737429939747, 1.000000000000000000),
 ( 0.9839846453542140381, 0.9630368057091018841, 1.000000000000000000),
 ( 0.9823747615376281495, 0.9593212184108901308, 1.000000000000000000),
 ( 0.9792670979376185691, 0.9521487782134370192, 1.000000000000000000),
 ( 0.9777370035173302831, 0.9486173436251050806, 1.000000000000000000),
 ( 0.9762455874699758063, 0.9451751781316650725, 1.000000000000000000),
 ( 0.9759040638100263676, 0.9443869467326824196, 1.000000000000000000),
 ( 0.9757267323389540170, 0.9439776684017238129, 1.000000000000000000),
 ( 0.9757229262930064984, 0.9439688841057185531, 1.000000000000000000),
 ( 0.9757637976388371381, 0.9440632145486140825, 1.000000000000000000),
 ( 0.9758025890475334752, 0.9441527445283224296, 1.000000000000000000),
 ( 0.9758002664214164845, 0.9441473839426641756, 1.000000000000000000) ) ) 
 REPRESENTATION_ITEM ( '' )  SURFACE ( )  );
#935 = AXIS2_PLACEMENT_3D ( 'NONE', #2860, #615, #5972 ) ;
#936 = FACE_OUTER_BOUND ( 'NONE', #2549, .T. ) ;
#937 = CARTESIAN_POINT ( 'NONE',  ( 2.913626296308029939, -10.97007306885249989, 210.8470045602167318 ) ) ;
#938 = CARTESIAN_POINT ( 'NONE',  ( 0.000000000000000000, 0.000000000000000000, 228.5000000000000000 ) ) ;
#939 = CARTESIAN_POINT ( 'NONE',  ( -3.999999999999997335, -9.165151389911681434, 21.49999999999999289 ) ) ;
#940 = CARTESIAN_POINT ( 'NONE',  ( 3.015681091877976172, -7.856154091012158780, 209.6361087561288343 ) ) ;
#941 = ORIENTED_EDGE ( 'NONE', *, *, #653, .T. ) ;
#942 = PRODUCT_DEFINITION_CONTEXT ( 'detailed design', #6828, 'design' ) ;
#943 = CARTESIAN_POINT ( 'NONE',  ( 2.198904348062544756, -11.21523582497899696, 210.2553609464854674 ) ) ;
#944 = CARTESIAN_POINT ( 'NONE',  ( 2.315242935429801641, -11.28539262644729924, 19.07491009463219456 ) ) ;
#945 = CARTESIAN_POINT ( 'NONE',  ( 3.116852522591199826, -6.875380183681484958, 208.8924820259695991 ) ) ;
#946 = CARTESIAN_POINT ( 'NONE',  ( -2.857315388789340993, -11.03824004313151264, 210.9661887479526854 ) ) ;
#947 = VERTEX_POINT ( 'NONE', #174 ) ;
#948 = EDGE_CURVE ( 'NONE', #5301, #4311, #2110, .T. ) ;
#949 = PRODUCT_CONTEXT ( 'NONE', #4248, 'mechanical' ) ;
#950 = ORIENTED_EDGE ( 'NONE', *, *, #7042, .T. ) ;
#951 = FACE_OUTER_BOUND ( 'NONE', #4013, .T. ) ;
#952 = CARTESIAN_POINT ( 'NONE',  ( -2.275201535038327449, -11.17636285268518037, 210.4704015810415569 ) ) ;
#953 = EDGE_CURVE ( 'NONE', #7238, #6392, #1479, .T. ) ;
#954 = CARTESIAN_POINT ( 'NONE',  ( -2.752762626346351826, -10.99981223126996355, 210.8000159229124790 ) ) ;
#955 = EDGE_CURVE ( 'NONE', #4841, #2236, #6286, .T. ) ;
#956 = CARTESIAN_POINT ( 'NONE',  ( -2.464439585226465113, -11.04188024788521183, 210.5047100801259319 ) ) ;
#957 = DIRECTION ( 'NONE',  ( -1.000000000000000000, 0.000000000000000000, 0.000000000000000000 ) ) ;
#958 = ADVANCED_FACE ( 'NONE', ( #4948 ), #3759, .T. ) ;
#959 = DIRECTION ( 'NONE',  ( -0.000000000000000000, -0.000000000000000000, 1.000000000000000000 ) ) ;
#960 = DIRECTION ( 'NONE',  ( -0.000000000000000000, -0.000000000000000000, 1.000000000000000000 ) ) ;
#961 = ORIENTED_EDGE ( 'NONE', *, *, #1770, .T. ) ;
#962 = ORIENTED_EDGE ( 'NONE', *, *, #4331, .F. ) ;
#963 = CARTESIAN_POINT ( 'NONE',  ( 2.195403211960517798, -11.21861987444563447, 210.2279669378453093 ) ) ;
#964 = SPHERICAL_SURFACE ( 'NONE', #6878, 1.500000000000000000 ) ;
#965 = ADVANCED_FACE ( 'NONE', ( #4387 ), #5691, .F. ) ;
#966 = CYLINDRICAL_SURFACE ( 'NONE', #5243, 1.499999999999999556 ) ;
#967 = CARTESIAN_POINT ( 'NONE',  ( -4.000000000000000000, 6.324555320336759934, 209.5000000000000284 ) ) ;
#968 = DIRECTION ( 'NONE',  ( -0.000000000000000000, -0.000000000000000000, -1.000000000000000000 ) ) ;
#969 = ORIENTED_EDGE ( 'NONE', *, *, #4076, .F. ) ;
#970 = CARTESIAN_POINT ( 'NONE',  ( 1.764756533862705368, -10.76429725891142297, 0.2652490178251452058 ) ) ;
#971 = VECTOR ( 'NONE', #6432, 1000.000000000000000 ) ;
#972 = AXIS2_PLACEMENT_3D ( 'NONE', #1886, #2436, #4244 ) ;
#973 = EDGE_LOOP ( 'NONE', ( #1474, #7022, #4118, #602, #2510, #3787 ) ) ;
#974 = CARTESIAN_POINT ( 'NONE',  ( -3.999999999999998224, -8.062257748298549132, 19.99999999999998934 ) ) ;
#975 = ADVANCED_FACE ( 'NONE', ( #135 ), #1359, .T. ) ;
#976 = DIRECTION ( 'NONE',  ( -1.000000000000000000, 0.000000000000000000, 0.000000000000000000 ) ) ;
#977 = CARTESIAN_POINT ( 'NONE',  ( 2.913626296308029939, -10.97007306885249989, 210.8470045602167318 ) ) ;
#978 = CARTESIAN_POINT ( 'NONE',  ( 4.000000000000000000, 3.500000000000000000, 209.5000000000000284 ) ) ;
#979 = EDGE_CURVE ( 'NONE', #6460, #2393, #810, .T. ) ;
#980 = FACE_OUTER_BOUND ( 'NONE', #1363, .T. ) ;
#981 = AXIS2_PLACEMENT_3D ( 'NONE', #3003, #4854, #5998 ) ;
#982 = CARTESIAN_POINT ( 'NONE',  ( -3.092945468730797565, -7.872533273758786088, 209.6986429661207012 ) ) ;
#983 = ORIENTED_EDGE ( 'NONE', *, *, #2559, .F. ) ;
#984 = AXIS2_PLACEMENT_3D ( 'NONE', #1174, #7724, #1651 ) ;
#985 =( BOUNDED_CURVE ( )  B_SPLINE_CURVE ( 3, ( #5114, #3968, #6855, #6381 ),
 .UNSPECIFIED., .F., .F. ) 
 B_SPLINE_CURVE_WITH_KNOTS ( ( 4, 4 ),
 ( 1.570796326794896558, 1.593528492866164159 ),
 .UNSPECIFIED. ) 
 CURVE ( )  GEOMETRIC_REPRESENTATION_ITEM ( )  RATIONAL_B_SPLINE_CURVE ( ( 1.000000000000000000, 0.9999569378490709148, 0.9999569378490709148, 1.000000000000000000 ) ) 
 REPRESENTATION_ITEM ( '' )  );
#986 = CARTESIAN_POINT ( 'NONE',  ( 2.194994261696812554, -11.21901528231916245, 210.2270775949737072 ) ) ;
#987 = CARTESIAN_POINT ( 'NONE',  ( 2.819682451661410738, -11.09534413420159815, 18.89555768230170685 ) ) ;
#988 = DIRECTION ( 'NONE',  ( -1.000000000000000000, 0.000000000000000000, 0.000000000000000000 ) ) ;
#989 = CARTESIAN_POINT ( 'NONE',  ( -2.550567335090033527, -11.13929488204165885, 211.0220043263814205 ) ) ;
#990 = EDGE_LOOP ( 'NONE', ( #1134, #2470, #3806, #1820 ) ) ;
#991 = CIRCLE ( 'NONE', #5391, 6.216029316036113528 ) ;
#992 =( LENGTH_UNIT ( ) NAMED_UNIT ( * ) SI_UNIT ( .MILLI., .METRE. ) );
#993 = ORIENTED_EDGE ( 'NONE', *, *, #1791, .T. ) ;
#994 = DIRECTION ( 'NONE',  ( -1.000000000000000000, -5.204170427930423650E-15, 0.000000000000000000 ) ) ;
#995 = CARTESIAN_POINT ( 'NONE',  ( -2.227132883540213104, -11.21258931365631639, 210.4284597019887428 ) ) ;
#996 = ADVANCED_FACE ( 'NONE', ( #2621 ), #5026, .F. ) ;
#997 = CARTESIAN_POINT ( 'NONE',  ( -2.782917334251359787, -11.00052596444407804, 210.8263107981529458 ) ) ;
#998 = CARTESIAN_POINT ( 'NONE',  ( 2.816445305361278795, -7.307709899465073988, 20.55739764109834056 ) ) ;
#999 = DIRECTION ( 'NONE',  ( -0.000000000000000000, -0.000000000000000000, -1.000000000000000000 ) ) ;
#1000 = CARTESIAN_POINT ( 'NONE',  ( -2.195038012306259390, -11.21897299333969045, 19.77249413948355183 ) ) ;
#1001 = CARTESIAN_POINT ( 'NONE',  ( -0.9999999999999976685, -9.949874371066199430, 230.0000000000000000 ) ) ;
#1002 = EDGE_LOOP ( 'NONE', ( #7102, #1059, #2217, #5898 ) ) ;
#1003 = ORIENTED_EDGE ( 'NONE', *, *, #3743, .F. ) ;
#1004 = CARTESIAN_POINT ( 'NONE',  ( 2.195465377638808224, -11.21856078924529498, 210.2284122489760705 ) ) ;
#1005 = TOROIDAL_SURFACE ( 'NONE', #6421, 7.716029316036113528, 1.500000000000000000 ) ;
#1006 = CYLINDRICAL_SURFACE ( 'NONE', #5871, 1.499999999999999556 ) ;
#1007 = FACE_OUTER_BOUND ( 'NONE', #7282, .T. ) ;
#1008 = CARTESIAN_POINT ( 'NONE',  ( -2.499999999999998224, -7.100469468046932242, 208.5000000000000853 ) ) ;
#1009 = DIRECTION ( 'NONE',  ( 0.000000000000000000, 0.000000000000000000, -1.000000000000000000 ) ) ;
#1010 = CIRCLE ( 'NONE', #6425, 1.500000000000001332 ) ;
#1011 = VERTEX_POINT ( 'NONE', #1520 ) ;
#1012 = CARTESIAN_POINT ( 'NONE',  ( -3.088235309840742460, -6.834676486202755363, 21.39156217768418955 ) ) ;
#1013 = VECTOR ( 'NONE', #1081, 1000.000000000000000 ) ;
#1014 = CARTESIAN_POINT ( 'NONE',  ( 4.000000000000000888, -9.165151389911676105, 208.5000000000000284 ) ) ;
#1015 = CARTESIAN_POINT ( 'NONE',  ( 1.016460435404026308, -9.964757506428524536, 230.0000000002548859 ) ) ;
#1016 = LINE ( 'NONE', #303, #6216 ) ;
#1017 = DIRECTION ( 'NONE',  ( 0.000000000000000000, 0.000000000000000000, 1.000000000000000000 ) ) ;
#1018 = CARTESIAN_POINT ( 'NONE',  ( -16.66532048819021838, 12.22641929943638317, 219.1059801024945841 ) ) ;
#1019 = VERTEX_POINT ( 'NONE', #3916 ) ;
#1020 = EDGE_CURVE ( 'NONE', #3185, #7726, #7356, .T. ) ;
#1021 = EDGE_LOOP ( 'NONE', ( #1186, #268, #1147 ) ) ;
#1022 = CARTESIAN_POINT ( 'NONE',  ( -2.115787091737608705, -11.49716068680148062, 1.387018911689446909 ) ) ;
#1023 = CARTESIAN_POINT ( 'NONE',  ( -23.50000000000000000, 20.99999999999999645, 228.5000000000000000 ) ) ;
#1024 = CARTESIAN_POINT ( 'NONE',  ( -1.009818097978453899, -10.02945429393533772, 230.0000000000000000 ) ) ;
#1025 = CARTESIAN_POINT ( 'NONE',  ( 2.782855230759284648, -10.97571082068118642, 19.21114774487898558 ) ) ;
#1026 = DIRECTION ( 'NONE',  ( 1.000000000000000000, 0.000000000000000000, 0.000000000000000000 ) ) ;
#1027 = VERTEX_POINT ( 'NONE', #6877 ) ;
#1028 = CIRCLE ( 'NONE', #5055, 2.000000000000000000 ) ;
#1029 = ORIENTED_EDGE ( 'NONE', *, *, #5979, .T. ) ;
#1030 = LINE ( 'NONE', #4535, #589 ) ;
#1031 = CARTESIAN_POINT ( 'NONE',  ( 3.088235294117648078, -6.834676493307207501, 208.5000000000000284 ) ) ;
#1032 = AXIS2_PLACEMENT_3D ( 'NONE', #5493, #3133, #89 ) ;
#1033 = CARTESIAN_POINT ( 'NONE',  ( -2.874045193247215746, -10.97596039561175196, 210.8372662737988037 ) ) ;
#1034 = CARTESIAN_POINT ( 'NONE',  ( 2.912066371730489323, -7.834142325845448340, 20.46275007745010299 ) ) ;
#1035 = LINE ( 'NONE', #3949, #6033 ) ;
#1036 = CARTESIAN_POINT ( 'NONE',  ( -2.238019226611785761, -11.21236966884205444, 19.52843549913924903 ) ) ;
#1037 = FACE_OUTER_BOUND ( 'NONE', #7680, .T. ) ;
#1038 = VERTEX_POINT ( 'NONE', #5653 ) ;
#1039 = ORIENTED_EDGE ( 'NONE', *, *, #6348, .F. ) ;
#1040 = AXIS2_PLACEMENT_3D ( 'NONE', #3991, #2185, #6442 ) ;
#1041 = CARTESIAN_POINT ( 'NONE',  ( -23.50000000000000000, 20.99999999999999645, 211.5000000000000284 ) ) ;
#1042 = CARTESIAN_POINT ( 'NONE',  ( 4.000000000000022204, 0.000000000000000000, 20.49999999999998934 ) ) ;
#1043 = CARTESIAN_POINT ( 'NONE',  ( -2.499999999999997780, -7.745966692414834043, 208.5000000000000284 ) ) ;
#1044 = ORIENTED_EDGE ( 'NONE', *, *, #7158, .T. ) ;
#1045 = CARTESIAN_POINT ( 'NONE',  ( -3.289904747188014955, -7.914186196241352889, 20.16568555800588314 ) ) ;
#1046 = ADVANCED_FACE ( 'NONE', ( #6167 ), #6334, .T. ) ;
#1047 = CARTESIAN_POINT ( 'NONE',  ( -2.900737522051917150, -10.98172423248213114, 210.8637248344482487 ) ) ;
#1048 = ADVANCED_FACE ( 'NONE', ( #6244 ), #1946, .T. ) ;
#1049 = LINE ( 'NONE', #2305, #7351 ) ;
#1050 = CARTESIAN_POINT ( 'NONE',  ( -1.804416704378137393, -11.50000000000000000, 211.3895832941174149 ) ) ;
#1051 = CIRCLE ( 'NONE', #6084, 1.500000000000000000 ) ;
#1052 = CARTESIAN_POINT ( 'NONE',  ( 1.811221830515601594, -11.49999999999999822, 18.49999999999998934 ) ) ;
#1053 = ORIENTED_EDGE ( 'NONE', *, *, #3741, .F. ) ;
#1054 = EDGE_CURVE ( 'NONE', #681, #1485, #4607, .T. ) ;
#1055 = EDGE_CURVE ( 'NONE', #4352, #5329, #2075, .T. ) ;
#1056 = ORIENTED_EDGE ( 'NONE', *, *, #1965, .F. ) ;
#1057 = CIRCLE ( 'NONE', #5456, 7.716029316036113528 ) ;
#1058 = CIRCLE ( 'NONE', #1683, 1.500000000000001332 ) ;
#1059 = ORIENTED_EDGE ( 'NONE', *, *, #4076, .T. ) ;
#1060 = CARTESIAN_POINT ( 'NONE',  ( -1.193345233798227767, -10.11277734500381875, 229.9897888867050426 ) ) ;
#1061 = CARTESIAN_POINT ( 'NONE',  ( 2.906510586170369059, -10.97729274539704747, 19.14226473102752379 ) ) ;
#1062 = CARTESIAN_POINT ( 'NONE',  ( 23.50000000000000000, 13.72641929943638139, 19.99999999999998934 ) ) ;
#1063 = CARTESIAN_POINT ( 'NONE',  ( -3.134149994131305128, -6.899934586660246616, 21.01135638966784924 ) ) ;
#1064 = DIRECTION ( 'NONE',  ( 1.000000000000000000, 0.000000000000000000, 0.000000000000000000 ) ) ;
#1065 = ORIENTED_EDGE ( 'NONE', *, *, #1731, .T. ) ;
#1066 = LINE ( 'NONE', #3461, #4102 ) ;
#1067 = LINE ( 'NONE', #1218, #1083 ) ;
#1068 = CARTESIAN_POINT ( 'NONE',  ( -2.868535926221452925, -10.98484445199324888, 210.8522593205353530 ) ) ;
#1069 = CARTESIAN_POINT ( 'NONE',  ( 0.000000000000000000, 20.99999999999999645, 0.000000000000000000 ) ) ;
#1070 = EDGE_CURVE ( 'NONE', #6945, #6964, #3230, .T. ) ;
#1071 = CARTESIAN_POINT ( 'NONE',  ( 1.811221830515586495, -10.49999999999999645, 19.99999999999998934 ) ) ;
#1072 = CARTESIAN_POINT ( 'NONE',  ( -2.674268229328758739, -11.01199467296351919, 19.23365803477070202 ) ) ;
#1073 = CARTESIAN_POINT ( 'NONE',  ( 23.50000000000000000, 13.72641929943638139, 18.49999999999998934 ) ) ;
#1074 = VERTEX_POINT ( 'NONE', #5989 ) ;
#1075 = ORIENTED_EDGE ( 'NONE', *, *, #6079, .F. ) ;
#1076 = B_SPLINE_SURFACE_WITH_KNOTS ( 'NONE', 3, 3, ( 
 ( #5219, #4142, #2810, #7701, #4027, #2257, #1701, #4692, #4585, #6405, #6998, #4655, #1742, #1665, #5178 ),
 ( #7105, #963, #1004, #3365, #4062, #5810, #5774, #5296, #6480, #2294, #367, #1591, #2885, #3471, #4619 ),
 ( #4101, #7033, #5886, #4731, #6519, #7150, #1114, #488, #5332, #3515, #5921, #2925, #3002, #3551, #5997 ),
 ( #3630, #4220, #5370, #6634, #7782, #1786, #2376, #4183, #1230, #5411, #1153, #4771, #7188, #6598, #1823 ),
 ( #1190, #5960, #604, #6559, #7227, #3586, #3, #2417, #563, #6039, #646, #4813, #2964, #5468, #6580 ),
 ( #3611, #7761, #1804, #2356, #624, #7288, #1765, #2435, #3654, #4202, #4791, #6616, #6017, #583, #103 ),
 ( #6734, #1884, #6656, #2947, #6059, #3691, #6695, #3067, #3571, #666, #5510, #3024, #7207, #5430, #5392 ),
 ( #63, #545, #4919, #4161, #4279, #2476, #7802, #2984, #7245, #1212, #7169, #1289, #23, #4835, #1172 ),
 ( #1843, #2516, #4754, #5981, #2397, #5354, #4875, #4242, #7328, #1922, #1250, #6098, #704, #3106, #4318 ),
 ( #1331, #5940, #5664, #1489, #5075, #302, #4439, #744, #1452, #3889, #4476, #859, #1368, #3848, #3303 ),
 ( #2592, #823, #3189, #5036, #6256, #6135, #2710, #7367, #2080, #263, #5585, #6177, #7446, #7409, #4957 ),
 ( #2671, #2556, #3224, #4517, #7489, #6892, #6814, #5622, #6300, #6936, #1955, #784, #1413, #3728, #3149 ),
 ( #897, #5546, #5700, #146, #5112, #4360, #7524, #6775, #3771, #184, #2122, #2633, #4992, #1999, #4398 ),
 ( #2041, #3811, #6218, #221, #6853, #3262, #5305, #4666, #499, #5856, #3379, #5893, #7711, #1602, #4629 ),
 ( #3339, #7637, #2896, #2304, #4070, #6971, #6487, #977, #4594, #1568, #4002, #4705, #1639, #937, #2783 ) ),
 .UNSPECIFIED., .F., .F., .F.,
 ( 4, 2, 2, 1, 2, 2, 2, 4 ),
 ( 4, 2, 1, 2, 2, 1, 1, 2, 4 ),
 ( 0.000000000000000000, 0.001953125000000000000, 0.007812500000000000000, 0.1250000000000000000, 0.2500000000000000000, 0.5000000000000000000, 0.7500000000000000000, 1.000000000000000000 ),
 ( 0.000000000000000000, 0.003906250000000000000, 0.1250000000000000000, 0.2500000000000000000, 0.5000000000000000000, 0.7500000000000000000, 0.8750000000000000000, 0.9921875000000000000, 1.000000000000000000 ),
 .UNSPECIFIED. ) ;
#1077 = DIRECTION ( 'NONE',  ( -0.000000000000000000, -0.000000000000000000, 1.000000000000000000 ) ) ;
#1078 = CARTESIAN_POINT ( 'NONE',  ( -23.50000000000000000, 20.99999999999999645, 19.99999999999998934 ) ) ;
#1079 = CARTESIAN_POINT ( 'NONE',  ( -2.556622625069803867, -7.758141882992444671, 208.9218038078319921 ) ) ;
#1080 = FACE_OUTER_BOUND ( 'NONE', #1589, .T. ) ;
#1081 = DIRECTION ( 'NONE',  ( -1.000000000000000000, 0.000000000000000000, -0.000000000000000000 ) ) ;
#1082 = CARTESIAN_POINT ( 'NONE',  ( -2.511620315172421680, -7.748468092593813417, 21.28556443262756659 ) ) ;
#1083 = VECTOR ( 'NONE', #2668, 1000.000000000000000 ) ;
#1084 = CARTESIAN_POINT ( 'NONE',  ( -2.900564266968771676, -10.98005371965382970, 210.8601815384922986 ) ) ;
#1085 = DIRECTION ( 'NONE',  ( 2.130544957479537342E-15, -0.9211316617536891016, 0.3892511550591566949 ) ) ;
#1086 = CARTESIAN_POINT ( 'NONE',  ( 3.092945468730803782, -7.872533273758786088, 20.30135703387935564 ) ) ;
#1087 = CARTESIAN_POINT ( 'NONE',  ( 1.290383495412422477, -10.19598385680363251, 0.02472518744568852692 ) ) ;
#1088 = CARTESIAN_POINT ( 'NONE',  ( -1.140056652260985626, -10.13120431671486976, 0.006247471762000703956 ) ) ;
#1089 = EDGE_LOOP ( 'NONE', ( #661, #7718, #6110, #3343 ) ) ;
#1090 = AXIS2_PLACEMENT_3D ( 'NONE', #1924, #1844, #747 ) ;
#1091 = ORIENTED_EDGE ( 'NONE', *, *, #3462, .F. ) ;
#1092 = ADVANCED_FACE ( 'NONE', ( #6370 ), #966, .F. ) ;
#1093 = EDGE_LOOP ( 'NONE', ( #241, #6997, #6328, #6907 ) ) ;
#1094 = CARTESIAN_POINT ( 'NONE',  ( -2.361800560466326360, -11.07245452514508521, 229.2213809978066763 ) ) ;
#1095 = AXIS2_PLACEMENT_3D ( 'NONE', #1941, #6677, #5564 ) ;
#1096 = CARTESIAN_POINT ( 'NONE',  ( 2.783601829262499994, -11.15802674562695529, 228.5000000000000000 ) ) ;
#1097 = DIRECTION ( 'NONE',  ( 0.000000000000000000, 0.000000000000000000, 1.000000000000000000 ) ) ;
#1098 = CIRCLE ( 'NONE', #1478, 1.500000000000001332 ) ;
#1099 = CARTESIAN_POINT ( 'NONE',  ( 2.913626296283085004, -10.97007306887192613, 19.15299543975768159 ) ) ;
#1100 = LINE ( 'NONE', #7210, #2357 ) ;
#1101 = ORIENTED_EDGE ( 'NONE', *, *, #1392, .T. ) ;
#1102 = DIRECTION ( 'NONE',  ( 0.9035079029052514032, 0.4285714285714281035, 0.000000000000000000 ) ) ;
#1103 = CARTESIAN_POINT ( 'NONE',  ( -2.338459215895048349, -11.32881605559344607, 18.82153861886924773 ) ) ;
#1104 = CARTESIAN_POINT ( 'NONE',  ( 2.257385243054939483, -11.21724869917041723, 19.44978037015716055 ) ) ;
#1105 = FACE_OUTER_BOUND ( 'NONE', #3238, .T. ) ;
#1106 = CARTESIAN_POINT ( 'NONE',  ( -2.345405229801923674, -11.34536861541395325, 211.3409314672577750 ) ) ;
#1107 = DIRECTION ( 'NONE',  ( -0.000000000000000000, 0.000000000000000000, 1.000000000000000000 ) ) ;
#1108 = CARTESIAN_POINT ( 'NONE',  ( -2.438338603385755032, -11.08975700516292129, 19.38846241155503591 ) ) ;
#1109 = DIRECTION ( 'NONE',  ( 1.000000000000000000, 0.000000000000000000, 0.000000000000000000 ) ) ;
#1110 = ORIENTED_EDGE ( 'NONE', *, *, #151, .T. ) ;
#1111 = ORIENTED_EDGE ( 'NONE', *, *, #2034, .T. ) ;
#1112 = LINE ( 'NONE', #1741, #7647 ) ;
#1113 = AXIS2_PLACEMENT_3D ( 'NONE', #1692, #7690, #476 ) ;
#1114 = CARTESIAN_POINT ( 'NONE',  ( 2.214930365001662071, -11.20802792939557513, 210.3418516781341623 ) ) ;
#1115 = CARTESIAN_POINT ( 'NONE',  ( 9.406916296478003758, 3.392628153962141901, 210.0000000000000284 ) ) ;
#1116 = CARTESIAN_POINT ( 'NONE',  ( 3.506635215907313974, -10.44818686256058626, 19.60255628002663641 ) ) ;
#1117 = CARTESIAN_POINT ( 'NONE',  ( -3.850478233947506990, -7.969519169054756880, 209.9999999842953002 ) ) ;
#1118 = CARTESIAN_POINT ( 'NONE',  ( 2.350750383491378326, -11.30851722022896055, 1.233734602561929572 ) ) ;
#1119 = ORIENTED_EDGE ( 'NONE', *, *, #5241, .F. ) ;
#1120 = CARTESIAN_POINT ( 'NONE',  ( 2.865747895596657990, -11.02611280088041745, 19.06047263279127790 ) ) ;
#1121 = CARTESIAN_POINT ( 'NONE',  ( -1.393104395106083748, -10.19498086068917431, 0.02755122279029633206 ) ) ;
#1122 = FACE_OUTER_BOUND ( 'NONE', #5245, .T. ) ;
#1123 = DIRECTION ( 'NONE',  ( 1.000000000000000000, 0.000000000000000000, 0.000000000000000000 ) ) ;
#1124 = CARTESIAN_POINT ( 'NONE',  ( -1.069081112381981891, -10.04871286605999181, 0.001839368958387503986 ) ) ;
#1125 = ORIENTED_EDGE ( 'NONE', *, *, #7669, .F. ) ;
#1126 = AXIS2_PLACEMENT_3D ( 'NONE', #2487, #7298, #1301 ) ;
#1127 = EDGE_LOOP ( 'NONE', ( #1771, #1554, #4869, #1801 ) ) ;
#1128 = EDGE_LOOP ( 'NONE', ( #2309, #2720, #559, #6130 ) ) ;
#1129 = CARTESIAN_POINT ( 'NONE',  ( -2.726858762386552559, -11.11950090684334036, 228.9009187261946465 ) ) ;
#1130 = DIRECTION ( 'NONE',  ( -9.791996142006161452E-17, 1.000000000000000000, 0.000000000000000000 ) ) ;
#1131 = CARTESIAN_POINT ( 'NONE',  ( 2.770895295441386352, -10.96542590291126196, 19.23805343980025384 ) ) ;
#1132 = CARTESIAN_POINT ( 'NONE',  ( 2.246654638049968344, -11.21168805224601961, 19.50339693709076627 ) ) ;
#1133 = EDGE_CURVE ( 'NONE', #260, #4411, #1841, .T. ) ;
#1134 = ORIENTED_EDGE ( 'NONE', *, *, #5382, .F. ) ;
#1135 = ORIENTED_EDGE ( 'NONE', *, *, #1388, .F. ) ;
#1136 = CARTESIAN_POINT ( 'NONE',  ( 2.192015627775045772, -11.22188251877650167, 19.76211213947894407 ) ) ;
#1137 = CARTESIAN_POINT ( 'NONE',  ( -2.345405229801958757, -11.34536861541393016, 18.66220704870356428 ) ) ;
#1138 = CARTESIAN_POINT ( 'NONE',  ( 2.195807325243027019, -11.21823063148731414, 19.77118481036660214 ) ) ;
#1139 = EDGE_CURVE ( 'NONE', #1599, #5462, #2186, .T. ) ;
#1140 = CARTESIAN_POINT ( 'NONE',  ( 2.119188438080337633, -11.49999999596189326, 228.5560235021704898 ) ) ;
#1141 = FACE_OUTER_BOUND ( 'NONE', #3700, .T. ) ;
#1142 = CARTESIAN_POINT ( 'NONE',  ( -3.779976637959939101, -9.922438674644833867, 210.1332474124368446 ) ) ;
#1143 = EDGE_CURVE ( 'NONE', #2523, #7261, #4131, .T. ) ;
#1144 = CARTESIAN_POINT ( 'NONE',  ( -2.455317765034137345, -11.09840088540061487, 19.33452753412909075 ) ) ;
#1145 = CARTESIAN_POINT ( 'NONE',  ( -1.021566454688606296, -9.959110810818971871, 230.0000000000000000 ) ) ;
#1146 = EDGE_CURVE ( 'NONE', #6132, #1880, #7035, .T. ) ;
#1147 = ORIENTED_EDGE ( 'NONE', *, *, #4584, .F. ) ;
#1148 = EDGE_LOOP ( 'NONE', ( #5424, #4787, #711, #4179 ) ) ;
#1149 = EDGE_CURVE ( 'NONE', #662, #3145, #700, .T. ) ;
#1150 = B_SPLINE_CURVE_WITH_KNOTS ( 'NONE', 3,
 ( #3642, #736, #6090, #3098, #6049, #95, #4866 ),
 .UNSPECIFIED., .F., .F.,
 ( 4, 3, 4 ),
 ( -1.111909638105466018E-05, 0.000000000000000000, 5.910174848718554311E-05 ),
 .UNSPECIFIED. ) ;
#1151 = AXIS2_PLACEMENT_3D ( 'NONE', #3884, #6845, #2705 ) ;
#1152 = LINE ( 'NONE', #5446, #5253 ) ;
#1153 = CARTESIAN_POINT ( 'NONE',  ( 2.254608823550573682, -11.21263055963814637, 210.5264645518669795 ) ) ;
#1154 = DIRECTION ( 'NONE',  ( 0.000000000000000000, 0.000000000000000000, -1.000000000000000000 ) ) ;
#1155 = PLANE ( 'NONE',  #5628 ) ;
#1156 = CARTESIAN_POINT ( 'NONE',  ( -1.085574494144085467, -9.986409417821080936, 229.9993595181170463 ) ) ;
#1157 = ADVANCED_FACE ( 'NONE', ( #1141 ), #2220, .T. ) ;
#1158 = CARTESIAN_POINT ( 'NONE',  ( 2.118899568965449731, -11.49999999281093110, 1.443979259463380016 ) ) ;
#1159 = ORIENTED_EDGE ( 'NONE', *, *, #953, .F. ) ;
#1160 = CARTESIAN_POINT ( 'NONE',  ( 2.783601829261963978, -11.15802674562708852, 18.49999999999998934 ) ) ;
#1161 = CARTESIAN_POINT ( 'NONE',  ( 2.241492463571745031, -11.20637062647489834, 19.54037017519049257 ) ) ;
#1162 = CARTESIAN_POINT ( 'NONE',  ( -1.153229671446422300, -10.14238641560898557, 0.009470644121527111575 ) ) ;
#1163 = DIRECTION ( 'NONE',  ( -0.000000000000000000, 0.000000000000000000, -1.000000000000000000 ) ) ;
#1164 = CARTESIAN_POINT ( 'NONE',  ( -2.346017078712853809, -11.23234120969401317, 210.8178606344686727 ) ) ;
#1165 = CARTESIAN_POINT ( 'NONE',  ( -16.50000860617254617, 12.22422072132339643, 219.8468064663734083 ) ) ;
#1166 = ORIENTED_EDGE ( 'NONE', *, *, #4113, .T. ) ;
#1167 = ADVANCED_FACE ( 'NONE', ( #326 ), #1006, .T. ) ;
#1168 = EDGE_LOOP ( 'NONE', ( #7798, #3000, #98, #4953 ) ) ;
#1169 = EDGE_LOOP ( 'NONE', ( #4217, #5397, #427, #1403 ) ) ;
#1170 = CARTESIAN_POINT ( 'NONE',  ( -2.196292487247556213, -10.94254071812785156, 229.4584498487741939 ) ) ;
#1171 = DIRECTION ( 'NONE',  ( 0.000000000000000000, 1.000000000000000000, 0.000000000000000000 ) ) ;
#1172 = CARTESIAN_POINT ( 'NONE',  ( 2.381397555903410623, -11.14198338142660205, 210.6374156426161903 ) ) ;
#1173 = CARTESIAN_POINT ( 'NONE',  ( 2.913626296283085448, -10.97007306887192613, 19.15299543975768159 ) ) ;
#1174 = CARTESIAN_POINT ( 'NONE',  ( 23.50000000000000000, 20.99999999999999645, 18.49999999999998934 ) ) ;
#1175 = AXIS2_PLACEMENT_3D ( 'NONE', #7692, #6992, #6657 ) ;
#1176 = EDGE_LOOP ( 'NONE', ( #4394, #701, #6849, #6701 ) ) ;
#1177 = FACE_OUTER_BOUND ( 'NONE', #2663, .T. ) ;
#1178 = DIRECTION ( 'NONE',  ( -0.5150787536377130493, -0.8571428571428572063, -0.000000000000000000 ) ) ;
#1179 =( BOUNDED_SURFACE ( )  B_SPLINE_SURFACE ( 3, 2, ( 
 ( #7436, #91, #3717 ),
 ( #4347, #207, #6761 ),
 ( #2503, #1477, #3877 ),
 ( #809, #6120, #4905 ),
 ( #2068, #3136, #2027 ),
 ( #4980, #693, #4386 ),
 ( #771, #6802, #4465 ),
 ( #4426, #1398, #3214 ),
 ( #3834, #6243, #2620 ),
 ( #5608, #3757, #3250 ),
 ( #3177, #1911, #6164 ),
 ( #5570, #5536, #6721 ) ),
 .UNSPECIFIED., .F., .F., .F. ) 
 B_SPLINE_SURFACE_WITH_KNOTS ( ( 4, 2, 2, 2, 2, 4 ),
 ( 3, 3 ),
 ( 0.001643538064182106405, 0.001971910939984823381, 0.002300283815787540573, 0.002628656691590257333, 0.002792843129491615929, 0.002957029567392974526 ),
 ( 0.000000000000000000, 0.7401000607509383711 ),
 .UNSPECIFIED. ) 
 GEOMETRIC_REPRESENTATION_ITEM ( )  RATIONAL_B_SPLINE_SURFACE ( (
 ( 1.000000000000000000, 0.7832297109625324660, 0.8873228300963214021),
 ( 1.000000000000000000, 0.7960918064081646817, 0.8940085457461921514),
 ( 1.000000000000000000, 0.8102106560519929390, 0.9013475220755873263),
 ( 1.000000000000000000, 0.8408032785554041544, 0.9172495635357994503),
 ( 1.000000000000000000, 0.8574123388307309801, 0.9258829510488824077),
 ( 1.000000000000000000, 0.8911890633763602798, 0.9434400883637650281),
 ( 1.000000000000000000, 0.9084887066108799925, 0.9524324408151293442),
 ( 1.000000000000000000, 0.9296736842585118232, 0.9634443896223539028),
 ( 1.000000000000000000, 0.9358741060488114938, 0.9666673681155886211),
 ( 1.000000000000000000, 0.9447420233029785175, 0.9712769104268361708),
 ( 1.000000000000000000, 0.9472726463464818947, 0.9725923279773736052),
 ( 1.000000000000000000, 0.9472318180519063713, 0.9725711054348140649) ) ) 
 REPRESENTATION_ITEM ( '' )  SURFACE ( )  );
#1180 = CARTESIAN_POINT ( 'NONE',  ( 2.239289193657612476, -11.20804641963176351, 19.54206828329182599 ) ) ;
#1181 = CARTESIAN_POINT ( 'NONE',  ( -2.261157850637170341, -11.21987325376537825, 210.5701593652510724 ) ) ;
#1182 = DIRECTION ( 'NONE',  ( 1.000000000000000000, 0.000000000000000000, 0.000000000000000000 ) ) ;
#1183 = CARTESIAN_POINT ( 'NONE',  ( -1.068190624926722787, -10.01136510415445180, -1.499224906316979355 ) ) ;
#1184 = CARTESIAN_POINT ( 'NONE',  ( -2.639734278319966876, -10.98533738564922047, 19.32795823925809842 ) ) ;
#1185 = CARTESIAN_POINT ( 'NONE',  ( -2.499999999999998668, -10.57813932338379281, 208.8490449817583396 ) ) ;
#1186 = ORIENTED_EDGE ( 'NONE', *, *, #1908, .T. ) ;
#1187 = VERTEX_POINT ( 'NONE', #2222 ) ;
#1188 = CARTESIAN_POINT ( 'NONE',  ( 2.293752479500951402, -11.29345200203614041, 228.9251844063577153 ) ) ;
#1189 = EDGE_CURVE ( 'NONE', #5098, #1, #3758, .T. ) ;
#1190 = CARTESIAN_POINT ( 'NONE',  ( 2.198127184364941478, -11.21600106461626822, 210.2310686968650373 ) ) ;
#1191 = EDGE_CURVE ( 'NONE', #6909, #6791, #7551, .T. ) ;
#1192 = CARTESIAN_POINT ( 'NONE',  ( 2.267004252344210435, -11.14941101726989459, 20.03423264556606753 ) ) ;
#1193 = CARTESIAN_POINT ( 'NONE',  ( 1.049329932173446611, -9.994409750612351928, 0.0007339224121419425607 ) ) ;
#1194 = CARTESIAN_POINT ( 'NONE',  ( -1.066108538911987091, -10.00470321775945948, 229.9988804514427159 ) ) ;
#1195 = LINE ( 'NONE', #1234, #2281 ) ;
#1196 = EDGE_CURVE ( 'NONE', #1465, #1900, #1629, .T. ) ;
#1197 = CARTESIAN_POINT ( 'NONE',  ( -2.886268925367653893, -11.00033065554823786, 19.10493710234367271 ) ) ;
#1198 = CARTESIAN_POINT ( 'NONE',  ( -16.61034544511826638, 12.22641929943637962, 9.249544140698944261 ) ) ;
#1199 = CARTESIAN_POINT ( 'NONE',  ( 2.198376465980462324, -11.21578131160626413, 19.76513926373170449 ) ) ;
#1200 = CARTESIAN_POINT ( 'NONE',  ( 2.500000000000001776, -9.165151389911681434, 21.49999999999998934 ) ) ;
#1201 = CARTESIAN_POINT ( 'NONE',  ( -25.00000000000000000, 20.99999999999999645, 210.0000000000000284 ) ) ;
#1202 = CARTESIAN_POINT ( 'NONE',  ( 1.282501898007082142, -10.27890280901102393, 0.03429105684999953635 ) ) ;
#1203 = CARTESIAN_POINT ( 'NONE',  ( -2.710271513842656077, -11.10820228762205275, 1.045766399300412264 ) ) ;
#1204 = VERTEX_POINT ( 'NONE', #4028 ) ;
#1205 = ORIENTED_EDGE ( 'NONE', *, *, #3269, .T. ) ;
#1206 = AXIS2_PLACEMENT_3D ( 'NONE', #3330, #2108, #7511 ) ;
#1207 = VERTEX_POINT ( 'NONE', #412 ) ;
#1208 = CARTESIAN_POINT ( 'NONE',  ( -2.188918146562997435, -11.18956702521419899, 229.2068926434236573 ) ) ;
#1209 = ADVANCED_FACE ( 'NONE', ( #4620 ), #2993, .T. ) ;
#1210 = AXIS2_PLACEMENT_3D ( 'NONE', #5181, #1592, #6961 ) ;
#1211 = CYLINDRICAL_SURFACE ( 'NONE', #3514, 0.5000000000000000000 ) ;
#1212 = CARTESIAN_POINT ( 'NONE',  ( 2.362811152014512750, -11.12925178209049726, 210.5582568530516028 ) ) ;
#1213 = CARTESIAN_POINT ( 'NONE',  ( 2.999999999999996891, 6.324555320336759934, 20.49999999999998934 ) ) ;
#1214 = CARTESIAN_POINT ( 'NONE',  ( 2.636638465632909600, -10.98333429369196956, 19.33647399161931091 ) ) ;
#1215 = CARTESIAN_POINT ( 'NONE',  ( 2.285202617695776706, -10.81593980237809483, 0.4291891117312863768 ) ) ;
#1216 = EDGE_LOOP ( 'NONE', ( #109, #1053, #4079, #6358 ) ) ;
#1217 = DIRECTION ( 'NONE',  ( 0.000000000000000000, 0.000000000000000000, 1.000000000000000000 ) ) ;
#1218 = CARTESIAN_POINT ( 'NONE',  ( 1.811221830515586939, -11.49999999999999822, 230.0000000000000000 ) ) ;
#1219 = AXIS2_PLACEMENT_3D ( 'NONE', #25, #5432, #670 ) ;
#1220 = CARTESIAN_POINT ( 'NONE',  ( 2.213961308568976438, -11.20818045789412665, 19.66354356722484908 ) ) ;
#1221 = CARTESIAN_POINT ( 'NONE',  ( 1.931745919011156554, -11.30182622692930927, 229.2742026197990697 ) ) ;
#1222 = DIRECTION ( 'NONE',  ( -1.000000000000000000, 0.000000000000000000, 0.000000000000000000 ) ) ;
#1223 = DIRECTION ( 'NONE',  ( 0.000000000000000000, 0.000000000000000000, -1.000000000000000000 ) ) ;
#1224 = CARTESIAN_POINT ( 'NONE',  ( -2.464562386400565686, -11.05163199665676821, 19.44852223153657889 ) ) ;
#1225 = CARTESIAN_POINT ( 'NONE',  ( -2.538662399721042906, -10.03487109784439646, 209.9537393528688085 ) ) ;
#1226 = ORIENTED_EDGE ( 'NONE', *, *, #7217, .T. ) ;
#1227 = EDGE_CURVE ( 'NONE', #5443, #4311, #3855, .T. ) ;
#1228 = ORIENTED_EDGE ( 'NONE', *, *, #1256, .F. ) ;
#1229 = CARTESIAN_POINT ( 'NONE',  ( 0.000000000000000000, 20.99999999999999645, 18.49999999999998934 ) ) ;
#1230 = CARTESIAN_POINT ( 'NONE',  ( 2.233981706714017523, -11.20615177818673125, 210.4283150464158325 ) ) ;
#1231 = DIRECTION ( 'NONE',  ( 0.000000000000000000, -1.000000000000000000, 0.000000000000000000 ) ) ;
#1232 = FACE_OUTER_BOUND ( 'NONE', #4138, .T. ) ;
#1233 = DIRECTION ( 'NONE',  ( 1.000000000000000000, 0.000000000000000000, 0.000000000000000000 ) ) ;
#1234 = CARTESIAN_POINT ( 'NONE',  ( -16.66532048819021838, 12.22641929943638317, 211.5000000000000284 ) ) ;
#1235 = VECTOR ( 'NONE', #3411, 1000.000000000000000 ) ;
#1236 = AXIS2_PLACEMENT_3D ( 'NONE', #5882, #5846, #2842 ) ;
#1237 = CYLINDRICAL_SURFACE ( 'NONE', #7057, 0.5000000000000000000 ) ;
#1238 = CARTESIAN_POINT ( 'NONE',  ( 2.085859713108757951, -11.50000000000006395, 210.5083526414780692 ) ) ;
#1239 = CARTESIAN_POINT ( 'NONE',  ( 2.221608935652491290, -11.20536260111633986, 19.63446440555127026 ) ) ;
#1240 = CARTESIAN_POINT ( 'NONE',  ( -2.196082877097066177, -10.94237893495028402, 0.5411935371257388105 ) ) ;
#1241 = ADVANCED_FACE ( 'NONE', ( #34 ), #3198, .T. ) ;
#1242 = CARTESIAN_POINT ( 'NONE',  ( 2.260822854088498701, -11.21962900244772676, 210.5683735954067970 ) ) ;
#1243 = CARTESIAN_POINT ( 'NONE',  ( 2.552965929533110856, -11.00042166986510850, 0.7327811162252870769 ) ) ;
#1244 = FACE_OUTER_BOUND ( 'NONE', #7068, .T. ) ;
#1245 = ORIENTED_EDGE ( 'NONE', *, *, #2226, .T. ) ;
#1246 = VERTEX_POINT ( 'NONE', #155 ) ;
#1247 = VERTEX_POINT ( 'NONE', #1895 ) ;
#1248 = DIRECTION ( 'NONE',  ( -0.000000000000000000, -0.000000000000000000, -1.000000000000000000 ) ) ;
#1249 = DIRECTION ( 'NONE',  ( -1.000000000000000000, 0.000000000000000000, 0.000000000000000000 ) ) ;
#1250 = CARTESIAN_POINT ( 'NONE',  ( 2.450972628554139110, -11.09454804296603747, 210.6474960326933115 ) ) ;
#1251 = CARTESIAN_POINT ( 'NONE',  ( 2.511620315172425233, -7.748468092593797429, 21.28556443262756659 ) ) ;
#1252 = DIRECTION ( 'NONE',  ( -0.000000000000000000, -0.000000000000000000, -1.000000000000000000 ) ) ;
#1253 = CARTESIAN_POINT ( 'NONE',  ( 2.448513878472514893, -11.09267482257193116, 19.36204570334116326 ) ) ;
#1254 = CIRCLE ( 'NONE', #2006, 0.5000000000000004441 ) ;
#1255 = CARTESIAN_POINT ( 'NONE',  ( 23.50000000000000000, 20.99999999999999645, 228.5000000000000000 ) ) ;
#1256 = EDGE_CURVE ( 'NONE', #3204, #3905, #4252, .T. ) ;
#1257 = ORIENTED_EDGE ( 'NONE', *, *, #1448, .T. ) ;
#1258 = VERTEX_POINT ( 'NONE', #1966 ) ;
#1259 = AXIS2_PLACEMENT_3D ( 'NONE', #4470, #6248, #5656 ) ;
#1260 = CARTESIAN_POINT ( 'NONE',  ( 16.66532048819021838, 12.22641929943638495, 211.5000000000000284 ) ) ;
#1261 = CARTESIAN_POINT ( 'NONE',  ( -1.451395175146042105, -10.93667884895442555, 0.3137037763329070250 ) ) ;
#1262 = CARTESIAN_POINT ( 'NONE',  ( -7.714285714285709972, 4.635708782739420997, 208.5000000000000284 ) ) ;
#1263 = B_SPLINE_CURVE_WITH_KNOTS ( 'NONE', 3,
 ( #2017, #1901, #5680, #198 ),
 .UNSPECIFIED., .F., .F.,
 ( 4, 4 ),
 ( 1.482307657695025593E-21, 6.381086748126356715E-05 ),
 .UNSPECIFIED. ) ;
#1264 = CARTESIAN_POINT ( 'NONE',  ( -2.499999999999997780, -10.59702624093557510, 21.13100197736595121 ) ) ;
#1265 = CARTESIAN_POINT ( 'NONE',  ( -25.00000000000000000, 13.72641929943638139, 211.5000000000000284 ) ) ;
#1266 = DIRECTION ( 'NONE',  ( 1.000000000000000000, 0.000000000000000000, 0.000000000000000000 ) ) ;
#1267 = ORIENTED_EDGE ( 'NONE', *, *, #4463, .F. ) ;
#1268 = EDGE_LOOP ( 'NONE', ( #5474, #4099, #4872, #3583 ) ) ;
#1269 = CARTESIAN_POINT ( 'NONE',  ( 2.449006372861738168, -10.82416839589427227, 209.2156971293231038 ) ) ;
#1270 = CARTESIAN_POINT ( 'NONE',  ( -2.346429694615415951, -11.15431536037457505, 210.5987915230482486 ) ) ;
#1271 = CARTESIAN_POINT ( 'NONE',  ( -23.50000000000000000, 13.72641929943638139, 210.0000000000000284 ) ) ;
#1272 = CARTESIAN_POINT ( 'NONE',  ( 1.500000000000002220, -11.49999999999999822, 230.0000000000000000 ) ) ;
#1273 = DIRECTION ( 'NONE',  ( 0.000000000000000000, 0.000000000000000000, -1.000000000000000000 ) ) ;
#1274 = CARTESIAN_POINT ( 'NONE',  ( 4.000000000000000000, 6.324555320336759934, 209.5000000000000284 ) ) ;
#1275 = VECTOR ( 'NONE', #1827, 1000.000000000000000 ) ;
#1276 = CARTESIAN_POINT ( 'NONE',  ( -2.791769195212304933, -11.14224489253548533, 18.72973562929679403 ) ) ;
#1277 = CARTESIAN_POINT ( 'NONE',  ( 2.821385256842065203, -11.09256041514400160, 18.90392922555040300 ) ) ;
#1278 = AXIS2_PLACEMENT_3D ( 'NONE', #3591, #2500, #5416 ) ;
#1279 = CARTESIAN_POINT ( 'NONE',  ( 2.240023354613651208, -11.20748683278754676, 19.54150262728727938 ) ) ;
#1280 = FACE_OUTER_BOUND ( 'NONE', #6173, .T. ) ;
#1281 = CARTESIAN_POINT ( 'NONE',  ( 2.852657043353111543, -10.97763531506620893, 210.8297534949284682 ) ) ;
#1282 = CARTESIAN_POINT ( 'NONE',  ( 1.064573262633560669, -9.977462227845567355, 0.0003875468415114394216 ) ) ;
#1283 = VERTEX_POINT ( 'NONE', #4846 ) ;
#1284 = ORIENTED_EDGE ( 'NONE', *, *, #3496, .F. ) ;
#1285 = ORIENTED_EDGE ( 'NONE', *, *, #5862, .T. ) ;
#1286 = DIRECTION ( 'NONE',  ( 0.000000000000000000, 0.000000000000000000, 1.000000000000000000 ) ) ;
#1287 = ADVANCED_FACE ( 'NONE', ( #7377 ), #3120, .F. ) ;
#1288 = CARTESIAN_POINT ( 'NONE',  ( 1.865406857106628680, -10.52576794274266803, 229.8429709198959472 ) ) ;
#1289 = CARTESIAN_POINT ( 'NONE',  ( 2.378607428967043358, -11.13960660679370385, 210.6246716022191379 ) ) ;
#1290 = EDGE_CURVE ( 'NONE', #2275, #5061, #2008, .T. ) ;
#1291 = CARTESIAN_POINT ( 'NONE',  ( -3.999999999999998224, -8.062257748298549132, 210.0000000000000284 ) ) ;
#1292 = DIRECTION ( 'NONE',  ( -1.000000000000000000, 0.000000000000000000, 0.000000000000000000 ) ) ;
#1293 = CARTESIAN_POINT ( 'NONE',  ( 2.790723606473345164, -10.98403124630616823, 19.19034055259346516 ) ) ;
#1294 = DIRECTION ( 'NONE',  ( 0.000000000000000000, 0.000000000000000000, 1.000000000000000000 ) ) ;
#1295 = EDGE_CURVE ( 'NONE', #3185, #365, #6295, .T. ) ;
#1296 = EDGE_LOOP ( 'NONE', ( #4830, #6093, #3389, #6431, #2293, #3997 ) ) ;
#1297 = ORIENTED_EDGE ( 'NONE', *, *, #4077, .F. ) ;
#1298 = CARTESIAN_POINT ( 'NONE',  ( -1.504564017366066597, -10.73615949907628142, 0.1769430195576495168 ) ) ;
#1299 = ADVANCED_FACE ( 'NONE', ( #3703 ), #6071, .F. ) ;
#1300 = LINE ( 'NONE', #1894, #4961 ) ;
#1301 = DIRECTION ( 'NONE',  ( 0.000000000000000000, 0.000000000000000000, -1.000000000000000000 ) ) ;
#1302 = CARTESIAN_POINT ( 'NONE',  ( -1.064573262633264905, -9.977462227845729004, 229.9996124531585053 ) ) ;
#1303 = FILL_AREA_STYLE_COLOUR ( '', #6692 ) ;
#1304 = AXIS2_PLACEMENT_3D ( 'NONE', #3304, #5701, #2711 ) ;
#1305 = CIRCLE ( 'NONE', #6352, 1.500000000000001332 ) ;
#1306 = EDGE_LOOP ( 'NONE', ( #6252, #4495, #873 ) ) ;
#1307 = VERTEX_POINT ( 'NONE', #4371 ) ;
#1308 = CARTESIAN_POINT ( 'NONE',  ( -2.337889891680377197, -11.06067791604803219, 209.7096062854961076 ) ) ;
#1309 = CARTESIAN_POINT ( 'NONE',  ( -2.475305341822881644, -11.05665215148315994, 210.5871514061488199 ) ) ;
#1310 = AXIS2_PLACEMENT_3D ( 'NONE', #2965, #1702, #1154 ) ;
#1311 = AXIS2_PLACEMENT_3D ( 'NONE', #1322, #3720, #3140 ) ;
#1312 = EDGE_CURVE ( 'NONE', #7597, #7672, #118, .T. ) ;
#1313 = EDGE_CURVE ( 'NONE', #2647, #681, #2767, .T. ) ;
#1314 = CARTESIAN_POINT ( 'NONE',  ( -1.500000000000698552, -11.49999999999999645, 19.55168962602361660 ) ) ;
#1315 = LINE ( 'NONE', #3713, #2145 ) ;
#1316 = CARTESIAN_POINT ( 'NONE',  ( -1.103635330540248649, -9.996896756539394246, 229.9989467687161948 ) ) ;
#1317 = FACE_OUTER_BOUND ( 'NONE', #3567, .T. ) ;
#1318 = CARTESIAN_POINT ( 'NONE',  ( -2.906499179412500133, -10.97730486001760930, 19.14224617392976313 ) ) ;
#1319 = CARTESIAN_POINT ( 'NONE',  ( 2.395638249645705820, -10.95575047910185695, 210.3084286554696405 ) ) ;
#1320 = CARTESIAN_POINT ( 'NONE',  ( 2.199505265696964251, -11.21474083421615475, 19.76130020246263541 ) ) ;
#1321 = DIRECTION ( 'NONE',  ( 0.000000000000000000, 0.000000000000000000, 1.000000000000000000 ) ) ;
#1322 = CARTESIAN_POINT ( 'NONE',  ( -23.50000000000000000, 13.72641929943638139, 228.5000000000000000 ) ) ;
#1323 = CARTESIAN_POINT ( 'NONE',  ( 2.204871956135161071, -10.76048349781448366, 0.3637984600829553550 ) ) ;
#1324 = EDGE_LOOP ( 'NONE', ( #7404, #2976 ) ) ;
#1325 = ORIENTED_EDGE ( 'NONE', *, *, #234, .F. ) ;
#1326 = EDGE_CURVE ( 'NONE', #3708, #578, #505, .T. ) ;
#1327 = EDGE_CURVE ( 'NONE', #2826, #311, #3036, .T. ) ;
#1328 = ORIENTED_EDGE ( 'NONE', *, *, #6663, .F. ) ;
#1329 = CARTESIAN_POINT ( 'NONE',  ( -2.783601829262420946, -11.15802674562702990, 228.5000000000000000 ) ) ;
#1330 = DIRECTION ( 'NONE',  ( 0.000000000000000000, 0.000000000000000000, 1.000000000000000000 ) ) ;
#1331 = CARTESIAN_POINT ( 'NONE',  ( 2.451928969052811436, -11.04717967320111427, 210.5040510463497867 ) ) ;
#1332 = CARTESIAN_POINT ( 'NONE',  ( -2.999999999999996891, 6.324555320336759934, 209.5000000000000284 ) ) ;
#1333 = CARTESIAN_POINT ( 'NONE',  ( -3.698088522234243669, -10.15072600492039534, 19.77037725666799162 ) ) ;
#1334 = CARTESIAN_POINT ( 'NONE',  ( 2.493754821900273644, -11.06238230699241143, 19.36316097355261689 ) ) ;
#1335 = ORIENTED_EDGE ( 'NONE', *, *, #5873, .T. ) ;
#1336 = VERTEX_POINT ( 'NONE', #5477 ) ;
#1337 = CARTESIAN_POINT ( 'NONE',  ( 3.884482235472513256, -7.914752110904907489, 210.0000000000000284 ) ) ;
#1338 = VECTOR ( 'NONE', #5179, 1000.000000000000000 ) ;
#1339 = CARTESIAN_POINT ( 'NONE',  ( -3.779976637959937769, -9.922438674644833867, 210.1332474124368730 ) ) ;
#1340 = CARTESIAN_POINT ( 'NONE',  ( 0.000000000000000000, 0.000000000000000000, 19.99999999999998934 ) ) ;
#1341 = CARTESIAN_POINT ( 'NONE',  ( 2.536205678662091678, -11.01570579610245026, 210.7354683208506287 ) ) ;
#1342 = FILL_AREA_STYLE ('',( #1303 ) ) ;
#1343 = FACE_OUTER_BOUND ( 'NONE', #6576, .T. ) ;
#1344 = ORIENTED_EDGE ( 'NONE', *, *, #6582, .F. ) ;
#1345 = VECTOR ( 'NONE', #6264, 1000.000000000000000 ) ;
#1346 = CIRCLE ( 'NONE', #3867, 0.5000000000000004441 ) ;
#1347 = ORIENTED_EDGE ( 'NONE', *, *, #7129, .F. ) ;
#1348 = CARTESIAN_POINT ( 'NONE',  ( 0.000000000000000000, 0.000000000000000000, 210.0000000000000284 ) ) ;
#1349 = CARTESIAN_POINT ( 'NONE',  ( -2.583669409959195917, -10.99819435039350601, 210.6045358235329559 ) ) ;
#1350 = B_SPLINE_CURVE_WITH_KNOTS ( 'NONE', 3,
 ( #3169, #6115, #2061, #4458, #5643, #728, #7468, #6870 ),
 .UNSPECIFIED., .F., .F.,
 ( 4, 2, 2, 4 ),
 ( 0.000000000000000000, 0.0006530609701334257533, 0.0009795914552001385757, 0.001306121940266851507 ),
 .UNSPECIFIED. ) ;
#1351 = CIRCLE ( 'NONE', #2482, 1.500000000000001332 ) ;
#1352 = CARTESIAN_POINT ( 'NONE',  ( -1.710452220536336165, -11.50000000000000178, 18.92725734168646312 ) ) ;
#1353 = CARTESIAN_POINT ( 'NONE',  ( 1.000000000000002887, -10.00000000000000178, 1.301042606982605321E-15 ) ) ;
#1354 = CARTESIAN_POINT ( 'NONE',  ( 2.139795003473382806, -11.14111703313771073, 0.6991369172437317259 ) ) ;
#1355 = TOROIDAL_SURFACE ( 'NONE', #6770, 2.000000000000000000, 1.500000000000000000 ) ;
#1356 = DIRECTION ( 'NONE',  ( 0.000000000000000000, 0.000000000000000000, -1.000000000000000000 ) ) ;
#1357 = CARTESIAN_POINT ( 'NONE',  ( -2.298606562619269322, -11.26015162661161284, 19.20293985422167538 ) ) ;
#1358 = CARTESIAN_POINT ( 'NONE',  ( 2.409505685705527700, -10.91736003613253025, 210.2627234516799604 ) ) ;
#1359 = CYLINDRICAL_SURFACE ( 'NONE', #7039, 1.499999999999999556 ) ;
#1360 = CARTESIAN_POINT ( 'NONE',  ( 23.50000000000000000, 13.72641929943638139, 1.500000000000001332 ) ) ;
#1361 = DIRECTION ( 'NONE',  ( 1.000000000000000000, 0.000000000000000000, 0.000000000000000000 ) ) ;
#1362 = CARTESIAN_POINT ( 'NONE',  ( 1.865806072835007434, -10.87026401950940269, 0.3516809980457041851 ) ) ;
#1363 = EDGE_LOOP ( 'NONE', ( #6282, #1544, #761, #3646 ) ) ;
#1364 = ORIENTED_EDGE ( 'NONE', *, *, #7239, .T. ) ;
#1365 = ORIENTED_EDGE ( 'NONE', *, *, #2546, .F. ) ;
#1366 = FACE_OUTER_BOUND ( 'NONE', #549, .T. ) ;
#1367 = LINE ( 'NONE', #5621, #5265 ) ;
#1368 = CARTESIAN_POINT ( 'NONE',  ( 2.511248759318850610, -11.07617657828915547, 210.7007117704348502 ) ) ;
#1369 = CARTESIAN_POINT ( 'NONE',  ( -1.363013964634797848, -10.36264123013670435, 229.9444809803853502 ) ) ;
#1370 = CARTESIAN_POINT ( 'NONE',  ( 1.790153267680239857, -11.47699198880019367, 228.7697276031995273 ) ) ;
#1371 = COLOUR_RGB ( '',0.7921568627450980005, 0.8196078431372548767, 0.9333333333333333481 ) ;
#1372 = CARTESIAN_POINT ( 'NONE',  ( -0.9999999999999988898, -10.00000000000000711, 1.301042606982605321E-15 ) ) ;
#1373 = CARTESIAN_POINT ( 'NONE',  ( 2.790007395001988133, -10.98316774268453422, 19.19244666144527400 ) ) ;
#1374 = ORIENTED_EDGE ( 'NONE', *, *, #948, .F. ) ;
#1375 = CARTESIAN_POINT ( 'NONE',  ( 3.850478233957490559, -7.969519169081503485, 209.9999999910518795 ) ) ;
#1376 = AXIS2_PLACEMENT_3D ( 'NONE', #202, #803, #5489 ) ;
#1377 = DIRECTION ( 'NONE',  ( 0.000000000000000000, 0.000000000000000000, 1.000000000000000000 ) ) ;
#1378 = ADVANCED_FACE ( 'NONE', ( #715 ), #4906, .T. ) ;
#1379 = FACE_OUTER_BOUND ( 'NONE', #790, .T. ) ;
#1380 = FACE_OUTER_BOUND ( 'NONE', #6996, .T. ) ;
#1381 = CARTESIAN_POINT ( 'NONE',  ( 0.000000000000000000, 0.000000000000000000, 1.500000000000001332 ) ) ;
#1382 = AXIS2_PLACEMENT_3D ( 'NONE', #1561, #968, #2154 ) ;
#1383 = ORIENTED_EDGE ( 'NONE', *, *, #1538, .T. ) ;
#1384 = VERTEX_POINT ( 'NONE', #74 ) ;
#1385 = LINE ( 'NONE', #3126, #5869 ) ;
#1386 = CARTESIAN_POINT ( 'NONE',  ( -2.296870682122018614, -11.13599321341623138, 210.3759158654512191 ) ) ;
#1387 = AXIS2_PLACEMENT_3D ( 'NONE', #1910, #4303, #4188 ) ;
#1388 = EDGE_CURVE ( 'NONE', #7779, #1714, #1515, .T. ) ;
#1389 = ADVANCED_FACE ( 'NONE', ( #1379 ), #4288, .T. ) ;
#1390 = CARTESIAN_POINT ( 'NONE',  ( 0.000000000000000000, 0.000000000000000000, 18.49999999999998934 ) ) ;
#1391 = CARTESIAN_POINT ( 'NONE',  ( 5.999999999999996447, 3.605551275463993566, 208.5000000000000284 ) ) ;
#1392 = EDGE_CURVE ( 'NONE', #6347, #4598, #4419, .T. ) ;
#1393 = DIRECTION ( 'NONE',  ( 1.000000000000000000, 0.000000000000000000, 0.000000000000000000 ) ) ;
#1394 = DIRECTION ( 'NONE',  ( 1.000000000000000000, 0.000000000000000000, 0.000000000000000000 ) ) ;
#1395 = DIRECTION ( 'NONE',  ( 1.000000000000000000, 0.000000000000000000, 0.000000000000000000 ) ) ;
#1396 = EDGE_CURVE ( 'NONE', #1698, #3767, #3154, .T. ) ;
#1397 = CARTESIAN_POINT ( 'NONE',  ( -1.764756533858145682, -10.76429725891698475, 229.7347509821736367 ) ) ;
#1398 = CARTESIAN_POINT ( 'NONE',  ( 2.087980837780632370, -11.49999999999996447, 18.87407492058955327 ) ) ;
#1399 = DIRECTION ( 'NONE',  ( -2.891205793294679312E-16, 1.000000000000000000, 0.000000000000000000 ) ) ;
#1400 = CARTESIAN_POINT ( 'NONE',  ( -2.345405231471253238, -11.34536861435913835, 1.316697666607868022 ) ) ;
#1401 = CARTESIAN_POINT ( 'NONE',  ( -0.9999999999999981126, -9.949874371066199430, 1.301042606982605321E-15 ) ) ;
#1402 = CARTESIAN_POINT ( 'NONE',  ( -1.034095312463368277, -10.01136510415444469, 0.0003875468415111824657 ) ) ;
#1403 = ORIENTED_EDGE ( 'NONE', *, *, #168, .T. ) ;
#1404 = AXIS2_PLACEMENT_3D ( 'NONE', #4784, #3645, #577 ) ;
#1405 = CARTESIAN_POINT ( 'NONE',  ( 1.980071448966506775, -11.35950041072967487, 0.8271652378274217954 ) ) ;
#1406 = B_SPLINE_CURVE_WITH_KNOTS ( 'NONE', 3,
 ( #5012, #6748, #3903, #7342, #6315, #7380 ),
 .UNSPECIFIED., .F., .F.,
 ( 4, 2, 4 ),
 ( 0.000000000000000000, 0.0004803455281763180265, 0.0009606910563526360530 ),
 .UNSPECIFIED. ) ;
#1407 = ORIENTED_EDGE ( 'NONE', *, *, #4656, .T. ) ;
#1408 = EDGE_LOOP ( 'NONE', ( #180, #152, #5559, #5367 ) ) ;
#1409 = DIRECTION ( 'NONE',  ( 0.000000000000000000, 0.000000000000000000, 1.000000000000000000 ) ) ;
#1410 = CIRCLE ( 'NONE', #6702, 1.500000000000001332 ) ;
#1411 = ADVANCED_FACE ( 'NONE', ( #5754 ), #4527, .F. ) ;
#1412 = CARTESIAN_POINT ( 'NONE',  ( 1.058908552601994568, -10.01963618420029611, 229.9991321949190990 ) ) ;
#1413 = CARTESIAN_POINT ( 'NONE',  ( 2.677308398980407400, -11.01689175629792494, 210.7697340094439653 ) ) ;
#1414 = CARTESIAN_POINT ( 'NONE',  ( -1.976448900309697887, -10.97991752356202255, 229.5326403387793732 ) ) ;
#1415 = CARTESIAN_POINT ( 'NONE',  ( 10.81795374094970263, 3.901522377056461099, 1.500000000000001332 ) ) ;
#1416 = CARTESIAN_POINT ( 'NONE',  ( 3.805729404807772998, -8.022020926758663961, 209.9904891060327259 ) ) ;
#1417 = CARTESIAN_POINT ( 'NONE',  ( 2.329523473126427380, -11.16754629032858581, 19.40446255733239767 ) ) ;
#1418 = VERTEX_POINT ( 'NONE', #235 ) ;
#1419 = TOROIDAL_SURFACE ( 'NONE', #5819, 9.000000000000000000, 1.500000000000000000 ) ;
#1420 = CARTESIAN_POINT ( 'NONE',  ( 3.779976637959943098, -9.922438674644839196, 210.1332474124368446 ) ) ;
#1421 = B_SPLINE_CURVE_WITH_KNOTS ( 'NONE', 3,
 ( #2850, #5259, #5221, #6335 ),
 .UNSPECIFIED., .F., .F.,
 ( 4, 4 ),
 ( 0.000000000000000000, 0.0007997807101843902892 ),
 .UNSPECIFIED. ) ;
#1422 = CARTESIAN_POINT ( 'NONE',  ( 3.702965672636675087, -7.677017664003051856, 209.9256480101938678 ) ) ;
#1423 = CARTESIAN_POINT ( 'NONE',  ( 2.550475680102233245, -11.15324555338978207, 211.0659096315002330 ) ) ;
#1424 = CARTESIAN_POINT ( 'NONE',  ( 3.088235294117646301, -6.834676493307204836, 21.39998782964874735 ) ) ;
#1425 = CARTESIAN_POINT ( 'NONE',  ( -2.898390307975090785, -10.98436602228497527, 210.8679246639709390 ) ) ;
#1426 = ORIENTED_EDGE ( 'NONE', *, *, #1490, .F. ) ;
#1427 = ORIENTED_EDGE ( 'NONE', *, *, #2152, .T. ) ;
#1428 = CARTESIAN_POINT ( 'NONE',  ( 23.50000000000000000, 13.72641929943638139, 0.000000000000000000 ) ) ;
#1429 = CARTESIAN_POINT ( 'NONE',  ( -2.313058259445420983, -11.14006392473724816, 210.4606777683692940 ) ) ;
#1430 = AXIS2_PLACEMENT_3D ( 'NONE', #938, #7565, #6380 ) ;
#1431 = CARTESIAN_POINT ( 'NONE',  ( -0.9999999999999981126, -10.00000000000000000, 0.000000000000000000 ) ) ;
#1432 = CARTESIAN_POINT ( 'NONE',  ( -1.238166153700399841, -10.53609285169926935, 229.9038323245289632 ) ) ;
#1433 = DIRECTION ( 'NONE',  ( 1.000000000000000000, -2.081331949859378477E-16, 0.000000000000000000 ) ) ;
#1434 = CARTESIAN_POINT ( 'NONE',  ( 4.000000000000022204, 0.000000000000000000, 19.99999999999998934 ) ) ;
#1435 = B_SPLINE_CURVE_WITH_KNOTS ( 'NONE', 3,
 ( #3982, #2214, #1620, #5684, #4021, #6436, #3432, #1551 ),
 .UNSPECIFIED., .F., .F.,
 ( 4, 2, 2, 4 ),
 ( 0.000000000000000000, 0.2499999999999362177, 0.4999999999998724354, 1.000000000000000000 ),
 .UNSPECIFIED. ) ;
#1436 = CIRCLE ( 'NONE', #3698, 2.000000000000000000 ) ;
#1437 = EDGE_CURVE ( 'NONE', #1336, #1246, #3388, .T. ) ;
#1438 = EDGE_CURVE ( 'NONE', #2824, #884, #4568, .T. ) ;
#1439 = DIRECTION ( 'NONE',  ( 1.209741371404878502E-16, -0.000000000000000000, 1.000000000000000000 ) ) ;
#1440 = DIRECTION ( 'NONE',  ( -0.000000000000000000, 1.000000000000000000, -0.000000000000000000 ) ) ;
#1441 =( BOUNDED_SURFACE ( )  B_SPLINE_SURFACE ( 3, 2, ( 
 ( #1633, #2298, #6483 ),
 ( #2262, #2777, #7747 ),
 ( #2225, #6563, #5188 ),
 ( #492, #4660, #1596 ),
 ( #2930, #6523, #6412 ),
 ( #7074, #1668, #5337 ),
 ( #4700, #4107, #5815 ),
 ( #4737, #2891, #5300 ),
 ( #3520, #3092, #4226 ),
 ( #3051, #3715, #8 ),
 ( #4944, #2421, #1943 ),
 ( #6639, #3555, #5532 ) ),
 .UNSPECIFIED., .F., .F., .T. ) 
 B_SPLINE_SURFACE_WITH_KNOTS ( ( 4, 2, 2, 2, 2, 4 ),
 ( 3, 3 ),
 ( 0.001643538064194595980, 0.001971910939994231220, 0.002300283815793866676, 0.002628656691593502133, 0.002792843129493319861, 0.002957029567393137590 ),
 ( 0.2598999392496526006, 1.000000000000000000 ),
 .UNSPECIFIED. ) 
 GEOMETRIC_REPRESENTATION_ITEM ( )  RATIONAL_B_SPLINE_SURFACE ( (
 ( 0.8873228300968274418, 0.7832297109639990706, 1.000000000000000000),
 ( 0.8940085457512072509, 0.7960918064182763709, 1.000000000000000000),
 ( 0.9013475220712522384, 0.8102106560440844873, 1.000000000000000000),
 ( 0.9172495635367718947, 0.8408032785576365908, 1.000000000000000000),
 ( 0.9258829510500099502, 0.8574123388332246520, 1.000000000000000000),
 ( 0.9434400883632942936, 0.8911890633757020286, 1.000000000000000000),
 ( 0.9524324408164204225, 0.9084887066135717282, 1.000000000000000000),
 ( 0.9634443896219460068, 0.9296736842578874338, 1.000000000000000000),
 ( 0.9666673681137682994, 0.9358741060454554006, 1.000000000000000000),
 ( 0.9712769104282321653, 0.9447420233057900463, 1.000000000000000000),
 ( 0.9725923279763757368, 0.9472726463446817791, 1.000000000000000000),
 ( 0.9725711054347736528, 0.9472318180519484487, 1.000000000000000000) ) ) 
 REPRESENTATION_ITEM ( '' )  SURFACE ( )  );
#1442 = DIRECTION ( 'NONE',  ( 1.000000000000000000, 2.937598842601848805E-16, 0.000000000000000000 ) ) ;
#1443 = CARTESIAN_POINT ( 'NONE',  ( -1.019634769962151966, -10.05890430988646322, 0.0008675548591021669913 ) ) ;
#1444 = CARTESIAN_POINT ( 'NONE',  ( 7.714285714285710860, 4.635708782739420108, 19.99999999999998934 ) ) ;
#1445 = CARTESIAN_POINT ( 'NONE',  ( 0.000000000000000000, 0.000000000000000000, 208.5000000000000284 ) ) ;
#1446 = ORIENTED_EDGE ( 'NONE', *, *, #6641, .T. ) ;
#1447 = CARTESIAN_POINT ( 'NONE',  ( 1.139710732558667949, -10.21063403311675266, 0.01239335020541547372 ) ) ;
#1448 = EDGE_CURVE ( 'NONE', #2037, #6811, #2755, .T. ) ;
#1449 = VERTEX_POINT ( 'NONE', #1500 ) ;
#1450 = CARTESIAN_POINT ( 'NONE',  ( 2.604628013033805090, -11.03590650967713493, 229.1834228611417927 ) ) ;
#1451 = CARTESIAN_POINT ( 'NONE',  ( -1.006813884163064943, -9.952793203753932616, 229.9999967849298059 ) ) ;
#1452 = CARTESIAN_POINT ( 'NONE',  ( 2.488028104006156482, -11.05941320223686475, 210.6188238626255611 ) ) ;
#1453 = CARTESIAN_POINT ( 'NONE',  ( 2.574936408209136385, -10.09743044520249633, 209.9611106480902549 ) ) ;
#1454 = CARTESIAN_POINT ( 'NONE',  ( 5.500000000000023093, 23.00000000000000000, 19.99999999999998934 ) ) ;
#1455 = DIRECTION ( 'NONE',  ( 0.9035079029052514032, -0.4285714285714281035, -0.000000000000000000 ) ) ;
#1456 = CARTESIAN_POINT ( 'NONE',  ( 2.311349085408529014, -11.15672301342365813, 19.48606671614444608 ) ) ;
#1457 = ORIENTED_EDGE ( 'NONE', *, *, #6411, .F. ) ;
#1458 = EDGE_CURVE ( 'NONE', #3845, #2647, #351, .T. ) ;
#1459 = CARTESIAN_POINT ( 'NONE',  ( 2.634593108100623304, -7.188805510159935963, 209.1455659334860684 ) ) ;
#1460 = CARTESIAN_POINT ( 'NONE',  ( -3.843051057336286380, -9.685375281767406364, 210.0432232173534430 ) ) ;
#1461 = CARTESIAN_POINT ( 'NONE',  ( -2.499999999999998224, -9.996319638934904717, 20.04158596833532613 ) ) ;
#1462 = CARTESIAN_POINT ( 'NONE',  ( -2.341020546567659899, -11.33493099045179697, 211.2354385547854463 ) ) ;
#1463 = CARTESIAN_POINT ( 'NONE',  ( -1.085574494106354537, -9.986409417796700438, 0.0006404818823386911877 ) ) ;
#1464 = ORIENTED_EDGE ( 'NONE', *, *, #2945, .F. ) ;
#1465 = VERTEX_POINT ( 'NONE', #4529 ) ;
#1466 = ORIENTED_EDGE ( 'NONE', *, *, #4140, .F. ) ;
#1467 = CARTESIAN_POINT ( 'NONE',  ( -3.393849104744216305, -7.261550056644095363, 209.6359519718843387 ) ) ;
#1468 = AXIS2_PLACEMENT_3D ( 'NONE', #368, #7550, #3957 ) ;
#1469 = CARTESIAN_POINT ( 'NONE',  ( -2.261861224990389108, -11.21937287203806122, 210.5706202144456824 ) ) ;
#1470 = CARTESIAN_POINT ( 'NONE',  ( -2.504352197874153418, -11.02626850044480733, 210.5387216814728504 ) ) ;
#1471 = CARTESIAN_POINT ( 'NONE',  ( 1.019636185414342311, -10.01963618541429035, 1.238536331169696391E-09 ) ) ;
#1472 = CARTESIAN_POINT ( 'NONE',  ( -2.218686277980169486, -11.19626686815727012, 19.74277127871825144 ) ) ;
#1473 = CARTESIAN_POINT ( 'NONE',  ( -25.00000000000000000, 13.72641929943638139, 18.49999999999998934 ) ) ;
#1474 = ORIENTED_EDGE ( 'NONE', *, *, #4423, .F. ) ;
#1475 = AXIS2_PLACEMENT_3D ( 'NONE', #6037, #2, #5410 ) ;
#1476 = CARTESIAN_POINT ( 'NONE',  ( -2.116999670495426145, -11.10342818247886854, 229.3554489563750280 ) ) ;
#1477 = CARTESIAN_POINT ( 'NONE',  ( 2.118182898820969662, -11.50000000000006395, 19.64988479702654089 ) ) ;
#1478 = AXIS2_PLACEMENT_3D ( 'NONE', #1255, #3659, #1294 ) ;
#1479 = LINE ( 'NONE', #3799, #875 ) ;
#1480 = CARTESIAN_POINT ( 'NONE',  ( 2.913626296308031272, -10.97007306885249456, 210.8470045602167318 ) ) ;
#1481 = CARTESIAN_POINT ( 'NONE',  ( 1.598865941316849337, -10.59765828125890685, 229.8491048440114071 ) ) ;
#1482 = DIRECTION ( 'NONE',  ( 1.000000000000000000, 0.000000000000000000, 0.000000000000000000 ) ) ;
#1483 = ORIENTED_EDGE ( 'NONE', *, *, #1227, .T. ) ;
#1484 = CARTESIAN_POINT ( 'NONE',  ( 1.193744525720810357, -10.45029049643854080, 229.9337011713044490 ) ) ;
#1485 = VERTEX_POINT ( 'NONE', #2050 ) ;
#1486 = CARTESIAN_POINT ( 'NONE',  ( 2.783601835263891822, -11.15802674412988083, 228.7061206637548878 ) ) ;
#1487 =( BOUNDED_SURFACE ( )  B_SPLINE_SURFACE ( 3, 2, ( 
 ( #6659, #3774, #787 ),
 ( #5548, #4792, #3656 ),
 ( #3026, #6019, #5470 ),
 ( #6778, #2398, #1372 ) ),
 .UNSPECIFIED., .F., .F., .F. ) 
 B_SPLINE_SURFACE_WITH_KNOTS ( ( 4, 4 ),
 ( 3, 3 ),
 ( 4.653480412307814618, 4.712388980384689674 ),
 ( 0.000000000000000000, 1.000000000000000000 ),
 .UNSPECIFIED. ) 
 GEOMETRIC_REPRESENTATION_ITEM ( )  RATIONAL_B_SPLINE_SURFACE ( (
 ( 1.000000000000000000, 0.9991330724410897313, 1.000000000000000000),
 ( 1.000000000000000000, 0.9997106507686547294, 1.000000000000000000),
 ( 1.000000000000000000, 1.000000044854266967, 1.000000000000000000),
 ( 1.000000000000000000, 1.000000000000000000, 1.000000000000000000) ) ) 
 REPRESENTATION_ITEM ( '' )  SURFACE ( )  );
#1488 = CARTESIAN_POINT ( 'NONE',  ( -2.908797652717623805, -10.97387195164395379, 210.8520491539391912 ) ) ;
#1489 = CARTESIAN_POINT ( 'NONE',  ( 2.454503424214707685, -11.04762272413630697, 210.5126937124858273 ) ) ;
#1490 = EDGE_CURVE ( 'NONE', #630, #217, #6979, .T. ) ;
#1491 = DIRECTION ( 'NONE',  ( 1.000000000000000000, 0.000000000000000000, 0.000000000000000000 ) ) ;
#1492 = CARTESIAN_POINT ( 'NONE',  ( 2.345405229801962310, -11.34536861541393371, 211.3406205924940480 ) ) ;
#1493 = CARTESIAN_POINT ( 'NONE',  ( -0.9999999999999981126, -9.949874371066199430, 0.000000000000000000 ) ) ;
#1494 = ORIENTED_EDGE ( 'NONE', *, *, #7042, .F. ) ;
#1495 = CIRCLE ( 'NONE', #5891, 1.500000000000000444 ) ;
#1496 = CARTESIAN_POINT ( 'NONE',  ( -2.339525342084687320, -11.29856551216629690, 1.177809972652728243 ) ) ;
#1497 = STYLED_ITEM ( 'NONE', ( #4533 ), #6474 ) ;
#1498 = CARTESIAN_POINT ( 'NONE',  ( 2.783601830243473518, -11.15802674538223194, 18.61373362911702500 ) ) ;
#1499 = ADVANCED_FACE ( 'NONE', ( #272 ), #348, .F. ) ;
#1500 = CARTESIAN_POINT ( 'NONE',  ( 23.50000000000000000, 20.99999999999999645, 210.0000000000000284 ) ) ;
#1501 = DIRECTION ( 'NONE',  ( 0.000000000000000000, 0.000000000000000000, -1.000000000000000000 ) ) ;
#1502 = CARTESIAN_POINT ( 'NONE',  ( 1.663629935497466628, -11.29881886869499930, 229.2563341055126500 ) ) ;
#1503 = EDGE_LOOP ( 'NONE', ( #6011, #921, #6594 ) ) ;
#1504 = CARTESIAN_POINT ( 'NONE',  ( -9.406916296478003758, 3.392628153962136572, 210.0000000000000284 ) ) ;
#1505 = EDGE_LOOP ( 'NONE', ( #7539, #4026, #2676 ) ) ;
#1506 = VERTEX_POINT ( 'NONE', #3859 ) ;
#1507 = DIRECTION ( 'NONE',  ( 0.000000000000000000, 0.000000000000000000, -1.000000000000000000 ) ) ;
#1508 = CARTESIAN_POINT ( 'NONE',  ( -2.262565231561170620, -11.21887318362028374, 210.5710808494611683 ) ) ;
#1509 = AXIS2_PLACEMENT_3D ( 'NONE', #2946, #7168, #6655 ) ;
#1510 = CARTESIAN_POINT ( 'NONE',  ( -2.852289040387872010, -10.96317892868290222, 210.7970965821015170 ) ) ;
#1511 = CARTESIAN_POINT ( 'NONE',  ( -1.811221830515580722, -11.50000000000000000, 1.500000000000001332 ) ) ;
#1512 = DIRECTION ( 'NONE',  ( 0.000000000000000000, 0.000000000000000000, 1.000000000000000000 ) ) ;
#1513 = CARTESIAN_POINT ( 'NONE',  ( -2.264795309405338575, -11.15663673711134152, 19.68654039084769636 ) ) ;
#1514 = CIRCLE ( 'NONE', #7171, 1.500000000000001332 ) ;
#1515 = CIRCLE ( 'NONE', #6932, 1.500000000000000222 ) ;
#1516 = CARTESIAN_POINT ( 'NONE',  ( 23.50000000000000000, 0.000000000000000000, 0.000000000000000000 ) ) ;
#1517 = ORIENTED_EDGE ( 'NONE', *, *, #2589, .F. ) ;
#1518 = CARTESIAN_POINT ( 'NONE',  ( -1.101549227750009852, -10.26302185548001056, 229.9789122588629482 ) ) ;
#1519 = DIRECTION ( 'NONE',  ( 0.000000000000000000, 0.000000000000000000, -1.000000000000000000 ) ) ;
#1520 = CARTESIAN_POINT ( 'NONE',  ( 16.66532048819021838, 12.22641929943638495, 18.49999999999998934 ) ) ;
#1521 = DIRECTION ( 'NONE',  ( 0.000000000000000000, 1.000000000000000000, 0.000000000000000000 ) ) ;
#1522 = CARTESIAN_POINT ( 'NONE',  ( 3.999999999999999112, 3.500000000000000000, 208.5000000000000284 ) ) ;
#1523 = ORIENTED_EDGE ( 'NONE', *, *, #3497, .F. ) ;
#1524 = CARTESIAN_POINT ( 'NONE',  ( 1.598921173152380915, -11.19336227341752199, 229.4137057607476891 ) ) ;
#1525 = ORIENTED_EDGE ( 'NONE', *, *, #4656, .F. ) ;
#1526 = CARTESIAN_POINT ( 'NONE',  ( -2.585545373760252286, -7.156634501054690567, 20.97296751273649562 ) ) ;
#1527 = EDGE_CURVE ( 'NONE', #1654, #7591, #7574, .T. ) ;
#1528 = CARTESIAN_POINT ( 'NONE',  ( 2.783601829262646987, -11.15802674562693930, 228.6170419588944753 ) ) ;
#1529 = FACE_OUTER_BOUND ( 'NONE', #5943, .T. ) ;
#1530 = DIRECTION ( 'NONE',  ( -0.000000000000000000, 0.000000000000000000, 1.000000000000000000 ) ) ;
#1531 = DIRECTION ( 'NONE',  ( 1.000000000000000000, 0.000000000000000000, 0.000000000000000000 ) ) ;
#1532 = DIRECTION ( 'NONE',  ( 0.000000000000000000, 0.000000000000000000, 1.000000000000000000 ) ) ;
#1533 = VERTEX_POINT ( 'NONE', #3820 ) ;
#1534 = VECTOR ( 'NONE', #1433, 1000.000000000000000 ) ;
#1535 = EDGE_CURVE ( 'NONE', #1307, #2275, #4693, .T. ) ;
#1536 = ADVANCED_FACE ( 'NONE', ( #3974 ), #931, .F. ) ;
#1537 = CARTESIAN_POINT ( 'NONE',  ( -1.548541314343575559, -11.10741103221332793, 0.4839442916678856621 ) ) ;
#1538 = EDGE_CURVE ( 'NONE', #2647, #1533, #2130, .T. ) ;
#1539 = CARTESIAN_POINT ( 'NONE',  ( 2.525095730209956368, -10.99707205572354951, 19.30497234995101508 ) ) ;
#1540 = AXIS2_PLACEMENT_3D ( 'NONE', #6206, #3252, #136 ) ;
#1541 = DIRECTION ( 'NONE',  ( 0.000000000000000000, 0.000000000000000000, -1.000000000000000000 ) ) ;
#1542 = CARTESIAN_POINT ( 'NONE',  ( -2.790939234461371932, -11.14388258681961830, 211.2812266564107802 ) ) ;
#1543 = EDGE_LOOP ( 'NONE', ( #3500, #4560, #3939, #3299 ) ) ;
#1544 = ORIENTED_EDGE ( 'NONE', *, *, #4284, .T. ) ;
#1545 = EDGE_CURVE ( 'NONE', #5224, #3240, #4694, .T. ) ;
#1546 = DIRECTION ( 'NONE',  ( 1.000000000000000000, 0.000000000000000000, 0.000000000000000000 ) ) ;
#1547 = EDGE_CURVE ( 'NONE', #4025, #1612, #4041, .T. ) ;
#1548 = CARTESIAN_POINT ( 'NONE',  ( -2.253518494415245321, -11.21641363917423995, 210.5359602804964823 ) ) ;
#1549 = CARTESIAN_POINT ( 'NONE',  ( -2.867095263618215650, -10.98758820900797062, 210.8571264556649965 ) ) ;
#1550 = DIRECTION ( 'NONE',  ( 1.000000000000000000, 0.000000000000000000, 0.000000000000000000 ) ) ;
#1551 = CARTESIAN_POINT ( 'NONE',  ( -2.194994261698161697, -11.21901528231785328, 210.2270775949693586 ) ) ;
#1552 = CARTESIAN_POINT ( 'NONE',  ( -2.259186571042788749, -11.21644365645921937, 19.44695361463633887 ) ) ;
#1553 = CARTESIAN_POINT ( 'NONE',  ( -23.50000000000000000, 22.50000000000000000, 230.0000000000000000 ) ) ;
#1554 = ORIENTED_EDGE ( 'NONE', *, *, #3945, .F. ) ;
#1555 = ORIENTED_EDGE ( 'NONE', *, *, #4018, .T. ) ;
#1556 = ADVANCED_FACE ( 'NONE', ( #433 ), #584, .T. ) ;
#1557 = CARTESIAN_POINT ( 'NONE',  ( -2.096076865052781901, -11.47988828955792329, 228.7655227825480324 ) ) ;
#1558 = FACE_OUTER_BOUND ( 'NONE', #5388, .T. ) ;
#1559 = DIRECTION ( 'NONE',  ( 1.232566680299310083E-16, -0.000000000000000000, -1.000000000000000000 ) ) ;
#1560 = CARTESIAN_POINT ( 'NONE',  ( -1.069081112404374645, -10.04871286603737168, 229.9981606310411735 ) ) ;
#1561 = CARTESIAN_POINT ( 'NONE',  ( -3.499999999999998224, -7.745966692414834931, 230.0000000000000000 ) ) ;
#1562 = ORIENTED_EDGE ( 'NONE', *, *, #5791, .T. ) ;
#1563 = CARTESIAN_POINT ( 'NONE',  ( 1.216128955852035620, -10.49329415509783203, 0.08125114827778358306 ) ) ;
#1564 = CIRCLE ( 'NONE', #5962, 1.500000000000001332 ) ;
#1565 = ORIENTED_EDGE ( 'NONE', *, *, #168, .F. ) ;
#1566 = CARTESIAN_POINT ( 'NONE',  ( -3.850478233444415643, -7.969519169908725331, 20.00000000894374708 ) ) ;
#1567 = CARTESIAN_POINT ( 'NONE',  ( -2.900242309909065064, -10.98416488702074645, 210.8685243562083542 ) ) ;
#1568 = CARTESIAN_POINT ( 'NONE',  ( 2.913626296308030827, -10.97007306885249633, 210.8470045602167033 ) ) ;
#1569 = DIRECTION ( 'NONE',  ( -0.000000000000000000, -0.000000000000000000, -1.000000000000000000 ) ) ;
#1570 = PLANE ( 'NONE',  #687 ) ;
#1571 = CARTESIAN_POINT ( 'NONE',  ( 3.523207905898601222, -7.963105907658234450, 209.9255825806159237 ) ) ;
#1572 = VERTEX_POINT ( 'NONE', #7686 ) ;
#1573 = EDGE_CURVE ( 'NONE', #6987, #1019, #7727, .T. ) ;
#1574 = ADVANCED_FACE ( 'NONE', ( #4715 ), #2268, .T. ) ;
#1575 = CARTESIAN_POINT ( 'NONE',  ( -1.811221831318490239, -11.50000000000000000, 1.465213568867756777 ) ) ;
#1576 = DIRECTION ( 'NONE',  ( 0.000000000000000000, 0.000000000000000000, 1.000000000000000000 ) ) ;
#1577 = CARTESIAN_POINT ( 'NONE',  ( 1.005380834600926976, -9.959603910066741506, 229.9999903488419761 ) ) ;
#1578 = CARTESIAN_POINT ( 'NONE',  ( 3.134149994131304684, -6.899934586660245728, 208.9886436103321330 ) ) ;
#1579 = CARTESIAN_POINT ( 'NONE',  ( -2.548553304273267095, -11.09123699541256336, 210.8972557582742127 ) ) ;
#1580 = VERTEX_POINT ( 'NONE', #5947 ) ;
#1581 = ORIENTED_EDGE ( 'NONE', *, *, #3046, .F. ) ;
#1582 = DIRECTION ( 'NONE',  ( 0.000000000000000000, -0.000000000000000000, -1.000000000000000000 ) ) ;
#1583 = CARTESIAN_POINT ( 'NONE',  ( -2.354557546538703861, -11.15825573368797308, 210.6287008609796203 ) ) ;
#1584 = CARTESIAN_POINT ( 'NONE',  ( -2.840388965063609827, -10.98835042058434830, 210.8416687715347564 ) ) ;
#1585 = CARTESIAN_POINT ( 'NONE',  ( 3.126980450426835922, -7.879775394497152696, 20.26477338457239696 ) ) ;
#1586 = CARTESIAN_POINT ( 'NONE',  ( 0.000000000000000000, 13.72641929943638139, 1.500000000000001332 ) ) ;
#1587 = CARTESIAN_POINT ( 'NONE',  ( -2.218784432703604814, -11.19620061642560671, 19.74195245597335813 ) ) ;
#1588 = LINE ( 'NONE', #6400, #4043 ) ;
#1589 = EDGE_LOOP ( 'NONE', ( #4987, #4493, #1681, #387, #7460 ) ) ;
#1590 = ORIENTED_EDGE ( 'NONE', *, *, #2879, .T. ) ;
#1591 = CARTESIAN_POINT ( 'NONE',  ( 2.258178262347063647, -11.21722582973035820, 210.5526758561954068 ) ) ;
#1592 = DIRECTION ( 'NONE',  ( -1.000000000000000000, 0.000000000000000000, 0.000000000000000000 ) ) ;
#1593 = LINE ( 'NONE', #4063, #2313 ) ;
#1594 = CARTESIAN_POINT ( 'NONE',  ( -3.637487486298461192, -7.987049024853176249, 209.9673837179108773 ) ) ;
#1595 = ORIENTED_EDGE ( 'NONE', *, *, #2206, .F. ) ;
#1596 = CARTESIAN_POINT ( 'NONE',  ( -1.559554404107345915, -11.50000000000000000, 19.33998986331445380 ) ) ;
#1597 = AXIS2_PLACEMENT_3D ( 'NONE', #7579, #3392, #5761 ) ;
#1598 = AXIS2_PLACEMENT_3D ( 'NONE', #4632, #2862, #4005 ) ;
#1599 = VERTEX_POINT ( 'NONE', #4721 ) ;
#1600 = CARTESIAN_POINT ( 'NONE',  ( 2.549432087221316756, -11.21644525789304936, 228.4999999999999716 ) ) ;
#1601 = DIRECTION ( 'NONE',  ( 1.000000000000000000, 0.000000000000000000, 0.000000000000000000 ) ) ;
#1602 = CARTESIAN_POINT ( 'NONE',  ( 2.852634026913798415, -10.97760679108491999, 210.8296842650043175 ) ) ;
#1603 = DIRECTION ( 'NONE',  ( 0.000000000000000000, -1.000000000000000000, 0.000000000000000000 ) ) ;
#1604 = CARTESIAN_POINT ( 'NONE',  ( -1.592228474946053574, -11.50000000000000000, 210.7637723102303369 ) ) ;
#1605 = DIRECTION ( 'NONE',  ( 0.000000000000000000, 0.000000000000000000, 1.000000000000000000 ) ) ;
#1606 = ORIENTED_EDGE ( 'NONE', *, *, #6536, .T. ) ;
#1607 = DIRECTION ( 'NONE',  ( 0.9035079029052514032, -0.4285714285714281035, -0.000000000000000000 ) ) ;
#1608 = CARTESIAN_POINT ( 'NONE',  ( 2.855481477888878850, -11.04091223076352790, 19.02824641829758789 ) ) ;
#1609 = CARTESIAN_POINT ( 'NONE',  ( 1.003586553993869313, -9.956361105307161452, 229.9999967853681824 ) ) ;
#1610 = CARTESIAN_POINT ( 'NONE',  ( 2.770246352898242836, -10.96490153974054671, 19.23944599105226771 ) ) ;
#1611 = CARTESIAN_POINT ( 'NONE',  ( -2.345405230258599705, -11.34536861512543027, 211.3667653581373713 ) ) ;
#1612 = VERTEX_POINT ( 'NONE', #3503 ) ;
#1613 = VECTOR ( 'NONE', #6733, 1000.000000000000000 ) ;
#1614 = VECTOR ( 'NONE', #2254, 1000.000000000000000 ) ;
#1615 = ORIENTED_EDGE ( 'NONE', *, *, #5721, .F. ) ;
#1616 = CARTESIAN_POINT ( 'NONE',  ( -5.000000000000023093, 3.500000000000000000, 21.49999999999999289 ) ) ;
#1617 = CARTESIAN_POINT ( 'NONE',  ( -16.66532048819021838, 6.010389983400267866, 228.5000000000000000 ) ) ;
#1618 = CARTESIAN_POINT ( 'NONE',  ( -2.754047238384645713, -11.00668813419607872, 210.8162906504418856 ) ) ;
#1619 = CARTESIAN_POINT ( 'NONE',  ( 2.500000143496406757, -7.100469562357320186, 21.36136083307856026 ) ) ;
#1620 = CARTESIAN_POINT ( 'NONE',  ( -2.246673028551070761, -11.21607550348694282, 210.5132107291831858 ) ) ;
#1621 = CARTESIAN_POINT ( 'NONE',  ( -2.206495686778117804, -11.21133213457960132, 19.68882121974293042 ) ) ;
#1622 = LINE ( 'NONE', #4024, #1614 ) ;
#1623 = ORIENTED_EDGE ( 'NONE', *, *, #3764, .T. ) ;
#1624 = ORIENTED_EDGE ( 'NONE', *, *, #1830, .F. ) ;
#1625 = EDGE_CURVE ( 'NONE', #1572, #4625, #5180, .T. ) ;
#1626 = CARTESIAN_POINT ( 'NONE',  ( -1.499999999999997780, -10.49999999999999822, 230.0000000000000000 ) ) ;
#1627 = EDGE_CURVE ( 'NONE', #3905, #2273, #6492, .T. ) ;
#1628 = AXIS2_PLACEMENT_3D ( 'NONE', #1905, #1273, #3677 ) ;
#1629 = LINE ( 'NONE', #3403, #7258 ) ;
#1630 = CYLINDRICAL_SURFACE ( 'NONE', #5189, 0.5000000000000004441 ) ;
#1631 = CARTESIAN_POINT ( 'NONE',  ( -2.500000143496434735, -7.100469562357416109, 208.6386391669217630 ) ) ;
#1632 = ADVANCED_FACE ( 'NONE', ( #1964 ), #2302, .F. ) ;
#1633 = CARTESIAN_POINT ( 'NONE',  ( -2.423874404971805063, -10.88269581110588113, 19.77292240502728760 ) ) ;
#1634 = CIRCLE ( 'NONE', #3279, 6.216029316036115304 ) ;
#1635 = DIRECTION ( 'NONE',  ( -0.9406916296478006201, 0.3392628153962136128, 0.000000000000000000 ) ) ;
#1636 = CARTESIAN_POINT ( 'NONE',  ( -2.499999999999998224, -7.745966712016660871, 21.39156217763553869 ) ) ;
#1637 = TOROIDAL_SURFACE ( 'NONE', #6804, 10.00000000000000000, 1.500000000000000000 ) ;
#1638 = CARTESIAN_POINT ( 'NONE',  ( -2.911565951647288042, -10.96978359703504857, 210.8453071568187625 ) ) ;
#1639 = CARTESIAN_POINT ( 'NONE',  ( 2.913626296308029939, -10.97007306885249989, 210.8470045602167318 ) ) ;
#1640 = DIRECTION ( 'NONE',  ( -1.000000000000000000, -3.469446951953614189E-16, -0.000000000000000000 ) ) ;
#1641 = CARTESIAN_POINT ( 'NONE',  ( -2.076453239738953460, -11.50000000000020428, 210.9248529427034384 ) ) ;
#1642 = CARTESIAN_POINT ( 'NONE',  ( -3.999999999999998224, -8.062257748298549132, 210.0000000000000284 ) ) ;
#1643 = VERTEX_POINT ( 'NONE', #6783 ) ;
#1644 = VERTEX_POINT ( 'NONE', #2525 ) ;
#1645 = ORIENTED_EDGE ( 'NONE', *, *, #2691, .T. ) ;
#1646 = CARTESIAN_POINT ( 'NONE',  ( -1.394954764954352111, -10.19628150842324565, 229.9721540065653755 ) ) ;
#1647 = EDGE_CURVE ( 'NONE', #3229, #6918, #171, .T. ) ;
#1648 = CARTESIAN_POINT ( 'NONE',  ( 2.910331558171548316, -10.97326027551664396, 19.14838901447783215 ) ) ;
#1649 = DIRECTION ( 'NONE',  ( -0.000000000000000000, -0.000000000000000000, -1.000000000000000000 ) ) ;
#1650 = CARTESIAN_POINT ( 'NONE',  ( 2.772782723182100728, -10.96695808230720104, 19.23398908678111496 ) ) ;
#1651 = DIRECTION ( 'NONE',  ( -1.000000000000000000, 0.000000000000000000, 0.000000000000000000 ) ) ;
#1652 = AXIS2_PLACEMENT_3D ( 'NONE', #3405, #3442, #416 ) ;
#1653 = B_SPLINE_CURVE_WITH_KNOTS ( 'NONE', 3,
 ( #1989, #1281, #5027, #1833, #3801, #1948, #5500, #3058, #6806, #812, #2465, #3216, #5612, #6125, #1242 ),
 .UNSPECIFIED., .F., .F.,
 ( 4, 2, 2, 2, 1, 2, 2, 4 ),
 ( 0.000000000000000000, 0.2500000000000000000, 0.5000000000000000000, 0.7500000000000000000, 0.8750000000000000000, 0.9921875000000000000, 0.9980468750000000000, 1.000000000000000000 ),
 .UNSPECIFIED. ) ;
#1654 = VERTEX_POINT ( 'NONE', #3273 ) ;
#1655 = DIRECTION ( 'NONE',  ( 1.000000000000000000, 0.000000000000000000, 0.000000000000000000 ) ) ;
#1656 = CARTESIAN_POINT ( 'NONE',  ( -7.714285714285710860, 4.635708782739420108, 21.49999999999999289 ) ) ;
#1657 = CIRCLE ( 'NONE', #2039, 0.5000000000000004441 ) ;
#1658 = CARTESIAN_POINT ( 'NONE',  ( -2.651045598866579756, -10.98701761661256882, 210.6695752526315459 ) ) ;
#1659 = CYLINDRICAL_SURFACE ( 'NONE', #4820, 1.000000000000000000 ) ;
#1660 = DIRECTION ( 'NONE',  ( 0.000000000000000000, -1.000000000000000000, 0.000000000000000000 ) ) ;
#1661 = CARTESIAN_POINT ( 'NONE',  ( -2.775031445032761113, -10.96955771552992154, 19.22759939515266936 ) ) ;
#1662 = DIRECTION ( 'NONE',  ( 2.081331949859377984E-16, 1.000000000000000000, 0.000000000000000000 ) ) ;
#1663 = ORIENTED_EDGE ( 'NONE', *, *, #5521, .F. ) ;
#1664 = ORIENTED_EDGE ( 'NONE', *, *, #3616, .F. ) ;
#1665 = CARTESIAN_POINT ( 'NONE',  ( 2.260656727369059205, -11.21950841574911273, 210.5674887791009553 ) ) ;
#1666 = CARTESIAN_POINT ( 'NONE',  ( 25.00000000000000000, 13.72641929943638139, 19.99999999999998934 ) ) ;
#1667 = CARTESIAN_POINT ( 'NONE',  ( 23.50000000000000000, 0.000000000000000000, 228.5000000000000000 ) ) ;
#1668 = CARTESIAN_POINT ( 'NONE',  ( -2.071472523934175580, -11.49999999999999645, 19.19091344180626635 ) ) ;
#1669 = EDGE_CURVE ( 'NONE', #2439, #3145, #5520, .T. ) ;
#1670 = ADVANCED_FACE ( 'NONE', ( #5672 ), #4447, .T. ) ;
#1671 = DIRECTION ( 'NONE',  ( 0.000000000000000000, 0.000000000000000000, -1.000000000000000000 ) ) ;
#1672 = CARTESIAN_POINT ( 'NONE',  ( -3.030207851818883302, -7.446698817856538533, 20.33911859844475956 ) ) ;
#1673 = CARTESIAN_POINT ( 'NONE',  ( -2.888792086468994658, -10.95859384021911609, 210.8109594100453421 ) ) ;
#1674 = CARTESIAN_POINT ( 'NONE',  ( -2.821187744085498217, -11.09288504891496352, 18.90291483705796338 ) ) ;
#1675 = FACE_OUTER_BOUND ( 'NONE', #7086, .T. ) ;
#1676 = CARTESIAN_POINT ( 'NONE',  ( 1.193345233789640192, -10.11277734501042858, 0.01021111329641193576 ) ) ;
#1677 = AXIS2_PLACEMENT_3D ( 'NONE', #4417, #916, #3323 ) ;
#1678 = CARTESIAN_POINT ( 'NONE',  ( 1.500000000000002220, -11.49999999999999822, 210.2270775949737072 ) ) ;
#1679 = VERTEX_POINT ( 'NONE', #4929 ) ;
#1680 = EDGE_CURVE ( 'NONE', #5462, #5473, #1305, .T. ) ;
#1681 = ORIENTED_EDGE ( 'NONE', *, *, #2369, .T. ) ;
#1682 = AXIS2_PLACEMENT_3D ( 'NONE', #7089, #7649, #7127 ) ;
#1683 = AXIS2_PLACEMENT_3D ( 'NONE', #4667, #1711, #4072 ) ;
#1684 = ORIENTED_EDGE ( 'NONE', *, *, #2495, .T. ) ;
#1685 = CARTESIAN_POINT ( 'NONE',  ( -1.341624269805264946, -10.15874426915814865, 229.9802264814785246 ) ) ;
#1686 = CARTESIAN_POINT ( 'NONE',  ( 0.000000000000000000, 20.99999999999999645, 19.99999999999998934 ) ) ;
#1687 = CARTESIAN_POINT ( 'NONE',  ( 1.014933520385838062, -9.976868486637565425, 229.9999560810066725 ) ) ;
#1688 = CARTESIAN_POINT ( 'NONE',  ( 2.913626296283085448, -10.97007306887192613, 19.15299543975768159 ) ) ;
#1689 = CARTESIAN_POINT ( 'NONE',  ( -23.50000000000000000, 20.99999999999999645, 211.5000000000000284 ) ) ;
#1690 = ORIENTED_EDGE ( 'NONE', *, *, #2879, .F. ) ;
#1691 = CARTESIAN_POINT ( 'NONE',  ( 3.516559435341767959, -10.43604407748160234, 19.61055258682698010 ) ) ;
#1692 = CARTESIAN_POINT ( 'NONE',  ( -4.000000000000022204, 3.500000000000000000, 20.49999999999998934 ) ) ;
#1693 = CARTESIAN_POINT ( 'NONE',  ( 2.196935484006854900, -11.21726202720021881, 19.75930135030683843 ) ) ;
#1694 = CARTESIAN_POINT ( 'NONE',  ( 3.251682847069972127, -7.589812906716209895, 20.17854639120184501 ) ) ;
#1695 = DIRECTION ( 'NONE',  ( -0.000000000000000000, 0.000000000000000000, 1.000000000000000000 ) ) ;
#1696 = CARTESIAN_POINT ( 'NONE',  ( -2.769977531269208537, -10.96468913734354977, 19.24001322997174057 ) ) ;
#1697 = CARTESIAN_POINT ( 'NONE',  ( -23.50000000000000000, 12.22641929943638317, 228.5000000000000000 ) ) ;
#1698 = VERTEX_POINT ( 'NONE', #2601 ) ;
#1699 = EDGE_LOOP ( 'NONE', ( #908, #1664, #4128, #4749 ) ) ;
#1700 = CARTESIAN_POINT ( 'NONE',  ( 0.000000000000000000, 0.000000000000000000, 19.99999999999998934 ) ) ;
#1701 = CARTESIAN_POINT ( 'NONE',  ( 2.214197310204373714, -11.20864197182515021, 210.3411356941003589 ) ) ;
#1702 = DIRECTION ( 'NONE',  ( 0.000000000000000000, -1.000000000000000000, 0.000000000000000000 ) ) ;
#1703 = CARTESIAN_POINT ( 'NONE',  ( 3.698088522234579401, -10.15072600491966348, 19.77037725666833623 ) ) ;
#1704 = CARTESIAN_POINT ( 'NONE',  ( -3.816524958024517300, -8.024323092188922146, 210.0000000000000284 ) ) ;
#1705 = DIRECTION ( 'NONE',  ( 0.000000000000000000, -1.000000000000000000, 0.000000000000000000 ) ) ;
#1706 = FACE_OUTER_BOUND ( 'NONE', #4196, .T. ) ;
#1707 = CARTESIAN_POINT ( 'NONE',  ( 2.087919369617513787, -11.49999999999999822, 211.1248896213407136 ) ) ;
#1708 = AXIS2_PLACEMENT_3D ( 'NONE', #6505, #437, #2990 ) ;
#1709 = EDGE_CURVE ( 'NONE', #6858, #4606, #7352, .T. ) ;
#1710 = CARTESIAN_POINT ( 'NONE',  ( 2.500000000000001776, -10.50000000000000000, 21.23350517512630020 ) ) ;
#1711 = DIRECTION ( 'NONE',  ( 0.000000000000000000, -1.000000000000000000, 0.000000000000000000 ) ) ;
#1712 = CARTESIAN_POINT ( 'NONE',  ( -1.559245105767149475, -11.50000000000000000, 210.6588676224523056 ) ) ;
#1713 = CARTESIAN_POINT ( 'NONE',  ( -2.263118494445853113, -11.26295615689639895, 0.9738526991467344462 ) ) ;
#1714 = VERTEX_POINT ( 'NONE', #753 ) ;
#1715 = CIRCLE ( 'NONE', #7135, 1.500000000000001332 ) ;
#1716 = AXIS2_PLACEMENT_3D ( 'NONE', #6697, #1252, #1292 ) ;
#1717 = ORIENTED_EDGE ( 'NONE', *, *, #3844, .F. ) ;
#1718 = EDGE_CURVE ( 'NONE', #6449, #5918, #1300, .T. ) ;
#1719 = ORIENTED_EDGE ( 'NONE', *, *, #7375, .F. ) ;
#1720 = CARTESIAN_POINT ( 'NONE',  ( -1.069081112406532474, -10.04871286608850589, 229.9981606310401219 ) ) ;
#1721 = ADVANCED_FACE ( 'NONE', ( #7338 ), #3117, .F. ) ;
#1722 = CIRCLE ( 'NONE', #3735, 1.500000000000001332 ) ;
#1723 = CARTESIAN_POINT ( 'NONE',  ( -25.00000000000000000, 20.99999999999999645, 0.000000000000000000 ) ) ;
#1724 = CARTESIAN_POINT ( 'NONE',  ( -1.102776835709482484, -9.996351389846635627, 0.001023315733576231996 ) ) ;
#1725 = AXIS2_PLACEMENT_3D ( 'NONE', #3860, #3901, #1501 ) ;
#1726 = CARTESIAN_POINT ( 'NONE',  ( 2.913626296283084560, -10.97007306887192613, 19.15299543975768159 ) ) ;
#1727 = DIRECTION ( 'NONE',  ( 0.000000000000000000, 0.000000000000000000, 1.000000000000000000 ) ) ;
#1728 = ORIENTED_EDGE ( 'NONE', *, *, #2538, .T. ) ;
#1729 = FACE_OUTER_BOUND ( 'NONE', #3259, .T. ) ;
#1730 = CARTESIAN_POINT ( 'NONE',  ( -2.257747252451488773, -11.21748840370806555, 19.44788340372884505 ) ) ;
#1731 = EDGE_CURVE ( 'NONE', #7423, #6392, #1564, .T. ) ;
#1732 =( BOUNDED_SURFACE ( )  B_SPLINE_SURFACE ( 3, 2, ( 
 ( #4856, #2420, #6116 ),
 ( #690, #1194, #1156 ),
 ( #2498, #6716, #1316 ),
 ( #3091, #3554, #607 ) ),
 .UNSPECIFIED., .F., .F., .F. ) 
 B_SPLINE_SURFACE_WITH_KNOTS ( ( 4, 4 ),
 ( 3, 3 ),
 ( 0.000000000000000000, 8.966486059704218423E-05 ),
 ( 0.000000000000000000, 1.000000000000000000 ),
 .UNSPECIFIED. ) 
 GEOMETRIC_REPRESENTATION_ITEM ( )  RATIONAL_B_SPLINE_SURFACE ( (
 ( 1.000000000000000000, 0.9998845316408302430, 1.000000000000000000),
 ( 1.000000000000000000, 0.9998455050467592864, 1.000000000000000000),
 ( 1.000000000000000000, 0.9998029167076177837, 1.000000000000000000),
 ( 1.000000000000000000, 0.9997586081350633425, 1.000000000000000000) ) ) 
 REPRESENTATION_ITEM ( '' )  SURFACE ( )  );
#1733 = CARTESIAN_POINT ( 'NONE',  ( 2.195112191372630139, -11.21890168048128444, 19.77207070874122863 ) ) ;
#1734 = CARTESIAN_POINT ( 'NONE',  ( 2.749869753687619767, -7.264229161661046597, 20.64791870029502263 ) ) ;
#1735 = DIRECTION ( 'NONE',  ( -0.000000000000000000, -8.673617379884028570E-16, -1.000000000000000000 ) ) ;
#1736 = FACE_OUTER_BOUND ( 'NONE', #1169, .T. ) ;
#1737 = CARTESIAN_POINT ( 'NONE',  ( -2.394607972944617913, -11.07398521919432355, 19.54978782058197950 ) ) ;
#1738 = CARTESIAN_POINT ( 'NONE',  ( -2.352180213503261452, -11.04004136860391050, 209.6553079887179933 ) ) ;
#1739 = EDGE_LOOP ( 'NONE', ( #6739, #5661, #2077, #1663 ) ) ;
#1740 = EDGE_LOOP ( 'NONE', ( #4985, #5433, #139, #2609 ) ) ;
#1741 = CARTESIAN_POINT ( 'NONE',  ( -25.00000000000000000, 13.72641929943638139, 0.000000000000000000 ) ) ;
#1742 = CARTESIAN_POINT ( 'NONE',  ( 2.260490141730567615, -11.21938874472894732, 210.5666039243070600 ) ) ;
#1743 = ADVANCED_FACE ( 'NONE', ( #7454 ), #4163, .F. ) ;
#1744 = CIRCLE ( 'NONE', #6407, 0.5000000000000004441 ) ;
#1745 = CARTESIAN_POINT ( 'NONE',  ( -2.559338490874206951, -10.80910940517657082, 19.61759661709525915 ) ) ;
#1746 = DIRECTION ( 'NONE',  ( -0.000000000000000000, -0.000000000000000000, 1.000000000000000000 ) ) ;
#1747 = CARTESIAN_POINT ( 'NONE',  ( -2.518171092447810011, -7.112413845937501478, 208.7730144628219477 ) ) ;
#1748 = DIRECTION ( 'NONE',  ( 0.000000000000000000, 0.000000000000000000, 1.000000000000000000 ) ) ;
#1749 = ORIENTED_EDGE ( 'NONE', *, *, #7617, .T. ) ;
#1750 =( BOUNDED_SURFACE ( )  B_SPLINE_SURFACE ( 3, 2, ( 
 ( #3637, #2423, #4229 ),
 ( #7314, #5535, #6720 ),
 ( #6045, #7275, #1318 ),
 ( #90, #4946, #6760 ),
 ( #651, #2502, #2461 ),
 ( #3596, #3716, #1197 ),
 ( #133, #1869, #7353 ),
 ( #7232, #6603, #1792 ),
 ( #1357, #4821, #3054 ),
 ( #3756, #1828, #51 ),
 ( #4860, #6163, #4904 ),
 ( #4268, #6682, #1276 ),
 ( #692, #6004, #5378 ),
 ( #6085, #7788, #3093 ) ),
 .UNSPECIFIED., .F., .F., .F. ) 
 B_SPLINE_SURFACE_WITH_KNOTS ( ( 4, 2, 2, 2, 2, 2, 4 ),
 ( 3, 3 ),
 ( 0.000000000000000000, 4.361956731384629459E-05, 8.723913462769258918E-05, 0.0001744782692553851784, 0.0003489565385107703567, 0.0006979130770215407134, 0.001395826154043081427 ),
 ( 0.000000000000000000, 1.000000000000000000 ),
 .UNSPECIFIED. ) 
 GEOMETRIC_REPRESENTATION_ITEM ( )  RATIONAL_B_SPLINE_SURFACE ( (
 ( 1.000000000000000000, 0.9632148691267319318, 1.000000000000000000),
 ( 1.000000000000000000, 0.9655515244560700650, 1.000000000000000000),
 ( 1.000000000000000000, 0.9668448707917222107, 1.000000000000000000),
 ( 1.000000000000000000, 0.9691274288100221179, 1.000000000000000000),
 ( 1.000000000000000000, 0.9700289792094152208, 1.000000000000000000),
 ( 1.000000000000000000, 0.9724363909207642820, 1.000000000000000000),
 ( 1.000000000000000000, 0.9736317085747574485, 1.000000000000000000),
 ( 1.000000000000000000, 0.9767582661987187498, 1.000000000000000000),
 ( 1.000000000000000000, 0.9781948994564212407, 1.000000000000000000),
 ( 1.000000000000000000, 0.9818216250725980698, 1.000000000000000000),
 ( 1.000000000000000000, 0.9832618173463788525, 1.000000000000000000),
 ( 1.000000000000000000, 0.9865679760735612813, 1.000000000000000000),
 ( 1.000000000000000000, 0.9872510014830270242, 1.000000000000000000),
 ( 1.000000000000000000, 0.9873019781227541092, 1.000000000000000000) ) ) 
 REPRESENTATION_ITEM ( '' )  SURFACE ( )  );
#1751 = CARTESIAN_POINT ( 'NONE',  ( 2.216160574231611946, -11.20633521745054395, 19.66137663818766157 ) ) ;
#1752 = VECTOR ( 'NONE', #391, 1000.000000000000000 ) ;
#1753 = CARTESIAN_POINT ( 'NONE',  ( 2.500000000000002220, -9.425703593251142820, 20.08234483470328513 ) ) ;
#1754 = DIRECTION ( 'NONE',  ( 0.000000000000000000, 0.000000000000000000, 1.000000000000000000 ) ) ;
#1755 = CARTESIAN_POINT ( 'NONE',  ( -1.780937972328275221, -11.50000000000000000, 211.2812799162331601 ) ) ;
#1756 = CARTESIAN_POINT ( 'NONE',  ( -1.811221830515581166, -10.49999999999999822, 210.0000000000000284 ) ) ;
#1757 = ORIENTED_EDGE ( 'NONE', *, *, #619, .F. ) ;
#1758 = TOROIDAL_SURFACE ( 'NONE', #369, 7.716029316036113528, 1.500000000000000000 ) ;
#1759 = VECTOR ( 'NONE', #5045, 1000.000000000000000 ) ;
#1760 = VERTEX_POINT ( 'NONE', #904 ) ;
#1761 = ORIENTED_EDGE ( 'NONE', *, *, #2931, .T. ) ;
#1762 = CARTESIAN_POINT ( 'NONE',  ( -1.409452582367684670, -10.41046712233757177, 229.9294634884059576 ) ) ;
#1763 = EDGE_CURVE ( 'NONE', #5386, #884, #5157, .T. ) ;
#1764 = SPHERICAL_SURFACE ( 'NONE', #3377, 1.500000000000000000 ) ;
#1765 = CARTESIAN_POINT ( 'NONE',  ( 2.240627860667114835, -11.18673911137540777, 210.3669846234998317 ) ) ;
#1766 = CARTESIAN_POINT ( 'NONE',  ( 2.913626296283085448, -10.97007306887192613, 19.15299543975768159 ) ) ;
#1767 = CARTESIAN_POINT ( 'NONE',  ( 2.045554461581758687, -10.65043859123298731, 0.2463150391851050836 ) ) ;
#1768 = EDGE_CURVE ( 'NONE', #1612, #6494, #4526, .T. ) ;
#1769 = EDGE_CURVE ( 'NONE', #947, #4431, #2514, .T. ) ;
#1770 = EDGE_CURVE ( 'NONE', #1336, #1449, #498, .T. ) ;
#1771 = ORIENTED_EDGE ( 'NONE', *, *, #1295, .T. ) ;
#1772 = DIRECTION ( 'NONE',  ( 0.7071067811886038168, 0.7071067811844912177, 0.000000000000000000 ) ) ;
#1773 = CARTESIAN_POINT ( 'NONE',  ( -2.194994261696760152, -11.21901528231920864, 19.77292240502555742 ) ) ;
#1774 = CARTESIAN_POINT ( 'NONE',  ( 2.258104715570733223, -11.21672543691650503, 19.44931340782452622 ) ) ;
#1775 = CARTESIAN_POINT ( 'NONE',  ( -2.499999999999998224, -9.165151389911681434, 208.5000000000000284 ) ) ;
#1776 = CARTESIAN_POINT ( 'NONE',  ( 1.024505257613861575, -9.994122601708934184, 0.0001695065632070879950 ) ) ;
#1777 = TOROIDAL_SURFACE ( 'NONE', #4931, 10.00000000000000000, 1.500000000000000000 ) ;
#1778 = FACE_OUTER_BOUND ( 'NONE', #6367, .T. ) ;
#1779 = CARTESIAN_POINT ( 'NONE',  ( -2.378505922430261155, -11.13967233493101716, 19.37541598232976270 ) ) ;
#1780 = CARTESIAN_POINT ( 'NONE',  ( -3.086132063986366525, -10.86250476416810073, 210.7165269523998745 ) ) ;
#1781 = EDGE_CURVE ( 'NONE', #486, #7174, #5793, .T. ) ;
#1782 = VERTEX_POINT ( 'NONE', #5200 ) ;
#1783 = ORIENTED_EDGE ( 'NONE', *, *, #5349, .T. ) ;
#1784 = AXIS2_PLACEMENT_3D ( 'NONE', #285, #2578, #6917 ) ;
#1785 = CARTESIAN_POINT ( 'NONE',  ( 2.500000000000000888, -7.745966692414834043, 21.49999999999999289 ) ) ;
#1786 = CARTESIAN_POINT ( 'NONE',  ( 2.208492175965959703, -11.20953446545541432, 210.3007187047903415 ) ) ;
#1787 = CARTESIAN_POINT ( 'NONE',  ( -1.811221830515580278, -11.50000000000000000, 18.49999999999998934 ) ) ;
#1788 = DIRECTION ( 'NONE',  ( 0.000000000000000000, 0.000000000000000000, 1.000000000000000000 ) ) ;
#1789 = DIRECTION ( 'NONE',  ( 1.000000000000000000, 0.000000000000000000, 0.000000000000000000 ) ) ;
#1790 = AXIS2_PLACEMENT_3D ( 'NONE', #967, #6409, #6371 ) ;
#1791 = EDGE_CURVE ( 'NONE', #7124, #1760, #2884, .T. ) ;
#1792 = CARTESIAN_POINT ( 'NONE',  ( -2.864482009573249055, -11.02824092017930013, 19.05411693965371711 ) ) ;
#1793 = CARTESIAN_POINT ( 'NONE',  ( -4.000000000000022204, 3.500000000000000000, 19.99999999999998934 ) ) ;
#1794 = CARTESIAN_POINT ( 'NONE',  ( 2.196444049803064402, -11.21761713405280503, 19.77072349942255158 ) ) ;
#1795 = CARTESIAN_POINT ( 'NONE',  ( -1.289352228478346740, -10.19510105237068487, 0.02455164886805137267 ) ) ;
#1796 = FACE_OUTER_BOUND ( 'NONE', #4670, .T. ) ;
#1797 = CARTESIAN_POINT ( 'NONE',  ( 2.338132871007174263, -11.33797903425864639, 1.319160566473307261 ) ) ;
#1798 = PLANE ( 'NONE',  #1404 ) ;
#1799 = ORIENTED_EDGE ( 'NONE', *, *, #6789, .T. ) ;
#1800 = ORIENTED_EDGE ( 'NONE', *, *, #2945, .T. ) ;
#1801 = ORIENTED_EDGE ( 'NONE', *, *, #1020, .F. ) ;
#1802 = CARTESIAN_POINT ( 'NONE',  ( -1.120722134059753960, -10.00775315809227628, 229.9983512667958792 ) ) ;
#1803 = CARTESIAN_POINT ( 'NONE',  ( -23.50000000000000000, 13.72641929943638139, 211.5000000000000284 ) ) ;
#1804 = CARTESIAN_POINT ( 'NONE',  ( 2.220281686227951745, -11.19491409988206776, 210.2598398458423503 ) ) ;
#1805 = CARTESIAN_POINT ( 'NONE',  ( 5.999999999999996447, 3.605551275463993566, 21.49999999999999289 ) ) ;
#1806 = CARTESIAN_POINT ( 'NONE',  ( 2.790768253925220321, -10.98408524178104351, 19.19020892928163491 ) ) ;
#1807 = ADVANCED_FACE ( 'NONE', ( #4601 ), #2829, .F. ) ;
#1808 = CARTESIAN_POINT ( 'NONE',  ( 2.783601829262475125, -11.15802674562696239, 1.500000000000001332 ) ) ;
#1809 = VECTOR ( 'NONE', #5586, 1000.000000000000000 ) ;
#1810 = ORIENTED_EDGE ( 'NONE', *, *, #819, .F. ) ;
#1811 = CARTESIAN_POINT ( 'NONE',  ( 5.000000000000023093, 3.000000000000000000, 21.49999999999999289 ) ) ;
#1812 = CARTESIAN_POINT ( 'NONE',  ( -1.554559835674780732, -11.50000000000000355, 210.6602915439888761 ) ) ;
#1813 = CARTESIAN_POINT ( 'NONE',  ( 2.257546667473577351, -11.21735494783114540, 19.44893565165195071 ) ) ;
#1814 = CARTESIAN_POINT ( 'NONE',  ( 2.115787091737658443, -11.49716068680151970, 228.6129810883101641 ) ) ;
#1815 = CARTESIAN_POINT ( 'NONE',  ( 4.000000000000022204, 6.324555320336759934, 20.49999999999998934 ) ) ;
#1816 = DIRECTION ( 'NONE',  ( 0.000000000000000000, 1.000000000000000000, -0.000000000000000000 ) ) ;
#1817 = CARTESIAN_POINT ( 'NONE',  ( -2.371838626277646522, -11.13685558088662297, 19.39803228442112726 ) ) ;
#1818 = CARTESIAN_POINT ( 'NONE',  ( -1.032903929290647227, -9.979608481122227204, 229.9997551995878666 ) ) ;
#1819 = ORIENTED_EDGE ( 'NONE', *, *, #1055, .T. ) ;
#1820 = ORIENTED_EDGE ( 'NONE', *, *, #7797, .T. ) ;
#1821 = LINE ( 'NONE', #6518, #7402 ) ;
#1822 = ADVANCED_FACE ( 'NONE', ( #5277 ), #3653, .T. ) ;
#1823 = CARTESIAN_POINT ( 'NONE',  ( 2.262981850444444554, -11.21806795028503778, 210.5697049755951014 ) ) ;
#1824 = CARTESIAN_POINT ( 'NONE',  ( -2.829486508306762182, -11.07930555257022931, 211.0596765230872904 ) ) ;
#1825 = LINE ( 'NONE', #1272, #7272 ) ;
#1826 = CARTESIAN_POINT ( 'NONE',  ( -0.000000000000000000, 20.99999999999999645, 210.0000000000000284 ) ) ;
#1827 = DIRECTION ( 'NONE',  ( -2.937598842601849298E-16, 1.000000000000000000, -0.000000000000000000 ) ) ;
#1828 = CARTESIAN_POINT ( 'NONE',  ( -2.550552729090768356, -11.13258732986534127, 18.99808466402851437 ) ) ;
#1829 = CARTESIAN_POINT ( 'NONE',  ( 2.076090252422432947, -11.50000000000000000, 210.5992675237783658 ) ) ;
#1830 = EDGE_CURVE ( 'NONE', #947, #2824, #6161, .T. ) ;
#1831 = CARTESIAN_POINT ( 'NONE',  ( 2.261309783269958018, -11.21485406521876804, 19.44576644094749085 ) ) ;
#1832 = CARTESIAN_POINT ( 'NONE',  ( 2.500000000000001776, -9.996319638934902940, 20.04158596833532968 ) ) ;
#1833 = CARTESIAN_POINT ( 'NONE',  ( 2.677475753892632593, -11.01707479931075895, 210.7703193381524045 ) ) ;
#1834 = CARTESIAN_POINT ( 'NONE',  ( 2.357957118854097978, -10.86612244097345936, 0.4964261332135906368 ) ) ;
#1835 = DIRECTION ( 'NONE',  ( 1.000000000000000000, 0.000000000000000000, 0.000000000000000000 ) ) ;
#1836 = ORIENTED_EDGE ( 'NONE', *, *, #2311, .T. ) ;
#1837 = EDGE_LOOP ( 'NONE', ( #1285 ) ) ;
#1838 = VECTOR ( 'NONE', #1409, 1000.000000000000000 ) ;
#1839 = ORIENTED_EDGE ( 'NONE', *, *, #5482, .T. ) ;
#1840 = CARTESIAN_POINT ( 'NONE',  ( 4.000000000000022204, 3.499999999999999556, 21.49999999999999289 ) ) ;
#1841 = CIRCLE ( 'NONE', #7638, 0.5000000000000004441 ) ;
#1842 = LINE ( 'NONE', #4834, #866 ) ;
#1843 = CARTESIAN_POINT ( 'NONE',  ( 2.394544949357775288, -11.07397348544565041, 210.4499294938271703 ) ) ;
#1844 = DIRECTION ( 'NONE',  ( 0.000000000000000000, 1.000000000000000000, 0.000000000000000000 ) ) ;
#1845 = CARTESIAN_POINT ( 'NONE',  ( 2.659843667762747721, -10.99829585058035342, 19.27738973682453150 ) ) ;
#1846 = CARTESIAN_POINT ( 'NONE',  ( -23.50000000000000000, 12.22641929943638317, 1.500000000000001332 ) ) ;
#1847 = VERTEX_POINT ( 'NONE', #4081 ) ;
#1848 = AXIS2_PLACEMENT_3D ( 'NONE', #7125, #6614, #3488 ) ;
#1849 = ORIENTED_EDGE ( 'NONE', *, *, #5763, .T. ) ;
#1850 = CARTESIAN_POINT ( 'NONE',  ( 2.622805240201581789, -10.61571712850199489, 19.78332176987433400 ) ) ;
#1851 = CARTESIAN_POINT ( 'NONE',  ( 1.946755124036186890, -10.58226882427486082, 229.8070385262185198 ) ) ;
#1852 = AXIS2_PLACEMENT_3D ( 'NONE', #5077, #5115, #7528 ) ;
#1853 = CARTESIAN_POINT ( 'NONE',  ( -2.509086976580227279, -11.07422639100721007, 19.30758757106298162 ) ) ;
#1854 = DIRECTION ( 'NONE',  ( 0.000000000000000000, 0.000000000000000000, -1.000000000000000000 ) ) ;
#1855 = CARTESIAN_POINT ( 'NONE',  ( 23.50000000000000000, 20.99999999999999645, 211.5000000000000284 ) ) ;
#1856 = CARTESIAN_POINT ( 'NONE',  ( 7.714285714285710860, 4.635708782739420108, 210.0000000000000284 ) ) ;
#1857 = CARTESIAN_POINT ( 'NONE',  ( -16.66532048819021838, 6.010389983400267866, 230.0000000000000000 ) ) ;
#1858 = ORIENTED_EDGE ( 'NONE', *, *, #3843, .T. ) ;
#1859 = EDGE_LOOP ( 'NONE', ( #738, #7414, #2833, #1228 ) ) ;
#1860 = CARTESIAN_POINT ( 'NONE',  ( 1.058033087880458689, -10.03572497795976659, 0.001150363329384401214 ) ) ;
#1861 = CARTESIAN_POINT ( 'NONE',  ( -2.398994704746100215, -11.07027607561665405, 210.4470826156986618 ) ) ;
#1862 = CARTESIAN_POINT ( 'NONE',  ( 3.999999999999996447, 3.605551275463993566, 21.49999999999999289 ) ) ;
#1863 = LINE ( 'NONE', #5298, #2854 ) ;
#1864 = CARTESIAN_POINT ( 'NONE',  ( 1.069081112381823795, -10.04871286605998471, 229.9981606310416566 ) ) ;
#1865 = CARTESIAN_POINT ( 'NONE',  ( -1.811221830515580722, -10.49999999999999822, 18.49999999999998934 ) ) ;
#1866 = AXIS2_PLACEMENT_3D ( 'NONE', #4956, #3066, #7366 ) ;
#1867 = EDGE_CURVE ( 'NONE', #5408, #7238, #22, .T. ) ;
#1868 = ADVANCED_FACE ( 'NONE', ( #582 ), #2904, .F. ) ;
#1869 = CARTESIAN_POINT ( 'NONE',  ( -2.544350909001636740, -11.05498690233013548, 19.18361531341256310 ) ) ;
#1870 = CARTESIAN_POINT ( 'NONE',  ( -3.523207905898599890, -7.963105907658243332, 20.07441741938406921 ) ) ;
#1871 = ADVANCED_FACE ( 'NONE', ( #4790 ), #1211, .T. ) ;
#1872 = CARTESIAN_POINT ( 'NONE',  ( 2.222264541576338459, -11.19356763275029820, 19.72806731886042897 ) ) ;
#1873 = CARTESIAN_POINT ( 'NONE',  ( -1.110104562089434310, -10.09639233222704569, 0.004387224584788056853 ) ) ;
#1874 = CARTESIAN_POINT ( 'NONE',  ( -1.021566454688746628, -9.959110810818652126, 1.301042606982605321E-15 ) ) ;
#1875 = CARTESIAN_POINT ( 'NONE',  ( 1.491557340256236985, -10.49419349707635618, 0.1035497393468882976 ) ) ;
#1876 = ORIENTED_EDGE ( 'NONE', *, *, #7617, .F. ) ;
#1877 = AXIS2_PLACEMENT_3D ( 'NONE', #1987, #7512, #6764 ) ;
#1878 = EDGE_LOOP ( 'NONE', ( #1623, #5484, #2492, #4552 ) ) ;
#1879 = ADVANCED_FACE ( 'NONE', ( #509 ), #4713, .T. ) ;
#1880 = VERTEX_POINT ( 'NONE', #544 ) ;
#1881 = CARTESIAN_POINT ( 'NONE',  ( 19.00000000000000355, 22.50000000000000000, 220.0000000000000284 ) ) ;
#1882 = AXIS2_PLACEMENT_3D ( 'NONE', #1023, #4009, #5708 ) ;
#1883 = DIRECTION ( 'NONE',  ( 0.000000000000000000, 1.000000000000000000, -8.673617379884038430E-16 ) ) ;
#1884 = CARTESIAN_POINT ( 'NONE',  ( 2.265552481052397038, -11.15609558959704550, 210.3139677768044749 ) ) ;
#1885 = DIRECTION ( 'NONE',  ( -2.081331949859378477E-16, -1.000000000000000000, 0.000000000000000000 ) ) ;
#1886 = CARTESIAN_POINT ( 'NONE',  ( -23.50000000000000000, 20.99999999999999645, 18.49999999999998934 ) ) ;
#1887 = CARTESIAN_POINT ( 'NONE',  ( 2.653481926905365107, -10.99344996329119617, 19.29455342837708542 ) ) ;
#1888 = VECTOR ( 'NONE', #2840, 1000.000000000000000 ) ;
#1889 = CARTESIAN_POINT ( 'NONE',  ( -2.499999999999997780, -10.49999999999999822, 21.23350517512628954 ) ) ;
#1890 = ORIENTED_EDGE ( 'NONE', *, *, #2784, .T. ) ;
#1891 = EDGE_CURVE ( 'NONE', #2572, #6449, #5353, .T. ) ;
#1892 = ORIENTED_EDGE ( 'NONE', *, *, #5967, .F. ) ;
#1893 = CARTESIAN_POINT ( 'NONE',  ( -1.412849804612784421, -10.60738955222737090, 0.1167043866456790452 ) ) ;
#1894 = CARTESIAN_POINT ( 'NONE',  ( -4.000000000000022204, 0.000000000000000000, 19.99999999999998934 ) ) ;
#1895 = CARTESIAN_POINT ( 'NONE',  ( -3.999999999999998224, -9.165151389911681434, 210.0000000000000284 ) ) ;
#1896 = CARTESIAN_POINT ( 'NONE',  ( 2.378461211036977385, -11.13964752517134116, 19.37558382922809486 ) ) ;
#1897 = CARTESIAN_POINT ( 'NONE',  ( 3.440406402368600514, -7.325157252780782891, 20.30143041445213115 ) ) ;
#1898 = CARTESIAN_POINT ( 'NONE',  ( -1.011366327769142703, -10.00378877592304683, 1.953391755386829043E-15 ) ) ;
#1899 = VERTEX_POINT ( 'NONE', #7760 ) ;
#1900 = VERTEX_POINT ( 'NONE', #466 ) ;
#1901 = CARTESIAN_POINT ( 'NONE',  ( 1.102776835669631916, -9.996351389824299716, 0.001023315732712239525 ) ) ;
#1902 = CARTESIAN_POINT ( 'NONE',  ( -2.586613514272042558, -11.00296661645522889, 210.6232831871705855 ) ) ;
#1903 = CARTESIAN_POINT ( 'NONE',  ( 1.069081112381823795, -10.04871286605998471, 229.9981606310416566 ) ) ;
#1904 = CARTESIAN_POINT ( 'NONE',  ( 3.500000000000022649, 23.00000000000000000, 19.99999999999998934 ) ) ;
#1905 = CARTESIAN_POINT ( 'NONE',  ( -1.811221830515581166, -10.49999999999999822, 19.99999999999998934 ) ) ;
#1906 = EDGE_CURVE ( 'NONE', #2175, #4711, #2140, .T. ) ;
#1907 = LINE ( 'NONE', #4266, #3665 ) ;
#1908 = EDGE_CURVE ( 'NONE', #3390, #6909, #756, .T. ) ;
#1909 = VECTOR ( 'NONE', #796, 1000.000000000000000 ) ;
#1910 = CARTESIAN_POINT ( 'NONE',  ( -3.146680328731404686, -12.61342153853487780, 18.49999999999998934 ) ) ;
#1911 = CARTESIAN_POINT ( 'NONE',  ( 2.100965909512989338, -11.49999999999999645, 18.57703570760100931 ) ) ;
#1912 = TOROIDAL_SURFACE ( 'NONE', #149, 7.716029316036113528, 1.500000000000000000 ) ;
#1913 = CARTESIAN_POINT ( 'NONE',  ( 2.199075935513294056, -11.21511670118629134, 19.76425822502696406 ) ) ;
#1914 = DIRECTION ( 'NONE',  ( 1.000000000000000000, 0.000000000000000000, 0.000000000000000000 ) ) ;
#1915 = CARTESIAN_POINT ( 'NONE',  ( 23.50000000000000000, 13.72641929943638139, 210.0000000000000284 ) ) ;
#1916 = CARTESIAN_POINT ( 'NONE',  ( 1.120722134059900066, -10.00775315809239174, 0.001648733204139257030 ) ) ;
#1917 = ORIENTED_EDGE ( 'NONE', *, *, #1573, .T. ) ;
#1918 = ORIENTED_EDGE ( 'NONE', *, *, #7433, .T. ) ;
#1919 = ORIENTED_EDGE ( 'NONE', *, *, #5248, .T. ) ;
#1920 = CARTESIAN_POINT ( 'NONE',  ( -2.345405230827385168, -11.34536861476599512, 228.5910839348777870 ) ) ;
#1921 = DIRECTION ( 'NONE',  ( 0.000000000000000000, -1.000000000000000000, 0.000000000000000000 ) ) ;
#1922 = CARTESIAN_POINT ( 'NONE',  ( 2.440887723838960799, -11.08768721334228857, 210.6100854390059851 ) ) ;
#1923 = CARTESIAN_POINT ( 'NONE',  ( 2.582605884693182308, -10.99587362277273428, 19.37963624187321798 ) ) ;
#1924 = CARTESIAN_POINT ( 'NONE',  ( 4.000000000000022204, 3.500000000000000000, 20.49999999999998934 ) ) ;
#1925 = CARTESIAN_POINT ( 'NONE',  ( 2.641777661115368492, -10.98601985424677530, 19.32414827008682323 ) ) ;
#1926 = CYLINDRICAL_SURFACE ( 'NONE', #1219, 0.5000000000000004441 ) ;
#1927 = EDGE_LOOP ( 'NONE', ( #3452, #2980, #5204 ) ) ;
#1928 = VERTEX_POINT ( 'NONE', #6016 ) ;
#1929 = CARTESIAN_POINT ( 'NONE',  ( -1.275677823174969916, -10.41104025238790776, 0.05321453940946477973 ) ) ;
#1930 = CARTESIAN_POINT ( 'NONE',  ( 2.499999999990737631, -9.711765941072982855, 209.8995813318309160 ) ) ;
#1931 = CARTESIAN_POINT ( 'NONE',  ( 16.66532048819021838, 13.72641929943638139, 1.500000000000001332 ) ) ;
#1932 = CARTESIAN_POINT ( 'NONE',  ( 2.345405229802010272, -11.34536861541394082, 211.5000000000000284 ) ) ;
#1933 = AXIS2_PLACEMENT_3D ( 'NONE', #404, #1885, #2634 ) ;
#1934 = CARTESIAN_POINT ( 'NONE',  ( -2.613034206373129997, -11.04358681702107425, 210.7600047056917845 ) ) ;
#1935 = AXIS2_PLACEMENT_3D ( 'NONE', #4756, #5394, #2241 ) ;
#1936 = ORIENTED_EDGE ( 'NONE', *, *, #3119, .T. ) ;
#1937 = ORIENTED_EDGE ( 'NONE', *, *, #6848, .T. ) ;
#1938 = CARTESIAN_POINT ( 'NONE',  ( -2.499999999999997780, -10.49999999999999822, 208.7664948248737176 ) ) ;
#1939 = CARTESIAN_POINT ( 'NONE',  ( -2.400774397973199914, -11.07111898690717133, 210.4572177160885929 ) ) ;
#1940 = AXIS2_PLACEMENT_3D ( 'NONE', #6008, #1754, #7753 ) ;
#1941 = CARTESIAN_POINT ( 'NONE',  ( -23.50000000000000000, 20.99999999999999645, 228.5000000000000000 ) ) ;
#1942 = CARTESIAN_POINT ( 'NONE',  ( -16.66532048819021838, 12.22641929943638317, 219.1059801024945841 ) ) ;
#1943 = CARTESIAN_POINT ( 'NONE',  ( -1.811221828255739297, -11.50000000000000000, 18.55452246922152426 ) ) ;
#1944 = CARTESIAN_POINT ( 'NONE',  ( 1.006813884163068495, -9.952793203753932616, 229.9999967849298059 ) ) ;
#1945 = DIRECTION ( 'NONE',  ( 0.000000000000000000, 0.000000000000000000, -1.000000000000000000 ) ) ;
#1946 = SPHERICAL_SURFACE ( 'NONE', #6885, 1.500000000000000000 ) ;
#1947 = CARTESIAN_POINT ( 'NONE',  ( -1.034095312463261473, -10.01136510415441983, 229.9996124531585053 ) ) ;
#1948 = CARTESIAN_POINT ( 'NONE',  ( 2.511507842832901183, -11.07643189137033524, 210.7017589921911735 ) ) ;
#1949 = CARTESIAN_POINT ( 'NONE',  ( 2.726858762386695112, -11.11950090684332260, 1.099081273805423198 ) ) ;
#1950 = VERTEX_POINT ( 'NONE', #1096 ) ;
#1951 = ORIENTED_EDGE ( 'NONE', *, *, #653, .F. ) ;
#1952 = EDGE_CURVE ( 'NONE', #5224, #7597, #7244, .T. ) ;
#1953 = ORIENTED_EDGE ( 'NONE', *, *, #4819, .T. ) ;
#1954 = CARTESIAN_POINT ( 'NONE',  ( -5.500000000000000000, 3.500000000000000000, 208.5000000000000284 ) ) ;
#1955 = CARTESIAN_POINT ( 'NONE',  ( 2.673272114584210435, -11.01268429571207896, 210.7560554415298952 ) ) ;
#1956 = DIRECTION ( 'NONE',  ( 0.3392628153962130577, -0.9406916296478007311, 0.000000000000000000 ) ) ;
#1957 = CARTESIAN_POINT ( 'NONE',  ( 2.351180105164210055, -11.30821636744263792, 228.7663008973104866 ) ) ;
#1958 = FACE_OUTER_BOUND ( 'NONE', #1739, .T. ) ;
#1959 = CARTESIAN_POINT ( 'NONE',  ( 2.314942247949732135, -11.12227862852338234, 19.63230751321444600 ) ) ;
#1960 = EDGE_LOOP ( 'NONE', ( #6927, #3885, #3536, #5148, #4680 ) ) ;
#1961 = EDGE_CURVE ( 'NONE', #6791, #4431, #1842, .T. ) ;
#1962 = CARTESIAN_POINT ( 'NONE',  ( 3.403597359237432673, -7.687199090214718034, 209.8910466277466185 ) ) ;
#1963 = ADVANCED_FACE ( 'NONE', ( #7126 ), #1764, .T. ) ;
#1964 = FACE_OUTER_BOUND ( 'NONE', #5155, .T. ) ;
#1965 = EDGE_CURVE ( 'NONE', #1074, #5729, #7721, .T. ) ;
#1966 = CARTESIAN_POINT ( 'NONE',  ( 2.500000000000001776, -10.49999999999999645, 208.7664948248736891 ) ) ;
#1967 = CARTESIAN_POINT ( 'NONE',  ( 2.538283847116908465, -11.02673271067358307, 210.7572927427902414 ) ) ;
#1968 = CARTESIAN_POINT ( 'NONE',  ( 3.878090785782085437, -7.906559407864129696, 19.99999999999999289 ) ) ;
#1969 = DIRECTION ( 'NONE',  ( 1.000000000000000000, 0.000000000000000000, 0.000000000000000000 ) ) ;
#1970 = ORIENTED_EDGE ( 'NONE', *, *, #7469, .T. ) ;
#1971 = AXIS2_PLACEMENT_3D ( 'NONE', #3943, #6318, #2209 ) ;
#1972 = ORIENTED_EDGE ( 'NONE', *, *, #5387, .F. ) ;
#1973 = CARTESIAN_POINT ( 'NONE',  ( 2.783601829262499994, -11.15802674562695529, 210.0000000000000284 ) ) ;
#1974 = CARTESIAN_POINT ( 'NONE',  ( -2.411000651593461885, -11.07670316196441718, 210.5109697470918206 ) ) ;
#1975 = TOROIDAL_SURFACE ( 'NONE', #3476, 9.000000000000000000, 1.500000000000000000 ) ;
#1976 = LINE ( 'NONE', #201, #2059 ) ;
#1977 = SPHERICAL_SURFACE ( 'NONE', #1376, 1.500000000000000000 ) ;
#1978 = CARTESIAN_POINT ( 'NONE',  ( 2.345405229806080349, -11.34536861542046537, 1.500000000000001332 ) ) ;
#1979 = CARTESIAN_POINT ( 'NONE',  ( -2.999999999999996891, 6.324555320336759934, 20.49999999999998934 ) ) ;
#1980 = CIRCLE ( 'NONE', #1725, 2.499999999999998668 ) ;
#1981 = PLANE ( 'NONE',  #3301 ) ;
#1982 = EDGE_CURVE ( 'NONE', #1899, #5798, #7801, .T. ) ;
#1983 = CARTESIAN_POINT ( 'NONE',  ( -1.835598222571536153, -11.18252613662721551, 229.4467154400005029 ) ) ;
#1984 = LINE ( 'NONE', #3094, #3351 ) ;
#1985 = B_SPLINE_CURVE_WITH_KNOTS ( 'NONE', 3,
 ( #7107, #531, #1703, #6521, #1116, #5335, #2334, #4734 ),
 .UNSPECIFIED., .F., .F.,
 ( 4, 2, 2, 4 ),
 ( 0.000000000000000000, 0.0003888296308991543576, 0.0007776592617983087152, 0.001555318523596616129 ),
 .UNSPECIFIED. ) ;
#1986 =( BOUNDED_SURFACE ( )  B_SPLINE_SURFACE ( 3, 2, ( 
 ( #5057, #843, #7311 ),
 ( #6755, #3872, #7389 ),
 ( #164, #1471, #2576 ),
 ( #1353, #3090, #86 ) ),
 .UNSPECIFIED., .F., .F., .F. ) 
 B_SPLINE_SURFACE_WITH_KNOTS ( ( 4, 4 ),
 ( 3, 3 ),
 ( 4.653480412305206926, 4.712388980384689674 ),
 ( 0.000000000000000000, 1.000000000000000000 ),
 .UNSPECIFIED. ) 
 GEOMETRIC_REPRESENTATION_ITEM ( )  RATIONAL_B_SPLINE_SURFACE ( (
 ( 1.000000000000000000, 0.9991330724410131259, 1.000000000000000000),
 ( 1.000000000000000000, 0.9997106507686306376, 1.000000000000000000),
 ( 1.000000000000000000, 1.000000044854265413, 1.000000000000000000),
 ( 1.000000000000000000, 1.000000000000000000, 1.000000000000000000) ) ) 
 REPRESENTATION_ITEM ( '' )  SURFACE ( )  );
#1987 = CARTESIAN_POINT ( 'NONE',  ( 1.500000000000001998, -10.49999999999999645, 230.0000000000000000 ) ) ;
#1988 = CYLINDRICAL_SURFACE ( 'NONE', #6192, 2.500000000000002220 ) ;
#1989 = CARTESIAN_POINT ( 'NONE',  ( 2.913626296308031272, -10.97007306885249456, 210.8470045602167318 ) ) ;
#1990 = CARTESIAN_POINT ( 'NONE',  ( 2.856923504508333809E-15, 13.72641929943638672, 211.5000000000000284 ) ) ;
#1991 = ORIENTED_EDGE ( 'NONE', *, *, #4310, .F. ) ;
#1992 = CARTESIAN_POINT ( 'NONE',  ( 1.787740150381206039, -11.12037160154196691, 0.4826613566135049549 ) ) ;
#1993 = AXIS2_PLACEMENT_3D ( 'NONE', #5174, #6514, #1662 ) ;
#1994 = ORIENTED_EDGE ( 'NONE', *, *, #2337, .T. ) ;
#1995 = AXIS2_PLACEMENT_3D ( 'NONE', #3960, #2031, #6372 ) ;
#1996 = EDGE_LOOP ( 'NONE', ( #7164, #5885, #6652 ) ) ;
#1997 = CARTESIAN_POINT ( 'NONE',  ( -1.782551973357807240, -11.50000000000000000, 211.2799600946002556 ) ) ;
#1998 = CARTESIAN_POINT ( 'NONE',  ( 1.120722134117644542, -10.00775315812920141, 229.9983512667938612 ) ) ;
#1999 = CARTESIAN_POINT ( 'NONE',  ( 2.793192587225727497, -10.98850883523449973, 210.8108172915696343 ) ) ;
#2000 = CARTESIAN_POINT ( 'NONE',  ( 2.347247881439866291, -11.09234555184352899, 19.59258381065473031 ) ) ;
#2001 = LINE ( 'NONE', #6510, #5713 ) ;
#2002 = CARTESIAN_POINT ( 'NONE',  ( 3.999999999999996447, 3.605551275463993566, 208.5000000000000284 ) ) ;
#2003 = CARTESIAN_POINT ( 'NONE',  ( 2.378461211036977385, -11.13964752517134116, 19.37558382922809486 ) ) ;
#2004 = VERTEX_POINT ( 'NONE', #2434 ) ;
#2005 = CARTESIAN_POINT ( 'NONE',  ( 2.500000000000000888, -7.745966692414832266, 208.5000000000000284 ) ) ;
#2006 = AXIS2_PLACEMENT_3D ( 'NONE', #7622, #6915, #881 ) ;
#2007 = CARTESIAN_POINT ( 'NONE',  ( 2.500000000000001776, -9.626896131331294626, 208.5000000049662106 ) ) ;
#2008 = LINE ( 'NONE', #6668, #5910 ) ;
#2009 = CARTESIAN_POINT ( 'NONE',  ( 2.543073676135138239, -11.04695601827033968, 210.7993693705782903 ) ) ;
#2010 = EDGE_CURVE ( 'NONE', #6517, #1782, #2626, .T. ) ;
#2011 = CYLINDRICAL_SURFACE ( 'NONE', #5809, 0.5000000000000004441 ) ;
#2012 = CARTESIAN_POINT ( 'NONE',  ( -2.261157850637170341, -11.21987325376537825, 210.5701593652510724 ) ) ;
#2013 = EDGE_CURVE ( 'NONE', #6249, #4549, #487, .T. ) ;
#2014 = AXIS2_PLACEMENT_3D ( 'NONE', #2043, #899, #4441 ) ;
#2015 = ORIENTED_EDGE ( 'NONE', *, *, #493, .F. ) ;
#2016 = ORIENTED_EDGE ( 'NONE', *, *, #4796, .T. ) ;
#2017 = CARTESIAN_POINT ( 'NONE',  ( 1.120722134059872976, -10.00775315809240418, 0.001648733204141461864 ) ) ;
#2018 = CARTESIAN_POINT ( 'NONE',  ( -2.399101302620506360, -11.07032490298290917, 210.4476968478220442 ) ) ;
#2019 = AXIS2_PLACEMENT_3D ( 'NONE', #5889, #7075, #7707 ) ;
#2020 = DIRECTION ( 'NONE',  ( -1.000000000000000000, 0.000000000000000000, 0.000000000000000000 ) ) ;
#2021 = DIRECTION ( 'NONE',  ( 1.209741371404878502E-16, 0.000000000000000000, -1.000000000000000000 ) ) ;
#2022 = CARTESIAN_POINT ( 'NONE',  ( -16.66532048819021838, 12.22641929943638317, 228.5000000000000000 ) ) ;
#2023 = DIRECTION ( 'NONE',  ( 1.000000000000000000, 0.000000000000000000, 0.000000000000000000 ) ) ;
#2024 = EDGE_CURVE ( 'NONE', #1714, #5033, #1367, .T. ) ;
#2025 = LINE ( 'NONE', #1516, #6445 ) ;
#2026 = CARTESIAN_POINT ( 'NONE',  ( -1.029437251493268146, -10.08831175447964945, 229.9973980880249371 ) ) ;
#2027 = CARTESIAN_POINT ( 'NONE',  ( 2.362115280133670669, -11.08739438632455432, 19.49421515105767355 ) ) ;
#2028 = DIRECTION ( 'NONE',  ( 9.791996142006161452E-17, -1.000000000000000000, 0.000000000000000000 ) ) ;
#2029 = LINE ( 'NONE', #4468, #7589 ) ;
#2030 = CARTESIAN_POINT ( 'NONE',  ( 1.061627984703246153, -10.18487192590467671, 229.9917032776655503 ) ) ;
#2031 = DIRECTION ( 'NONE',  ( 1.000000000000000000, 0.000000000000000000, -0.000000000000000000 ) ) ;
#2032 = VERTEX_POINT ( 'NONE', #4278 ) ;
#2033 = CIRCLE ( 'NONE', #777, 6.216029316036113528 ) ;
#2034 = EDGE_CURVE ( 'NONE', #6356, #1643, #2040, .T. ) ;
#2035 = CARTESIAN_POINT ( 'NONE',  ( 1.177667335491711986, -10.41837637413691198, 0.05732083419814164998 ) ) ;
#2036 = EDGE_LOOP ( 'NONE', ( #6703, #1110, #2704, #3444 ) ) ;
#2037 = VERTEX_POINT ( 'NONE', #1954 ) ;
#2038 = CARTESIAN_POINT ( 'NONE',  ( 1.289352228457006477, -10.19510105238338049, 229.9754483511332523 ) ) ;
#2039 = AXIS2_PLACEMENT_3D ( 'NONE', #5022, #769, #1356 ) ;
#2040 = LINE ( 'NONE', #6774, #1613 ) ;
#2041 = CARTESIAN_POINT ( 'NONE',  ( 2.841788868722491923, -10.96736849998576346, 210.8034635499534204 ) ) ;
#2042 = CARTESIAN_POINT ( 'NONE',  ( 2.913626296288682749, -10.97007306887150690, 19.15299543975554997 ) ) ;
#2043 = CARTESIAN_POINT ( 'NONE',  ( -1.499999999999997780, -10.49999999999999822, 19.77292240501661880 ) ) ;
#2044 = CARTESIAN_POINT ( 'NONE',  ( -2.499999999999998668, -7.745966692414835819, 208.6001184594378230 ) ) ;
#2045 = CARTESIAN_POINT ( 'NONE',  ( 2.220790798058377646, -11.19454907110175590, 19.73695320979894063 ) ) ;
#2046 = VERTEX_POINT ( 'NONE', #62 ) ;
#2047 = AXIS2_PLACEMENT_3D ( 'NONE', #6838, #1439, #3833 ) ;
#2048 = CARTESIAN_POINT ( 'NONE',  ( 3.773141444251197019, -7.769865864334694727, 209.9673837177737141 ) ) ;
#2049 = ADVANCED_FACE ( 'NONE', ( #2632 ), #743, .T. ) ;
#2050 = CARTESIAN_POINT ( 'NONE',  ( 9.406916296478001982, 3.392628153962140125, 0.000000000000000000 ) ) ;
#2051 = CARTESIAN_POINT ( 'NONE',  ( -2.274945872548830295, -11.22997149766900371, 210.6437238944437240 ) ) ;
#2052 = CARTESIAN_POINT ( 'NONE',  ( -3.999999999999999112, 3.000000000000000000, 208.5000000000000284 ) ) ;
#2053 = ORIENTED_EDGE ( 'NONE', *, *, #3076, .T. ) ;
#2054 = CARTESIAN_POINT ( 'NONE',  ( 19.00000000000000355, 22.50000000000000000, 222.5000000000000284 ) ) ;
#2055 = ORIENTED_EDGE ( 'NONE', *, *, #2691, .F. ) ;
#2056 = ORIENTED_EDGE ( 'NONE', *, *, #39, .F. ) ;
#2057 = CARTESIAN_POINT ( 'NONE',  ( -3.758668959354509731, -7.750989678913274616, 209.9627538103667064 ) ) ;
#2058 = CARTESIAN_POINT ( 'NONE',  ( -2.246665289923578168, -11.21543359702855014, 210.5107365737718226 ) ) ;
#2059 = VECTOR ( 'NONE', #5018, 1000.000000000000000 ) ;
#2060 = CARTESIAN_POINT ( 'NONE',  ( -2.517892081688330563, -11.02134045167169241, 210.5500118817858493 ) ) ;
#2061 = CARTESIAN_POINT ( 'NONE',  ( 1.554559835675726420, -11.49999999999999645, 210.6602915439918036 ) ) ;
#2062 = DIRECTION ( 'NONE',  ( -0.000000000000000000, -0.000000000000000000, -1.000000000000000000 ) ) ;
#2063 = DIRECTION ( 'NONE',  ( -1.000000000000000000, 0.000000000000000000, 0.000000000000000000 ) ) ;
#2064 = ORIENTED_EDGE ( 'NONE', *, *, #6308, .T. ) ;
#2065 = TOROIDAL_SURFACE ( 'NONE', #4326, 10.00000000000000000, 1.500000000000000000 ) ;
#2066 = AXIS2_PLACEMENT_3D ( 'NONE', #4783, #4192, #4115 ) ;
#2067 = CARTESIAN_POINT ( 'NONE',  ( -1.512647403228343901, -11.04447386134670772, 229.5799957044531823 ) ) ;
#2068 = CARTESIAN_POINT ( 'NONE',  ( 1.592580382445814235, -11.49999999999999822, 19.23517819522696470 ) ) ;
#2069 = DIRECTION ( 'NONE',  ( 1.000000000000000000, 0.000000000000000000, 0.000000000000000000 ) ) ;
#2070 = CARTESIAN_POINT ( 'NONE',  ( 2.792201017561223519, -11.14139732739334399, 211.2649401565802805 ) ) ;
#2071 = FACE_OUTER_BOUND ( 'NONE', #5897, .T. ) ;
#2072 = CARTESIAN_POINT ( 'NONE',  ( 1.106511197780192246, -10.27385039932148203, 0.02240952049382330391 ) ) ;
#2073 = ORIENTED_EDGE ( 'NONE', *, *, #1891, .F. ) ;
#2074 = CARTESIAN_POINT ( 'NONE',  ( 1.101549227749318405, -10.26302185548333767, 0.02108774113783238452 ) ) ;
#2075 = B_SPLINE_CURVE_WITH_KNOTS ( 'NONE', 3,
 ( #4546, #5776, #3994, #4211, #924, #1776, #5363 ),
 .UNSPECIFIED., .F., .F.,
 ( 4, 3, 4 ),
 ( -1.111833635514666267E-05, 0.000000000000000000, 5.919362514214061610E-05 ),
 .UNSPECIFIED. ) ;
#2076 = EDGE_CURVE ( 'NONE', #7780, #5714, #4885, .T. ) ;
#2077 = ORIENTED_EDGE ( 'NONE', *, *, #3598, .F. ) ;
#2078 = CARTESIAN_POINT ( 'NONE',  ( 1.836134475773164798, -10.65351630041290498, 229.7789070631222046 ) ) ;
#2079 = LINE ( 'NONE', #3888, #228 ) ;
#2080 = CARTESIAN_POINT ( 'NONE',  ( 2.603198991151308039, -11.01930114979453279, 210.6899809105466375 ) ) ;
#2081 = DIRECTION ( 'NONE',  ( 0.000000000000000000, -1.000000000000000000, 0.000000000000000000 ) ) ;
#2082 = PLANE ( 'NONE',  #631 ) ;
#2083 = CARTESIAN_POINT ( 'NONE',  ( -2.499999999999998224, -7.745966692414834931, 208.5000000000000284 ) ) ;
#2084 = CARTESIAN_POINT ( 'NONE',  ( 2.335433846862496221, -11.12127870763575999, 19.54710597181005483 ) ) ;
#2085 = ORIENTED_EDGE ( 'NONE', *, *, #6799, .F. ) ;
#2086 = CARTESIAN_POINT ( 'NONE',  ( 23.50000000000000000, 12.22641929943638317, 18.49999999999998934 ) ) ;
#2087 = CARTESIAN_POINT ( 'NONE',  ( 2.791769804743811534, -11.14224365295893016, 18.72974426864215047 ) ) ;
#2088 = CARTESIAN_POINT ( 'NONE',  ( -5.500000000000023093, 3.500000000000000000, 19.99999999999998934 ) ) ;
#2089 = B_SPLINE_CURVE_WITH_KNOTS ( 'NONE', 3,
 ( #3506, #5404, #2289, #1142 ),
 .UNSPECIFIED., .F., .F.,
 ( 4, 4 ),
 ( 0.000000000000000000, 0.0007997807101843819409 ),
 .UNSPECIFIED. ) ;
#2090 = CARTESIAN_POINT ( 'NONE',  ( -2.317815008515450081, -11.29006146858865378, 210.9497245479323908 ) ) ;
#2091 = CARTESIAN_POINT ( 'NONE',  ( 1.693160118486537691, -11.34450927930927300, 229.1722132540513996 ) ) ;
#2092 = EDGE_LOOP ( 'NONE', ( #534, #7817, #814, #3875 ) ) ;
#2093 = CARTESIAN_POINT ( 'NONE',  ( -2.866936029919755935, -10.98789667296236949, 210.8576765385360545 ) ) ;
#2094 = EDGE_LOOP ( 'NONE', ( #2228, #6401, #5089, #3627, #7005, #3416 ) ) ;
#2095 = ORIENTED_EDGE ( 'NONE', *, *, #229, .T. ) ;
#2096 = CARTESIAN_POINT ( 'NONE',  ( -0.000000000000000000, 20.99999999999999645, 211.5000000000000284 ) ) ;
#2097 = CIRCLE ( 'NONE', #2218, 1.000000000000000888 ) ;
#2098 = CARTESIAN_POINT ( 'NONE',  ( -2.195038805419478933, -11.21897222672297190, 210.2275300409992838 ) ) ;
#2099 = CARTESIAN_POINT ( 'NONE',  ( 0.000000000000000000, 0.000000000000000000, 210.0000000000000284 ) ) ;
#2100 = CARTESIAN_POINT ( 'NONE',  ( -23.50000000000000000, 20.99999999999999645, 1.500000000000000000 ) ) ;
#2101 = CARTESIAN_POINT ( 'NONE',  ( -2.262143959547760819, -11.19465083265843930, 19.50956280098570161 ) ) ;
#2102 = VECTOR ( 'NONE', #5246, 1000.000000000000000 ) ;
#2103 = CARTESIAN_POINT ( 'NONE',  ( 0.000000000000000000, 3.000000000000000000, 0.000000000000000000 ) ) ;
#2104 = VECTOR ( 'NONE', #6817, 1000.000000000000000 ) ;
#2105 = ORIENTED_EDGE ( 'NONE', *, *, #4539, .T. ) ;
#2106 = EDGE_CURVE ( 'NONE', #1533, #1599, #2243, .T. ) ;
#2107 = CARTESIAN_POINT ( 'NONE',  ( -1.216128955852207927, -10.49329415509547125, 229.9187488517231941 ) ) ;
#2108 = DIRECTION ( 'NONE',  ( 1.000000000000000000, 0.000000000000000000, -0.000000000000000000 ) ) ;
#2109 = AXIS2_PLACEMENT_3D ( 'NONE', #4050, #3458, #5870 ) ;
#2110 = LINE ( 'NONE', #772, #7671 ) ;
#2111 = DIRECTION ( 'NONE',  ( -0.000000000000000000, 0.000000000000000000, 1.000000000000000000 ) ) ;
#2112 = CARTESIAN_POINT ( 'NONE',  ( 1.765112107764388094, -10.76415511773900846, 229.7347156829821415 ) ) ;
#2113 = FACE_OUTER_BOUND ( 'NONE', #1306, .T. ) ;
#2114 = ORIENTED_EDGE ( 'NONE', *, *, #5244, .F. ) ;
#2115 = EDGE_CURVE ( 'NONE', #2219, #6729, #7286, .T. ) ;
#2116 = CARTESIAN_POINT ( 'NONE',  ( 2.116999670502271336, -11.10342818247208463, 0.6445510436225638795 ) ) ;
#2117 = ADVANCED_FACE ( 'NONE', ( #102 ), #6276, .F. ) ;
#2118 = EDGE_CURVE ( 'NONE', #5234, #1187, #4978, .T. ) ;
#2119 = ORIENTED_EDGE ( 'NONE', *, *, #6799, .T. ) ;
#2120 = CARTESIAN_POINT ( 'NONE',  ( -5.500000000000000000, 23.00000000000000000, 208.5000000000000284 ) ) ;
#2121 = DIRECTION ( 'NONE',  ( 0.000000000000000000, 0.000000000000000000, -1.000000000000000000 ) ) ;
#2122 = CARTESIAN_POINT ( 'NONE',  ( 2.790986173137377513, -10.98600607259585438, 210.8039884287950656 ) ) ;
#2123 = CARTESIAN_POINT ( 'NONE',  ( 0.000000000000000000, 0.000000000000000000, 210.0000000000000284 ) ) ;
#2124 = CARTESIAN_POINT ( 'NONE',  ( -4.000000000000022204, 3.605551275463993566, 19.99999999999998934 ) ) ;
#2125 = ORIENTED_EDGE ( 'NONE', *, *, #7803, .F. ) ;
#2126 = ADVANCED_FACE ( 'NONE', ( #6694 ), #4977, .T. ) ;
#2127 = CIRCLE ( 'NONE', #7542, 0.5000000000000000000 ) ;
#2128 = CARTESIAN_POINT ( 'NONE',  ( -1.787987705625723178, -11.12039460111279965, 0.4826562422163955812 ) ) ;
#2129 = CARTESIAN_POINT ( 'NONE',  ( 2.550552708063130503, -11.13258133010422490, 18.99810223627716610 ) ) ;
#2130 = LINE ( 'NONE', #2318, #296 ) ;
#2131 = CARTESIAN_POINT ( 'NONE',  ( -2.303020520265108839, -11.26665162813114485, 210.8297589342955973 ) ) ;
#2132 = CARTESIAN_POINT ( 'NONE',  ( -4.000000000000000000, 0.000000000000000000, 210.0000000000000284 ) ) ;
#2133 = ORIENTED_EDGE ( 'NONE', *, *, #7709, .T. ) ;
#2134 = EDGE_CURVE ( 'NONE', #7261, #1950, #4897, .T. ) ;
#2135 = SURFACE_STYLE_FILL_AREA ( #5757 ) ;
#2136 = EDGE_CURVE ( 'NONE', #7591, #1283, #2079, .T. ) ;
#2137 = ORIENTED_EDGE ( 'NONE', *, *, #4943, .T. ) ;
#2138 = DIRECTION ( 'NONE',  ( 0.000000000000000000, -1.000000000000000000, 0.000000000000000000 ) ) ;
#2139 = CARTESIAN_POINT ( 'NONE',  ( -2.197228866864064933, -11.21688867347028307, 210.2369593654573805 ) ) ;
#2140 = CIRCLE ( 'NONE', #7556, 2.500000000000009326 ) ;
#2141 = CARTESIAN_POINT ( 'NONE',  ( -2.839484687394443263, -10.99143124412620232, 210.8476055762462806 ) ) ;
#2142 = DIRECTION ( 'NONE',  ( 0.000000000000000000, -0.000000000000000000, -1.000000000000000000 ) ) ;
#2143 = CARTESIAN_POINT ( 'NONE',  ( 3.428571428571425717, 7.228063223242011226, 210.0000000000000284 ) ) ;
#2144 = CARTESIAN_POINT ( 'NONE',  ( -2.257315369556339490, -11.21738247575767033, 19.44955085258841265 ) ) ;
#2145 = VECTOR ( 'NONE', #5603, 1000.000000000000000 ) ;
#2146 = AXIS2_PLACEMENT_3D ( 'NONE', #3782, #6029, #4930 ) ;
#2147 = DIRECTION ( 'NONE',  ( -1.000000000000000000, 0.000000000000000000, 0.000000000000000000 ) ) ;
#2148 = ORIENTED_EDGE ( 'NONE', *, *, #6298, .F. ) ;
#2149 = CARTESIAN_POINT ( 'NONE',  ( -1.177500065147605079, -10.15726988767736927, 229.9881962836959133 ) ) ;
#2150 = DIRECTION ( 'NONE',  ( 0.000000000000000000, 0.000000000000000000, -1.000000000000000000 ) ) ;
#2151 = CARTESIAN_POINT ( 'NONE',  ( -25.00000000000000000, 13.72641929943638139, 210.0000000000000284 ) ) ;
#2152 = EDGE_CURVE ( 'NONE', #6149, #6132, #6526, .T. ) ;
#2153 = FACE_OUTER_BOUND ( 'NONE', #5135, .T. ) ;
#2154 = DIRECTION ( 'NONE',  ( -1.000000000000000000, 0.000000000000000000, 0.000000000000000000 ) ) ;
#2156 = EDGE_CURVE ( 'NONE', #2586, #3512, #7043, .T. ) ;
#2155 = ORIENTED_EDGE ( 'NONE', *, *, #4284, .F. ) ;
#2157 = CARTESIAN_POINT ( 'NONE',  ( 1.938009349080357380, -10.93420025244155980, 0.4198903935010741550 ) ) ;
#2158 = EDGE_LOOP ( 'NONE', ( #4452, #5575, #3077, #7059 ) ) ;
#2159 = CARTESIAN_POINT ( 'NONE',  ( 2.345405231471103580, -11.34536861435923427, 228.6833023333920778 ) ) ;
#2160 = CARTESIAN_POINT ( 'NONE',  ( 2.767948781108513057, -11.14744740688452573, 228.7340967158285423 ) ) ;
#2161 = CARTESIAN_POINT ( 'NONE',  ( -16.66532048819021838, 6.010389983400267866, 210.0000000000000284 ) ) ;
#2162 = DIRECTION ( 'NONE',  ( -1.000000000000000000, 8.673617379884035472E-16, 0.000000000000000000 ) ) ;
#2163 = CARTESIAN_POINT ( 'NONE',  ( 2.345405229801960534, -11.34536861541393193, 211.5000000000000284 ) ) ;
#2164 = CARTESIAN_POINT ( 'NONE',  ( 3.577885783543441445, -10.35358342799892206, 210.3387122436471373 ) ) ;
#2165 = ORIENTED_EDGE ( 'NONE', *, *, #4112, .T. ) ;
#2166 = B_SPLINE_CURVE_WITH_KNOTS ( 'NONE', 3,
 ( #4531, #2680, #5085, #2091, #1502, #1524, #259, #4550, #294, #7401, #1484, #3335, #3922, #6250 ),
 .UNSPECIFIED., .F., .F.,
 ( 4, 2, 2, 2, 2, 2, 4 ),
 ( 0.000000000000000000, 0.0006081289039444790455, 0.0009121933559167184598, 0.001216257807888957874, 0.001824386711833436703, 0.002128451163805676009, 0.002432515615777915315 ),
 .UNSPECIFIED. ) ;
#2167 = AXIS2_PLACEMENT_3D ( 'NONE', #5845, #5133, #4459 ) ;
#2168 = DIRECTION ( 'NONE',  ( -0.4285714285714281591, -0.9035079029052514032, 0.000000000000000000 ) ) ;
#2169 = DIRECTION ( 'NONE',  ( -1.000000000000000000, 0.000000000000000000, 0.000000000000000000 ) ) ;
#2170 = CARTESIAN_POINT ( 'NONE',  ( -1.312543402892949462, -10.13837713133814411, 229.9855262965475049 ) ) ;
#2171 = CIRCLE ( 'NONE', #5935, 1.500000000000001332 ) ;
#2172 = CARTESIAN_POINT ( 'NONE',  ( 0.000000000000000000, 0.000000000000000000, 20.49999999999998934 ) ) ;
#2173 = FACE_OUTER_BOUND ( 'NONE', #5032, .T. ) ;
#2174 = ORIENTED_EDGE ( 'NONE', *, *, #2931, .F. ) ;
#2175 = VERTEX_POINT ( 'NONE', #7523 ) ;
#2176 = DIRECTION ( 'NONE',  ( -0.000000000000000000, -0.000000000000000000, -1.000000000000000000 ) ) ;
#2177 = CARTESIAN_POINT ( 'NONE',  ( -2.216396684119304350, -11.21142159827501672, 210.3719428657896344 ) ) ;
#2178 = CARTESIAN_POINT ( 'NONE',  ( -2.751116511698519673, -10.98316953137910268, 210.7618046641608771 ) ) ;
#2179 = CARTESIAN_POINT ( 'NONE',  ( 3.292625434360602732, -7.122040783838475164, 20.53606907569703921 ) ) ;
#2180 = CARTESIAN_POINT ( 'NONE',  ( 25.00000000000000000, 20.99999999999999645, 1.500000000000000000 ) ) ;
#2181 = CARTESIAN_POINT ( 'NONE',  ( -2.195777025674274796, -11.21825999673484553, 19.77117977716885022 ) ) ;
#2182 = DIRECTION ( 'NONE',  ( 1.000000000000000000, 0.000000000000000000, 0.000000000000000000 ) ) ;
#2183 = ORIENTED_EDGE ( 'NONE', *, *, #817, .F. ) ;
#2184 = EDGE_LOOP ( 'NONE', ( #2320, #2554 ) ) ;
#2185 = DIRECTION ( 'NONE',  ( 0.000000000000000000, -0.000000000000000000, -1.000000000000000000 ) ) ;
#2186 = LINE ( 'NONE', #7772, #6251 ) ;
#2187 = DIRECTION ( 'NONE',  ( 1.000000000000000000, 0.000000000000000000, 1.232566680299311316E-16 ) ) ;
#2188 = CARTESIAN_POINT ( 'NONE',  ( -2.727811683811546484, -7.794840114577532120, 209.3010495889495246 ) ) ;
#2189 = ORIENTED_EDGE ( 'NONE', *, *, #568, .F. ) ;
#2190 = DIRECTION ( 'NONE',  ( 0.000000000000000000, 0.000000000000000000, 1.000000000000000000 ) ) ;
#2191 = CIRCLE ( 'NONE', #5583, 1.500000000000000000 ) ;
#2192 = CARTESIAN_POINT ( 'NONE',  ( -3.191442569945420082, -6.980753955777256436, 20.78803698411970302 ) ) ;
#2193 = CARTESIAN_POINT ( 'NONE',  ( 0.000000000000000000, 0.000000000000000000, 19.99999999999998934 ) ) ;
#2194 = DIRECTION ( 'NONE',  ( 1.000000000000000000, 0.000000000000000000, 0.000000000000000000 ) ) ;
#2195 = CARTESIAN_POINT ( 'NONE',  ( -2.345405229801952096, -11.34536861541392483, 228.5000000000000000 ) ) ;
#2196 = CARTESIAN_POINT ( 'NONE',  ( 19.00000000000000355, 22.50000000000000000, 9.999999999999994671 ) ) ;
#2197 = DIRECTION ( 'NONE',  ( -1.000000000000000000, 0.000000000000000000, 0.000000000000000000 ) ) ;
#2198 = ORIENTED_EDGE ( 'NONE', *, *, #2034, .F. ) ;
#2199 = CARTESIAN_POINT ( 'NONE',  ( -1.997117867974711691, -10.99038578928096754, 0.4834917625212011849 ) ) ;
#2200 = DIRECTION ( 'NONE',  ( -0.7834037576653474222, 0.6215131152886588239, 0.000000000000000000 ) ) ;
#2201 = CARTESIAN_POINT ( 'NONE',  ( -1.000000000000000000, -10.00000000000000355, 230.0000000000000000 ) ) ;
#2202 = CARTESIAN_POINT ( 'NONE',  ( 2.913626296283085448, -10.97007306887192613, 19.15299543975768159 ) ) ;
#2203 = CARTESIAN_POINT ( 'NONE',  ( -2.297369824969709651, -11.25822221810942914, 210.7879473270758695 ) ) ;
#2204 = EDGE_CURVE ( 'NONE', #5993, #3307, #1495, .T. ) ;
#2205 = ORIENTED_EDGE ( 'NONE', *, *, #7607, .T. ) ;
#2206 = EDGE_CURVE ( 'NONE', #6729, #1612, #3495, .T. ) ;
#2207 = EDGE_CURVE ( 'NONE', #2491, #1599, #896, .T. ) ;
#2208 = ORIENTED_EDGE ( 'NONE', *, *, #2337, .F. ) ;
#2209 = DIRECTION ( 'NONE',  ( 0.000000000000000000, 0.000000000000000000, -1.000000000000000000 ) ) ;
#2210 = CARTESIAN_POINT ( 'NONE',  ( -2.293312651347064524, -11.18186618738863913, 210.5454503246704121 ) ) ;
#2211 = ADVANCED_FACE ( 'NONE', ( #936 ), #6781, .T. ) ;
#2212 = CARTESIAN_POINT ( 'NONE',  ( -2.867254730974511112, -10.98728186241127958, 210.8565816066467278 ) ) ;
#2213 = CARTESIAN_POINT ( 'NONE',  ( 2.556622625069655097, -7.758141882992445559, 21.07819619216872553 ) ) ;
#2214 = CARTESIAN_POINT ( 'NONE',  ( -2.253776186514993896, -11.21784095893639233, 210.5417123582253396 ) ) ;
#2215 = CARTESIAN_POINT ( 'NONE',  ( 19.00000000000000355, 22.50000000000000000, 220.0000000000000284 ) ) ;
#2216 = CARTESIAN_POINT ( 'NONE',  ( -16.66532048819021838, 6.010389983400267866, 19.99999999999998934 ) ) ;
#2217 = ORIENTED_EDGE ( 'NONE', *, *, #6395, .F. ) ;
#2218 = AXIS2_PLACEMENT_3D ( 'NONE', #4504, #6921, #4545 ) ;
#2219 = VERTEX_POINT ( 'NONE', #5742 ) ;
#2220 = TOROIDAL_SURFACE ( 'NONE', #2847, 7.716029316036113528, 1.500000000000000000 ) ;
#2221 = CARTESIAN_POINT ( 'NONE',  ( 16.66532048819021838, 6.010389983400268754, 211.5000000000000284 ) ) ;
#2222 = CARTESIAN_POINT ( 'NONE',  ( -0.9999999999999976685, -9.949874371066199430, 230.0000000000000000 ) ) ;
#2223 = CYLINDRICAL_SURFACE ( 'NONE', #299, 1.500000000000001332 ) ;
#2224 = CARTESIAN_POINT ( 'NONE',  ( -3.222236077366281481, -7.023987428235695774, 209.3010495891913365 ) ) ;
#2225 = CARTESIAN_POINT ( 'NONE',  ( -2.395532933731854719, -10.95605842961460930, 19.69119020981296941 ) ) ;
#2226 = EDGE_CURVE ( 'NONE', #4025, #5579, #5640, .T. ) ;
#2227 = AXIS2_PLACEMENT_3D ( 'NONE', #3588, #5964, #7191 ) ;
#2228 = ORIENTED_EDGE ( 'NONE', *, *, #3233, .F. ) ;
#2229 = DIRECTION ( 'NONE',  ( -0.000000000000000000, -0.000000000000000000, -1.000000000000000000 ) ) ;
#2230 = CARTESIAN_POINT ( 'NONE',  ( 2.500000000000000888, -7.745966692414834043, 21.49999999999999289 ) ) ;
#2231 = CARTESIAN_POINT ( 'NONE',  ( -2.783601829262464911, -11.15802674562696417, 18.49999999999998934 ) ) ;
#2232 = DIRECTION ( 'NONE',  ( -0.000000000000000000, -1.000000000000000000, 0.000000000000000000 ) ) ;
#2233 = CARTESIAN_POINT ( 'NONE',  ( -2.345033298308437875, -11.31183920263009135, 211.1253307689422627 ) ) ;
#2234 = CARTESIAN_POINT ( 'NONE',  ( -3.613943977571082655, -7.982142394912036032, 209.9626772224336264 ) ) ;
#2235 = ORIENTED_EDGE ( 'NONE', *, *, #560, .T. ) ;
#2236 = VERTEX_POINT ( 'NONE', #6378 ) ;
#2237 = ORIENTED_EDGE ( 'NONE', *, *, #5445, .F. ) ;
#2238 = LINE ( 'NONE', #3270, #1345 ) ;
#2239 = CARTESIAN_POINT ( 'NONE',  ( 2.533394828560017409, -11.01304455311287178, 19.27095793468865992 ) ) ;
#2240 = CARTESIAN_POINT ( 'NONE',  ( -2.500282286160970369, -10.96418332865142276, 229.3419849597373741 ) ) ;
#2241 = DIRECTION ( 'NONE',  ( 0.000000000000000000, 0.000000000000000000, -1.000000000000000000 ) ) ;
#2242 = CARTESIAN_POINT ( 'NONE',  ( 1.312543402893362243, -10.13837713133821516, 0.01447370345252271817 ) ) ;
#2243 = CIRCLE ( 'NONE', #3622, 1.499999999999999556 ) ;
#2244 = CIRCLE ( 'NONE', #5781, 1.500000000000000444 ) ;
#2245 = EDGE_LOOP ( 'NONE', ( #2706, #7381, #2413, #6780 ) ) ;
#2246 = CARTESIAN_POINT ( 'NONE',  ( -3.499999999999999556, 23.00000000000000000, 209.5000000000000284 ) ) ;
#2247 = DIRECTION ( 'NONE',  ( -0.7834037576684522719, -0.6215131152847450657, 0.000000000000000000 ) ) ;
#2248 = CARTESIAN_POINT ( 'NONE',  ( -2.751462392818703417, -10.96837670827545352, 210.7282472543745087 ) ) ;
#2249 = DIRECTION ( 'NONE',  ( -1.606353938754523369E-12, -5.573159776570563750E-28, 1.000000000000000000 ) ) ;
#2250 = ADVANCED_FACE ( 'NONE', ( #337 ), #419, .T. ) ;
#2251 = ADVANCED_FACE ( 'NONE', ( #2745 ), #5295, .T. ) ;
#2252 = CIRCLE ( 'NONE', #4894, 1.000000000000000888 ) ;
#2253 = CARTESIAN_POINT ( 'NONE',  ( -2.664273435428547110, -11.00427881289500220, 19.25983948138128099 ) ) ;
#2254 = DIRECTION ( 'NONE',  ( 0.000000000000000000, 0.000000000000000000, 1.000000000000000000 ) ) ;
#2255 = ORIENTED_EDGE ( 'NONE', *, *, #5763, .F. ) ;
#2256 = VERTEX_POINT ( 'NONE', #7024 ) ;
#2257 = CARTESIAN_POINT ( 'NONE',  ( 2.206322447908543261, -11.21143701485468291, 210.2983868452911622 ) ) ;
#2258 = ADVANCED_FACE ( 'NONE', ( #3827 ), #5399, .F. ) ;
#2259 = CIRCLE ( 'NONE', #2640, 0.5000000000000004441 ) ;
#2260 = DIRECTION ( 'NONE',  ( -1.232566680299310083E-16, 0.000000000000000000, 1.000000000000000000 ) ) ;
#2261 = CYLINDRICAL_SURFACE ( 'NONE', #7434, 1.500000000000001332 ) ;
#2262 = CARTESIAN_POINT ( 'NONE',  ( -2.409456307681665521, -10.91747512604153414, 19.73715599768587126 ) ) ;
#2263 = AXIS2_PLACEMENT_3D ( 'NONE', #6258, #6220, #825 ) ;
#2264 = ORIENTED_EDGE ( 'NONE', *, *, #3592, .F. ) ;
#2265 = CARTESIAN_POINT ( 'NONE',  ( -3.095024541772142701, -6.844361268732707337, 21.28556443256268338 ) ) ;
#2266 = ADVANCED_FACE ( 'NONE', ( #5909 ), #5876, .T. ) ;
#2267 = CARTESIAN_POINT ( 'NONE',  ( -2.898841921591412962, -10.98190494668136097, 210.8630528611540740 ) ) ;
#2268 = B_SPLINE_SURFACE_WITH_KNOTS ( 'NONE', 3, 3, ( 
 ( #5941, #7128, #1726, #3572, #1688, #2202, #7090, #4124, #1099, #5316, #6464, #1766, #1173, #5279, #3492, #7650, #5903, #7019 ),
 ( #2986, #511, #6539, #1610, #4011, #1131, #6428, #1650, #3532, #546, #5355, #1025, #3423, #2831, #1373, #1293, #1806, #4364 ),
 ( #148, #626, #1214, #7331, #5549, #2519, #3614, #1925, #3027, #6660, #1887, #1845, #2399, #2478, #2558, #3657, #7291, #6618 ),
 ( #6779, #748, #3109, #6020, #4282, #6698, #707, #6101, #4960, #4837, #5431, #6181, #1334, #3775, #4245, #788, #4322, #3694 ),
 ( #5513, #4204, #106, #66, #3193, #5471, #24, #2437, #4922, #7247, #669, #3731, #6737, #1253, #6138, #3152, #7371, #7209 ),
 ( #4793, #1959, #6062, #7805, #3070, #4878, #5589, #864, #5040, #2084, #4480, #6222, #3267, #267, #3852, #827, #6897, #2003 ),
 ( #2597, #2675, #5668, #188, #5627, #4443, #5078, #6261, #7493, #4996, #6857, #7413, #1456, #4402, #6818, #1417, #225, #3228 ),
 ( #3815, #2637, #7450, #2045, #6123, #1872, #4231, #4270, #2341, #6722, #2463, #655, #3718, #2971, #694, #4151, #6006, #6606 ),
 ( #612, #3558, #7196, #1913, #1320, #5420, #3599, #4190, #6087, #3096, #4305, #734, #93, #5380, #5344, #4909, #6684, #1831 ),
 ( #7751, #5455, #4743, #1199, #7791, #3011, #5498, #7159, #2386, #1751, #1239, #6569, #1161, #7277, #5970, #573, #4781, #2504 ),
 ( #7316, #1794, #14, #6645, #2425, #4823, #6047, #7234, #3640, #3056, #53, #4864, #1279, #3681, #6667, #32, #2404, #2913 ),
 ( #2444, #5911, #1138, #675, #3542, #2323, #4802, #4844, #7254, #1220, #4171, #7811, #1180, #519, #2486, #1774, #5987, #5476 ),
 ( #2953, #7178, #1733, #5321, #6508, #1693, #7096, #3079, #7214, #4090, #7732, #3620, #5438, #5361, #3577, #1104, #1813, #2364 ) ),
 .UNSPECIFIED., .F., .F., .F.,
 ( 4, 2, 2, 1, 2, 2, 4 ),
 ( 4, 2, 2, 2, 2, 2, 1, 1, 2, 4 ),
 ( 0.000000000000000000, 0.5000000000000000000, 0.7500000000000000000, 0.8750000000000000000, 0.9921875000000000000, 0.9960937500000000000, 1.000000000000000000 ),
 ( 0.000000000000000000, 0.003906250000000000000, 0.03125000000000000000, 0.06250000000000000000, 0.2500000000000000000, 0.5000000000000000000, 0.7500000000000000000, 0.8750000000000000000, 0.9921875000000000000, 1.000000000000000000 ),
 .UNSPECIFIED. ) ;
#2269 = CARTESIAN_POINT ( 'NONE',  ( -2.833384486326486762, -11.07307260758796374, 18.95682574082103855 ) ) ;
#2270 = CARTESIAN_POINT ( 'NONE',  ( 4.000000000000000000, 6.324555320336759934, 210.0000000000000284 ) ) ;
#2271 = CARTESIAN_POINT ( 'NONE',  ( 1.153404130724785315, -10.14257874403329751, 0.009480857254427516034 ) ) ;
#2272 = CARTESIAN_POINT ( 'NONE',  ( -3.341635153353058829, -7.925011871685994969, 209.8513592068985929 ) ) ;
#2273 = VERTEX_POINT ( 'NONE', #7095 ) ;
#2274 = ORIENTED_EDGE ( 'NONE', *, *, #4355, .T. ) ;
#2275 = VERTEX_POINT ( 'NONE', #1031 ) ;
#2276 = CARTESIAN_POINT ( 'NONE',  ( 2.259062920340685565, -11.21835151619555049, 210.5589999192026198 ) ) ;
#2277 = DIRECTION ( 'NONE',  ( 0.000000000000000000, 0.000000000000000000, 1.000000000000000000 ) ) ;
#2278 = CARTESIAN_POINT ( 'NONE',  ( -1.084140630945345851, -9.985798160007643531, 0.0006232039518354594255 ) ) ;
#2279 = DIRECTION ( 'NONE',  ( -1.000000000000000000, 0.000000000000000000, 0.000000000000000000 ) ) ;
#2280 = CARTESIAN_POINT ( 'NONE',  ( 0.000000000000000000, 0.000000000000000000, 19.99999999999998934 ) ) ;
#2281 = VECTOR ( 'NONE', #6002, 1000.000000000000000 ) ;
#2282 = ORIENTED_EDGE ( 'NONE', *, *, #3167, .T. ) ;
#2283 = CARTESIAN_POINT ( 'NONE',  ( 2.500000000000002665, -10.50000000000000000, 21.23350517512629665 ) ) ;
#2284 = CARTESIAN_POINT ( 'NONE',  ( -9.406916296478003758, 3.392628153962137461, 1.500000000000001332 ) ) ;
#2285 = CIRCLE ( 'NONE', #1032, 1.000000000000000888 ) ;
#2286 =( BOUNDED_SURFACE ( )  B_SPLINE_SURFACE ( 3, 2, ( 
 ( #6288, #926, #890 ),
 ( #2030, #5104, #3880 ),
 ( #2661, #5067, #7478 ),
 ( #6880, #3253, #5655 ),
 ( #256, #3838, #3918 ),
 ( #4507, #6247, #7439 ),
 ( #4469, #4429, #1481 ),
 ( #6842, #291, #2112 ),
 ( #4763, #2595, #6777 ),
 ( #554, #593, #7255 ),
 ( #5439, #5948, #6589 ),
 ( #33, #1221, #4723 ),
 ( #6028, #7735, #786 ),
 ( #2405, #5401, #4210 ),
 ( #1370, #636, #5362 ),
 ( #3621, #3035, #6550 ),
 ( #6179, #2445, #1957 ),
 ( #2325, #1814, #4133 ),
 ( #5587, #1140, #4362 ),
 ( #3191, #6624, #5913 ) ),
 .UNSPECIFIED., .F., .F., .F. ) 
 B_SPLINE_SURFACE_WITH_KNOTS ( ( 4, 2, 2, 2, 2, 2, 2, 2, 2, 4 ),
 ( 3, 3 ),
 ( 5.011131751494916963E-05, 0.0001914990255984004922, 0.0003328867336818518282, 0.0006156621498487545004, 0.0007570498579322058365, 0.0008984375660156570641, 0.001039825274099108292, 0.001110519128140834014, 0.001145866055161696984, 0.001181212982182559736 ),
 ( 0.000000000000000000, 0.7840551366597857674 ),
 .UNSPECIFIED. ) 
 GEOMETRIC_REPRESENTATION_ITEM ( )  RATIONAL_B_SPLINE_SURFACE ( (
 ( 1.000000000000000000, 0.9993202809958049437, 0.9997064363450587354),
 ( 1.000000000000000000, 0.9984839630595341298, 0.9993452392201447321),
 ( 1.000000000000000000, 0.9973959950193569401, 0.9988753570006355664),
 ( 1.000000000000000000, 0.9947074017856577521, 0.9977141812037784163),
 ( 1.000000000000000000, 0.9930969185807623223, 0.9970186300525927248),
 ( 1.000000000000000000, 0.9874511908024387052, 0.9945802982255005364),
 ( 1.000000000000000000, 0.9825680217060854815, 0.9924713076591420435),
 ( 1.000000000000000000, 0.9734546742760428195, 0.9885353465284371088),
 ( 1.000000000000000000, 0.9700982748754420903, 0.9870857521086813247),
 ( 1.000000000000000000, 0.9629970932742690781, 0.9840188247278427447),
 ( 1.000000000000000000, 0.9592786568671043401, 0.9824128702442737060),
 ( 1.000000000000000000, 0.9521019034101997347, 0.9793133041553183649),
 ( 1.000000000000000000, 0.9485686759364880816, 0.9777873395073972684),
 ( 1.000000000000000000, 0.9451255709762322876, 0.9763002978471804205),
 ( 1.000000000000000000, 0.9443370442943682663, 0.9759597412740699252),
 ( 1.000000000000000000, 0.9439279680354387692, 0.9757830654404093806),
 ( 1.000000000000000000, 0.9439192553566660981, 0.9757793025239556162),
 ( 1.000000000000000000, 0.9440135976174003352, 0.9758200479771586000),
 ( 1.000000000000000000, 0.9441032557810570269, 0.9758587704169547905),
 ( 1.000000000000000000, 0.9440978777023232293, 0.9758564476800004606) ) ) 
 REPRESENTATION_ITEM ( '' )  SURFACE ( )  );
#2287 = CARTESIAN_POINT ( 'NONE',  ( -2.872437766711194662, -10.97834123595775857, 210.8411743430514775 ) ) ;
#2288 = CARTESIAN_POINT ( 'NONE',  ( 2.727811683812298771, -7.794840114577625378, 20.69895041104944866 ) ) ;
#2289 = CARTESIAN_POINT ( 'NONE',  ( -3.845451822987582258, -9.676352071160371437, 210.0397966769614868 ) ) ;
#2290 = CARTESIAN_POINT ( 'NONE',  ( -2.645757213002115638, -10.98960820320347764, 19.31108105987884827 ) ) ;
#2291 = CARTESIAN_POINT ( 'NONE',  ( -1.003586553993865538, -9.956361105307161452, 229.9999967853681824 ) ) ;
#2292 = ORIENTED_EDGE ( 'NONE', *, *, #4140, .T. ) ;
#2293 = ORIENTED_EDGE ( 'NONE', *, *, #1458, .F. ) ;
#2294 = CARTESIAN_POINT ( 'NONE',  ( 2.241259832682588549, -11.20913684354229822, 210.4694169235087315 ) ) ;
#2295 = CARTESIAN_POINT ( 'NONE',  ( -2.500000000000002665, -9.996319638934904717, 20.04158596833531902 ) ) ;
#2296 = CARTESIAN_POINT ( 'NONE',  ( 1.016460435411936425, -9.964757506435681478, 8.551499357810650442E-11 ) ) ;
#2297 = CARTESIAN_POINT ( 'NONE',  ( -3.126980450427561120, -7.879775394497027463, 209.7352266154282745 ) ) ;
#2298 = CARTESIAN_POINT ( 'NONE',  ( -2.168168947610312092, -11.50000000000000000, 19.77292240502534781 ) ) ;
#2299 = EDGE_CURVE ( 'NONE', #5649, #1847, #2127, .T. ) ;
#2300 = ORIENTED_EDGE ( 'NONE', *, *, #2118, .T. ) ;
#2301 = CARTESIAN_POINT ( 'NONE',  ( -2.499999999999998224, -7.745966692414834931, 21.49999999999999289 ) ) ;
#2302 =( BOUNDED_SURFACE ( )  B_SPLINE_SURFACE ( 3, 2, ( 
 ( #5553, #6142, #1339 ),
 ( #3118, #6744, #1460 ),
 ( #7376, #3159, #3739 ),
 ( #233, #3858, #6265 ) ),
 .UNSPECIFIED., .F., .F., .T. ) 
 B_SPLINE_SURFACE_WITH_KNOTS ( ( 4, 4 ),
 ( 3, 3 ),
 ( -5.854691731421723944E-18, 0.001361190766769728193 ),
 ( 0.000000000000000000, 1.000000000000000000 ),
 .UNSPECIFIED. ) 
 GEOMETRIC_REPRESENTATION_ITEM ( )  RATIONAL_B_SPLINE_SURFACE ( (
 ( 1.000000000000000000, 0.7571929217049110372, 1.000000000000000000),
 ( 1.000000000000000000, 0.7432666295297740700, 1.000000000000000000),
 ( 1.000000000000000000, 0.7270707519103205563, 1.000000000000000000),
 ( 1.000000000000000000, 0.7071067811865476838, 1.000000000000000000) ) ) 
 REPRESENTATION_ITEM ( '' )  SURFACE ( )  );
#2303 = CARTESIAN_POINT ( 'NONE',  ( -2.906748234240915441, -10.97399586831438256, 210.8511894143583163 ) ) ;
#2304 = CARTESIAN_POINT ( 'NONE',  ( 2.913626296308030827, -10.97007306885250344, 210.8470045602166749 ) ) ;
#2305 = CARTESIAN_POINT ( 'NONE',  ( -23.50000000000000000, 22.50000000000000000, 210.0000000000000284 ) ) ;
#2306 = CARTESIAN_POINT ( 'NONE',  ( 2.500000000000001776, -10.49999999999999645, 21.23350517512628954 ) ) ;
#2307 = AXIS2_PLACEMENT_3D ( 'NONE', #6362, #2020, #244 ) ;
#2308 = LINE ( 'NONE', #5859, #2733 ) ;
#2309 = ORIENTED_EDGE ( 'NONE', *, *, #2367, .T. ) ;
#2310 = AXIS2_PLACEMENT_3D ( 'NONE', #5632, #191, #111 ) ;
#2311 = EDGE_CURVE ( 'NONE', #5033, #5224, #991, .T. ) ;
#2312 = VERTEX_POINT ( 'NONE', #7729 ) ;
#2313 = VECTOR ( 'NONE', #6481, 1000.000000000000000 ) ;
#2314 = ORIENTED_EDGE ( 'NONE', *, *, #4573, .T. ) ;
#2315 = CARTESIAN_POINT ( 'NONE',  ( -2.605741940324771910, -11.03667004088367420, 229.1812568954355243 ) ) ;
#2316 = DIRECTION ( 'NONE',  ( 1.000000000000000000, 0.000000000000000000, 0.000000000000000000 ) ) ;
#2317 = DIRECTION ( 'NONE',  ( 0.000000000000000000, 0.000000000000000000, -1.000000000000000000 ) ) ;
#2318 = CARTESIAN_POINT ( 'NONE',  ( 25.00000000000000000, 12.22641929943638317, 1.500000000000001332 ) ) ;
#2319 = CARTESIAN_POINT ( 'NONE',  ( 1.500192188052515307, -10.27022690005184380, 0.04644915271818637198 ) ) ;
#2320 = ORIENTED_EDGE ( 'NONE', *, *, #1906, .T. ) ;
#2321 = DIRECTION ( 'NONE',  ( 0.000000000000000000, 0.000000000000000000, -1.000000000000000000 ) ) ;
#2322 = CARTESIAN_POINT ( 'NONE',  ( -2.731542355828043167, -10.96321788803747310, 19.26335739156225557 ) ) ;
#2323 = CARTESIAN_POINT ( 'NONE',  ( 2.197635648580215317, -11.21659879671564930, 19.75843424248940039 ) ) ;
#2324 = DIRECTION ( 'NONE',  ( -0.000000000000000000, -0.000000000000000000, -1.000000000000000000 ) ) ;
#2325 = CARTESIAN_POINT ( 'NONE',  ( 1.809967261020912099, -11.49874392550900382, 228.5704612074592319 ) ) ;
#2326 = DIRECTION ( 'NONE',  ( 1.000000000000000000, 0.000000000000000000, 0.000000000000000000 ) ) ;
#2327 = CARTESIAN_POINT ( 'NONE',  ( -2.674162074111219312, -11.01191535068124416, 19.23393114530804482 ) ) ;
#2328 = DIRECTION ( 'NONE',  ( -1.000000000000000000, 0.000000000000000000, 0.000000000000000000 ) ) ;
#2329 = ORIENTED_EDGE ( 'NONE', *, *, #7187, .F. ) ;
#2330 = VERTEX_POINT ( 'NONE', #4720 ) ;
#2331 = DIRECTION ( 'NONE',  ( 1.000000000000000000, 0.000000000000000000, 0.000000000000000000 ) ) ;
#2332 = DIRECTION ( 'NONE',  ( 1.000000000000000000, 8.881784197001252323E-16, 0.000000000000000000 ) ) ;
#2333 = CARTESIAN_POINT ( 'NONE',  ( -3.705249945309639248, -10.13589649405968984, 19.77751632168143558 ) ) ;
#2334 = CARTESIAN_POINT ( 'NONE',  ( 3.099751018797308966, -10.85059683866560931, 19.29298978726006553 ) ) ;
#2335 = CARTESIAN_POINT ( 'NONE',  ( -2.957073246022980939, -7.399239093526196243, 209.5968844212158615 ) ) ;
#2336 = DIRECTION ( 'NONE',  ( 0.000000000000000000, -1.000000000000000000, 0.000000000000000000 ) ) ;
#2337 = EDGE_CURVE ( 'NONE', #1572, #1506, #4522, .T. ) ;
#2338 = DIRECTION ( 'NONE',  ( 0.000000000000000000, 0.000000000000000000, 1.000000000000000000 ) ) ;
#2339 = CARTESIAN_POINT ( 'NONE',  ( 1.592228474947161132, -11.50000000000000000, 210.7637723102343443 ) ) ;
#2340 = AXIS2_PLACEMENT_3D ( 'NONE', #7593, #887, #3292 ) ;
#2341 = CARTESIAN_POINT ( 'NONE',  ( 2.230507428180646290, -11.18929735291036209, 19.68313879745286599 ) ) ;
#2342 = ADVANCED_FACE ( 'NONE', ( #2911 ), #7177, .F. ) ;
#2343 = CARTESIAN_POINT ( 'NONE',  ( -2.187858076172372712, -11.18852102258745695, 0.7910442197996301328 ) ) ;
#2344 = EDGE_CURVE ( 'NONE', #7360, #4954, #3256, .T. ) ;
#2345 = DIRECTION ( 'NONE',  ( -0.000000000000000000, 1.000000000000000000, -0.000000000000000000 ) ) ;
#2346 = CARTESIAN_POINT ( 'NONE',  ( -2.344876383669656672, -11.29378879091025567, 211.0428464768576760 ) ) ;
#2347 = CARTESIAN_POINT ( 'NONE',  ( -1.214818549687778582, -10.20825869643199191, 0.01793822963972526580 ) ) ;
#2348 = ORIENTED_EDGE ( 'NONE', *, *, #6496, .T. ) ;
#2349 = ADVANCED_FACE ( 'NONE', ( #4089 ), #2403, .T. ) ;
#2350 = AXIS2_PLACEMENT_3D ( 'NONE', #2419, #2458, #1789 ) ;
#2351 = ORIENTED_EDGE ( 'NONE', *, *, #7509, .F. ) ;
#2352 = VERTEX_POINT ( 'NONE', #7810 ) ;
#2353 = CARTESIAN_POINT ( 'NONE',  ( -1.990705263822139193, -10.77820838204432086, 229.6585845846251459 ) ) ;
#2354 = VECTOR ( 'NONE', #5, 1000.000000000000000 ) ;
#2355 = DIRECTION ( 'NONE',  ( -0.000000000000000000, -0.000000000000000000, -1.000000000000000000 ) ) ;
#2356 = CARTESIAN_POINT ( 'NONE',  ( 2.222439075294756705, -11.19336855990996682, 210.2734345060836461 ) ) ;
#2357 = VECTOR ( 'NONE', #3028, 1000.000000000000000 ) ;
#2358 = CARTESIAN_POINT ( 'NONE',  ( -3.878177161624251301, -7.905935821311341094, 20.00949143367900618 ) ) ;
#2359 = EDGE_CURVE ( 'NONE', #7343, #1187, #6622, .T. ) ;
#2360 = LINE ( 'NONE', #5396, #216 ) ;
#2361 = EDGE_LOOP ( 'NONE', ( #4366, #2064, #5072, #6403 ) ) ;
#2362 = DIRECTION ( 'NONE',  ( -0.000000000000000000, -0.000000000000000000, 1.000000000000000000 ) ) ;
#2363 = DIRECTION ( 'NONE',  ( 0.000000000000000000, 0.000000000000000000, -1.000000000000000000 ) ) ;
#2364 = CARTESIAN_POINT ( 'NONE',  ( 2.257707700204191870, -11.21746207600187795, 19.44809090610235813 ) ) ;
#2365 = DIRECTION ( 'NONE',  ( 1.000000000000000000, 0.000000000000000000, 0.000000000000000000 ) ) ;
#2366 = CARTESIAN_POINT ( 'NONE',  ( 1.046601154177599247, -10.02297294153557594, 229.9993281193094958 ) ) ;
#2367 = EDGE_CURVE ( 'NONE', #4312, #1418, #4728, .T. ) ;
#2368 = DIRECTION ( 'NONE',  ( -0.6685448414151378138, 0.7436718328787289556, 0.000000000000000000 ) ) ;
#2369 = EDGE_CURVE ( 'NONE', #4625, #6557, #3203, .T. ) ;
#2370 = CARTESIAN_POINT ( 'NONE',  ( -2.478652887298740115, -11.05794377592644473, 19.40159251781138039 ) ) ;
#2371 = CARTESIAN_POINT ( 'NONE',  ( -3.516559435340915307, -10.43604407748145491, 210.3894474131726042 ) ) ;
#2372 = AXIS2_PLACEMENT_3D ( 'NONE', #1857, #720, #599 ) ;
#2373 = ORIENTED_EDGE ( 'NONE', *, *, #752, .F. ) ;
#2374 = EDGE_LOOP ( 'NONE', ( #5995, #3061, #749 ) ) ;
#2375 = CARTESIAN_POINT ( 'NONE',  ( 4.000000000000000000, 3.000000000000000000, 209.5000000000000284 ) ) ;
#2376 = CARTESIAN_POINT ( 'NONE',  ( 2.216397036378988883, -11.20680226479208308, 210.3432844036001370 ) ) ;
#2377 = PRESENTATION_LAYER_ASSIGNMENT (  '', '', ( #1497 ) ) ;
#2378 = FACE_OUTER_BOUND ( 'NONE', #7521, .T. ) ;
#2379 = CARTESIAN_POINT ( 'NONE',  ( 1.032903929289059164, -9.979608481122278718, 0.0002448004375038392421 ) ) ;
#2380 = DIRECTION ( 'NONE',  ( 0.000000000000000000, -1.000000000000000000, 0.000000000000000000 ) ) ;
#2381 = LINE ( 'NONE', #7313, #7325 ) ;
#2382 = CIRCLE ( 'NONE', #6800, 1.500000000000000222 ) ;
#2383 = CARTESIAN_POINT ( 'NONE',  ( 25.00000000000000000, 0.000000000000000000, 18.49999999999998934 ) ) ;
#2384 = CARTESIAN_POINT ( 'NONE',  ( 1.780937972329813546, -11.50000000000000000, 211.2812799162342401 ) ) ;
#2385 = EDGE_CURVE ( 'NONE', #5679, #1899, #6500, .T. ) ;
#2386 = CARTESIAN_POINT ( 'NONE',  ( 2.207405669736670628, -11.20956951807653290, 19.70855025338126509 ) ) ;
#2387 = CARTESIAN_POINT ( 'NONE',  ( -1.144563718450534617, -10.07052631630745942, 0.005200640971423298002 ) ) ;
#2388 = CARTESIAN_POINT ( 'NONE',  ( -2.999999999999996891, 6.324555320336759934, 20.49999999999998934 ) ) ;
#2389 = CARTESIAN_POINT ( 'NONE',  ( 2.345405229801934333, -11.34536861541397101, 1.500000000000000222 ) ) ;
#2390 = CARTESIAN_POINT ( 'NONE',  ( -16.49998279950084523, 12.22422003473056051, 220.3059655356963162 ) ) ;
#2391 = ORIENTED_EDGE ( 'NONE', *, *, #7266, .T. ) ;
#2392 = AXIS2_PLACEMENT_3D ( 'NONE', #1522, #5141, #213 ) ;
#2393 = VERTEX_POINT ( 'NONE', #3576 ) ;
#2394 = ORIENTED_EDGE ( 'NONE', *, *, #682, .F. ) ;
#2395 = CARTESIAN_POINT ( 'NONE',  ( -1.178953665367527659, -10.04475146834466059, 229.9963218120734325 ) ) ;
#2396 = DIRECTION ( 'NONE',  ( -1.000000000000000000, 0.000000000000000000, 0.000000000000000000 ) ) ;
#2397 = CARTESIAN_POINT ( 'NONE',  ( 2.402281060755091069, -11.07458003769396981, 210.4784187943290021 ) ) ;
#2398 = CARTESIAN_POINT ( 'NONE',  ( -1.000000000000000000, -10.00000000000000533, 1.301042606982605321E-15 ) ) ;
#2399 = CARTESIAN_POINT ( 'NONE',  ( 2.664470353522595758, -11.00216321620742299, 19.26440018587350167 ) ) ;
#2400 = CARTESIAN_POINT ( 'NONE',  ( 2.194994261698469007, -11.21901528231755840, 19.77292240503176401 ) ) ;
#2401 = ORIENTED_EDGE ( 'NONE', *, *, #5818, .T. ) ;
#2402 = CARTESIAN_POINT ( 'NONE',  ( 3.588511471054448787, -10.33801090994130867, 19.67038074297981609 ) ) ;
#2403 = CYLINDRICAL_SURFACE ( 'NONE', #1708, 1.500000000000001332 ) ;
#2404 = CARTESIAN_POINT ( 'NONE',  ( 2.258986277062331904, -11.21631033961185686, 19.44800357384505318 ) ) ;
#2405 = CARTESIAN_POINT ( 'NONE',  ( 1.779453246846907755, -11.46421898756572766, 228.8311777425440425 ) ) ;
#2406 = CARTESIAN_POINT ( 'NONE',  ( 16.66532048819021838, 6.010389983400268754, 228.5000000000000000 ) ) ;
#2407 = CIRCLE ( 'NONE', #4034, 0.4999999999999995559 ) ;
#2408 = DIRECTION ( 'NONE',  ( 0.000000000000000000, 0.000000000000000000, 1.000000000000000000 ) ) ;
#2409 = CARTESIAN_POINT ( 'NONE',  ( -2.394671087016225997, -11.07399703792535028, 19.54950514854940735 ) ) ;
#2410 = B_SPLINE_CURVE_WITH_KNOTS ( 'NONE', 3,
 ( #4940, #1314, #6114, #766, #1352, #163, #7189, #1787 ),
 .UNSPECIFIED., .F., .F.,
 ( 4, 2, 2, 4 ),
 ( 0.000000000000000000, 0.0006636429901044630297, 0.0009954644851566944903, 0.001327285980208926059 ),
 .UNSPECIFIED. ) ;
#2411 = CARTESIAN_POINT ( 'NONE',  ( -2.192015627774738906, -11.22188251877679477, 210.2378878605221644 ) ) ;
#2412 = ORIENTED_EDGE ( 'NONE', *, *, #1396, .T. ) ;
#2413 = ORIENTED_EDGE ( 'NONE', *, *, #1781, .F. ) ;
#2414 = EDGE_CURVE ( 'NONE', #7261, #5098, #3469, .T. ) ;
#2415 = CIRCLE ( 'NONE', #2669, 11.50000000000000000 ) ;
#2416 = DIRECTION ( 'NONE',  ( 0.000000000000000000, 0.000000000000000000, 1.000000000000000000 ) ) ;
#2417 = CARTESIAN_POINT ( 'NONE',  ( 2.223253787141872273, -11.20505417688537086, 210.3726649724208073 ) ) ;
#2418 = DIRECTION ( 'NONE',  ( 0.000000000000000000, 0.000000000000000000, -1.000000000000000000 ) ) ;
#2419 = CARTESIAN_POINT ( 'NONE',  ( -16.66532048819021838, 6.010389983400267866, 211.5000000000000284 ) ) ;
#2420 = CARTESIAN_POINT ( 'NONE',  ( -1.049329932173295177, -9.994409750612305743, 229.9992660775878051 ) ) ;
#2421 = CARTESIAN_POINT ( 'NONE',  ( -2.100965909512625629, -11.49999999999999822, 18.57703570760148892 ) ) ;
#2422 = AXIS2_PLACEMENT_3D ( 'NONE', #454, #1085, #5267 ) ;
#2423 = CARTESIAN_POINT ( 'NONE',  ( -2.525115170221122529, -10.99710278697312482, 19.30490500396971143 ) ) ;
#2424 = CARTESIAN_POINT ( 'NONE',  ( -16.51417844735357221, 12.22464279233097351, 9.693957277362629910 ) ) ;
#2425 = CARTESIAN_POINT ( 'NONE',  ( 2.197405880927124855, -11.21673207611510747, 19.76393112020661036 ) ) ;
#2426 = CARTESIAN_POINT ( 'NONE',  ( 4.000000000000000888, -9.165151389911679658, 19.99999999999998579 ) ) ;
#2427 = CARTESIAN_POINT ( 'NONE',  ( 2.540425695446221432, -11.20964600840139092, 1.313732459901026051 ) ) ;
#2428 = CARTESIAN_POINT ( 'NONE',  ( 5.500000000000000000, 3.500000000000000000, 208.5000000000000284 ) ) ;
#2429 = ORIENTED_EDGE ( 'NONE', *, *, #5596, .T. ) ;
#2430 = ORIENTED_EDGE ( 'NONE', *, *, #3981, .F. ) ;
#2431 = ORIENTED_EDGE ( 'NONE', *, *, #2775, .F. ) ;
#2432 = CARTESIAN_POINT ( 'NONE',  ( 1.064573262633532691, -9.977462227845572684, 0.0003875468415109132583 ) ) ;
#2433 = AXIS2_PLACEMENT_3D ( 'NONE', #3948, #6323, #842 ) ;
#2434 = CARTESIAN_POINT ( 'NONE',  ( 2.500000000000001776, -10.49999999999999645, 21.23350517512628954 ) ) ;
#2435 = CARTESIAN_POINT ( 'NONE',  ( 2.246485072289590601, -11.18632106610979982, 210.3940657219981460 ) ) ;
#2436 = DIRECTION ( 'NONE',  ( -0.000000000000000000, -0.000000000000000000, -1.000000000000000000 ) ) ;
#2437 = CARTESIAN_POINT ( 'NONE',  ( 2.401855001735239359, -11.07455267084774242, 19.52313740757213267 ) ) ;
#2438 = CARTESIAN_POINT ( 'NONE',  ( -2.499999999999998224, -9.165151389911681434, 21.49999999999999289 ) ) ;
#2439 = VERTEX_POINT ( 'NONE', #7061 ) ;
#2440 = AXIS2_PLACEMENT_3D ( 'NONE', #5323, #1735, #3578 ) ;
#2441 = EDGE_LOOP ( 'NONE', ( #3020, #7548, #6631, #2750, #4970 ) ) ;
#2442 = DIRECTION ( 'NONE',  ( 0.000000000000000000, 0.000000000000000000, -1.000000000000000000 ) ) ;
#2443 = CARTESIAN_POINT ( 'NONE',  ( 1.393104395109753924, -10.19498086068766085, 229.9724487772099337 ) ) ;
#2444 = CARTESIAN_POINT ( 'NONE',  ( 2.195689039640293050, -11.21834371566995436, 19.77203523174807742 ) ) ;
#2445 = CARTESIAN_POINT ( 'NONE',  ( 2.104237510058319938, -11.48700587415701690, 228.7177940734369770 ) ) ;
#2446 = CARTESIAN_POINT ( 'NONE',  ( -1.811221830515580722, -11.50000000000000000, 230.0000000000000000 ) ) ;
#2447 = LINE ( 'NONE', #7142, #6545 ) ;
#2448 = EDGE_CURVE ( 'NONE', #5579, #6729, #5610, .T. ) ;
#2449 = CARTESIAN_POINT ( 'NONE',  ( 3.758668959354525718, -7.750989678913253300, 20.03724618963324744 ) ) ;
#2450 = CARTESIAN_POINT ( 'NONE',  ( -1.034095312463304550, -10.01136510415432568, 229.9996124531585053 ) ) ;
#2451 = EDGE_CURVE ( 'NONE', #4672, #6517, #1067, .T. ) ;
#2452 = EDGE_LOOP ( 'NONE', ( #6611, #1606, #7148, #3568 ) ) ;
#2453 = ORIENTED_EDGE ( 'NONE', *, *, #3535, .T. ) ;
#2454 = EDGE_CURVE ( 'NONE', #4412, #2046, #633, .T. ) ;
#2455 = CARTESIAN_POINT ( 'NONE',  ( 2.345405229801958757, -11.34536861541392483, 228.5000000000000000 ) ) ;
#2456 = CARTESIAN_POINT ( 'NONE',  ( -2.459305191273926994, -11.04375962466704841, 210.5091687938673317 ) ) ;
#2457 = DIRECTION ( 'NONE',  ( 0.000000000000000000, 0.000000000000000000, -1.000000000000000000 ) ) ;
#2458 = DIRECTION ( 'NONE',  ( -0.000000000000000000, 0.000000000000000000, 1.000000000000000000 ) ) ;
#2459 = CARTESIAN_POINT ( 'NONE',  ( 3.088235294117648078, -6.834676493307207501, 21.49999999999999289 ) ) ;
#2460 = DIRECTION ( 'NONE',  ( 0.000000000000000000, 0.000000000000000000, 1.000000000000000000 ) ) ;
#2461 = CARTESIAN_POINT ( 'NONE',  ( -2.895895691981121622, -10.98904354135284400, 19.12368064467129969 ) ) ;
#2462 = CARTESIAN_POINT ( 'NONE',  ( 2.344876383665924546, -11.29378879090715593, 211.0428464768501158 ) ) ;
#2463 = CARTESIAN_POINT ( 'NONE',  ( 2.245189339652337246, -11.18621434431758566, 19.61248752032334508 ) ) ;
#2464 = CARTESIAN_POINT ( 'NONE',  ( 2.500000000000002220, -9.165151389911679658, 19.99999999999998579 ) ) ;
#2465 = CARTESIAN_POINT ( 'NONE',  ( 2.264063231685708555, -11.21728919258647927, 210.5703700831788012 ) ) ;
#2466 = CARTESIAN_POINT ( 'NONE',  ( 1.649041917724542117, -10.65359670505628742, 0.1863740447470794703 ) ) ;
#2467 = DIRECTION ( 'NONE',  ( 0.9035079029052514032, 0.4285714285714281035, -0.000000000000000000 ) ) ;
#2468 = ORIENTED_EDGE ( 'NONE', *, *, #166, .T. ) ;
#2469 = EDGE_CURVE ( 'NONE', #5465, #5224, #780, .T. ) ;
#2470 = ORIENTED_EDGE ( 'NONE', *, *, #2115, .T. ) ;
#2471 = AXIS2_PLACEMENT_3D ( 'NONE', #6193, #7345, #4339 ) ;
#2472 = ORIENTED_EDGE ( 'NONE', *, *, #4563, .F. ) ;
#2473 = CARTESIAN_POINT ( 'NONE',  ( -2.549432087221376708, -11.21644525789299607, 228.5000000000000284 ) ) ;
#2474 = AXIS2_PLACEMENT_3D ( 'NONE', #3544, #6551, #555 ) ;
#2475 = CARTESIAN_POINT ( 'NONE',  ( 1.000000000000000444, -9.999999999999994671, 230.0000000000000000 ) ) ;
#2476 = CARTESIAN_POINT ( 'NONE',  ( 2.328021509761084573, -11.12100341164842909, 210.4234759821501086 ) ) ;
#2477 = CARTESIAN_POINT ( 'NONE',  ( 2.559338490893849460, -10.80910940516373131, 210.3824033829265829 ) ) ;
#2478 = CARTESIAN_POINT ( 'NONE',  ( 2.670167467135612593, -11.00762694630491012, 19.24708119535016237 ) ) ;
#2479 = AXIS2_PLACEMENT_3D ( 'NONE', #5945, #2874, #2989 ) ;
#2480 = CARTESIAN_POINT ( 'NONE',  ( -2.499999999999998224, -9.627835644774256352, 21.49999999999998934 ) ) ;
#2481 = ORIENTED_EDGE ( 'NONE', *, *, #2451, .F. ) ;
#2482 = AXIS2_PLACEMENT_3D ( 'NONE', #1862, #6080, #3168 ) ;
#2483 = VERTEX_POINT ( 'NONE', #6215 ) ;
#2484 = CARTESIAN_POINT ( 'NONE',  ( -1.229932516477378668, -10.34495566483564488, 0.03666170470031251960 ) ) ;
#2485 = CIRCLE ( 'NONE', #4736, 0.5000000000000000000 ) ;
#2486 = CARTESIAN_POINT ( 'NONE',  ( 2.255517710093527750, -11.21503500318406843, 19.46281463789322075 ) ) ;
#2487 = CARTESIAN_POINT ( 'NONE',  ( 16.66532048819021838, 13.72641929943638139, 211.5000000000000284 ) ) ;
#2488 = CARTESIAN_POINT ( 'NONE',  ( 2.256948291571247545, -11.21518718960284566, 210.5464727103030498 ) ) ;
#2489 = PRESENTATION_STYLE_ASSIGNMENT (( #76 ) ) ;
#2490 = CARTESIAN_POINT ( 'NONE',  ( 23.50000000000000000, 12.22641929943638317, 211.5000000000000284 ) ) ;
#2491 = VERTEX_POINT ( 'NONE', #3886 ) ;
#2492 = ORIENTED_EDGE ( 'NONE', *, *, #6641, .F. ) ;
#2493 = CARTESIAN_POINT ( 'NONE',  ( 2.486915831278792233, -10.67803198195871417, 208.9812841625192164 ) ) ;
#2494 = CARTESIAN_POINT ( 'NONE',  ( -2.432722649295019135, -11.09143567026944233, 210.6044437862783241 ) ) ;
#2495 = EDGE_CURVE ( 'NONE', #7093, #7644, #7486, .T. ) ;
#2496 = CARTESIAN_POINT ( 'NONE',  ( 2.500000000000001776, -10.49999999999999645, 21.23350517512628954 ) ) ;
#2497 = FACE_OUTER_BOUND ( 'NONE', #4608, .T. ) ;
#2498 = CARTESIAN_POINT ( 'NONE',  ( -1.058049245171841735, -10.03574390897644797, 229.9988486302482613 ) ) ;
#2499 =( BOUNDED_CURVE ( )  B_SPLINE_CURVE ( 3, ( #3040, #1898, #4849, #4256 ),
 .UNSPECIFIED., .F., .T. ) 
 B_SPLINE_CURVE_WITH_KNOTS ( ( 4, 4 ),
 ( 1.570796326794896780, 1.593528492866232993 ),
 .UNSPECIFIED. ) 
 CURVE ( )  GEOMETRIC_REPRESENTATION_ITEM ( )  RATIONAL_B_SPLINE_CURVE ( ( 1.000000000000000000, 0.9999569378490705818, 0.9999569378490705818, 1.000000000000000000 ) ) 
 REPRESENTATION_ITEM ( '' )  );
#2500 = DIRECTION ( 'NONE',  ( -1.000000000000000000, 0.000000000000000000, 0.000000000000000000 ) ) ;
#2501 = AXIS2_PLACEMENT_3D ( 'NONE', #3926, #3338, #5820 ) ;
#2502 = CARTESIAN_POINT ( 'NONE',  ( -2.539201171260129453, -11.03073036337032775, 19.23437814845710392 ) ) ;
#2503 = CARTESIAN_POINT ( 'NONE',  ( 1.513439735636826988, -11.50000000000000000, 19.55325461124937547 ) ) ;
#2504 = CARTESIAN_POINT ( 'NONE',  ( 2.260588335234773982, -11.21537470272816428, 19.44623103539104747 ) ) ;
#2505 = CARTESIAN_POINT ( 'NONE',  ( -1.407203282962730562, -10.40815629081263261, 0.06976442513478321727 ) ) ;
#2506 = DIRECTION ( 'NONE',  ( 1.000000000000000000, 3.469446951953614189E-16, -0.000000000000000000 ) ) ;
#2507 = CARTESIAN_POINT ( 'NONE',  ( 2.361800560463651610, -11.07245452514583306, 0.7786190021902187341 ) ) ;
#2508 = EDGE_LOOP ( 'NONE', ( #3318, #3697, #5233 ) ) ;
#2509 = AXIS2_PLACEMENT_3D ( 'NONE', #4048, #1097, #392 ) ;
#2510 = ORIENTED_EDGE ( 'NONE', *, *, #7365, .T. ) ;
#2511 = ORIENTED_EDGE ( 'NONE', *, *, #5623, .T. ) ;
#2512 = CARTESIAN_POINT ( 'NONE',  ( -2.345405229801929003, -11.34536861541397457, 228.5000000000000000 ) ) ;
#2513 = ADVANCED_FACE ( 'NONE', ( #1366 ), #3900, .F. ) ;
#2514 = CIRCLE ( 'NONE', #1882, 1.500000000000001332 ) ;
#2515 = CARTESIAN_POINT ( 'NONE',  ( 2.509222157602880809, -10.97043752913568682, 229.3520550246790037 ) ) ;
#2516 = CARTESIAN_POINT ( 'NONE',  ( 2.394623086420610836, -11.07397694341009320, 210.4502231690982512 ) ) ;
#2517 = CARTESIAN_POINT ( 'NONE',  ( 1.000000000000001332, -9.949874371066199430, 0.000000000000000000 ) ) ;
#2518 = DIRECTION ( 'NONE',  ( 1.000000000000000000, 0.000000000000000000, 0.000000000000000000 ) ) ;
#2519 = CARTESIAN_POINT ( 'NONE',  ( 2.638289630757379101, -10.98417400534473920, 19.33254148052542831 ) ) ;
#2520 = CIRCLE ( 'NONE', #6931, 1.500000000000001332 ) ;
#2521 = AXIS2_PLACEMENT_3D ( 'NONE', #4333, #192, #112 ) ;
#2522 = VERTEX_POINT ( 'NONE', #6340 ) ;
#2523 = VERTEX_POINT ( 'NONE', #6450 ) ;
#2524 = CARTESIAN_POINT ( 'NONE',  ( -1.177638331225110635, -10.41831838823377332, 0.05730536636196367772 ) ) ;
#2525 = CARTESIAN_POINT ( 'NONE',  ( -25.00000000000000000, 13.72641929943638139, 1.500000000000001332 ) ) ;
#2526 = DIRECTION ( 'NONE',  ( 0.8571428571428565402, -0.5150787536377136044, 0.000000000000000000 ) ) ;
#2527 = CARTESIAN_POINT ( 'NONE',  ( 2.913626296288682749, -10.97007306887150690, 19.15299543975554997 ) ) ;
#2528 = CARTESIAN_POINT ( 'NONE',  ( 5.000000000000000000, 3.500000000000000000, 208.5000000000000284 ) ) ;
#2529 = DIRECTION ( 'NONE',  ( 1.000000000000000000, 0.000000000000000000, 0.000000000000000000 ) ) ;
#2530 = VERTEX_POINT ( 'NONE', #6485 ) ;
#2531 = ORIENTED_EDGE ( 'NONE', *, *, #5382, .T. ) ;
#2532 = CARTESIAN_POINT ( 'NONE',  ( 25.00000000000000000, 13.72641929943638139, 228.5000000000000000 ) ) ;
#2533 = CARTESIAN_POINT ( 'NONE',  ( -2.612269700542138473, -11.04256152143808833, 210.7566586931527581 ) ) ;
#2534 = DIRECTION ( 'NONE',  ( 1.000000000000000000, 0.000000000000000000, 0.000000000000000000 ) ) ;
#2535 = CARTESIAN_POINT ( 'NONE',  ( -16.66532048819021838, 12.22641929943638317, 211.5000000000000284 ) ) ;
#2536 = DIRECTION ( 'NONE',  ( 0.000000000000000000, 0.000000000000000000, 1.000000000000000000 ) ) ;
#2537 = DIRECTION ( 'NONE',  ( -1.000000000000000000, -0.000000000000000000, -0.000000000000000000 ) ) ;
#2538 = EDGE_CURVE ( 'NONE', #3229, #6691, #5890, .T. ) ;
#2539 = CIRCLE ( 'NONE', #2665, 0.5000000000000004441 ) ;
#2540 = DIRECTION ( 'NONE',  ( 0.000000000000000000, -1.000000000000000000, 0.000000000000000000 ) ) ;
#2541 = CARTESIAN_POINT ( 'NONE',  ( 5.999999999999996447, 3.605551275463993566, 19.99999999999998934 ) ) ;
#2542 = AXIS2_PLACEMENT_3D ( 'NONE', #613, #4114, #4824 ) ;
#2543 =( BOUNDED_CURVE ( )  B_SPLINE_CURVE ( 3, ( #4422, #3795, #7432, #3874 ),
 .UNSPECIFIED., .F., .F. ) 
 B_SPLINE_CURVE_WITH_KNOTS ( ( 4, 4 ),
 ( 4.689656814313350353, 4.712388980384689674 ),
 .UNSPECIFIED. ) 
 CURVE ( )  GEOMETRIC_REPRESENTATION_ITEM ( )  RATIONAL_B_SPLINE_CURVE ( ( 1.000000000000000000, 0.9999569378490705818, 0.9999569378490705818, 1.000000000000000000 ) ) 
 REPRESENTATION_ITEM ( '' )  );
#2544 = DIRECTION ( 'NONE',  ( -0.000000000000000000, -1.000000000000000000, -0.000000000000000000 ) ) ;
#2545 = CARTESIAN_POINT ( 'NONE',  ( 2.865564284016435259, -11.02635297792833313, 210.9399429630794884 ) ) ;
#2546 = EDGE_CURVE ( 'NONE', #5124, #2037, #7673, .T. ) ;
#2547 = DIRECTION ( 'NONE',  ( -0.7435655527264779519, 0.6684492978642024852, -0.01690576775607232143 ) ) ;
#2548 = CARTESIAN_POINT ( 'NONE',  ( 2.226051512883906014, -11.22624275280274375, 0.8765555297596886453 ) ) ;
#2549 = EDGE_LOOP ( 'NONE', ( #3030, #286, #160, #484, #1717, #506 ) ) ;
#2550 = EDGE_CURVE ( 'NONE', #6909, #3660, #72, .T. ) ;
#2551 = ADVANCED_FACE ( 'NONE', ( #496 ), #683, .F. ) ;
#2552 = ORIENTED_EDGE ( 'NONE', *, *, #3084, .T. ) ;
#2553 = EDGE_CURVE ( 'NONE', #4025, #7174, #6626, .T. ) ;
#2554 = ORIENTED_EDGE ( 'NONE', *, *, #50, .F. ) ;
#2555 = DIRECTION ( 'NONE',  ( 0.8571428571428565402, 0.5150787536377137155, 0.000000000000000000 ) ) ;
#2556 = CARTESIAN_POINT ( 'NONE',  ( 2.639171365087023435, -10.98930045663963462, 210.6610316655076076 ) ) ;
#2557 = FACE_OUTER_BOUND ( 'NONE', #7336, .T. ) ;
#2558 = CARTESIAN_POINT ( 'NONE',  ( 2.672840991426097546, -11.01041462219317957, 19.23847220925470936 ) ) ;
#2559 = EDGE_CURVE ( 'NONE', #5216, #3372, #227, .T. ) ;
#2560 = ORIENTED_EDGE ( 'NONE', *, *, #6582, .T. ) ;
#2561 = ORIENTED_EDGE ( 'NONE', *, *, #682, .T. ) ;
#2562 = CARTESIAN_POINT ( 'NONE',  ( 3.460811076902066574, -7.353324709990002539, 209.7352266148581634 ) ) ;
#2563 = CARTESIAN_POINT ( 'NONE',  ( 7.714285714285710860, 4.635708782739420108, 208.5000000000000284 ) ) ;
#2564 = DIRECTION ( 'NONE',  ( -0.000000000000000000, -0.000000000000000000, -1.000000000000000000 ) ) ;
#2565 = B_SPLINE_CURVE_WITH_KNOTS ( 'NONE', 3,
 ( #6302, #2635, #4400, #6816, #1492, #2163 ),
 .UNSPECIFIED., .F., .F.,
 ( 4, 2, 4 ),
 ( 0.000000000000000000, 0.0004719354792462222836, 0.0009438709584924445672 ),
 .UNSPECIFIED. ) ;
#2566 = CARTESIAN_POINT ( 'NONE',  ( 2.509046463808143113, -11.07420235281305665, 19.30771119125801860 ) ) ;
#2567 = CARTESIAN_POINT ( 'NONE',  ( 2.783601829262475569, -11.15802674562696239, 19.99999999999998934 ) ) ;
#2568 = TOROIDAL_SURFACE ( 'NONE', #4194, 10.00000000000000000, 1.500000000000000000 ) ;
#2569 = EDGE_CURVE ( 'NONE', #3808, #6314, #4832, .T. ) ;
#2570 = AXIS2_PLACEMENT_3D ( 'NONE', #393, #4487, #7535 ) ;
#2571 = EDGE_LOOP ( 'NONE', ( #6844, #2348, #6808 ) ) ;
#2572 = VERTEX_POINT ( 'NONE', #1793 ) ;
#2573 = CARTESIAN_POINT ( 'NONE',  ( -3.591495344513767396, -7.528989471682159262, 209.8514013558537670 ) ) ;
#2574 = CARTESIAN_POINT ( 'NONE',  ( -2.609246030315889975, -11.03846106360597723, 210.7432968040119761 ) ) ;
#2575 = DIRECTION ( 'NONE',  ( -0.000000000000000000, 0.000000000000000000, 1.000000000000000000 ) ) ;
#2576 = CARTESIAN_POINT ( 'NONE',  ( 1.029454293935493148, -10.00981809797848499, 1.365321368282708990E-15 ) ) ;
#2577 = CARTESIAN_POINT ( 'NONE',  ( -1.064573262633264905, -9.977462227845729004, 229.9996124531585053 ) ) ;
#2578 = DIRECTION ( 'NONE',  ( 0.000000000000000000, 1.000000000000000000, 0.000000000000000000 ) ) ;
#2579 = CARTESIAN_POINT ( 'NONE',  ( -1.821724886752018602, -10.82075878474001485, 229.6897185116906712 ) ) ;
#2580 = CARTESIAN_POINT ( 'NONE',  ( 5.000000000000023093, 3.000000000000000000, 19.99999999999998934 ) ) ;
#2581 = DIRECTION ( 'NONE',  ( 0.000000000000000000, 0.000000000000000000, -1.000000000000000000 ) ) ;
#2582 = DIRECTION ( 'NONE',  ( -0.6685448414150551022, -0.7436718328788033405, 0.000000000000000000 ) ) ;
#2583 = CARTESIAN_POINT ( 'NONE',  ( 1.367660418632696162, -10.78270615981423219, 0.2077407258872645268 ) ) ;
#2584 = ORIENTED_EDGE ( 'NONE', *, *, #5419, .T. ) ;
#2585 = CARTESIAN_POINT ( 'NONE',  ( 1.790141786063664142, -11.47697870881212978, 1.230193845971764510 ) ) ;
#2586 = VERTEX_POINT ( 'NONE', #4822 ) ;
#2587 = ORIENTED_EDGE ( 'NONE', *, *, #5659, .F. ) ;
#2588 = CARTESIAN_POINT ( 'NONE',  ( 1.238494992613710100, -10.23294857281044656, 229.9757661545777410 ) ) ;
#2589 = EDGE_CURVE ( 'NONE', #6249, #4606, #4861, .T. ) ;
#2590 = B_SPLINE_CURVE_WITH_KNOTS ( 'NONE', 3,
 ( #2699, #5101, #1308, #5638, #242, #3710, #725, #1938 ),
 .UNSPECIFIED., .F., .F.,
 ( 4, 2, 2, 4 ),
 ( 0.000000000000000000, 0.0008392934252463453686, 0.001258940137869480865, 0.001678586850492616578 ),
 .UNSPECIFIED. ) ;
#2591 = DIRECTION ( 'NONE',  ( 0.000000000000000000, 0.000000000000000000, 1.000000000000000000 ) ) ;
#2592 = CARTESIAN_POINT ( 'NONE',  ( 2.574994864989816001, -11.00457933172132385, 210.6101929244004225 ) ) ;
#2593 = ADVANCED_FACE ( 'NONE', ( #4230 ), #3050, .T. ) ;
#2594 = DIRECTION ( 'NONE',  ( -0.000000000000000000, 0.000000000000000000, 1.000000000000000000 ) ) ;
#2595 = CARTESIAN_POINT ( 'NONE',  ( 1.692041485848670535, -10.99300152831533595, 229.6402679324018550 ) ) ;
#2596 = CARTESIAN_POINT ( 'NONE',  ( 3.428571428571425717, 7.228063223242011226, 20.49999999999998934 ) ) ;
#2597 = CARTESIAN_POINT ( 'NONE',  ( 2.265478514728208381, -11.15612671683889623, 19.68642074741963910 ) ) ;
#2598 = VERTEX_POINT ( 'NONE', #5025 ) ;
#2599 = CARTESIAN_POINT ( 'NONE',  ( -1.075620314806299049, -10.04216328300771366, 0.002015376634511365471 ) ) ;
#2600 = EDGE_CURVE ( 'NONE', #2312, #2796, #7513, .T. ) ;
#2601 = CARTESIAN_POINT ( 'NONE',  ( -3.428571428571425717, 7.228063223242011226, 19.99999999999998934 ) ) ;
#2602 = DIRECTION ( 'NONE',  ( -0.9406916296478006201, 0.3392628153962136128, 0.000000000000000000 ) ) ;
#2603 = CARTESIAN_POINT ( 'NONE',  ( 2.340701198273951622, -11.33407557538638422, 211.2252028917327777 ) ) ;
#2604 = CARTESIAN_POINT ( 'NONE',  ( 1.029437251522799857, -10.02943725152279519, 1.000867303993434820 ) ) ;
#2605 = CARTESIAN_POINT ( 'NONE',  ( -2.839387504550483943, -10.99177377504545383, 210.8482694673158733 ) ) ;
#2606 = ORIENTED_EDGE ( 'NONE', *, *, #3128, .T. ) ;
#2607 = CIRCLE ( 'NONE', #208, 1.500000000000001332 ) ;
#2608 = AXIS2_PLACEMENT_3D ( 'NONE', #5230, #5197, #2197 ) ;
#2609 = ORIENTED_EDGE ( 'NONE', *, *, #2156, .F. ) ;
#2610 = FACE_OUTER_BOUND ( 'NONE', #2374, .T. ) ;
#2611 = CARTESIAN_POINT ( 'NONE',  ( -2.483324391438066936, -11.06367491082379928, 210.6220485610851938 ) ) ;
#2612 = EDGE_CURVE ( 'NONE', #3512, #5808, #1984, .T. ) ;
#2613 = CARTESIAN_POINT ( 'NONE',  ( 0.000000000000000000, 0.000000000000000000, 228.5000000000000000 ) ) ;
#2614 = DIRECTION ( 'NONE',  ( 1.000000000000000000, 0.000000000000000000, 0.000000000000000000 ) ) ;
#2615 = CARTESIAN_POINT ( 'NONE',  ( 1.436080361701884023, -10.43753656653227857, 0.08119495108295547714 ) ) ;
#2616 = DIRECTION ( 'NONE',  ( 0.000000000000000000, 0.000000000000000000, -1.000000000000000000 ) ) ;
#2617 = CIRCLE ( 'NONE', #2109, 1.500000000000001332 ) ;
#2618 = DIRECTION ( 'NONE',  ( 0.000000000000000000, 1.000000000000000000, 0.000000000000000000 ) ) ;
#2619 = CARTESIAN_POINT ( 'NONE',  ( -1.125686726295290985, -10.10198505526987134, 229.9949083839424588 ) ) ;
#2620 = CARTESIAN_POINT ( 'NONE',  ( 2.345036208381570564, -11.31208284234213046, 18.87340821000660185 ) ) ;
#2621 = FACE_OUTER_BOUND ( 'NONE', #5318, .T. ) ;
#2622 = DIRECTION ( 'NONE',  ( -0.000000000000000000, -1.000000000000000000, -0.000000000000000000 ) ) ;
#2623 = LINE ( 'NONE', #6169, #6851 ) ;
#2624 = DIRECTION ( 'NONE',  ( 0.000000000000000000, 0.000000000000000000, 1.000000000000000000 ) ) ;
#2625 = ORIENTED_EDGE ( 'NONE', *, *, #920, .T. ) ;
#2626 = CIRCLE ( 'NONE', #3883, 1.000000000000000222 ) ;
#2627 = CARTESIAN_POINT ( 'NONE',  ( 2.096076865058598138, -11.47988828955771545, 1.234477217450324238 ) ) ;
#2628 = CIRCLE ( 'NONE', #4512, 1.500000000000000222 ) ;
#2629 = ORIENTED_EDGE ( 'NONE', *, *, #1647, .F. ) ;
#2630 = ADVANCED_FACE ( 'NONE', ( #7393 ), #1179, .T. ) ;
#2631 = EDGE_LOOP ( 'NONE', ( #4110, #4247, #495, #5013 ) ) ;
#2632 = FACE_OUTER_BOUND ( 'NONE', #3063, .T. ) ;
#2633 = CARTESIAN_POINT ( 'NONE',  ( 2.792429554197045416, -10.98761676773723828, 210.8083961369261488 ) ) ;
#2634 = DIRECTION ( 'NONE',  ( 1.000000000000000000, -2.081331949859378477E-16, 0.000000000000000000 ) ) ;
#2635 = CARTESIAN_POINT ( 'NONE',  ( 2.289722571841581011, -11.24060649216946572, 210.7222979104007834 ) ) ;
#2636 = CARTESIAN_POINT ( 'NONE',  ( -23.50000000000000000, 13.72641929943638139, 19.99999999999998934 ) ) ;
#2637 = CARTESIAN_POINT ( 'NONE',  ( 2.220211444653173771, -11.19496478958228636, 19.74060414951189557 ) ) ;
#2638 = ORIENTED_EDGE ( 'NONE', *, *, #3699, .F. ) ;
#2639 = CARTESIAN_POINT ( 'NONE',  ( 2.727811683811560250, -7.794840114577516132, 209.3010495889495246 ) ) ;
#2640 = AXIS2_PLACEMENT_3D ( 'NONE', #1391, #6715, #2614 ) ;
#2641 = CARTESIAN_POINT ( 'NONE',  ( 2.500000000000002220, -10.07418480169258856, 208.5865541575576003 ) ) ;
#2642 = CARTESIAN_POINT ( 'NONE',  ( -0.000000000000000000, 22.50000000000000000, 211.5000000000000284 ) ) ;
#2643 = CARTESIAN_POINT ( 'NONE',  ( 2.547795852029868247, -11.08066053037802945, 210.8725089510386681 ) ) ;
#2644 = CARTESIAN_POINT ( 'NONE',  ( -1.064573262633526030, -9.977462227845578013, 0.0003875468415110057407 ) ) ;
#2645 = CARTESIAN_POINT ( 'NONE',  ( -4.000000000000000000, 6.324555320336759934, 210.0000000000000284 ) ) ;
#2646 = CIRCLE ( 'NONE', #2392, 1.500000000000001332 ) ;
#2647 = VERTEX_POINT ( 'NONE', #173 ) ;
#2648 = EDGE_LOOP ( 'NONE', ( #4040, #258, #3401, #2606, #2015, #5976 ) ) ;
#2649 = CARTESIAN_POINT ( 'NONE',  ( -3.088235294117645857, -6.834676493307207501, 208.6000121703513059 ) ) ;
#2650 = CARTESIAN_POINT ( 'NONE',  ( -2.247382536037478395, -11.21491679450627288, 210.5112710628785635 ) ) ;
#2651 = LINE ( 'NONE', #7388, #7775 ) ;
#2652 = CARTESIAN_POINT ( 'NONE',  ( -2.345405229801943658, -11.34536861541393016, 19.99999999999998934 ) ) ;
#2653 = CARTESIAN_POINT ( 'NONE',  ( -1.590616274505810335, -10.33375665841560398, 0.06829887359459696494 ) ) ;
#2654 = FACE_OUTER_BOUND ( 'NONE', #4206, .T. ) ;
#2655 = EDGE_CURVE ( 'NONE', #4096, #5389, #6245, .T. ) ;
#2656 = EDGE_LOOP ( 'NONE', ( #1335, #7681, #5051, #1101, #7715, #3155 ) ) ;
#2657 = CARTESIAN_POINT ( 'NONE',  ( -1.275626596145113201, -10.41111594816288566, 229.9467576007694731 ) ) ;
#2658 = DIRECTION ( 'NONE',  ( -1.000000000000000000, 0.000000000000000000, 0.000000000000000000 ) ) ;
#2659 = DIRECTION ( 'NONE',  ( 0.000000000000000000, 1.000000000000000000, 0.000000000000000000 ) ) ;
#2660 = CARTESIAN_POINT ( 'NONE',  ( -0.9999999999999981126, -10.00000000000000000, 0.000000000000000000 ) ) ;
#2661 = CARTESIAN_POINT ( 'NONE',  ( 1.101544239572343375, -10.26301046351071022, 229.9789129710520967 ) ) ;
#2662 = CARTESIAN_POINT ( 'NONE',  ( -1.024505257613841591, -9.994122601708944842, 0.0001695065632072338473 ) ) ;
#2663 = EDGE_LOOP ( 'NONE', ( #4709, #3920, #6273, #5760 ) ) ;
#2664 = B_SPLINE_CURVE_WITH_KNOTS ( 'NONE', 3,
 ( #6926, #257, #7399, #4430 ),
 .UNSPECIFIED., .F., .F.,
 ( 4, 4 ),
 ( 0.000000000000000000, 0.001361190766769731662 ),
 .UNSPECIFIED. ) ;
#2665 = AXIS2_PLACEMENT_3D ( 'NONE', #3210, #2062, #2023 ) ;
#2666 = CARTESIAN_POINT ( 'NONE',  ( 1.821724886756583173, -10.82075878473389885, 0.3102814883076263630 ) ) ;
#2667 = ORIENTED_EDGE ( 'NONE', *, *, #1139, .F. ) ;
#2668 = DIRECTION ( 'NONE',  ( -0.000000000000000000, -0.000000000000000000, 1.000000000000000000 ) ) ;
#2669 = AXIS2_PLACEMENT_3D ( 'NONE', #6200, #5097, #1395 ) ;
#2670 = CARTESIAN_POINT ( 'NONE',  ( -2.927777850854127450, -10.95937500575494639, 210.8333344525097459 ) ) ;
#2671 = CARTESIAN_POINT ( 'NONE',  ( 2.639117246018724217, -10.98927543888577851, 210.6608930629791985 ) ) ;
#2672 = FACE_BOUND ( 'NONE', #776, .T. ) ;
#2673 = DIRECTION ( 'NONE',  ( -1.232566680299310083E-16, 0.000000000000000000, 1.000000000000000000 ) ) ;
#2674 = CARTESIAN_POINT ( 'NONE',  ( -2.693162936053677736, -7.787435082065083947, 209.2623835869818549 ) ) ;
#2675 = CARTESIAN_POINT ( 'NONE',  ( 2.265549063668641949, -11.15609707819837837, 19.68604955301637460 ) ) ;
#2676 = ORIENTED_EDGE ( 'NONE', *, *, #4838, .F. ) ;
#2677 = CARTESIAN_POINT ( 'NONE',  ( -1.835853263812228686, -11.18254491971924303, 0.5532756723076379668 ) ) ;
#2678 = CARTESIAN_POINT ( 'NONE',  ( 2.547737780595876078, -11.07994631445530409, 19.12912629144805621 ) ) ;
#2679 = CARTESIAN_POINT ( 'NONE',  ( -3.999999999999998224, -9.165151389911681434, 19.99999999999998579 ) ) ;
#2680 = CARTESIAN_POINT ( 'NONE',  ( 1.811221830515582276, -11.50000000000000178, 228.7028646601915227 ) ) ;
#2681 = EDGE_LOOP ( 'NONE', ( #4338, #3362, #7048, #5861 ) ) ;
#2682 = EDGE_LOOP ( 'NONE', ( #5782, #4087, #1464, #313 ) ) ;
#2683 = ORIENTED_EDGE ( 'NONE', *, *, #397, .T. ) ;
#2684 = LINE ( 'NONE', #5207, #971 ) ;
#2685 = CARTESIAN_POINT ( 'NONE',  ( -2.247404079246567044, -11.17247001102450810, 210.3250388369620794 ) ) ;
#2686 = EDGE_CURVE ( 'NONE', #2483, #4549, #452, .T. ) ;
#2687 = CIRCLE ( 'NONE', #7092, 9.000000000000000000 ) ;
#2688 = CARTESIAN_POINT ( 'NONE',  ( 3.469446951953614189E-15, -10.00000000000000000, 228.5000000000000000 ) ) ;
#2689 = B_SPLINE_CURVE_WITH_KNOTS ( 'NONE', 3,
 ( #4361, #7447, #2000, #1923, #5037, #2042 ),
 .UNSPECIFIED., .F., .F.,
 ( 4, 2, 4 ),
 ( 0.000000000000000000, 0.5000000000000000000, 1.000000000000000000 ),
 .UNSPECIFIED. ) ;
#2690 = CARTESIAN_POINT ( 'NONE',  ( 23.50000000000000000, 22.50000000000000000, 210.0000000000000284 ) ) ;
#2691 = EDGE_CURVE ( 'NONE', #6094, #3280, #4947, .T. ) ;
#2692 = CARTESIAN_POINT ( 'NONE',  ( -2.281823961026537173, -11.19963964801353029, 19.43368246279034040 ) ) ;
#2693 = CARTESIAN_POINT ( 'NONE',  ( 23.50000000000000000, 20.99999999999999645, 1.500000000000000000 ) ) ;
#2694 = ADVANCED_FACE ( 'NONE', ( #6875 ), #964, .T. ) ;
#2695 = ORIENTED_EDGE ( 'NONE', *, *, #6411, .T. ) ;
#2696 = AXIS2_PLACEMENT_3D ( 'NONE', #7667, #4657, #371 ) ;
#2697 = VECTOR ( 'NONE', #6686, 1000.000000000000000 ) ;
#2698 = CARTESIAN_POINT ( 'NONE',  ( -1.802055184353266171, -11.49037020371405227, 228.6728063153947232 ) ) ;
#2699 = CARTESIAN_POINT ( 'NONE',  ( -2.194994261698161697, -11.21901528231785328, 210.2270775949693586 ) ) ;
#2700 = CARTESIAN_POINT ( 'NONE',  ( -3.999999999999999112, -3.916798456802463595E-16, 21.49999999999999289 ) ) ;
#2701 = EDGE_CURVE ( 'NONE', #7363, #1011, #7007, .T. ) ;
#2702 = CARTESIAN_POINT ( 'NONE',  ( 16.66532048819021838, 6.010389983400268754, 230.0000000000000000 ) ) ;
#2703 = CARTESIAN_POINT ( 'NONE',  ( 1.500000000000002220, -11.49999999999999822, 19.55129132080062604 ) ) ;
#2704 = ORIENTED_EDGE ( 'NONE', *, *, #4319, .F. ) ;
#2705 = DIRECTION ( 'NONE',  ( -1.000000000000000000, -9.791996142006162685E-17, 0.000000000000000000 ) ) ;
#2706 = ORIENTED_EDGE ( 'NONE', *, *, #1768, .F. ) ;
#2707 = CARTESIAN_POINT ( 'NONE',  ( -1.811221830515597597, -11.49999999999999645, 211.3885219111377012 ) ) ;
#2708 = ADVANCED_FACE ( 'NONE', ( #2736 ), #5138, .F. ) ;
#2709 = CARTESIAN_POINT ( 'NONE',  ( -2.930073840116026673, -10.95943460260474289, 210.8346489957403094 ) ) ;
#2710 = CARTESIAN_POINT ( 'NONE',  ( 2.591248854110137945, -11.01195594742424078, 210.6555032162679026 ) ) ;
#2711 = DIRECTION ( 'NONE',  ( -1.000000000000000000, 0.000000000000000000, 0.000000000000000000 ) ) ;
#2712 = ADVANCED_FACE ( 'NONE', ( #1558 ), #5491, .F. ) ;
#2713 = CARTESIAN_POINT ( 'NONE',  ( -2.900242309909060179, -10.98416488702074467, 210.8685243562083542 ) ) ;
#2714 = DIRECTION ( 'NONE',  ( 0.000000000000000000, 1.000000000000000000, 0.000000000000000000 ) ) ;
#2715 = ORIENTED_EDGE ( 'NONE', *, *, #6536, .F. ) ;
#2716 = CARTESIAN_POINT ( 'NONE',  ( -4.000000000000022204, 3.000000000000000000, 20.49999999999998934 ) ) ;
#2717 = CARTESIAN_POINT ( 'NONE',  ( 2.539196947617357925, -11.03071457771769026, 19.23441081011780440 ) ) ;
#2718 = DIRECTION ( 'NONE',  ( 0.000000000000000000, 0.000000000000000000, -1.000000000000000000 ) ) ;
#2719 = CARTESIAN_POINT ( 'NONE',  ( -2.549232205520868710, -11.10417330524706792, 210.9288629565399447 ) ) ;
#2720 = ORIENTED_EDGE ( 'NONE', *, *, #5950, .F. ) ;
#2721 = EDGE_LOOP ( 'NONE', ( #5515, #7614, #3607, #1374, #3964 ) ) ;
#2722 = CYLINDRICAL_SURFACE ( 'NONE', #6762, 1.500000000000001332 ) ;
#2723 = AXIS2_PLACEMENT_3D ( 'NONE', #5284, #590, #4800 ) ;
#2724 = CARTESIAN_POINT ( 'NONE',  ( -2.234871295906653899, -11.21240515645194513, 210.4581706641148457 ) ) ;
#2725 = EDGE_CURVE ( 'NONE', #7517, #3157, #2097, .T. ) ;
#2726 = EDGE_CURVE ( 'NONE', #7644, #3220, #2772, .T. ) ;
#2727 = CARTESIAN_POINT ( 'NONE',  ( -2.854072556906259273, -10.96054282099163046, 210.7927949165360815 ) ) ;
#2728 = DIRECTION ( 'NONE',  ( 0.000000000000000000, 0.000000000000000000, 1.000000000000000000 ) ) ;
#2729 = DIRECTION ( 'NONE',  ( -1.000000000000000000, -3.469446951953614189E-16, 0.000000000000000000 ) ) ;
#2730 = CARTESIAN_POINT ( 'NONE',  ( -2.199316763800537089, -11.21494974608177131, 19.74295548745140394 ) ) ;
#2731 = AXIS2_PLACEMENT_3D ( 'NONE', #6468, #6988, #994 ) ;
#2732 = CARTESIAN_POINT ( 'NONE',  ( 16.66532048819021838, 13.72641929943638139, 19.99999999999998934 ) ) ;
#2733 = VECTOR ( 'NONE', #4747, 1000.000000000000000 ) ;
#2734 = ORIENTED_EDGE ( 'NONE', *, *, #5241, .T. ) ;
#2735 = CARTESIAN_POINT ( 'NONE',  ( -2.179288677638201221, -11.16045760222452543, 229.2596178596155028 ) ) ;
#2736 = FACE_OUTER_BOUND ( 'NONE', #3914, .T. ) ;
#2737 = AXIS2_PLACEMENT_3D ( 'NONE', #2280, #6583, #1064 ) ;
#2738 = DIRECTION ( 'NONE',  ( -1.000000000000000000, 2.081331949859378477E-16, 0.000000000000000000 ) ) ;
#2739 = CYLINDRICAL_SURFACE ( 'NONE', #44, 0.4999999999999995559 ) ;
#2740 = FACE_OUTER_BOUND ( 'NONE', #2788, .T. ) ;
#2741 = ORIENTED_EDGE ( 'NONE', *, *, #2076, .T. ) ;
#2742 = CARTESIAN_POINT ( 'NONE',  ( 1.504346593502430718, -10.73608480546335819, 0.1769155671283655640 ) ) ;
#2743 = EDGE_LOOP ( 'NONE', ( #4798, #4481, #6957, #6052, #4831, #6792, #2401, #7223, #4618, #5629, #6140, #1749 ) ) ;
#2744 = CARTESIAN_POINT ( 'NONE',  ( -2.499999999999998224, -7.745966692414834043, 21.49999999999999289 ) ) ;
#2745 = FACE_OUTER_BOUND ( 'NONE', #1176, .T. ) ;
#2746 = CARTESIAN_POINT ( 'NONE',  ( 1.000000000000001554, -9.949874371066199430, 230.0000000000000000 ) ) ;
#2747 = DIRECTION ( 'NONE',  ( 0.000000000000000000, -1.000000000000000000, 0.000000000000000000 ) ) ;
#2748 = DIRECTION ( 'NONE',  ( 0.000000000000000000, 1.000000000000000000, 0.000000000000000000 ) ) ;
#2749 = FACE_OUTER_BOUND ( 'NONE', #5975, .T. ) ;
#2750 = ORIENTED_EDGE ( 'NONE', *, *, #1133, .F. ) ;
#2751 = CARTESIAN_POINT ( 'NONE',  ( 0.000000000000000000, 0.000000000000000000, 21.49999999999999289 ) ) ;
#2752 = AXIS2_PLACEMENT_3D ( 'NONE', #835, #3162, #5558 ) ;
#2753 = CARTESIAN_POINT ( 'NONE',  ( 2.899279691425047378, -10.98518586260884433, 19.12991443464368047 ) ) ;
#2754 = CYLINDRICAL_SURFACE ( 'NONE', #1682, 1.500000000000001332 ) ;
#2755 = LINE ( 'NONE', #2088, #4323 ) ;
#2756 = FACE_OUTER_BOUND ( 'NONE', #5426, .T. ) ;
#2757 = ORIENTED_EDGE ( 'NONE', *, *, #4314, .F. ) ;
#2758 = ORIENTED_EDGE ( 'NONE', *, *, #2118, .F. ) ;
#2759 = CIRCLE ( 'NONE', #3153, 0.5000000000000004441 ) ;
#2760 = DIRECTION ( 'NONE',  ( -1.000000000000000000, 2.081331949859378477E-16, -0.000000000000000000 ) ) ;
#2761 = CARTESIAN_POINT ( 'NONE',  ( -2.200477310029430811, -11.21474329484636634, 210.2713003941230738 ) ) ;
#2762 = CARTESIAN_POINT ( 'NONE',  ( -2.869699059645060668, -10.98278256622556803, 210.8486826119795126 ) ) ;
#2763 = CARTESIAN_POINT ( 'NONE',  ( 3.637487486298615735, -7.987049024853174473, 20.03261628208906941 ) ) ;
#2764 = SPHERICAL_SURFACE ( 'NONE', #248, 1.500000000000000000 ) ;
#2765 = SPHERICAL_SURFACE ( 'NONE', #2167, 1.500000000000000000 ) ;
#2766 = AXIS2_PLACEMENT_3D ( 'NONE', #7349, #7, #4224 ) ;
#2767 = CIRCLE ( 'NONE', #3898, 1.500000000000000000 ) ;
#2768 = DIRECTION ( 'NONE',  ( -0.000000000000000000, 0.000000000000000000, 1.000000000000000000 ) ) ;
#2769 = EDGE_LOOP ( 'NONE', ( #5350, #2873, #3976, #6231, #4768 ) ) ;
#2770 = ORIENTED_EDGE ( 'NONE', *, *, #2207, .T. ) ;
#2771 = CARTESIAN_POINT ( 'NONE',  ( -4.000000000000000000, 3.500000000000000000, 210.0000000000000284 ) ) ;
#2772 = LINE ( 'NONE', #5731, #327 ) ;
#2773 = FACE_OUTER_BOUND ( 'NONE', #2441, .T. ) ;
#2774 = CARTESIAN_POINT ( 'NONE',  ( -3.030207851818795373, -7.446698817856566954, 209.6608814015546329 ) ) ;
#2775 = EDGE_CURVE ( 'NONE', #1207, #947, #6369, .T. ) ;
#2776 = ORIENTED_EDGE ( 'NONE', *, *, #2934, .T. ) ;
#2777 = CARTESIAN_POINT ( 'NONE',  ( -2.141150823014549065, -11.50000000000000000, 19.71705185603904198 ) ) ;
#2778 = ORIENTED_EDGE ( 'NONE', *, *, #6786, .T. ) ;
#2779 = CARTESIAN_POINT ( 'NONE',  ( -2.499999999999998224, -7.100469468046932242, 21.49999999999998934 ) ) ;
#2780 = EDGE_CURVE ( 'NONE', #722, #5993, #4098, .T. ) ;
#2781 = AXIS2_PLACEMENT_3D ( 'NONE', #3060, #3015, #17 ) ;
#2782 = CARTESIAN_POINT ( 'NONE',  ( -2.918242727423030480, -10.96606402761470633, 210.8414537854017681 ) ) ;
#2783 = CARTESIAN_POINT ( 'NONE',  ( 2.913626296308029939, -10.97007306885249989, 210.8470045602167318 ) ) ;
#2784 = EDGE_CURVE ( 'NONE', #5167, #5473, #5690, .T. ) ;
#2785 = FACE_OUTER_BOUND ( 'NONE', #4589, .T. ) ;
#2786 = FACE_OUTER_BOUND ( 'NONE', #5618, .T. ) ;
#2787 = DIRECTION ( 'NONE',  ( 0.000000000000000000, 0.000000000000000000, 1.000000000000000000 ) ) ;
#2788 = EDGE_LOOP ( 'NONE', ( #4729, #1044, #474, #5042 ) ) ;
#2789 = EDGE_CURVE ( 'NONE', #5164, #6347, #2590, .T. ) ;
#2790 = ADVANCED_FACE ( 'NONE', ( #4891 ), #764, .T. ) ;
#2791 = CIRCLE ( 'NONE', #6825, 0.9999999999999997780 ) ;
#2792 = CARTESIAN_POINT ( 'NONE',  ( -1.713596598659148373, -11.37521884866001010, 0.8922105930356023507 ) ) ;
#2793 = CARTESIAN_POINT ( 'NONE',  ( 2.262328429446826217, -11.22058260838424992, 19.42379274940083178 ) ) ;
#2794 = DIRECTION ( 'NONE',  ( 1.000000000000000000, 0.000000000000000000, 0.000000000000000000 ) ) ;
#2795 = CARTESIAN_POINT ( 'NONE',  ( -2.783601831029458573, -11.15802674518615412, 211.3905846847521559 ) ) ;
#2796 = VERTEX_POINT ( 'NONE', #2532 ) ;
#2797 = CIRCLE ( 'NONE', #1040, 7.500000000000000000 ) ;
#2798 = ORIENTED_EDGE ( 'NONE', *, *, #1256, .T. ) ;
#2799 = DIRECTION ( 'NONE',  ( 0.000000000000000000, -1.000000000000000000, 0.000000000000000000 ) ) ;
#2800 = CARTESIAN_POINT ( 'NONE',  ( -2.199757745957520605, -11.21539402133876706, 210.2704720765966613 ) ) ;
#2801 = CARTESIAN_POINT ( 'NONE',  ( -2.753267882889857354, -11.00282218267088652, 210.8070709876309934 ) ) ;
#2802 = CARTESIAN_POINT ( 'NONE',  ( 2.518171092448020509, -7.112413845937663126, 21.22698553717751579 ) ) ;
#2803 = EDGE_CURVE ( 'NONE', #6494, #3954, #5312, .T. ) ;
#2804 = CARTESIAN_POINT ( 'NONE',  ( -16.66532048819021838, 12.22641929943638317, 220.8940198975054727 ) ) ;
#2805 = CARTESIAN_POINT ( 'NONE',  ( -2.197906761364937012, -11.21625041163191838, 19.74465873731103827 ) ) ;
#2806 = CARTESIAN_POINT ( 'NONE',  ( 23.50000000000000000, 20.99999999999999645, 19.99999999999998934 ) ) ;
#2807 = ORIENTED_EDGE ( 'NONE', *, *, #4515, .T. ) ;
#2808 = ORIENTED_EDGE ( 'NONE', *, *, #7464, .F. ) ;
#2809 = CIRCLE ( 'NONE', #1304, 10.00000000000000000 ) ;
#2810 = CARTESIAN_POINT ( 'NONE',  ( 2.195117750899709286, -11.21889634979524963, 210.2279694068549247 ) ) ;
#2811 = DIRECTION ( 'NONE',  ( 0.000000000000000000, 0.000000000000000000, 1.000000000000000000 ) ) ;
#2812 = CARTESIAN_POINT ( 'NONE',  ( 5.000000000000025757, 3.500000000000000000, 6.162833401496582711E-16 ) ) ;
#2813 = CARTESIAN_POINT ( 'NONE',  ( -3.999999999999998224, -8.062257748298549132, 210.0000000000000284 ) ) ;
#2814 = CARTESIAN_POINT ( 'NONE',  ( 3.999999999999999112, 3.500000000000000000, 208.5000000000000284 ) ) ;
#2815 = AXIS2_PLACEMENT_3D ( 'NONE', #421, #5744, #3263 ) ;
#2816 = ORIENTED_EDGE ( 'NONE', *, *, #5577, .F. ) ;
#2817 = CARTESIAN_POINT ( 'NONE',  ( -3.331843155858244643, -7.176336952273741687, 20.46275007716518601 ) ) ;
#2818 = CARTESIAN_POINT ( 'NONE',  ( 23.50000000000000000, 13.72641929943638139, 210.0000000000000284 ) ) ;
#2819 = CARTESIAN_POINT ( 'NONE',  ( 1.000000000000001554, -9.949874371066199430, 230.0000000000000000 ) ) ;
#2820 = DIRECTION ( 'NONE',  ( 0.000000000000000000, 0.000000000000000000, -1.000000000000000000 ) ) ;
#2821 = CARTESIAN_POINT ( 'NONE',  ( -2.395638249639976625, -10.95575047911299116, 210.3084286554810376 ) ) ;
#2822 = CYLINDRICAL_SURFACE ( 'NONE', #7137, 2.499999999999998668 ) ;
#2823 = ORIENTED_EDGE ( 'NONE', *, *, #5723, .T. ) ;
#2824 = VERTEX_POINT ( 'NONE', #3206 ) ;
#2825 = EDGE_CURVE ( 'NONE', #2312, #1207, #5053, .T. ) ;
#2826 = VERTEX_POINT ( 'NONE', #5600 ) ;
#2827 = CARTESIAN_POINT ( 'NONE',  ( -1.938381573690932447, -10.93398477842180050, 0.4198983125234566072 ) ) ;
#2828 = EDGE_CURVE ( 'NONE', #2845, #2796, #5239, .T. ) ;
#2829 = PLANE ( 'NONE',  #3894 ) ;
#2830 = CARTESIAN_POINT ( 'NONE',  ( -2.768558174104209790, -11.14786058975120397, 228.7307549288337896 ) ) ;
#2831 = CARTESIAN_POINT ( 'NONE',  ( 2.788565904511902449, -10.98150702623070352, 19.19653119585029799 ) ) ;
#2832 = CARTESIAN_POINT ( 'NONE',  ( -2.537040032590592631, -11.02361019465074499, 210.7509167110354724 ) ) ;
#2833 = ORIENTED_EDGE ( 'NONE', *, *, #7221, .T. ) ;
#2834 = EDGE_LOOP ( 'NONE', ( #4786, #6376, #3988 ) ) ;
#2835 = EDGE_CURVE ( 'NONE', #1506, #4625, #3052, .T. ) ;
#2836 = CARTESIAN_POINT ( 'NONE',  ( -16.66532048819021838, 6.010389983400267866, 211.5000000000000284 ) ) ;
#2837 = CARTESIAN_POINT ( 'NONE',  ( -2.287624578258689034, -11.23738759986178160, 19.29112396529622941 ) ) ;
#2838 = CARTESIAN_POINT ( 'NONE',  ( -2.785212617567707216, -10.96778989773515534, 210.7568559885351931 ) ) ;
#2839 = CARTESIAN_POINT ( 'NONE',  ( 2.957073246022271729, -7.399239093525755706, 20.40311557878494497 ) ) ;
#2840 = DIRECTION ( 'NONE',  ( 1.232566680299310083E-16, 0.000000000000000000, 1.000000000000000000 ) ) ;
#2841 = CARTESIAN_POINT ( 'NONE',  ( 2.345405229801949432, -11.34536861541392838, 19.99999999999998934 ) ) ;
#2842 = DIRECTION ( 'NONE',  ( -1.000000000000000000, -5.782411586589356653E-16, 0.000000000000000000 ) ) ;
#2843 = ORIENTED_EDGE ( 'NONE', *, *, #4178, .F. ) ;
#2844 = AXIS2_PLACEMENT_3D ( 'NONE', #4377, #4455, #3788 ) ;
#2845 = VERTEX_POINT ( 'NONE', #7384 ) ;
#2846 = EDGE_CURVE ( 'NONE', #1950, #6339, #878, .T. ) ;
#2847 = AXIS2_PLACEMENT_3D ( 'NONE', #2406, #6590, #1182 ) ;
#2848 = LINE ( 'NONE', #7665, #6451 ) ;
#2849 = AXIS2_PLACEMENT_3D ( 'NONE', #2096, #4496, #1507 ) ;
#2850 = CARTESIAN_POINT ( 'NONE',  ( -3.779976637959937324, -9.922438674644840972, 19.86675258756314477 ) ) ;
#2851 = CARTESIAN_POINT ( 'NONE',  ( -1.009819514568957910, -10.02945854370688217, 230.0000000000000284 ) ) ;
#2852 = CARTESIAN_POINT ( 'NONE',  ( 0.000000000000000000, 22.50000000000000000, 19.99999999999998934 ) ) ;
#2853 = AXIS2_PLACEMENT_3D ( 'NONE', #1840, #4239, #5508 ) ;
#2854 = VECTOR ( 'NONE', #5923, 1000.000000000000000 ) ;
#2855 = ORIENTED_EDGE ( 'NONE', *, *, #4988, .F. ) ;
#2856 = CARTESIAN_POINT ( 'NONE',  ( -2.556622625069652432, -7.758141882992429572, 21.07819619216872553 ) ) ;
#2857 =( BOUNDED_SURFACE ( )  B_SPLINE_SURFACE ( 3, 2, ( 
 ( #3012, #4152, #7160 ),
 ( #5930, #2387, #1873 ),
 ( #6089, #7197, #1162 ),
 ( #5499, #1795, #4232 ),
 ( #1121, #15, #695 ),
 ( #94, #3560, #2505 ),
 ( #4191, #574, #6607 ),
 ( #6646, #6527, #5381 ),
 ( #6007, #7114, #3525 ),
 ( #2935, #1240, #5345 ),
 ( #3641, #6048, #3057 ),
 ( #7752, #5457, #2343 ),
 ( #4428, #5539, #5692 ),
 ( #6724, #773, #4306 ),
 ( #3836, #7397, #1400 ),
 ( #3180, #3760, #5572 ) ),
 .UNSPECIFIED., .F., .F., .T. ) 
 B_SPLINE_SURFACE_WITH_KNOTS ( ( 4, 2, 2, 2, 2, 2, 2, 4 ),
 ( 3, 3 ),
 ( 3.211948935988306886E-18, 0.0003033172693678321810, 0.0006066345387356611094, 0.001213269077471318966, 0.002426538154942634896, 0.003033172693678292536, 0.003639807232413950610, 0.004853076309885266323 ),
 ( 0.000000000000000000, 1.000000000000000000 ),
 .UNSPECIFIED. ) 
 GEOMETRIC_REPRESENTATION_ITEM ( )  RATIONAL_B_SPLINE_SURFACE ( (
 ( 1.000000000000000000, 0.9997586081349887355, 1.000000000000000000),
 ( 1.000000000000000000, 0.9996119229301644316, 1.000000000000000000),
 ( 1.000000000000000000, 0.9994594527142722784, 1.000000000000000000),
 ( 1.000000000000000000, 0.9991183562508080263, 1.000000000000000000),
 ( 1.000000000000000000, 0.9989306956996517606, 1.000000000000000000),
 ( 1.000000000000000000, 0.9983102409495433482, 1.000000000000000000),
 ( 1.000000000000000000, 0.9978198606525815473, 1.000000000000000000),
 ( 1.000000000000000000, 0.9961192906481818321, 1.000000000000000000),
 ( 1.000000000000000000, 0.9947325912222365618, 1.000000000000000000),
 ( 1.000000000000000000, 0.9925514022645488543, 1.000000000000000000),
 ( 1.000000000000000000, 0.9918153774242080001, 1.000000000000000000),
 ( 1.000000000000000000, 0.9904352244278109563, 1.000000000000000000),
 ( 1.000000000000000000, 0.9897822521112694671, 1.000000000000000000),
 ( 1.000000000000000000, 0.9880558201928195672, 1.000000000000000000),
 ( 1.000000000000000000, 0.9872953779351608672, 1.000000000000000000),
 ( 1.000000000000000000, 0.9873019781227611036, 1.000000000000000000) ) ) 
 REPRESENTATION_ITEM ( '' )  SURFACE ( )  );
#2858 = CARTESIAN_POINT ( 'NONE',  ( -2.916053865331224237, -10.96610262095090960, 210.8403617687662575 ) ) ;
#2859 = CARTESIAN_POINT ( 'NONE',  ( 1.000000000000000888, -7.071067811865475505, 1.500000000000001332 ) ) ;
#2860 = CARTESIAN_POINT ( 'NONE',  ( -5.999999999999996447, 3.605551275463993566, 208.5000000000000284 ) ) ;
#2861 = CARTESIAN_POINT ( 'NONE',  ( 1.178953665350851887, -10.04475146836838917, 0.003678187927597015121 ) ) ;
#2862 = DIRECTION ( 'NONE',  ( 0.000000000000000000, 1.000000000000000000, -0.000000000000000000 ) ) ;
#2863 = VERTEX_POINT ( 'NONE', #1428 ) ;
#2864 = ORIENTED_EDGE ( 'NONE', *, *, #7657, .T. ) ;
#2865 = EDGE_LOOP ( 'NONE', ( #5116, #1836, #6899, #5502, #3436, #3651 ) ) ;
#2866 = CARTESIAN_POINT ( 'NONE',  ( -2.428813438387124712, -10.91496503487828562, 229.4289365791992168 ) ) ;
#2867 = DIRECTION ( 'NONE',  ( 1.000000000000000000, 0.000000000000000000, 0.000000000000000000 ) ) ;
#2868 = CARTESIAN_POINT ( 'NONE',  ( -1.058925609425700687, -10.05892560942569958, 229.9991311889621670 ) ) ;
#2869 = CARTESIAN_POINT ( 'NONE',  ( -3.088235294117644081, -6.834676493307205725, 21.39998589472099866 ) ) ;
#2870 = CARTESIAN_POINT ( 'NONE',  ( 1.592666253444659841, -10.33519230387241983, 0.06887305434031523732 ) ) ;
#2871 = AXIS2_PLACEMENT_3D ( 'NONE', #3223, #703, #1330 ) ;
#2872 = MECHANICAL_DESIGN_GEOMETRIC_PRESENTATION_REPRESENTATION (  '', ( #1497 ), #5147 ) ;
#2873 = ORIENTED_EDGE ( 'NONE', *, *, #3309, .T. ) ;
#2874 = DIRECTION ( 'NONE',  ( -0.000000000000000000, 0.000000000000000000, 1.000000000000000000 ) ) ;
#2875 = DIRECTION ( 'NONE',  ( -2.937598842601849298E-16, 1.000000000000000000, 0.000000000000000000 ) ) ;
#2876 = CARTESIAN_POINT ( 'NONE',  ( -2.649581845425728943, -10.98289169340152682, 210.6568211737432819 ) ) ;
#2877 = DIRECTION ( 'NONE',  ( -1.000000000000000000, 2.081331949859378477E-16, -0.000000000000000000 ) ) ;
#2878 = CARTESIAN_POINT ( 'NONE',  ( 10.81795374094970263, 3.901522377056461099, 19.99999999999998934 ) ) ;
#2879 = EDGE_CURVE ( 'NONE', #1418, #3361, #1263, .T. ) ;
#2880 = CARTESIAN_POINT ( 'NONE',  ( -2.790820123579582646, -10.98415299883941287, 19.19004596644001026 ) ) ;
#2881 = CARTESIAN_POINT ( 'NONE',  ( -1.001793612209376905, -9.953117551954903774, 230.0000000000000000 ) ) ;
#2882 = ORIENTED_EDGE ( 'NONE', *, *, #860, .T. ) ;
#2883 = ORIENTED_EDGE ( 'NONE', *, *, #2156, .T. ) ;
#2884 = CIRCLE ( 'NONE', #7299, 1.500000000000000222 ) ;
#2885 = CARTESIAN_POINT ( 'NONE',  ( 2.260849827459193495, -11.21912805268647872, 210.5668268187546914 ) ) ;
#2886 = CIRCLE ( 'NONE', #504, 1.500000000000000000 ) ;
#2887 = AXIS2_PLACEMENT_3D ( 'NONE', #4966, #3160, #7256 ) ;
#2888 = CARTESIAN_POINT ( 'NONE',  ( -3.278343447523960563, -10.70710422619728952, 19.42234600421937429 ) ) ;
#2889 = CARTESIAN_POINT ( 'NONE',  ( -3.141262284150032169, -6.910011285156354433, 209.0234617699196065 ) ) ;
#2890 = EDGE_CURVE ( 'NONE', #6392, #6964, #1385, .T. ) ;
#2891 = CARTESIAN_POINT ( 'NONE',  ( -2.087980837776783449, -11.50000000000003197, 18.87407492058641267 ) ) ;
#2892 = ORIENTED_EDGE ( 'NONE', *, *, #3843, .F. ) ;
#2893 = CARTESIAN_POINT ( 'NONE',  ( 2.100967893027706257, -11.49999999999999822, 211.4228831308082022 ) ) ;
#2894 = CARTESIAN_POINT ( 'NONE',  ( -2.888754125648239413, -10.95863151810734593, 210.8110123337270636 ) ) ;
#2895 = PRODUCT ( 'barre cintre', 'barre cintre', '', ( #949 ) ) ;
#2896 = CARTESIAN_POINT ( 'NONE',  ( 2.913626296308030827, -10.97007306885250344, 210.8470045602166749 ) ) ;
#2897 = CARTESIAN_POINT ( 'NONE',  ( 2.693162936053683065, -7.787435082065083947, 20.73761641301818415 ) ) ;
#2898 = CARTESIAN_POINT ( 'NONE',  ( -1.811221830515596709, -11.50000000000000000, 211.5000000000000284 ) ) ;
#2899 = CARTESIAN_POINT ( 'NONE',  ( -3.015662957010257550, -7.856150242795996164, 209.6360928793486096 ) ) ;
#2900 = ORIENTED_EDGE ( 'NONE', *, *, #7375, .T. ) ;
#2901 = ORIENTED_EDGE ( 'NONE', *, *, #3174, .F. ) ;
#2902 = ORIENTED_EDGE ( 'NONE', *, *, #2775, .T. ) ;
#2903 = CARTESIAN_POINT ( 'NONE',  ( -2.552965929538088208, -11.00042166986314740, 229.2672188837758824 ) ) ;
#2904 = CYLINDRICAL_SURFACE ( 'NONE', #4141, 6.216029316036115304 ) ;
#2905 = CARTESIAN_POINT ( 'NONE',  ( -2.711207828706864831, -11.10884080585412903, 228.9516489811472582 ) ) ;
#2906 = CARTESIAN_POINT ( 'NONE',  ( -3.201560459259288116, -6.995091175805938200, 20.73803987086457923 ) ) ;
#2907 = CARTESIAN_POINT ( 'NONE',  ( 2.243566475676910699, -11.21053819097659776, 19.51830993768326294 ) ) ;
#2908 = VECTOR ( 'NONE', #2336, 1000.000000000000000 ) ;
#2909 = EDGE_LOOP ( 'NONE', ( #2988, #3725, #3427, #7458 ) ) ;
#2910 = CARTESIAN_POINT ( 'NONE',  ( -2.345405229801952096, -11.34536861541392483, 228.5000000000000000 ) ) ;
#2911 = FACE_OUTER_BOUND ( 'NONE', #1740, .T. ) ;
#2912 = AXIS2_PLACEMENT_3D ( 'NONE', #3294, #4910, #1321 ) ;
#2913 = CARTESIAN_POINT ( 'NONE',  ( 2.259146911796279245, -11.21641735621401992, 19.44716065125336613 ) ) ;
#2914 = CARTESIAN_POINT ( 'NONE',  ( 3.559563698581635904, -7.486871765793638112, 20.16568555786869155 ) ) ;
#2915 = CARTESIAN_POINT ( 'NONE',  ( -2.289949931595689936, -11.24095939509570563, 210.7237733393260157 ) ) ;
#2916 = ADVANCED_FACE ( 'NONE', ( #2610 ), #4297, .T. ) ;
#2917 = CARTESIAN_POINT ( 'NONE',  ( -4.000000000000000000, 3.500000000000000000, 209.5000000000000284 ) ) ;
#2918 = CARTESIAN_POINT ( 'NONE',  ( -2.913626296284714368, -10.97007306887226008, 19.15299543975615393 ) ) ;
#2919 = CARTESIAN_POINT ( 'NONE',  ( -1.005380834600922979, -9.959603910066741506, 229.9999903488419761 ) ) ;
#2920 = ORIENTED_EDGE ( 'NONE', *, *, #5156, .T. ) ;
#2921 = ORIENTED_EDGE ( 'NONE', *, *, #4462, .F. ) ;
#2922 = DIRECTION ( 'NONE',  ( 0.000000000000000000, 0.000000000000000000, -1.000000000000000000 ) ) ;
#2923 = ADVANCED_FACE ( 'NONE', ( #6832 ), #121, .T. ) ;
#2924 = EDGE_CURVE ( 'NONE', #5443, #5714, #5017, .T. ) ;
#2925 = CARTESIAN_POINT ( 'NONE',  ( 2.258538967529285291, -11.21696332643338501, 210.5529062952297465 ) ) ;
#2926 = EDGE_CURVE ( 'NONE', #5351, #1714, #6121, .T. ) ;
#2927 = CARTESIAN_POINT ( 'NONE',  ( -2.491025518355635349, -10.65166214221060415, 21.05503264221285065 ) ) ;
#2928 = DIRECTION ( 'NONE',  ( 0.000000000000000000, 0.000000000000000000, 1.000000000000000000 ) ) ;
#2929 = DIRECTION ( 'NONE',  ( -2.081331949859377984E-16, -1.000000000000000000, 0.000000000000000000 ) ) ;
#2930 = CARTESIAN_POINT ( 'NONE',  ( -2.362115280127401018, -11.08739438633201324, 19.49421515105746039 ) ) ;
#2931 = EDGE_CURVE ( 'NONE', #4750, #7363, #5751, .T. ) ;
#2932 = CARTESIAN_POINT ( 'NONE',  ( 16.66532048819021838, 12.22641929943638317, 219.1059801024945841 ) ) ;
#2933 = CARTESIAN_POINT ( 'NONE',  ( 1.764676098607047106, -11.50000000000000000, 211.2286507806742861 ) ) ;
#2934 = EDGE_CURVE ( 'NONE', #6314, #3808, #7767, .T. ) ;
#2935 = CARTESIAN_POINT ( 'NONE',  ( -2.357704233903860747, -10.86594856270330212, 0.4960669644380908960 ) ) ;
#2936 = CARTESIAN_POINT ( 'NONE',  ( -1.034095312463369831, -10.01136510415443226, 0.0003875468415110057407 ) ) ;
#2937 = CARTESIAN_POINT ( 'NONE',  ( 23.50000000000000000, 20.99999999999999645, 18.49999999999998934 ) ) ;
#2938 = AXIS2_PLACEMENT_3D ( 'NONE', #7639, #2820, #5228 ) ;
#2939 = FACE_OUTER_BOUND ( 'NONE', #6674, .T. ) ;
#2940 = ORIENTED_EDGE ( 'NONE', *, *, #6908, .T. ) ;
#2941 = AXIS2_PLACEMENT_3D ( 'NONE', #4678, #469, #3457 ) ;
#2942 = ORIENTED_EDGE ( 'NONE', *, *, #2825, .T. ) ;
#2943 = ORIENTED_EDGE ( 'NONE', *, *, #334, .T. ) ;
#2944 = CARTESIAN_POINT ( 'NONE',  ( -1.848019505122683759, -10.51341996701547110, 229.8429747176036813 ) ) ;
#2945 = EDGE_CURVE ( 'NONE', #5462, #7283, #1030, .T. ) ;
#2946 = CARTESIAN_POINT ( 'NONE',  ( 1.811221830515586495, -10.49999999999999645, 210.0000000000000284 ) ) ;
#2947 = CARTESIAN_POINT ( 'NONE',  ( 2.268002699949951850, -11.15508069110988920, 210.3267869593545356 ) ) ;
#2948 = DIRECTION ( 'NONE',  ( -1.000000000000000000, 0.000000000000000000, 0.000000000000000000 ) ) ;
#2949 = CARTESIAN_POINT ( 'NONE',  ( 2.237874140727173167, -11.20884118695638421, 19.54539099104223254 ) ) ;
#2950 = ORIENTED_EDGE ( 'NONE', *, *, #7129, .T. ) ;
#2951 = CARTESIAN_POINT ( 'NONE',  ( 2.621968475617144634, -10.25210730543418869, 19.98912768241948612 ) ) ;
#2952 = DIRECTION ( 'NONE',  ( -1.000000000000000000, 0.000000000000000000, 0.000000000000000000 ) ) ;
#2953 = CARTESIAN_POINT ( 'NONE',  ( 2.194994261698583582, -11.21901528231745004, 19.77292240503174980 ) ) ;
#2954 = DIRECTION ( 'NONE',  ( -2.937598842601849298E-16, 1.000000000000000000, -0.000000000000000000 ) ) ;
#2955 = DIRECTION ( 'NONE',  ( 0.000000000000000000, -0.000000000000000000, -1.000000000000000000 ) ) ;
#2956 = DIRECTION ( 'NONE',  ( 1.000000000000000000, 0.000000000000000000, 0.000000000000000000 ) ) ;
#2957 = CARTESIAN_POINT ( 'NONE',  ( -2.327483057798716448, -11.12258596054232918, 19.56749257596964853 ) ) ;
#2958 = CARTESIAN_POINT ( 'NONE',  ( -2.436102198509300543, -10.85801762941322579, 209.2788948277667771 ) ) ;
#2959 = EDGE_LOOP ( 'NONE', ( #3825, #6831, #7749, #3419 ) ) ;
#2960 = EDGE_CURVE ( 'NONE', #630, #1654, #7653, .T. ) ;
#2961 = ORIENTED_EDGE ( 'NONE', *, *, #718, .T. ) ;
#2962 = ADVANCED_FACE ( 'NONE', ( #5874 ), #356, .F. ) ;
#2963 = DIRECTION ( 'NONE',  ( -0.000000000000000000, 1.000000000000000000, -0.000000000000000000 ) ) ;
#2964 = CARTESIAN_POINT ( 'NONE',  ( 2.263730952630000459, -11.21704767520349222, 210.5686100211783298 ) ) ;
#2965 = CARTESIAN_POINT ( 'NONE',  ( 23.50000000000000000, 20.99999999999999645, 18.49999999999998934 ) ) ;
#2966 = CARTESIAN_POINT ( 'NONE',  ( 2.999999999999996891, 6.324555320336759934, 20.49999999999998934 ) ) ;
#2967 = FACE_OUTER_BOUND ( 'NONE', #5506, .T. ) ;
#2968 = CARTESIAN_POINT ( 'NONE',  ( 4.000000000000000888, -7.745966692414834043, 210.0000000000000284 ) ) ;
#2969 = CARTESIAN_POINT ( 'NONE',  ( 4.000000000000001776, -9.165151389911681434, 21.49999999999998934 ) ) ;
#2970 = CARTESIAN_POINT ( 'NONE',  ( -2.548967478572889078, -7.756496795787902521, 21.10718002480579969 ) ) ;
#2971 = CARTESIAN_POINT ( 'NONE',  ( 2.275780596511000287, -11.19351146261751850, 19.47112435602119973 ) ) ;
#2972 = CARTESIAN_POINT ( 'NONE',  ( 0.000000000000000000, 0.000000000000000000, 18.49999999999998934 ) ) ;
#2973 = CARTESIAN_POINT ( 'NONE',  ( 3.015662957010259770, -7.856150242795989058, 20.36390712065142594 ) ) ;
#2974 = CARTESIAN_POINT ( 'NONE',  ( -2.371978146482383920, -11.04046570376905656, 210.4297937857258205 ) ) ;
#2975 = CARTESIAN_POINT ( 'NONE',  ( -1.311692148438628136, -10.13778014480341838, 0.01439639205410837668 ) ) ;
#2976 = ORIENTED_EDGE ( 'NONE', *, *, #3075, .T. ) ;
#2977 = TOROIDAL_SURFACE ( 'NONE', #5371, 9.000000000000000000, 1.500000000000000000 ) ;
#2978 = CIRCLE ( 'NONE', #5497, 1.500000000000001332 ) ;
#2979 = ORIENTED_EDGE ( 'NONE', *, *, #4945, .T. ) ;
#2980 = ORIENTED_EDGE ( 'NONE', *, *, #5734, .T. ) ;
#2981 = CARTESIAN_POINT ( 'NONE',  ( -1.652682079822645811, -10.37722091429430016, 229.9143903559574653 ) ) ;
#2982 = AXIS2_PLACEMENT_3D ( 'NONE', #1700, #7104, #3087 ) ;
#2983 = DIRECTION ( 'NONE',  ( -0.000000000000000000, 1.000000000000000000, -0.000000000000000000 ) ) ;
#2984 = CARTESIAN_POINT ( 'NONE',  ( 2.342351846569641349, -11.12242555609552142, 210.4795334537562326 ) ) ;
#2985 = TOROIDAL_SURFACE ( 'NONE', #3116, 8.000000000000000000, 0.5000000000000000000 ) ;
#2986 = CARTESIAN_POINT ( 'NONE',  ( 2.769951441117080915, -10.96466393113446003, 19.24007746029097277 ) ) ;
#2987 = CARTESIAN_POINT ( 'NONE',  ( 2.249450762273373705, -11.21287248844989470, 19.48974552012664319 ) ) ;
#2988 = ORIENTED_EDGE ( 'NONE', *, *, #3753, .T. ) ;
#2989 = DIRECTION ( 'NONE',  ( 1.000000000000000000, 0.000000000000000000, 0.000000000000000000 ) ) ;
#2990 = DIRECTION ( 'NONE',  ( 1.000000000000000000, 0.000000000000000000, 0.000000000000000000 ) ) ;
#2991 = CARTESIAN_POINT ( 'NONE',  ( -2.378505922421372265, -11.13967233492724951, 19.37541598235986484 ) ) ;
#2992 = CARTESIAN_POINT ( 'NONE',  ( -23.50000000000000000, 13.72641929943638139, 211.5000000000000284 ) ) ;
#2993 = PLANE ( 'NONE',  #2474 ) ;
#2994 = AXIS2_PLACEMENT_3D ( 'NONE', #7136, #2875, #5986 ) ;
#2995 = DIRECTION ( 'NONE',  ( -0.000000000000000000, -0.000000000000000000, -1.000000000000000000 ) ) ;
#2996 = CARTESIAN_POINT ( 'NONE',  ( -2.771674078195847990, -10.96632798894221494, 19.23583699909635314 ) ) ;
#2997 = CARTESIAN_POINT ( 'NONE',  ( -1.016460435411185470, -9.964757506435079293, 229.9999999999154454 ) ) ;
#2998 = CIRCLE ( 'NONE', #6658, 6.216029316036113528 ) ;
#2999 = ORIENTED_EDGE ( 'NONE', *, *, #4178, .T. ) ;
#3000 = ORIENTED_EDGE ( 'NONE', *, *, #6254, .F. ) ;
#3001 = LINE ( 'NONE', #5486, #3865 ) ;
#3002 = CARTESIAN_POINT ( 'NONE',  ( 2.261209696428074345, -11.21886768216231012, 210.5670497245826880 ) ) ;
#3003 = CARTESIAN_POINT ( 'NONE',  ( 3.500000000000000444, -7.745966692414833155, 208.5000000000000284 ) ) ;
#3004 = B_SPLINE_CURVE_WITH_KNOTS ( 'NONE', 3,
 ( #1001, #2881, #2291, #2919, #5292, #6365, #7624 ),
 .UNSPECIFIED., .F., .F.,
 ( 4, 3, 4 ),
 ( -1.111833635533809043E-05, 0.000000000000000000, 5.919362514187406500E-05 ),
 .UNSPECIFIED. ) ;
#3005 = CARTESIAN_POINT ( 'NONE',  ( -23.50000000000000000, 13.72641929943638139, 1.500000000000001332 ) ) ;
#3006 = CARTESIAN_POINT ( 'NONE',  ( 1.066108538872831968, -10.00470321773549642, 229.9988804514424885 ) ) ;
#3007 = CARTESIAN_POINT ( 'NONE',  ( -1.811221830515577613, -10.50000000000000000, 1.500000000000001332 ) ) ;
#3008 = CIRCLE ( 'NONE', #628, 1.500000000000001332 ) ;
#3009 = CARTESIAN_POINT ( 'NONE',  ( 1.000000000000001554, -9.949874371066199430, 230.0000000000000000 ) ) ;
#3010 = CARTESIAN_POINT ( 'NONE',  ( -2.499999999999998668, -7.745966692414836707, 21.39987965671770809 ) ) ;
#3011 = CARTESIAN_POINT ( 'NONE',  ( 2.199740695547227176, -11.21461610460438330, 19.75583181600049798 ) ) ;
#3012 = CARTESIAN_POINT ( 'NONE',  ( -1.120722134089898514, -10.00775315811149113, 0.001648733205187463691 ) ) ;
#3013 = DIRECTION ( 'NONE',  ( -2.081331949859378477E-16, -1.000000000000000000, 0.000000000000000000 ) ) ;
#3014 = CARTESIAN_POINT ( 'NONE',  ( 1.080835404653051279, -10.01630827036736093, 0.001693390981040932431 ) ) ;
#3015 = DIRECTION ( 'NONE',  ( -1.000000000000000000, -0.000000000000000000, -0.000000000000000000 ) ) ;
#3016 = ORIENTED_EDGE ( 'NONE', *, *, #6466, .T. ) ;
#3017 = CIRCLE ( 'NONE', #4023, 10.00000000000000000 ) ;
#3018 = ORIENTED_EDGE ( 'NONE', *, *, #1438, .T. ) ;
#3019 = CIRCLE ( 'NONE', #635, 1.500000000000001332 ) ;
#3020 = ORIENTED_EDGE ( 'NONE', *, *, #6424, .T. ) ;
#3021 = CARTESIAN_POINT ( 'NONE',  ( -2.504339613364156669, -11.18220775738763351, 228.8704456220928023 ) ) ;
#3022 = ADVANCED_FACE ( 'NONE', ( #5800 ), #2977, .F. ) ;
#3023 = DIRECTION ( 'NONE',  ( -1.000000000000000000, -0.000000000000000000, -0.000000000000000000 ) ) ;
#3024 = CARTESIAN_POINT ( 'NONE',  ( 2.329976927326182334, -11.16776907422769760, 210.5973954183638170 ) ) ;
#3025 = EDGE_CURVE ( 'NONE', #1027, #6811, #7394, .T. ) ;
#3026 = CARTESIAN_POINT ( 'NONE',  ( -1.029454293934197517, -10.00981809797805688, 1.356258935951247990E-15 ) ) ;
#3027 = CARTESIAN_POINT ( 'NONE',  ( 2.644337071493621405, -10.98750281286224606, 19.31784252117403611 ) ) ;
#3028 = DIRECTION ( 'NONE',  ( 9.791996142006161452E-17, -1.000000000000000000, -0.000000000000000000 ) ) ;
#3029 = EDGE_CURVE ( 'NONE', #6945, #6314, #2684, .T. ) ;
#3030 = ORIENTED_EDGE ( 'NONE', *, *, #5059, .F. ) ;
#3031 = ORIENTED_EDGE ( 'NONE', *, *, #2612, .F. ) ;
#3032 = CARTESIAN_POINT ( 'NONE',  ( 2.538662399725209351, -10.03487109784171061, 20.04626064712159916 ) ) ;
#3033 = CARTESIAN_POINT ( 'NONE',  ( -1.811221830515597153, -11.50000000000000000, 211.5000000000000284 ) ) ;
#3034 = CARTESIAN_POINT ( 'NONE',  ( -1.563319643533817249, -11.13288284315400745, 0.5124560957716133291 ) ) ;
#3035 = CARTESIAN_POINT ( 'NONE',  ( 2.096363306622417877, -11.47988789296887013, 228.7655483058130130 ) ) ;
#3036 = LINE ( 'NONE', #3080, #5537 ) ;
#3037 = STYLED_ITEM ( 'NONE', ( #2489 ), #6946 ) ;
#3038 = CARTESIAN_POINT ( 'NONE',  ( -1.120722134059438435, -10.00775315809230470, 229.9983512667958792 ) ) ;
#3039 = CARTESIAN_POINT ( 'NONE',  ( -2.509086976587549866, -11.07422639101147865, 19.30758757104075940 ) ) ;
#3040 = CARTESIAN_POINT ( 'NONE',  ( -0.9999999999999981126, -10.00000000000000000, 0.000000000000000000 ) ) ;
#3041 = ORIENTED_EDGE ( 'NONE', *, *, #477, .T. ) ;
#3042 = ORIENTED_EDGE ( 'NONE', *, *, #1490, .T. ) ;
#3043 = CIRCLE ( 'NONE', #7073, 2.000000000000000000 ) ;
#3044 = DIRECTION ( 'NONE',  ( -1.000000000000000000, 0.000000000000000000, 0.000000000000000000 ) ) ;
#3045 = CARTESIAN_POINT ( 'NONE',  ( -2.613034206373129997, -11.04358681702107425, 210.7600047056917845 ) ) ;
#3046 = EDGE_CURVE ( 'NONE', #3845, #4913, #3605, .T. ) ;
#3047 = CARTESIAN_POINT ( 'NONE',  ( 0.000000000000000000, 0.000000000000000000, 21.49999999999999289 ) ) ;
#3048 = FACE_OUTER_BOUND ( 'NONE', #6013, .T. ) ;
#3049 = CARTESIAN_POINT ( 'NONE',  ( 1.215620681187983498, -10.20910667116579873, 0.01807510264561889082 ) ) ;
#3050 =( BOUNDED_SURFACE ( )  B_SPLINE_SURFACE ( 3, 2, ( 
 ( #5969, #4150, #3638 ),
 ( #6086, #2893, #52 ),
 ( #6604, #611, #5302 ),
 ( #2384, #7708, #5418 ),
 ( #2933, #1707, #2462 ),
 ( #3524, #7750, #5928 ),
 ( #11, #5342, #7233 ),
 ( #2339, #1829, #6643 ),
 ( #6567, #1238, #6046 ),
 ( #652, #3055, #1319 ),
 ( #3798, #733, #1358 ),
 ( #7315, #6839, #6204 ) ),
 .UNSPECIFIED., .F., .F., .F. ) 
 B_SPLINE_SURFACE_WITH_KNOTS ( ( 4, 2, 2, 2, 2, 4 ),
 ( 3, 3 ),
 ( 0.002957029567392821870, 0.003121725431392594931, 0.003286421295392368425, 0.003615813023391914981, 0.003945204751391461970, 0.004274596479391008091 ),
 ( 0.000000000000000000, 0.7401000607503416262 ),
 .UNSPECIFIED. ) 
 GEOMETRIC_REPRESENTATION_ITEM ( )  RATIONAL_B_SPLINE_SURFACE ( (
 ( 1.000000000000000000, 0.9472318180519490038, 0.9725711054347733198),
 ( 1.000000000000000000, 0.9472897886401476786, 0.9726012385394755544),
 ( 1.000000000000000000, 0.9446910347596154667, 0.9712504065881251147),
 ( 1.000000000000000000, 0.9357901428734018978, 0.9666237240671358144),
 ( 1.000000000000000000, 0.9295765941242387642, 0.9633939221822711563),
 ( 1.000000000000000000, 0.9083551042410462628, 0.9523629943194131808),
 ( 1.000000000000000000, 0.8910363945034339705, 0.9433607311020375530),
 ( 1.000000000000000000, 0.8572431490614348393, 0.9257950062271886882),
 ( 1.000000000000000000, 0.8406304916328074528, 0.9171597489142373494),
 ( 1.000000000000000000, 0.8100981671606772849, 0.9012890503633226302),
 ( 1.000000000000000000, 0.7960479517635115077, 0.8939857501069865542),
 ( 1.000000000000000000, 0.7832297109633024057, 0.8873228300964628446) ) ) 
 REPRESENTATION_ITEM ( '' )  SURFACE ( )  );
#3051 = CARTESIAN_POINT ( 'NONE',  ( -2.345536511397604329, -11.33782364721037261, 18.69301519448815796 ) ) ;
#3052 = B_SPLINE_CURVE_WITH_KNOTS ( 'NONE', 3,
 ( #5015, #6867, #838, #7425 ),
 .UNSPECIFIED., .F., .F.,
 ( 4, 4 ),
 ( 0.000000000000000000, 1.000000000000000000 ),
 .UNSPECIFIED. ) ;
#3053 = CIRCLE ( 'NONE', #4805, 6.216029316036115304 ) ;
#3054 = CARTESIAN_POINT ( 'NONE',  ( -2.855475879481486512, -11.04092019200060015, 19.02822961493176379 ) ) ;
#3055 = CARTESIAN_POINT ( 'NONE',  ( 2.118350510677911469, -11.49999999999993605, 210.3495728694014986 ) ) ;
#3056 = CARTESIAN_POINT ( 'NONE',  ( 2.214694234985540078, -11.20756420486062233, 19.66282179039209410 ) ) ;
#3057 = CARTESIAN_POINT ( 'NONE',  ( -2.098595159230955964, -11.10046762279004895, 0.6316032076242715787 ) ) ;
#3058 = CARTESIAN_POINT ( 'NONE',  ( 2.381397555903410623, -11.14198338142660205, 210.6374156426161903 ) ) ;
#3059 = CARTESIAN_POINT ( 'NONE',  ( 2.308545951444812339, -11.30825189176946211, 1.139495128542368896 ) ) ;
#3060 = CARTESIAN_POINT ( 'NONE',  ( -4.000000000000022204, 3.500000000000000000, 20.49999999999998934 ) ) ;
#3061 = ORIENTED_EDGE ( 'NONE', *, *, #1763, .T. ) ;
#3062 = ORIENTED_EDGE ( 'NONE', *, *, #6298, .T. ) ;
#3063 = EDGE_LOOP ( 'NONE', ( #1523, #1858, #3451, #2552 ) ) ;
#3064 = CYLINDRICAL_SURFACE ( 'NONE', #7268, 2.500000000000002220 ) ;
#3065 = AXIS2_PLACEMENT_3D ( 'NONE', #1332, #2594, #7329 ) ;
#3066 = DIRECTION ( 'NONE',  ( 0.000000000000000000, -0.000000000000000000, -1.000000000000000000 ) ) ;
#3067 = CARTESIAN_POINT ( 'NONE',  ( 2.292861017152088454, -11.15235469374143484, 210.4372165169550613 ) ) ;
#3068 = CARTESIAN_POINT ( 'NONE',  ( 2.500000000000002665, -10.57813932338276786, 208.8490449817574586 ) ) ;
#3069 = DIRECTION ( 'NONE',  ( 0.000000000000000000, 0.000000000000000000, -1.000000000000000000 ) ) ;
#3070 = CARTESIAN_POINT ( 'NONE',  ( 2.316121885406877912, -11.12204027705982057, 19.62693636349048276 ) ) ;
#3071 = DIRECTION ( 'NONE',  ( -0.000000000000000000, 0.000000000000000000, 1.000000000000000000 ) ) ;
#3072 = ORIENTED_EDGE ( 'NONE', *, *, #2207, .F. ) ;
#3073 = CIRCLE ( 'NONE', #5710, 1.500000000000000000 ) ;
#3074 = VECTOR ( 'NONE', #55, 1000.000000000000000 ) ;
#3075 = EDGE_CURVE ( 'NONE', #5465, #5127, #4862, .T. ) ;
#3076 = EDGE_CURVE ( 'NONE', #1714, #6356, #7519, .T. ) ;
#3077 = ORIENTED_EDGE ( 'NONE', *, *, #4663, .F. ) ;
#3078 = CARTESIAN_POINT ( 'NONE',  ( 2.846318619155711716, -7.820137802573539965, 209.4639309245458492 ) ) ;
#3079 = CARTESIAN_POINT ( 'NONE',  ( 2.201048580216777406, -11.21404040132482471, 19.73208521579467600 ) ) ;
#3080 = CARTESIAN_POINT ( 'NONE',  ( 3.500000000000022649, 3.500000000000000000, 19.99999999999998934 ) ) ;
#3081 = FACE_OUTER_BOUND ( 'NONE', #3670, .T. ) ;
#3082 = DIRECTION ( 'NONE',  ( -0.000000000000000000, 0.000000000000000000, 1.000000000000000000 ) ) ;
#3083 = CARTESIAN_POINT ( 'NONE',  ( -23.50000000000000000, 13.72641929943638139, 230.0000000000000000 ) ) ;
#3084 = EDGE_CURVE ( 'NONE', #5771, #4461, #4365, .T. ) ;
#3085 = ORIENTED_EDGE ( 'NONE', *, *, #2454, .T. ) ;
#3086 = ORIENTED_EDGE ( 'NONE', *, *, #4310, .T. ) ;
#3087 = DIRECTION ( 'NONE',  ( -1.000000000000000000, 0.000000000000000000, 0.000000000000000000 ) ) ;
#3088 = CARTESIAN_POINT ( 'NONE',  ( -2.352926722330939135, -11.15746416367259641, 210.6227214251599094 ) ) ;
#3089 = CARTESIAN_POINT ( 'NONE',  ( 1.361758462292361749, -10.36134566522803446, 229.9448659000760244 ) ) ;
#3090 = CARTESIAN_POINT ( 'NONE',  ( 1.000000000000003997, -10.00000000000000178, 1.301042606982605321E-15 ) ) ;
#3091 = CARTESIAN_POINT ( 'NONE',  ( -1.069081112404581146, -10.04871286608687697, 229.9981606310402356 ) ) ;
#3092 = CARTESIAN_POINT ( 'NONE',  ( -2.092254695787097329, -11.50000000000000000, 18.80382089263522261 ) ) ;
#3093 = CARTESIAN_POINT ( 'NONE',  ( -2.783601829262519534, -11.15802674562695174, 18.49999999999998579 ) ) ;
#3094 = CARTESIAN_POINT ( 'NONE',  ( 2.500000000000000888, -7.745966692414834043, 210.0000000000000284 ) ) ;
#3095 =( BOUNDED_SURFACE ( )  B_SPLINE_SURFACE ( 3, 2, ( 
 ( #4842, #588, #2283 ),
 ( #7809, #3032, #551 ),
 ( #30, #7766, #5436 ),
 ( #2402, #2951, #475 ),
 ( #1691, #4799, #6025 ),
 ( #7251, #1850, #7212 ),
 ( #4250, #5985, #4169 ),
 ( #5359, #6666, #1136 ) ),
 .UNSPECIFIED., .F., .F., .F. ) 
 B_SPLINE_SURFACE_WITH_KNOTS ( ( 4, 2, 2, 4 ),
 ( 3, 3 ),
 ( 0.01723179276259005979, 0.01786246587422212623, 0.01849313898585419613, 0.01975448520911832900 ),
 ( 0.000000000000000000, 1.000000000000000000 ),
 .UNSPECIFIED. ) 
 GEOMETRIC_REPRESENTATION_ITEM ( )  RATIONAL_B_SPLINE_SURFACE ( (
 ( 1.000000000000000000, 0.7571929217049127026, 1.000000000000000000),
 ( 1.000000000000000000, 0.7735221430129085585, 1.000000000000000000),
 ( 1.000000000000000000, 0.7913514232473852772, 1.000000000000000000),
 ( 1.000000000000000000, 0.8271795864564964740, 1.000000000000000000),
 ( 1.000000000000000000, 0.8453285611682987977, 1.000000000000000000),
 ( 1.000000000000000000, 0.8957090412624882925, 1.000000000000000000),
 ( 1.000000000000000000, 0.9247751616450057277, 1.000000000000000000),
 ( 1.000000000000000000, 0.9467914302102344859, 1.000000000000000000) ) ) 
 REPRESENTATION_ITEM ( '' )  SURFACE ( )  );
#3096 = CARTESIAN_POINT ( 'NONE',  ( 2.216893985736381190, -11.20572249078598759, 19.66065325802632557 ) ) ;
#3097 = CARTESIAN_POINT ( 'NONE',  ( 3.843051057341841936, -9.685375281767596434, 19.95677678264560484 ) ) ;
#3098 = CARTESIAN_POINT ( 'NONE',  ( -1.010221182223216996, -9.954251772697739753, 9.656455333896254314E-06 ) ) ;
#3099 = CARTESIAN_POINT ( 'NONE',  ( 1.338537611683129569, -10.23708425687215851, 0.03425488541281652283 ) ) ;
#3100 = ORIENTED_EDGE ( 'NONE', *, *, #1908, .F. ) ;
#3101 = ORIENTED_EDGE ( 'NONE', *, *, #438, .T. ) ;
#3102 = VECTOR ( 'NONE', #3998, 1000.000000000000000 ) ;
#3103 = ORIENTED_EDGE ( 'NONE', *, *, #3353, .T. ) ;
#3104 = DIRECTION ( 'NONE',  ( -0.000000000000000000, -1.000000000000000000, -0.000000000000000000 ) ) ;
#3105 = CARTESIAN_POINT ( 'NONE',  ( 2.042607718696846320, -10.64840097864219892, 229.7555106002921832 ) ) ;
#3106 = CARTESIAN_POINT ( 'NONE',  ( 2.458004398555257985, -11.10065182797466221, 210.6761808085216501 ) ) ;
#3107 = CARTESIAN_POINT ( 'NONE',  ( 0.000000000000000000, 22.50000000000000000, 18.49999999999998934 ) ) ;
#3108 = DIRECTION ( 'NONE',  ( 0.000000000000000000, 0.000000000000000000, -1.000000000000000000 ) ) ;
#3109 = CARTESIAN_POINT ( 'NONE',  ( 2.452072973276747447, -11.04720465955257147, 19.49546298271154754 ) ) ;
#3110 = AXIS2_PLACEMENT_3D ( 'NONE', #1616, #2176, #400 ) ;
#3111 = CARTESIAN_POINT ( 'NONE',  ( -2.499999999999998224, -9.165151389911681434, 21.49999999999999289 ) ) ;
#3112 = AXIS2_PLACEMENT_3D ( 'NONE', #6974, #1532, #6896 ) ;
#3113 = EDGE_LOOP ( 'NONE', ( #5507, #3768, #3707, #620 ) ) ;
#3114 = ORIENTED_EDGE ( 'NONE', *, *, #130, .T. ) ;
#3115 = CARTESIAN_POINT ( 'NONE',  ( 3.292625434360958003, -7.122040783839190148, 209.4639309243040373 ) ) ;
#3116 = AXIS2_PLACEMENT_3D ( 'NONE', #3313, #6429, #1026 ) ;
#3117 =( BOUNDED_SURFACE ( )  B_SPLINE_SURFACE ( 3, 2, ( 
 ( #3702, #7418, #830 ),
 ( #2007, #4406, #6106 ),
 ( #2641, #1930, #5044 ),
 ( #4332, #6823, #1420 ) ),
 .UNSPECIFIED., .F., .F., .F. ) 
 B_SPLINE_SURFACE_WITH_KNOTS ( ( 4, 4 ),
 ( 3, 3 ),
 ( -1.734723475976807094E-18, 0.001361190766769726675 ),
 ( 0.000000000000000000, 1.000000000000000000 ),
 .UNSPECIFIED. ) 
 GEOMETRIC_REPRESENTATION_ITEM ( )  RATIONAL_B_SPLINE_SURFACE ( (
 ( 1.000000000000000000, 0.7071067811865475727, 1.000000000000000000),
 ( 1.000000000000000000, 0.7270707519103245531, 1.000000000000000000),
 ( 1.000000000000000000, 0.7432666295297662984, 1.000000000000000000),
 ( 1.000000000000000000, 0.7571929217049154781, 1.000000000000000000) ) ) 
 REPRESENTATION_ITEM ( '' )  SURFACE ( )  );
#3118 = CARTESIAN_POINT ( 'NONE',  ( -2.499999999999998224, -10.07418480170756325, 208.5865541575423663 ) ) ;
#3119 = EDGE_CURVE ( 'NONE', #1698, #5918, #5999, .T. ) ;
#3120 = CYLINDRICAL_SURFACE ( 'NONE', #6165, 6.216029316036113528 ) ;
#3121 = CARTESIAN_POINT ( 'NONE',  ( 2.879962814393792758, -11.00820776797977807, 210.9089152876541391 ) ) ;
#3122 = CARTESIAN_POINT ( 'NONE',  ( -2.913626296284715256, -10.97007306887225830, 19.15299543975615393 ) ) ;
#3123 = CARTESIAN_POINT ( 'NONE',  ( -2.491025518355722834, -10.65166214221001795, 208.9449673577840372 ) ) ;
#3124 = ORIENTED_EDGE ( 'NONE', *, *, #7568, .F. ) ;
#3125 = ORIENTED_EDGE ( 'NONE', *, *, #1295, .F. ) ;
#3126 = CARTESIAN_POINT ( 'NONE',  ( -16.66532048819021838, 13.72641929943638139, 19.99999999999998934 ) ) ;
#3127 = CARTESIAN_POINT ( 'NONE',  ( -2.664241667251505685, -11.01860637547992816, 210.7600070866525641 ) ) ;
#3128 = EDGE_CURVE ( 'NONE', #2845, #1019, #1066, .T. ) ;
#3129 = EDGE_CURVE ( 'NONE', #6171, #7423, #2607, .T. ) ;
#3130 = CARTESIAN_POINT ( 'NONE',  ( 1.789780100621444214, -10.79478624253754049, 229.7248769235559109 ) ) ;
#3131 = LINE ( 'NONE', #5530, #7049 ) ;
#3132 = CARTESIAN_POINT ( 'NONE',  ( 1.069081112377003207, -10.04871286605440162, 229.9981606310419124 ) ) ;
#3133 = DIRECTION ( 'NONE',  ( -0.000000000000000000, -1.000000000000000000, -0.000000000000000000 ) ) ;
#3134 = AXIS2_PLACEMENT_3D ( 'NONE', #3502, #2363, #5320 ) ;
#3135 = CARTESIAN_POINT ( 'NONE',  ( 4.000000000000024869, 3.500000000000000000, 4.838965485619544576E-16 ) ) ;
#3136 = CARTESIAN_POINT ( 'NONE',  ( 2.076022569863283707, -11.49999999999999467, 19.39976263663574230 ) ) ;
#3137 = ADVANCED_FACE ( 'NONE', ( #951 ), #5168, .T. ) ;
#3138 = DIRECTION ( 'NONE',  ( 2.937598842601849298E-16, -1.000000000000000000, 0.000000000000000000 ) ) ;
#3139 = DIRECTION ( 'NONE',  ( 0.000000000000000000, 0.000000000000000000, 1.000000000000000000 ) ) ;
#3140 = DIRECTION ( 'NONE',  ( 1.000000000000000000, 0.000000000000000000, 0.000000000000000000 ) ) ;
#3141 = CARTESIAN_POINT ( 'NONE',  ( 1.930010177375328650, -10.93391871257237646, 0.4155952408241275764 ) ) ;
#3142 = VERTEX_POINT ( 'NONE', #6359 ) ;
#3143 = B_SPLINE_CURVE_WITH_KNOTS ( 'NONE', 3,
 ( #5038, #3305, #4558, #2713 ),
 .UNSPECIFIED., .F., .F.,
 ( 4, 4 ),
 ( 0.000000000000000000, 1.000000000000000000 ),
 .UNSPECIFIED. ) ;
#3144 = ORIENTED_EDGE ( 'NONE', *, *, #1982, .T. ) ;
#3145 = VERTEX_POINT ( 'NONE', #3350 ) ;
#3146 = VECTOR ( 'NONE', #5980, 1000.000000000000000 ) ;
#3147 = ADVANCED_FACE ( 'NONE', ( #913 ), #2722, .T. ) ;
#3148 = CARTESIAN_POINT ( 'NONE',  ( 1.088311754568124234, -10.02943725152270815, 229.9973980880197360 ) ) ;
#3149 = CARTESIAN_POINT ( 'NONE',  ( 2.677475753892632593, -11.01707479931075895, 210.7703193381524045 ) ) ;
#3150 = CARTESIAN_POINT ( 'NONE',  ( 3.751061295904107862, -10.03111611845770845, 210.1745173820161199 ) ) ;
#3151 = CYLINDRICAL_SURFACE ( 'NONE', #1716, 7.500000000000000000 ) ;
#3152 = CARTESIAN_POINT ( 'NONE',  ( 2.455178030510383191, -11.09822220141604099, 19.33525130587824492 ) ) ;
#3153 = AXIS2_PLACEMENT_3D ( 'NONE', #6324, #5725, #957 ) ;
#3154 = CIRCLE ( 'NONE', #762, 8.000000000000000000 ) ;
#3155 = ORIENTED_EDGE ( 'NONE', *, *, #1781, .T. ) ;
#3156 = B_SPLINE_CURVE_WITH_KNOTS ( 'NONE', 3,
 ( #986, #943, #430, #3856, #5792, #5158, #7608, #6941, #5671, #7570, #3895, #21, #5938, #4046, #6461, #7759, #2276, #4674 ),
 .UNSPECIFIED., .F., .F.,
 ( 4, 2, 1, 2, 2, 2, 1, 2, 2, 4 ),
 ( 0.000000000000000000, 0.2500000000000890954, 0.3750000000002511324, 0.4375000000003323453, 0.5000000000004135581, 0.6250000000005759837, 0.6875000000006571410, 0.7187500000005914158, 0.7500000000005258016, 1.000000000000000000 ),
 .UNSPECIFIED. ) ;
#3157 = VERTEX_POINT ( 'NONE', #1811 ) ;
#3158 = CARTESIAN_POINT ( 'NONE',  ( -1.329985447978041524, -10.71196801316812497, 0.1703814076315388337 ) ) ;
#3159 = CARTESIAN_POINT ( 'NONE',  ( -2.499999999975060838, -9.425703593234009858, 209.9176551653099807 ) ) ;
#3160 = DIRECTION ( 'NONE',  ( -1.000000000000000000, -2.937598842601849298E-16, 0.000000000000000000 ) ) ;
#3161 = CARTESIAN_POINT ( 'NONE',  ( 2.283697408298238862, -11.19873571202290741, 19.43137067707088050 ) ) ;
#3162 = DIRECTION ( 'NONE',  ( 0.000000000000000000, 1.000000000000000000, 0.000000000000000000 ) ) ;
#3163 = VERTEX_POINT ( 'NONE', #3575 ) ;
#3164 = EDGE_LOOP ( 'NONE', ( #4237, #4454, #5944, #4168 ) ) ;
#3165 = DIRECTION ( 'NONE',  ( 0.000000000000000000, 0.000000000000000000, -1.000000000000000000 ) ) ;
#3166 = CARTESIAN_POINT ( 'NONE',  ( -2.291281153092513012, -11.13600330661788362, 210.3398449311289085 ) ) ;
#3167 = EDGE_CURVE ( 'NONE', #1950, #1880, #7262, .T. ) ;
#3168 = DIRECTION ( 'NONE',  ( 0.000000000000000000, 0.000000000000000000, 1.000000000000000000 ) ) ;
#3169 = CARTESIAN_POINT ( 'NONE',  ( 1.500000000000002220, -11.49999999999999822, 210.2270775949737072 ) ) ;
#3170 = CARTESIAN_POINT ( 'NONE',  ( -25.00000000000000000, 12.22641929943638317, 1.500000000000001332 ) ) ;
#3171 = DIRECTION ( 'NONE',  ( 1.000000000000000000, 0.000000000000000000, 0.000000000000000000 ) ) ;
#3172 = AXIS2_PLACEMENT_3D ( 'NONE', #6649, #3564, #1394 ) ;
#3173 = ADVANCED_FACE ( 'NONE', ( #1177 ), #632, .F. ) ;
#3174 = EDGE_CURVE ( 'NONE', #5798, #1654, #5119, .T. ) ;
#3175 = ADVANCED_FACE ( 'NONE', ( #5398 ), #3095, .F. ) ;
#3176 = CARTESIAN_POINT ( 'NONE',  ( -2.368117160895386153, -11.32279002150897007, 228.6398807989077113 ) ) ;
#3177 = CARTESIAN_POINT ( 'NONE',  ( 1.811221828255508814, -11.50000000000000000, 18.55452246922135728 ) ) ;
#3178 = AXIS2_PLACEMENT_3D ( 'NONE', #4949, #447, #3440 ) ;
#3179 = DIRECTION ( 'NONE',  ( 1.000000000000000000, -2.081331949859378477E-16, 0.000000000000000000 ) ) ;
#3180 = CARTESIAN_POINT ( 'NONE',  ( -2.783601829262324578, -11.15802674562709562, 1.500000000000001110 ) ) ;
#3181 = CARTESIAN_POINT ( 'NONE',  ( -0.9999999999999981126, -9.949874371066199430, 1.301042606982605321E-15 ) ) ;
#3182 = CARTESIAN_POINT ( 'NONE',  ( 2.345405230827659171, -11.34536861476582104, 1.408916065120377370 ) ) ;
#3183 = ORIENTED_EDGE ( 'NONE', *, *, #955, .T. ) ;
#3184 = EDGE_CURVE ( 'NONE', #1207, #884, #1715, .T. ) ;
#3185 = VERTEX_POINT ( 'NONE', #1260 ) ;
#3186 = ORIENTED_EDGE ( 'NONE', *, *, #2448, .F. ) ;
#3187 = CARTESIAN_POINT ( 'NONE',  ( 2.360559902790145159, -11.07148689500930239, 229.2234490630528683 ) ) ;
#3188 = CARTESIAN_POINT ( 'NONE',  ( -1.003407062026042462, -9.951333505493254350, 230.0000000000000000 ) ) ;
#3189 = CARTESIAN_POINT ( 'NONE',  ( 2.575122496950978501, -11.00462639498765860, 210.6105452911085081 ) ) ;
#3190 = CARTESIAN_POINT ( 'NONE',  ( 1.010221182223224767, -9.954251772697730871, 9.656455333795913097E-06 ) ) ;
#3191 = CARTESIAN_POINT ( 'NONE',  ( 1.811221830515412634, -11.50000000000000000, 228.5000000000000000 ) ) ;
#3192 = LINE ( 'NONE', #5703, #6122 ) ;
#3193 = CARTESIAN_POINT ( 'NONE',  ( 2.395816129483939516, -11.07404135665283285, 19.54529806832305638 ) ) ;
#3194 = EDGE_LOOP ( 'NONE', ( #6075, #2950, #6459, #2205 ) ) ;
#3195 = EDGE_CURVE ( 'NONE', #6691, #7093, #6887, .T. ) ;
#3196 = CARTESIAN_POINT ( 'NONE',  ( 3.121390683617363049, -6.881822725797915652, 208.9218038077671622 ) ) ;
#3197 = DIRECTION ( 'NONE',  ( -0.000000000000000000, -0.000000000000000000, 1.000000000000000000 ) ) ;
#3198 = CYLINDRICAL_SURFACE ( 'NONE', #5616, 7.500000000000000000 ) ;
#3199 = CARTESIAN_POINT ( 'NONE',  ( -1.084140630924130377, -9.985798159998800827, 229.9993767960484377 ) ) ;
#3200 = CARTESIAN_POINT ( 'NONE',  ( 5.999999999999996447, 3.605551275463993566, 230.0000000000000000 ) ) ;
#3201 = VECTOR ( 'NONE', #3890, 1000.000000000000000 ) ;
#3202 = FACE_OUTER_BOUND ( 'NONE', #6139, .T. ) ;
#3203 = B_SPLINE_CURVE_WITH_KNOTS ( 'NONE', 3,
 ( #1730, #2837, #6547, #1103, #1137, #6587 ),
 .UNSPECIFIED., .F., .F.,
 ( 4, 2, 4 ),
 ( 0.000000000000000000, 0.0004802395799503879868, 0.0009604791599007759736 ),
 .UNSPECIFIED. ) ;
#3204 = VERTEX_POINT ( 'NONE', #4207 ) ;
#3205 = VERTEX_POINT ( 'NONE', #7176 ) ;
#3206 = CARTESIAN_POINT ( 'NONE',  ( -23.50000000000000000, 22.50000000000000000, 228.5000000000000000 ) ) ;
#3207 = CARTESIAN_POINT ( 'NONE',  ( -2.457732411159999408, -11.04261613424065835, 210.5005310950710111 ) ) ;
#3208 = CYLINDRICAL_SURFACE ( 'NONE', #4061, 1.499999999999999556 ) ;
#3209 = CARTESIAN_POINT ( 'NONE',  ( 2.301852073933178477, -11.30127477168901429, 1.068110400241941038 ) ) ;
#3210 = CARTESIAN_POINT ( 'NONE',  ( 4.000000000000022204, 3.500000000000000000, 20.49999999999998934 ) ) ;
#3211 = EDGE_CURVE ( 'NONE', #1899, #1698, #332, .T. ) ;
#3212 = B_SPLINE_CURVE_WITH_KNOTS ( 'NONE', 3,
 ( #510, #6981, #2830, #2905, #5237, #5315, #2240, #4602, #350, #5161, #4639, #3456, #4677, #2170, #6463, #7572 ),
 .UNSPECIFIED., .F., .F.,
 ( 4, 2, 2, 2, 2, 2, 2, 4 ),
 ( 4.336808689942017736E-19, 0.0003450380325080030564, 0.0006900760650160056792, 0.001035114097524008356, 0.001380152130032010925, 0.002070228195047968574, 0.002415266227555955963, 0.002760304260063944221 ),
 .UNSPECIFIED. ) ;
#3213 = CARTESIAN_POINT ( 'NONE',  ( -1.811221829752449164, -11.50000000000000000, 228.5347979774209080 ) ) ;
#3214 = CARTESIAN_POINT ( 'NONE',  ( 2.344876080935279106, -11.29406991343012834, 18.95595200602178920 ) ) ;
#3215 = DIRECTION ( 'NONE',  ( 1.232566680299310083E-16, 0.000000000000000000, -1.000000000000000000 ) ) ;
#3216 = CARTESIAN_POINT ( 'NONE',  ( 2.262981850444444554, -11.21806795028503778, 210.5697049755951014 ) ) ;
#3217 = CARTESIAN_POINT ( 'NONE',  ( 1.811221830515586939, -11.49999999999999822, 1.500000000000001332 ) ) ;
#3218 = ORIENTED_EDGE ( 'NONE', *, *, #3029, .F. ) ;
#3219 = CARTESIAN_POINT ( 'NONE',  ( 1.996734230120804643, -10.99061846853843250, 0.4834885678494165173 ) ) ;
#3220 = VERTEX_POINT ( 'NONE', #517 ) ;
#3221 = ORIENTED_EDGE ( 'NONE', *, *, #4042, .F. ) ;
#3222 = CARTESIAN_POINT ( 'NONE',  ( 1.994430283602872001, -10.78164964112221824, 229.6673002605994043 ) ) ;
#3223 = CARTESIAN_POINT ( 'NONE',  ( -4.000000000000022204, 3.500000000000000000, 21.49999999999999289 ) ) ;
#3224 = CARTESIAN_POINT ( 'NONE',  ( 2.639225484241109143, -10.98932553917357069, 210.6611703078372102 ) ) ;
#3225 = CARTESIAN_POINT ( 'NONE',  ( 9.406916296478001982, 3.392628153962141457, 228.5000000000000000 ) ) ;
#3226 = DIRECTION ( 'NONE',  ( 1.000000000000000000, 0.000000000000000000, 0.000000000000000000 ) ) ;
#3227 = CARTESIAN_POINT ( 'NONE',  ( -0.9999999999999988898, -9.791996142006150359E-17, 0.000000000000000000 ) ) ;
#3228 = CARTESIAN_POINT ( 'NONE',  ( 2.329836814608349016, -11.16778358135969995, 19.40297898175640512 ) ) ;
#3229 = VERTEX_POINT ( 'NONE', #2910 ) ;
#3230 = CIRCLE ( 'NONE', #1210, 1.500000000000001332 ) ;
#3231 = CARTESIAN_POINT ( 'NONE',  ( 3.637487486298505157, -7.987049024853174473, 209.9673837179108773 ) ) ;
#3232 = DIRECTION ( 'NONE',  ( 0.000000000000000000, 0.000000000000000000, -1.000000000000000000 ) ) ;
#3233 = EDGE_CURVE ( 'NONE', #2352, #7360, #5319, .T. ) ;
#3234 = CARTESIAN_POINT ( 'NONE',  ( 3.393860314879219242, -7.261565414434977939, 209.6359683125699007 ) ) ;
#3235 = CARTESIAN_POINT ( 'NONE',  ( 2.315465777744438736, -11.28578349276611625, 210.9271156966505885 ) ) ;
#3236 = CARTESIAN_POINT ( 'NONE',  ( -3.999999999999999112, 3.499999999999999556, 208.5000000000000284 ) ) ;
#3237 = CARTESIAN_POINT ( 'NONE',  ( -2.900242309909060179, -10.98416488702074467, 210.8685243562083542 ) ) ;
#3238 = EDGE_LOOP ( 'NONE', ( #1757, #2274, #7002 ) ) ;
#3239 = AXIS2_PLACEMENT_3D ( 'NONE', #1213, #3108, #6137 ) ;
#3240 = VERTEX_POINT ( 'NONE', #7134 ) ;
#3241 = CARTESIAN_POINT ( 'NONE',  ( -3.094021756013948909, -6.842929659704042322, 208.6984899445190251 ) ) ;
#3242 = CARTESIAN_POINT ( 'NONE',  ( -2.307662018973801743, -11.18693754643144267, 210.6005477305208444 ) ) ;
#3243 = PLANE ( 'NONE',  #5211 ) ;
#3244 = CARTESIAN_POINT ( 'NONE',  ( -1.811221830515580722, -11.50000000000000000, 228.5000000000000000 ) ) ;
#3245 = CARTESIAN_POINT ( 'NONE',  ( -1.667104776663165255, -11.30669543860472892, 229.2621197984292962 ) ) ;
#3246 = CARTESIAN_POINT ( 'NONE',  ( -16.66532048819021838, 12.22641929943638317, 220.8940198975054727 ) ) ;
#3247 = CARTESIAN_POINT ( 'NONE',  ( 1.009819514569000098, -10.02945854370699585, 1.299238791419689904E-15 ) ) ;
#3248 = ORIENTED_EDGE ( 'NONE', *, *, #6986, .T. ) ;
#3249 = CARTESIAN_POINT ( 'NONE',  ( -1.229920388840271661, -10.34507159392315145, 229.9633093852226864 ) ) ;
#3250 = CARTESIAN_POINT ( 'NONE',  ( 2.345536511409514357, -11.33782364720209124, 18.69301519449116000 ) ) ;
#3251 = CARTESIAN_POINT ( 'NONE',  ( 16.66532048819021838, 6.010389983400268754, 0.000000000000000000 ) ) ;
#3252 = DIRECTION ( 'NONE',  ( -1.000000000000000000, -0.000000000000000000, -0.000000000000000000 ) ) ;
#3253 = CARTESIAN_POINT ( 'NONE',  ( 1.229932516477937332, -10.34495566483429840, 229.9633382953006162 ) ) ;
#3254 = CARTESIAN_POINT ( 'NONE',  ( 1.451306272729698810, -10.93653229866522381, 0.3134941072651222238 ) ) ;
#3255 = ORIENTED_EDGE ( 'NONE', *, *, #3417, .T. ) ;
#3256 = CIRCLE ( 'NONE', #609, 1.500000000000000222 ) ;
#3257 = CARTESIAN_POINT ( 'NONE',  ( 1.061632530555112419, -10.18488553924521867, 0.008297525210868392231 ) ) ;
#3258 = AXIS2_PLACEMENT_3D ( 'NONE', #1381, #4336, #2529 ) ;
#3259 = EDGE_LOOP ( 'NONE', ( #3016, #99, #680 ) ) ;
#3260 = CARTESIAN_POINT ( 'NONE',  ( 2.225279481617707944, -11.22547786957805371, 229.1255079022382688 ) ) ;
#3261 = CARTESIAN_POINT ( 'NONE',  ( -2.908520849411798448, -10.97581746429059102, 210.8558417295825791 ) ) ;
#3262 = CARTESIAN_POINT ( 'NONE',  ( 2.844246050675649951, -10.96939108570153465, 210.8088105463191368 ) ) ;
#3263 = DIRECTION ( 'NONE',  ( 0.000000000000000000, 0.000000000000000000, -1.000000000000000000 ) ) ;
#3264 = VECTOR ( 'NONE', #3215, 1000.000000000000000 ) ;
#3265 = DIRECTION ( 'NONE',  ( 0.000000000000000000, -1.000000000000000000, 0.000000000000000000 ) ) ;
#3266 = CARTESIAN_POINT ( 'NONE',  ( -1.068190624926525389, -10.01136510415441983, 231.4992249063170107 ) ) ;
#3267 = CARTESIAN_POINT ( 'NONE',  ( 2.360549982520849355, -11.12806179175380628, 19.45099482694136483 ) ) ;
#3268 = VERTEX_POINT ( 'NONE', #4719 ) ;
#3269 = EDGE_CURVE ( 'NONE', #5098, #662, #79, .T. ) ;
#3270 = CARTESIAN_POINT ( 'NONE',  ( 2.500000000000001776, -9.682458365518542109, 208.5000000000000284 ) ) ;
#3271 = ADVANCED_FACE ( 'NONE', ( #1729 ), #4097, .F. ) ;
#3272 = AXIS2_PLACEMENT_3D ( 'NONE', #7505, #1512, #5132 ) ;
#3273 = CARTESIAN_POINT ( 'NONE',  ( -3.499999999999999556, 6.324555320336759934, 209.5000000000000284 ) ) ;
#3274 = ADVANCED_FACE ( 'NONE', ( #4446 ), #5217, .T. ) ;
#3275 = CARTESIAN_POINT ( 'NONE',  ( 3.760569011343506851, -7.752786774189780239, 209.9533965971487532 ) ) ;
#3276 = CARTESIAN_POINT ( 'NONE',  ( -2.545519411328121429, -11.06165169135497450, 210.8302348296834623 ) ) ;
#3277 = CARTESIAN_POINT ( 'NONE',  ( -1.049329932173415969, -9.994409750612380350, 0.0007339224122504714150 ) ) ;
#3278 = ORIENTED_EDGE ( 'NONE', *, *, #868, .F. ) ;
#3279 = AXIS2_PLACEMENT_3D ( 'NONE', #5702, #5666, #6938 ) ;
#3280 = VERTEX_POINT ( 'NONE', #2716 ) ;
#3281 = ORIENTED_EDGE ( 'NONE', *, *, #5723, .F. ) ;
#3282 = DIRECTION ( 'NONE',  ( 1.000000000000000000, 0.000000000000000000, 0.000000000000000000 ) ) ;
#3283 = EDGE_CURVE ( 'NONE', #5808, #3307, #2238, .T. ) ;
#3284 = CARTESIAN_POINT ( 'NONE',  ( -2.242115694358467692, -11.17383236405115987, 210.2858904462376870 ) ) ;
#3285 = CARTESIAN_POINT ( 'NONE',  ( 4.000000000000022204, 3.499999999999999556, 21.49999999999999289 ) ) ;
#3286 = FACE_OUTER_BOUND ( 'NONE', #2743, .T. ) ;
#3287 = CARTESIAN_POINT ( 'NONE',  ( -2.195081956664164835, -11.21893090774334212, 19.77206588831425549 ) ) ;
#3288 = PLANE ( 'NONE',  #5813 ) ;
#3289 = VERTEX_POINT ( 'NONE', #2086 ) ;
#3290 = EDGE_CURVE ( 'NONE', #5061, #6249, #3358, .T. ) ;
#3291 = CARTESIAN_POINT ( 'NONE',  ( -1.061632530561002818, -10.18488553924564499, 229.9917024747891503 ) ) ;
#3292 = DIRECTION ( 'NONE',  ( 1.000000000000000000, 0.000000000000000000, 0.000000000000000000 ) ) ;
#3293 = DIRECTION ( 'NONE',  ( -0.000000000000000000, -0.000000000000000000, 1.000000000000000000 ) ) ;
#3294 = CARTESIAN_POINT ( 'NONE',  ( -3.999999999999999112, 3.499999999999999556, 208.5000000000000284 ) ) ;
#3295 = CARTESIAN_POINT ( 'NONE',  ( 1.811221830515602038, -11.50000000000000000, 18.61118854551597224 ) ) ;
#3296 = CARTESIAN_POINT ( 'NONE',  ( -1.058033087879926448, -10.03572497795922125, 0.001150363329364210551 ) ) ;
#3297 = VERTEX_POINT ( 'NONE', #7052 ) ;
#3298 = CARTESIAN_POINT ( 'NONE',  ( 1.651084784662083971, -11.27901035087891302, 0.7095754276326403653 ) ) ;
#3299 = ORIENTED_EDGE ( 'NONE', *, *, #3290, .T. ) ;
#3300 = CARTESIAN_POINT ( 'NONE',  ( 1.178959692617135291, -10.04475529903328024, 229.9963216019591528 ) ) ;
#3301 = AXIS2_PLACEMENT_3D ( 'NONE', #7471, #2063, #4460 ) ;
#3302 = CARTESIAN_POINT ( 'NONE',  ( -2.928489620519967307, -10.96047505701814373, 210.8358544200231961 ) ) ;
#3303 = CARTESIAN_POINT ( 'NONE',  ( 2.511507842832901183, -11.07643189137033524, 210.7017589921911735 ) ) ;
#3304 = CARTESIAN_POINT ( 'NONE',  ( 0.000000000000000000, 0.000000000000000000, 19.99999999999998934 ) ) ;
#3305 = CARTESIAN_POINT ( 'NONE',  ( -2.917701476187037013, -10.96749817367330770, 210.8439320656200096 ) ) ;
#3306 = DIRECTION ( 'NONE',  ( -0.6685448414142168838, 0.7436718328795568489, 0.000000000000000000 ) ) ;
#3307 = VERTEX_POINT ( 'NONE', #5199 ) ;
#3308 = EDGE_CURVE ( 'NONE', #5443, #1847, #341, .T. ) ;
#3309 = EDGE_CURVE ( 'NONE', #6544, #1679, #3156, .T. ) ;
#3310 = CARTESIAN_POINT ( 'NONE',  ( -2.270911738668869972, -11.24036737337515390, 0.9471300362387471417 ) ) ;
#3311 = CARTESIAN_POINT ( 'NONE',  ( -3.088235294117645857, -6.834676493307208389, 230.0000000000000000 ) ) ;
#3312 = DIRECTION ( 'NONE',  ( -1.000000000000000000, -0.000000000000000000, -0.000000000000000000 ) ) ;
#3313 = CARTESIAN_POINT ( 'NONE',  ( 0.000000000000000000, 0.000000000000000000, 209.5000000000000284 ) ) ;
#3314 = CARTESIAN_POINT ( 'NONE',  ( -1.103635330706959961, -9.996896756638653514, 0.001053231289586101802 ) ) ;
#3315 = ORIENTED_EDGE ( 'NONE', *, *, #1458, .T. ) ;
#3316 = FACE_OUTER_BOUND ( 'NONE', #150, .T. ) ;
#3317 = ORIENTED_EDGE ( 'NONE', *, *, #2385, .T. ) ;
#3318 = ORIENTED_EDGE ( 'NONE', *, *, #7062, .T. ) ;
#3319 = DIRECTION ( 'NONE',  ( 0.000000000000000000, 0.000000000000000000, -1.000000000000000000 ) ) ;
#3320 = CARTESIAN_POINT ( 'NONE',  ( -2.196526237227149458, -11.21765959591025386, 210.2420033830407249 ) ) ;
#3321 = CARTESIAN_POINT ( 'NONE',  ( -2.782683758841468347, -10.98843034393019380, 210.7999068758288956 ) ) ;
#3322 = AXIS2_PLACEMENT_3D ( 'NONE', #4003, #4595, #2162 ) ;
#3323 = DIRECTION ( 'NONE',  ( 1.000000000000000000, 0.000000000000000000, 0.000000000000000000 ) ) ;
#3324 = CARTESIAN_POINT ( 'NONE',  ( -5.500000000000000000, 3.605551275463993566, 210.0000000000000284 ) ) ;
#3325 = CARTESIAN_POINT ( 'NONE',  ( -10.81795374094970441, 3.901522377056457547, 1.500000000000001332 ) ) ;
#3326 = ORIENTED_EDGE ( 'NONE', *, *, #2115, .F. ) ;
#3327 = VECTOR ( 'NONE', #5103, 1000.000000000000000 ) ;
#3328 = AXIS2_PLACEMENT_3D ( 'NONE', #7812, #5745, #4478 ) ;
#3329 = CARTESIAN_POINT ( 'NONE',  ( -1.938009349074504284, -10.93420025244803462, 229.5801096064969045 ) ) ;
#3330 = CARTESIAN_POINT ( 'NONE',  ( 16.66532048819021838, 13.72641929943638139, 18.49999999999998934 ) ) ;
#3331 = CARTESIAN_POINT ( 'NONE',  ( 2.345405229801957869, -11.34536861541392305, 210.0000000000000284 ) ) ;
#3332 = DIRECTION ( 'NONE',  ( 0.000000000000000000, 0.000000000000000000, 1.000000000000000000 ) ) ;
#3333 = FACE_OUTER_BOUND ( 'NONE', #2245, .T. ) ;
#3334 = ORIENTED_EDGE ( 'NONE', *, *, #2553, .F. ) ;
#3335 = CARTESIAN_POINT ( 'NONE',  ( 1.106531047405640011, -10.27389063049784923, 229.9775806246388186 ) ) ;
#3336 = ORIENTED_EDGE ( 'NONE', *, *, #4900, .F. ) ;
#3337 = CARTESIAN_POINT ( 'NONE',  ( -2.912066371730443137, -7.834142325845419030, 20.46275007745014207 ) ) ;
#3338 = DIRECTION ( 'NONE',  ( -0.000000000000000000, -0.000000000000000000, 1.000000000000000000 ) ) ;
#3339 = CARTESIAN_POINT ( 'NONE',  ( 2.913626296308029939, -10.97007306885249989, 210.8470045602167318 ) ) ;
#3340 = FACE_OUTER_BOUND ( 'NONE', #6958, .T. ) ;
#3341 = DIRECTION ( 'NONE',  ( 1.232566680299310083E-16, -0.000000000000000000, 1.000000000000000000 ) ) ;
#3342 = CARTESIAN_POINT ( 'NONE',  ( 23.50000000000000000, 13.72641929943638139, 18.49999999999998934 ) ) ;
#3343 = ORIENTED_EDGE ( 'NONE', *, *, #6985, .T. ) ;
#3344 = CARTESIAN_POINT ( 'NONE',  ( -2.119187930999094416, -11.50000000000000000, 1.499999999999994671 ) ) ;
#3345 = CARTESIAN_POINT ( 'NONE',  ( 2.783601829262523975, -11.15802674562694818, 18.49999999999998224 ) ) ;
#3346 = CARTESIAN_POINT ( 'NONE',  ( 3.591512904759117664, -7.529012958062766714, 209.8514155224348769 ) ) ;
#3347 = CARTESIAN_POINT ( 'NONE',  ( -3.999999999999999112, 23.00000000000000000, 208.5000000000000284 ) ) ;
#3348 = EDGE_LOOP ( 'NONE', ( #3086, #6968, #2901, #3435 ) ) ;
#3349 = ORIENTED_EDGE ( 'NONE', *, *, #1196, .F. ) ;
#3350 = CARTESIAN_POINT ( 'NONE',  ( 1.000000000000001554, -10.00000000000000000, 230.0000000000000000 ) ) ;
#3351 = VECTOR ( 'NONE', #5064, 1000.000000000000000 ) ;
#3352 = CARTESIAN_POINT ( 'NONE',  ( -2.245948392242749225, -11.21595071787436382, 210.5102016150993904 ) ) ;
#3353 = EDGE_CURVE ( 'NONE', #7726, #4461, #4492, .T. ) ;
#3354 = CARTESIAN_POINT ( 'NONE',  ( -2.754137740685485447, -11.00711757468717700, 210.8173195261103388 ) ) ;
#3355 = CARTESIAN_POINT ( 'NONE',  ( 3.146680328731515264, -12.61342153853482095, 211.5000000000000284 ) ) ;
#3356 = DIRECTION ( 'NONE',  ( 0.000000000000000000, 0.000000000000000000, 1.000000000000000000 ) ) ;
#3357 = CARTESIAN_POINT ( 'NONE',  ( -25.00000000000000000, 13.72641929943638139, 228.5000000000000000 ) ) ;
#3358 = CIRCLE ( 'NONE', #6128, 7.500000000000000000 ) ;
#3359 = DIRECTION ( 'NONE',  ( 0.000000000000000000, 0.000000000000000000, -1.000000000000000000 ) ) ;
#3360 = CIRCLE ( 'NONE', #2608, 1.500000000000001332 ) ;
#3361 = VERTEX_POINT ( 'NONE', #2432 ) ;
#3362 = ORIENTED_EDGE ( 'NONE', *, *, #6404, .F. ) ;
#3363 = ADVANCED_FACE ( 'NONE', ( #6578 ), #6575, .F. ) ;
#3364 = AXIS2_PLACEMENT_3D ( 'NONE', #4895, #2575, #2534 ) ;
#3365 = CARTESIAN_POINT ( 'NONE',  ( 2.197454459306824148, -11.21667292385355452, 210.2426691603470204 ) ) ;
#3366 = CARTESIAN_POINT ( 'NONE',  ( -4.000000000000022204, 23.00000000000000000, 20.49999999999998934 ) ) ;
#3367 = ADVANCED_FACE ( 'NONE', ( #6056 ), #6096, .T. ) ;
#3368 = DIRECTION ( 'NONE',  ( -0.000000000000000000, -0.000000000000000000, -1.000000000000000000 ) ) ;
#3369 =( BOUNDED_SURFACE ( )  B_SPLINE_SURFACE ( 3, 2, ( 
 ( #3447, #7079, #420 ),
 ( #3927, #4556, #6343 ),
 ( #3966, #1015, #5743 ),
 ( #2819, #338, #2746 ) ),
 .UNSPECIFIED., .F., .F., .F. ) 
 B_SPLINE_SURFACE_WITH_KNOTS ( ( 4, 4 ),
 ( 3, 3 ),
 ( 0.000000000000000000, 9.182449425434974872E-05 ),
 ( 0.000000000000000000, 1.000000000000000000 ),
 .UNSPECIFIED. ) 
 GEOMETRIC_REPRESENTATION_ITEM ( )  RATIONAL_B_SPLINE_SURFACE ( (
 ( 1.000000000000000000, 0.9998845316408300210, 1.000000000000000000),
 ( 1.000000000000000000, 0.9999613537162291843, 1.000000000000000000),
 ( 1.000000000000000000, 0.9999999997771293891, 1.000000000000000000),
 ( 1.000000000000000000, 1.000000000000000000, 1.000000000000000000) ) ) 
 REPRESENTATION_ITEM ( '' )  SURFACE ( )  );
#3370 = CARTESIAN_POINT ( 'NONE',  ( -3.499999999999999556, 3.500000000000000000, 209.5000000000000284 ) ) ;
#3371 = CARTESIAN_POINT ( 'NONE',  ( -3.292625434360956671, -7.122040783839176825, 209.4639309243040373 ) ) ;
#3372 = VERTEX_POINT ( 'NONE', #3652 ) ;
#3373 = ADVANCED_FACE ( 'NONE', ( #4313 ), #7326, .T. ) ;
#3374 = CARTESIAN_POINT ( 'NONE',  ( 1.644189262246090744, -10.92830797641243734, 0.3082505778180167355 ) ) ;
#3375 = ORIENTED_EDGE ( 'NONE', *, *, #3489, .T. ) ;
#3376 = CARTESIAN_POINT ( 'NONE',  ( -3.999999999999998224, -8.062257748298549132, 19.99999999999998934 ) ) ;
#3377 = AXIS2_PLACEMENT_3D ( 'NONE', #6579, #1171, #4201 ) ;
#3378 = CARTESIAN_POINT ( 'NONE',  ( -2.929977214487748949, -10.95949760506994863, 210.8347215528534662 ) ) ;
#3379 = CARTESIAN_POINT ( 'NONE',  ( 2.851493911142023663, -10.97624529777704616, 210.8263577810643881 ) ) ;
#3380 = DIRECTION ( 'NONE',  ( 0.000000000000000000, 0.000000000000000000, 1.000000000000000000 ) ) ;
#3381 = CARTESIAN_POINT ( 'NONE',  ( 0.000000000000000000, 3.000000000000000000, 0.000000000000000000 ) ) ;
#3382 = DIRECTION ( 'NONE',  ( 0.000000000000000000, 0.000000000000000000, -1.000000000000000000 ) ) ;
#3383 = ORIENTED_EDGE ( 'NONE', *, *, #7239, .F. ) ;
#3384 = CARTESIAN_POINT ( 'NONE',  ( -1.644430604309297328, -10.92836781880789587, 0.3082749784064705012 ) ) ;
#3385 = ADVANCED_FACE ( 'NONE', ( #702, #7285 ), #3064, .F. ) ;
#3386 = DIRECTION ( 'NONE',  ( -0.000000000000000000, -0.000000000000000000, -1.000000000000000000 ) ) ;
#3387 = DIRECTION ( 'NONE',  ( -0.000000000000000000, 0.000000000000000000, 1.000000000000000000 ) ) ;
#3388 = LINE ( 'NONE', #2642, #7559 ) ;
#3389 = ORIENTED_EDGE ( 'NONE', *, *, #5659, .T. ) ;
#3390 = VERTEX_POINT ( 'NONE', #7243 ) ;
#3391 = AXIS2_PLACEMENT_3D ( 'NONE', #4381, #4343, #3792 ) ;
#3392 = DIRECTION ( 'NONE',  ( 0.000000000000000000, -1.000000000000000000, 0.000000000000000000 ) ) ;
#3393 = CARTESIAN_POINT ( 'NONE',  ( -2.299063567662082974, -11.18377202626171574, 210.5681281919500520 ) ) ;
#3394 = CARTESIAN_POINT ( 'NONE',  ( -2.854506585830536292, -10.95991587844493154, 210.7917777527042915 ) ) ;
#3395 = CARTESIAN_POINT ( 'NONE',  ( 2.585545373760246957, -7.156634501054690567, 20.97296751273649207 ) ) ;
#3396 = CARTESIAN_POINT ( 'NONE',  ( -1.069081112404374645, -10.04871286603737168, 229.9981606310411735 ) ) ;
#3397 = CARTESIAN_POINT ( 'NONE',  ( -2.276746254293437577, -11.15476686009214546, 19.61522087386688540 ) ) ;
#3398 = AXIS2_PLACEMENT_3D ( 'NONE', #1990, #4390, #6843 ) ;
#3399 = CARTESIAN_POINT ( 'NONE',  ( -2.500000000000017764, -9.996319638934906493, 209.9584140316646881 ) ) ;
#3400 = ORIENTED_EDGE ( 'NONE', *, *, #1438, .F. ) ;
#3401 = ORIENTED_EDGE ( 'NONE', *, *, #5580, .T. ) ;
#3402 = DIRECTION ( 'NONE',  ( -1.000000000000000000, 0.000000000000000000, 0.000000000000000000 ) ) ;
#3403 = CARTESIAN_POINT ( 'NONE',  ( 5.500000000000023093, 3.605551275463993566, 19.99999999999998934 ) ) ;
#3404 = CARTESIAN_POINT ( 'NONE',  ( -3.999999999999997335, -10.49999999999999822, 21.23350517512630375 ) ) ;
#3405 = CARTESIAN_POINT ( 'NONE',  ( 0.000000000000000000, 0.000000000000000000, 18.49999999999998934 ) ) ;
#3406 = EDGE_CURVE ( 'NONE', #3142, #4238, #5125, .T. ) ;
#3407 = EDGE_CURVE ( 'NONE', #6479, #4954, #5002, .T. ) ;
#3408 = ORIENTED_EDGE ( 'NONE', *, *, #3174, .T. ) ;
#3409 = CARTESIAN_POINT ( 'NONE',  ( -2.675686609960204354, -7.783681988503878380, 20.78803698393444677 ) ) ;
#3410 = CIRCLE ( 'NONE', #5303, 2.500000000000002220 ) ;
#3411 = DIRECTION ( 'NONE',  ( 0.000000000000000000, 0.000000000000000000, -1.000000000000000000 ) ) ;
#3412 = DIRECTION ( 'NONE',  ( -0.000000000000000000, 0.000000000000000000, 1.000000000000000000 ) ) ;
#3413 = DIRECTION ( 'NONE',  ( -0.000000000000000000, 0.000000000000000000, 1.000000000000000000 ) ) ;
#3414 = CARTESIAN_POINT ( 'NONE',  ( -1.764676098623039202, -11.50000000000000000, 211.2286507806686870 ) ) ;
#3415 = CARTESIAN_POINT ( 'NONE',  ( -16.61034544511826638, 12.22641929943638139, 219.2495441406989301 ) ) ;
#3416 = ORIENTED_EDGE ( 'NONE', *, *, #6663, .T. ) ;
#3417 = EDGE_CURVE ( 'NONE', #6103, #1580, #663, .T. ) ;
#3418 = CIRCLE ( 'NONE', #4795, 6.216029316036115304 ) ;
#3419 = ORIENTED_EDGE ( 'NONE', *, *, #4113, .F. ) ;
#3420 = CARTESIAN_POINT ( 'NONE',  ( -1.811221830515407305, -11.50000000000000000, 1.499999999999997335 ) ) ;
#3421 = CARTESIAN_POINT ( 'NONE',  ( 2.241930559674334411, -11.20943626774132440, 19.52834311727743355 ) ) ;
#3422 = CARTESIAN_POINT ( 'NONE',  ( -1.029454293935346820, -10.00981809797844058, 230.0000000000000000 ) ) ;
#3423 = CARTESIAN_POINT ( 'NONE',  ( 2.785437920963237168, -10.97818329648042202, 19.20483491649157770 ) ) ;
#3424 = CARTESIAN_POINT ( 'NONE',  ( 2.500000000000000888, -7.745966692414834043, 208.5000000000000284 ) ) ;
#3425 = ORIENTED_EDGE ( 'NONE', *, *, #1143, .F. ) ;
#3426 = EDGE_CURVE ( 'NONE', #5329, #4312, #129, .T. ) ;
#3427 = ORIENTED_EDGE ( 'NONE', *, *, #4473, .F. ) ;
#3428 = DIRECTION ( 'NONE',  ( -0.000000000000000000, 0.000000000000000000, 1.000000000000000000 ) ) ;
#3429 = DIRECTION ( 'NONE',  ( 1.000000000000000000, 0.000000000000000000, 0.000000000000000000 ) ) ;
#3430 = CARTESIAN_POINT ( 'NONE',  ( -2.751886204459004670, -10.99337741621877740, 210.7850962040065781 ) ) ;
#3431 = CARTESIAN_POINT ( 'NONE',  ( 1.500000000000001776, -10.49999999999999645, 19.77292240503064491 ) ) ;
#3432 = CARTESIAN_POINT ( 'NONE',  ( -2.201152786037357423, -11.21306250331434740, 210.2896318631160000 ) ) ;
#3433 = CARTESIAN_POINT ( 'NONE',  ( -2.257747252450389652, -11.21748840370873168, 19.44788340372496904 ) ) ;
#3434 = LINE ( 'NONE', #6438, #13 ) ;
#3435 = ORIENTED_EDGE ( 'NONE', *, *, #1982, .F. ) ;
#3436 = ORIENTED_EDGE ( 'NONE', *, *, #6541, .F. ) ;
#3437 = CIRCLE ( 'NONE', #4316, 1.000000000000000000 ) ;
#3438 = DIRECTION ( 'NONE',  ( 0.000000000000000000, 0.000000000000000000, -1.000000000000000000 ) ) ;
#3439 = ADVANCED_FACE ( 'NONE', ( #7225 ), #7186, .T. ) ;
#3440 = DIRECTION ( 'NONE',  ( 1.000000000000000000, 0.000000000000000000, 0.000000000000000000 ) ) ;
#3441 = CARTESIAN_POINT ( 'NONE',  ( -1.029437251530014086, -10.08831175456560381, 229.9973980880198496 ) ) ;
#3442 = DIRECTION ( 'NONE',  ( 0.000000000000000000, 0.000000000000000000, -1.000000000000000000 ) ) ;
#3443 = AXIS2_PLACEMENT_3D ( 'NONE', #2992, #2365, #7179 ) ;
#3444 = ORIENTED_EDGE ( 'NONE', *, *, #3658, .T. ) ;
#3445 = CARTESIAN_POINT ( 'NONE',  ( -3.403597359237346520, -7.687199090214782871, 20.10895337225347390 ) ) ;
#3446 = CARTESIAN_POINT ( 'NONE',  ( -2.896765899897777885, -10.98430338494503111, 210.8668922126506686 ) ) ;
#3447 = CARTESIAN_POINT ( 'NONE',  ( 1.034095312463308547, -10.01136510415432568, 229.9996124531585053 ) ) ;
#3448 = CARTESIAN_POINT ( 'NONE',  ( -23.50000000000000000, 13.72641929943638139, 18.49999999999998934 ) ) ;
#3449 = CARTESIAN_POINT ( 'NONE',  ( 1.110098955355918626, -10.09638581675885405, 0.004386876383250412799 ) ) ;
#3450 = DIRECTION ( 'NONE',  ( -0.000000000000000000, -1.000000000000000000, -0.000000000000000000 ) ) ;
#3451 = ORIENTED_EDGE ( 'NONE', *, *, #3533, .F. ) ;
#3452 = ORIENTED_EDGE ( 'NONE', *, *, #5865, .F. ) ;
#3453 = ORIENTED_EDGE ( 'NONE', *, *, #7333, .F. ) ;
#3454 = CARTESIAN_POINT ( 'NONE',  ( -1.747175234350933914, -10.57967647658435162, 229.8191952539542342 ) ) ;
#3455 = CARTESIAN_POINT ( 'NONE',  ( 2.544348943385186690, -11.05497445093769038, 19.18364196439880587 ) ) ;
#3456 = CARTESIAN_POINT ( 'NONE',  ( -1.592666253444324109, -10.33519230387233101, 229.9311269456597984 ) ) ;
#3457 = DIRECTION ( 'NONE',  ( -1.000000000000000000, 0.000000000000000000, 0.000000000000000000 ) ) ;
#3458 = DIRECTION ( 'NONE',  ( -0.000000000000000000, -1.000000000000000000, -0.000000000000000000 ) ) ;
#3459 = PRODUCT_DEFINITION_SHAPE ( 'NONE', 'NONE',  #128 ) ;
#3460 = ORIENTED_EDGE ( 'NONE', *, *, #2546, .T. ) ;
#3461 = CARTESIAN_POINT ( 'NONE',  ( 2.544723712029427297E-15, 12.22641929943638850, 228.5000000000000000 ) ) ;
#3462 = EDGE_CURVE ( 'NONE', #4549, #6460, #6513, .T. ) ;
#3463 = CARTESIAN_POINT ( 'NONE',  ( -2.753958822835587128, -11.00625862761752316, 210.8152641790777011 ) ) ;
#3464 = CARTESIAN_POINT ( 'NONE',  ( 3.222236077366660734, -7.023987428236424968, 20.69895041080753728 ) ) ;
#3465 = DIRECTION ( 'NONE',  ( 0.000000000000000000, 0.000000000000000000, -1.000000000000000000 ) ) ;
#3466 = CARTESIAN_POINT ( 'NONE',  ( -2.456008129761650505, -11.04847292535104231, 19.47977988515055969 ) ) ;
#3467 = FACE_OUTER_BOUND ( 'NONE', #1878, .T. ) ;
#3468 = ORIENTED_EDGE ( 'NONE', *, *, #6986, .F. ) ;
#3469 = CIRCLE ( 'NONE', #5749, 1.500000000000000666 ) ;
#3470 = ORIENTED_EDGE ( 'NONE', *, *, #955, .F. ) ;
#3471 = CARTESIAN_POINT ( 'NONE',  ( 2.261016485672436183, -11.21924811807853217, 210.5677111661282765 ) ) ;
#3472 = AXIS2_PLACEMENT_3D ( 'NONE', #3539, #2362, #3662 ) ;
#3473 = FACE_OUTER_BOUND ( 'NONE', #4935, .T. ) ;
#3474 = CARTESIAN_POINT ( 'NONE',  ( -3.748530821306848448, -10.04062687389448350, 210.1781290678703726 ) ) ;
#3475 = DIRECTION ( 'NONE',  ( 0.000000000000000000, 1.000000000000000000, 0.000000000000000000 ) ) ;
#3476 = AXIS2_PLACEMENT_3D ( 'NONE', #3047, #2457, #46 ) ;
#3477 = CIRCLE ( 'NONE', #7520, 1.500000000000000000 ) ;
#3478 = ORIENTED_EDGE ( 'NONE', *, *, #4943, .F. ) ;
#3479 = CARTESIAN_POINT ( 'NONE',  ( 2.783601829262328131, -11.15802674562709562, 228.5000000000000000 ) ) ;
#3480 = CARTESIAN_POINT ( 'NONE',  ( -2.925484407618704541, -10.95932129802944388, 210.8320174654015204 ) ) ;
#3481 = CARTESIAN_POINT ( 'NONE',  ( 0.000000000000000000, 0.000000000000000000, 208.5000000000000284 ) ) ;
#3482 = CARTESIAN_POINT ( 'NONE',  ( 3.255626931872035001, -7.906898993299669165, 20.19408973571219335 ) ) ;
#3483 = CARTESIAN_POINT ( 'NONE',  ( -2.098793574793279770, -11.50000000000000355, 211.3437406194254322 ) ) ;
#3484 = CARTESIAN_POINT ( 'NONE',  ( -1.128546903668930845, -10.07762628786396597, 231.4967025335942878 ) ) ;
#3485 = EDGE_LOOP ( 'NONE', ( #7362 ) ) ;
#3486 = ORIENTED_EDGE ( 'NONE', *, *, #4175, .T. ) ;
#3487 = ORIENTED_EDGE ( 'NONE', *, *, #7120, .T. ) ;
#3488 = DIRECTION ( 'NONE',  ( 0.000000000000000000, 0.000000000000000000, -1.000000000000000000 ) ) ;
#3489 = EDGE_CURVE ( 'NONE', #311, #260, #3673, .T. ) ;
#3490 = DIRECTION ( 'NONE',  ( 0.000000000000000000, 1.000000000000000000, 0.000000000000000000 ) ) ;
#3491 = CARTESIAN_POINT ( 'NONE',  ( -1.058908552604379327, -10.01963618420106528, 229.9991321949190137 ) ) ;
#3492 = CARTESIAN_POINT ( 'NONE',  ( 2.913626296283085448, -10.97007306887192613, 19.15299543975768159 ) ) ;
#3493 = CARTESIAN_POINT ( 'NONE',  ( 4.000000000000000000, 3.500000000000000000, 210.0000000000000284 ) ) ;
#3494 = ORIENTED_EDGE ( 'NONE', *, *, #4755, .T. ) ;
#3496 = EDGE_CURVE ( 'NONE', #2522, #6347, #3001, .T. ) ;
#3495 = CIRCLE ( 'NONE', #2501, 7.500000000000000000 ) ;
#3497 = EDGE_CURVE ( 'NONE', #1449, #4461, #1821, .T. ) ;
#3498 = EDGE_CURVE ( 'NONE', #6420, #40, #1112, .T. ) ;
#3499 = CIRCLE ( 'NONE', #6532, 0.5000000000000004441 ) ;
#3500 = ORIENTED_EDGE ( 'NONE', *, *, #2589, .T. ) ;
#3501 = DIRECTION ( 'NONE',  ( -0.4285714285714281591, 0.9035079029052514032, 0.000000000000000000 ) ) ;
#3502 = CARTESIAN_POINT ( 'NONE',  ( -23.50000000000000000, 20.99999999999999645, 210.0000000000000284 ) ) ;
#3503 = CARTESIAN_POINT ( 'NONE',  ( -3.088235294117645857, -6.834676493307208389, 21.49999999999999289 ) ) ;
#3504 = CARTESIAN_POINT ( 'NONE',  ( 3.460811076901776140, -7.353324709989418118, 20.26477338514243343 ) ) ;
#3505 = CARTESIAN_POINT ( 'NONE',  ( 2.347247881363663247, -11.09234555188773363, 210.4074161892638699 ) ) ;
#3506 = CARTESIAN_POINT ( 'NONE',  ( -3.999999999999998224, -9.165151389911681434, 210.0000000000000284 ) ) ;
#3507 = AXIS2_PLACEMENT_3D ( 'NONE', #7017, #3387, #2794 ) ;
#3508 = CARTESIAN_POINT ( 'NONE',  ( -2.636625037857248888, -10.98334142142719116, 19.33647013153840177 ) ) ;
#3509 = DIRECTION ( 'NONE',  ( 1.000000000000000000, 0.000000000000000000, 0.000000000000000000 ) ) ;
#3510 = ORIENTED_EDGE ( 'NONE', *, *, #7274, .T. ) ;
#3511 = ADVANCED_FACE ( 'NONE', ( #7742 ), #7781, .T. ) ;
#3512 = VERTEX_POINT ( 'NONE', #1785 ) ;
#3513 = CYLINDRICAL_SURFACE ( 'NONE', #4738, 11.50000000000000000 ) ;
#3514 = AXIS2_PLACEMENT_3D ( 'NONE', #7206, #4160, #1249 ) ;
#3515 = CARTESIAN_POINT ( 'NONE',  ( 2.241627197598711874, -11.20885826691343290, 210.4696920718553201 ) ) ;
#3516 = AXIS2_PLACEMENT_3D ( 'NONE', #5951, #5879, #480 ) ;
#3517 = CARTESIAN_POINT ( 'NONE',  ( -3.779976637959936436, -9.922438674644846301, 19.86675258756314122 ) ) ;
#3518 = CARTESIAN_POINT ( 'NONE',  ( 1.000000000000001776, -9.949874371066199430, 1.301042606982605321E-15 ) ) ;
#3519 = CARTESIAN_POINT ( 'NONE',  ( -3.191442569945345475, -6.980753955777265318, 209.2119630158802295 ) ) ;
#3520 = CARTESIAN_POINT ( 'NONE',  ( -2.345036208396681143, -11.31208284233245287, 18.87340821000428548 ) ) ;
#3521 = ADVANCED_FACE ( 'NONE', ( #644 ), #3513, .T. ) ;
#3522 = ADVANCED_FACE ( 'NONE', ( #4812 ), #3629, .T. ) ;
#3523 = ORIENTED_EDGE ( 'NONE', *, *, #7585, .T. ) ;
#3524 = CARTESIAN_POINT ( 'NONE',  ( 1.710406470517480182, -11.50000000000000000, 211.0726096269734455 ) ) ;
#3525 = CARTESIAN_POINT ( 'NONE',  ( -1.869429891224725138, -10.87400707303406300, 0.3431219839297619534 ) ) ;
#3526 = FACE_OUTER_BOUND ( 'NONE', #3485, .T. ) ;
#3527 = EDGE_LOOP ( 'NONE', ( #2165, #59, #1684, #6389, #4309, #2798, #6182, #4633, #2105, #5425, #4881, #3523 ) ) ;
#3528 = ORIENTED_EDGE ( 'NONE', *, *, #7702, .F. ) ;
#3529 = ORIENTED_EDGE ( 'NONE', *, *, #3025, .T. ) ;
#3530 = CARTESIAN_POINT ( 'NONE',  ( -1.144557568808890702, -10.07052107759075454, 229.9947996980425557 ) ) ;
#3531 = DIRECTION ( 'NONE',  ( -0.9406916296478007311, -0.3392628153962131132, 0.000000000000000000 ) ) ;
#3532 = CARTESIAN_POINT ( 'NONE',  ( 2.774196114919312173, -10.96812165875423162, 19.23091311344468579 ) ) ;
#3533 = EDGE_CURVE ( 'NONE', #5771, #7250, #3585, .T. ) ;
#3534 = CARTESIAN_POINT ( 'NONE',  ( 2.201965125247139721, -11.21227730291070479, 19.72249912393752780 ) ) ;
#3535 = EDGE_CURVE ( 'NONE', #2483, #4238, #1152, .T. ) ;
#3536 = ORIENTED_EDGE ( 'NONE', *, *, #5865, .T. ) ;
#3537 = CIRCLE ( 'NONE', #654, 1.500000000000001332 ) ;
#3538 = VERTEX_POINT ( 'NONE', #81 ) ;
#3539 = CARTESIAN_POINT ( 'NONE',  ( -1.811221830515597153, -10.49999999999999822, 211.5000000000000284 ) ) ;
#3540 = CARTESIAN_POINT ( 'NONE',  ( 0.000000000000000000, 0.000000000000000000, 20.49999999999998934 ) ) ;
#3541 = AXIS2_PLACEMENT_3D ( 'NONE', #1360, #7317, #6246 ) ;
#3542 = CARTESIAN_POINT ( 'NONE',  ( 2.196707368940248539, -11.21739764847182208, 19.76480802016084581 ) ) ;
#3543 = CARTESIAN_POINT ( 'NONE',  ( -2.345405229801929448, -11.34536861541394792, 211.5000000000000284 ) ) ;
#3544 = CARTESIAN_POINT ( 'NONE',  ( -25.00000000000000000, 0.000000000000000000, 19.99999999999998934 ) ) ;
#3545 = CYLINDRICAL_SURFACE ( 'NONE', #760, 1.000000000000000000 ) ;
#3546 = CARTESIAN_POINT ( 'NONE',  ( -2.503585997218936043, -11.07103085734644488, 19.32427788244187283 ) ) ;
#3547 = CARTESIAN_POINT ( 'NONE',  ( -0.9999999999999981126, -9.949874371066199430, 230.0000000000000000 ) ) ;
#3548 = ORIENTED_EDGE ( 'NONE', *, *, #6990, .F. ) ;
#3549 = EDGE_LOOP ( 'NONE', ( #4840, #3072, #5274, #7652 ) ) ;
#3550 = CARTESIAN_POINT ( 'NONE',  ( 2.267004252342846637, -11.14941101727153772, 209.9657673544388672 ) ) ;
#3551 = CARTESIAN_POINT ( 'NONE',  ( 2.261376332053111060, -11.21898789521624984, 210.5679335716054652 ) ) ;
#3552 = CARTESIAN_POINT ( 'NONE',  ( -2.621968475617191707, -10.25210730543559556, 19.98912768241950388 ) ) ;
#3553 = FACE_OUTER_BOUND ( 'NONE', #5863, .T. ) ;
#3554 = CARTESIAN_POINT ( 'NONE',  ( -1.094885373954966656, -10.02820915718216810, 229.9975322612589537 ) ) ;
#3555 = CARTESIAN_POINT ( 'NONE',  ( -2.100961188161000415, -11.49999999999999822, 18.49999999999998579 ) ) ;
#3556 = CARTESIAN_POINT ( 'NONE',  ( 16.49998279950084523, 12.22422003473056051, 220.3059655356963162 ) ) ;
#3557 = CARTESIAN_POINT ( 'NONE',  ( 2.883798158723433591, -10.99937543657398820, 19.11026259785327852 ) ) ;
#3558 = CARTESIAN_POINT ( 'NONE',  ( 2.198536301172043572, -11.21561244824945192, 19.76806501078977618 ) ) ;
#3559 = EDGE_CURVE ( 'NONE', #1258, #6544, #6913, .T. ) ;
#3560 = CARTESIAN_POINT ( 'NONE',  ( -1.477712526519194824, -10.35521227415267376, 0.06842403617550028849 ) ) ;
#3561 = FACE_OUTER_BOUND ( 'NONE', #7031, .T. ) ;
#3562 = CARTESIAN_POINT ( 'NONE',  ( -1.499999999999997335, -11.50000000000000000, 210.2270775949693586 ) ) ;
#3563 = TOROIDAL_SURFACE ( 'NONE', #548, 1.000000000000000000, 0.5000000000000000000 ) ;
#3564 = DIRECTION ( 'NONE',  ( 0.000000000000000000, 0.000000000000000000, -1.000000000000000000 ) ) ;
#3565 = VERTEX_POINT ( 'NONE', #2375 ) ;
#3566 = VECTOR ( 'NONE', #3899, 1000.000000000000000 ) ;
#3567 = EDGE_LOOP ( 'NONE', ( #4851, #1645, #4435, #5256 ) ) ;
#3568 = ORIENTED_EDGE ( 'NONE', *, *, #1627, .F. ) ;
#3569 = CARTESIAN_POINT ( 'NONE',  ( -2.204871956133191091, -10.76048349781577684, 229.6362015399162431 ) ) ;
#3570 = DIRECTION ( 'NONE',  ( 1.000000000000000000, 0.000000000000000000, 0.000000000000000000 ) ) ;
#3571 = CARTESIAN_POINT ( 'NONE',  ( 2.304774474964586872, -11.15474596797779760, 210.4868200042909052 ) ) ;
#3572 = CARTESIAN_POINT ( 'NONE',  ( 2.913626296283084560, -10.97007306887192613, 19.15299543975768159 ) ) ;
#3573 = CARTESIAN_POINT ( 'NONE',  ( 2.234748656147471646, -11.20825275242541075, 19.56010786121421674 ) ) ;
#3574 = EDGE_LOOP ( 'NONE', ( #2085 ) ) ;
#3575 = CARTESIAN_POINT ( 'NONE',  ( -2.930073840115853478, -10.95943460260410340, 210.8346489957406504 ) ) ;
#3576 = CARTESIAN_POINT ( 'NONE',  ( 4.000000000000000888, -9.165151389911679658, 19.99999999999998934 ) ) ;
#3577 = CARTESIAN_POINT ( 'NONE',  ( 2.254796325541357671, -11.21556278864464851, 19.46329544709925230 ) ) ;
#3578 = DIRECTION ( 'NONE',  ( 0.000000000000000000, 1.000000000000000000, -8.673617379884027583E-16 ) ) ;
#3579 = DIRECTION ( 'NONE',  ( -2.081331949859377984E-16, -1.000000000000000000, 0.000000000000000000 ) ) ;
#3580 = DIRECTION ( 'NONE',  ( 1.000000000000000000, 0.000000000000000000, 0.000000000000000000 ) ) ;
#3581 = CARTESIAN_POINT ( 'NONE',  ( -2.913626296284715256, -10.97007306887226008, 19.15299543975615393 ) ) ;
#3582 = CARTESIAN_POINT ( 'NONE',  ( -2.559338490868248606, -10.80910940517705399, 210.3824033828956033 ) ) ;
#3583 = ORIENTED_EDGE ( 'NONE', *, *, #6240, .T. ) ;
#3584 = ORIENTED_EDGE ( 'NONE', *, *, #5143, .F. ) ;
#3585 = LINE ( 'NONE', #4852, #4367 ) ;
#3586 = CARTESIAN_POINT ( 'NONE',  ( 2.209577796287093054, -11.20858800121544974, 210.3018871126515137 ) ) ;
#3587 = CARTESIAN_POINT ( 'NONE',  ( -3.999999999999998224, -9.165151389911681434, 208.5000000000000284 ) ) ;
#3588 = CARTESIAN_POINT ( 'NONE',  ( -3.500000000000022649, 23.00000000000000000, 19.99999999999998934 ) ) ;
#3589 = CARTESIAN_POINT ( 'NONE',  ( 1.034095312463220839, -10.01136510415446423, 229.9996124531585053 ) ) ;
#3590 = AXIS2_PLACEMENT_3D ( 'NONE', #3540, #5247, #2952 ) ;
#3591 = CARTESIAN_POINT ( 'NONE',  ( -4.000000000000000000, 3.500000000000000000, 209.5000000000000284 ) ) ;
#3592 = EDGE_CURVE ( 'NONE', #1880, #5098, #515, .T. ) ;
#3593 = EDGE_CURVE ( 'NONE', #4598, #1247, #1722, .T. ) ;
#3594 = VECTOR ( 'NONE', #3664, 1000.000000000000000 ) ;
#3595 = EDGE_CURVE ( 'NONE', #7597, #3390, #7347, .T. ) ;
#3596 = CARTESIAN_POINT ( 'NONE',  ( -2.274725463879287535, -11.23122553165664606, 19.35521419301035451 ) ) ;
#3597 = CARTESIAN_POINT ( 'NONE',  ( -2.806269860815711947, -7.811643876371711315, 20.57074458335753064 ) ) ;
#3598 = EDGE_CURVE ( 'NONE', #1900, #2483, #1351, .T. ) ;
#3599 = CARTESIAN_POINT ( 'NONE',  ( 2.200955442371065995, -11.21355206586385655, 19.75158689536694112 ) ) ;
#3600 = CARTESIAN_POINT ( 'NONE',  ( 2.499999999998267164, -9.711765941067643126, 20.10041866815288358 ) ) ;
#3601 = DIRECTION ( 'NONE',  ( -1.000000000000000000, 0.000000000000000000, 0.000000000000000000 ) ) ;
#3602 = CARTESIAN_POINT ( 'NONE',  ( 1.652682079821985450, -10.37722091429571414, 0.08560964404308234188 ) ) ;
#3603 = FACE_OUTER_BOUND ( 'NONE', #5697, .T. ) ;
#3604 = ORIENTED_EDGE ( 'NONE', *, *, #1437, .F. ) ;
#3605 = CIRCLE ( 'NONE', #460, 2.499999999999998668 ) ;
#3606 = AXIS2_PLACEMENT_3D ( 'NONE', #1979, #2616, #3794 ) ;
#3607 = ORIENTED_EDGE ( 'NONE', *, *, #7120, .F. ) ;
#3608 = ORIENTED_EDGE ( 'NONE', *, *, #4437, .F. ) ;
#3609 = CARTESIAN_POINT ( 'NONE',  ( -1.480216661547636203, -10.35732541771984572, 229.9308331935049523 ) ) ;
#3610 = DIRECTION ( 'NONE',  ( -2.081331949859378477E-16, -1.000000000000000000, 0.000000000000000000 ) ) ;
#3611 = CARTESIAN_POINT ( 'NONE',  ( 2.220147512298291215, -11.19501121523755671, 210.2589898800288211 ) ) ;
#3612 = VECTOR ( 'NONE', #1727, 1000.000000000000000 ) ;
#3613 = FACE_OUTER_BOUND ( 'NONE', #218, .T. ) ;
#3614 = CARTESIAN_POINT ( 'NONE',  ( 2.638727027775318312, -10.98440240160333481, 19.33149257893061446 ) ) ;
#3615 = CARTESIAN_POINT ( 'NONE',  ( 1.120722134059872976, -10.00775315809240418, 0.001648733204141461864 ) ) ;
#3616 = EDGE_CURVE ( 'NONE', #3954, #1247, #5488, .T. ) ;
#3617 = ORIENTED_EDGE ( 'NONE', *, *, #3842, .F. ) ;
#3618 = DIRECTION ( 'NONE',  ( 1.000000000000000000, 0.000000000000000000, 0.000000000000000000 ) ) ;
#3619 = CARTESIAN_POINT ( 'NONE',  ( 1.069081112427457958, -10.04871286611321679, 229.9981606310387861 ) ) ;
#3620 = CARTESIAN_POINT ( 'NONE',  ( 2.229882216250528515, -11.20749281139596221, 19.58313980229488749 ) ) ;
#3621 = CARTESIAN_POINT ( 'NONE',  ( 1.802059567753604652, -11.49037494360083045, 228.6727631506246325 ) ) ;
#3622 = AXIS2_PLACEMENT_3D ( 'NONE', #822, #6852, #1883 ) ;
#3623 = DIRECTION ( 'NONE',  ( 1.000000000000000000, 0.000000000000000000, 0.000000000000000000 ) ) ;
#3624 = CARTESIAN_POINT ( 'NONE',  ( -2.422338780788748203, -11.08260940353051893, 19.44181194321587114 ) ) ;
#3625 = FACE_OUTER_BOUND ( 'NONE', #7576, .T. ) ;
#3626 = CIRCLE ( 'NONE', #2372, 7.716029316036113528 ) ;
#3627 = ORIENTED_EDGE ( 'NONE', *, *, #2569, .F. ) ;
#3628 = ORIENTED_EDGE ( 'NONE', *, *, #1437, .T. ) ;
#3629 = CYLINDRICAL_SURFACE ( 'NONE', #5881, 1.500000000000001332 ) ;
#3630 = CARTESIAN_POINT ( 'NONE',  ( 2.197081003858313064, -11.21700351938552842, 210.2297386732381312 ) ) ;
#3631 = VECTOR ( 'NONE', #3179, 1000.000000000000000 ) ;
#3632 = DIRECTION ( 'NONE',  ( -0.000000000000000000, -0.000000000000000000, -1.000000000000000000 ) ) ;
#3633 = CARTESIAN_POINT ( 'NONE',  ( 1.011353222449253852, -9.970405524104384298, 1.301124667530830338E-15 ) ) ;
#3634 = CARTESIAN_POINT ( 'NONE',  ( -2.194994261698161697, -11.21901528231785328, 210.2270775949693586 ) ) ;
#3635 = DIRECTION ( 'NONE',  ( 0.000000000000000000, -1.000000000000000000, 0.000000000000000000 ) ) ;
#3636 = AXIS2_PLACEMENT_3D ( 'NONE', #1904, #6796, #2021 ) ;
#3637 = CARTESIAN_POINT ( 'NONE',  ( -2.241956094693785762, -11.20944520046477422, 19.52821642428935078 ) ) ;
#3638 = CARTESIAN_POINT ( 'NONE',  ( 2.345821494546496577, -11.34510543674624117, 211.5000000000000568 ) ) ;
#3639 =( BOUNDED_SURFACE ( )  B_SPLINE_SURFACE ( 3, 2, ( 
 ( #4993, #745, #667 ),
 ( #3068, #5469, #3150 ),
 ( #6219, #1453, #7410 ),
 ( #3849, #6178, #6776 ),
 ( #5547, #222, #6136 ),
 ( #7369, #4280, #185 ),
 ( #705, #2477, #4876 ),
 ( #3692, #5511, #7289 ) ),
 .UNSPECIFIED., .F., .F., .F. ) 
 B_SPLINE_SURFACE_WITH_KNOTS ( ( 4, 2, 2, 4 ),
 ( 3, 3 ),
 ( 0.01723179276259018122, 0.01786246587422436749, 0.01849313898585855029, 0.01975448520912691935 ),
 ( 0.000000000000000000, 1.000000000000000000 ),
 .UNSPECIFIED. ) 
 GEOMETRIC_REPRESENTATION_ITEM ( )  RATIONAL_B_SPLINE_SURFACE ( (
 ( 1.000000000000000000, 0.7571929217049137018, 1.000000000000000000),
 ( 1.000000000000000000, 0.7735221430129446407, 1.000000000000000000),
 ( 1.000000000000000000, 0.7913514232475121757, 1.000000000000000000),
 ( 1.000000000000000000, 0.8271795864567204060, 1.000000000000000000),
 ( 1.000000000000000000, 0.8453285611689265178, 1.000000000000000000),
 ( 1.000000000000000000, 0.8957090412622413789, 1.000000000000000000),
 ( 1.000000000000000000, 0.9247751616459696233, 1.000000000000000000),
 ( 1.000000000000000000, 0.9467914302106723579, 1.000000000000000000) ) ) 
 REPRESENTATION_ITEM ( '' )  SURFACE ( )  );
#3640 = CARTESIAN_POINT ( 'NONE',  ( 2.205963033961638953, -11.21084364386383747, 19.71013499577596662 ) ) ;
#3641 = CARTESIAN_POINT ( 'NONE',  ( -2.428458746889851305, -10.91472016815134083, 0.5707718658493072805 ) ) ;
#3642 = CARTESIAN_POINT ( 'NONE',  ( -0.9999999999999981126, -9.949874371066199430, 0.000000000000000000 ) ) ;
#3643 = CARTESIAN_POINT ( 'NONE',  ( 1.943296475354344244, -10.57953301115700384, 0.2012461318742283234 ) ) ;
#3644 = EDGE_CURVE ( 'NONE', #2275, #5808, #6769, .T. ) ;
#3645 = DIRECTION ( 'NONE',  ( -1.000000000000000000, 0.000000000000000000, 0.000000000000000000 ) ) ;
#3646 = ORIENTED_EDGE ( 'NONE', *, *, #4092, .T. ) ;
#3647 = ADVANCED_FACE ( 'NONE', ( #4264 ), #1975, .F. ) ;
#3648 = CIRCLE ( 'NONE', #5669, 2.499999999999998668 ) ;
#3649 = ORIENTED_EDGE ( 'NONE', *, *, #4563, .T. ) ;
#3650 = CLOSED_SHELL ( 'NONE', ( #4623, #7267, #5726, #6331, #1241, #721, #3521, #3863, #1287, #4716, #6153, #4219, #7405, #3953, #6458, #6349, #1299, #1807, #5357, #5519, #6224, #5961, #6644, #7564, #1670, #1209, #7084, #6699, #4315, #1868, #5242, #4659, #958, #6175, #6330, #614, #569, #123, #6319, #7800, #1411, #1871, #3709, #2708, #6640, #6923, #374, #2258, #3367, #5764, #142, #3993, #5631, #6064, #6886, #834, #7807, #6542, #3385, #413, #5822, #5715, #5000, #1157, #716, #638, #2250, #7609, #1046, #2049, #1879, #3887, #3373, #5050, #7004, #2916, #6740, #3807, #5641, #2923, #3147, #2790, #2266, #4528, #4901, #4197, #4228, #1048, #6156, #3439, #376, #4259, #3522, #1378, #28, #7364, #1556, #5492, #6057, #782, #6809, #975, #710, #6555, #276, #472, #5328, #1389, #473, #7318, #4599, #5004, #7472, #4926, #2211, #4165, #2349, #5828, #2694, #1167, #6306, #3274, #5108, #7115, #231, #4809, #6564, #754, #140, #5338, #7028, #5620, #2630, #907, #2593, #1822, #2126, #4554, #4925, #3940, #7643, #5145, #3363, #1092, #5843, #2251, #7627, #1632, #5182, #5023, #2712, #4330, #5827, #6888, #4356, #6976, #377, #3173, #131, #6822, #731, #1499, #996, #2551, #3022, #1536, #5403, #2117, #6160, #4893, #4863, #27, #1743, #1574, #3175, #366, #2342, #3933, #3647, #6310, #965, #3837, #284, #5146, #2513, #4272, #5741, #251, #4000, #1721, #7554, #3271, #347, #6023, #2962, #7034, #5340, #3137, #5395, #1963, #3511, #4689 ) ) ;
#3651 = ORIENTED_EDGE ( 'NONE', *, *, #2926, .T. ) ;
#3652 = CARTESIAN_POINT ( 'NONE',  ( 2.783601829261963978, -11.15802674562708852, 18.49999999999998934 ) ) ;
#3653 = CYLINDRICAL_SURFACE ( 'NONE', #1509, 1.000000000000000000 ) ;
#3654 = CARTESIAN_POINT ( 'NONE',  ( 2.258372678240263109, -11.18732931972561140, 210.4482594014895938 ) ) ;
#3655 = CARTESIAN_POINT ( 'NONE',  ( 16.66532048819021838, 13.72641929943638317, 210.0000000000000284 ) ) ;
#3656 = CARTESIAN_POINT ( 'NONE',  ( -1.019636184200312989, -10.05890855260209982, 0.0008678050809119268200 ) ) ;
#3657 = CARTESIAN_POINT ( 'NONE',  ( 2.674187578549338973, -11.01186923315390587, 19.23400871793813849 ) ) ;
#3658 = EDGE_CURVE ( 'NONE', #4431, #2824, #84, .T. ) ;
#3659 = DIRECTION ( 'NONE',  ( 0.000000000000000000, 1.000000000000000000, 0.000000000000000000 ) ) ;
#3660 = VERTEX_POINT ( 'NONE', #1271 ) ;
#3661 = ORIENTED_EDGE ( 'NONE', *, *, #2204, .F. ) ;
#3662 = DIRECTION ( 'NONE',  ( 1.000000000000000000, 0.000000000000000000, 0.000000000000000000 ) ) ;
#3663 = CARTESIAN_POINT ( 'NONE',  ( -1.368642392303246469, -10.78455706712952988, 0.2086874277187336368 ) ) ;
#3664 = DIRECTION ( 'NONE',  ( 0.000000000000000000, 0.000000000000000000, -1.000000000000000000 ) ) ;
#3665 = VECTOR ( 'NONE', #3635, 1000.000000000000000 ) ;
#3666 = EDGE_CURVE ( 'NONE', #3268, #2004, #7584, .T. ) ;
#3667 = CARTESIAN_POINT ( 'NONE',  ( -2.486915831278783795, -10.67803198195874437, 21.01871583748083339 ) ) ;
#3668 = CARTESIAN_POINT ( 'NONE',  ( 1.000000000000001554, -9.949874371066199430, 230.0000000000000000 ) ) ;
#3669 = CARTESIAN_POINT ( 'NONE',  ( -4.999999999999999112, 3.500000000000000000, 208.5000000000000284 ) ) ;
#3670 = EDGE_LOOP ( 'NONE', ( #4157, #6024, #7795, #395 ) ) ;
#3671 = ORIENTED_EDGE ( 'NONE', *, *, #3559, .F. ) ;
#3672 = AXIS2_PLACEMENT_3D ( 'NONE', #1865, #6681, #691 ) ;
#3673 = LINE ( 'NONE', #4100, #6259 ) ;
#3674 = CARTESIAN_POINT ( 'NONE',  ( -2.594161856611153727, -11.01554718837381941, 210.6680081843268511 ) ) ;
#3675 = CARTESIAN_POINT ( 'NONE',  ( 2.194994261698469007, -11.21901528231755840, 19.77292240503176401 ) ) ;
#3676 = CARTESIAN_POINT ( 'NONE',  ( 3.779976637959943098, -9.922438674644830314, 210.1332474124368446 ) ) ;
#3677 = DIRECTION ( 'NONE',  ( -1.000000000000000000, 0.000000000000000000, 0.000000000000000000 ) ) ;
#3678 = CARTESIAN_POINT ( 'NONE',  ( -0.9999999999999981126, -10.00000000000000178, 230.0000000000000000 ) ) ;
#3679 = FACE_OUTER_BOUND ( 'NONE', #7295, .T. ) ;
#3680 = CARTESIAN_POINT ( 'NONE',  ( 2.792259950142632619, -11.14127989588641121, 18.73581231001845282 ) ) ;
#3681 = CARTESIAN_POINT ( 'NONE',  ( 2.251053734112862248, -11.21163118983650975, 19.48845245820811201 ) ) ;
#3682 = FACE_OUTER_BOUND ( 'NONE', #6613, .T. ) ;
#3683 = CARTESIAN_POINT ( 'NONE',  ( 4.000000000000022204, 6.324555320336759934, 19.99999999999998934 ) ) ;
#3684 = CARTESIAN_POINT ( 'NONE',  ( 2.772100310832184888, -11.15025283631903541, 1.297190730063943587 ) ) ;
#3685 = EDGE_LOOP ( 'NONE', ( #4375, #6191, #4513, #5090 ) ) ;
#3686 = EDGE_LOOP ( 'NONE', ( #2816, #2892, #4357 ) ) ;
#3687 = VERTEX_POINT ( 'NONE', #124 ) ;
#3688 = CARTESIAN_POINT ( 'NONE',  ( -2.783601831869671361, -11.15802674497659730, 228.6021987642503746 ) ) ;
#3689 = AXIS2_PLACEMENT_3D ( 'NONE', #5724, #880, #4974 ) ;
#3690 = DIRECTION ( 'NONE',  ( -1.000000000000000000, 0.000000000000000000, 0.000000000000000000 ) ) ;
#3691 = CARTESIAN_POINT ( 'NONE',  ( 2.278367919484531434, -11.15270186475104630, 210.3755503283825021 ) ) ;
#3692 = CARTESIAN_POINT ( 'NONE',  ( 2.192015627773379549, -11.22188251877809861, 210.2378878605271098 ) ) ;
#3693 = CARTESIAN_POINT ( 'NONE',  ( 0.000000000000000000, 0.000000000000000000, 230.0000000000000000 ) ) ;
#3694 = CARTESIAN_POINT ( 'NONE',  ( 2.509046463808143113, -11.07420235281305665, 19.30771119125801860 ) ) ;
#3695 = AXIS2_PLACEMENT_3D ( 'NONE', #869, #1377, #154 ) ;
#3696 = CARTESIAN_POINT ( 'NONE',  ( 1.811221830515587161, -11.49999999999999822, 211.5000000000000284 ) ) ;
#3697 = ORIENTED_EDGE ( 'NONE', *, *, #2828, .T. ) ;
#3698 = AXIS2_PLACEMENT_3D ( 'NONE', #5540, #774, #1361 ) ;
#3699 = EDGE_CURVE ( 'NONE', #6339, #7698, #5504, .T. ) ;
#3700 = EDGE_LOOP ( 'NONE', ( #6585, #4199, #5079, #5483 ) ) ;
#3701 = CARTESIAN_POINT ( 'NONE',  ( 3.191442569945343255, -6.980753955777268871, 209.2119630158802579 ) ) ;
#3702 = CARTESIAN_POINT ( 'NONE',  ( 2.500000000000001776, -9.165151389911677882, 208.5000000000000284 ) ) ;
#3703 = FACE_OUTER_BOUND ( 'NONE', #214, .T. ) ;
#3704 = CARTESIAN_POINT ( 'NONE',  ( 2.790812784670336999, -10.98413926377072336, 19.19007731492856195 ) ) ;
#3705 = DIRECTION ( 'NONE',  ( 0.000000000000000000, 0.000000000000000000, 1.000000000000000000 ) ) ;
#3706 = LINE ( 'NONE', #7220, #4007 ) ;
#3707 = ORIENTED_EDGE ( 'NONE', *, *, #3025, .F. ) ;
#3708 = VERTEX_POINT ( 'NONE', #605 ) ;
#3709 = ADVANCED_FACE ( 'NONE', ( #7310 ), #4342, .F. ) ;
#3710 = CARTESIAN_POINT ( 'NONE',  ( -2.486915831278863731, -10.67803198195821324, 208.9812841625184490 ) ) ;
#3711 = CARTESIAN_POINT ( 'NONE',  ( -2.590177910053369725, -11.00897760881729681, 210.6454889721954373 ) ) ;
#3712 = CARTESIAN_POINT ( 'NONE',  ( 2.486915831278885936, -10.67803198195809955, 21.01871583748171446 ) ) ;
#3713 = CARTESIAN_POINT ( 'NONE',  ( 16.66532048819021838, 13.72641929943638317, 0.000000000000000000 ) ) ;
#3714 = CARTESIAN_POINT ( 'NONE',  ( 1.049329932173300062, -9.994409750612296861, 229.9992660775879187 ) ) ;
#3715 = CARTESIAN_POINT ( 'NONE',  ( -2.098834816452637586, -11.49999999999999645, 18.65505956370849105 ) ) ;
#3716 = CARTESIAN_POINT ( 'NONE',  ( -2.542909924553822254, -11.04604958464307174, 19.20253650078618790 ) ) ;
#3717 = CARTESIAN_POINT ( 'NONE',  ( 2.423874404973627161, -10.88269581110148998, 19.77292240503286180 ) ) ;
#3718 = CARTESIAN_POINT ( 'NONE',  ( 2.265022261150401395, -11.18859899381895673, 19.52221679131420373 ) ) ;
#3719 = CARTESIAN_POINT ( 'NONE',  ( 23.50000000000000000, 20.99999999999999645, 1.500000000000000000 ) ) ;
#3720 = DIRECTION ( 'NONE',  ( 0.000000000000000000, 1.000000000000000000, 0.000000000000000000 ) ) ;
#3721 = CARTESIAN_POINT ( 'NONE',  ( 1.409452582365952722, -10.41046712233894844, 0.07053651159406781890 ) ) ;
#3722 = EDGE_LOOP ( 'NONE', ( #4059, #6422, #6830 ) ) ;
#3723 = ORIENTED_EDGE ( 'NONE', *, *, #979, .T. ) ;
#3724 = VECTOR ( 'NONE', #2229, 1000.000000000000000 ) ;
#3725 = ORIENTED_EDGE ( 'NONE', *, *, #4742, .F. ) ;
#3726 = CARTESIAN_POINT ( 'NONE',  ( 23.50000000000000000, 20.99999999999999645, 210.0000000000000284 ) ) ;
#3727 = CARTESIAN_POINT ( 'NONE',  ( 1.058925609423307268, -10.05892560942330682, 229.9991311889622523 ) ) ;
#3728 = CARTESIAN_POINT ( 'NONE',  ( 2.677392174308822703, -11.01698318766012363, 210.7700265984146597 ) ) ;
#3729 = CARTESIAN_POINT ( 'NONE',  ( 1.046449928397003903, -9.969741471413810174, 0.0001692807718195140406 ) ) ;
#3730 = SPHERICAL_SURFACE ( 'NONE', #1090, 0.5000000000000000000 ) ;
#3731 = CARTESIAN_POINT ( 'NONE',  ( 2.430877725103202547, -11.08265154885974191, 19.42459511882606549 ) ) ;
#3732 = AXIS2_PLACEMENT_3D ( 'NONE', #1348, #7308, #1655 ) ;
#3733 = EDGE_LOOP ( 'NONE', ( #6034, #7688, #5029, #3955 ) ) ;
#3734 = EDGE_CURVE ( 'NONE', #3220, #3204, #2410, .T. ) ;
#3735 = AXIS2_PLACEMENT_3D ( 'NONE', #3587, #1231, #2418 ) ;
#3736 = ORIENTED_EDGE ( 'NONE', *, *, #1326, .F. ) ;
#3737 = CARTESIAN_POINT ( 'NONE',  ( 2.912066371730126946, -7.834142325845512289, 209.5372499225495631 ) ) ;
#3738 = VECTOR ( 'NONE', #5904, 1000.000000000000000 ) ;
#3739 = CARTESIAN_POINT ( 'NONE',  ( -3.915345752299939974, -9.433010928180200594, 210.0000000000000284 ) ) ;
#3740 = CARTESIAN_POINT ( 'NONE',  ( -9.406916296478005535, 3.392628153962137461, 211.5000000000000284 ) ) ;
#3741 = EDGE_CURVE ( 'NONE', #5550, #6356, #5232, .T. ) ;
#3742 = CARTESIAN_POINT ( 'NONE',  ( 2.819355738465503691, -11.09587693792542673, 211.1060038662414797 ) ) ;
#3743 = EDGE_CURVE ( 'NONE', #1187, #2439, #2651, .T. ) ;
#3744 = DIRECTION ( 'NONE',  ( -0.3392628153962138904, 0.9406916296478003980, 3.121703294406254541E-17 ) ) ;
#3745 = EDGE_CURVE ( 'NONE', #6104, #1950, #7527, .T. ) ;
#3746 = ORIENTED_EDGE ( 'NONE', *, *, #752, .T. ) ;
#3747 = ORIENTED_EDGE ( 'NONE', *, *, #7143, .T. ) ;
#3748 = CARTESIAN_POINT ( 'NONE',  ( 23.50000000000000000, 22.50000000000000000, 230.0000000000000000 ) ) ;
#3749 = CARTESIAN_POINT ( 'NONE',  ( -2.457684099504972686, -11.04258121643519885, 210.5002615228048910 ) ) ;
#3750 = CARTESIAN_POINT ( 'NONE',  ( 1.214818549687736393, -10.20825869643188533, 229.9820617703603034 ) ) ;
#3751 = CARTESIAN_POINT ( 'NONE',  ( -2.499999999999997780, -11.50000000000000000, 230.0000000000000000 ) ) ;
#3752 = CYLINDRICAL_SURFACE ( 'NONE', #7431, 1.500000000000000000 ) ;
#3753 = EDGE_CURVE ( 'NONE', #6339, #6132, #1051, .T. ) ;
#3754 = DIRECTION ( 'NONE',  ( 0.000000000000000000, 1.000000000000000000, 0.000000000000000000 ) ) ;
#3755 = CIRCLE ( 'NONE', #4888, 1.500000000000000000 ) ;
#3756 = CARTESIAN_POINT ( 'NONE',  ( -2.315245247016628483, -11.28539678794438572, 19.07488847149290123 ) ) ;
#3757 = CARTESIAN_POINT ( 'NONE',  ( 2.098834816460434016, -11.49999999999999822, 18.65505956371123730 ) ) ;
#3758 = B_SPLINE_CURVE_WITH_KNOTS ( 'NONE', 3,
 ( #5139, #594, #2366, #7216 ),
 .UNSPECIFIED., .F., .F.,
 ( 4, 4 ),
 ( 2.478219920134596513E-15, 5.119540313838195726E-05 ),
 .UNSPECIFIED. ) ;
#3759 = PLANE ( 'NONE',  #6283 ) ;
#3760 = CARTESIAN_POINT ( 'NONE',  ( -2.549432087221308318, -11.21644525789304936, 1.500000000000001110 ) ) ;
#3761 = CARTESIAN_POINT ( 'NONE',  ( -1.032903929298540024, -9.979608481132432374, 0.0002448004201748854320 ) ) ;
#3762 = CARTESIAN_POINT ( 'NONE',  ( 1.848019505123561501, -10.51341996701425430, 0.1570252823958772914 ) ) ;
#3763 = ORIENTED_EDGE ( 'NONE', *, *, #6402, .T. ) ;
#3764 = EDGE_CURVE ( 'NONE', #5164, #3163, #344, .T. ) ;
#3765 = EDGE_CURVE ( 'NONE', #3708, #6729, #1976, .T. ) ;
#3766 = VECTOR ( 'NONE', #6835, 1000.000000000000000 ) ;
#3767 = VERTEX_POINT ( 'NONE', #5131 ) ;
#3768 = ORIENTED_EDGE ( 'NONE', *, *, #6565, .T. ) ;
#3769 = CARTESIAN_POINT ( 'NONE',  ( 1.477712526507010793, -10.35521227416110612, 229.9315759638241161 ) ) ;
#3770 = CARTESIAN_POINT ( 'NONE',  ( -5.999999999999996447, 3.605551275463993566, 21.49999999999999289 ) ) ;
#3771 = CARTESIAN_POINT ( 'NONE',  ( 2.785295650771424381, -10.98049912332062483, 210.7883647899064385 ) ) ;
#3772 = CARTESIAN_POINT ( 'NONE',  ( -1.436080361701763231, -10.43753656653210271, 229.9188050489171360 ) ) ;
#3773 = CARTESIAN_POINT ( 'NONE',  ( 2.582605884610027935, -10.99587362278780134, 210.6203637580388488 ) ) ;
#3774 = CARTESIAN_POINT ( 'NONE',  ( -1.058925609423402081, -10.05892560942340275, 0.0008688110376956673748 ) ) ;
#3775 = CARTESIAN_POINT ( 'NONE',  ( 2.502685319660368002, -11.06859848570599247, 19.33210290251756902 ) ) ;
#3776 = CIRCLE ( 'NONE', #7053, 9.000000000000000000 ) ;
#3777 = EDGE_LOOP ( 'NONE', ( #355, #2855, #7461, #2373 ) ) ;
#3778 = CIRCLE ( 'NONE', #381, 1.500000000000000222 ) ;
#3779 = CARTESIAN_POINT ( 'NONE',  ( -1.093686363520138149, -10.14376280909799100, 0.004361575505942186931 ) ) ;
#3780 = EDGE_CURVE ( 'NONE', #4688, #4841, #7725, .T. ) ;
#3781 = CARTESIAN_POINT ( 'NONE',  ( -1.061428447139662667, -10.18428534146760889, 0.008262127469642171693 ) ) ;
#3782 = CARTESIAN_POINT ( 'NONE',  ( 0.000000000000000000, 20.99999999999999645, 1.500000000000000000 ) ) ;
#3783 = CARTESIAN_POINT ( 'NONE',  ( 2.905312391779466541, -10.97823704628032715, 210.8589073959238931 ) ) ;
#3784 = DIRECTION ( 'NONE',  ( 0.7071067811865621167, 0.7071067811865329178, 0.000000000000000000 ) ) ;
#3785 = SPHERICAL_SURFACE ( 'NONE', #2752, 0.5000000000000000000 ) ;
#3786 = EDGE_LOOP ( 'NONE', ( #6516, #1799, #5637, #2481 ) ) ;
#3787 = ORIENTED_EDGE ( 'NONE', *, *, #4900, .T. ) ;
#3788 = DIRECTION ( 'NONE',  ( 1.000000000000000000, 0.000000000000000000, 0.000000000000000000 ) ) ;
#3789 = CARTESIAN_POINT ( 'NONE',  ( -2.660744223651978935, -11.01125251141911576, 210.7393292146771273 ) ) ;
#3790 = VECTOR ( 'NONE', #5675, 1000.000000000000000 ) ;
#3791 = DIRECTION ( 'NONE',  ( -1.000000000000000000, 0.000000000000000000, 0.000000000000000000 ) ) ;
#3792 = DIRECTION ( 'NONE',  ( 1.000000000000000000, 0.000000000000000000, 0.000000000000000000 ) ) ;
#3793 = LINE ( 'NONE', #3170, #6158 ) ;
#3794 = DIRECTION ( 'NONE',  ( -1.000000000000000000, 0.000000000000000000, 0.000000000000000000 ) ) ;
#3795 = CARTESIAN_POINT ( 'NONE',  ( 1.022731921350511275, -10.00757730711683635, 0.0001291878436113501913 ) ) ;
#3796 = AXIS2_PLACEMENT_3D ( 'NONE', #806, #4384, #6872 ) ;
#3797 = CARTESIAN_POINT ( 'NONE',  ( -2.069464048262812828, -11.45465357277556961, 228.8979466851075983 ) ) ;
#3798 = CARTESIAN_POINT ( 'NONE',  ( 1.500000027030669258, -11.50000000000000000, 210.3376788839873939 ) ) ;
#3799 = CARTESIAN_POINT ( 'NONE',  ( -23.50000000000000000, 12.22641929943638317, 19.99999999999998934 ) ) ;
#3800 = CARTESIAN_POINT ( 'NONE',  ( -19.00000000000000355, 22.50000000000000000, 220.0000000000000284 ) ) ;
#3801 = CARTESIAN_POINT ( 'NONE',  ( 2.621134041882510424, -11.03466216618522111, 210.7484726911614246 ) ) ;
#3802 = CARTESIAN_POINT ( 'NONE',  ( -1.014933520385703725, -9.976868486637521016, 4.391899331449949625E-05 ) ) ;
#3803 = EDGE_LOOP ( 'NONE', ( #2468, #673, #7382, #1581, #3315, #1383 ) ) ;
#3804 = CIRCLE ( 'NONE', #2422, 1.500000000000001110 ) ;
#3805 = CARTESIAN_POINT ( 'NONE',  ( 2.300681484033327617, -11.26659655989950970, 1.026981420760788577 ) ) ;
#3806 = ORIENTED_EDGE ( 'NONE', *, *, #3765, .F. ) ;
#3807 = ADVANCED_FACE ( 'NONE', ( #6834 ), #6795, .T. ) ;
#3808 = VERTEX_POINT ( 'NONE', #7427 ) ;
#3809 = CARTESIAN_POINT ( 'NONE',  ( -1.667493423283341158, -11.50000000000000178, 210.9704835156222202 ) ) ;
#3810 = CARTESIAN_POINT ( 'NONE',  ( 1.218708463367320638, -10.07000998971051864, 229.9949363131397035 ) ) ;
#3811 = CARTESIAN_POINT ( 'NONE',  ( 2.841804238223119672, -10.96738095552079351, 210.8034966040970346 ) ) ;
#3812 = FACE_OUTER_BOUND ( 'NONE', #820, .T. ) ;
#3813 = FACE_OUTER_BOUND ( 'NONE', #5807, .T. ) ;
#3814 = CARTESIAN_POINT ( 'NONE',  ( 2.509924152849711820, -7.748102872574071043, 208.6986878981972211 ) ) ;
#3815 = CARTESIAN_POINT ( 'NONE',  ( 2.220147512298538128, -11.19501121523595621, 19.74101011997956689 ) ) ;
#3816 = ORIENTED_EDGE ( 'NONE', *, *, #4331, .T. ) ;
#3817 = CIRCLE ( 'NONE', #807, 11.50000000000000000 ) ;
#3818 = CARTESIAN_POINT ( 'NONE',  ( 2.518171092447790027, -7.112413845937547663, 208.7730144628219477 ) ) ;
#3819 = CARTESIAN_POINT ( 'NONE',  ( -23.50000000000000000, 13.72641929943638139, 18.49999999999998934 ) ) ;
#3820 = CARTESIAN_POINT ( 'NONE',  ( 23.50000000000000000, 12.22641929943638317, 1.500000000000001332 ) ) ;
#3821 = CARTESIAN_POINT ( 'NONE',  ( 2.864032064259385724, -11.02885886833938578, 210.9471057834510646 ) ) ;
#3822 = CARTESIAN_POINT ( 'NONE',  ( -1.811221830515580722, -11.50000000000000000, 228.5000000000000000 ) ) ;
#3823 = VECTOR ( 'NONE', #2954, 1000.000000000000000 ) ;
#3824 = CYLINDRICAL_SURFACE ( 'NONE', #5272, 2.499999999999998668 ) ;
#3825 = ORIENTED_EDGE ( 'NONE', *, *, #1535, .T. ) ;
#3826 = ORIENTED_EDGE ( 'NONE', *, *, #6212, .F. ) ;
#3827 = FACE_OUTER_BOUND ( 'NONE', #3722, .T. ) ;
#3828 = CARTESIAN_POINT ( 'NONE',  ( 16.66532048819021838, 12.22641929943638317, 9.105980102494566353 ) ) ;
#3829 = LINE ( 'NONE', #7428, #5282 ) ;
#3830 = CARTESIAN_POINT ( 'NONE',  ( -1.367660418632459463, -10.78270615981396041, 229.7922592741129506 ) ) ;
#3831 = CARTESIAN_POINT ( 'NONE',  ( -3.428571428571425717, 7.228063223242011226, 209.5000000000000284 ) ) ;
#3832 = CARTESIAN_POINT ( 'NONE',  ( -9.406916296478005535, 3.392628153962137461, 230.0000000000000000 ) ) ;
#3833 = DIRECTION ( 'NONE',  ( 1.000000000000000000, 0.000000000000000000, -1.209741371404878502E-16 ) ) ;
#3834 = CARTESIAN_POINT ( 'NONE',  ( 1.781158184163556868, -11.50000000000000000, 18.71793268351303396 ) ) ;
#3835 = DIRECTION ( 'NONE',  ( 0.000000000000000000, -1.000000000000000000, 0.000000000000000000 ) ) ;
#3836 = CARTESIAN_POINT ( 'NONE',  ( -2.783601835263888713, -11.15802674412988083, 1.293879336242219402 ) ) ;
#3837 = ADVANCED_FACE ( 'NONE', ( #318 ), #3563, .F. ) ;
#3838 = CARTESIAN_POINT ( 'NONE',  ( 1.275677823175106917, -10.41104025238800723, 229.9467854605904051 ) ) ;
#3839 = CARTESIAN_POINT ( 'NONE',  ( -9.406916296478005535, 3.392628153962137461, 0.000000000000000000 ) ) ;
#3840 = ORIENTED_EDGE ( 'NONE', *, *, #7700, .T. ) ;
#3841 = CARTESIAN_POINT ( 'NONE',  ( 1.275626596146371972, -10.41111594816289276, 0.05324239923108897016 ) ) ;
#3842 = EDGE_CURVE ( 'NONE', #4748, #2647, #5452, .T. ) ;
#3843 = EDGE_CURVE ( 'NONE', #1449, #7250, #4577, .T. ) ;
#3844 = EDGE_CURVE ( 'NONE', #5052, #3372, #3817, .T. ) ;
#3845 = VERTEX_POINT ( 'NONE', #3828 ) ;
#3846 = CARTESIAN_POINT ( 'NONE',  ( 1.233160953811461624, -10.08305420411930520, 229.9923065679689103 ) ) ;
#3847 = CARTESIAN_POINT ( 'NONE',  ( 0.000000000000000000, 0.000000000000000000, 18.49999999999998934 ) ) ;
#3848 = CARTESIAN_POINT ( 'NONE',  ( 2.511378528128489052, -11.07630399690687106, 210.7012353031277883 ) ) ;
#3849 = CARTESIAN_POINT ( 'NONE',  ( 2.459282996611278804, -10.79139168798111825, 209.1592385128911928 ) ) ;
#3850 = CARTESIAN_POINT ( 'NONE',  ( 1.811221830515586939, -11.49999999999999822, 1.500000000000001332 ) ) ;
#3851 = DIRECTION ( 'NONE',  ( 0.000000000000000000, 0.000000000000000000, -1.000000000000000000 ) ) ;
#3852 = CARTESIAN_POINT ( 'NONE',  ( 2.375758088582472283, -11.13746161472340468, 19.38774954432656372 ) ) ;
#3853 = ORIENTED_EDGE ( 'NONE', *, *, #572, .F. ) ;
#3854 = AXIS2_PLACEMENT_3D ( 'NONE', #4304, #5652, #134 ) ;
#3855 = CIRCLE ( 'NONE', #4859, 0.9999999999999995559 ) ;
#3856 = CARTESIAN_POINT ( 'NONE',  ( 2.211375903088312000, -11.20951347385179631, 210.3260237183494610 ) ) ;
#3857 = AXIS2_PLACEMENT_3D ( 'NONE', #4681, #1217, #3618 ) ;
#3858 = CARTESIAN_POINT ( 'NONE',  ( -2.499999999999998224, -9.165151389911681434, 210.0000000000000284 ) ) ;
#3859 = CARTESIAN_POINT ( 'NONE',  ( -2.194994261696760152, -11.21901528231920864, 19.77292240502555742 ) ) ;
#3860 = CARTESIAN_POINT ( 'NONE',  ( -19.00000000000000355, 22.50000000000000000, 9.999999999999994671 ) ) ;
#3861 = CARTESIAN_POINT ( 'NONE',  ( -1.046652478900903294, -10.02302090264878842, 0.0006730476136880922822 ) ) ;
#3862 = ORIENTED_EDGE ( 'NONE', *, *, #4772, .F. ) ;
#3863 = ADVANCED_FACE ( 'NONE', ( #5683 ), #3243, .F. ) ;
#3864 = DIRECTION ( 'NONE',  ( -0.9406916296478003980, -0.3392628153962138904, 0.000000000000000000 ) ) ;
#3865 = VECTOR ( 'NONE', #4218, 1000.000000000000000 ) ;
#3866 = ORIENTED_EDGE ( 'NONE', *, *, #5578, .T. ) ;
#3867 = AXIS2_PLACEMENT_3D ( 'NONE', #7208, #5393, #7804 ) ;
#3868 = ORIENTED_EDGE ( 'NONE', *, *, #7157, .T. ) ;
#3869 = CARTESIAN_POINT ( 'NONE',  ( -3.134148225937018584, -6.899932079636299065, 208.9886344653012884 ) ) ;
#3870 = CARTESIAN_POINT ( 'NONE',  ( -2.242962184292685901, -11.17349386395412481, 210.2925467429988942 ) ) ;
#3871 = CARTESIAN_POINT ( 'NONE',  ( -2.783601829261904026, -11.15802674562710273, 211.5000000000000284 ) ) ;
#3872 = CARTESIAN_POINT ( 'NONE',  ( 1.039283735844235723, -10.03928373584424527, 0.0002891020632057648520 ) ) ;
#3873 = FACE_OUTER_BOUND ( 'NONE', #6383, .T. ) ;
#3874 = CARTESIAN_POINT ( 'NONE',  ( 1.000000000000001776, -9.999999999999998224, 0.000000000000000000 ) ) ;
#3875 = ORIENTED_EDGE ( 'NONE', *, *, #1891, .T. ) ;
#3876 = CARTESIAN_POINT ( 'NONE',  ( -1.743122057022796989, -11.41736669519041136, 229.0055130364146407 ) ) ;
#3877 = CARTESIAN_POINT ( 'NONE',  ( 2.395532933715419421, -10.95605842963692211, 19.69119020983066193 ) ) ;
#3878 = DIRECTION ( 'NONE',  ( -0.000000000000000000, 1.000000000000000000, -0.000000000000000000 ) ) ;
#3879 = CARTESIAN_POINT ( 'NONE',  ( -1.009819514568974785, -10.02945854370693191, 1.956975357162643386E-15 ) ) ;
#3880 = CARTESIAN_POINT ( 'NONE',  ( 1.125736070094936814, -10.10190222827051443, 229.9949075467806949 ) ) ;
#3881 = CARTESIAN_POINT ( 'NONE',  ( 23.50000000000000000, 13.72641929943638139, 1.500000000000000000 ) ) ;
#3882 = ORIENTED_EDGE ( 'NONE', *, *, #5503, .T. ) ;
#3883 = AXIS2_PLACEMENT_3D ( 'NONE', #4676, #2591, #145 ) ;
#3884 = CARTESIAN_POINT ( 'NONE',  ( -0.9999999999999988898, -9.791996142006150359E-17, 228.5000000000000000 ) ) ;
#3885 = ORIENTED_EDGE ( 'NONE', *, *, #7803, .T. ) ;
#3886 = CARTESIAN_POINT ( 'NONE',  ( 25.00000000000000000, 13.72641929943638139, 18.49999999999998934 ) ) ;
#3887 = ADVANCED_FACE ( 'NONE', ( #802 ), #3208, .T. ) ;
#3888 = CARTESIAN_POINT ( 'NONE',  ( -3.500000000000022649, 23.00000000000000000, 20.49999999999998934 ) ) ;
#3889 = CARTESIAN_POINT ( 'NONE',  ( 2.495651575433975200, -11.06366721998850267, 210.6435418167840226 ) ) ;
#3890 = DIRECTION ( 'NONE',  ( 2.937598842601849298E-16, -1.000000000000000000, -0.000000000000000000 ) ) ;
#3891 = CARTESIAN_POINT ( 'NONE',  ( 9.406916296478003758, 3.392628153962141901, 19.99999999999998934 ) ) ;
#3892 = CARTESIAN_POINT ( 'NONE',  ( 2.913626296308031272, -10.97007306885249456, 210.8470045602167318 ) ) ;
#3893 = ORIENTED_EDGE ( 'NONE', *, *, #1669, .F. ) ;
#3894 = AXIS2_PLACEMENT_3D ( 'NONE', #7648, #5429, #1130 ) ;
#3895 = CARTESIAN_POINT ( 'NONE',  ( 2.235332250060238390, -11.20862539195250740, 210.4435275062899677 ) ) ;
#3896 = CIRCLE ( 'NONE', #6162, 1.500000000000000000 ) ;
#3897 = CARTESIAN_POINT ( 'NONE',  ( 2.880514889449664828, -11.00751101442145341, 19.09232965640837421 ) ) ;
#3898 = AXIS2_PLACEMENT_3D ( 'NONE', #1931, #676, #1854 ) ;
#3899 = DIRECTION ( 'NONE',  ( -1.209741371404878502E-16, -0.000000000000000000, -1.000000000000000000 ) ) ;
#3900 =( BOUNDED_SURFACE ( )  B_SPLINE_SURFACE ( 3, 2, ( 
 ( #31, #6621, #3619 ),
 ( #3300, #5034, #7213 ),
 ( #3846, #5662, #5582 ),
 ( #6026, #2038, #2588 ),
 ( #2443, #6253, #6813 ),
 ( #895, #3769, #4843 ),
 ( #4396, #7252, #821 ),
 ( #1851, #2078, #4990 ),
 ( #4358, #3222, #5619 ),
 ( #7445, #4436, #6773 ),
 ( #6174, #219, #7483 ),
 ( #261, #3187, #6850 ),
 ( #1450, #856, #3260 ),
 ( #5073, #4475, #6890 ),
 ( #1486, #6297, #2159 ),
 ( #3479, #1600, #7522 ) ),
 .UNSPECIFIED., .F., .F., .F. ) 
 B_SPLINE_SURFACE_WITH_KNOTS ( ( 4, 2, 2, 2, 2, 2, 2, 4 ),
 ( 3, 3 ),
 ( 1.750037831663164845E-16, 0.0003033172693683037547, 0.0006066345387364325192, 0.001213269077472690048, 0.002426538154945204889, 0.003033172693681462310, 0.003639807232417719730, 0.004853076309890234571 ),
 ( 0.000000000000000000, 1.000000000000000000 ),
 .UNSPECIFIED. ) 
 GEOMETRIC_REPRESENTATION_ITEM ( )  RATIONAL_B_SPLINE_SURFACE ( (
 ( 1.000000000000000000, 0.9997586081349884024, 1.000000000000000000),
 ( 1.000000000000000000, 0.9996119229302370401, 1.000000000000000000),
 ( 1.000000000000000000, 0.9994594527141777984, 1.000000000000000000),
 ( 1.000000000000000000, 0.9991183562509051708, 1.000000000000000000),
 ( 1.000000000000000000, 0.9989306956996363285, 1.000000000000000000),
 ( 1.000000000000000000, 0.9983102409495784313, 1.000000000000000000),
 ( 1.000000000000000000, 0.9978198606524005809, 1.000000000000000000),
 ( 1.000000000000000000, 0.9961192906485463183, 1.000000000000000000),
 ( 1.000000000000000000, 0.9947325912218739630, 1.000000000000000000),
 ( 1.000000000000000000, 0.9925514022647299317, 1.000000000000000000),
 ( 1.000000000000000000, 0.9918153774241525999, 1.000000000000000000),
 ( 1.000000000000000000, 0.9904352244278681328, 1.000000000000000000),
 ( 1.000000000000000000, 0.9897822521112579208, 1.000000000000000000),
 ( 1.000000000000000000, 0.9880558201928419937, 1.000000000000000000),
 ( 1.000000000000000000, 0.9872953779351441028, 1.000000000000000000),
 ( 1.000000000000000000, 0.9873019781227612146, 1.000000000000000000) ) ) 
 REPRESENTATION_ITEM ( '' )  SURFACE ( )  );
#3901 = DIRECTION ( 'NONE',  ( 0.000000000000000000, -1.000000000000000000, 0.000000000000000000 ) ) ;
#3902 = ORIENTED_EDGE ( 'NONE', *, *, #3498, .F. ) ;
#3903 = CARTESIAN_POINT ( 'NONE',  ( 2.338456193817560980, -11.32880821375080238, 18.82160928486125684 ) ) ;
#3904 = ORIENTED_EDGE ( 'NONE', *, *, #6848, .F. ) ;
#3905 = VERTEX_POINT ( 'NONE', #1511 ) ;
#3906 = DIRECTION ( 'NONE',  ( -1.000000000000000000, 0.000000000000000000, 0.000000000000000000 ) ) ;
#3907 = CARTESIAN_POINT ( 'NONE',  ( -2.260746748182536958, -11.21837080779552664, 210.5640615935783728 ) ) ;
#3908 = EDGE_CURVE ( 'NONE', #4688, #2598, #5842, .T. ) ;
#3909 = CARTESIAN_POINT ( 'NONE',  ( -2.786393561166492283, -10.96315866864171440, 210.7473923718865194 ) ) ;
#3910 = DIRECTION ( 'NONE',  ( 0.000000000000000000, 1.000000000000000000, 0.000000000000000000 ) ) ;
#3911 = LINE ( 'NONE', #7065, #4393 ) ;
#3912 = CARTESIAN_POINT ( 'NONE',  ( -2.292057311844440726, -11.15709145837974248, 19.54427825668688357 ) ) ;
#3913 = CARTESIAN_POINT ( 'NONE',  ( 1.000000000000001776, -9.999999999999998224, 0.000000000000000000 ) ) ;
#3914 = EDGE_LOOP ( 'NONE', ( #5358, #5087, #2073, #189, #6865 ) ) ;
#3915 = CARTESIAN_POINT ( 'NONE',  ( -1.779440483285269714, -11.46420346505601628, 228.8312493887888763 ) ) ;
#3916 = CARTESIAN_POINT ( 'NONE',  ( 16.66532048819021838, 12.22641929943638495, 228.5000000000000000 ) ) ;
#3917 = CARTESIAN_POINT ( 'NONE',  ( 3.500000000000000888, -7.745966692414834043, 21.49999999999999289 ) ) ;
#3918 = CARTESIAN_POINT ( 'NONE',  ( 1.333857694354005474, -10.32349779061396688, 229.9537608443496026 ) ) ;
#3919 = CYLINDRICAL_SURFACE ( 'NONE', #1382, 1.000000000000000444 ) ;
#3920 = ORIENTED_EDGE ( 'NONE', *, *, #5288, .F. ) ;
#3921 = AXIS2_PLACEMENT_3D ( 'NONE', #4828, #5021, #204 ) ;
#3922 = CARTESIAN_POINT ( 'NONE',  ( 1.061428447139433073, -10.18428534146760533, 229.9917378725303649 ) ) ;
#3923 = CIRCLE ( 'NONE', #533, 1.500000000000000000 ) ;
#3924 = ORIENTED_EDGE ( 'NONE', *, *, #7790, .F. ) ;
#3925 = CARTESIAN_POINT ( 'NONE',  ( -3.126980450426917191, -7.879775394497214869, 20.26477338457231880 ) ) ;
#3926 = CARTESIAN_POINT ( 'NONE',  ( 0.000000000000000000, 0.000000000000000000, 21.49999999999999289 ) ) ;
#3927 = CARTESIAN_POINT ( 'NONE',  ( 1.022715479458850885, -9.990904658302646624, 229.9998711859806235 ) ) ;
#3928 = CARTESIAN_POINT ( 'NONE',  ( -23.50000000000000000, 13.72641929943638139, 228.5000000000000000 ) ) ;
#3929 = CARTESIAN_POINT ( 'NONE',  ( -4.000000000000022204, 3.500000000000000000, 20.49999999999998934 ) ) ;
#3930 = CARTESIAN_POINT ( 'NONE',  ( 3.903614748587164840, -8.042330533790547520, 210.0000000000000284 ) ) ;
#3931 = ORIENTED_EDGE ( 'NONE', *, *, #6447, .F. ) ;
#3932 = UNCERTAINTY_MEASURE_WITH_UNIT (LENGTH_MEASURE( 1.000000000000000082E-05 ), #992, 'distance_accuracy_value', 'NONE');
#3933 = ADVANCED_FACE ( 'NONE', ( #1105 ), #4652, .F. ) ;
#3934 = DIRECTION ( 'NONE',  ( -0.000000000000000000, -0.000000000000000000, 1.000000000000000000 ) ) ;
#3935 = CARTESIAN_POINT ( 'NONE',  ( 2.895905503373863876, -10.98903226132726196, 19.12369903611462618 ) ) ;
#3936 = CARTESIAN_POINT ( 'NONE',  ( -3.779976637959937324, -9.922438674644842749, 19.86675258756314477 ) ) ;
#3937 = CARTESIAN_POINT ( 'NONE',  ( -2.550039136914440618, -11.20248662793793848, 211.2630500556112452 ) ) ;
#3938 = EDGE_CURVE ( 'NONE', #3538, #3268, #3437, .T. ) ;
#3939 = ORIENTED_EDGE ( 'NONE', *, *, #1290, .T. ) ;
#3940 = ADVANCED_FACE ( 'NONE', ( #7734 ), #1659, .F. ) ;
#3941 = EDGE_CURVE ( 'NONE', #6420, #1580, #930, .T. ) ;
#3942 = ORIENTED_EDGE ( 'NONE', *, *, #619, .T. ) ;
#3943 = CARTESIAN_POINT ( 'NONE',  ( 23.50000000000000000, 13.72641929943638139, 211.5000000000000284 ) ) ;
#3944 = CARTESIAN_POINT ( 'NONE',  ( -2.227859941077119377, -11.21203954598240315, 210.4290960712356195 ) ) ;
#3945 = EDGE_CURVE ( 'NONE', #4461, #365, #5212, .T. ) ;
#3946 = CARTESIAN_POINT ( 'NONE',  ( -2.839583633287070530, -10.99108879987641529, 210.8469439109131542 ) ) ;
#3947 = TOROIDAL_SURFACE ( 'NONE', #4955, 7.716029316036113528, 1.500000000000000000 ) ;
#3948 = CARTESIAN_POINT ( 'NONE',  ( -23.50000000000000000, 20.99999999999999645, 1.500000000000000000 ) ) ;
#3949 = CARTESIAN_POINT ( 'NONE',  ( -2.499999999999998224, -7.745966692414834931, 208.5000000000000284 ) ) ;
#3950 = CARTESIAN_POINT ( 'NONE',  ( -2.196384888051770456, -11.21767345429908858, 19.77114825461595160 ) ) ;
#3951 = VECTOR ( 'NONE', #6185, 1000.000000000000000 ) ;
#3952 = DIRECTION ( 'NONE',  ( -0.000000000000000000, -0.000000000000000000, -1.000000000000000000 ) ) ;
#3953 = ADVANCED_FACE ( 'NONE', ( #6061 ), #5803, .T. ) ;
#3954 = VERTEX_POINT ( 'NONE', #1291 ) ;
#3955 = ORIENTED_EDGE ( 'NONE', *, *, #1538, .F. ) ;
#3956 = CARTESIAN_POINT ( 'NONE',  ( -1.412682220816601220, -10.60735048036620931, 229.8832946724607211 ) ) ;
#3957 = DIRECTION ( 'NONE',  ( 1.000000000000000000, 0.000000000000000000, 0.000000000000000000 ) ) ;
#3958 = CARTESIAN_POINT ( 'NONE',  ( 1.000000000000001554, -10.00000000000000000, 230.0000000000000000 ) ) ;
#3959 = CARTESIAN_POINT ( 'NONE',  ( 0.000000000000000000, 0.000000000000000000, 210.0000000000000284 ) ) ;
#3960 = CARTESIAN_POINT ( 'NONE',  ( 4.000000000000000000, 3.500000000000000000, 209.5000000000000284 ) ) ;
#3961 = ORIENTED_EDGE ( 'NONE', *, *, #1070, .T. ) ;
#3962 = CARTESIAN_POINT ( 'NONE',  ( 2.179288677644369621, -11.16045760221654071, 0.7403821403791289724 ) ) ;
#3963 = EDGE_CURVE ( 'NONE', #3268, #5216, #2689, .T. ) ;
#3964 = ORIENTED_EDGE ( 'NONE', *, *, #6374, .F. ) ;
#3965 = DIRECTION ( 'NONE',  ( -2.937598842601849298E-16, 1.000000000000000000, -0.000000000000000000 ) ) ;
#3966 = CARTESIAN_POINT ( 'NONE',  ( 1.011353222448978295, -9.970405524104485551, 230.0000000000000000 ) ) ;
#3967 = CARTESIAN_POINT ( 'NONE',  ( -2.139795003473255797, -11.14111703313758639, 229.3008630827564787 ) ) ;
#3968 = CARTESIAN_POINT ( 'NONE',  ( 1.011366327769112061, -10.00378877592303795, 229.9999999999999716 ) ) ;
#3969 = CARTESIAN_POINT ( 'NONE',  ( 3.341663102983728262, -7.925017750991598220, 209.8513729778192669 ) ) ;
#3970 = ORIENTED_EDGE ( 'NONE', *, *, #2414, .F. ) ;
#3971 = CARTESIAN_POINT ( 'NONE',  ( -2.373797194328448157, -11.32674615025922904, 1.430428186776908417 ) ) ;
#3972 = CARTESIAN_POINT ( 'NONE',  ( -2.499999999999998224, -7.745966692414834931, 19.99999999999998934 ) ) ;
#3973 = CYLINDRICAL_SURFACE ( 'NONE', #5900, 0.5000000000000004441 ) ;
#3974 = FACE_OUTER_BOUND ( 'NONE', #5190, .T. ) ;
#3975 = CARTESIAN_POINT ( 'NONE',  ( -2.549432087942328895, -11.21644525660894764, 211.3812447798119081 ) ) ;
#3976 = ORIENTED_EDGE ( 'NONE', *, *, #4742, .T. ) ;
#3977 = VERTEX_POINT ( 'NONE', #6854 ) ;
#3978 = CARTESIAN_POINT ( 'NONE',  ( 3.999999999999999112, 0.000000000000000000, 208.5000000000000284 ) ) ;
#3979 = CARTESIAN_POINT ( 'NONE',  ( -2.196415814340976880, -11.21764359086150975, 210.2288352792451462 ) ) ;
#3980 = CARTESIAN_POINT ( 'NONE',  ( -2.849327349197781079, -10.96789786214463547, 210.8049390157115397 ) ) ;
#3981 = EDGE_CURVE ( 'NONE', #3361, #4352, #7302, .T. ) ;
#3982 = CARTESIAN_POINT ( 'NONE',  ( -2.261157850637170341, -11.21987325376537825, 210.5701593652510724 ) ) ;
#3983 = EDGE_CURVE ( 'NONE', #2236, #5167, #64, .T. ) ;
#3984 = CARTESIAN_POINT ( 'NONE',  ( -2.244493185246033917, -11.19175733935026784, 19.58620729852766473 ) ) ;
#3985 = AXIS2_PLACEMENT_3D ( 'NONE', #4574, #3428, #6393 ) ;
#3986 = CYLINDRICAL_SURFACE ( 'NONE', #6066, 1.500000000000001332 ) ;
#3987 = AXIS2_PLACEMENT_3D ( 'NONE', #3693, #105, #2518 ) ;
#3988 = ORIENTED_EDGE ( 'NONE', *, *, #3780, .F. ) ;
#3989 = ORIENTED_EDGE ( 'NONE', *, *, #2803, .T. ) ;
#3990 = AXIS2_PLACEMENT_3D ( 'NONE', #4873, #6732, #6693 ) ;
#3991 = CARTESIAN_POINT ( 'NONE',  ( 0.000000000000000000, 0.000000000000000000, 209.5000000000000284 ) ) ;
#3992 = AXIS2_PLACEMENT_3D ( 'NONE', #7498, #5084, #274 ) ;
#3993 = ADVANCED_FACE ( 'NONE', ( #3812 ), #6597, .F. ) ;
#3994 = CARTESIAN_POINT ( 'NONE',  ( 1.003586553993943031, -9.956361105306973158, 3.214631834041719935E-06 ) ) ;
#3995 = CARTESIAN_POINT ( 'NONE',  ( -2.499999999999997780, -7.745966712016660871, 208.6084378223651186 ) ) ;
#3996 = FACE_BOUND ( 'NONE', #353, .T. ) ;
#3997 = ORIENTED_EDGE ( 'NONE', *, *, #7187, .T. ) ;
#3998 = DIRECTION ( 'NONE',  ( 0.000000000000000000, -1.000000000000000000, 0.000000000000000000 ) ) ;
#3999 = VECTOR ( 'NONE', #4122, 1000.000000000000000 ) ;
#4000 = ADVANCED_FACE ( 'NONE', ( #4440 ), #3639, .F. ) ;
#4001 = DIRECTION ( 'NONE',  ( 1.000000000000000000, 1.156482317317871133E-15, 0.000000000000000000 ) ) ;
#4002 = CARTESIAN_POINT ( 'NONE',  ( 2.913626296308029495, -10.97007306885249989, 210.8470045602167602 ) ) ;
#4003 = CARTESIAN_POINT ( 'NONE',  ( 2.999999999999996891, 6.324555320336759934, 19.99999999999998934 ) ) ;
#4004 = CARTESIAN_POINT ( 'NONE',  ( -2.423874404972990781, -10.88269581110301942, 210.2270775949677386 ) ) ;
#4005 = DIRECTION ( 'NONE',  ( 0.000000000000000000, 0.000000000000000000, 1.000000000000000000 ) ) ;
#4006 = EDGE_LOOP ( 'NONE', ( #4936, #2453, #4916, #445 ) ) ;
#4007 = VECTOR ( 'NONE', #5953, 1000.000000000000000 ) ;
#4008 = CARTESIAN_POINT ( 'NONE',  ( -2.117398336241856249, -11.10315877812946184, 0.6445330486884651711 ) ) ;
#4009 = DIRECTION ( 'NONE',  ( -0.000000000000000000, -1.000000000000000000, 0.000000000000000000 ) ) ;
#4010 = CARTESIAN_POINT ( 'NONE',  ( -3.499999999999997780, -7.745966692414834043, 21.49999999999999289 ) ) ;
#4011 = CARTESIAN_POINT ( 'NONE',  ( 2.770452834108724449, -10.96506817797090783, 19.23900331576445311 ) ) ;
#4012 = CARTESIAN_POINT ( 'NONE',  ( -2.345405229802018710, -11.34536861541393904, 211.5000000000000284 ) ) ;
#4013 = EDGE_LOOP ( 'NONE', ( #961, #7500, #7123, #3604 ) ) ;
#4014 = EDGE_LOOP ( 'NONE', ( #1159, #1029, #4924, #1065 ) ) ;
#4015 = AXIS2_PLACEMENT_3D ( 'NONE', #5804, #5844, #5172 ) ;
#4016 = DIRECTION ( 'NONE',  ( -1.000000000000000000, 0.000000000000000000, 0.000000000000000000 ) ) ;
#4017 = CARTESIAN_POINT ( 'NONE',  ( -2.347247881440377881, -11.09234555184419868, 19.59258381064845267 ) ) ;
#4018 = EDGE_CURVE ( 'NONE', #6104, #297, #2191, .T. ) ;
#4019 = CARTESIAN_POINT ( 'NONE',  ( -2.782647178582146719, -10.99447286946722002, 210.8129434520014627 ) ) ;
#4020 = CARTESIAN_POINT ( 'NONE',  ( 3.289904747187978540, -7.914186196241352889, 20.16568555800590090 ) ) ;
#4021 = CARTESIAN_POINT ( 'NONE',  ( -2.226643157432544484, -11.21257214588053763, 210.4259710781762465 ) ) ;
#4022 = CARTESIAN_POINT ( 'NONE',  ( -2.221143325758835996, -11.20995591156544613, 19.60785867426959328 ) ) ;
#4023 = AXIS2_PLACEMENT_3D ( 'NONE', #6601, #126, #4942 ) ;
#4024 = CARTESIAN_POINT ( 'NONE',  ( 1.811221830515586939, -11.49999999999999822, 230.0000000000000000 ) ) ;
#4025 = VERTEX_POINT ( 'NONE', #4399 ) ;
#4026 = ORIENTED_EDGE ( 'NONE', *, *, #5925, .F. ) ;
#4027 = CARTESIAN_POINT ( 'NONE',  ( 2.201396716907970230, -11.21374854796518150, 210.2703219414845819 ) ) ;
#4028 = CARTESIAN_POINT ( 'NONE',  ( 1.811221830515586939, -11.49999999999999822, 228.5000000000000000 ) ) ;
#4029 = DIRECTION ( 'NONE',  ( 0.000000000000000000, 0.000000000000000000, -1.000000000000000000 ) ) ;
#4030 = CARTESIAN_POINT ( 'NONE',  ( -2.634593108100611758, -7.188805510159954615, 209.1455659334860115 ) ) ;
#4031 = CARTESIAN_POINT ( 'NONE',  ( 1.805345034615875033, -11.49389656951273686, 1.360454332907384378 ) ) ;
#4032 = LINE ( 'NONE', #2383, #5796 ) ;
#4033 = CARTESIAN_POINT ( 'NONE',  ( -2.749869753687615770, -7.264229161661075018, 20.64791870029502263 ) ) ;
#4034 = AXIS2_PLACEMENT_3D ( 'NONE', #2528, #4255, #36 ) ;
#4035 = CARTESIAN_POINT ( 'NONE',  ( -2.921022172719607735, -10.96244204363725316, 210.8357794884244072 ) ) ;
#4036 = CARTESIAN_POINT ( 'NONE',  ( -2.913626296277898930, -10.97007306887183553, 19.15299543976061614 ) ) ;
#4037 = CARTESIAN_POINT ( 'NONE',  ( 2.500000000000000888, -7.745966692414834043, 21.49999999999999289 ) ) ;
#4038 = CARTESIAN_POINT ( 'NONE',  ( -2.168168947612552522, -11.49999999999999645, 210.2270775949681934 ) ) ;
#4039 = CARTESIAN_POINT ( 'NONE',  ( -1.361758462292408378, -10.36134566522812150, 0.05513409992402007465 ) ) ;
#4040 = ORIENTED_EDGE ( 'NONE', *, *, #5957, .F. ) ;
#4041 = B_SPLINE_CURVE_WITH_KNOTS ( 'NONE', 3,
 ( #4603, #5238, #2358, #5868, #7762, #6581, #4049, #6499, #4162, #5834, #2906, #1063, #4083, #7170, #2869, #7056 ),
 .UNSPECIFIED., .F., .F.,
 ( 4, 2, 2, 2, 2, 2, 2, 4 ),
 ( -8.057786639546251213E-06, 0.0002868868405491362930, 0.0005818314677378166790, 0.0008767760949264971192, 0.001171720722115177776, 0.001761609976492531067, 0.002056554603681207821, 0.002351499230869884792 ),
 .UNSPECIFIED. ) ;
#4042 = EDGE_CURVE ( 'NONE', #5389, #3229, #144, .T. ) ;
#4043 = VECTOR ( 'NONE', #7695, 1000.000000000000000 ) ;
#4044 = ORIENTED_EDGE ( 'NONE', *, *, #1227, .F. ) ;
#4045 = ORIENTED_EDGE ( 'NONE', *, *, #1146, .T. ) ;
#4046 = CARTESIAN_POINT ( 'NONE',  ( 2.241950167689832796, -11.21024924206790452, 210.4748272901630912 ) ) ;
#4047 = CARTESIAN_POINT ( 'NONE',  ( 2.530988936089813457, -11.00638985790593516, 19.28455383470182838 ) ) ;
#4048 = CARTESIAN_POINT ( 'NONE',  ( -3.146680328730915743, -12.61342153853497017, 211.5000000000000284 ) ) ;
#4049 = CARTESIAN_POINT ( 'NONE',  ( -3.539063869525190142, -7.458644746354123001, 20.19405914206252461 ) ) ;
#4050 = CARTESIAN_POINT ( 'NONE',  ( -23.50000000000000000, 20.99999999999999645, 18.49999999999998934 ) ) ;
#4051 = ORIENTED_EDGE ( 'NONE', *, *, #6240, .F. ) ;
#4052 = DIRECTION ( 'NONE',  ( 0.000000000000000000, 0.000000000000000000, -1.000000000000000000 ) ) ;
#4053 = CARTESIAN_POINT ( 'NONE',  ( 1.128546903669007895, -10.07762628786434966, -1.496702533594281626 ) ) ;
#4054 = CARTESIAN_POINT ( 'NONE',  ( -2.782943324941776098, -11.00092934575198811, 210.8272115903598376 ) ) ;
#4055 = CARTESIAN_POINT ( 'NONE',  ( 3.500000000000000888, -7.745966692414834043, 230.0000000000000000 ) ) ;
#4056 = DIRECTION ( 'NONE',  ( -9.791996142006161452E-17, 1.000000000000000000, 0.000000000000000000 ) ) ;
#4057 = CARTESIAN_POINT ( 'NONE',  ( -2.670768169125178115, -11.00937525302598985, 19.24267015252044288 ) ) ;
#4058 = CARTESIAN_POINT ( 'NONE',  ( 0.000000000000000000, 0.000000000000000000, 0.000000000000000000 ) ) ;
#4059 = ORIENTED_EDGE ( 'NONE', *, *, #5070, .T. ) ;
#4060 = ORIENTED_EDGE ( 'NONE', *, *, #6688, .T. ) ;
#4061 = AXIS2_PLACEMENT_3D ( 'NONE', #2688, #4498, #6914 ) ;
#4062 = CARTESIAN_POINT ( 'NONE',  ( 2.201754188015717872, -11.21342368381464638, 210.2707306734252768 ) ) ;
#4063 = CARTESIAN_POINT ( 'NONE',  ( 16.66532048819021838, 12.22641929943638495, 19.99999999999998934 ) ) ;
#4064 = CARTESIAN_POINT ( 'NONE',  ( -2.511620315172258255, -7.748468092593796541, 208.7144355673716802 ) ) ;
#4065 = CARTESIAN_POINT ( 'NONE',  ( 2.373361218404065998, -11.32704250712061977, 1.500000000001017630 ) ) ;
#4066 = AXIS2_PLACEMENT_3D ( 'NONE', #939, #3265, #223 ) ;
#4067 = DIRECTION ( 'NONE',  ( 1.000000000000000000, 0.000000000000000000, 0.000000000000000000 ) ) ;
#4068 = CARTESIAN_POINT ( 'NONE',  ( -3.251682847070217708, -7.589812906716389307, 20.17854639120173488 ) ) ;
#4069 = CARTESIAN_POINT ( 'NONE',  ( -2.898854378316782388, -10.98383715284090201, 210.8670794413774843 ) ) ;
#4070 = CARTESIAN_POINT ( 'NONE',  ( 2.913626296308029051, -10.97007306885249989, 210.8470045602167602 ) ) ;
#4071 = EDGE_CURVE ( 'NONE', #7597, #6791, #423, .T. ) ;
#4072 = DIRECTION ( 'NONE',  ( 0.000000000000000000, 0.000000000000000000, -1.000000000000000000 ) ) ;
#4073 = CARTESIAN_POINT ( 'NONE',  ( 1.239412764722181537, -10.23391623713020238, 0.02441300140002873251 ) ) ;
#4074 = CARTESIAN_POINT ( 'NONE',  ( -2.038959197226424269, -11.04191469464657338, 0.5316513112095330174 ) ) ;
#4075 = EDGE_LOOP ( 'NONE', ( #7482, #4286, #4952 ) ) ;
#4076 = EDGE_CURVE ( 'NONE', #4411, #3767, #5331, .T. ) ;
#4077 = EDGE_CURVE ( 'NONE', #4352, #3687, #5195, .T. ) ;
#4078 = EDGE_LOOP ( 'NONE', ( #6620, #2667, #2757, #3453 ) ) ;
#4079 = ORIENTED_EDGE ( 'NONE', *, *, #7741, .F. ) ;
#4080 = CARTESIAN_POINT ( 'NONE',  ( -1.491557340256424835, -10.49419349707486937, 229.8964502606535518 ) ) ;
#4081 = CARTESIAN_POINT ( 'NONE',  ( 3.214285714285711748, 6.776309271789386024, 209.5000000000000284 ) ) ;
#4082 = CARTESIAN_POINT ( 'NONE',  ( 1.000000000000001554, -9.949874371066199430, 230.0000000000000000 ) ) ;
#4083 = CARTESIAN_POINT ( 'NONE',  ( -3.116852522591198049, -6.875380183681486734, 21.10751797403040086 ) ) ;
#4084 = EDGE_CURVE ( 'NONE', #5386, #2796, #7010, .T. ) ;
#4085 = CARTESIAN_POINT ( 'NONE',  ( -1.064573262633526252, -9.977462227845578013, 0.0003875468415110057950 ) ) ;
#4086 = B_SPLINE_SURFACE_WITH_KNOTS ( 'NONE', 3, 3, ( 
 ( #406, #1000, #3287, #2805, #5769, #5173, #7623, #7587, #2144, #7546, #3433 ),
 ( #5727, #6364, #2181, #4580, #6994, #6325, #1036, #5805, #320, #442, #7660 ),
 ( #3950, #5214, #7029, #2730, #1621, #4022, #6954, #6871, #7506, #6437, #1552 ),
 ( #1472, #6279, #1587, #882, #5685, #3984, #2101, #4500, #2692, #6399, #283 ),
 ( #5096, #6916, #1513, #918, #3397, #3912, #4094, #7694, #7736, #4648, #4765 ),
 ( #7144, #5290, #7815, #6031, #2957, #7218, #4686, #1817, #7774, #5325, #1779 ),
 ( #4213, #1737, #2409, #6512, #7182, #3624, #1108, #640, #6629, #1144, #4135 ),
 ( #481, #4725, #4176, #3466, #1224, #2370, #5952, #3546, #6592, #4807, #3039 ),
 ( #557, #5365, #3508, #1184, #2290, #5442, #2253, #4057, #2327, #1072, #6553 ),
 ( #7066, #1696, #5991, #2996, #1661, #597, #6476, #523, #5405, #5880, #2880 ),
 ( #3581, #7100, #5916, #2918, #5557, #3122, #7379, #719, #7421, #7341, #194 ) ),
 .UNSPECIFIED., .F., .F., .F.,
 ( 4, 2, 1, 2, 2, 4 ),
 ( 4, 2, 1, 1, 1, 2, 4 ),
 ( 0.000000000000000000, 0.003906250000000000000, 0.1250000000000000000, 0.2500000000000000000, 0.5000000000000000000, 1.000000000000000000 ),
 ( 0.000000000000000000, 0.003906250000000000000, 0.2500000000000000000, 0.5000000000000000000, 0.7500000000000000000, 0.9921875000000000000, 1.000000000000000000 ),
 .UNSPECIFIED. ) ;
#4087 = ORIENTED_EDGE ( 'NONE', *, *, #5925, .T. ) ;
#4088 = DIRECTION ( 'NONE',  ( 0.000000000000000000, 0.000000000000000000, -1.000000000000000000 ) ) ;
#4089 = FACE_OUTER_BOUND ( 'NONE', #3549, .T. ) ;
#4090 = CARTESIAN_POINT ( 'NONE',  ( 2.213228537468307167, -11.20879858283818820, 19.66426440566322142 ) ) ;
#4091 = CARTESIAN_POINT ( 'NONE',  ( 3.773141444251274290, -7.769865864334688510, 20.03261628222627877 ) ) ;
#4092 = EDGE_CURVE ( 'NONE', #1900, #3142, #6972, .T. ) ;
#4093 = CARTESIAN_POINT ( 'NONE',  ( -23.50000000000000000, 13.72641929943638139, 228.5000000000000000 ) ) ;
#4094 = CARTESIAN_POINT ( 'NONE',  ( -2.309439563444684040, -11.16154749776817212, 19.47428949272443077 ) ) ;
#4095 = LINE ( 'NONE', #4650, #7666 ) ;
#4096 = VERTEX_POINT ( 'NONE', #861 ) ;
#4097 =( BOUNDED_SURFACE ( )  B_SPLINE_SURFACE ( 3, 2, ( 
 ( #2005, #190, #6068 ),
 ( #6782, #5630, #110 ),
 ( #6184, #3818, #4928 ),
 ( #4405, #792, #3196 ),
 ( #5552, #1459, #6141 ),
 ( #5475, #4329, #3701 ),
 ( #2639, #6225, #7337 ),
 ( #3078, #5043, #3115 ),
 ( #3737, #7374, #5591 ),
 ( #829, #6105, #2562 ),
 ( #7453, #1962, #751 ),
 ( #3231, #712, #2048 ),
 ( #6743, #1375, #1337 ),
 ( #153, #230, #4965 ) ),
 .UNSPECIFIED., .F., .F., .F. ) 
 B_SPLINE_SURFACE_WITH_KNOTS ( ( 4, 2, 2, 2, 2, 2, 4 ),
 ( 3, 3 ),
 ( 0.000000000000000000, 0.0001067712376090328299, 0.0002135424752180656598, 0.0003203137128270984761, 0.0004270849504361313195, 0.0006406274256541969522, 0.0008541699008722626390 ),
 ( 0.000000000000000000, 1.000000000000000000 ),
 .UNSPECIFIED. ) 
 GEOMETRIC_REPRESENTATION_ITEM ( )  RATIONAL_B_SPLINE_SURFACE ( (
 ( 1.000000000000000000, 0.8401680504168056451, 1.000000000000000000),
 ( 1.000000000000000000, 0.8401643538268037670, 1.000000000000000000),
 ( 1.000000000000000000, 0.8430034694672027262, 1.000000000000000000),
 ( 1.000000000000000000, 0.8534475119644103769, 1.000000000000000000),
 ( 1.000000000000000000, 0.8611405584559115312, 1.000000000000000000),
 ( 1.000000000000000000, 0.8790074362900373028, 1.000000000000000000),
 ( 1.000000000000000000, 0.8893367760832104896, 1.000000000000000000),
 ( 1.000000000000000000, 0.9104695716123958338, 1.000000000000000000),
 ( 1.000000000000000000, 0.9211725728878439323, 1.000000000000000000),
 ( 1.000000000000000000, 0.9518443258591696710, 1.000000000000000000),
 ( 1.000000000000000000, 0.9696388831222783056, 1.000000000000000000),
 ( 1.000000000000000000, 0.9937984281227215666, 1.000000000000000000),
 ( 1.000000000000000000, 0.9999875007891981804, 1.000000000000000000),
 ( 1.000000000000000000, 1.000000000000000000, 1.000000000000000000) ) ) 
 REPRESENTATION_ITEM ( '' )  SURFACE ( )  );
#4098 = CIRCLE ( 'NONE', #2340, 10.00000000000000000 ) ;
#4099 = ORIENTED_EDGE ( 'NONE', *, *, #1965, .T. ) ;
#4100 = CARTESIAN_POINT ( 'NONE',  ( 3.500000000000022649, 23.00000000000000000, 20.49999999999998934 ) ) ;
#4101 = CARTESIAN_POINT ( 'NONE',  ( 2.195689307256458722, -11.21834404199037927, 210.2279647192220011 ) ) ;
#4102 = VECTOR ( 'NONE', #2760, 1000.000000000000000 ) ;
#4103 = CARTESIAN_POINT ( 'NONE',  ( -2.499999999999997780, -10.57813932338287621, 21.15095501824234603 ) ) ;
#4104 = LINE ( 'NONE', #6561, #5883 ) ;
#4105 = CARTESIAN_POINT ( 'NONE',  ( -3.559563698581722502, -7.486871765793637223, 209.8343144421313298 ) ) ;
#4106 = VECTOR ( 'NONE', #502, 1000.000000000000000 ) ;
#4107 = CARTESIAN_POINT ( 'NONE',  ( -2.076506441503982892, -11.49999999999992895, 19.07414425645559675 ) ) ;
#4108 = AXIS2_PLACEMENT_3D ( 'NONE', #6599, #6714, #4814 ) ;
#4109 = AXIS2_PLACEMENT_3D ( 'NONE', #2917, #6552, #5324 ) ;
#4110 = ORIENTED_EDGE ( 'NONE', *, *, #2600, .T. ) ;
#4111 = DIRECTION ( 'NONE',  ( 0.000000000000000000, 0.000000000000000000, 1.000000000000000000 ) ) ;
#4112 = EDGE_CURVE ( 'NONE', #1204, #6918, #1016, .T. ) ;
#4113 = EDGE_CURVE ( 'NONE', #1307, #6858, #2687, .T. ) ;
#4114 = DIRECTION ( 'NONE',  ( -1.232566680299310083E-16, 0.000000000000000000, -1.000000000000000000 ) ) ;
#4115 = DIRECTION ( 'NONE',  ( 0.000000000000000000, 0.000000000000000000, -1.000000000000000000 ) ) ;
#4116 = CARTESIAN_POINT ( 'NONE',  ( -2.141242726088395720, -11.49999999999994138, 210.2827567255645249 ) ) ;
#4117 = CARTESIAN_POINT ( 'NONE',  ( -3.255626931872027008, -7.906898993299669165, 209.8059102642878599 ) ) ;
#4118 = ORIENTED_EDGE ( 'NONE', *, *, #485, .T. ) ;
#4119 = EDGE_LOOP ( 'NONE', ( #2053, #1111, #2292, #6812 ) ) ;
#4120 = EDGE_LOOP ( 'NONE', ( #6076, #2055, #3281, #2114 ) ) ;
#4121 = CARTESIAN_POINT ( 'NONE',  ( -1.725171437233324001, -10.72995724481370594, 229.7631990693755881 ) ) ;
#4122 = DIRECTION ( 'NONE',  ( 0.000000000000000000, 0.000000000000000000, -1.000000000000000000 ) ) ;
#4123 = CARTESIAN_POINT ( 'NONE',  ( -1.088311754571703149, -10.02943725152390186, 229.9973980880195086 ) ) ;
#4124 = CARTESIAN_POINT ( 'NONE',  ( 2.913626296283085448, -10.97007306887192613, 19.15299543975768159 ) ) ;
#4125 = CARTESIAN_POINT ( 'NONE',  ( 2.251078435249494358, -11.21366933580920922, 19.48168263881965245 ) ) ;
#4126 = ORIENTED_EDGE ( 'NONE', *, *, #2725, .T. ) ;
#4127 = AXIS2_PLACEMENT_3D ( 'NONE', #301, #7601, #1601 ) ;
#4128 = ORIENTED_EDGE ( 'NONE', *, *, #6496, .F. ) ;
#4129 = DIRECTION ( 'NONE',  ( 0.7064927061113835949, -0.7064927061154921972, -0.04166668233760583567 ) ) ;
#4130 = DIRECTION ( 'NONE',  ( -0.000000000000000000, 0.000000000000000000, 1.000000000000000000 ) ) ;
#4131 = B_SPLINE_CURVE_WITH_KNOTS ( 'NONE', 3,
 ( #370, #7813, #7180, #4173 ),
 .UNSPECIFIED., .F., .F.,
 ( 4, 4 ),
 ( 0.000000000000000000, 6.381086754976341975E-05 ),
 .UNSPECIFIED. ) ;
#4132 = CARTESIAN_POINT ( 'NONE',  ( -2.674374481368504863, -11.01207393619842279, 19.23338490912566812 ) ) ;
#4133 = CARTESIAN_POINT ( 'NONE',  ( 2.368543731944456887, -11.32248540373799806, 228.6399752110661154 ) ) ;
#4134 = CARTESIAN_POINT ( 'NONE',  ( 0.000000000000000000, 0.000000000000000000, 230.0000000000000000 ) ) ;
#4135 = CARTESIAN_POINT ( 'NONE',  ( -2.455495362341445276, -11.09849430241969692, 19.33396506191571618 ) ) ;
#4136 = CARTESIAN_POINT ( 'NONE',  ( -2.459282996611490635, -10.79139168798035442, 209.1592385128929550 ) ) ;
#4137 = ORIENTED_EDGE ( 'NONE', *, *, #4819, .F. ) ;
#4138 = EDGE_LOOP ( 'NONE', ( #4328, #2430, #1267 ) ) ;
#4139 = CARTESIAN_POINT ( 'NONE',  ( 2.337889891679576504, -11.06067791604929873, 209.7096062854992624 ) ) ;
#4140 = EDGE_CURVE ( 'NONE', #1643, #5033, #295, .T. ) ;
#4141 = AXIS2_PLACEMENT_3D ( 'NONE', #6497, #7684, #2867 ) ;
#4142 = CARTESIAN_POINT ( 'NONE',  ( 2.195055907101444159, -11.21895569637775658, 210.2275235029409259 ) ) ;
#4143 = CIRCLE ( 'NONE', #6293, 1.000000000000000000 ) ;
#4144 = AXIS2_PLACEMENT_3D ( 'NONE', #1262, #637, #2526 ) ;
#4145 = CARTESIAN_POINT ( 'NONE',  ( -2.192015627773325814, -11.22188251877815013, 19.76211213947270906 ) ) ;
#4146 = DIRECTION ( 'NONE',  ( -1.000000000000000000, 0.000000000000000000, 0.000000000000000000 ) ) ;
#4147 = CARTESIAN_POINT ( 'NONE',  ( -3.331843155858168704, -7.176336952273539183, 209.5372499228346328 ) ) ;
#4148 = CARTESIAN_POINT ( 'NONE',  ( -1.811221830515597153, -11.50000000000000000, 211.5000000000000284 ) ) ;
#4149 = CYLINDRICAL_SURFACE ( 'NONE', #2019, 1.500000000000000000 ) ;
#4150 = CARTESIAN_POINT ( 'NONE',  ( 2.100961188161003967, -11.50000000000000178, 211.5000000000000000 ) ) ;
#4151 = CARTESIAN_POINT ( 'NONE',  ( 2.283376974939650861, -11.19851245998936129, 19.43298440215836820 ) ) ;
#4152 = CARTESIAN_POINT ( 'NONE',  ( -1.094885373981324017, -10.02820915720523942, 0.002467738742520961519 ) ) ;
#4153 = DIRECTION ( 'NONE',  ( -0.000000000000000000, -0.000000000000000000, 1.000000000000000000 ) ) ;
#4154 = CARTESIAN_POINT ( 'NONE',  ( -2.345821494546441510, -11.34510543674626959, 211.5000000000000000 ) ) ;
#4155 = DIRECTION ( 'NONE',  ( 1.000000000000000000, 0.000000000000000000, 0.000000000000000000 ) ) ;
#4156 = ORIENTED_EDGE ( 'NONE', *, *, #2926, .F. ) ;
#4157 = ORIENTED_EDGE ( 'NONE', *, *, #3308, .T. ) ;
#4158 = ORIENTED_EDGE ( 'NONE', *, *, #4418, .T. ) ;
#4159 = CARTESIAN_POINT ( 'NONE',  ( -2.046284289642847920, -11.04890232993704657, 229.4447492451511437 ) ) ;
#4160 = DIRECTION ( 'NONE',  ( -0.000000000000000000, -0.000000000000000000, -1.000000000000000000 ) ) ;
#4161 = CARTESIAN_POINT ( 'NONE',  ( 2.317486256351723561, -11.12174431370721628, 210.3793053388423573 ) ) ;
#4162 = CARTESIAN_POINT ( 'NONE',  ( -3.393860314879213469, -7.261565414434971721, 20.36403168743017034 ) ) ;
#4163 =( BOUNDED_SURFACE ( )  B_SPLINE_SURFACE ( 3, 2, ( 
 ( #6860, #1539, #3421 ),
 ( #1648, #4047, #5236 ),
 ( #1061, #2239, #7016 ),
 ( #2753, #7054, #2793 ),
 ( #3935, #2717, #6353 ),
 ( #5866, #5120, #4485 ),
 ( #3897, #3455, #6309 ),
 ( #5752, #2678, #5082 ),
 ( #1608, #6385, #7496 ),
 ( #7534, #2129, #944 ),
 ( #987, #6903, #4566 ),
 ( #2087, #6462, #7610 ),
 ( #1498, #308, #5832 ),
 ( #3345, #349, #6942 ) ),
 .UNSPECIFIED., .F., .F., .F. ) 
 B_SPLINE_SURFACE_WITH_KNOTS ( ( 4, 2, 2, 2, 2, 2, 4 ),
 ( 3, 3 ),
 ( 0.000000000000000000, 4.362167332229077357E-05, 8.724334664458154715E-05, 0.0001744866932891630943, 0.0003489733865783261886, 0.0006979467731566523772, 0.001395893546313304754 ),
 ( 0.000000000000000000, 1.000000000000000000 ),
 .UNSPECIFIED. ) 
 GEOMETRIC_REPRESENTATION_ITEM ( )  RATIONAL_B_SPLINE_SURFACE ( (
 ( 1.000000000000000000, 0.9632070807302738347, 1.000000000000000000),
 ( 1.000000000000000000, 0.9655471306528391473, 1.000000000000000000),
 ( 1.000000000000000000, 0.9668409059141349626, 1.000000000000000000),
 ( 1.000000000000000000, 0.9691245511632167187, 1.000000000000000000),
 ( 1.000000000000000000, 0.9700263880158677132, 1.000000000000000000),
 ( 1.000000000000000000, 0.9724345154103398725, 1.000000000000000000),
 ( 1.000000000000000000, 0.9736300619565265713, 1.000000000000000000),
 ( 1.000000000000000000, 0.9767571990689770667, 1.000000000000000000),
 ( 1.000000000000000000, 0.9781940058908937807, 1.000000000000000000),
 ( 1.000000000000000000, 0.9818211713176254740, 1.000000000000000000),
 ( 1.000000000000000000, 0.9832614826036414346, 1.000000000000000000),
 ( 1.000000000000000000, 0.9865679302851541044, 1.000000000000000000),
 ( 1.000000000000000000, 0.9872509920766234792, 1.000000000000000000),
 ( 1.000000000000000000, 0.9873019781227541092, 1.000000000000000000) ) ) 
 REPRESENTATION_ITEM ( '' )  SURFACE ( )  );
#4164 = FACE_OUTER_BOUND ( 'NONE', #6556, .T. ) ;
#4165 = ADVANCED_FACE ( 'NONE', ( #3340 ), #5823, .T. ) ;
#4166 = ORIENTED_EDGE ( 'NONE', *, *, #4584, .T. ) ;
#4167 = CIRCLE ( 'NONE', #1652, 11.50000000000000000 ) ;
#4168 = ORIENTED_EDGE ( 'NONE', *, *, #2385, .F. ) ;
#4169 = CARTESIAN_POINT ( 'NONE',  ( 2.275773492151153654, -11.14159002021930434, 20.06613485705624456 ) ) ;
#4170 = DIRECTION ( 'NONE',  ( -0.6210219813038331260, 0.7827846923611289087, -0.03974700168005568246 ) ) ;
#4171 = CARTESIAN_POINT ( 'NONE',  ( 2.219400158259070110, -11.20716918161830478, 19.63652014891751207 ) ) ;
#4172 = FACE_OUTER_BOUND ( 'NONE', #4078, .T. ) ;
#4173 = CARTESIAN_POINT ( 'NONE',  ( 1.120722134117644542, -10.00775315812920141, 229.9983512667938612 ) ) ;
#4174 = CARTESIAN_POINT ( 'NONE',  ( -3.428571428571425717, 7.228063223242011226, 210.0000000000000284 ) ) ;
#4175 = EDGE_CURVE ( 'NONE', #7698, #6104, #6301, .T. ) ;
#4176 = CARTESIAN_POINT ( 'NONE',  ( -2.452052315640899760, -11.04721861312043529, 19.49545903997432816 ) ) ;
#4177 = CARTESIAN_POINT ( 'NONE',  ( -9.406916296478003758, 3.392628153962137016, 228.5000000000000000 ) ) ;
#4178 = EDGE_CURVE ( 'NONE', #1782, #3372, #4445, .T. ) ;
#4179 = ORIENTED_EDGE ( 'NONE', *, *, #7143, .F. ) ;
#4180 = ORIENTED_EDGE ( 'NONE', *, *, #1191, .F. ) ;
#4181 = EDGE_CURVE ( 'NONE', #5919, #2826, #4691, .T. ) ;
#4182 = CARTESIAN_POINT ( 'NONE',  ( 2.334844324293316564, -11.33463462525994458, 228.7162687932452059 ) ) ;
#4183 = CARTESIAN_POINT ( 'NONE',  ( 2.222148378205411667, -11.20594952822345647, 210.3716467237572374 ) ) ;
#4184 = CARTESIAN_POINT ( 'NONE',  ( -2.900242309909060179, -10.98416488702074467, 210.8685243562083542 ) ) ;
#4185 = CARTESIAN_POINT ( 'NONE',  ( -25.00000000000000000, 0.000000000000000000, 210.0000000000000284 ) ) ;
#4186 = DIRECTION ( 'NONE',  ( 0.000000000000000000, 1.000000000000000000, 0.000000000000000000 ) ) ;
#4187 = CARTESIAN_POINT ( 'NONE',  ( 16.49998279950084168, 12.22422003473056407, 10.30596553569621854 ) ) ;
#4188 = DIRECTION ( 'NONE',  ( -1.000000000000000000, 0.000000000000000000, 0.000000000000000000 ) ) ;
#4189 = CARTESIAN_POINT ( 'NONE',  ( -2.578519906406959272, -7.762847428756844970, 21.01096251323777864 ) ) ;
#4190 = CARTESIAN_POINT ( 'NONE',  ( 2.204616081567437824, -11.21080575597474471, 19.72796241297023556 ) ) ;
#4191 = CARTESIAN_POINT ( 'NONE',  ( -1.650242555615801354, -10.37551721422376794, 0.08479937788551737687 ) ) ;
#4192 = DIRECTION ( 'NONE',  ( 0.000000000000000000, -1.000000000000000000, 0.000000000000000000 ) ) ;
#4193 = CARTESIAN_POINT ( 'NONE',  ( 1.066108538913262960, -10.00470321775055815, 0.001119548561002821395 ) ) ;
#4194 = AXIS2_PLACEMENT_3D ( 'NONE', #6937, #1530, #7198 ) ;
#4195 = CYLINDRICAL_SURFACE ( 'NONE', #3172, 11.50000000000000000 ) ;
#4196 = EDGE_LOOP ( 'NONE', ( #6577, #3904, #2843, #6502 ) ) ;
#4197 = ADVANCED_FACE ( 'NONE', ( #5665 ), #4630, .T. ) ;
#4198 = ORIENTED_EDGE ( 'NONE', *, *, #7702, .T. ) ;
#4199 = ORIENTED_EDGE ( 'NONE', *, *, #718, .F. ) ;
#4200 = CARTESIAN_POINT ( 'NONE',  ( -2.256926087638576384, -10.99036630284536109, 229.3824337680810004 ) ) ;
#4201 = DIRECTION ( 'NONE',  ( 1.000000000000000000, 0.000000000000000000, 0.000000000000000000 ) ) ;
#4202 = CARTESIAN_POINT ( 'NONE',  ( 2.267382920831495063, -11.18951821990037310, 210.4890126499056180 ) ) ;
#4203 = CARTESIAN_POINT ( 'NONE',  ( -2.913626296277898930, -10.97007306887183553, 19.15299543976061614 ) ) ;
#4204 = CARTESIAN_POINT ( 'NONE',  ( 2.394619375617002888, -11.07397698345664416, 19.54978972994238973 ) ) ;
#4205 = CARTESIAN_POINT ( 'NONE',  ( 2.668776944221627812, -11.07987495187692950, 0.9422874048232630084 ) ) ;
#4206 = EDGE_LOOP ( 'NONE', ( #240, #343, #5368 ) ) ;
#4207 = CARTESIAN_POINT ( 'NONE',  ( -1.811221830515580278, -11.50000000000000000, 18.49999999999998934 ) ) ;
#4208 = CARTESIAN_POINT ( 'NONE',  ( -1.499999999999991562, -11.50000000000000178, 210.4485048106710110 ) ) ;
#4209 = CARTESIAN_POINT ( 'NONE',  ( -1.693160118486590093, -11.34450927930935293, 0.8277867459487890933 ) ) ;
#4210 = CARTESIAN_POINT ( 'NONE',  ( 2.270911738668809576, -11.24036737337503489, 229.0528699637616228 ) ) ;
#4211 = CARTESIAN_POINT ( 'NONE',  ( 1.005380834600935858, -9.959603910066517685, 9.651158029923732762E-06 ) ) ;
#4212 = DIRECTION ( 'NONE',  ( -1.000000000000000000, 0.000000000000000000, 0.000000000000000000 ) ) ;
#4213 = CARTESIAN_POINT ( 'NONE',  ( -2.394544949350865259, -11.07397348545108962, 19.55007050616833197 ) ) ;
#4214 = B_SPLINE_CURVE_WITH_KNOTS ( 'NONE', 3,
 ( #2012, #6271, #5088, #5597, #6829, #4969, #195, #1934, #4410, #5716, #238, #2605, #2093, #7422, #1425, #3237 ),
 .UNSPECIFIED., .F., .F.,
 ( 4, 2, 2, 2, 2, 2, 2, 4 ),
 ( 0.000000000000000000, 0.003906250000000000000, 0.2500000000000000000, 0.5000000000000000000, 0.7500000000000000000, 0.8750000000000000000, 0.9921875000000000000, 1.000000000000000000 ),
 .UNSPECIFIED. ) ;
#4215 = CARTESIAN_POINT ( 'NONE',  ( -3.751061295903638459, -10.03111611845790030, 210.1745173820161199 ) ) ;
#4216 = ORIENTED_EDGE ( 'NONE', *, *, #6406, .F. ) ;
#4217 = ORIENTED_EDGE ( 'NONE', *, *, #3765, .T. ) ;
#4218 = DIRECTION ( 'NONE',  ( -0.000000000000000000, -0.000000000000000000, 1.000000000000000000 ) ) ;
#4219 = ADVANCED_FACE ( 'NONE', ( #2785, #264, #2672 ), #7490, .F. ) ;
#4220 = CARTESIAN_POINT ( 'NONE',  ( 2.197143103809413134, -11.21694485132095664, 210.2301828440403426 ) ) ;
#4221 = EDGE_CURVE ( 'NONE', #2032, #1038, #2809, .T. ) ;
#4222 = CARTESIAN_POINT ( 'NONE',  ( -3.999999999999998224, -9.682458365518542109, 210.0000000000000284 ) ) ;
#4223 = DIRECTION ( 'NONE',  ( 0.000000000000000000, 0.000000000000000000, -1.000000000000000000 ) ) ;
#4224 = DIRECTION ( 'NONE',  ( 0.000000000000000000, 0.000000000000000000, 1.000000000000000000 ) ) ;
#4225 = VECTOR ( 'NONE', #4972, 1000.000000000000000 ) ;
#4226 = CARTESIAN_POINT ( 'NONE',  ( -1.781158184164066904, -11.50000000000000000, 18.71793268351159867 ) ) ;
#4227 = VECTOR ( 'NONE', #5733, 1000.000000000000000 ) ;
#4228 = ADVANCED_FACE ( 'NONE', ( #7525 ), #2568, .T. ) ;
#4229 = CARTESIAN_POINT ( 'NONE',  ( -2.914590361248264649, -10.96913214563519823, 19.15436241244281490 ) ) ;
#4230 = FACE_OUTER_BOUND ( 'NONE', #2769, .T. ) ;
#4231 = CARTESIAN_POINT ( 'NONE',  ( 2.222817005437795590, -11.19322272090798620, 19.72484607171188387 ) ) ;
#4232 = CARTESIAN_POINT ( 'NONE',  ( -1.238494992621915314, -10.23294857280603942, 0.02423384542250998919 ) ) ;
#4233 = CARTESIAN_POINT ( 'NONE',  ( -25.00000000000000000, 12.22641929943638317, 18.49999999999998934 ) ) ;
#4234 = CARTESIAN_POINT ( 'NONE',  ( 1.480216661541559509, -10.35732541772573789, 0.06916680649141279669 ) ) ;
#4235 = ORIENTED_EDGE ( 'NONE', *, *, #6928, .F. ) ;
#4236 = AXIS2_PLACEMENT_3D ( 'NONE', #2596, #1455, #826 ) ;
#4237 = ORIENTED_EDGE ( 'NONE', *, *, #6395, .T. ) ;
#4238 = VERTEX_POINT ( 'NONE', #4519 ) ;
#4239 = DIRECTION ( 'NONE',  ( 0.000000000000000000, 1.000000000000000000, 0.000000000000000000 ) ) ;
#4240 = EDGE_CURVE ( 'NONE', #3660, #3297, #1049, .T. ) ;
#4241 = CARTESIAN_POINT ( 'NONE',  ( -4.000000000000022204, 0.000000000000000000, 19.99999999999998934 ) ) ;
#4242 = CARTESIAN_POINT ( 'NONE',  ( 2.421471835782328608, -11.07912942757283048, 210.5439953921628842 ) ) ;
#4243 = CARTESIAN_POINT ( 'NONE',  ( 4.000000000000001776, -8.062257748298547355, 19.99999999999998934 ) ) ;
#4244 = DIRECTION ( 'NONE',  ( 1.000000000000000000, 0.000000000000000000, 0.000000000000000000 ) ) ;
#4245 = CARTESIAN_POINT ( 'NONE',  ( 2.506779078592904941, -11.07206038981228424, 19.31670330365883004 ) ) ;
#4246 = CARTESIAN_POINT ( 'NONE',  ( 10.81795374094970263, 3.901522377056461099, 228.5000000000000000 ) ) ;
#4247 = ORIENTED_EDGE ( 'NONE', *, *, #4084, .F. ) ;
#4248 = APPLICATION_CONTEXT ( 'automotive_design' ) ;
#4249 = ORIENTED_EDGE ( 'NONE', *, *, #5791, .F. ) ;
#4250 = CARTESIAN_POINT ( 'NONE',  ( 3.086132063985041807, -10.86250476416718058, 19.28347304760257686 ) ) ;
#4251 = CARTESIAN_POINT ( 'NONE',  ( -1.771628153296535446, -11.45841868481008596, 1.098355400781826141 ) ) ;
#4252 = LINE ( 'NONE', #2446, #3594 ) ;
#4253 = AXIS2_PLACEMENT_3D ( 'NONE', #2818, #2121, #6342 ) ;
#4254 = CARTESIAN_POINT ( 'NONE',  ( 2.322999579178980589, -11.29988780089728451, 211.0027188544582089 ) ) ;
#4255 = DIRECTION ( 'NONE',  ( -0.000000000000000000, 0.000000000000000000, 1.000000000000000000 ) ) ;
#4256 = CARTESIAN_POINT ( 'NONE',  ( -1.034095312463368277, -10.01136510415444469, 0.0003875468415111824657 ) ) ;
#4257 = CIRCLE ( 'NONE', #6018, 1.500000000000001332 ) ;
#4258 = ORIENTED_EDGE ( 'NONE', *, *, #7141, .F. ) ;
#4259 = ADVANCED_FACE ( 'NONE', ( #1675 ), #3947, .T. ) ;
#4260 = ORIENTED_EDGE ( 'NONE', *, *, #5007, .F. ) ;
#4261 = CARTESIAN_POINT ( 'NONE',  ( 2.263118494445855333, -11.26295615689639185, 229.0261473008532676 ) ) ;
#4262 = CARTESIAN_POINT ( 'NONE',  ( -2.323843307786015000, -11.14417060132776172, 210.5088715297493138 ) ) ;
#4263 = CIRCLE ( 'NONE', #3507, 10.00000000000000000 ) ;
#4264 = FACE_OUTER_BOUND ( 'NONE', #5937, .T. ) ;
#4265 = DIRECTION ( 'NONE',  ( 0.000000000000000000, 0.000000000000000000, 1.000000000000000000 ) ) ;
#4266 = CARTESIAN_POINT ( 'NONE',  ( 3.499999999999999556, 23.00000000000000000, 209.5000000000000284 ) ) ;
#4267 = AXIS2_PLACEMENT_3D ( 'NONE', #87, #6082, #7192 ) ;
#4268 = CARTESIAN_POINT ( 'NONE',  ( -2.340536592132884230, -11.33372045943230511, 18.77777194721658560 ) ) ;
#4269 = CARTESIAN_POINT ( 'NONE',  ( -3.341663102983727374, -7.925017750991603549, 20.14862702218071888 ) ) ;
#4270 = CARTESIAN_POINT ( 'NONE',  ( 2.226758529886721849, -11.19088656979350560, 19.70232636944025728 ) ) ;
#4271 = DIRECTION ( 'NONE',  ( 1.000000000000000000, 0.000000000000000000, 0.000000000000000000 ) ) ;
#4272 = ADVANCED_FACE ( 'NONE', ( #1796 ), #5268, .F. ) ;
#4273 = CARTESIAN_POINT ( 'NONE',  ( 2.428813438392226409, -10.91496503487637426, 0.5710634207997131728 ) ) ;
#4274 = ORIENTED_EDGE ( 'NONE', *, *, #3745, .F. ) ;
#4275 = ORIENTED_EDGE ( 'NONE', *, *, #4437, .T. ) ;
#4276 = ORIENTED_EDGE ( 'NONE', *, *, #3644, .T. ) ;
#4277 = CARTESIAN_POINT ( 'NONE',  ( -2.772100310832307457, -11.15025283631901409, 228.7028092699359831 ) ) ;
#4278 = CARTESIAN_POINT ( 'NONE',  ( -9.406916296478005535, 3.392628153962137461, 19.99999999999998934 ) ) ;
#4279 = CARTESIAN_POINT ( 'NONE',  ( 2.322585164908961719, -11.12104207223556074, 210.4013987174210172 ) ) ;
#4280 = CARTESIAN_POINT ( 'NONE',  ( 2.622805240198601506, -10.61571712850281735, 210.2166782301237049 ) ) ;
#4281 = PLANE ( 'NONE',  #3987 ) ;
#4282 = CARTESIAN_POINT ( 'NONE',  ( 2.453158504792573247, -11.04739863203663397, 19.49181704587741848 ) ) ;
#4283 = CARTESIAN_POINT ( 'NONE',  ( -0.9999999999999983347, -7.071067811865475505, 1.500000000000001332 ) ) ;
#4284 = EDGE_CURVE ( 'NONE', #6742, #1465, #5931, .T. ) ;
#4285 = EDGE_LOOP ( 'NONE', ( #4166, #7645, #3101, #5106 ) ) ;
#4286 = ORIENTED_EDGE ( 'NONE', *, *, #3129, .F. ) ;
#4287 = CARTESIAN_POINT ( 'NONE',  ( -1.404371739963895083, -10.85034725721008186, 0.2525324449552749373 ) ) ;
#4288 = CYLINDRICAL_SURFACE ( 'NONE', #2146, 1.500000000000000000 ) ;
#4289 = AXIS2_PLACEMENT_3D ( 'NONE', #3236, #4409, #3705 ) ;
#4290 = CARTESIAN_POINT ( 'NONE',  ( 2.292552165427821809, -11.25149652465762351, 210.7543639063812293 ) ) ;
#4291 = CARTESIAN_POINT ( 'NONE',  ( 3.201556170759409348, -6.995085144242080943, 20.73805330724856333 ) ) ;
#4292 = CARTESIAN_POINT ( 'NONE',  ( -1.043089847076358323, -9.968310036783053718, 229.9998711859384741 ) ) ;
#4293 = ORIENTED_EDGE ( 'NONE', *, *, #5994, .T. ) ;
#4294 = B_SPLINE_CURVE_WITH_KNOTS ( 'NONE', 3,
 ( #2932, #5341, #7155, #6566, #7599, #3556, #570, #7633 ),
 .UNSPECIFIED., .F., .F.,
 ( 4, 2, 2, 4 ),
 ( 0.000000000000000000, 0.0004546432899255492435, 0.0009092865798510984870, 0.001818573159702279373 ),
 .UNSPECIFIED. ) ;
#4295 = ORIENTED_EDGE ( 'NONE', *, *, #5577, .T. ) ;
#4296 = VECTOR ( 'NONE', #7588, 1000.000000000000000 ) ;
#4297 = SPHERICAL_SURFACE ( 'NONE', #5117, 1.500000000000000000 ) ;
#4298 = CARTESIAN_POINT ( 'NONE',  ( -2.329596127276582607, -11.14660897966533959, 210.5328941108232925 ) ) ;
#4299 = CARTESIAN_POINT ( 'NONE',  ( 1.140056652260916570, -10.13120431671475608, 229.9937525282380477 ) ) ;
#4300 = FACE_OUTER_BOUND ( 'NONE', #3686, .T. ) ;
#4301 = LINE ( 'NONE', #566, #5159 ) ;
#4302 = CARTESIAN_POINT ( 'NONE',  ( -23.50000000000000000, 20.99999999999999645, 19.99999999999998934 ) ) ;
#4303 = DIRECTION ( 'NONE',  ( 0.000000000000000000, 0.000000000000000000, -1.000000000000000000 ) ) ;
#4304 = CARTESIAN_POINT ( 'NONE',  ( -1.029437251522582697, -10.02943725152269039, 228.9991326960065692 ) ) ;
#4305 = CARTESIAN_POINT ( 'NONE',  ( 2.222345555392242211, -11.20476263704484587, 19.63377826399255355 ) ) ;
#4306 = CARTESIAN_POINT ( 'NONE',  ( -2.316311294121969233, -11.31578396221114780, 1.136913129836491843 ) ) ;
#4307 = LINE ( 'NONE', #5458, #3074 ) ;
#4308 = CARTESIAN_POINT ( 'NONE',  ( 2.121933517400397040, -10.70320366397951517, 0.3048790713129493901 ) ) ;
#4309 = ORIENTED_EDGE ( 'NONE', *, *, #3734, .T. ) ;
#4310 = EDGE_CURVE ( 'NONE', #1899, #7591, #4827, .T. ) ;
#4311 = VERTEX_POINT ( 'NONE', #2270 ) ;
#4312 = VERTEX_POINT ( 'NONE', #7793 ) ;
#4313 = FACE_OUTER_BOUND ( 'NONE', #5273, .T. ) ;
#4314 = EDGE_CURVE ( 'NONE', #2863, #1599, #5460, .T. ) ;
#4315 = ADVANCED_FACE ( 'NONE', ( #6608 ), #5894, .T. ) ;
#4316 = AXIS2_PLACEMENT_3D ( 'NONE', #3431, #2249, #7064 ) ;
#4317 = DIRECTION ( 'NONE',  ( 0.5150787536377137155, -0.8571428571428566512, 7.934750141545873701E-16 ) ) ;
#4318 = CARTESIAN_POINT ( 'NONE',  ( 2.458145381289569720, -11.10078500192198270, 210.6767801367874995 ) ) ;
#4319 = EDGE_CURVE ( 'NONE', #4431, #4353, #6570, .T. ) ;
#4320 = CARTESIAN_POINT ( 'NONE',  ( 1.064573262633532691, -9.977462227845572684, 0.0003875468415109132583 ) ) ;
#4321 = LINE ( 'NONE', #6736, #468 ) ;
#4322 = CARTESIAN_POINT ( 'NONE',  ( 2.508921244014611585, -11.07408245796550972, 19.30821109813761538 ) ) ;
#4323 = VECTOR ( 'NONE', #6824, 1000.000000000000000 ) ;
#4324 = FACE_OUTER_BOUND ( 'NONE', #5560, .T. ) ;
#4325 = ORIENTED_EDGE ( 'NONE', *, *, #3559, .T. ) ;
#4326 = AXIS2_PLACEMENT_3D ( 'NONE', #7514, #2111, #4506 ) ;
#4327 = AXIS2_PLACEMENT_3D ( 'NONE', #7319, #657, #176 ) ;
#4328 = ORIENTED_EDGE ( 'NONE', *, *, #1055, .F. ) ;
#4329 = CARTESIAN_POINT ( 'NONE',  ( 2.749869753687496310, -7.264229161661008405, 209.3520812997048779 ) ) ;
#4330 = ADVANCED_FACE ( 'NONE', ( #3561 ), #300, .F. ) ;
#4331 = EDGE_CURVE ( 'NONE', #2491, #865, #1058, .T. ) ;
#4332 = CARTESIAN_POINT ( 'NONE',  ( 2.500000000000002220, -10.49999999999999112, 208.7664948248736891 ) ) ;
#4333 = CARTESIAN_POINT ( 'NONE',  ( -16.66532048819021838, 6.010389983400267866, 1.500000000000001332 ) ) ;
#4334 = CARTESIAN_POINT ( 'NONE',  ( -2.499999999999997780, -10.49999999999999822, 21.23350517512628954 ) ) ;
#4335 = CARTESIAN_POINT ( 'NONE',  ( -16.66532048819021838, 12.22641929943638317, 18.49999999999998934 ) ) ;
#4336 = DIRECTION ( 'NONE',  ( 0.000000000000000000, 0.000000000000000000, 1.000000000000000000 ) ) ;
#4337 = ORIENTED_EDGE ( 'NONE', *, *, #1392, .F. ) ;
#4338 = ORIENTED_EDGE ( 'NONE', *, *, #6266, .T. ) ;
#4339 = DIRECTION ( 'NONE',  ( 1.000000000000000000, 0.000000000000000000, 0.000000000000000000 ) ) ;
#4340 = CARTESIAN_POINT ( 'NONE',  ( -2.427869406090435778, -11.08799002204318285, 210.5847561288726695 ) ) ;
#4341 = EDGE_CURVE ( 'NONE', #6171, #6392, #7097, .T. ) ;
#4342 = CYLINDRICAL_SURFACE ( 'NONE', #4108, 0.5000000000000004441 ) ;
#4343 = DIRECTION ( 'NONE',  ( 0.000000000000000000, 0.000000000000000000, 1.000000000000000000 ) ) ;
#4344 = DIRECTION ( 'NONE',  ( 0.000000000000000000, 0.000000000000000000, 1.000000000000000000 ) ) ;
#4345 = B_SPLINE_CURVE_WITH_KNOTS ( 'NONE', 3,
 ( #2306, #7640, #7676, #4596 ),
 .UNSPECIFIED., .F., .F.,
 ( 4, 4 ),
 ( 1.734723475976807094E-18, 0.001361190766769735999 ),
 .UNSPECIFIED. ) ;
#4346 = FACE_OUTER_BOUND ( 'NONE', #181, .T. ) ;
#4347 = CARTESIAN_POINT ( 'NONE',  ( 1.500000009569828929, -11.50000000000000000, 19.66193275420582154 ) ) ;
#4348 = DIRECTION ( 'NONE',  ( 0.000000000000000000, -1.000000000000000000, 0.000000000000000000 ) ) ;
#4349 = CARTESIAN_POINT ( 'NONE',  ( 2.821161291352916489, -11.09292575167039097, 211.0971600889162687 ) ) ;
#4350 = CARTESIAN_POINT ( 'NONE',  ( -1.011353222449034250, -9.970405524104529960, 1.301288790975586166E-15 ) ) ;
#4351 = CARTESIAN_POINT ( 'NONE',  ( 1.551769119945972886, -10.30647971684567388, 0.05786267499492746269 ) ) ;
#4352 = VERTEX_POINT ( 'NONE', #7235 ) ;
#4353 = VERTEX_POINT ( 'NONE', #6454 ) ;
#4354 = AXIS2_PLACEMENT_3D ( 'NONE', #1656, #1178, #6469 ) ;
#4355 = EDGE_CURVE ( 'NONE', #3512, #6460, #7776, .T. ) ;
#4356 = ADVANCED_FACE ( 'NONE', ( #1122 ), #4698, .F. ) ;
#4357 = ORIENTED_EDGE ( 'NONE', *, *, #1770, .F. ) ;
#4358 = CARTESIAN_POINT ( 'NONE',  ( 2.125146806617769002, -10.70546656913090189, 229.7049891262356596 ) ) ;
#4359 = DIRECTION ( 'NONE',  ( 0.000000000000000000, 0.000000000000000000, 1.000000000000000000 ) ) ;
#4360 = CARTESIAN_POINT ( 'NONE',  ( 2.777167772033308779, -10.97399126604667075, 210.7684487061514744 ) ) ;
#4361 = CARTESIAN_POINT ( 'NONE',  ( 2.194994261698469007, -11.21901528231755840, 19.77292240503176401 ) ) ;
#4362 = CARTESIAN_POINT ( 'NONE',  ( 2.373797194328449933, -11.32674615025920595, 228.5695718132232059 ) ) ;
#4363 = CARTESIAN_POINT ( 'NONE',  ( -3.506635215906130032, -10.44818686256210150, 19.60255628002567363 ) ) ;
#4364 = CARTESIAN_POINT ( 'NONE',  ( 2.790812784670336999, -10.98413926377072336, 19.19007731492856195 ) ) ;
#4365 = CIRCLE ( 'NONE', #1971, 1.500000000000001332 ) ;
#4366 = ORIENTED_EDGE ( 'NONE', *, *, #5186, .F. ) ;
#4367 = VECTOR ( 'NONE', #2963, 1000.000000000000000 ) ;
#4368 = CARTESIAN_POINT ( 'NONE',  ( -1.177560126849160227, -10.15716780073108083, 0.01180238139516491536 ) ) ;
#4369 = AXIS2_PLACEMENT_3D ( 'NONE', #4283, #5514, #6102 ) ;
#4370 = CARTESIAN_POINT ( 'NONE',  ( -1.106531047405891366, -10.27389063049796469, 0.02241937536120683361 ) ) ;
#4371 = CARTESIAN_POINT ( 'NONE',  ( 4.000000000000000888, -8.062257748298547355, 210.0000000000000284 ) ) ;
#4372 = CARTESIAN_POINT ( 'NONE',  ( 2.898410320083864899, -10.98606678998166508, 210.8713324261680384 ) ) ;
#4373 = DIRECTION ( 'NONE',  ( 1.000000000000000000, 0.000000000000000000, 0.000000000000000000 ) ) ;
#4374 = VERTEX_POINT ( 'NONE', #6147 ) ;
#4375 = ORIENTED_EDGE ( 'NONE', *, *, #1769, .T. ) ;
#4376 = ORIENTED_EDGE ( 'NONE', *, *, #6406, .T. ) ;
#4377 = CARTESIAN_POINT ( 'NONE',  ( 23.50000000000000000, 13.72641929943638139, 228.5000000000000000 ) ) ;
#4378 = CARTESIAN_POINT ( 'NONE',  ( -2.293097158974503724, -11.13591706417082428, 210.3520037358632351 ) ) ;
#4379 = AXIS2_PLACEMENT_3D ( 'NONE', #2193, #6415, #976 ) ;
#4380 = CARTESIAN_POINT ( 'NONE',  ( -2.237984358036012367, -11.17746140856939618, 210.2802808814711852 ) ) ;
#4381 = CARTESIAN_POINT ( 'NONE',  ( 0.000000000000000000, 0.000000000000000000, 1.500000000000001332 ) ) ;
#4382 = CARTESIAN_POINT ( 'NONE',  ( 5.500000000000000000, 3.500000000000000000, 210.0000000000000284 ) ) ;
#4383 = LINE ( 'NONE', #4868, #6820 ) ;
#4384 = DIRECTION ( 'NONE',  ( -0.3392628153962138904, 0.9406916296478003980, 6.955417888074139190E-16 ) ) ;
#4385 = CARTESIAN_POINT ( 'NONE',  ( -2.350750383482592465, -11.30851722023528083, 228.7662653974364844 ) ) ;
#4386 = CARTESIAN_POINT ( 'NONE',  ( 2.349158371653190969, -11.18305914121783040, 19.29969978086781168 ) ) ;
#4387 = FACE_OUTER_BOUND ( 'NONE', #4006, .T. ) ;
#4388 = FACE_OUTER_BOUND ( 'NONE', #2834, .T. ) ;
#4389 = CARTESIAN_POINT ( 'NONE',  ( -1.022715479457262377, -9.990904658303628949, 0.0001288140193695072361 ) ) ;
#4390 = DIRECTION ( 'NONE',  ( -1.000000000000000000, 2.081331949859378477E-16, -0.000000000000000000 ) ) ;
#4391 = ORIENTED_EDGE ( 'NONE', *, *, #3616, .T. ) ;
#4392 = CARTESIAN_POINT ( 'NONE',  ( 1.743122057022615357, -11.41736669518989622, 0.9944869635834514554 ) ) ;
#4393 = VECTOR ( 'NONE', #1660, 1000.000000000000000 ) ;
#4394 = ORIENTED_EDGE ( 'NONE', *, *, #7741, .T. ) ;
#4395 = ORIENTED_EDGE ( 'NONE', *, *, #3129, .T. ) ;
#4396 = CARTESIAN_POINT ( 'NONE',  ( 1.650242555625448526, -10.37551721421843531, 229.9152006221160605 ) ) ;
#4397 = CARTESIAN_POINT ( 'NONE',  ( 7.714285714285709972, 4.635708782739420997, 21.49999999999999289 ) ) ;
#4398 = CARTESIAN_POINT ( 'NONE',  ( 2.793237254627933819, -10.98856137375124931, 210.8109597400359689 ) ) ;
#4399 = CARTESIAN_POINT ( 'NONE',  ( -3.999999999999998224, -8.062257748298549132, 19.99999999999998934 ) ) ;
#4400 = CARTESIAN_POINT ( 'NONE',  ( 2.311083469256018486, -11.27791264349880862, 210.8747028306572702 ) ) ;
#4401 = CYLINDRICAL_SURFACE ( 'NONE', #3112, 6.216029316036115304 ) ;
#4402 = CARTESIAN_POINT ( 'NONE',  ( 2.321975369541006806, -11.16232992205171293, 19.43928775515227514 ) ) ;
#4403 = CIRCLE ( 'NONE', #2014, 1.000000000000000000 ) ;
#4404 = ORIENTED_EDGE ( 'NONE', *, *, #2655, .T. ) ;
#4405 = CARTESIAN_POINT ( 'NONE',  ( 2.556622625069807420, -7.758141882992410920, 208.9218038078319921 ) ) ;
#4406 = CARTESIAN_POINT ( 'NONE',  ( 2.499999999975063947, -9.425703593246646861, 209.9176551653063427 ) ) ;
#4407 = CARTESIAN_POINT ( 'NONE',  ( 3.440419151014636245, -7.325174618092368028, 209.6985857265903803 ) ) ;
#4408 = CARTESIAN_POINT ( 'NONE',  ( 2.345405230304855149, -11.34536861509619676, 211.3617922993209390 ) ) ;
#4409 = DIRECTION ( 'NONE',  ( 0.000000000000000000, 1.000000000000000000, 0.000000000000000000 ) ) ;
#4410 = CARTESIAN_POINT ( 'NONE',  ( -2.668658725067197590, -11.02698717526656225, 210.7838209640153195 ) ) ;
#4411 = VERTEX_POINT ( 'NONE', #3683 ) ;
#4412 = VERTEX_POINT ( 'NONE', #7279 ) ;
#4413 = DIRECTION ( 'NONE',  ( 1.000000000000000000, 0.000000000000000000, 0.000000000000000000 ) ) ;
#4414 = CARTESIAN_POINT ( 'NONE',  ( -2.404290425752173554, -11.07291115103528512, 210.4765682571820662 ) ) ;
#4415 = AXIS2_PLACEMENT_3D ( 'NONE', #2852, #1705, #1748 ) ;
#4416 = EDGE_CURVE ( 'NONE', #260, #5649, #7398, .T. ) ;
#4417 = CARTESIAN_POINT ( 'NONE',  ( 16.66532048819021838, 6.010389983400268754, 1.500000000000001332 ) ) ;
#4418 = EDGE_CURVE ( 'NONE', #6858, #5301, #1436, .T. ) ;
#4419 = B_SPLINE_CURVE_WITH_KNOTS ( 'NONE', 3,
 ( #6144, #755, #6186, #5008 ),
 .UNSPECIFIED., .F., .F.,
 ( 4, 4 ),
 ( 6.938893903907228378E-18, 0.001361190766769728409 ),
 .UNSPECIFIED. ) ;
#4420 = CARTESIAN_POINT ( 'NONE',  ( 2.185839124403261557, -11.18650316874269279, 0.7855336483585196872 ) ) ;
#4421 = CARTESIAN_POINT ( 'NONE',  ( -2.363816234418712803, -10.87023298571201479, 0.4887612091934115943 ) ) ;
#4422 = CARTESIAN_POINT ( 'NONE',  ( 1.034095312463373162, -10.01136510415445535, 0.0003875468415114394216 ) ) ;
#4423 = EDGE_CURVE ( 'NONE', #3905, #4672, #2623, .T. ) ;
#4424 = CIRCLE ( 'NONE', #1278, 0.5000000000000004441 ) ;
#4425 = CYLINDRICAL_SURFACE ( 'NONE', #2047, 0.5000000000000000000 ) ;
#4426 = CARTESIAN_POINT ( 'NONE',  ( 1.764928184477621897, -11.50000000000000000, 18.77056093287404082 ) ) ;
#4427 = CARTESIAN_POINT ( 'NONE',  ( 0.9999999999999986677, 2.937598842601845354E-16, 228.5000000000000000 ) ) ;
#4428 = CARTESIAN_POINT ( 'NONE',  ( -2.604628013034195000, -11.03590650967623077, 0.8165771388563638489 ) ) ;
#4429 = CARTESIAN_POINT ( 'NONE',  ( 1.504564017365720652, -10.73615949907657452, 229.8230569804408105 ) ) ;
#4430 = CARTESIAN_POINT ( 'NONE',  ( 2.500000000000001776, -10.49999999999999645, 208.7664948248736891 ) ) ;
#4431 = VERTEX_POINT ( 'NONE', #5573 ) ;
#4432 = CIRCLE ( 'NONE', #791, 1.500000000000001332 ) ;
#4433 = CARTESIAN_POINT ( 'NONE',  ( 1.713558445902565452, -11.37516321770762495, 0.8920817432240308875 ) ) ;
#4434 = ORIENTED_EDGE ( 'NONE', *, *, #132, .T. ) ;
#4435 = ORIENTED_EDGE ( 'NONE', *, *, #910, .F. ) ;
#4436 = CARTESIAN_POINT ( 'NONE',  ( 2.196082877094483354, -10.94237893494952552, 229.4588064628715358 ) ) ;
#4437 = EDGE_CURVE ( 'NONE', #6945, #6171, #4950, .T. ) ;
#4438 = DIRECTION ( 'NONE',  ( -0.000000000000000000, -0.000000000000000000, 1.000000000000000000 ) ) ;
#4439 = CARTESIAN_POINT ( 'NONE',  ( 2.472390517486787953, -11.05249678355672671, 210.5695115457510553 ) ) ;
#4440 = FACE_OUTER_BOUND ( 'NONE', #5826, .T. ) ;
#4441 = DIRECTION ( 'NONE',  ( 1.000000000000000000, 0.000000000000000000, -1.286123985089204780E-11 ) ) ;
#4442 = CARTESIAN_POINT ( 'NONE',  ( 3.748060135579329710, -10.04239593269083386, 210.1788008632597382 ) ) ;
#4443 = CARTESIAN_POINT ( 'NONE',  ( 2.267773072191149542, -11.15523558692904693, 19.67454737213182625 ) ) ;
#4444 = ORIENTED_EDGE ( 'NONE', *, *, #6543, .F. ) ;
#4445 = CIRCLE ( 'NONE', #2938, 1.500000000000000000 ) ;
#4446 = FACE_OUTER_BOUND ( 'NONE', #2452, .T. ) ;
#4447 = PLANE ( 'NONE',  #2310 ) ;
#4448 = CARTESIAN_POINT ( 'NONE',  ( -2.499999999999998224, -9.165151389911681434, 19.99999999999998579 ) ) ;
#4449 = CIRCLE ( 'NONE', #2696, 1.500000000000000000 ) ;
#4450 = CARTESIAN_POINT ( 'NONE',  ( -3.214285714285711748, 6.776309271789386024, 209.5000000000000284 ) ) ;
#4451 = CIRCLE ( 'NONE', #4066, 1.500000000000001332 ) ;
#4452 = ORIENTED_EDGE ( 'NONE', *, *, #3269, .F. ) ;
#4453 = EDGE_LOOP ( 'NONE', ( #2429, #6573, #2056, #7508 ) ) ;
#4454 = ORIENTED_EDGE ( 'NONE', *, *, #1396, .F. ) ;
#4455 = DIRECTION ( 'NONE',  ( -0.000000000000000000, 0.000000000000000000, 1.000000000000000000 ) ) ;
#4456 = CARTESIAN_POINT ( 'NONE',  ( -2.195704491947769288, -11.21832877959658070, 210.2279565551641554 ) ) ;
#4457 = CARTESIAN_POINT ( 'NONE',  ( -2.930073840115853478, -10.95943460260410340, 210.8346489957406504 ) ) ;
#4458 = CARTESIAN_POINT ( 'NONE',  ( 1.667493423284105880, -11.49999999999999645, 210.9704835156242098 ) ) ;
#4459 = DIRECTION ( 'NONE',  ( 1.000000000000000000, 0.000000000000000000, 0.000000000000000000 ) ) ;
#4460 = DIRECTION ( 'NONE',  ( 0.000000000000000000, 0.000000000000000000, 1.000000000000000000 ) ) ;
#4461 = VERTEX_POINT ( 'NONE', #1915 ) ;
#4462 = EDGE_CURVE ( 'NONE', #6531, #6544, #5841, .T. ) ;
#4463 = EDGE_CURVE ( 'NONE', #5329, #3361, #4701, .T. ) ;
#4464 = CARTESIAN_POINT ( 'NONE',  ( -1.093663871718920433, -10.14381057305505784, 229.9956344847181526 ) ) ;
#4465 = CARTESIAN_POINT ( 'NONE',  ( 2.346000103074196375, -11.23272605638904054, 19.18107467032876912 ) ) ;
#4466 = CARTESIAN_POINT ( 'NONE',  ( -2.499999999999998224, -10.00000000000000000, 1.500000000000001332 ) ) ;
#4467 =( BOUNDED_SURFACE ( )  B_SPLINE_SURFACE ( 3, 2, ( 
 ( #467, #2868, #4123 ),
 ( #6538, #5794, #3491 ),
 ( #1024, #5902, #3422 ),
 ( #432, #2201, #4714 ) ),
 .UNSPECIFIED., .F., .F., .F. ) 
 B_SPLINE_SURFACE_WITH_KNOTS ( ( 4, 4 ),
 ( 3, 3 ),
 ( 4.653480412305519565, 4.712388980384689674 ),
 ( 0.000000000000000000, 1.000000000000000000 ),
 .UNSPECIFIED. ) 
 GEOMETRIC_REPRESENTATION_ITEM ( )  RATIONAL_B_SPLINE_SURFACE ( (
 ( 1.000000000000000000, 0.9991330724410222297, 1.000000000000000000),
 ( 1.000000000000000000, 0.9997106507686347454, 1.000000000000000000),
 ( 1.000000000000000000, 1.000000044854264969, 1.000000000000000000),
 ( 1.000000000000000000, 1.000000000000000000, 1.000000000000000000) ) ) 
 REPRESENTATION_ITEM ( '' )  SURFACE ( )  );
#4468 = CARTESIAN_POINT ( 'NONE',  ( 16.66532048819021838, 12.22641929943638495, 210.0000000000000284 ) ) ;
#4469 = CARTESIAN_POINT ( 'NONE',  ( 1.404371739963006904, -10.85034725721116367, 229.7474675550436700 ) ) ;
#4470 = CARTESIAN_POINT ( 'NONE',  ( 16.66532048819021838, 6.010389983400268754, 210.0000000000000284 ) ) ;
#4471 = ORIENTED_EDGE ( 'NONE', *, *, #5209, .F. ) ;
#4472 = CARTESIAN_POINT ( 'NONE',  ( 1.412682220818181289, -10.60735048036162809, 0.1167053275362913284 ) ) ;
#4473 = EDGE_CURVE ( 'NONE', #436, #1679, #1653, .T. ) ;
#4474 = ORIENTED_EDGE ( 'NONE', *, *, #860, .F. ) ;
#4475 = CARTESIAN_POINT ( 'NONE',  ( 2.513218832620197407, -11.18925340921980016, 228.8735120104957446 ) ) ;
#4476 = CARTESIAN_POINT ( 'NONE',  ( 2.504924179003201523, -11.07042586319104949, 210.6761824511976045 ) ) ;
#4477 = DIRECTION ( 'NONE',  ( 0.000000000000000000, -0.000000000000000000, -1.000000000000000000 ) ) ;
#4478 = DIRECTION ( 'NONE',  ( 0.000000000000000000, 0.000000000000000000, -1.000000000000000000 ) ) ;
#4479 = CARTESIAN_POINT ( 'NONE',  ( -2.548965644519514573, -7.756496401613076408, 208.8928127267627985 ) ) ;
#4480 = CARTESIAN_POINT ( 'NONE',  ( 2.341020580354195690, -11.12208565432324825, 19.52579498766664301 ) ) ;
#4481 = ORIENTED_EDGE ( 'NONE', *, *, #7466, .T. ) ;
#4482 = AXIS2_PLACEMENT_3D ( 'NONE', #3366, #5775, #1519 ) ;
#4483 = CARTESIAN_POINT ( 'NONE',  ( -1.822068548185491910, -10.82057428234669239, 0.3102943246840087488 ) ) ;
#4484 = AXIS2_PLACEMENT_3D ( 'NONE', #6586, #4129, #1772 ) ;
#4485 = CARTESIAN_POINT ( 'NONE',  ( 2.274718130364262958, -11.23121809027670714, 19.35525685104362381 ) ) ;
#4486 = TOROIDAL_SURFACE ( 'NONE', #3239, 1.000000000000000000, 0.5000000000000000000 ) ;
#4487 = DIRECTION ( 'NONE',  ( -0.000000000000000000, -1.000000000000000000, -0.000000000000000000 ) ) ;
#4488 = CARTESIAN_POINT ( 'NONE',  ( -2.549432087221499721, -11.21644525789291436, 211.4999999999999716 ) ) ;
#4489 = DIRECTION ( 'NONE',  ( -0.000000000000000000, -1.000000000000000000, -0.000000000000000000 ) ) ;
#4490 = EDGE_LOOP ( 'NONE', ( #6366, #408, #6772, #1951 ) ) ;
#4491 = CARTESIAN_POINT ( 'NONE',  ( -5.999999999999996447, 3.605551275463993566, 208.5000000000000284 ) ) ;
#4492 = CIRCLE ( 'NONE', #1848, 1.500000000000001332 ) ;
#4493 = ORIENTED_EDGE ( 'NONE', *, *, #2835, .T. ) ;
#4494 = AXIS2_PLACEMENT_3D ( 'NONE', #3266, #7566, #3306 ) ;
#4495 = ORIENTED_EDGE ( 'NONE', *, *, #4314, .T. ) ;
#4496 = DIRECTION ( 'NONE',  ( 1.000000000000000000, 0.000000000000000000, 0.000000000000000000 ) ) ;
#4497 = CARTESIAN_POINT ( 'NONE',  ( -2.196515358925372308, -11.21756813752739923, 210.2360905852484336 ) ) ;
#4498 = DIRECTION ( 'NONE',  ( -1.000000000000000000, -3.469446951953614189E-16, 0.000000000000000000 ) ) ;
#4499 = DIRECTION ( 'NONE',  ( 0.000000000000000000, 1.000000000000000000, 0.000000000000000000 ) ) ;
#4500 = CARTESIAN_POINT ( 'NONE',  ( -2.275016525991836680, -11.19773296634588888, 19.45920323534400254 ) ) ;
#4501 = SPHERICAL_SURFACE ( 'NONE', #1784, 1.500000000000000000 ) ;
#4502 = ORIENTED_EDGE ( 'NONE', *, *, #7110, .T. ) ;
#4503 = CARTESIAN_POINT ( 'NONE',  ( -1.329908669644299879, -10.71182173067840182, 229.8296839980246205 ) ) ;
#4504 = CARTESIAN_POINT ( 'NONE',  ( 4.000000000000022204, 3.000000000000000000, 21.49999999999999289 ) ) ;
#4505 = CARTESIAN_POINT ( 'NONE',  ( -4.000000000000022204, 3.000000000000000000, 21.49999999999999289 ) ) ;
#4506 = DIRECTION ( 'NONE',  ( 1.000000000000000000, 0.000000000000000000, 0.000000000000000000 ) ) ;
#4507 = CARTESIAN_POINT ( 'NONE',  ( 1.329985447978600410, -10.71196801316433778, 229.8296185923700534 ) ) ;
#4508 = DIRECTION ( 'NONE',  ( 1.000000000000000000, 0.000000000000000000, 0.000000000000000000 ) ) ;
#4509 = ORIENTED_EDGE ( 'NONE', *, *, #4902, .T. ) ;
#4510 = AXIS2_PLACEMENT_3D ( 'NONE', #6217, #1921, #5545 ) ;
#4511 = CARTESIAN_POINT ( 'NONE',  ( 1.052532933361329137, -10.06529612703821108, 0.001244523812201601964 ) ) ;
#4512 = AXIS2_PLACEMENT_3D ( 'NONE', #4177, #679, #5406 ) ;
#4513 = ORIENTED_EDGE ( 'NONE', *, *, #5623, .F. ) ;
#4514 = CARTESIAN_POINT ( 'NONE',  ( -3.088235294117645857, -6.834676493307206613, 21.49999999999999289 ) ) ;
#4515 = EDGE_CURVE ( 'NONE', #6479, #5906, #1150, .T. ) ;
#4516 = CARTESIAN_POINT ( 'NONE',  ( 25.00000000000000000, 13.72641929943638139, 0.000000000000000000 ) ) ;
#4517 = CARTESIAN_POINT ( 'NONE',  ( 2.640957290262669233, -10.99013023530012489, 210.6656081078386080 ) ) ;
#4518 = EDGE_CURVE ( 'NONE', #6918, #7093, #4307, .T. ) ;
#4519 = CARTESIAN_POINT ( 'NONE',  ( 4.000000000000022204, 3.500000000000000000, 19.99999999999998934 ) ) ;
#4520 = DIRECTION ( 'NONE',  ( -0.000000000000000000, 0.000000000000000000, 1.000000000000000000 ) ) ;
#4521 = CARTESIAN_POINT ( 'NONE',  ( 3.698088522236910425, -10.15072600491451027, 210.2296227433292586 ) ) ;
#4522 = B_SPLINE_CURVE_WITH_KNOTS ( 'NONE', 3,
 ( #4761, #2322, #552, #4017, #4644, #1773 ),
 .UNSPECIFIED., .F., .F.,
 ( 4, 2, 4 ),
 ( 0.000000000000000000, 0.5000000000000000000, 1.000000000000000000 ),
 .UNSPECIFIED. ) ;
#4523 = AXIS2_PLACEMENT_3D ( 'NONE', #7571, #2169, #1576 ) ;
#4524 = CARTESIAN_POINT ( 'NONE',  ( -2.119188438080374048, -11.49999999596192701, 1.443976497829539962 ) ) ;
#4525 = TOROIDAL_SURFACE ( 'NONE', #3391, 10.00000000000000000, 1.500000000000000000 ) ;
#4526 = LINE ( 'NONE', #3311, #1752 ) ;
#4527 = TOROIDAL_SURFACE ( 'NONE', #6548, 8.000000000000000000, 0.5000000000000000000 ) ;
#4528 = ADVANCED_FACE ( 'NONE', ( #137 ), #6725, .T. ) ;
#4529 = CARTESIAN_POINT ( 'NONE',  ( 5.500000000000000000, 3.605551275463993566, 208.5000000000000284 ) ) ;
#4530 = CARTESIAN_POINT ( 'NONE',  ( -2.543886683171052709, -11.04515674198443165, 210.7954676320037777 ) ) ;
#4531 = CARTESIAN_POINT ( 'NONE',  ( 1.811221830515586939, -11.49999999999999822, 228.5000000000000000 ) ) ;
#4532 = ORIENTED_EDGE ( 'NONE', *, *, #4772, .T. ) ;
#4533 = PRESENTATION_STYLE_ASSIGNMENT (( #7577 ) ) ;
#4534 = ORIENTED_EDGE ( 'NONE', *, *, #3128, .F. ) ;
#4535 = CARTESIAN_POINT ( 'NONE',  ( 25.00000000000000000, 20.99999999999999645, 19.99999999999998934 ) ) ;
#4536 = CARTESIAN_POINT ( 'NONE',  ( -2.260245199282619577, -11.21962198567686997, 210.5666422451224378 ) ) ;
#4537 = CARTESIAN_POINT ( 'NONE',  ( -2.751528575009018596, -10.96762497954849636, 210.7265337573827821 ) ) ;
#4538 = DIRECTION ( 'NONE',  ( 0.000000000000000000, 0.000000000000000000, 1.000000000000000000 ) ) ;
#4539 = EDGE_CURVE ( 'NONE', #6517, #3538, #6901, .T. ) ;
#4540 = FACE_OUTER_BOUND ( 'NONE', #2092, .T. ) ;
#4541 = DIRECTION ( 'NONE',  ( 0.000000000000000000, 0.000000000000000000, 1.000000000000000000 ) ) ;
#4542 = CARTESIAN_POINT ( 'NONE',  ( -5.999999999999996447, 3.605551275463993566, 210.0000000000000284 ) ) ;
#4543 = ORIENTED_EDGE ( 'NONE', *, *, #477, .F. ) ;
#4544 = CARTESIAN_POINT ( 'NONE',  ( -1.980071448962559266, -11.35950041073158800, 229.1728347621671276 ) ) ;
#4545 = DIRECTION ( 'NONE',  ( 0.000000000000000000, 0.000000000000000000, 1.000000000000000000 ) ) ;
#4546 = CARTESIAN_POINT ( 'NONE',  ( 1.000000000000001332, -9.949874371066199430, 0.000000000000000000 ) ) ;
#4547 = DIRECTION ( 'NONE',  ( 0.000000000000000000, -0.000000000000000000, -1.000000000000000000 ) ) ;
#4548 = CARTESIAN_POINT ( 'NONE',  ( 1.667104776663215215, -11.30669543860484971, 0.7378802015708939566 ) ) ;
#4549 = VERTEX_POINT ( 'NONE', #1444 ) ;
#4550 = CARTESIAN_POINT ( 'NONE',  ( 1.451395175145869132, -10.93667884895414133, 229.6862962236673127 ) ) ;
#4551 = TOROIDAL_SURFACE ( 'NONE', #6956, 10.00000000000000000, 1.500000000000000000 ) ;
#4552 = ORIENTED_EDGE ( 'NONE', *, *, #2789, .F. ) ;
#4553 = CARTESIAN_POINT ( 'NONE',  ( -3.773141444251224108, -7.769865864334688510, 20.03261628222628943 ) ) ;
#4554 = ADVANCED_FACE ( 'NONE', ( #2071 ), #2286, .T. ) ;
#4555 = CARTESIAN_POINT ( 'NONE',  ( 2.710271513842670288, -11.10820228762206341, 228.9542336006996663 ) ) ;
#4556 = CARTESIAN_POINT ( 'NONE',  ( 1.032903929300252877, -9.979608481130874509, 229.9997551995876108 ) ) ;
#4557 = CARTESIAN_POINT ( 'NONE',  ( 10.81795374094970263, 3.901522377056461099, 210.0000000000000284 ) ) ;
#4558 = CARTESIAN_POINT ( 'NONE',  ( -2.907767651451976576, -10.97578270838704739, 210.8552015925807552 ) ) ;
#4559 = CARTESIAN_POINT ( 'NONE',  ( 3.779976637959943098, -9.922438674644830314, 210.1332474124368446 ) ) ;
#4560 = ORIENTED_EDGE ( 'NONE', *, *, #4915, .T. ) ;
#4561 = UNCERTAINTY_MEASURE_WITH_UNIT (LENGTH_MEASURE( 1.000000000000000082E-05 ), #6146, 'distance_accuracy_value', 'NONE');
#4562 = EDGE_CURVE ( 'NONE', #3145, #6866, #4845, .T. ) ;
#4563 = EDGE_CURVE ( 'NONE', #436, #6544, #6131, .T. ) ;
#4564 = CARTESIAN_POINT ( 'NONE',  ( -1.809967261020905882, -11.49874392550899138, 1.429538792540594905 ) ) ;
#4565 = EDGE_CURVE ( 'NONE', #3289, #1011, #2001, .T. ) ;
#4566 = CARTESIAN_POINT ( 'NONE',  ( 2.322788891182281379, -11.29950008537401729, 18.99946180961574171 ) ) ;
#4567 = CARTESIAN_POINT ( 'NONE',  ( 1.034095312463265692, -10.01136510415441983, 229.9996124531585053 ) ) ;
#4568 = LINE ( 'NONE', #5795, #1759 ) ;
#4569 = FACE_OUTER_BOUND ( 'NONE', #1216, .T. ) ;
#4570 = EDGE_LOOP ( 'NONE', ( #5829, #3866, #7424, #3494, #542, #5848, #1135 ) ) ;
#4571 =( NAMED_UNIT ( * ) PLANE_ANGLE_UNIT ( ) SI_UNIT ( $, .RADIAN. ) );
#4572 = ORIENTED_EDGE ( 'NONE', *, *, #3743, .T. ) ;
#4573 = EDGE_CURVE ( 'NONE', #6691, #6190, #6235, .T. ) ;
#4574 = CARTESIAN_POINT ( 'NONE',  ( 0.000000000000000000, 0.000000000000000000, 211.5000000000000284 ) ) ;
#4575 = CARTESIAN_POINT ( 'NONE',  ( -2.195803164945429042, -11.21824775498309812, 210.2352210593348332 ) ) ;
#4576 = CARTESIAN_POINT ( 'NONE',  ( -2.782724181268665387, -10.99729864584900518, 210.8191227557206275 ) ) ;
#4577 = CIRCLE ( 'NONE', #3689, 1.500000000000001332 ) ;
#4578 = CARTESIAN_POINT ( 'NONE',  ( 2.590501838628206155, -7.765420546924154621, 20.97653823026569242 ) ) ;
#4579 = DIRECTION ( 'NONE',  ( 1.000000000000000000, 0.000000000000000000, 0.000000000000000000 ) ) ;
#4580 = CARTESIAN_POINT ( 'NONE',  ( -2.198611092165076553, -11.21560043943140350, 19.74380662811178055 ) ) ;
#4581 = ORIENTED_EDGE ( 'NONE', *, *, #2828, .F. ) ;
#4582 = EDGE_LOOP ( 'NONE', ( #2561, #1075, #1525, #618 ) ) ;
#4583 = EDGE_CURVE ( 'NONE', #5729, #4841, #7733, .T. ) ;
#4584 = EDGE_CURVE ( 'NONE', #3390, #3660, #7485, .T. ) ;
#4585 = CARTESIAN_POINT ( 'NONE',  ( 2.231765668019716209, -11.20787912697178257, 210.4265105191702219 ) ) ;
#4586 = CARTESIAN_POINT ( 'NONE',  ( 1.029437251522618668, -10.08831175456809426, 229.9973980880197360 ) ) ;
#4587 = DIRECTION ( 'NONE',  ( 1.000000000000000000, 0.000000000000000000, 0.000000000000000000 ) ) ;
#4588 = CARTESIAN_POINT ( 'NONE',  ( -3.251682847070371363, -7.589812906716316476, 209.8214536087994873 ) ) ;
#4589 = EDGE_LOOP ( 'NONE', ( #2584, #3628, #6095, #3018 ) ) ;
#4590 = DIRECTION ( 'NONE',  ( -1.000000000000000000, 0.000000000000000000, 0.000000000000000000 ) ) ;
#4591 = DIRECTION ( 'NONE',  ( 0.3392628153962136683, 0.9406916296478006201, 1.203781379950449385E-16 ) ) ;
#4592 = CARTESIAN_POINT ( 'NONE',  ( -3.141262284149955786, -6.910011285156366867, 20.97653823008046814 ) ) ;
#4593 = CARTESIAN_POINT ( 'NONE',  ( -2.906507684585193374, -10.97595861529130445, 210.8550437043854231 ) ) ;
#4594 = CARTESIAN_POINT ( 'NONE',  ( 2.913626296308029939, -10.97007306885249989, 210.8470045602167318 ) ) ;
#4595 = DIRECTION ( 'NONE',  ( -0.000000000000000000, -0.000000000000000000, 1.000000000000000000 ) ) ;
#4596 = CARTESIAN_POINT ( 'NONE',  ( 2.500000000000001332, -9.165151389911681434, 21.49999999999999289 ) ) ;
#4597 = CARTESIAN_POINT ( 'NONE',  ( -3.999999999999996447, 3.605551275463993566, 21.49999999999999289 ) ) ;
#4598 = VERTEX_POINT ( 'NONE', #1775 ) ;
#4599 = ADVANCED_FACE ( 'NONE', ( #4172 ), #5988, .T. ) ;
#4600 = CARTESIAN_POINT ( 'NONE',  ( -1.931745919011692347, -11.30182622692961480, 0.7257973802013253373 ) ) ;
#4601 = FACE_OUTER_BOUND ( 'NONE', #2656, .T. ) ;
#4602 = CARTESIAN_POINT ( 'NONE',  ( -2.360634440770774667, -10.86796941561149943, 229.5015185232536226 ) ) ;
#4603 = CARTESIAN_POINT ( 'NONE',  ( -3.999999999999998224, -8.062257748298549132, 19.99999999999998934 ) ) ;
#4604 = AXIS2_PLACEMENT_3D ( 'NONE', #5495, #1440, #1945 ) ;
#4605 = CARTESIAN_POINT ( 'NONE',  ( -2.324750824248084324, -11.30317058414308740, 211.0221264835969066 ) ) ;
#4606 = VERTEX_POINT ( 'NONE', #7604 ) ;
#4607 = CIRCLE ( 'NONE', #6628, 7.716029316036113528 ) ;
#4608 = EDGE_LOOP ( 'NONE', ( #68, #6882, #3375, #4829 ) ) ;
#4609 = DIRECTION ( 'NONE',  ( 1.000000000000000000, 0.000000000000000000, 0.000000000000000000 ) ) ;
#4610 = CARTESIAN_POINT ( 'NONE',  ( -2.261157850636161371, -11.21987325376436928, 210.5701593652510439 ) ) ;
#4611 = CARTESIAN_POINT ( 'NONE',  ( -2.854980240262079416, -10.95924751910674821, 210.7906999388177951 ) ) ;
#4612 = CARTESIAN_POINT ( 'NONE',  ( 3.331843155858329908, -7.176336952273824288, 20.46275007716508654 ) ) ;
#4613 = CYLINDRICAL_SURFACE ( 'NONE', #4015, 1.500000000000001332 ) ;
#4614 = FACE_OUTER_BOUND ( 'NONE', #7373, .T. ) ;
#4615 = FACE_OUTER_BOUND ( 'NONE', #1148, .T. ) ;
#4616 = CIRCLE ( 'NONE', #3921, 1.500000000000011324 ) ;
#4617 = ORIENTED_EDGE ( 'NONE', *, *, #7217, .F. ) ;
#4618 = ORIENTED_EDGE ( 'NONE', *, *, #7333, .T. ) ;
#4619 = CARTESIAN_POINT ( 'NONE',  ( 2.261182417534255862, -11.21936857459032488, 210.5685955751906135 ) ) ;
#4620 = FACE_OUTER_BOUND ( 'NONE', #1268, .T. ) ;
#4621 = DIRECTION ( 'NONE',  ( 1.000000000000000000, 0.000000000000000000, 0.000000000000000000 ) ) ;
#4622 = CARTESIAN_POINT ( 'NONE',  ( -3.699537671196524879, -10.14751551804621776, 210.2281297048107547 ) ) ;
#4623 = ADVANCED_FACE ( 'NONE', ( #3813 ), #7448, .T. ) ;
#4624 = CARTESIAN_POINT ( 'NONE',  ( 1.811221829752449164, -11.50000000000000000, 1.465202022579050745 ) ) ;
#4625 = VERTEX_POINT ( 'NONE', #385 ) ;
#4626 = CARTESIAN_POINT ( 'NONE',  ( -3.222236077366635421, -7.023987428236327268, 20.69895041080767228 ) ) ;
#4627 = VECTOR ( 'NONE', #3023, 1000.000000000000000 ) ;
#4628 = CARTESIAN_POINT ( 'NONE',  ( -2.925519736794871761, -10.96246620780162040, 210.8382001942831039 ) ) ;
#4629 = CARTESIAN_POINT ( 'NONE',  ( 2.852657043353111543, -10.97763531506620893, 210.8297534949284682 ) ) ;
#4630 = CYLINDRICAL_SURFACE ( 'NONE', #5705, 1.500000000000001332 ) ;
#4631 = CARTESIAN_POINT ( 'NONE',  ( 1.120722134059867203, -10.00775315809241306, 0.001648733204141425435 ) ) ;
#4632 = CARTESIAN_POINT ( 'NONE',  ( -23.50000000000000000, 0.000000000000000000, 1.500000000000001332 ) ) ;
#4633 = ORIENTED_EDGE ( 'NONE', *, *, #2451, .T. ) ;
#4634 = AXIS2_PLACEMENT_3D ( 'NONE', #4058, #3952, #2182 ) ;
#4635 = ORIENTED_EDGE ( 'NONE', *, *, #1327, .F. ) ;
#4636 = ORIENTED_EDGE ( 'NONE', *, *, #4418, .F. ) ;
#4637 = CARTESIAN_POINT ( 'NONE',  ( -1.980343189771180068, -11.35950326869974170, 0.8271340083595825066 ) ) ;
#4638 = CARTESIAN_POINT ( 'NONE',  ( -1.128546903771852961, -10.07762628799397220, -1.496702533587699557 ) ) ;
#4639 = CARTESIAN_POINT ( 'NONE',  ( -1.866094036527568223, -10.52624160273136589, 229.8425711844614909 ) ) ;
#4640 = DIRECTION ( 'NONE',  ( 1.000000000000000000, -2.081331949859378477E-16, 0.000000000000000000 ) ) ;
#4641 = DIRECTION ( 'NONE',  ( -0.000000000000000000, -0.000000000000000000, -1.000000000000000000 ) ) ;
#4642 = ORIENTED_EDGE ( 'NONE', *, *, #3290, .F. ) ;
#4643 = CARTESIAN_POINT ( 'NONE',  ( 0.000000000000000000, 0.000000000000000000, 21.49999999999999289 ) ) ;
#4644 = CARTESIAN_POINT ( 'NONE',  ( -2.260154475295553134, -11.15603195546138160, 19.68971826569931949 ) ) ;
#4645 = CARTESIAN_POINT ( 'NONE',  ( -2.649273894625560288, -10.98201168813914386, 210.6540558590248224 ) ) ;
#4646 = CARTESIAN_POINT ( 'NONE',  ( 3.403597359237293229, -7.687199090214745567, 20.10895337225321811 ) ) ;
#4647 = CARTESIAN_POINT ( 'NONE',  ( 23.50000000000000000, 20.99999999999999645, 19.99999999999998934 ) ) ;
#4648 = CARTESIAN_POINT ( 'NONE',  ( -2.328889397164485509, -11.16818854422079177, 19.40396821137307981 ) ) ;
#4649 = AXIS2_PLACEMENT_3D ( 'NONE', #7553, #927, #2624 ) ;
#4650 = CARTESIAN_POINT ( 'NONE',  ( 25.00000000000000000, 13.72641929943638139, 210.0000000000000284 ) ) ;
#4651 = ORIENTED_EDGE ( 'NONE', *, *, #2134, .T. ) ;
#4652 =( BOUNDED_SURFACE ( )  B_SPLINE_SURFACE ( 3, 2, ( 
 ( #4722, #6509, #479 ),
 ( #4684, #1619, #6397 ),
 ( #5287, #2802, #1251 ),
 ( #7139, #3395, #2213 ),
 ( #5912, #440, #4578 ),
 ( #7026, #1734, #7098 ),
 ( #3464, #998, #2288 ),
 ( #2179, #2839, #5878 ),
 ( #4612, #6435, #1034 ),
 ( #3504, #1694, #1585 ),
 ( #2914, #4646, #4020 ),
 ( #4091, #5250, #2763 ),
 ( #5171, #7583, #7658 ),
 ( #520, #4243, #5322 ) ),
 .UNSPECIFIED., .F., .F., .T. ) 
 B_SPLINE_SURFACE_WITH_KNOTS ( ( 4, 2, 2, 2, 2, 2, 4 ),
 ( 3, 3 ),
 ( 0.000000000000000000, 0.0001067712376090326672, 0.0002135424752180653345, 0.0003203137128270979882, 0.0004270849504361306690, 0.0006406274256541959764, 0.0008541699008722613380 ),
 ( 0.000000000000000000, 1.000000000000000000 ),
 .UNSPECIFIED. ) 
 GEOMETRIC_REPRESENTATION_ITEM ( )  RATIONAL_B_SPLINE_SURFACE ( (
 ( 1.000000000000000000, 0.8401680504168059782, 1.000000000000000000),
 ( 1.000000000000000000, 0.8401643538267737910, 1.000000000000000000),
 ( 1.000000000000000000, 0.8430034694672435824, 1.000000000000000000),
 ( 1.000000000000000000, 0.8534475119643681884, 1.000000000000000000),
 ( 1.000000000000000000, 0.8611405584559140847, 1.000000000000000000),
 ( 1.000000000000000000, 0.8790074362900358595, 1.000000000000000000),
 ( 1.000000000000000000, 0.8893367760833581492, 1.000000000000000000),
 ( 1.000000000000000000, 0.9104695716122566118, 1.000000000000000000),
 ( 1.000000000000000000, 0.9211725728879025521, 1.000000000000000000),
 ( 1.000000000000000000, 0.9518443258590507661, 1.000000000000000000),
 ( 1.000000000000000000, 0.9696388831222748639, 1.000000000000000000),
 ( 1.000000000000000000, 0.9937984281227258965, 1.000000000000000000),
 ( 1.000000000000000000, 0.9999875007891952938, 1.000000000000000000),
 ( 1.000000000000000000, 1.000000000000000000, 1.000000000000000000) ) ) 
 REPRESENTATION_ITEM ( '' )  SURFACE ( )  );
#4653 = ORIENTED_EDGE ( 'NONE', *, *, #6402, .F. ) ;
#4654 = EDGE_CURVE ( 'NONE', #1027, #2530, #5153, .T. ) ;
#4655 = CARTESIAN_POINT ( 'NONE',  ( 2.257817585372658975, -11.21748866447920534, 210.5524456345831936 ) ) ;
#4656 = EDGE_CURVE ( 'NONE', #1038, #6067, #4451, .T. ) ;
#4657 = DIRECTION ( 'NONE',  ( 0.000000000000000000, 0.000000000000000000, -1.000000000000000000 ) ) ;
#4658 = FACE_OUTER_BOUND ( 'NONE', #2631, .T. ) ;
#4659 = ADVANCED_FACE ( 'NONE', ( #980 ), #1570, .T. ) ;
#4660 = CARTESIAN_POINT ( 'NONE',  ( -2.085724782955043377, -11.50000000000000000, 19.49071876717506058 ) ) ;
#4661 = ORIENTED_EDGE ( 'NONE', *, *, #2780, .F. ) ;
#4662 = CARTESIAN_POINT ( 'NONE',  ( -2.634593108100496295, -7.188805510159880008, 20.85443406651409148 ) ) ;
#4663 = EDGE_CURVE ( 'NONE', #3145, #1, #985, .T. ) ;
#4664 = TOROIDAL_SURFACE ( 'NONE', #7581, 1.000000000000000000, 0.5000000000000000000 ) ;
#4665 = CARTESIAN_POINT ( 'NONE',  ( -2.896994667001201673, -10.98403663988636758, 210.8664635816161308 ) ) ;
#4666 = CARTESIAN_POINT ( 'NONE',  ( 2.846665160706730813, -10.97147261631280557, 210.8142551464372900 ) ) ;
#4667 = CARTESIAN_POINT ( 'NONE',  ( 23.50000000000000000, 13.72641929943638139, 18.49999999999998934 ) ) ;
#4668 = CARTESIAN_POINT ( 'NONE',  ( -2.118350510666661357, -11.50000000000019895, 210.3495728694108777 ) ) ;
#4669 = CARTESIAN_POINT ( 'NONE',  ( -3.806163905009697146, -8.022183012925221846, 210.0000000000000853 ) ) ;
#4670 = EDGE_LOOP ( 'NONE', ( #2282, #462, #7222, #5444 ) ) ;
#4671 = VECTOR ( 'NONE', #6477, 1000.000000000000000 ) ;
#4672 = VERTEX_POINT ( 'NONE', #3850 ) ;
#4673 = ORIENTED_EDGE ( 'NONE', *, *, #2725, .F. ) ;
#4674 = CARTESIAN_POINT ( 'NONE',  ( 2.260822854088498701, -11.21962900244772676, 210.5683735954067970 ) ) ;
#4675 = EDGE_CURVE ( 'NONE', #2352, #6945, #1634, .T. ) ;
#4676 = CARTESIAN_POINT ( 'NONE',  ( 1.811221830515586717, -10.49999999999999822, 18.49999999999998934 ) ) ;
#4677 = CARTESIAN_POINT ( 'NONE',  ( -1.500192188052151598, -10.27022690005175320, 229.9535508472818321 ) ) ;
#4678 = CARTESIAN_POINT ( 'NONE',  ( -23.50000000000000000, 13.72641929943638139, 19.99999999999998934 ) ) ;
#4679 = CARTESIAN_POINT ( 'NONE',  ( 4.000000000000001776, -9.165151389911679658, 210.0000000000000284 ) ) ;
#4680 = ORIENTED_EDGE ( 'NONE', *, *, #4539, .F. ) ;
#4681 = CARTESIAN_POINT ( 'NONE',  ( 3.146680328731489062, -12.61342153853482806, 228.5000000000000000 ) ) ;
#4682 = DIRECTION ( 'NONE',  ( 1.000000000000000000, 0.000000000000000000, 0.000000000000000000 ) ) ;
#4683 = CARTESIAN_POINT ( 'NONE',  ( -2.877645538829556759, -10.97108578208321106, 210.8294968245396319 ) ) ;
#4684 = CARTESIAN_POINT ( 'NONE',  ( 3.088235309840767773, -6.834676486202745593, 21.39156217768418955 ) ) ;
#4685 = FACE_OUTER_BOUND ( 'NONE', #932, .T. ) ;
#4686 = CARTESIAN_POINT ( 'NONE',  ( -2.359755363890307045, -11.13202071365967072, 19.43993399449290038 ) ) ;
#4687 = LINE ( 'NONE', #1553, #4671 ) ;
#4688 = VERTEX_POINT ( 'NONE', #862 ) ;
#4689 = ADVANCED_FACE ( 'NONE', ( #2786 ), #5196, .T. ) ;
#4690 = ORIENTED_EDGE ( 'NONE', *, *, #4752, .F. ) ;
#4691 = CIRCLE ( 'NONE', #6211, 0.5000000000000004441 ) ;
#4692 = CARTESIAN_POINT ( 'NONE',  ( 2.219939200382168742, -11.20774833399057258, 210.3696126347782069 ) ) ;
#4693 = B_SPLINE_CURVE_WITH_KNOTS ( 'NONE', 3,
 ( #6267, #6311, #831, #3275, #1422, #3346, #5709, #4407, #3234, #5083, #6982, #1578, #945, #7497, #6904, #309 ),
 .UNSPECIFIED., .F., .F.,
 ( 4, 2, 2, 2, 2, 2, 2, 4 ),
 ( -8.057786638936213002E-06, 0.0002868868405497361279, 0.0005818314677384085450, 0.0008767760949270810705, 0.001171720722115753271, 0.001761609976493041943, 0.002056554603681686605, 0.002351499230870331050 ),
 .UNSPECIFIED. ) ;
#4694 = CIRCLE ( 'NONE', #5333, 1.500000000000001332 ) ;
#4695 = CARTESIAN_POINT ( 'NONE',  ( -3.588511471053444257, -10.33801090994251304, 19.67038074297917660 ) ) ;
#4696 = CARTESIAN_POINT ( 'NONE',  ( 1.000000000000001776, -9.949874371066199430, 1.301042606982605321E-15 ) ) ;
#4697 = CARTESIAN_POINT ( 'NONE',  ( -3.884482235475994472, -7.914752110902201210, 210.0000000000000284 ) ) ;
#4698 =( BOUNDED_SURFACE ( )  B_SPLINE_SURFACE ( 3, 2, ( 
 ( #2936, #5346, #7358 ),
 ( #4389, #3761, #696 ),
 ( #4350, #6766, #1874 ),
 ( #1401, #3181, #4983 ) ),
 .UNSPECIFIED., .F., .F., .T. ) 
 B_SPLINE_SURFACE_WITH_KNOTS ( ( 4, 4 ),
 ( 3, 3 ),
 ( 0.000000000000000000, 9.182449425451839637E-05 ),
 ( 0.000000000000000000, 1.000000000000000000 ),
 .UNSPECIFIED. ) 
 GEOMETRIC_REPRESENTATION_ITEM ( )  RATIONAL_B_SPLINE_SURFACE ( (
 ( 1.000000000000000000, 0.9998845316408295769, 1.000000000000000000),
 ( 1.000000000000000000, 0.9999613537162285182, 1.000000000000000000),
 ( 1.000000000000000000, 0.9999999997771302773, 1.000000000000000000),
 ( 1.000000000000000000, 1.000000000000000000, 1.000000000000000000) ) ) 
 REPRESENTATION_ITEM ( '' )  SURFACE ( )  );
#4699 = AXIS2_PLACEMENT_3D ( 'NONE', #7072, #1521, #4587 ) ;
#4700 = CARTESIAN_POINT ( 'NONE',  ( -2.346000103076456789, -11.23272605639363242, 19.18107467031730096 ) ) ;
#4701 = CIRCLE ( 'NONE', #7226, 1.499999999999999556 ) ;
#4702 = ORIENTED_EDGE ( 'NONE', *, *, #5099, .F. ) ;
#4703 = CARTESIAN_POINT ( 'NONE',  ( -16.49998279950084168, 12.22422003473056407, 10.30596553569621854 ) ) ;
#4704 = CARTESIAN_POINT ( 'NONE',  ( -2.887580118836403642, -10.95980971935202142, 210.8126762087705686 ) ) ;
#4705 = CARTESIAN_POINT ( 'NONE',  ( 2.913626296308029051, -10.97007306885250344, 210.8470045602167602 ) ) ;
#4706 = DIRECTION ( 'NONE',  ( 0.000000000000000000, 0.000000000000000000, -1.000000000000000000 ) ) ;
#4707 = CARTESIAN_POINT ( 'NONE',  ( -2.345817301835051882, -11.34511023647914385, 211.4037771358671023 ) ) ;
#4708 = CARTESIAN_POINT ( 'NONE',  ( -2.806258848027776143, -7.811641522933786774, 209.4292404645307215 ) ) ;
#4709 = ORIENTED_EDGE ( 'NONE', *, *, #627, .T. ) ;
#4710 = EDGE_LOOP ( 'NONE', ( #2940, #6749, #7133, #3336 ) ) ;
#4711 = VERTEX_POINT ( 'NONE', #5625 ) ;
#4712 = CARTESIAN_POINT ( 'NONE',  ( -2.285804104260733549, -11.28552098389535807, 228.9508673693704850 ) ) ;
#4713 = SPHERICAL_SURFACE ( 'NONE', #6929, 1.500000000000000000 ) ;
#4714 = CARTESIAN_POINT ( 'NONE',  ( -1.000000000000000888, -10.00000000000000178, 230.0000000000000000 ) ) ;
#4715 = FACE_OUTER_BOUND ( 'NONE', #1927, .T. ) ;
#4716 = ADVANCED_FACE ( 'NONE', ( #7491 ), #2082, .T. ) ;
#4717 = DIRECTION ( 'NONE',  ( 0.000000000000000000, 0.000000000000000000, -1.000000000000000000 ) ) ;
#4718 = EDGE_LOOP ( 'NONE', ( #2095, #4880, #3317, #3144 ) ) ;
#4719 = CARTESIAN_POINT ( 'NONE',  ( 2.194994261698469007, -11.21901528231755840, 19.77292240503176401 ) ) ;
#4720 = CARTESIAN_POINT ( 'NONE',  ( -4.000000000000000000, 3.605551275463993566, 210.0000000000000284 ) ) ;
#4721 = CARTESIAN_POINT ( 'NONE',  ( 25.00000000000000000, 13.72641929943638139, 1.500000000000000000 ) ) ;
#4722 = CARTESIAN_POINT ( 'NONE',  ( 3.088235294117648078, -6.834676493307206613, 21.49999999999999289 ) ) ;
#4723 = CARTESIAN_POINT ( 'NONE',  ( 2.117398336241363310, -11.10315877812913321, 229.3554669513120245 ) ) ;
#4724 = CARTESIAN_POINT ( 'NONE',  ( 16.66532048819021838, 6.010389983400268754, 211.5000000000000284 ) ) ;
#4725 = CARTESIAN_POINT ( 'NONE',  ( -2.451990596561845592, -11.04719910006040884, 19.49570400695875350 ) ) ;
#4726 = DIRECTION ( 'NONE',  ( 1.000000000000000000, 0.000000000000000000, 0.000000000000000000 ) ) ;
#4727 = ORIENTED_EDGE ( 'NONE', *, *, #7274, .F. ) ;
#4728 = CIRCLE ( 'NONE', #199, 1.499999999999999556 ) ;
#4729 = ORIENTED_EDGE ( 'NONE', *, *, #5136, .F. ) ;
#4730 = CARTESIAN_POINT ( 'NONE',  ( -16.66532048819021838, 12.22641929943638317, 1.500000000000001332 ) ) ;
#4731 = CARTESIAN_POINT ( 'NONE',  ( 2.197805811039262203, -11.21634156755970402, 210.2431006643232649 ) ) ;
#4732 = AXIS2_PLACEMENT_3D ( 'NONE', #6503, #1102, #3501 ) ;
#4733 = CARTESIAN_POINT ( 'NONE',  ( -2.459282996611309891, -10.79139168798095483, 20.84076148710839149 ) ) ;
#4734 = CARTESIAN_POINT ( 'NONE',  ( 2.913626296288682749, -10.97007306887150690, 19.15299543975554997 ) ) ;
#4735 = CARTESIAN_POINT ( 'NONE',  ( -2.912066371730124281, -7.834142325845512289, 209.5372499225495631 ) ) ;
#4736 = AXIS2_PLACEMENT_3D ( 'NONE', #2966, #1746, #4146 ) ;
#4737 = CARTESIAN_POINT ( 'NONE',  ( -2.344876080933522289, -11.29406991343022071, 18.95595200602049601 ) ) ;
#4738 = AXIS2_PLACEMENT_3D ( 'NONE', #5920, #2416, #2331 ) ;
#4739 = AXIS2_PLACEMENT_3D ( 'NONE', #5835, #6862, #434 ) ;
#4740 = ORIENTED_EDGE ( 'NONE', *, *, #1625, .F. ) ;
#4741 = CARTESIAN_POINT ( 'NONE',  ( 2.833747597567479737, -11.07252907255033847, 18.95809794498284262 ) ) ;
#4742 = EDGE_CURVE ( 'NONE', #1679, #6132, #2565, .T. ) ;
#4743 = CARTESIAN_POINT ( 'NONE',  ( 2.197897872426843868, -11.21622431061521752, 19.76852752196934659 ) ) ;
#4744 = DIRECTION ( 'NONE',  ( -0.000000000000000000, 0.000000000000000000, 1.000000000000000000 ) ) ;
#4745 = CARTESIAN_POINT ( 'NONE',  ( -16.66532048819021838, 6.010389983400267866, 18.49999999999998934 ) ) ;
#4746 = CARTESIAN_POINT ( 'NONE',  ( -1.811221832088546480, -11.50000000000000000, 211.4454247552201309 ) ) ;
#4747 = DIRECTION ( 'NONE',  ( 1.000000000000000000, 0.000000000000000000, 0.000000000000000000 ) ) ;
#4748 = VERTEX_POINT ( 'NONE', #1415 ) ;
#4749 = ORIENTED_EDGE ( 'NONE', *, *, #5479, .F. ) ;
#4750 = VERTEX_POINT ( 'NONE', #3891 ) ;
#4751 = CARTESIAN_POINT ( 'NONE',  ( -2.121933517395453439, -10.70320366398179601, 229.6951209286862081 ) ) ;
#4752 = EDGE_CURVE ( 'NONE', #1760, #2273, #4773, .T. ) ;
#4753 = DIRECTION ( 'NONE',  ( 0.000000000000000000, 0.000000000000000000, 1.000000000000000000 ) ) ;
#4754 = CARTESIAN_POINT ( 'NONE',  ( 2.394701297713314858, -11.07398052452518478, 210.4505168377067719 ) ) ;
#4755 = EDGE_CURVE ( 'NONE', #3163, #5550, #3143, .T. ) ;
#4756 = CARTESIAN_POINT ( 'NONE',  ( 16.66532048819021838, 13.72641929943638139, 228.5000000000000000 ) ) ;
#4757 = CARTESIAN_POINT ( 'NONE',  ( 2.230483819620186381, -11.20775410888180978, 19.58025582023065425 ) ) ;
#4758 = EDGE_CURVE ( 'NONE', #1506, #3220, #4403, .T. ) ;
#4759 = AXIS2_PLACEMENT_3D ( 'NONE', #5481, #77, #4726 ) ;
#4760 = EDGE_LOOP ( 'NONE', ( #1284, #1849, #6651, #60, #5977, #6232 ) ) ;
#4761 = CARTESIAN_POINT ( 'NONE',  ( -2.913626296277898930, -10.97007306887183553, 19.15299543976061614 ) ) ;
#4762 = CARTESIAN_POINT ( 'NONE',  ( -2.913626296277898930, -10.97007306887183553, 19.15299543976061614 ) ) ;
#4763 = CARTESIAN_POINT ( 'NONE',  ( 1.548541314343250708, -11.10741103221294956, 229.5160557083325443 ) ) ;
#4764 = DIRECTION ( 'NONE',  ( -0.000000000000000000, 1.000000000000000000, -0.000000000000000000 ) ) ;
#4765 = CARTESIAN_POINT ( 'NONE',  ( -2.329096565154441745, -11.16826259803810295, 19.40323656082231096 ) ) ;
#4766 = CARTESIAN_POINT ( 'NONE',  ( -2.458335045199914415, -10.96658169898361557, 210.5898770424549298 ) ) ;
#4767 = VECTOR ( 'NONE', #1233, 1000.000000000000000 ) ;
#4768 = ORIENTED_EDGE ( 'NONE', *, *, #5262, .F. ) ;
#4769 = ORIENTED_EDGE ( 'NONE', *, *, #2013, .F. ) ;
#4770 = DIRECTION ( 'NONE',  ( -0.000000000000000000, 1.000000000000000000, -0.000000000000000000 ) ) ;
#4771 = CARTESIAN_POINT ( 'NONE',  ( 2.259982076593974654, -11.21591477691835692, 210.5538287578229131 ) ) ;
#4772 = EDGE_CURVE ( 'NONE', #578, #3954, #3776, .T. ) ;
#4773 = CIRCLE ( 'NONE', #2263, 0.9999999999999995559 ) ;
#4774 = CARTESIAN_POINT ( 'NONE',  ( -1.064573262633526252, -9.977462227845578013, 0.0003875468415110057950 ) ) ;
#4775 = FACE_OUTER_BOUND ( 'NONE', #1093, .T. ) ;
#4776 = CARTESIAN_POINT ( 'NONE',  ( -5.500000000000000000, 3.605551275463993566, 208.5000000000000284 ) ) ;
#4777 = CIRCLE ( 'NONE', #1387, 1.500000000000000444 ) ;
#4778 = CARTESIAN_POINT ( 'NONE',  ( 16.66532048819021838, 12.22641929943638317, 9.105980102494566353 ) ) ;
#4779 = CARTESIAN_POINT ( 'NONE',  ( 1.028332120927289983, -9.962004558700733980, 229.9999561054096660 ) ) ;
#4780 = CARTESIAN_POINT ( 'NONE',  ( -16.66532048819021838, 12.22641929943638317, 9.105980102494566353 ) ) ;
#4781 = CARTESIAN_POINT ( 'NONE',  ( 2.260427567776952529, -11.21526723467203368, 19.44707169293595328 ) ) ;
#4782 = CYLINDRICAL_SURFACE ( 'NONE', #2542, 0.4999999999999995559 ) ;
#4783 = CARTESIAN_POINT ( 'NONE',  ( 23.50000000000000000, 13.72641929943638139, 1.500000000000000000 ) ) ;
#4784 = CARTESIAN_POINT ( 'NONE',  ( 25.00000000000000000, 0.000000000000000000, 19.99999999999998934 ) ) ;
#4785 = ORIENTED_EDGE ( 'NONE', *, *, #2469, .T. ) ;
#4786 = ORIENTED_EDGE ( 'NONE', *, *, #5387, .T. ) ;
#4787 = ORIENTED_EDGE ( 'NONE', *, *, #3283, .F. ) ;
#4788 = TOROIDAL_SURFACE ( 'NONE', #4289, 1.000000000000000000, 0.5000000000000000000 ) ;
#4789 = CARTESIAN_POINT ( 'NONE',  ( -1.930010177375270475, -10.93391871257295911, 229.5844047591754986 ) ) ;
#4790 = FACE_OUTER_BOUND ( 'NONE', #2681, .T. ) ;
#4791 = CARTESIAN_POINT ( 'NONE',  ( 2.278615846722222837, -11.19512404062420430, 210.5426578629785297 ) ) ;
#4792 = CARTESIAN_POINT ( 'NONE',  ( -1.039283735842519762, -10.03928373584243339, 0.0002891020640547122835 ) ) ;
#4793 = CARTESIAN_POINT ( 'NONE',  ( 2.314869104697591329, -11.12229423932593164, 19.63264339163396954 ) ) ;
#4794 = CARTESIAN_POINT ( 'NONE',  ( 2.229132844823094928, -11.20765232803983302, 19.58664900481305438 ) ) ;
#4795 = AXIS2_PLACEMENT_3D ( 'NONE', #5606, #6241, #919 ) ;
#4796 = EDGE_CURVE ( 'NONE', #2004, #2586, #4345, .T. ) ;
#4797 = EDGE_CURVE ( 'NONE', #1283, #3280, #5041, .T. ) ;
#4798 = ORIENTED_EDGE ( 'NONE', *, *, #4077, .T. ) ;
#4799 = CARTESIAN_POINT ( 'NONE',  ( 2.633541991906644064, -10.34360516249581252, 19.94766482792108064 ) ) ;
#4800 = DIRECTION ( 'NONE',  ( 1.000000000000000000, 0.000000000000000000, 0.000000000000000000 ) ) ;
#4801 = B_SPLINE_CURVE_WITH_KNOTS ( 'NONE', 3,
 ( #4959, #5512, #7370, #625 ),
 .UNSPECIFIED., .F., .F.,
 ( 4, 4 ),
 ( 1.939479807224432123E-18, 0.0007997807101843900724 ),
 .UNSPECIFIED. ) ;
#4802 = CARTESIAN_POINT ( 'NONE',  ( 2.198141691469396086, -11.21618642002588828, 19.75503591363154143 ) ) ;
#4803 = CARTESIAN_POINT ( 'NONE',  ( 2.194994261696812554, -11.21901528231916245, 210.2270775949737072 ) ) ;
#4804 = CARTESIAN_POINT ( 'NONE',  ( 2.856923504508333809E-15, 13.72641929943638672, 18.49999999999998934 ) ) ;
#4805 = AXIS2_PLACEMENT_3D ( 'NONE', #2221, #446, #411 ) ;
#4806 = DIRECTION ( 'NONE',  ( 0.000000000000000000, 0.000000000000000000, -1.000000000000000000 ) ) ;
#4807 = CARTESIAN_POINT ( 'NONE',  ( -2.508925121670156688, -11.07413206524987181, 19.30807858953269118 ) ) ;
#4808 = CARTESIAN_POINT ( 'NONE',  ( -0.9999999999999981126, -9.949874371066199430, 230.0000000000000000 ) ) ;
#4809 = ADVANCED_FACE ( 'NONE', ( #501 ), #169, .T. ) ;
#4810 = ORIENTED_EDGE ( 'NONE', *, *, #5059, .T. ) ;
#4811 = ORIENTED_EDGE ( 'NONE', *, *, #5136, .T. ) ;
#4812 = FACE_OUTER_BOUND ( 'NONE', #7441, .T. ) ;
#4813 = CARTESIAN_POINT ( 'NONE',  ( 2.261065147582146828, -11.21513175764004622, 210.5545221247044481 ) ) ;
#4814 = DIRECTION ( 'NONE',  ( 0.000000000000000000, 0.000000000000000000, -1.000000000000000000 ) ) ;
#4815 = CARTESIAN_POINT ( 'NONE',  ( 1.034095312463374050, -10.01136510415443048, 0.0003875468415112225812 ) ) ;
#4816 = CARTESIAN_POINT ( 'NONE',  ( 1.058049245285670015, -10.03574390909348146, 229.9988486302410990 ) ) ;
#4817 = CARTESIAN_POINT ( 'NONE',  ( 16.56935565879250660, 12.22573974357709758, 9.395898165673429503 ) ) ;
#4818 = B_SPLINE_CURVE_WITH_KNOTS ( 'NONE', 3,
 ( #1402, #2662, #3802, #6208, #5068, #7479, #5694 ),
 .UNSPECIFIED., .F., .F.,
 ( 4, 3, 4 ),
 ( 3.879035392267956629E-18, 5.919362514214266253E-05, 7.031196149728875431E-05 ),
 .UNSPECIFIED. ) ;
#4819 = EDGE_CURVE ( 'NONE', #4374, #4374, #3648, .T. ) ;
#4820 = AXIS2_PLACEMENT_3D ( 'NONE', #4055, #2324, #6473 ) ;
#4821 = CARTESIAN_POINT ( 'NONE',  ( -2.548656674563629210, -11.09415578968890514, 19.09579926806259209 ) ) ;
#4822 = CARTESIAN_POINT ( 'NONE',  ( 2.500000000000001332, -9.165151389911681434, 21.49999999999999289 ) ) ;
#4823 = CARTESIAN_POINT ( 'NONE',  ( 2.198336702827934808, -11.21593699142565015, 19.75756683717230899 ) ) ;
#4824 = DIRECTION ( 'NONE',  ( -1.000000000000000000, 0.000000000000000000, 1.232566680299311316E-16 ) ) ;
#4825 = DIRECTION ( 'NONE',  ( -1.000000000000000000, 0.000000000000000000, 0.000000000000000000 ) ) ;
#4826 = CARTESIAN_POINT ( 'NONE',  ( 1.832379080834918517, -10.64956920590095280, 0.2295960246058802445 ) ) ;
#4827 = CIRCLE ( 'NONE', #6092, 0.5000000000000000000 ) ;
#4828 = CARTESIAN_POINT ( 'NONE',  ( -3.999999999999998224, -10.50000000000000178, 208.7664948248737176 ) ) ;
#4829 = ORIENTED_EDGE ( 'NONE', *, *, #4416, .T. ) ;
#4830 = ORIENTED_EDGE ( 'NONE', *, *, #672, .F. ) ;
#4831 = ORIENTED_EDGE ( 'NONE', *, *, #568, .T. ) ;
#4832 = B_SPLINE_CURVE_WITH_KNOTS ( 'NONE', 3,
 ( #4780, #1198, #6525, #2424, #7789, #4703, #571, #6005 ),
 .UNSPECIFIED., .F., .F.,
 ( 4, 2, 2, 4 ),
 ( 0.000000000000000000, 0.0004546432899255566161, 0.0009092865798511132322, 0.001818573159702226464 ),
 .UNSPECIFIED. ) ;
#4833 = CARTESIAN_POINT ( 'NONE',  ( -1.338537611679738282, -10.23708425687500601, 229.9657451145890832 ) ) ;
#4834 = CARTESIAN_POINT ( 'NONE',  ( -25.00000000000000000, 0.000000000000000000, 228.5000000000000000 ) ) ;
#4835 = CARTESIAN_POINT ( 'NONE',  ( 2.381243305142611177, -11.14185025319106259, 210.6367075870290364 ) ) ;
#4836 = CARTESIAN_POINT ( 'NONE',  ( -3.577885783536358666, -10.35358342800947362, 19.66128775634679116 ) ) ;
#4837 = CARTESIAN_POINT ( 'NONE',  ( 2.471416310659887650, -11.05219057481960121, 19.43355816699642702 ) ) ;
#4838 = EDGE_CURVE ( 'NONE', #5408, #5167, #1010, .T. ) ;
#4839 = DIRECTION ( 'NONE',  ( 1.000000000000000000, 0.000000000000000000, 0.000000000000000000 ) ) ;
#4840 = ORIENTED_EDGE ( 'NONE', *, *, #2106, .T. ) ;
#4841 = VERTEX_POINT ( 'NONE', #5824 ) ;
#4842 = CARTESIAN_POINT ( 'NONE',  ( 3.779976637959940433, -9.922438674644842749, 19.86675258756314122 ) ) ;
#4843 = CARTESIAN_POINT ( 'NONE',  ( 1.407203282958026325, -10.40815629081690652, 229.9302355748650939 ) ) ;
#4844 = CARTESIAN_POINT ( 'NONE',  ( 2.201761995386198656, -11.21339014519878852, 19.73126294778942125 ) ) ;
#4845 = LINE ( 'NONE', #7411, #3823 ) ;
#4846 = CARTESIAN_POINT ( 'NONE',  ( -3.500000000000022649, 3.500000000000000000, 20.49999999999998934 ) ) ;
#4847 = DIRECTION ( 'NONE',  ( -1.000000000000000000, 0.000000000000000000, 0.000000000000000000 ) ) ;
#4848 = CARTESIAN_POINT ( 'NONE',  ( 3.094021756013952906, -6.842929659704041434, 21.30151005548093934 ) ) ;
#4849 = CARTESIAN_POINT ( 'NONE',  ( -1.022731921350504392, -10.00757730711683635, 0.0001291878436116380199 ) ) ;
#4850 = ORIENTED_EDGE ( 'NONE', *, *, #5818, .F. ) ;
#4851 = ORIENTED_EDGE ( 'NONE', *, *, #6985, .F. ) ;
#4852 = CARTESIAN_POINT ( 'NONE',  ( 25.00000000000000000, 0.000000000000000000, 211.5000000000000284 ) ) ;
#4853 = CARTESIAN_POINT ( 'NONE',  ( -2.304268252083717883, -11.13712332110225489, 210.4183743203078620 ) ) ;
#4854 = DIRECTION ( 'NONE',  ( 0.000000000000000000, 0.000000000000000000, 1.000000000000000000 ) ) ;
#4855 = CARTESIAN_POINT ( 'NONE',  ( 1.043089847075950205, -9.968310036784256312, 0.0001288140615477545675 ) ) ;
#4856 = CARTESIAN_POINT ( 'NONE',  ( -1.034095312463220839, -10.01136510415446779, 229.9996124531585053 ) ) ;
#4857 = VECTOR ( 'NONE', #7475, 1000.000000000000000 ) ;
#4858 = LINE ( 'NONE', #2968, #1275 ) ;
#4859 = AXIS2_PLACEMENT_3D ( 'NONE', #5949, #2955, #7339 ) ;
#4860 = CARTESIAN_POINT ( 'NONE',  ( -2.322790636819799026, -11.29950332758166454, 18.99944298899689699 ) ) ;
#4861 = LINE ( 'NONE', #7112, #7763 ) ;
#4862 = CIRCLE ( 'NONE', #723, 2.500000000000002220 ) ;
#4863 = ADVANCED_FACE ( 'NONE', ( #422 ), #5516, .F. ) ;
#4864 = CARTESIAN_POINT ( 'NONE',  ( 2.231357683217755294, -11.20633323807336623, 19.58191388202456906 ) ) ;
#4865 = FACE_OUTER_BOUND ( 'NONE', #41, .T. ) ;
#4866 = CARTESIAN_POINT ( 'NONE',  ( -1.064573262633526252, -9.977462227845578013, 0.0003875468415110057950 ) ) ;
#4867 = FACE_OUTER_BOUND ( 'NONE', #6127, .T. ) ;
#4868 = CARTESIAN_POINT ( 'NONE',  ( -3.999999999999998224, -7.745966692414834931, 19.99999999999998934 ) ) ;
#4869 = ORIENTED_EDGE ( 'NONE', *, *, #3353, .F. ) ;
#4870 = TOROIDAL_SURFACE ( 'NONE', #6898, 2.000000000000000000, 1.500000000000000000 ) ;
#4871 = ORIENTED_EDGE ( 'NONE', *, *, #2134, .F. ) ;
#4872 = ORIENTED_EDGE ( 'NONE', *, *, #5209, .T. ) ;
#4873 = CARTESIAN_POINT ( 'NONE',  ( -2.999999999999996891, 6.324555320336759934, 230.0000000000000000 ) ) ;
#4874 = CARTESIAN_POINT ( 'NONE',  ( 1.311692148438834638, -10.13778014480342016, 229.9856036079459045 ) ) ;
#4875 = CARTESIAN_POINT ( 'NONE',  ( 2.415839140047745026, -11.07739318098438197, 210.5251556625532317 ) ) ;
#4876 = CARTESIAN_POINT ( 'NONE',  ( 3.086132063984132756, -10.86250476417041533, 210.7165269524025746 ) ) ;
#4877 = CARTESIAN_POINT ( 'NONE',  ( -3.099751018794373092, -10.85059683866789015, 19.29298978725793745 ) ) ;
#4878 = CARTESIAN_POINT ( 'NONE',  ( 2.317246145776241217, -11.12184044400296656, 19.62190643714826521 ) ) ;
#4879 = CARTESIAN_POINT ( 'NONE',  ( 5.999999999999996447, 3.605551275463993566, 208.5000000000000284 ) ) ;
#4880 = ORIENTED_EDGE ( 'NONE', *, *, #6404, .T. ) ;
#4881 = ORIENTED_EDGE ( 'NONE', *, *, #5262, .T. ) ;
#4882 = CARTESIAN_POINT ( 'NONE',  ( -1.281298544528074457, -10.26821117033819419, 0.03230778895360240238 ) ) ;
#4883 = DIRECTION ( 'NONE',  ( 0.5150787536377130493, -0.8571428571428572063, 0.000000000000000000 ) ) ;
#4884 = DIRECTION ( 'NONE',  ( 0.3392628153962137794, 0.9406916296478006201, 0.000000000000000000 ) ) ;
#4885 = CIRCLE ( 'NONE', #1866, 1.000000000000000000 ) ;
#4886 = CARTESIAN_POINT ( 'NONE',  ( 3.134148225937023469, -6.899932079636298177, 21.01136553469872226 ) ) ;
#4887 = CARTESIAN_POINT ( 'NONE',  ( -2.621968475616927474, -10.25210730543437343, 210.0108723175827379 ) ) ;
#4888 = AXIS2_PLACEMENT_3D ( 'NONE', #7067, #3359, #5254 ) ;
#4889 = ORIENTED_EDGE ( 'NONE', *, *, #2344, .F. ) ;
#4890 = ORIENTED_EDGE ( 'NONE', *, *, #3941, .F. ) ;
#4891 = FACE_OUTER_BOUND ( 'NONE', #409, .T. ) ;
#4892 = CARTESIAN_POINT ( 'NONE',  ( -2.418650479430658695, -11.08168927108941304, 210.5453957305148833 ) ) ;
#4893 = ADVANCED_FACE ( 'NONE', ( #4867 ), #7383, .F. ) ;
#4894 = AXIS2_PLACEMENT_3D ( 'NONE', #4505, #2544, #888 ) ;
#4895 = CARTESIAN_POINT ( 'NONE',  ( 0.000000000000000000, 0.000000000000000000, 211.5000000000000284 ) ) ;
#4896 = CARTESIAN_POINT ( 'NONE',  ( 4.000000000000000000, 3.605551275463993566, 210.0000000000000284 ) ) ;
#4897 = B_SPLINE_CURVE_WITH_KNOTS ( 'NONE', 3,
 ( #1998, #3810, #4874, #220, #7287, #1288, #3105, #5509, #2515, #7327, #4555, #2160, #1528, #7008 ),
 .UNSPECIFIED., .F., .F.,
 ( 4, 2, 2, 2, 2, 2, 4 ),
 ( 0.000000000000000000, 0.0003451171227589543513, 0.0006902342455179087026, 0.001380468491035817839, 0.002070702736553727084, 0.002415819859312682682, 0.002760936982071638280 ),
 .UNSPECIFIED. ) ;
#4898 = CARTESIAN_POINT ( 'NONE',  ( 1.120722134016936433, -10.00775315806508736, 229.9983512667973571 ) ) ;
#4899 = CARTESIAN_POINT ( 'NONE',  ( -23.50000000000000000, 20.99999999999999645, 211.5000000000000284 ) ) ;
#4900 = EDGE_CURVE ( 'NONE', #7738, #4672, #7748, .T. ) ;
#4901 = ADVANCED_FACE ( 'NONE', ( #2740 ), #5574, .T. ) ;
#4902 = EDGE_CURVE ( 'NONE', #365, #722, #378, .T. ) ;
#4903 = AXIS2_PLACEMENT_3D ( 'NONE', #1586, #6363, #7027 ) ;
#4904 = CARTESIAN_POINT ( 'NONE',  ( -2.819679737278122822, -11.09534858728056150, 18.89554406648844420 ) ) ;
#4905 = CARTESIAN_POINT ( 'NONE',  ( 2.371863061936866579, -11.04094633664236014, 19.56945809341030795 ) ) ;
#4906 = TOROIDAL_SURFACE ( 'NONE', #2521, 7.716029316036113528, 1.500000000000000000 ) ;
#4907 = EDGE_CURVE ( 'NONE', #5919, #6742, #2646, .T. ) ;
#4908 = B_SPLINE_CURVE_WITH_KNOTS ( 'NONE', 3,
 ( #4334, #1264, #3667, #6108, #717, #6072, #677, #5523 ),
 .UNSPECIFIED., .F., .F.,
 ( 4, 2, 2, 4 ),
 ( 0.000000000000000000, 0.0004172016571753285521, 0.0008344033143506571042, 0.001668806628701314208 ),
 .UNSPECIFIED. ) ;
#4909 = CARTESIAN_POINT ( 'NONE',  ( 2.260987753923545007, -11.21463913372775956, 19.44744568151317310 ) ) ;
#4910 = DIRECTION ( 'NONE',  ( 0.000000000000000000, 1.000000000000000000, 0.000000000000000000 ) ) ;
#4911 = CARTESIAN_POINT ( 'NONE',  ( 1.811221830515601594, -11.49999999999999822, 18.49999999999998934 ) ) ;
#4912 = CARTESIAN_POINT ( 'NONE',  ( 1.049329932173448165, -9.994409750612366139, 0.0007339224121075734603 ) ) ;
#4913 = VERTEX_POINT ( 'NONE', #852 ) ;
#4914 = ORIENTED_EDGE ( 'NONE', *, *, #4042, .T. ) ;
#4915 = EDGE_CURVE ( 'NONE', #4606, #2275, #6678, .T. ) ;
#4916 = ORIENTED_EDGE ( 'NONE', *, *, #3406, .F. ) ;
#4917 = CARTESIAN_POINT ( 'NONE',  ( -2.549432088626215176, -11.21644525607092291, 228.5938482724840242 ) ) ;
#4918 = CARTESIAN_POINT ( 'NONE',  ( 1.029437251522709040, -10.08831175456812268, 229.9973980880197360 ) ) ;
#4919 = CARTESIAN_POINT ( 'NONE',  ( 2.315022703317677788, -11.12226142071295598, 210.3680595170115168 ) ) ;
#4920 = CARTESIAN_POINT ( 'NONE',  ( -1.215620681187838725, -10.20910667116566017, 229.9819248973544177 ) ) ;
#4921 = CARTESIAN_POINT ( 'NONE',  ( 2.783601829262494221, -11.15802674562695529, 211.5000000000000284 ) ) ;
#4922 = CARTESIAN_POINT ( 'NONE',  ( 2.405695224711372759, -11.07512862453942759, 19.50969880616291263 ) ) ;
#4923 = FACE_OUTER_BOUND ( 'NONE', #6214, .T. ) ;
#4924 = ORIENTED_EDGE ( 'NONE', *, *, #5958, .F. ) ;
#4925 = ADVANCED_FACE ( 'NONE', ( #3333 ), #3919, .F. ) ;
#4926 = ADVANCED_FACE ( 'NONE', ( #2113 ), #6881, .T. ) ;
#4927 = ORIENTED_EDGE ( 'NONE', *, *, #5001, .T. ) ;
#4928 = CARTESIAN_POINT ( 'NONE',  ( 3.095024541772082305, -6.844361268732557235, 208.7144355674365670 ) ) ;
#4929 = CARTESIAN_POINT ( 'NONE',  ( 2.260822854088498701, -11.21962900244772676, 210.5683735954067970 ) ) ;
#4930 = DIRECTION ( 'NONE',  ( 0.000000000000000000, 0.000000000000000000, -1.000000000000000000 ) ) ;
#4931 = AXIS2_PLACEMENT_3D ( 'NONE', #57, #5605, #1835 ) ;
#4932 = CARTESIAN_POINT ( 'NONE',  ( 2.550558568267664583, -11.13314897996279740, 211.0035294861917521 ) ) ;
#4933 = FACE_OUTER_BOUND ( 'NONE', #7796, .T. ) ;
#4934 = CARTESIAN_POINT ( 'NONE',  ( 19.00000000000000355, 22.50000000000000000, 9.999999999999994671 ) ) ;
#4935 = EDGE_LOOP ( 'NONE', ( #4474, #3114, #837, #4651, #4274, #1555 ) ) ;
#4936 = ORIENTED_EDGE ( 'NONE', *, *, #3598, .T. ) ;
#4937 = AXIS2_PLACEMENT_3D ( 'NONE', #6805, #5654, #1914 ) ;
#4938 = DIRECTION ( 'NONE',  ( 0.000000000000000000, 1.000000000000000000, 0.000000000000000000 ) ) ;
#4939 = CARTESIAN_POINT ( 'NONE',  ( -2.612650480246085483, -11.04307417268887548, 210.7583307736171889 ) ) ;
#4940 = CARTESIAN_POINT ( 'NONE',  ( -1.499999999999997335, -11.50000000000000000, 19.77292240502631415 ) ) ;
#4941 = FACE_OUTER_BOUND ( 'NONE', #3527, .T. ) ;
#4942 = DIRECTION ( 'NONE',  ( -1.000000000000000000, 8.881784197001252323E-16, 0.000000000000000000 ) ) ;
#4943 = EDGE_CURVE ( 'NONE', #5919, #3565, #5291, .T. ) ;
#4944 = CARTESIAN_POINT ( 'NONE',  ( -2.345818543170553827, -11.34510881550137817, 18.59610874513074208 ) ) ;
#4945 = EDGE_CURVE ( 'NONE', #3307, #1258, #2664, .T. ) ;
#4946 = CARTESIAN_POINT ( 'NONE',  ( -2.537714304512433294, -11.02530271765073522, 19.24556799935162132 ) ) ;
#4947 = LINE ( 'NONE', #7354, #4857 ) ;
#4948 = FACE_OUTER_BOUND ( 'NONE', #5309, .T. ) ;
#4949 = CARTESIAN_POINT ( 'NONE',  ( -16.66532048819021838, 6.010389983400267866, 0.000000000000000000 ) ) ;
#4950 = LINE ( 'NONE', #4233, #2697 ) ;
#4951 = CARTESIAN_POINT ( 'NONE',  ( 1.725171437230954341, -10.72995724481577007, 0.2368009306247489398 ) ) ;
#4952 = ORIENTED_EDGE ( 'NONE', *, *, #4341, .T. ) ;
#4953 = ORIENTED_EDGE ( 'NONE', *, *, #3666, .F. ) ;
#4954 = VERTEX_POINT ( 'NONE', #3839 ) ;
#4955 = AXIS2_PLACEMENT_3D ( 'NONE', #4745, #4706, #3601 ) ;
#4956 = CARTESIAN_POINT ( 'NONE',  ( -2.999999999999996891, 6.324555320336759934, 210.0000000000000284 ) ) ;
#4957 = CARTESIAN_POINT ( 'NONE',  ( 2.621134041882510424, -11.03466216618522111, 210.7484726911614246 ) ) ;
#4958 = CARTESIAN_POINT ( 'NONE',  ( 1.006813884162480299, -9.952793203755414098, 3.215070214219154619E-06 ) ) ;
#4959 = CARTESIAN_POINT ( 'NONE',  ( 4.000000000000000888, -9.165151389911679658, 19.99999999999998934 ) ) ;
#4960 = CARTESIAN_POINT ( 'NONE',  ( 2.462694418662182638, -11.04952775243289942, 19.46088388796002278 ) ) ;
#4961 = VECTOR ( 'NONE', #5006, 1000.000000000000000 ) ;
#4962 = ORIENTED_EDGE ( 'NONE', *, *, #7797, .F. ) ;
#4963 =( BOUNDED_CURVE ( )  B_SPLINE_CURVE ( 3, ( #6758, #5966, #7350, #3678 ),
 .UNSPECIFIED., .F., .T. ) 
 B_SPLINE_CURVE_WITH_KNOTS ( ( 4, 4 ),
 ( 4.689656814313422295, 4.712388980384689674 ),
 .UNSPECIFIED. ) 
 CURVE ( )  GEOMETRIC_REPRESENTATION_ITEM ( )  RATIONAL_B_SPLINE_CURVE ( ( 1.000000000000000000, 0.9999569378490709148, 0.9999569378490709148, 1.000000000000000000 ) ) 
 REPRESENTATION_ITEM ( '' )  );
#4964 = ORIENTED_EDGE ( 'NONE', *, *, #7322, .T. ) ;
#4965 = CARTESIAN_POINT ( 'NONE',  ( 4.000000000000000888, -8.062257748298547355, 210.0000000000000284 ) ) ;
#4966 = CARTESIAN_POINT ( 'NONE',  ( 2.500000000000000888, -7.071067811865474617, 230.0000000000000000 ) ) ;
#4967 = CARTESIAN_POINT ( 'NONE',  ( 2.258426936392968543, -11.21693937219047754, 19.44762567267211040 ) ) ;
#4968 = CARTESIAN_POINT ( 'NONE',  ( 3.268368681211311522, -7.088854067152774441, 20.57108705594325215 ) ) ;
#4969 = CARTESIAN_POINT ( 'NONE',  ( -2.453391430498490067, -11.10638247533960943, 210.6833205943608505 ) ) ;
#4970 = ORIENTED_EDGE ( 'NONE', *, *, #3489, .F. ) ;
#4971 = ORIENTED_EDGE ( 'NONE', *, *, #2612, .T. ) ;
#4972 = DIRECTION ( 'NONE',  ( -0.000000000000000000, 1.000000000000000000, -0.000000000000000000 ) ) ;
#4973 = CARTESIAN_POINT ( 'NONE',  ( -2.292228207751622282, -11.13593830331637591, 210.3463071272039997 ) ) ;
#4974 = DIRECTION ( 'NONE',  ( 0.000000000000000000, 0.000000000000000000, -1.000000000000000000 ) ) ;
#4975 = DIRECTION ( 'NONE',  ( -3.469446951953614189E-16, 1.000000000000000000, 0.000000000000000000 ) ) ;
#4976 = CARTESIAN_POINT ( 'NONE',  ( -1.061418759031428127, -10.18425627708422532, 229.9917395866550862 ) ) ;
#4977 =( BOUNDED_SURFACE ( )  B_SPLINE_SURFACE ( 3, 2, ( 
 ( #3148, #3727, #4918 ),
 ( #1412, #6058, #665 ),
 ( #6097, #5584, #183 ),
 ( #4991, #7408, #2475 ) ),
 .UNSPECIFIED., .F., .F., .F. ) 
 B_SPLINE_SURFACE_WITH_KNOTS ( ( 4, 4 ),
 ( 3, 3 ),
 ( 4.653480412307911429, 4.712388980384689674 ),
 ( 0.000000000000000000, 1.000000000000000000 ),
 .UNSPECIFIED. ) 
 GEOMETRIC_REPRESENTATION_ITEM ( )  RATIONAL_B_SPLINE_SURFACE ( (
 ( 1.000000000000000000, 0.9991330724410926178, 1.000000000000000000),
 ( 1.000000000000000000, 0.9997106507686561727, 1.000000000000000000),
 ( 1.000000000000000000, 1.000000044854266523, 1.000000000000000000),
 ( 1.000000000000000000, 1.000000000000000000, 1.000000000000000000) ) ) 
 REPRESENTATION_ITEM ( '' )  SURFACE ( )  );
#4978 = B_SPLINE_CURVE_WITH_KNOTS ( 'NONE', 3,
 ( #6176, #5035, #783, #6134, #1451, #3188, #5467 ),
 .UNSPECIFIED., .F., .F.,
 ( 4, 3, 4 ),
 ( 2.168404344971008627E-19, 5.910174848706711435E-05, 7.022084486805793536E-05 ),
 .UNSPECIFIED. ) ;
#4979 = CARTESIAN_POINT ( 'NONE',  ( -1.787740150377552739, -11.12037160154383209, 229.5173386433837948 ) ) ;
#4980 = CARTESIAN_POINT ( 'NONE',  ( 1.667983933805246233, -11.50000000000000178, 19.02827050940247844 ) ) ;
#4981 = CARTESIAN_POINT ( 'NONE',  ( -23.50000000000000000, 22.50000000000000000, 19.99999999999998934 ) ) ;
#4982 = CARTESIAN_POINT ( 'NONE',  ( 2.883983813808439933, -10.99919305395644997, 210.8894714261056151 ) ) ;
#4983 = CARTESIAN_POINT ( 'NONE',  ( -0.9999999999999981126, -9.949874371066199430, 1.301042606982605321E-15 ) ) ;
#4984 = CARTESIAN_POINT ( 'NONE',  ( -1.069081112381981891, -10.04871286605999181, 0.001839368958387503986 ) ) ;
#4985 = ORIENTED_EDGE ( 'NONE', *, *, #39, .T. ) ;
#4986 = CARTESIAN_POINT ( 'NONE',  ( 2.339093405768491785, -11.29886343314332997, 1.177835336508007202 ) ) ;
#4987 = ORIENTED_EDGE ( 'NONE', *, *, #4758, .F. ) ;
#4988 = EDGE_CURVE ( 'NONE', #1760, #5737, #5765, .T. ) ;
#4989 = ORIENTED_EDGE ( 'NONE', *, *, #5732, .T. ) ;
#4990 = CARTESIAN_POINT ( 'NONE',  ( 1.728655440785144215, -10.73419238416839860, 229.7719339866189614 ) ) ;
#4991 = CARTESIAN_POINT ( 'NONE',  ( 0.9999999999999981126, -9.999999999999998224, 230.0000000000000000 ) ) ;
#4992 = CARTESIAN_POINT ( 'NONE',  ( 2.793147807652394565, -10.98845632919998039, 210.8106748566590056 ) ) ;
#4993 = CARTESIAN_POINT ( 'NONE',  ( 2.500000000000001776, -10.49999999999998757, 208.7664948248736891 ) ) ;
#4994 = CARTESIAN_POINT ( 'NONE',  ( 2.913626296308031272, -10.97007306885249456, 210.8470045602167318 ) ) ;
#4995 = DIRECTION ( 'NONE',  ( -1.000000000000000000, -0.000000000000000000, 0.000000000000000000 ) ) ;
#4996 = CARTESIAN_POINT ( 'NONE',  ( 2.285815093405049403, -11.15196421699294582, 19.59210497220884761 ) ) ;
#4997 = AXIS2_PLACEMENT_3D ( 'NONE', #5128, #3319, #4016 ) ;
#4998 = AXIS2_PLACEMENT_3D ( 'NONE', #4597, #7012, #1605 ) ;
#4999 = VERTEX_POINT ( 'NONE', #5736 ) ;
#5000 = ADVANCED_FACE ( 'NONE', ( #6337 ), #177, .T. ) ;
#5001 = EDGE_CURVE ( 'NONE', #5737, #6479, #4818, .T. ) ;
#5002 = CIRCLE ( 'NONE', #598, 10.00000000000000000 ) ;
#5003 = CARTESIAN_POINT ( 'NONE',  ( -1.492131584664782906, -10.48844941219443072, 0.09994461869952103727 ) ) ;
#5004 = ADVANCED_FACE ( 'NONE', ( #5105 ), #7516, .T. ) ;
#5005 = CIRCLE ( 'NONE', #984, 1.500000000000001332 ) ;
#5006 = DIRECTION ( 'NONE',  ( -0.000000000000000000, 1.000000000000000000, -0.000000000000000000 ) ) ;
#5007 = EDGE_CURVE ( 'NONE', #2439, #4096, #5772, .T. ) ;
#5008 = CARTESIAN_POINT ( 'NONE',  ( -2.499999999999998224, -9.165151389911681434, 208.5000000000000284 ) ) ;
#5009 = B_SPLINE_CURVE_WITH_KNOTS ( 'NONE', 3,
 ( #3038, #35, #3199, #1302 ),
 .UNSPECIFIED., .F., .F.,
 ( 4, 4 ),
 ( 1.512918570155432617E-17, 6.381086748101070410E-05 ),
 .UNSPECIFIED. ) ;
#5010 = CARTESIAN_POINT ( 'NONE',  ( 2.791500828589021932, -11.14272870495831924, 211.2726312160114333 ) ) ;
#5011 = SURFACE_SIDE_STYLE ('',( #678 ) ) ;
#5012 = CARTESIAN_POINT ( 'NONE',  ( 2.345405229801949432, -11.34536861541393016, 18.49999999999998934 ) ) ;
#5013 = ORIENTED_EDGE ( 'NONE', *, *, #2825, .F. ) ;
#5014 = ORIENTED_EDGE ( 'NONE', *, *, #1867, .F. ) ;
#5015 = CARTESIAN_POINT ( 'NONE',  ( -2.194994261696760152, -11.21901528231920864, 19.77292240502555742 ) ) ;
#5016 = CARTESIAN_POINT ( 'NONE',  ( -2.495673366352673561, -11.07467968484807663, 210.6723527256226021 ) ) ;
#5017 = CIRCLE ( 'NONE', #3732, 8.000000000000000000 ) ;
#5018 = DIRECTION ( 'NONE',  ( -0.000000000000000000, -0.000000000000000000, -1.000000000000000000 ) ) ;
#5019 = LINE ( 'NONE', #2652, #3766 ) ;
#5020 = CARTESIAN_POINT ( 'NONE',  ( 2.035111609988901726, -11.03784205021264064, 0.5398335576904766953 ) ) ;
#5021 = DIRECTION ( 'NONE',  ( 1.065272478739759205E-15, -0.9211316617536816631, 0.3892511550591738478 ) ) ;
#5022 = CARTESIAN_POINT ( 'NONE',  ( 4.000000000000022204, 3.500000000000000000, 20.49999999999998934 ) ) ;
#5023 = ADVANCED_FACE ( 'NONE', ( #5778 ), #7635, .F. ) ;
#5024 = CARTESIAN_POINT ( 'NONE',  ( -1.805345034615852162, -11.49389656951273153, 228.6395456670927615 ) ) ;
#5025 = CARTESIAN_POINT ( 'NONE',  ( 23.50000000000000000, 20.99999999999999645, 0.000000000000000000 ) ) ;
#5026 = CYLINDRICAL_SURFACE ( 'NONE', #239, 1.500000000000000000 ) ;
#5027 = CARTESIAN_POINT ( 'NONE',  ( 2.793237254627933819, -10.98856137375124931, 210.8109597400359689 ) ) ;
#5028 = CARTESIAN_POINT ( 'NONE',  ( 1.193762030645678873, -10.45032598516120359, 0.06630750388222421410 ) ) ;
#5029 = ORIENTED_EDGE ( 'NONE', *, *, #389, .F. ) ;
#5030 = CARTESIAN_POINT ( 'NONE',  ( 1.802055184353270390, -11.49037020371407181, 1.327193684605454838 ) ) ;
#5031 = CIRCLE ( 'NONE', #5907, 1.499999999999998890 ) ;
#5032 = EDGE_LOOP ( 'NONE', ( #7808, #3124, #7165, #2174 ) ) ;
#5033 = VERTEX_POINT ( 'NONE', #7704 ) ;
#5034 = CARTESIAN_POINT ( 'NONE',  ( 1.144563718474050473, -10.07052631626891426, 229.9947993590088515 ) ) ;
#5035 = CARTESIAN_POINT ( 'NONE',  ( -1.046449928396836482, -9.969741471413831491, 229.9998307192281857 ) ) ;
#5036 = CARTESIAN_POINT ( 'NONE',  ( 2.577164052888293533, -11.00538273471678963, 210.6161830608109824 ) ) ;
#5037 = CARTESIAN_POINT ( 'NONE',  ( 2.731542355825652635, -10.96321788803678210, 19.26335739156528604 ) ) ;
#5038 = CARTESIAN_POINT ( 'NONE',  ( -2.930073840115853478, -10.95943460260410340, 210.8346489957406504 ) ) ;
#5039 = CARTESIAN_POINT ( 'NONE',  ( 3.506635215915820059, -10.44818686254964568, 210.3974437199664180 ) ) ;
#5040 = CARTESIAN_POINT ( 'NONE',  ( 2.326044069644772172, -11.12093207344673118, 19.58445196444235137 ) ) ;
#5041 = CIRCLE ( 'NONE', #6041, 0.5000000000000000000 ) ;
#5042 = ORIENTED_EDGE ( 'NONE', *, *, #2550, .F. ) ;
#5043 = CARTESIAN_POINT ( 'NONE',  ( 2.957073246022960511, -7.399239093526225552, 209.5968844212158047 ) ) ;
#5044 = CARTESIAN_POINT ( 'NONE',  ( 3.843051057338619625, -9.685375281767523603, 210.0432232173538694 ) ) ;
#5045 = DIRECTION ( 'NONE',  ( 1.000000000000000000, 0.000000000000000000, -0.000000000000000000 ) ) ;
#5046 = CARTESIAN_POINT ( 'NONE',  ( 2.260588335234773982, -11.21537470272816428, 19.44623103539104747 ) ) ;
#5047 = CARTESIAN_POINT ( 'NONE',  ( -16.66532048819021838, 13.72641929943638139, 19.99999999999998934 ) ) ;
#5048 = EDGE_CURVE ( 'NONE', #2256, #3163, #5576, .T. ) ;
#5049 = DIRECTION ( 'NONE',  ( -0.000000000000000000, -1.000000000000000000, -0.000000000000000000 ) ) ;
#5050 = ADVANCED_FACE ( 'NONE', ( #4658 ), #2261, .T. ) ;
#5051 = ORIENTED_EDGE ( 'NONE', *, *, #3496, .T. ) ;
#5052 = VERTEX_POINT ( 'NONE', #7271 ) ;
#5053 = LINE ( 'NONE', #3748, #4225 ) ;
#5054 = CARTESIAN_POINT ( 'NONE',  ( -2.207336849956555103, -11.21191890207264485, 210.3217542867243424 ) ) ;
#5055 = AXIS2_PLACEMENT_3D ( 'NONE', #5223, #5888, #4590 ) ;
#5056 = CARTESIAN_POINT ( 'NONE',  ( -2.783601829262545735, -11.15802674562696239, 211.3862682963329860 ) ) ;
#5057 = CARTESIAN_POINT ( 'NONE',  ( 1.029437251524059072, -10.08831175457216744, 0.002601911980524380594 ) ) ;
#5058 = LINE ( 'NONE', #2841, #5187 ) ;
#5059 = EDGE_CURVE ( 'NONE', #2393, #4750, #3017, .T. ) ;
#5060 = FACE_OUTER_BOUND ( 'NONE', #3194, .T. ) ;
#5061 = VERTEX_POINT ( 'NONE', #2459 ) ;
#5062 = CIRCLE ( 'NONE', #3796, 1.500000000000000444 ) ;
#5063 = CARTESIAN_POINT ( 'NONE',  ( -1.491884567276632989, -10.48854685170629963, 229.9000657890854598 ) ) ;
#5064 = DIRECTION ( 'NONE',  ( 0.000000000000000000, 0.000000000000000000, 1.000000000000000000 ) ) ;
#5065 = DIRECTION ( 'NONE',  ( 1.000000000000000000, 0.000000000000000000, 0.000000000000000000 ) ) ;
#5066 = CARTESIAN_POINT ( 'NONE',  ( 16.66532048819021838, 6.010389983400268754, 1.500000000000001332 ) ) ;
#5067 = CARTESIAN_POINT ( 'NONE',  ( 1.139738706211090857, -10.21057793382850321, 229.9876147207783958 ) ) ;
#5068 = CARTESIAN_POINT ( 'NONE',  ( -1.003586553993942143, -9.956361105306971382, 3.214631834050493079E-06 ) ) ;
#5069 = VERTEX_POINT ( 'NONE', #6680 ) ;
#5070 = EDGE_CURVE ( 'NONE', #1283, #2572, #7304, .T. ) ;
#5071 = CARTESIAN_POINT ( 'NONE',  ( 1.548468884158596959, -11.10728553266841878, 0.4838073848199513360 ) ) ;
#5072 = ORIENTED_EDGE ( 'NONE', *, *, #920, .F. ) ;
#5073 = CARTESIAN_POINT ( 'NONE',  ( 2.736910953197317919, -11.12649787470446938, 228.9060474551480127 ) ) ;
#5074 = CARTESIAN_POINT ( 'NONE',  ( -2.926918753967829190, -10.95994827621755796, 210.8340059530763142 ) ) ;
#5075 = CARTESIAN_POINT ( 'NONE',  ( 2.459449419944520265, -11.04863564303877510, 210.5287773547527763 ) ) ;
#5076 = CARTESIAN_POINT ( 'NONE',  ( 0.000000000000000000, 22.50000000000000000, 210.0000000000000284 ) ) ;
#5077 = CARTESIAN_POINT ( 'NONE',  ( 4.000000000000022204, 3.500000000000000000, 20.49999999999998934 ) ) ;
#5078 = CARTESIAN_POINT ( 'NONE',  ( 2.268359918815762377, -11.15503236997486525, 19.67158153050432290 ) ) ;
#5079 = ORIENTED_EDGE ( 'NONE', *, *, #4018, .F. ) ;
#5080 = VECTOR ( 'NONE', #5152, 1000.000000000000000 ) ;
#5081 = CARTESIAN_POINT ( 'NONE',  ( -1.790153267680343552, -11.47699198880027538, 1.230272396801008750 ) ) ;
#5082 = CARTESIAN_POINT ( 'NONE',  ( 2.292220144248469982, -11.25104799839194314, 19.24788483794508309 ) ) ;
#5083 = CARTESIAN_POINT ( 'NONE',  ( 3.268375393102615156, -7.088863445509197447, 209.4289283291491586 ) ) ;
#5084 = DIRECTION ( 'NONE',  ( -0.7435655527272290177, 0.6684492978633680416, 0.01690576775602719434 ) ) ;
#5085 = CARTESIAN_POINT ( 'NONE',  ( 1.771628153296575414, -11.45841868481014991, 228.9016445992180593 ) ) ;
#5086 = AXIS2_PLACEMENT_3D ( 'NONE', #7080, #3013, #5421 ) ;
#5087 = ORIENTED_EDGE ( 'NONE', *, *, #1718, .F. ) ;
#5088 = CARTESIAN_POINT ( 'NONE',  ( -2.262565231561170620, -11.21887318362028374, 210.5710808494611683 ) ) ;
#5089 = ORIENTED_EDGE ( 'NONE', *, *, #3029, .T. ) ;
#5090 = ORIENTED_EDGE ( 'NONE', *, *, #7110, .F. ) ;
#5091 = B_SPLINE_CURVE_WITH_KNOTS ( 'NONE', 3,
 ( #7755, #7118, #5308, #7605, #1713, #7677, #4074, #6530, #6490, #6456, #4039, #2347, #1088, #1124 ),
 .UNSPECIFIED., .F., .F.,
 ( 4, 2, 2, 2, 2, 2, 4 ),
 ( 2.168404344971008868E-19, 0.0003235835927569813658, 0.0006471671855139625147, 0.001294334371027922211, 0.001941501556541881364, 0.002265085149298860616, 0.002588668742055840084 ),
 .UNSPECIFIED. ) ;
#5092 = DIRECTION ( 'NONE',  ( -0.000000000000000000, -0.000000000000000000, -1.000000000000000000 ) ) ;
#5093 = CARTESIAN_POINT ( 'NONE',  ( -2.306788546744177548, -11.18660527298449203, 210.5973017167283103 ) ) ;
#5094 = CARTESIAN_POINT ( 'NONE',  ( -2.194994261698161697, -11.21901528231785328, 210.2270775949693586 ) ) ;
#5095 = PLANE ( 'NONE',  #3272 ) ;
#5096 = CARTESIAN_POINT ( 'NONE',  ( -2.264681892308161526, -11.15667240196204268, 19.68728812412021156 ) ) ;
#5097 = DIRECTION ( 'NONE',  ( 0.000000000000000000, 0.000000000000000000, 1.000000000000000000 ) ) ;
#5098 = VERTEX_POINT ( 'NONE', #1864 ) ;
#5099 = EDGE_CURVE ( 'NONE', #158, #158, #116, .T. ) ;
#5100 = CARTESIAN_POINT ( 'NONE',  ( -2.118899568959447421, -11.49999999281094354, 228.5560207405362121 ) ) ;
#5101 = CARTESIAN_POINT ( 'NONE',  ( -2.267004252343956416, -11.14941101727020190, 209.9657673544348881 ) ) ;
#5102 = DIRECTION ( 'NONE',  ( 1.000000000000000000, 9.791996142006162685E-17, 0.000000000000000000 ) ) ;
#5103 = DIRECTION ( 'NONE',  ( 1.000000000000000000, -2.081331949859378477E-16, 0.000000000000000000 ) ) ;
#5104 = CARTESIAN_POINT ( 'NONE',  ( 1.093686363496331859, -10.14376280910933659, 229.9956384244948140 ) ) ;
#5105 = FACE_OUTER_BOUND ( 'NONE', #3733, .T. ) ;
#5106 = ORIENTED_EDGE ( 'NONE', *, *, #7157, .F. ) ;
#5107 = CARTESIAN_POINT ( 'NONE',  ( 1.229920388840324508, -10.34507159392199327, 0.03669061477646131525 ) ) ;
#5108 = ADVANCED_FACE ( 'NONE', ( #5450 ), #5965, .T. ) ;
#5109 = EDGE_LOOP ( 'NONE', ( #5527, #5773, #4293 ) ) ;
#5110 = DIRECTION ( 'NONE',  ( 0.000000000000000000, 0.000000000000000000, -1.000000000000000000 ) ) ;
#5111 = CARTESIAN_POINT ( 'NONE',  ( -2.910854688805118329, -10.97374408959904102, 210.8528939335391499 ) ) ;
#5112 = CARTESIAN_POINT ( 'NONE',  ( 2.775338314603251533, -10.97265162178970144, 210.7641359416451223 ) ) ;
#5113 = CARTESIAN_POINT ( 'NONE',  ( 25.00000000000000000, 12.22641929943638317, 228.5000000000000000 ) ) ;
#5114 = CARTESIAN_POINT ( 'NONE',  ( 1.000000000000001554, -10.00000000000000000, 230.0000000000000000 ) ) ;
#5115 = DIRECTION ( 'NONE',  ( -0.000000000000000000, -1.000000000000000000, -0.000000000000000000 ) ) ;
#5116 = ORIENTED_EDGE ( 'NONE', *, *, #2024, .T. ) ;
#5117 = AXIS2_PLACEMENT_3D ( 'NONE', #5528, #4938, #4413 ) ;
#5118 = DIRECTION ( 'NONE',  ( -1.000000000000000000, 8.881784197001252323E-16, 0.000000000000000000 ) ) ;
#5119 = CIRCLE ( 'NONE', #2479, 0.5000000000000000000 ) ;
#5120 = CARTESIAN_POINT ( 'NONE',  ( 2.542907484148761110, -11.04603619814826843, 19.20256462265660957 ) ) ;
#5121 = CIRCLE ( 'NONE', #972, 1.500000000000001332 ) ;
#5122 = DIRECTION ( 'NONE',  ( 0.000000000000000000, 1.000000000000000000, -0.000000000000000000 ) ) ;
#5123 =( NAMED_UNIT ( * ) PLANE_ANGLE_UNIT ( ) SI_UNIT ( $, .RADIAN. ) );
#5124 = VERTEX_POINT ( 'NONE', #4776 ) ;
#5125 = CIRCLE ( 'NONE', #2853, 1.500000000000001332 ) ;
#5126 = AXIS2_PLACEMENT_3D ( 'NONE', #3347, #5711, #5755 ) ;
#5127 = VERTEX_POINT ( 'NONE', #1942 ) ;
#5128 = CARTESIAN_POINT ( 'NONE',  ( 16.66532048819021838, 6.010389983400268754, 19.99999999999998934 ) ) ;
#5129 = CARTESIAN_POINT ( 'NONE',  ( -2.252094485248566258, -11.21743291804712150, 210.5349525605391534 ) ) ;
#5130 = CARTESIAN_POINT ( 'NONE',  ( -2.785968873812885160, -10.96474465025910305, 210.7506291949068213 ) ) ;
#5131 = CARTESIAN_POINT ( 'NONE',  ( 3.428571428571425717, 7.228063223242011226, 19.99999999999998934 ) ) ;
#5132 = DIRECTION ( 'NONE',  ( 1.000000000000000000, 0.000000000000000000, -0.000000000000000000 ) ) ;
#5133 = DIRECTION ( 'NONE',  ( 0.000000000000000000, 1.000000000000000000, 0.000000000000000000 ) ) ;
#5134 = LINE ( 'NONE', #1434, #402 ) ;
#5135 = EDGE_LOOP ( 'NONE', ( #5543, #5899, #876, #3486 ) ) ;
#5136 = EDGE_CURVE ( 'NONE', #4353, #6909, #4301, .T. ) ;
#5137 = CARTESIAN_POINT ( 'NONE',  ( -1.790141786063636609, -11.47697870881213866, 228.7698061540281742 ) ) ;
#5138 = CYLINDRICAL_SURFACE ( 'NONE', #4482, 0.5000000000000004441 ) ;
#5139 = CARTESIAN_POINT ( 'NONE',  ( 1.069081112381823795, -10.04871286605998471, 229.9981606310416566 ) ) ;
#5140 = SPHERICAL_SURFACE ( 'NONE', #4699, 1.500000000000000000 ) ;
#5141 = DIRECTION ( 'NONE',  ( 0.000000000000000000, 1.000000000000000000, 0.000000000000000000 ) ) ;
#5142 = ORIENTED_EDGE ( 'NONE', *, *, #2890, .T. ) ;
#5143 = EDGE_CURVE ( 'NONE', #2598, #5473, #7679, .T. ) ;
#5144 = CARTESIAN_POINT ( 'NONE',  ( 1.404270180914506172, -10.85016016966231334, 0.2524050494588724880 ) ) ;
#5145 = ADVANCED_FACE ( 'NONE', ( #5374 ), #1732, .F. ) ;
#5146 = ADVANCED_FACE ( 'NONE', ( #2967 ), #6329, .F. ) ;
#5147 =( GEOMETRIC_REPRESENTATION_CONTEXT ( 3 ) GLOBAL_UNCERTAINTY_ASSIGNED_CONTEXT ( ( #3932 ) ) GLOBAL_UNIT_ASSIGNED_CONTEXT ( ( #992, #4571, #5166 ) ) REPRESENTATION_CONTEXT ( 'NONE', 'WORKASPACE' ) );
#5148 = ORIENTED_EDGE ( 'NONE', *, *, #3938, .F. ) ;
#5149 = CARTESIAN_POINT ( 'NONE',  ( -3.637487486298570438, -7.987049024853174473, 20.03261628208908718 ) ) ;
#5150 = CARTESIAN_POINT ( 'NONE',  ( -2.927682336298028432, -10.95943862774036681, 210.8334089171998471 ) ) ;
#5151 = DIRECTION ( 'NONE',  ( -2.937598842601849298E-16, 1.000000000000000000, 0.000000000000000000 ) ) ;
#5152 = DIRECTION ( 'NONE',  ( 0.000000000000000000, 0.000000000000000000, 1.000000000000000000 ) ) ;
#5153 = LINE ( 'NONE', #6345, #6727 ) ;
#5154 = DIRECTION ( 'NONE',  ( 0.000000000000000000, 0.000000000000000000, 1.000000000000000000 ) ) ;
#5155 = EDGE_LOOP ( 'NONE', ( #1446, #5598, #7625, #4337 ) ) ;
#5156 = EDGE_CURVE ( 'NONE', #3297, #1449, #7230, .T. ) ;
#5157 = CIRCLE ( 'NONE', #6291, 1.500000000000001332 ) ;
#5158 = CARTESIAN_POINT ( 'NONE',  ( 2.219800852787328971, -11.20795449565950186, 210.3690232452498492 ) ) ;
#5159 = VECTOR ( 'NONE', #5531, 1000.000000000000000 ) ;
#5160 = DIRECTION ( 'NONE',  ( 0.000000000000000000, 0.000000000000000000, 1.000000000000000000 ) ) ;
#5161 = CARTESIAN_POINT ( 'NONE',  ( -2.045554461581551298, -10.65043859123288783, 229.7536849608150646 ) ) ;
#5162 = CARTESIAN_POINT ( 'NONE',  ( 16.66532048819021838, 12.22641929943638495, 19.99999999999998934 ) ) ;
#5163 = CARTESIAN_POINT ( 'NONE',  ( -2.886812389833078196, -10.99912405168773333, 210.8923007373250584 ) ) ;
#5164 = VERTEX_POINT ( 'NONE', #3634 ) ;
#5165 = EDGE_CURVE ( 'NONE', #4312, #3977, #595, .T. ) ;
#5166 =( NAMED_UNIT ( * ) SI_UNIT ( $, .STERADIAN. ) SOLID_ANGLE_UNIT ( ) );
#5167 = VERTEX_POINT ( 'NONE', #5566 ) ;
#5168 = CYLINDRICAL_SURFACE ( 'NONE', #2849, 1.500000000000001332 ) ;
#5169 = CARTESIAN_POINT ( 'NONE',  ( -2.234146157789195009, -11.21294167568761146, 210.4575700935988323 ) ) ;
#5170 = CARTESIAN_POINT ( 'NONE',  ( -2.841175594366754709, -10.98596528338676315, 210.8371710140684172 ) ) ;
#5171 = CARTESIAN_POINT ( 'NONE',  ( 3.884482235475999801, -7.914752110902154136, 19.99999999999998934 ) ) ;
#5172 = DIRECTION ( 'NONE',  ( 0.000000000000000000, 0.000000000000000000, -1.000000000000000000 ) ) ;
#5173 = CARTESIAN_POINT ( 'NONE',  ( -2.219685902336652195, -11.21109284944798823, 19.60921380831109317 ) ) ;
#5174 = CARTESIAN_POINT ( 'NONE',  ( 2.856923504508333809E-15, 13.72641929943638672, 228.5000000000000000 ) ) ;
#5175 = EDGE_LOOP ( 'NONE', ( #1003, #5517, #1226 ) ) ;
#5176 = ORIENTED_EDGE ( 'NONE', *, *, #6786, .F. ) ;
#5177 = MECHANICAL_DESIGN_GEOMETRIC_PRESENTATION_REPRESENTATION (  '', ( #3037 ), #9 ) ;
#5178 = CARTESIAN_POINT ( 'NONE',  ( 2.260822854088568867, -11.21962900244760242, 210.5683735954067970 ) ) ;
#5179 = DIRECTION ( 'NONE',  ( -1.000000000000000000, 0.000000000000000000, -0.000000000000000000 ) ) ;
#5180 = B_SPLINE_CURVE_WITH_KNOTS ( 'NONE', 3,
 ( #4762, #7138, #4132, #1853, #6027, #2991, #73, #6549, #553, #7770, #6588 ),
 .UNSPECIFIED., .F., .F.,
 ( 4, 2, 2, 1, 2, 4 ),
 ( 0.000000000000000000, 0.5000000000000000000, 0.7500000000000000000, 0.8750000000000000000, 0.9960937500000000000, 1.000000000000000000 ),
 .UNSPECIFIED. ) ;
#5181 = CARTESIAN_POINT ( 'NONE',  ( -16.66532048819021838, 13.72641929943638139, 18.49999999999998934 ) ) ;
#5182 = ADVANCED_FACE ( 'NONE', ( #844 ), #3752, .F. ) ;
#5183 = DIRECTION ( 'NONE',  ( -1.000000000000000000, 0.000000000000000000, 0.000000000000000000 ) ) ;
#5184 = CARTESIAN_POINT ( 'NONE',  ( -3.289904747188122425, -7.914186196241354665, 209.8343144419941666 ) ) ;
#5186 = EDGE_CURVE ( 'NONE', #3142, #6742, #768, .T. ) ;
#5185 = ORIENTED_EDGE ( 'NONE', *, *, #4473, .T. ) ;
#5187 = VECTOR ( 'NONE', #959, 1000.000000000000000 ) ;
#5188 = CARTESIAN_POINT ( 'NONE',  ( -1.513439735640523365, -11.50000000000000000, 19.55325461123921471 ) ) ;
#5189 = AXIS2_PLACEMENT_3D ( 'NONE', #1042, #5777, #7595 ) ;
#5190 = EDGE_LOOP ( 'NONE', ( #7473, #3326, #159, #779 ) ) ;
#5191 = CARTESIAN_POINT ( 'NONE',  ( -2.345405229801952096, -11.34536861541392483, 210.0000000000000284 ) ) ;
#5192 = AXIS2_PLACEMENT_3D ( 'NONE', #1626, #3438, #3402 ) ;
#5193 = CARTESIAN_POINT ( 'NONE',  ( -2.913692169707028157, -10.96970132919607188, 210.8462848624582193 ) ) ;
#5194 = CARTESIAN_POINT ( 'NONE',  ( 9.406916296478003758, 3.392628153962141901, 230.0000000000000000 ) ) ;
#5195 = LINE ( 'NONE', #6257, #3201 ) ;
#5196 = SPHERICAL_SURFACE ( 'NONE', #7175, 1.500000000000000000 ) ;
#5197 = DIRECTION ( 'NONE',  ( -0.000000000000000000, -0.000000000000000000, -1.000000000000000000 ) ) ;
#5198 = EDGE_LOOP ( 'NONE', ( #4404, #4914, #507, #1119 ) ) ;
#5199 = CARTESIAN_POINT ( 'NONE',  ( 2.500000000000001332, -9.165151389911677882, 208.5000000000000284 ) ) ;
#5200 = CARTESIAN_POINT ( 'NONE',  ( 2.345405229801949432, -11.34536861541393016, 18.49999999999998934 ) ) ;
#5201 = CARTESIAN_POINT ( 'NONE',  ( 23.50000000000000000, 22.50000000000000000, 228.5000000000000000 ) ) ;
#5202 = CARTESIAN_POINT ( 'NONE',  ( -2.499999999997753353, -9.711765941069353758, 20.10041866815497968 ) ) ;
#5203 = CARTESIAN_POINT ( 'NONE',  ( -23.50000000000000000, 22.50000000000000000, 0.000000000000000000 ) ) ;
#5204 = ORIENTED_EDGE ( 'NONE', *, *, #3963, .F. ) ;
#5205 = SHAPE_DEFINITION_REPRESENTATION ( #3459, #6474 ) ;
#5206 = EDGE_LOOP ( 'NONE', ( #6940, #4325, #2921, #6889, #7147, #278 ) ) ;
#5207 = CARTESIAN_POINT ( 'NONE',  ( -16.66532048819021838, 12.22641929943638317, 19.99999999999998934 ) ) ;
#5208 = CARTESIAN_POINT ( 'NONE',  ( -2.206609737426387330, -11.21253081198549495, 210.3209860007346208 ) ) ;
#5209 = EDGE_CURVE ( 'NONE', #5729, #1644, #3793, .T. ) ;
#5210 = CARTESIAN_POINT ( 'NONE',  ( -2.885214942795853332, -10.96225243596866505, 210.8161745145083614 ) ) ;
#5211 = AXIS2_PLACEMENT_3D ( 'NONE', #2099, #6196, #281 ) ;
#5212 = LINE ( 'NONE', #3655, #7219 ) ;
#5213 = CARTESIAN_POINT ( 'NONE',  ( 1.811221830515586495, -10.49999999999999822, 228.5000000000000000 ) ) ;
#5214 = CARTESIAN_POINT ( 'NONE',  ( -2.196428950479099473, -11.21763169641493896, 19.77072109800954536 ) ) ;
#5215 = DIRECTION ( 'NONE',  ( 0.000000000000000000, 0.000000000000000000, -1.000000000000000000 ) ) ;
#5216 = VERTEX_POINT ( 'NONE', #6797 ) ;
#5217 =( BOUNDED_SURFACE ( )  B_SPLINE_SURFACE ( 3, 2, ( 
 ( #674, #6859, #2599 ),
 ( #6821, #3779, #5518 ),
 ( #7416, #70, #4368 ),
 ( #2524, #2484, #4882 ),
 ( #6704, #1929, #7296 ),
 ( #3158, #1893, #5003 ),
 ( #4287, #1298, #5750 ),
 ( #7495, #3384, #6351 ),
 ( #1537, #6978, #4483 ),
 ( #7533, #2128, #2827 ),
 ( #390, #2677, #2199 ),
 ( #2792, #4600, #4008 ),
 ( #5706, #4637, #270 ),
 ( #6384, #346, #3310 ),
 ( #5081, #307, #6902 ),
 ( #5235, #6423, #1496 ),
 ( #7646, #6307, #7014 ),
 ( #4564, #1022, #903 ),
 ( #1575, #4524, #3971 ),
 ( #3420, #3344, #5831 ) ),
 .UNSPECIFIED., .F., .F., .T. ) 
 B_SPLINE_SURFACE_WITH_KNOTS ( ( 4, 2, 2, 2, 2, 2, 2, 2, 2, 4 ),
 ( 3, 3 ),
 ( 5.011131751416331956E-05, 0.0001914990255954303745, 0.0003328867336766974227, 0.0006156621498392315190, 0.0007570498579204986214, 0.0008984375660017656154, 0.001039825274083032609, 0.001110519128123666106, 0.001145866055143982855, 0.001181212982164299820 ),
 ( 0.000000000000000000, 0.7840551366597161564 ),
 .UNSPECIFIED. ) 
 GEOMETRIC_REPRESENTATION_ITEM ( )  RATIONAL_B_SPLINE_SURFACE ( (
 ( 1.000000000000000000, 0.9993202809958009469, 0.9997064363450569591),
 ( 1.000000000000000000, 0.9984839630594875004, 0.9993452392201245260),
 ( 1.000000000000000000, 0.9973959950194136725, 0.9988753570006596583),
 ( 1.000000000000000000, 0.9947074017856091244, 0.9977141812037566559),
 ( 1.000000000000000000, 0.9930969185808449229, 0.9970186300526273637),
 ( 1.000000000000000000, 0.9874511908022406415, 0.9945802982254131619),
 ( 1.000000000000000000, 0.9825680217062431332, 0.9924713076592077687),
 ( 1.000000000000000000, 0.9734546742759115912, 0.9885353465283768237),
 ( 1.000000000000000000, 0.9700982748754206630, 0.9870857521086680020),
 ( 1.000000000000000000, 0.9629970932742403233, 0.9840188247278249811),
 ( 1.000000000000000000, 0.9592786568670916836, 0.9824128702442627148),
 ( 1.000000000000000000, 0.9521019034101765310, 0.9793133041553017115),
 ( 1.000000000000000000, 0.9485686759364588827, 0.9777873395073775065),
 ( 1.000000000000000000, 0.9451255709762421686, 0.9763002978471769788),
 ( 1.000000000000000000, 0.9443370442943620491, 0.9759597412740594891),
 ( 1.000000000000000000, 0.9439279680354497604, 0.9757830654404062720),
 ( 1.000000000000000000, 0.9439192553566700949, 0.9757793025239496210),
 ( 1.000000000000000000, 0.9440135976174058863, 0.9758200479771532709),
 ( 1.000000000000000000, 0.9441032557810606907, 0.9758587704169487953),
 ( 1.000000000000000000, 0.9440978777023282253, 0.9758564476799949094) ) ) 
 REPRESENTATION_ITEM ( '' )  SURFACE ( )  );
#5218 = ORIENTED_EDGE ( 'NONE', *, *, #2344, .T. ) ;
#5219 = CARTESIAN_POINT ( 'NONE',  ( 2.194994261696811666, -11.21901528231916068, 210.2270775949777715 ) ) ;
#5220 = DIRECTION ( 'NONE',  ( -0.000000000000000000, -1.000000000000000000, -0.000000000000000000 ) ) ;
#5221 = CARTESIAN_POINT ( 'NONE',  ( -3.918501525376479666, -9.423025555163718536, 19.99999999999998934 ) ) ;
#5222 = CARTESIAN_POINT ( 'NONE',  ( -3.779976637959939101, -9.922438674644833867, 210.1332474124368446 ) ) ;
#5223 = CARTESIAN_POINT ( 'NONE',  ( -5.999999999999996447, 3.605551275463993566, 19.99999999999998934 ) ) ;
#5224 = VERTEX_POINT ( 'NONE', #2022 ) ;
#5225 = CARTESIAN_POINT ( 'NONE',  ( -3.559563698581676761, -7.486871765793633671, 20.16568555786868799 ) ) ;
#5226 = CARTESIAN_POINT ( 'NONE',  ( -2.920439856336038531, -10.96602352408101488, 210.8425337723479061 ) ) ;
#5227 = CARTESIAN_POINT ( 'NONE',  ( 16.66532048819021838, 13.72641929943638139, 210.0000000000000284 ) ) ;
#5228 = DIRECTION ( 'NONE',  ( -1.000000000000000000, 0.000000000000000000, 0.000000000000000000 ) ) ;
#5229 = CARTESIAN_POINT ( 'NONE',  ( 1.069081112406550904, -10.04871286608871195, 0.001839368959916445889 ) ) ;
#5230 = CARTESIAN_POINT ( 'NONE',  ( -23.50000000000000000, 13.72641929943638139, 1.500000000000001332 ) ) ;
#5231 = ORIENTED_EDGE ( 'NONE', *, *, #3211, .T. ) ;
#5232 = B_SPLINE_CURVE_WITH_KNOTS ( 'NONE', 3,
 ( #4184, #5412, #7228, #1824, #6635, #647, #5056, #3871 ),
 .UNSPECIFIED., .F., .F.,
 ( 4, 2, 2, 4 ),
 ( 0.000000000000000000, 0.0001685493847489686215, 0.0003370987694979372430, 0.0006741975389958757871 ),
 .UNSPECIFIED. ) ;
#5233 = ORIENTED_EDGE ( 'NONE', *, *, #2600, .F. ) ;
#5234 = VERTEX_POINT ( 'NONE', #2577 ) ;
#5235 = CARTESIAN_POINT ( 'NONE',  ( -1.802059567753595104, -11.49037494360083400, 1.327236849375430516 ) ) ;
#5236 = CARTESIAN_POINT ( 'NONE',  ( 2.249652527412274061, -11.21213744207186558, 19.49002427040271357 ) ) ;
#5237 = CARTESIAN_POINT ( 'NONE',  ( -2.668776944221582070, -11.07987495187691174, 229.0577125951768096 ) ) ;
#5238 = CARTESIAN_POINT ( 'NONE',  ( -3.939389542685511003, -7.984848114602075775, 19.99999999999999289 ) ) ;
#5239 = CIRCLE ( 'NONE', #2844, 1.500000000000001332 ) ;
#5240 = CARTESIAN_POINT ( 'NONE',  ( -2.261157850637405708, -11.21987325376522904, 210.5701593652519819 ) ) ;
#5241 = EDGE_CURVE ( 'NONE', #4096, #6918, #6341, .T. ) ;
#5242 = ADVANCED_FACE ( 'NONE', ( #2497 ), #767, .T. ) ;
#5243 = AXIS2_PLACEMENT_3D ( 'NONE', #7594, #3368, #5402 ) ;
#5244 = EDGE_CURVE ( 'NONE', #1283, #630, #3829, .T. ) ;
#5245 = EDGE_LOOP ( 'NONE', ( #928, #7451, #799 ) ) ;
#5246 = DIRECTION ( 'NONE',  ( -0.000000000000000000, 1.000000000000000000, -0.000000000000000000 ) ) ;
#5247 = DIRECTION ( 'NONE',  ( -0.000000000000000000, -0.000000000000000000, 1.000000000000000000 ) ) ;
#5248 = EDGE_CURVE ( 'NONE', #1465, #4606, #2259, .T. ) ;
#5249 = CARTESIAN_POINT ( 'NONE',  ( -2.751216981987354426, -10.97154965143220196, 210.7354700297589147 ) ) ;
#5250 = CARTESIAN_POINT ( 'NONE',  ( 3.703499260983305508, -7.877334338721235341, 20.02022903954746269 ) ) ;
#5251 = CARTESIAN_POINT ( 'NONE',  ( 25.00000000000000000, 20.99999999999999645, 228.5000000000000000 ) ) ;
#5252 = DIRECTION ( 'NONE',  ( 0.000000000000000000, -1.000000000000000000, 0.000000000000000000 ) ) ;
#5253 = VECTOR ( 'NONE', #684, 1000.000000000000000 ) ;
#5254 = DIRECTION ( 'NONE',  ( -1.000000000000000000, 0.000000000000000000, 0.000000000000000000 ) ) ;
#5255 = CIRCLE ( 'NONE', #4494, 1.500000000000000666 ) ;
#5256 = ORIENTED_EDGE ( 'NONE', *, *, #4654, .T. ) ;
#5257 = VERTEX_POINT ( 'NONE', #1431 ) ;
#5258 = FACE_OUTER_BOUND ( 'NONE', #7241, .T. ) ;
#5259 = CARTESIAN_POINT ( 'NONE',  ( -3.845451822987580925, -9.676352071160373214, 19.96020332303853095 ) ) ;
#5260 = CARTESIAN_POINT ( 'NONE',  ( -3.112968613366985604, -10.84023466549965065, 210.6974217875738873 ) ) ;
#5261 = CARTESIAN_POINT ( 'NONE',  ( 23.50000000000000000, 13.72641929943638139, 228.5000000000000000 ) ) ;
#5262 = EDGE_CURVE ( 'NONE', #6531, #6149, #1350, .T. ) ;
#5263 = EDGE_LOOP ( 'NONE', ( #901, #5617, #197, #3723, #4810, #1761, #941, #5934, #5884, #540, #5142, #3510, #7203, #4060, #1245, #5872, #699, #7242, #2412, #969 ) ) ;
#5264 = CARTESIAN_POINT ( 'NONE',  ( -3.616479185252512885, -7.982605194056085374, 20.04665536639998891 ) ) ;
#5265 = VECTOR ( 'NONE', #4359, 1000.000000000000000 ) ;
#5266 = CARTESIAN_POINT ( 'NONE',  ( -2.904499467715019545, -10.97609879019267964, 210.8542357454057026 ) ) ;
#5267 = DIRECTION ( 'NONE',  ( 0.000000000000000000, -0.3892511550591563618, -0.9211316617536892126 ) ) ;
#5268 = CYLINDRICAL_SURFACE ( 'NONE', #1940, 1.500000000000000000 ) ;
#5269 = CARTESIAN_POINT ( 'NONE',  ( -1.667617564552520859, -11.50000000000000000, 210.9708072376056691 ) ) ;
#5270 = DIRECTION ( 'NONE',  ( 0.6210219813065286365, 0.7827846923589922845, 0.03974700168001898959 ) ) ;
#5271 = ORIENTED_EDGE ( 'NONE', *, *, #2960, .F. ) ;
#5272 = AXIS2_PLACEMENT_3D ( 'NONE', #4934, #5049, #6230 ) ;
#5273 = EDGE_LOOP ( 'NONE', ( #1347, #4295, #6209, #6270 ) ) ;
#5274 = ORIENTED_EDGE ( 'NONE', *, *, #7573, .F. ) ;
#5275 = CARTESIAN_POINT ( 'NONE',  ( -2.357957118856001788, -10.86612244097204538, 229.5035738667874057 ) ) ;
#5276 = VECTOR ( 'NONE', #3293, 1000.000000000000000 ) ;
#5277 = FACE_OUTER_BOUND ( 'NONE', #7765, .T. ) ;
#5278 = CARTESIAN_POINT ( 'NONE',  ( 9.406916296478003758, 3.392628153962141901, 18.49999999999998934 ) ) ;
#5279 = CARTESIAN_POINT ( 'NONE',  ( 2.913626296283085448, -10.97007306887192613, 19.15299543975768159 ) ) ;
#5280 = CARTESIAN_POINT ( 'NONE',  ( 2.211928369615214773, -11.20787473208072349, 19.66933826596380186 ) ) ;
#5281 = ORIENTED_EDGE ( 'NONE', *, *, #1388, .T. ) ;
#5282 = VECTOR ( 'NONE', #245, 1000.000000000000000 ) ;
#5283 = DIRECTION ( 'NONE',  ( -1.000000000000000000, -0.000000000000000000, -0.000000000000000000 ) ) ;
#5284 = CARTESIAN_POINT ( 'NONE',  ( 0.000000000000000000, 0.000000000000000000, 230.0000000000000000 ) ) ;
#5285 = B_SPLINE_CURVE_WITH_KNOTS ( 'NONE', 3,
 ( #3676, #5449, #5414, #7152 ),
 .UNSPECIFIED., .F., .F.,
 ( 4, 4 ),
 ( 0.000000000000000000, 0.0007997807101843800977 ),
 .UNSPECIFIED. ) ;
#5286 = CARTESIAN_POINT ( 'NONE',  ( -2.786380354385257885, -10.96320662321019412, 210.7474901699898737 ) ) ;
#5287 = CARTESIAN_POINT ( 'NONE',  ( 3.095024541772164017, -6.844361268732698456, 21.28556443256268338 ) ) ;
#5288 = EDGE_CURVE ( 'NONE', #6557, #1928, #5019, .T. ) ;
#5289 = DIRECTION ( 'NONE',  ( 0.7435655527264032338, 0.6684492978642856409, -0.01690576775606360618 ) ) ;
#5290 = CARTESIAN_POINT ( 'NONE',  ( -2.314929333554375912, -11.12228906366655323, 19.63230550855866952 ) ) ;
#5291 = CIRCLE ( 'NONE', #1995, 0.5000000000000004441 ) ;
#5292 = CARTESIAN_POINT ( 'NONE',  ( -1.014933520385833177, -9.976868486637567202, 229.9999560810066725 ) ) ;
#5293 = ORIENTED_EDGE ( 'NONE', *, *, #7487, .T. ) ;
#5294 = EDGE_LOOP ( 'NONE', ( #117, #3816, #3931 ) ) ;
#5295 = B_SPLINE_SURFACE_WITH_KNOTS ( 'NONE', 3, 3, ( 
 ( #2709, #7488, #3378, #5784, #3302, #4628, #5226, #858, #5111, #3261, #5699, #5663, #6935, #262, #1567 ),
 ( #2670, #382, #5150, #5074, #7562, #6891, #2782, #5193, #1488, #4593, #5855, #1047, #4069, #453, #7674 ),
 ( #3480, #6452, #5892, #6486, #497, #4035, #2858, #1638, #2303, #5266, #1084, #2267, #4665, #3446, #7078 ),
 ( #7710, #1673, #2894, #5304, #4704, #5210, #358, #4683, #1033, #2287, #2762, #1068, #2212, #1549, #5840 ),
 ( #439, #6396, #4611, #3394, #2727, #1510, #3980, #403, #7691, #7543, #5170, #1584, #3946, #2141, #915 ),
 ( #3909, #5286, #7025, #6322, #5130, #2838, #7656, #7582, #5802, #3321, #4019, #4576, #997, #4054, #5722 ),
 ( #6361, #6991, #317, #4537, #2248, #5249, #7620, #2178, #6951, #3430, #954, #2801, #3463, #1618, #3354 ),
 ( #6434, #4645, #5766, #2876, #7063, #1658, #6471, #5877, #478, #3789, #3127, #7265, #6753, #7309, #6794 ),
 ( #200, #1349, #82, #6194, #801, #1902, #3711, #3674, #6113, #645, #765, #2574, #2533, #4939, #3045 ),
 ( #3749, #3207, #685, #5601, #2456, #7426, #6713, #1309, #2611, #5529, #5016, #7346, #162, #726, #6038 ),
 ( #1861, #5563, #2018, #122, #1939, #4414, #1974, #4892, #4340, #2494, #5447, #43, #6152, #5487, #6078 ),
 ( #7385, #3166, #6833, #4973, #4378, #1386, #4853, #1429, #4262, #4298, #6676, #1270, #3088, #6989, #1583 ),
 ( #6234, #5720, #3284, #3870, #5762, #2685, #7463, #6360, #952, #6275, #2210, #3393, #840, #5093, #3242 ),
 ( #3979, #6912, #5639, #2139, #280, #401, #357, #315, #243, #2724, #2650, #1548, #3907, #7619, #1508 ),
 ( #4456, #6950, #879, #4497, #7580, #2761, #5054, #2177, #3944, #5169, #2058, #5681, #6868, #6394, #1469 ),
 ( #7503, #2098, #6320, #4575, #3320, #2800, #5208, #914, #995, #5801, #3352, #5129, #7541, #4536, #4610 ) ),
 .UNSPECIFIED., .F., .F., .F.,
 ( 4, 2, 2, 2, 2, 2, 2, 4 ),
 ( 4, 2, 2, 1, 2, 2, 2, 4 ),
 ( 0.000000000000000000, 0.007812500000000000000, 0.1250000000000000000, 0.2500000000000000000, 0.5000000000000000000, 0.7500000000000000000, 0.9960937500000000000, 1.000000000000000000 ),
 ( 0.000000000000000000, 0.003906250000000000000, 0.06250000000000000000, 0.2500000000000000000, 0.5000000000000000000, 0.7500000000000000000, 0.9687500000000000000, 1.000000000000000000 ),
 .UNSPECIFIED. ) ;
#5296 = CARTESIAN_POINT ( 'NONE',  ( 2.220307286395967417, -11.20744795805406291, 210.3699514732614659 ) ) ;
#5297 = CARTESIAN_POINT ( 'NONE',  ( -3.086132063981792850, -10.86250476416987354, 19.28347304759985192 ) ) ;
#5298 = CARTESIAN_POINT ( 'NONE',  ( 23.50000000000000000, 0.000000000000000000, 19.99999999999998934 ) ) ;
#5299 = CARTESIAN_POINT ( 'NONE',  ( -3.773141444251178811, -7.769865864334697392, 209.9673837177737141 ) ) ;
#5300 = CARTESIAN_POINT ( 'NONE',  ( -1.764928184472861261, -11.50000000000000000, 18.77056093286915583 ) ) ;
#5301 = VERTEX_POINT ( 'NONE', #4896 ) ;
#5302 = CARTESIAN_POINT ( 'NONE',  ( 2.345531835501362572, -11.33767511434411901, 211.3055062914624500 ) ) ;
#5303 = AXIS2_PLACEMENT_3D ( 'NONE', #2215, #5252, #4541 ) ;
#5304 = CARTESIAN_POINT ( 'NONE',  ( -2.888146953698457864, -10.95923498042233390, 210.8118605236658141 ) ) ;
#5305 = CARTESIAN_POINT ( 'NONE',  ( 2.845705792154679781, -10.97063119648344731, 210.8120640955540068 ) ) ;
#5306 = CARTESIAN_POINT ( 'NONE',  ( 3.341635153353064602, -7.925011871685998521, 20.14864079310142841 ) ) ;
#5307 = CARTESIAN_POINT ( 'NONE',  ( -2.345531835513302354, -11.33767511433780761, 211.3055062914720565 ) ) ;
#5308 = CARTESIAN_POINT ( 'NONE',  ( -2.334844324293312567, -11.33463462525994814, 1.283731206754776810 ) ) ;
#5309 = EDGE_LOOP ( 'NONE', ( #1257, #1783, #2531, #3460 ) ) ;
#5310 = ORIENTED_EDGE ( 'NONE', *, *, #7739, .T. ) ;
#5311 = ORIENTED_EDGE ( 'NONE', *, *, #4240, .T. ) ;
#5312 = B_SPLINE_CURVE_WITH_KNOTS ( 'NONE', 3,
 ( #6112, #2649, #3241, #800, #3869, #6233, #6151, #1467, #6274, #5562, #2573, #2057, #6752, #7462 ),
 .UNSPECIFIED., .F., .F.,
 ( 4, 2, 2, 2, 2, 2, 4 ),
 ( 0.000000000000000000, 0.0002966193403871352809, 0.0005932386807742705617, 0.001186477361548540690, 0.001483096701935704810, 0.001779716042322868497, 0.002372954723097196739 ),
 .UNSPECIFIED. ) ;
#5313 = CARTESIAN_POINT ( 'NONE',  ( -1.239412764722249038, -10.23391623712885590, 229.9755869986001073 ) ) ;
#5314 = DIRECTION ( 'NONE',  ( -0.000000000000000000, 1.000000000000000000, -0.000000000000000000 ) ) ;
#5315 = CARTESIAN_POINT ( 'NONE',  ( -2.563368603454919903, -11.00757824568873389, 229.2526399404195843 ) ) ;
#5316 = CARTESIAN_POINT ( 'NONE',  ( 2.913626296283084560, -10.97007306887192613, 19.15299543975768159 ) ) ;
#5317 = CARTESIAN_POINT ( 'NONE',  ( 2.245663538939170589, -11.21129540482357356, 19.50820656690655142 ) ) ;
#5318 = EDGE_LOOP ( 'NONE', ( #1407, #7032, #3334, #5847 ) ) ;
#5319 = LINE ( 'NONE', #7728, #7015 ) ;
#5320 = DIRECTION ( 'NONE',  ( -1.000000000000000000, 0.000000000000000000, 0.000000000000000000 ) ) ;
#5321 = CARTESIAN_POINT ( 'NONE',  ( 2.195586090875217167, -11.21844981318383283, 19.76866416724980979 ) ) ;
#5322 = CARTESIAN_POINT ( 'NONE',  ( 4.000000000000002665, -8.062257748298547355, 19.99999999999998934 ) ) ;
#5323 = CARTESIAN_POINT ( 'NONE',  ( -23.50000000000000000, 20.99999999999999645, 1.500000000000001332 ) ) ;
#5324 = DIRECTION ( 'NONE',  ( -1.000000000000000000, 0.000000000000000000, 0.000000000000000000 ) ) ;
#5325 = CARTESIAN_POINT ( 'NONE',  ( -2.378309471848771395, -11.13958902221454039, 19.37608121596445798 ) ) ;
#5326 = CYLINDRICAL_SURFACE ( 'NONE', #1236, 1.500000000000000000 ) ;
#5327 = ORIENTED_EDGE ( 'NONE', *, *, #1070, .F. ) ;
#5328 = ADVANCED_FACE ( 'NONE', ( #5565 ), #4525, .T. ) ;
#5329 = VERTEX_POINT ( 'NONE', #6197 ) ;
#5330 = CARTESIAN_POINT ( 'NONE',  ( 2.194994261696812554, -11.21901528231916245, 210.2270775949737072 ) ) ;
#5331 = CIRCLE ( 'NONE', #3322, 1.000000000000000000 ) ;
#5332 = CARTESIAN_POINT ( 'NONE',  ( 2.232504285759851825, -11.20730247950647041, 210.4271115611565790 ) ) ;
#5333 = AXIS2_PLACEMENT_3D ( 'NONE', #7723, #2279, #5982 ) ;
#5334 = CARTESIAN_POINT ( 'NONE',  ( -2.574936408209233640, -10.09743044520253186, 20.03888935191013942 ) ) ;
#5335 = CARTESIAN_POINT ( 'NONE',  ( 3.277038410131251300, -10.70676497896844737, 19.42164862432541739 ) ) ;
#5336 = CARTESIAN_POINT ( 'NONE',  ( -3.088235294117645413, -6.834676493307206613, 208.5000000000000284 ) ) ;
#5337 = CARTESIAN_POINT ( 'NONE',  ( -1.667983933807302144, -11.50000000000000178, 19.02827050939740872 ) ) ;
#5338 = ADVANCED_FACE ( 'NONE', ( #6237 ), #1986, .T. ) ;
#5339 = VECTOR ( 'NONE', #6207, 1000.000000000000000 ) ;
#5340 = ADVANCED_FACE ( 'NONE', ( #4300 ), #1977, .T. ) ;
#5341 = CARTESIAN_POINT ( 'NONE',  ( 16.61034544511826638, 12.22641929943638317, 219.2495441406989301 ) ) ;
#5342 = CARTESIAN_POINT ( 'NONE',  ( 2.071450394520542915, -11.49999999999999822, 210.8080660081561746 ) ) ;
#5343 = EDGE_CURVE ( 'NONE', #2863, #681, #1315, .T. ) ;
#5344 = CARTESIAN_POINT ( 'NONE',  ( 2.258405512075902788, -11.21293524167809785, 19.46088545701291039 ) ) ;
#5345 = CARTESIAN_POINT ( 'NONE',  ( -2.046105033061725198, -11.04872689966761889, 0.5548926468541305335 ) ) ;
#5346 = CARTESIAN_POINT ( 'NONE',  ( -1.049329932173442170, -9.994409750612353704, 0.0007339224121417257203 ) ) ;
#5347 = CYLINDRICAL_SURFACE ( 'NONE', #5753, 1.000000000000000000 ) ;
#5348 = EDGE_LOOP ( 'NONE', ( #2943, #306, #3661, #3826 ) ) ;
#5349 = EDGE_CURVE ( 'NONE', #6811, #2219, #3131, .T. ) ;
#5350 = ORIENTED_EDGE ( 'NONE', *, *, #4462, .T. ) ;
#5351 = VERTEX_POINT ( 'NONE', #2535 ) ;
#5352 = CARTESIAN_POINT ( 'NONE',  ( -1.832379080842221786, -10.64956920589650480, 229.7704039753963627 ) ) ;
#5353 = LINE ( 'NONE', #4241, #5533 ) ;
#5354 = CARTESIAN_POINT ( 'NONE',  ( 2.407609317329318266, -11.07554469018599974, 210.4969285320162271 ) ) ;
#5355 = CARTESIAN_POINT ( 'NONE',  ( 2.779296055452023850, -10.97246635458541952, 19.21952194023744198 ) ) ;
#5356 = CARTESIAN_POINT ( 'NONE',  ( 2.563368603454989181, -11.00757824568877297, 0.7473600595805287572 ) ) ;
#5357 = ADVANCED_FACE ( 'NONE', ( #4941 ), #7348, .F. ) ;
#5358 = ORIENTED_EDGE ( 'NONE', *, *, #5485, .F. ) ;
#5359 = CARTESIAN_POINT ( 'NONE',  ( 2.884529909720702889, -10.98850279542765307, 19.13105606973946848 ) ) ;
#5360 = DIRECTION ( 'NONE',  ( -0.3392628153962133908, -0.9406916296478007311, 2.719733089341531251E-16 ) ) ;
#5361 = CARTESIAN_POINT ( 'NONE',  ( 2.249602237287284368, -11.21270518958477780, 19.48946872738102343 ) ) ;
#5362 = CARTESIAN_POINT ( 'NONE',  ( 2.301112901974801783, -11.26630340835578181, 228.9730343185125037 ) ) ;
#5363 = CARTESIAN_POINT ( 'NONE',  ( 1.034095312463373162, -10.01136510415445535, 0.0003875468415114394216 ) ) ;
#5364 = CYLINDRICAL_SURFACE ( 'NONE', #5759, 7.500000000000000000 ) ;
#5365 = CARTESIAN_POINT ( 'NONE',  ( -2.636576435798451801, -10.98331027230543988, 19.33660313257420071 ) ) ;
#5366 = CARTESIAN_POINT ( 'NONE',  ( -0.9999999999999981126, -9.949874371066199430, 230.0000000000000000 ) ) ;
#5367 = ORIENTED_EDGE ( 'NONE', *, *, #2311, .F. ) ;
#5368 = ORIENTED_EDGE ( 'NONE', *, *, #5143, .T. ) ;
#5369 = DIRECTION ( 'NONE',  ( 1.000000000000000000, 0.000000000000000000, -0.000000000000000000 ) ) ;
#5370 = CARTESIAN_POINT ( 'NONE',  ( 2.197205495899952954, -11.21688633181040728, 210.2306268272261605 ) ) ;
#5371 = AXIS2_PLACEMENT_3D ( 'NONE', #4643, #7023, #3906 ) ;
#5372 = CARTESIAN_POINT ( 'NONE',  ( -3.751061295905587567, -10.03111611845778306, 19.82548261798361011 ) ) ;
#5373 = CARTESIAN_POINT ( 'NONE',  ( 1.000000000000001776, -9.949874371066199430, 1.301042606982605321E-15 ) ) ;
#5374 = FACE_OUTER_BOUND ( 'NONE', #7323, .T. ) ;
#5375 = CIRCLE ( 'NONE', #7018, 1.500000000000001332 ) ;
#5376 = CARTESIAN_POINT ( 'NONE',  ( -2.499999999999998224, -7.745966692414834931, 21.49999999999999289 ) ) ;
#5377 = AXIS2_PLACEMENT_3D ( 'NONE', #708, #6063, #7332 ) ;
#5378 = CARTESIAN_POINT ( 'NONE',  ( -2.783601830245147291, -11.15802674538181449, 18.61372913162929876 ) ) ;
#5379 = CARTESIAN_POINT ( 'NONE',  ( 2.783601829262486227, -11.15802674562696417, 18.61843272938389049 ) ) ;
#5380 = CARTESIAN_POINT ( 'NONE',  ( 2.253233421298018069, -11.21002670456839034, 19.48692556241014984 ) ) ;
#5381 = CARTESIAN_POINT ( 'NONE',  ( -1.728655440790338726, -10.73419238416431121, 0.2280660133807750900 ) ) ;
#5382 = EDGE_CURVE ( 'NONE', #2219, #5124, #441, .T. ) ;
#5383 = DIRECTION ( 'NONE',  ( -1.000000000000000000, 1.734723475976807094E-15, 0.000000000000000000 ) ) ;
#5384 = CARTESIAN_POINT ( 'NONE',  ( -1.500000027030316652, -11.50000000000000000, 210.3376788839821927 ) ) ;
#5385 = CARTESIAN_POINT ( 'NONE',  ( -2.783601829262469352, -11.15802674562696239, 1.500000000000001332 ) ) ;
#5386 = VERTEX_POINT ( 'NONE', #5251 ) ;
#5387 = EDGE_CURVE ( 'NONE', #4688, #5729, #3896, .T. ) ;
#5388 = EDGE_LOOP ( 'NONE', ( #3989, #3862, #3736, #1565 ) ) ;
#5389 = VERTEX_POINT ( 'NONE', #3396 ) ;
#5390 = CARTESIAN_POINT ( 'NONE',  ( -1.551769119943058550, -10.30647971684710562, 229.9421373250048362 ) ) ;
#5391 = AXIS2_PLACEMENT_3D ( 'NONE', #1617, #4130, #4682 ) ;
#5392 = CARTESIAN_POINT ( 'NONE',  ( 2.332895542370621023, -11.17009827364824659, 210.6113804219737915 ) ) ;
#5393 = DIRECTION ( 'NONE',  ( 0.000000000000000000, 0.000000000000000000, -1.000000000000000000 ) ) ;
#5394 = DIRECTION ( 'NONE',  ( 1.000000000000000000, 0.000000000000000000, -0.000000000000000000 ) ) ;
#5395 = ADVANCED_FACE ( 'NONE', ( #917 ), #2764, .T. ) ;
#5396 = CARTESIAN_POINT ( 'NONE',  ( -16.66532048819021838, 12.22641929943638317, 19.99999999999998934 ) ) ;
#5397 = ORIENTED_EDGE ( 'NONE', *, *, #2206, .T. ) ;
#5398 = FACE_OUTER_BOUND ( 'NONE', #1168, .T. ) ;
#5399 = SPHERICAL_SURFACE ( 'NONE', #1113, 0.5000000000000000000 ) ;
#5400 = CARTESIAN_POINT ( 'NONE',  ( -1.811221830515579612, -11.49999999999999645, 1.297135339808602517 ) ) ;
#5401 = CARTESIAN_POINT ( 'NONE',  ( 2.048024435307461033, -11.43261701924973650, 228.9728816575091059 ) ) ;
#5402 = DIRECTION ( 'NONE',  ( -1.000000000000000000, 0.000000000000000000, 0.000000000000000000 ) ) ;
#5403 = ADVANCED_FACE ( 'NONE', ( #4540 ), #4613, .F. ) ;
#5404 = CARTESIAN_POINT ( 'NONE',  ( -3.918501525376480554, -9.423025555163716760, 210.0000000000000284 ) ) ;
#5405 = CARTESIAN_POINT ( 'NONE',  ( -2.790708240563280818, -10.98405368530100823, 19.19030386036547497 ) ) ;
#5406 = DIRECTION ( 'NONE',  ( -0.9406916296478006201, 0.3392628153962136128, 0.000000000000000000 ) ) ;
#5407 = VECTOR ( 'NONE', #999, 1000.000000000000000 ) ;
#5408 = VERTEX_POINT ( 'NONE', #4647 ) ;
#5409 = ORIENTED_EDGE ( 'NONE', *, *, #3075, .F. ) ;
#5410 = DIRECTION ( 'NONE',  ( 0.000000000000000000, 0.000000000000000000, 1.000000000000000000 ) ) ;
#5411 = CARTESIAN_POINT ( 'NONE',  ( 2.243096983987050042, -11.20774542043381850, 210.4707932502614369 ) ) ;
#5412 = CARTESIAN_POINT ( 'NONE',  ( -2.875524381022685816, -11.01169720488351089, 210.9122846456315017 ) ) ;
#5413 = AXIS2_PLACEMENT_3D ( 'NONE', #7001, #5851, #2929 ) ;
#5414 = CARTESIAN_POINT ( 'NONE',  ( 3.918501525376484995, -9.423025555163709654, 210.0000000000000284 ) ) ;
#5415 = CARTESIAN_POINT ( 'NONE',  ( 1.103635330716272955, -9.996896756627277725, 229.9989467687108800 ) ) ;
#5416 = DIRECTION ( 'NONE',  ( 0.000000000000000000, 0.000000000000000000, 1.000000000000000000 ) ) ;
#5417 = DIRECTION ( 'NONE',  ( -1.000000000000000000, 0.000000000000000000, -1.209741371404878502E-16 ) ) ;
#5418 = CARTESIAN_POINT ( 'NONE',  ( 2.345033298324889159, -11.31183920262111897, 211.1253307689544840 ) ) ;
#5419 = EDGE_CURVE ( 'NONE', #884, #1336, #360, .T. ) ;
#5420 = CARTESIAN_POINT ( 'NONE',  ( 2.200443646906621087, -11.21395704586393194, 19.75496421142937820 ) ) ;
#5421 = DIRECTION ( 'NONE',  ( 1.000000000000000000, -2.081331949859378477E-16, 0.000000000000000000 ) ) ;
#5422 = CARTESIAN_POINT ( 'NONE',  ( 1.103635330544464610, -9.996896756537744011, 0.001053231283759037060 ) ) ;
#5423 = DIRECTION ( 'NONE',  ( 1.000000000000000000, 0.000000000000000000, 0.000000000000000000 ) ) ;
#5424 = ORIENTED_EDGE ( 'NONE', *, *, #2204, .T. ) ;
#5425 = ORIENTED_EDGE ( 'NONE', *, *, #6166, .T. ) ;
#5426 = EDGE_LOOP ( 'NONE', ( #2638, #2683, #4376, #293, #4661, #1719 ) ) ;
#5427 = CIRCLE ( 'NONE', #7070, 0.5000000000000004441 ) ;
#5428 = CARTESIAN_POINT ( 'NONE',  ( -1.094885373955879260, -10.02820915718310957, 229.9975322612590674 ) ) ;
#5429 = DIRECTION ( 'NONE',  ( 1.000000000000000000, 9.791996142006161452E-17, -0.000000000000000000 ) ) ;
#5430 = CARTESIAN_POINT ( 'NONE',  ( 2.332734128761183801, -11.16996760913097830, 210.6106034333138268 ) ) ;
#5431 = CARTESIAN_POINT ( 'NONE',  ( 2.476476724508895444, -11.05406319765312162, 19.41793578028651979 ) ) ;
#5432 = DIRECTION ( 'NONE',  ( 0.000000000000000000, -1.000000000000000000, 0.000000000000000000 ) ) ;
#5433 = ORIENTED_EDGE ( 'NONE', *, *, #979, .F. ) ;
#5434 = CIRCLE ( 'NONE', #6187, 7.716029316036113528 ) ;
#5435 = EDGE_LOOP ( 'NONE', ( #7083, #2511, #7606 ) ) ;
#5436 = CARTESIAN_POINT ( 'NONE',  ( 2.491025518355696633, -10.65166214221011209, 21.05503264221358251 ) ) ;
#5437 = CARTESIAN_POINT ( 'NONE',  ( -16.66532048819021838, 12.22641929943638317, 210.0000000000000284 ) ) ;
#5438 = CARTESIAN_POINT ( 'NONE',  ( 2.238555339806486355, -11.20860745892336041, 19.54263326955060975 ) ) ;
#5439 = CARTESIAN_POINT ( 'NONE',  ( 1.651142060467843287, -11.27910158863199008, 229.2902746173874675 ) ) ;
#5440 = DIRECTION ( 'NONE',  ( -1.000000000000000000, 0.000000000000000000, 0.000000000000000000 ) ) ;
#5441 = CARTESIAN_POINT ( 'NONE',  ( 3.214285714285711748, 6.776309271789386024, 20.49999999999998934 ) ) ;
#5442 = CARTESIAN_POINT ( 'NONE',  ( -2.654893837882600138, -10.99673984277839445, 19.28550967331439736 ) ) ;
#5443 = VERTEX_POINT ( 'NONE', #2143 ) ;
#5444 = ORIENTED_EDGE ( 'NONE', *, *, #2846, .F. ) ;
#5445 = EDGE_CURVE ( 'NONE', #7780, #2330, #3911, .T. ) ;
#5446 = CARTESIAN_POINT ( 'NONE',  ( 4.000000000000022204, 0.000000000000000000, 19.99999999999998934 ) ) ;
#5447 = CARTESIAN_POINT ( 'NONE',  ( -2.442181070112101615, -11.09824420082320096, 210.6413908167865827 ) ) ;
#5448 = CARTESIAN_POINT ( 'NONE',  ( 2.038959197226383413, -11.04191469464656450, 229.4683486887905133 ) ) ;
#5449 = CARTESIAN_POINT ( 'NONE',  ( 3.845451822987586254, -9.676352071160366108, 210.0397966769614868 ) ) ;
#5450 = FACE_OUTER_BOUND ( 'NONE', #1859, .T. ) ;
#5451 = DIRECTION ( 'NONE',  ( 0.000000000000000000, 0.000000000000000000, -1.000000000000000000 ) ) ;
#5452 = CIRCLE ( 'NONE', #1677, 6.216029316036115304 ) ;
#5453 = CARTESIAN_POINT ( 'NONE',  ( 1.003407062026046015, -9.951333505493254350, 230.0000000000000000 ) ) ;
#5454 = CARTESIAN_POINT ( 'NONE',  ( -3.255652307018480407, -7.906904343120019441, 20.19407514397490999 ) ) ;
#5455 = CARTESIAN_POINT ( 'NONE',  ( 2.197838171448769362, -11.21627980692382032, 19.76895104239723366 ) ) ;
#5456 = AXIS2_PLACEMENT_3D ( 'NONE', #2702, #4547, #6924 ) ;
#5457 = CARTESIAN_POINT ( 'NONE',  ( -2.360559902787516151, -11.07148689501076433, 0.7765509369456138344 ) ) ;
#5458 = CARTESIAN_POINT ( 'NONE',  ( -1.811221830515580722, -11.50000000000000000, 230.0000000000000000 ) ) ;
#5459 = CARTESIAN_POINT ( 'NONE',  ( 2.783601829262425387, -11.15802674562702812, 1.500000000000000000 ) ) ;
#5460 = CIRCLE ( 'NONE', #2066, 1.500000000000000000 ) ;
#5461 = CARTESIAN_POINT ( 'NONE',  ( -1.865406857106451044, -10.52576794274269112, 0.1570290801040589990 ) ) ;
#5462 = VERTEX_POINT ( 'NONE', #2180 ) ;
#5463 =( BOUNDED_SURFACE ( )  B_SPLINE_SURFACE ( 3, 2, ( 
 ( #5674, #2832, #5240 ),
 ( #5163, #4530, #2051 ),
 ( #6944, #3276, #6983 ),
 ( #946, #1579, #2203 ),
 ( #6905, #2719, #2131 ),
 ( #5797, #989, #2090 ),
 ( #352, #6355, #4605 ),
 ( #1542, #3937, #1462 ),
 ( #2795, #3975, #1611 ),
 ( #7575, #4488, #4012 ) ),
 .UNSPECIFIED., .F., .F., .F. ) 
 B_SPLINE_SURFACE_WITH_KNOTS ( ( 4, 2, 2, 2, 4 ),
 ( 3, 3 ),
 ( 5.049392361106769879E-05, 0.0002177886901958346849, 0.0003850834567806016642, 0.0007196729899501356229, 0.001388852056289203649 ),
 ( 0.000000000000000000, 1.000000000000000000 ),
 .UNSPECIFIED. ) 
 GEOMETRIC_REPRESENTATION_ITEM ( )  RATIONAL_B_SPLINE_SURFACE ( (
 ( 1.000000000000000000, 0.9687902508876659047, 1.000000000000000000),
 ( 1.000000000000000000, 0.9725473611806256802, 1.000000000000000000),
 ( 1.000000000000000000, 0.9745564168105198544, 1.000000000000000000),
 ( 1.000000000000000000, 0.9779289444609176041, 1.000000000000000000),
 ( 1.000000000000000000, 0.9791721353934706995, 1.000000000000000000),
 ( 1.000000000000000000, 0.9823230165318466156, 1.000000000000000000),
 ( 1.000000000000000000, 0.9836356521170156464, 1.000000000000000000),
 ( 1.000000000000000000, 0.9866367932506576732, 1.000000000000000000),
 ( 1.000000000000000000, 0.9872487203224953323, 1.000000000000000000),
 ( 1.000000000000000000, 0.9873019781227525549, 1.000000000000000000) ) ) 
 REPRESENTATION_ITEM ( '' )  SURFACE ( )  );
#5464 = ORIENTED_EDGE ( 'NONE', *, *, #7487, .F. ) ;
#5465 = VERTEX_POINT ( 'NONE', #2804 ) ;
#5466 = DIRECTION ( 'NONE',  ( 1.000000000000000000, 0.000000000000000000, 0.000000000000000000 ) ) ;
#5467 = CARTESIAN_POINT ( 'NONE',  ( -0.9999999999999976685, -9.949874371066199430, 230.0000000000000000 ) ) ;
#5468 = CARTESIAN_POINT ( 'NONE',  ( 2.263897211568830059, -11.21716809623852207, 210.5694902591958453 ) ) ;
#5469 = CARTESIAN_POINT ( 'NONE',  ( 2.538662399721791640, -10.03487109784342302, 209.9537393528601399 ) ) ;
#5470 = CARTESIAN_POINT ( 'NONE',  ( -1.009818097978069318, -10.02945429393418664, 1.433889750389764104E-15 ) ) ;
#5471 = CARTESIAN_POINT ( 'NONE',  ( 2.396950016977032583, -11.07411914123519558, 19.54108862786177170 ) ) ;
#5472 = DIRECTION ( 'NONE',  ( 1.000000000000000000, 0.000000000000000000, 0.000000000000000000 ) ) ;
#5473 = VERTEX_POINT ( 'NONE', #7586 ) ;
#5474 = ORIENTED_EDGE ( 'NONE', *, *, #5958, .T. ) ;
#5475 = CARTESIAN_POINT ( 'NONE',  ( 2.675686609960184370, -7.783681988503832194, 209.2119630160654822 ) ) ;
#5476 = CARTESIAN_POINT ( 'NONE',  ( 2.258426936392968543, -11.21693937219047754, 19.44762567267211040 ) ) ;
#5477 = CARTESIAN_POINT ( 'NONE',  ( 23.50000000000000000, 22.50000000000000000, 211.5000000000000284 ) ) ;
#5478 = CARTESIAN_POINT ( 'NONE',  ( 2.298902678988266501, -11.26057580775585798, 210.7991911503764015 ) ) ;
#5479 = EDGE_CURVE ( 'NONE', #4598, #486, #1035, .T. ) ;
#5480 = CARTESIAN_POINT ( 'NONE',  ( 3.539047991825733153, -7.458623379076866122, 20.19407415575395603 ) ) ;
#5481 = CARTESIAN_POINT ( 'NONE',  ( -3.499999999999998224, -7.745966692414834931, 208.5000000000000284 ) ) ;
#5482 = EDGE_CURVE ( 'NONE', #1204, #1880, #4143, .T. ) ;
#5483 = ORIENTED_EDGE ( 'NONE', *, *, #7387, .F. ) ;
#5484 = ORIENTED_EDGE ( 'NONE', *, *, #5048, .F. ) ;
#5485 = EDGE_CURVE ( 'NONE', #5918, #7591, #1254, .T. ) ;
#5486 = CARTESIAN_POINT ( 'NONE',  ( -2.499999999999997780, -10.49999999999999822, 230.0000000000000000 ) ) ;
#5487 = CARTESIAN_POINT ( 'NONE',  ( -2.452720651289395093, -11.10589592731203190, 210.6808510453695078 ) ) ;
#5488 = LINE ( 'NONE', #4222, #2354 ) ;
#5489 = DIRECTION ( 'NONE',  ( 1.000000000000000000, 0.000000000000000000, 0.000000000000000000 ) ) ;
#5490 = CARTESIAN_POINT ( 'NONE',  ( 1.080835404796455679, -10.01630827046915151, 229.9983066090219381 ) ) ;
#5492 = ADVANCED_FACE ( 'NONE', ( #6953 ), #5768, .T. ) ;
#5491 = TOROIDAL_SURFACE ( 'NONE', #1468, 9.000000000000000000, 1.500000000000000000 ) ;
#5493 = CARTESIAN_POINT ( 'NONE',  ( 3.999999999999999112, 3.000000000000000000, 208.5000000000000284 ) ) ;
#5494 = CARTESIAN_POINT ( 'NONE',  ( 1.010221182223636216, -9.954251772696606437, 229.9999903435446811 ) ) ;
#5495 = CARTESIAN_POINT ( 'NONE',  ( 23.50000000000000000, 13.72641929943638139, 228.5000000000000000 ) ) ;
#5496 = AXIS2_PLACEMENT_3D ( 'NONE', #2836, #1582, #4609 ) ;
#5497 = AXIS2_PLACEMENT_3D ( 'NONE', #2002, #2714, #5154 ) ;
#5498 = CARTESIAN_POINT ( 'NONE',  ( 2.200251063032438559, -11.21420931064177928, 19.75244926045458271 ) ) ;
#5499 = CARTESIAN_POINT ( 'NONE',  ( -1.340477770254716372, -10.15794089929690713, 0.01962797892278445033 ) ) ;
#5500 = CARTESIAN_POINT ( 'NONE',  ( 2.458145381289569720, -11.10078500192198270, 210.6767801367874995 ) ) ;
#5501 = CARTESIAN_POINT ( 'NONE',  ( 2.063471042751767293, -10.83668449217868179, 0.4039452885882858779 ) ) ;
#5502 = ORIENTED_EDGE ( 'NONE', *, *, #6605, .F. ) ;
#5503 = EDGE_CURVE ( 'NONE', #6190, #5164, #1435, .T. ) ;
#5504 = CIRCLE ( 'NONE', #3364, 11.50000000000000000 ) ;
#5505 = AXIS2_PLACEMENT_3D ( 'NONE', #6388, #871, #394 ) ;
#5506 = EDGE_LOOP ( 'NONE', ( #1562, #7531, #3970, #3425 ) ) ;
#5507 = ORIENTED_EDGE ( 'NONE', *, *, #6741, .F. ) ;
#5508 = DIRECTION ( 'NONE',  ( 0.000000000000000000, 0.000000000000000000, 1.000000000000000000 ) ) ;
#5509 = CARTESIAN_POINT ( 'NONE',  ( 2.363816234418781193, -10.87023298571203966, 229.5112387908065443 ) ) ;
#5510 = CARTESIAN_POINT ( 'NONE',  ( 2.324768897920554078, -11.16407616396378621, 210.5733108046929374 ) ) ;
#5511 = CARTESIAN_POINT ( 'NONE',  ( 2.458335045198299262, -10.96658169898612201, 210.5898770424582267 ) ) ;
#5512 = CARTESIAN_POINT ( 'NONE',  ( 3.918501525376483219, -9.423025555163718536, 19.99999999999998934 ) ) ;
#5513 = CARTESIAN_POINT ( 'NONE',  ( 2.394544949351395946, -11.07397348544953353, 19.55007050617310682 ) ) ;
#5514 = DIRECTION ( 'NONE',  ( 9.791996142006161452E-17, -1.000000000000000000, 0.000000000000000000 ) ) ;
#5515 = ORIENTED_EDGE ( 'NONE', *, *, #4181, .T. ) ;
#5516 =( BOUNDED_SURFACE ( )  B_SPLINE_SURFACE ( 3, 2, ( 
 ( #5229, #5858, #4631 ),
 ( #3449, #457, #2861 ),
 ( #2271, #1676, #6489 ),
 ( #4073, #1087, #56 ),
 ( #1202, #3099, #6767 ),
 ( #3721, #4234, #4351 ),
 ( #1875, #6091, #3602 ),
 ( #2466, #6126, #3762 ),
 ( #4951, #4826, #3643 ),
 ( #1362, #737, #4308 ),
 ( #3141, #5501, #1323 ),
 ( #138, #5541, #1834 ),
 ( #6609, #6648, #4273 ),
 ( #96, #2507, #1243 ),
 ( #2548, #6050, #6170 ),
 ( #775, #616, #658 ),
 ( #3059, #7359, #1949 ),
 ( #1797, #2427, #3684 ),
 ( #3182, #7280, #7794 ),
 ( #2389, #7199, #5459 ) ),
 .UNSPECIFIED., .F., .F., .T. ) 
 B_SPLINE_SURFACE_WITH_KNOTS ( ( 4, 2, 2, 2, 2, 2, 2, 2, 2, 4 ),
 ( 3, 3 ),
 ( -6.436099212175222517E-14, 0.0003070539115057659423, 0.0006141078230758928360, 0.001228215646216146732, 0.001842323469356400411, 0.002456431292496654307, 0.003070539115636907769, 0.003684646938777161665, 0.004298754761917415561, 0.004912862585057669457 ),
 ( 0.000000000000000000, 1.000000000000000000 ),
 .UNSPECIFIED. ) 
 GEOMETRIC_REPRESENTATION_ITEM ( )  RATIONAL_B_SPLINE_SURFACE ( (
 ( 1.000000000000000000, 0.9997586081350653409, 1.000000000000000000),
 ( 1.000000000000000000, 0.9996119287855750324, 1.000000000000000000),
 ( 1.000000000000000000, 0.9994589012895054303, 1.000000000000000000),
 ( 1.000000000000000000, 0.9991145364285556330, 1.000000000000000000),
 ( 1.000000000000000000, 0.9989239239993554786, 1.000000000000000000),
 ( 1.000000000000000000, 0.9982980001538872550, 1.000000000000000000),
 ( 1.000000000000000000, 0.9978066264857934353, 1.000000000000000000),
 ( 1.000000000000000000, 0.9966847958755473691, 1.000000000000000000),
 ( 1.000000000000000000, 0.9960475138772626469, 1.000000000000000000),
 ( 1.000000000000000000, 0.9946951026706123411, 1.000000000000000000),
 ( 1.000000000000000000, 0.9939855751182686827, 1.000000000000000000),
 ( 1.000000000000000000, 0.9925482811491022073, 1.000000000000000000),
 ( 1.000000000000000000, 0.9918119595235491692, 1.000000000000000000),
 ( 1.000000000000000000, 0.9904180908630043634, 1.000000000000000000),
 ( 1.000000000000000000, 0.9897679765707215749, 1.000000000000000000),
 ( 1.000000000000000000, 0.9886340237072933634, 1.000000000000000000),
 ( 1.000000000000000000, 0.9881465109873248664, 1.000000000000000000),
 ( 1.000000000000000000, 0.9874825472007289218, 1.000000000000000000),
 ( 1.000000000000000000, 0.9873013850622222032, 1.000000000000000000),
 ( 1.000000000000000000, 0.9873019781227577729, 1.000000000000000000) ) ) 
 REPRESENTATION_ITEM ( '' )  SURFACE ( )  );
#5517 = ORIENTED_EDGE ( 'NONE', *, *, #7509, .T. ) ;
#5518 = CARTESIAN_POINT ( 'NONE',  ( -1.125736070104195630, -10.10190222826604511, 0.005092453219657492106 ) ) ;
#5519 = ADVANCED_FACE ( 'NONE', ( #3286 ), #5095, .F. ) ;
#5520 = LINE ( 'NONE', #6705, #3951 ) ;
#5521 = EDGE_CURVE ( 'NONE', #6249, #1900, #2759, .T. ) ;
#5522 = DIRECTION ( 'NONE',  ( 1.209741371404878502E-16, -0.000000000000000000, -1.000000000000000000 ) ) ;
#5523 = CARTESIAN_POINT ( 'NONE',  ( -2.194994261696760152, -11.21901528231920864, 19.77292240502555742 ) ) ;
#5524 = CARTESIAN_POINT ( 'NONE',  ( 3.591495344513776278, -7.528989471682138834, 20.14859864414636448 ) ) ;
#5525 = DIRECTION ( 'NONE',  ( 1.000000000000000000, 0.000000000000000000, 0.000000000000000000 ) ) ;
#5526 = ORIENTED_EDGE ( 'NONE', *, *, #560, .F. ) ;
#5527 = ORIENTED_EDGE ( 'NONE', *, *, #7158, .F. ) ;
#5528 = CARTESIAN_POINT ( 'NONE',  ( 23.50000000000000000, 20.99999999999999645, 228.5000000000000000 ) ) ;
#5529 = CARTESIAN_POINT ( 'NONE',  ( -2.487513304657475111, -11.06741164828567747, 210.6395173557585565 ) ) ;
#5530 = CARTESIAN_POINT ( 'NONE',  ( -5.500000000000023093, 23.00000000000000000, 21.49999999999999289 ) ) ;
#5531 = DIRECTION ( 'NONE',  ( 0.000000000000000000, -1.000000000000000000, 0.000000000000000000 ) ) ;
#5532 = CARTESIAN_POINT ( 'NONE',  ( -1.811221830515596709, -11.50000000000000000, 18.49999999999998934 ) ) ;
#5533 = VECTOR ( 'NONE', #2983, 1000.000000000000000 ) ;
#5534 = VECTOR ( 'NONE', #4806, 1000.000000000000000 ) ;
#5535 = CARTESIAN_POINT ( 'NONE',  ( -2.530997272224194461, -11.00641170720951223, 19.28450922086772579 ) ) ;
#5536 = CARTESIAN_POINT ( 'NONE',  ( 2.100961188161250881, -11.50000000000000000, 18.49999999999998934 ) ) ;
#5537 = VECTOR ( 'NONE', #5522, 1000.000000000000000 ) ;
#5538 = CARTESIAN_POINT ( 'NONE',  ( -23.50000000000000000, 13.72641929943638139, 211.5000000000000284 ) ) ;
#5539 = CARTESIAN_POINT ( 'NONE',  ( -2.404682036311127646, -11.10567448433288185, 0.8604823503496455972 ) ) ;
#5540 = CARTESIAN_POINT ( 'NONE',  ( 5.999999999999996447, 3.605551275463993566, 210.0000000000000284 ) ) ;
#5541 = CARTESIAN_POINT ( 'NONE',  ( 2.196292487249681624, -10.94254071812682128, 0.5415501512269639273 ) ) ;
#5542 = EDGE_LOOP ( 'NONE', ( #4395, #4051, #1344, #4235 ) ) ;
#5543 = ORIENTED_EDGE ( 'NONE', *, *, #3745, .T. ) ;
#5544 = ORIENTED_EDGE ( 'NONE', *, *, #6201, .T. ) ;
#5545 = DIRECTION ( 'NONE',  ( 0.000000000000000000, 0.000000000000000000, -1.000000000000000000 ) ) ;
#5546 = CARTESIAN_POINT ( 'NONE',  ( 2.772543318223312347, -10.97069025580661261, 210.7575964755319546 ) ) ;
#5547 = CARTESIAN_POINT ( 'NONE',  ( 2.436102198508931949, -10.85801762941420634, 209.2788948277684256 ) ) ;
#5548 = CARTESIAN_POINT ( 'NONE',  ( -1.058908552602103370, -10.01963618420026592, 0.0008678050809122300714 ) ) ;
#5549 = CARTESIAN_POINT ( 'NONE',  ( 2.637466277903765199, -10.98375078139584282, 19.33450787717307051 ) ) ;
#5550 = VERTEX_POINT ( 'NONE', #319 ) ;
#5551 = ORIENTED_EDGE ( 'NONE', *, *, #316, .F. ) ;
#5552 = CARTESIAN_POINT ( 'NONE',  ( 2.590501838628224807, -7.765420546924215017, 209.0234617697343538 ) ) ;
#5553 = CARTESIAN_POINT ( 'NONE',  ( -2.499999999999998224, -10.49999999999999112, 208.7664948248737176 ) ) ;
#5554 = DIRECTION ( 'NONE',  ( -0.000000000000000000, -0.000000000000000000, -1.000000000000000000 ) ) ;
#5555 = CIRCLE ( 'NONE', #6055, 1.500000000000001332 ) ;
#5556 = CARTESIAN_POINT ( 'NONE',  ( 2.526382733028554206, -10.99917052162918552, 210.6996026242718472 ) ) ;
#5557 = CARTESIAN_POINT ( 'NONE',  ( -2.913626296284715256, -10.97007306887225830, 19.15299543975615393 ) ) ;
#5558 = DIRECTION ( 'NONE',  ( 1.000000000000000000, 0.000000000000000000, 0.000000000000000000 ) ) ;
#5559 = ORIENTED_EDGE ( 'NONE', *, *, #1545, .F. ) ;
#5560 = EDGE_LOOP ( 'NONE', ( #6665, #5954, #1457, #4636 ) ) ;
#5561 = CIRCLE ( 'NONE', #2912, 1.500000000000001332 ) ;
#5562 = CARTESIAN_POINT ( 'NONE',  ( -3.539047991825732264, -7.458623379076878557, 209.8059258442461044 ) ) ;
#5563 = CARTESIAN_POINT ( 'NONE',  ( -2.399047964728097337, -11.07030042077463783, 210.4473897328960561 ) ) ;
#5564 = DIRECTION ( 'NONE',  ( 1.000000000000000000, 0.000000000000000000, 0.000000000000000000 ) ) ;
#5565 = FACE_OUTER_BOUND ( 'NONE', #7166, .T. ) ;
#5566 = CARTESIAN_POINT ( 'NONE',  ( 23.50000000000000000, 22.50000000000000000, 18.49999999999998934 ) ) ;
#5567 = LINE ( 'NONE', #7737, #4296 ) ;
#5568 = EDGE_CURVE ( 'NONE', #3229, #1643, #2886, .T. ) ;
#5569 = CARTESIAN_POINT ( 'NONE',  ( -2.115504605977549968, -11.49716603305492235, 228.6129012659990565 ) ) ;
#5570 = CARTESIAN_POINT ( 'NONE',  ( 1.811221830515602482, -11.50000000000000000, 18.49999999999998934 ) ) ;
#5571 = CARTESIAN_POINT ( 'NONE',  ( 25.00000000000000000, 12.22641929943638317, 211.5000000000000284 ) ) ;
#5572 = CARTESIAN_POINT ( 'NONE',  ( -2.345405229801885483, -11.34536861541400121, 1.500000000000001332 ) ) ;
#5573 = CARTESIAN_POINT ( 'NONE',  ( -25.00000000000000000, 20.99999999999999645, 228.5000000000000000 ) ) ;
#5574 = CYLINDRICAL_SURFACE ( 'NONE', #4649, 1.500000000000001332 ) ;
#5575 = ORIENTED_EDGE ( 'NONE', *, *, #1189, .T. ) ;
#5576 = B_SPLINE_CURVE_WITH_KNOTS ( 'NONE', 3,
 ( #5222, #3474, #4622, #448, #7108, #5924, #5260, #7668 ),
 .UNSPECIFIED., .F., .F.,
 ( 4, 2, 2, 4 ),
 ( 0.000000000000000000, 0.0003830954011318941032, 0.0007661908022637882064, 0.001532381604527537381 ),
 .UNSPECIFIED. ) ;
#5577 = EDGE_CURVE ( 'NONE', #7250, #1336, #1514, .T. ) ;
#5578 = EDGE_CURVE ( 'NONE', #1247, #2256, #2089, .T. ) ;
#5579 = VERTEX_POINT ( 'NONE', #7181 ) ;
#5580 = EDGE_CURVE ( 'NONE', #7726, #2845, #2447, .T. ) ;
#5581 = VERTEX_POINT ( 'NONE', #6475 ) ;
#5582 = CARTESIAN_POINT ( 'NONE',  ( 1.153229671454443217, -10.14238641560431731, 229.9905293558782375 ) ) ;
#5583 = AXIS2_PLACEMENT_3D ( 'NONE', #3225, #1956, #6696 ) ;
#5584 = CARTESIAN_POINT ( 'NONE',  ( 1.019636185413442364, -10.01963618541349810, 229.9999999987560102 ) ) ;
#5585 = CARTESIAN_POINT ( 'NONE',  ( 2.616050766315747289, -11.02953898991451531, 210.7303961939131796 ) ) ;
#5586 = DIRECTION ( 'NONE',  ( 1.000000000000000000, 0.000000000000000000, 0.000000000000000000 ) ) ;
#5587 = CARTESIAN_POINT ( 'NONE',  ( 1.811221831318464037, -11.50000000000000000, 228.5347864311322041 ) ) ;
#5588 = LINE ( 'NONE', #3227, #2104 ) ;
#5589 = CARTESIAN_POINT ( 'NONE',  ( 2.317852663494088361, -11.12174305658946949, 19.61922582731517295 ) ) ;
#5590 = EDGE_LOOP ( 'NONE', ( #7626, #3400, #1624, #2431 ) ) ;
#5591 = CARTESIAN_POINT ( 'NONE',  ( 3.331843155858186023, -7.176336952273538294, 209.5372499228346328 ) ) ;
#5592 = CARTESIAN_POINT ( 'NONE',  ( -1.029437251522730357, -10.08831175456819729, 0.002601911980290169072 ) ) ;
#5593 = DIRECTION ( 'NONE',  ( 0.000000000000000000, 0.000000000000000000, 1.000000000000000000 ) ) ;
#5594 = CARTESIAN_POINT ( 'NONE',  ( 2.674355488890492349, -11.01205124716814332, 19.23345053182360687 ) ) ;
#5595 = FACE_OUTER_BOUND ( 'NONE', #3777, .T. ) ;
#5596 = EDGE_CURVE ( 'NONE', #2004, #7173, #5031, .T. ) ;
#5597 = CARTESIAN_POINT ( 'NONE',  ( -2.307662018973801743, -11.18693754643144267, 210.6005477305208444 ) ) ;
#5598 = ORIENTED_EDGE ( 'NONE', *, *, #5578, .F. ) ;
#5599 = ORIENTED_EDGE ( 'NONE', *, *, #4221, .F. ) ;
#5600 = CARTESIAN_POINT ( 'NONE',  ( 3.499999999999999556, 3.500000000000000000, 209.5000000000000284 ) ) ;
#5601 = CARTESIAN_POINT ( 'NONE',  ( -2.458556813453629086, -11.04321275265487046, 210.5051151760333710 ) ) ;
#5602 = DIRECTION ( 'NONE',  ( 9.791996142006161452E-17, -1.000000000000000000, 0.000000000000000000 ) ) ;
#5603 = DIRECTION ( 'NONE',  ( -1.000000000000000000, 2.081331949859378477E-16, -0.000000000000000000 ) ) ;
#5604 = CARTESIAN_POINT ( 'NONE',  ( 1.652137933980003748, -10.65728810573019381, 0.1805786679940497574 ) ) ;
#5605 = DIRECTION ( 'NONE',  ( -0.000000000000000000, 0.000000000000000000, 1.000000000000000000 ) ) ;
#5606 = CARTESIAN_POINT ( 'NONE',  ( 16.66532048819021838, 6.010389983400268754, 228.5000000000000000 ) ) ;
#5607 = FACE_OUTER_BOUND ( 'NONE', #4120, .T. ) ;
#5608 = CARTESIAN_POINT ( 'NONE',  ( 1.804552487097840885, -11.50000000000000000, 18.60955847632831706 ) ) ;
#5609 = DIRECTION ( 'NONE',  ( -1.232566680299310083E-16, 0.000000000000000000, -1.000000000000000000 ) ) ;
#5610 = CIRCLE ( 'NONE', #4354, 1.500000000000000222 ) ;
#5611 = DIRECTION ( 'NONE',  ( 0.000000000000000000, 0.000000000000000000, 1.000000000000000000 ) ) ;
#5612 = CARTESIAN_POINT ( 'NONE',  ( 2.261542160658365219, -11.21910831498888328, 210.5688174996597866 ) ) ;
#5613 = CARTESIAN_POINT ( 'NONE',  ( 1.238166153700660077, -10.53609285169953225, 0.09616767547116167325 ) ) ;
#5614 = ORIENTED_EDGE ( 'NONE', *, *, #6730, .T. ) ;
#5615 = CARTESIAN_POINT ( 'NONE',  ( 1.093663871731434867, -10.14381057304685108, 0.004365515277016718092 ) ) ;
#5616 = AXIS2_PLACEMENT_3D ( 'NONE', #6107, #5554, #5440 ) ;
#5617 = ORIENTED_EDGE ( 'NONE', *, *, #2686, .T. ) ;
#5618 = EDGE_LOOP ( 'NONE', ( #1039, #7406, #3041 ) ) ;
#5619 = CARTESIAN_POINT ( 'NONE',  ( 1.869429891226954910, -10.87400707302970737, 229.6568780160725112 ) ) ;
#5620 = ADVANCED_FACE ( 'NONE', ( #5914 ), #3545, .T. ) ;
#5621 = CARTESIAN_POINT ( 'NONE',  ( -10.81795374094970441, 3.901522377056457547, 210.0000000000000284 ) ) ;
#5622 = CARTESIAN_POINT ( 'NONE',  ( 2.656206038239369516, -10.99898549483263643, 210.7059771154803514 ) ) ;
#5623 = EDGE_CURVE ( 'NONE', #7672, #6791, #2520, .T. ) ;
#5624 = CARTESIAN_POINT ( 'NONE',  ( -2.035111609988768056, -11.03784205021250742, 229.4601664423097134 ) ) ;
#5625 = CARTESIAN_POINT ( 'NONE',  ( 16.66532048819021838, 12.22641929943638495, 220.8940198975054727 ) ) ;
#5626 = CARTESIAN_POINT ( 'NONE',  ( 3.092966009431018293, -7.872537623449332500, 209.6986586493174229 ) ) ;
#5627 = CARTESIAN_POINT ( 'NONE',  ( 2.266686995519187509, -11.15563738434228824, 19.68011134028298770 ) ) ;
#5628 = AXIS2_PLACEMENT_3D ( 'NONE', #4185, #7784, #2928 ) ;
#5629 = ORIENTED_EDGE ( 'NONE', *, *, #5343, .T. ) ;
#5630 = CARTESIAN_POINT ( 'NONE',  ( 2.500000143496444505, -7.100469562357368147, 208.6386391669217630 ) ) ;
#5631 = ADVANCED_FACE ( 'NONE', ( #1778 ), #7099, .F. ) ;
#5632 = CARTESIAN_POINT ( 'NONE',  ( 0.000000000000000000, 12.22641929943638317, 19.99999999999998934 ) ) ;
#5633 = CARTESIAN_POINT ( 'NONE',  ( -2.499999999999998224, -10.07418480170138153, 21.41344584244706084 ) ) ;
#5634 = CARTESIAN_POINT ( 'NONE',  ( 2.550112203660398702, -11.20136887931030500, 211.2537806492865684 ) ) ;
#5635 = DIRECTION ( 'NONE',  ( 0.000000000000000000, -0.000000000000000000, -1.000000000000000000 ) ) ;
#5636 = ORIENTED_EDGE ( 'NONE', *, *, #3407, .F. ) ;
#5637 = ORIENTED_EDGE ( 'NONE', *, *, #2010, .F. ) ;
#5638 = CARTESIAN_POINT ( 'NONE',  ( -2.423611912256841805, -10.88864615599319308, 209.3382577703485765 ) ) ;
#5639 = CARTESIAN_POINT ( 'NONE',  ( -2.196505596501911128, -11.21755902426035512, 210.2297379681133123 ) ) ;
#5640 = CIRCLE ( 'NONE', #4379, 9.000000000000000000 ) ;
#5641 = ADVANCED_FACE ( 'NONE', ( #6511 ), #1758, .T. ) ;
#5642 = CARTESIAN_POINT ( 'NONE',  ( -2.512473258504449802, -11.02328253889470311, 210.5455137472389708 ) ) ;
#5643 = CARTESIAN_POINT ( 'NONE',  ( 1.710222135938787691, -11.49999999999999645, 211.0721691916214979 ) ) ;
#5644 = CARTESIAN_POINT ( 'NONE',  ( 1.791668028416576908, -10.79666123580662251, 0.2769428431813358293 ) ) ;
#5645 = LINE ( 'NONE', #6837, #1534 ) ;
#5646 = AXIS2_PLACEMENT_3D ( 'NONE', #2216, #7661, #1109 ) ;
#5647 = DIRECTION ( 'NONE',  ( 0.000000000000000000, -1.000000000000000000, 0.000000000000000000 ) ) ;
#5648 = B_SPLINE_CURVE_WITH_KNOTS ( 'NONE', 3,
 ( #4567, #7722, #1687, #1577, #1609, #7055, #4082 ),
 .UNSPECIFIED., .F., .F.,
 ( 4, 3, 4 ),
 ( 0.000000000000000000, 5.919362514187405822E-05, 7.031196149721235871E-05 ),
 .UNSPECIFIED. ) ;
#5649 = VERTEX_POINT ( 'NONE', #6591 ) ;
#5650 = CIRCLE ( 'NONE', #6664, 1.000000000000000000 ) ;
#5651 = CARTESIAN_POINT ( 'NONE',  ( -1.598551524589320927, -10.59774955375670658, 229.8491408380209862 ) ) ;
#5652 = DIRECTION ( 'NONE',  ( -0.7064927061111616613, -0.7064927061157074695, -0.04166668233771812779 ) ) ;
#5653 = CARTESIAN_POINT ( 'NONE',  ( -3.999999999999998224, -9.165151389911681434, 19.99999999999998934 ) ) ;
#5654 = DIRECTION ( 'NONE',  ( 0.000000000000000000, 1.000000000000000000, 0.000000000000000000 ) ) ;
#5655 = CARTESIAN_POINT ( 'NONE',  ( 1.281298544528274075, -10.26821117033763997, 229.9676922110467956 ) ) ;
#5656 = DIRECTION ( 'NONE',  ( 1.000000000000000000, 0.000000000000000000, 0.000000000000000000 ) ) ;
#5657 = ORIENTED_EDGE ( 'NONE', *, *, #3908, .F. ) ;
#5658 = CARTESIAN_POINT ( 'NONE',  ( 1.598551524593046835, -10.59774955375169192, 0.1508591619779781901 ) ) ;
#5659 = EDGE_CURVE ( 'NONE', #5052, #4748, #5990, .T. ) ;
#5660 = B_SPLINE_CURVE_WITH_KNOTS ( 'NONE', 3,
 ( #1808, #7132, #6465, #7172, #4205, #5356, #7764, #7806, #1215, #1767, #470, #2870, #2319, #2242, #7651, #3615 ),
 .UNSPECIFIED., .F., .F.,
 ( 4, 2, 2, 2, 2, 2, 2, 4 ),
 ( 6.505213034913026604E-19, 0.0003450380325079498221, 0.0006900760650158989937, 0.001035114097523848111, 0.001380152130031797337, 0.002070228195047697090, 0.002415266227555648050, 0.002760304260063599878 ),
 .UNSPECIFIED. ) ;
#5661 = ORIENTED_EDGE ( 'NONE', *, *, #2686, .F. ) ;
#5662 = CARTESIAN_POINT ( 'NONE',  ( 1.193143846874704872, -10.11260317855240309, 229.9897994749083239 ) ) ;
#5663 = CARTESIAN_POINT ( 'NONE',  ( -2.902633791814772213, -10.98154730348491981, 210.8643953727779206 ) ) ;
#5664 = CARTESIAN_POINT ( 'NONE',  ( 2.452080147221047390, -11.04720545546155996, 210.5045593249157889 ) ) ;
#5665 = FACE_OUTER_BOUND ( 'NONE', #6728, .T. ) ;
#5666 = DIRECTION ( 'NONE',  ( -0.000000000000000000, -0.000000000000000000, 1.000000000000000000 ) ) ;
#5667 = CARTESIAN_POINT ( 'NONE',  ( 2.693170009368717643, -7.787436597137065597, 209.2623966522398860 ) ) ;
#5668 = CARTESIAN_POINT ( 'NONE',  ( 2.265619726126445244, -11.15606762094483884, 19.68567836894330370 ) ) ;
#5669 = AXIS2_PLACEMENT_3D ( 'NONE', #2196, #6418, #6529 ) ;
#5670 = ORIENTED_EDGE ( 'NONE', *, *, #2367, .F. ) ;
#5671 = CARTESIAN_POINT ( 'NONE',  ( 2.228157253167488694, -11.20774487060673863, 210.4096185461022515 ) ) ;
#5672 = FACE_OUTER_BOUND ( 'NONE', #541, .T. ) ;
#5673 = CARTESIAN_POINT ( 'NONE',  ( -2.499999999999998224, -9.165151389911681434, 21.49999999999998934 ) ) ;
#5674 = CARTESIAN_POINT ( 'NONE',  ( -2.900242309909622840, -10.98416488702064342, 210.8685243562084395 ) ) ;
#5675 = DIRECTION ( 'NONE',  ( 0.000000000000000000, -1.000000000000000000, 0.000000000000000000 ) ) ;
#5676 = EDGE_LOOP ( 'NONE', ( #5636, #2807, #3746, #5614, #6595, #5218 ) ) ;
#5677 =( NAMED_UNIT ( * ) SI_UNIT ( $, .STERADIAN. ) SOLID_ANGLE_UNIT ( ) );
#5678 = ORIENTED_EDGE ( 'NONE', *, *, #50, .T. ) ;
#5679 = VERTEX_POINT ( 'NONE', #5441 ) ;
#5680 = CARTESIAN_POINT ( 'NONE',  ( 1.084140630924449678, -9.985798159998729773, 0.0006232039515835992608 ) ) ;
#5681 = CARTESIAN_POINT ( 'NONE',  ( -2.252806598382959713, -11.21692339346800793, 210.5354568291218698 ) ) ;
#5682 = CIRCLE ( 'NONE', #6568, 1.000000000000000000 ) ;
#5683 = FACE_OUTER_BOUND ( 'NONE', #7480, .T. ) ;
#5684 = CARTESIAN_POINT ( 'NONE',  ( -2.233316368716244948, -11.21345172887054353, 210.4563857859513973 ) ) ;
#5685 = CARTESIAN_POINT ( 'NONE',  ( -2.229540283021990810, -11.19185685178511847, 19.66375294767422233 ) ) ;
#5686 = CARTESIAN_POINT ( 'NONE',  ( 25.00000000000000000, 20.99999999999999645, 18.49999999999998934 ) ) ;
#5687 = EDGE_CURVE ( 'NONE', #5906, #5737, #2382, .T. ) ;
#5688 = ORIENTED_EDGE ( 'NONE', *, *, #2934, .F. ) ;
#5689 = CARTESIAN_POINT ( 'NONE',  ( -1.713558445902470861, -11.37516321770728922, 229.1079182567766566 ) ) ;
#5690 = LINE ( 'NONE', #6333, #713 ) ;
#5691 = CYLINDRICAL_SURFACE ( 'NONE', #6919, 1.500000000000001332 ) ;
#5692 = CARTESIAN_POINT ( 'NONE',  ( -2.225279481618483324, -11.22547786957756877, 0.8744920977617450797 ) ) ;
#5693 = CARTESIAN_POINT ( 'NONE',  ( 1.782675904890648866, -11.50000000000000178, 18.71962866175266882 ) ) ;
#5694 = CARTESIAN_POINT ( 'NONE',  ( -0.9999999999999981126, -9.949874371066199430, 0.000000000000000000 ) ) ;
#5695 = EDGE_LOOP ( 'NONE', ( #642, #2776 ) ) ;
#5696 = CARTESIAN_POINT ( 'NONE',  ( 1.281247383094613168, -10.26838872578197837, 0.03232436545835970509 ) ) ;
#5697 = EDGE_LOOP ( 'NONE', ( #1936, #6316, #1991, #5231 ) ) ;
#5698 = CARTESIAN_POINT ( 'NONE',  ( -1.710222135938177956, -11.50000000000000000, 211.0721691916199632 ) ) ;
#5699 = CARTESIAN_POINT ( 'NONE',  ( -2.904428100941112145, -10.97972000652661251, 210.8616073560044981 ) ) ;
#5700 = CARTESIAN_POINT ( 'NONE',  ( 2.772572390593015523, -10.97071049707442825, 210.7576645755688958 ) ) ;
#5701 = DIRECTION ( 'NONE',  ( -0.000000000000000000, -0.000000000000000000, 1.000000000000000000 ) ) ;
#5702 = CARTESIAN_POINT ( 'NONE',  ( -16.66532048819021838, 6.010389983400267866, 18.49999999999998934 ) ) ;
#5703 = CARTESIAN_POINT ( 'NONE',  ( 3.214285714285711748, 6.776309271789386024, 230.0000000000000000 ) ) ;
#5704 = ORIENTED_EDGE ( 'NONE', *, *, #1191, .T. ) ;
#5705 = AXIS2_PLACEMENT_3D ( 'NONE', #5786, #7045, #384 ) ;
#5706 = CARTESIAN_POINT ( 'NONE',  ( -1.743150795860750613, -11.41740562985411955, 0.9946040727548219884 ) ) ;
#5707 = AXIS2_PLACEMENT_3D ( 'NONE', #2563, #4883, #7297 ) ;
#5708 = DIRECTION ( 'NONE',  ( 0.000000000000000000, 0.000000000000000000, 1.000000000000000000 ) ) ;
#5709 = CARTESIAN_POINT ( 'NONE',  ( 3.539063869525192363, -7.458644746354126553, 209.8059408579375145 ) ) ;
#5710 = AXIS2_PLACEMENT_3D ( 'NONE', #5278, #7685, #3531 ) ;
#5711 = DIRECTION ( 'NONE',  ( 0.000000000000000000, -1.000000000000000000, 0.000000000000000000 ) ) ;
#5712 = LINE ( 'NONE', #2132, #3790 ) ;
#5713 = VECTOR ( 'NONE', #7140, 1000.000000000000000 ) ;
#5714 = VERTEX_POINT ( 'NONE', #4174 ) ;
#5715 = ADVANCED_FACE ( 'NONE', ( #4685 ), #1005, .T. ) ;
#5716 = CARTESIAN_POINT ( 'NONE',  ( -2.754137740685485447, -11.00711757468717700, 210.8173195261103388 ) ) ;
#5717 = ORIENTED_EDGE ( 'NONE', *, *, #6308, .F. ) ;
#5718 = ORIENTED_EDGE ( 'NONE', *, *, #5007, .T. ) ;
#5719 = DIRECTION ( 'NONE',  ( 0.000000000000000000, -1.000000000000000000, 0.000000000000000000 ) ) ;
#5720 = CARTESIAN_POINT ( 'NONE',  ( -2.242062929764959023, -11.17385382823994711, 210.2854744588524909 ) ) ;
#5721 = EDGE_CURVE ( 'NONE', #5124, #2330, #3008, .T. ) ;
#5722 = CARTESIAN_POINT ( 'NONE',  ( -2.782971118821111478, -11.00133268483611459, 210.8281147425769291 ) ) ;
#5723 = EDGE_CURVE ( 'NONE', #630, #6094, #730, .T. ) ;
#5724 = CARTESIAN_POINT ( 'NONE',  ( 23.50000000000000000, 20.99999999999999645, 211.5000000000000284 ) ) ;
#5725 = DIRECTION ( 'NONE',  ( -0.000000000000000000, -0.000000000000000000, 1.000000000000000000 ) ) ;
#5726 = ADVANCED_FACE ( 'NONE', ( #1736 ), #5364, .T. ) ;
#5727 = CARTESIAN_POINT ( 'NONE',  ( -2.195689039638477613, -11.21834371567171651, 19.77203523174188504 ) ) ;
#5728 = DIRECTION ( 'NONE',  ( 1.000000000000000000, 0.000000000000000000, 0.000000000000000000 ) ) ;
#5729 = VERTEX_POINT ( 'NONE', #6627 ) ;
#5730 = CARTESIAN_POINT ( 'NONE',  ( -1.404270180913813171, -10.85016016966345020, 229.7475949505400763 ) ) ;
#5731 = CARTESIAN_POINT ( 'NONE',  ( -1.499999999999997335, -11.50000000000000000, 230.0000000000000000 ) ) ;
#5732 = EDGE_CURVE ( 'NONE', #4999, #5234, #5009, .T. ) ;
#5733 = DIRECTION ( 'NONE',  ( 0.000000000000000000, 0.000000000000000000, 1.000000000000000000 ) ) ;
#5734 = EDGE_CURVE ( 'NONE', #3205, #5216, #7355, .T. ) ;
#5735 = FACE_OUTER_BOUND ( 'NONE', #2361, .T. ) ;
#5736 = CARTESIAN_POINT ( 'NONE',  ( -1.120722134059438435, -10.00775315809230470, 229.9983512667958792 ) ) ;
#5737 = VERTEX_POINT ( 'NONE', #7340 ) ;
#5738 = CARTESIAN_POINT ( 'NONE',  ( 1.333757400882572997, -10.32365443778353331, 0.04625396295170424582 ) ) ;
#5739 = ORIENTED_EDGE ( 'NONE', *, *, #4175, .F. ) ;
#5740 = CARTESIAN_POINT ( 'NONE',  ( -2.727811683812284116, -7.794840114577581858, 20.69895041104946642 ) ) ;
#5741 = ADVANCED_FACE ( 'NONE', ( #7378 ), #7122, .F. ) ;
#5742 = CARTESIAN_POINT ( 'NONE',  ( -5.500000000000023093, 3.605551275463993566, 21.49999999999999289 ) ) ;
#5743 = CARTESIAN_POINT ( 'NONE',  ( 1.021566454688775272, -9.959110810818637916, 230.0000000000000000 ) ) ;
#5744 = DIRECTION ( 'NONE',  ( 0.000000000000000000, -1.000000000000000000, 0.000000000000000000 ) ) ;
#5745 = DIRECTION ( 'NONE',  ( 0.000000000000000000, -1.000000000000000000, 0.000000000000000000 ) ) ;
#5746 = DIRECTION ( 'NONE',  ( -0.000000000000000000, 1.000000000000000000, -0.000000000000000000 ) ) ;
#5747 = ORIENTED_EDGE ( 'NONE', *, *, #3195, .T. ) ;
#5748 = B_SPLINE_CURVE_WITH_KNOTS ( 'NONE', 3,
 ( #3892, #900, #305, #5039, #2164, #4521, #4442, #4559 ),
 .UNSPECIFIED., .F., .F.,
 ( 4, 2, 2, 4 ),
 ( 3.079692513773743523E-05, 0.0008158173475424257588, 0.001208327558744769995, 0.001600837769947114232 ),
 .UNSPECIFIED. ) ;
#5749 = AXIS2_PLACEMENT_3D ( 'NONE', #7768, #7654, #2247 ) ;
#5750 = CARTESIAN_POINT ( 'NONE',  ( -1.598865941317159534, -10.59765828125898501, 0.1508951559880740423 ) ) ;
#5751 = CIRCLE ( 'NONE', #4997, 7.716029316036113528 ) ;
#5752 = CARTESIAN_POINT ( 'NONE',  ( 2.864488381227659364, -11.02823216494219238, 19.05413426452032510 ) ) ;
#5753 = AXIS2_PLACEMENT_3D ( 'NONE', #1756, #5825, #4155 ) ;
#5754 = FACE_OUTER_BOUND ( 'NONE', #3164, .T. ) ;
#5755 = DIRECTION ( 'NONE',  ( 0.000000000000000000, 0.000000000000000000, -1.000000000000000000 ) ) ;
#5756 = ORIENTED_EDGE ( 'NONE', *, *, #485, .F. ) ;
#5757 = FILL_AREA_STYLE ('',( #354 ) ) ;
#5758 = VECTOR ( 'NONE', #3632, 1000.000000000000000 ) ;
#5759 = AXIS2_PLACEMENT_3D ( 'NONE', #4134, #2995, #4212 ) ;
#5760 = ORIENTED_EDGE ( 'NONE', *, *, #2454, .F. ) ;
#5761 = DIRECTION ( 'NONE',  ( 0.000000000000000000, 0.000000000000000000, -1.000000000000000000 ) ) ;
#5762 = CARTESIAN_POINT ( 'NONE',  ( -2.243787976001428319, -11.17325221438357197, 210.2987949107325107 ) ) ;
#5763 = EDGE_CURVE ( 'NONE', #2522, #1506, #4908, .T. ) ;
#5764 = ADVANCED_FACE ( 'NONE', ( #3081 ), #2985, .F. ) ;
#5765 = B_SPLINE_CURVE_WITH_KNOTS ( 'NONE', 3,
 ( #4984, #3296, #6289, #891 ),
 .UNSPECIFIED., .F., .F.,
 ( 4, 4 ),
 ( 2.446818559550684601E-15, 5.119540313843832900E-05 ),
 .UNSPECIFIED. ) ;
#5766 = CARTESIAN_POINT ( 'NONE',  ( -2.649291985336166277, -10.98206341339928471, 210.6542184931103918 ) ) ;
#5767 = CARTESIAN_POINT ( 'NONE',  ( -2.492237615072160128, -11.03081405674594961, 210.5285281382847131 ) ) ;
#5768 = CYLINDRICAL_SURFACE ( 'NONE', #4903, 1.500000000000000000 ) ;
#5769 = CARTESIAN_POINT ( 'NONE',  ( -2.205058150759030333, -11.21255426183435588, 19.69038816548435733 ) ) ;
#5770 = CYLINDRICAL_SURFACE ( 'NONE', #1993, 1.499999999999999556 ) ;
#5771 = VERTEX_POINT ( 'NONE', #7300 ) ;
#5772 =( BOUNDED_CURVE ( )  B_SPLINE_CURVE ( 3, ( #7153, #2851, #6562, #3441 ),
 .UNSPECIFIED., .F., .F. ) 
 B_SPLINE_CURVE_WITH_KNOTS ( ( 4, 4 ),
 ( 1.570796326794897668, 1.629704894871620402 ),
 .UNSPECIFIED. ) 
 CURVE ( )  GEOMETRIC_REPRESENTATION_ITEM ( )  RATIONAL_B_SPLINE_CURVE ( ( 1.000000000000000000, 0.9997108359569750746, 0.9997108359569750746, 1.000000000000000000 ) ) 
 REPRESENTATION_ITEM ( '' )  );
#5773 = ORIENTED_EDGE ( 'NONE', *, *, #151, .F. ) ;
#5774 = CARTESIAN_POINT ( 'NONE',  ( 2.214563790316109060, -11.20833474982361189, 210.3414936247394849 ) ) ;
#5775 = DIRECTION ( 'NONE',  ( 0.000000000000000000, -1.000000000000000000, 0.000000000000000000 ) ) ;
#5776 = CARTESIAN_POINT ( 'NONE',  ( 1.001793612209383566, -9.953117551954829167, 1.301068535268936020E-15 ) ) ;
#5777 = DIRECTION ( 'NONE',  ( 0.000000000000000000, -1.000000000000000000, 0.000000000000000000 ) ) ;
#5778 = FACE_OUTER_BOUND ( 'NONE', #2571, .T. ) ;
#5779 = ORIENTED_EDGE ( 'NONE', *, *, #3233, .T. ) ;
#5780 = CARTESIAN_POINT ( 'NONE',  ( 2.373360819905248498, -11.32704291927321272, 1.430430959639713784 ) ) ;
#5781 = AXIS2_PLACEMENT_3D ( 'NONE', #558, #3744, #3864 ) ;
#5782 = ORIENTED_EDGE ( 'NONE', *, *, #2784, .F. ) ;
#5783 = CARTESIAN_POINT ( 'NONE',  ( -2.590501838628201270, -7.765420546924169720, 20.97653823026569597 ) ) ;
#5784 = CARTESIAN_POINT ( 'NONE',  ( -2.929205102580033859, -10.96000170561312892, 210.8353027374167539 ) ) ;
#5785 = CARTESIAN_POINT ( 'NONE',  ( 3.500000000000022649, 6.324555320336759934, 20.49999999999998934 ) ) ;
#5786 = CARTESIAN_POINT ( 'NONE',  ( -23.50000000000000000, 13.72641929943638139, 210.0000000000000284 ) ) ;
#5787 = DIRECTION ( 'NONE',  ( 0.000000000000000000, 1.000000000000000000, 0.000000000000000000 ) ) ;
#5788 = CARTESIAN_POINT ( 'NONE',  ( -4.000000000000022204, 3.500000000000000000, 21.49999999999999289 ) ) ;
#5789 = ORIENTED_EDGE ( 'NONE', *, *, #3167, .F. ) ;
#5790 = AXIS2_PLACEMENT_3D ( 'NONE', #7312, #2380, #4265 ) ;
#5791 = EDGE_CURVE ( 'NONE', #2523, #1, #345, .T. ) ;
#5792 = CARTESIAN_POINT ( 'NONE',  ( 2.215465006684132820, -11.20845596659930621, 210.3474007336366469 ) ) ;
#5793 = LINE ( 'NONE', #3972, #113 ) ;
#5794 = CARTESIAN_POINT ( 'NONE',  ( -1.039283735843902656, -10.03928373584399658, 229.9997108979385985 ) ) ;
#5795 = CARTESIAN_POINT ( 'NONE',  ( 25.00000000000000000, 22.50000000000000000, 228.5000000000000000 ) ) ;
#5796 = VECTOR ( 'NONE', #2540, 1000.000000000000000 ) ;
#5797 = CARTESIAN_POINT ( 'NONE',  ( -2.827535373276834463, -11.08238608343685527, 211.0677819956129326 ) ) ;
#5798 = VERTEX_POINT ( 'NONE', #4450 ) ;
#5799 = EDGE_LOOP ( 'NONE', ( #29 ) ) ;
#5800 = FACE_OUTER_BOUND ( 'NONE', #5836, .T. ) ;
#5801 = CARTESIAN_POINT ( 'NONE',  ( -2.233421631492306325, -11.21347862627682801, 210.4569690984273507 ) ) ;
#5802 = CARTESIAN_POINT ( 'NONE',  ( -2.782826182144746863, -10.98521470247835907, 210.7930774508263880 ) ) ;
#5803 = PLANE ( 'NONE',  #1933 ) ;
#5804 = CARTESIAN_POINT ( 'NONE',  ( -4.000000000000022204, 0.000000000000000000, 21.49999999999999289 ) ) ;
#5805 = CARTESIAN_POINT ( 'NONE',  ( -2.251140114849655927, -11.21517274820130616, 19.47573352833728322 ) ) ;
#5806 = CARTESIAN_POINT ( 'NONE',  ( -2.499999999999998224, -10.49999999999999467, 208.7664948248736891 ) ) ;
#5807 = EDGE_LOOP ( 'NONE', ( #4673, #1970, #3383, #2625 ) ) ;
#5808 = VERTEX_POINT ( 'NONE', #3424 ) ;
#5809 = AXIS2_PLACEMENT_3D ( 'NONE', #3200, #7301, #833 ) ;
#5810 = CARTESIAN_POINT ( 'NONE',  ( 2.206683974288271344, -11.21111922562642249, 210.2987751104514587 ) ) ;
#5811 = DIRECTION ( 'NONE',  ( -1.965596634382723880E-15, -0.9211316617536862150, -0.3892511550591633562 ) ) ;
#5812 = CARTESIAN_POINT ( 'NONE',  ( -3.121390683617363049, -6.881822725797917428, 208.9218038077671622 ) ) ;
#5813 = AXIS2_PLACEMENT_3D ( 'NONE', #2103, #3754, #205 ) ;
#5814 =( BOUNDED_SURFACE ( )  B_SPLINE_SURFACE ( 3, 2, ( 
 ( #6995, #3399, #5806 ),
 ( #4215, #1225, #1185 ),
 ( #6630, #5992, #3123 ),
 ( #7816, #4887, #4136 ),
 ( #2371, #7777, #2958 ),
 ( #6554, #6109, #1738 ),
 ( #1780, #3582, #7260 ),
 ( #6593, #4766, #2411 ) ),
 .UNSPECIFIED., .F., .F., .F. ) 
 B_SPLINE_SURFACE_WITH_KNOTS ( ( 4, 2, 2, 4 ),
 ( 3, 3 ),
 ( 0.01723179276258986203, 0.01786246587422231358, 0.01849313898585476165, 0.01975448520911966127 ),
 ( 0.000000000000000000, 1.000000000000000000 ),
 .UNSPECIFIED. ) 
 GEOMETRIC_REPRESENTATION_ITEM ( )  RATIONAL_B_SPLINE_SURFACE ( (
 ( 1.000000000000000000, 0.7571929217049148120, 1.000000000000000000),
 ( 1.000000000000000000, 0.7735221430128783604, 1.000000000000000000),
 ( 1.000000000000000000, 0.7913514232474524457, 1.000000000000000000),
 ( 1.000000000000000000, 0.8271795864564925882, 1.000000000000000000),
 ( 1.000000000000000000, 0.8453285611684556722, 1.000000000000000000),
 ( 1.000000000000000000, 0.8957090412623626152, 1.000000000000000000),
 ( 1.000000000000000000, 0.9247751616452412060, 1.000000000000000000),
 ( 1.000000000000000000, 0.9467914302103144220, 1.000000000000000000) ) ) 
 REPRESENTATION_ITEM ( '' )  SURFACE ( )  );
#5815 = CARTESIAN_POINT ( 'NONE',  ( -1.710740623646459513, -11.50000000000000000, 18.92655506008573951 ) ) ;
#5816 = CARTESIAN_POINT ( 'NONE',  ( -25.00000000000000000, 13.72641929943638139, 210.0000000000000284 ) ) ;
#5817 = CARTESIAN_POINT ( 'NONE',  ( -2.518171092448010295, -7.112413845937663126, 21.22698553717751935 ) ) ;
#5818 = EDGE_CURVE ( 'NONE', #40, #4688, #7020, .T. ) ;
#5819 = AXIS2_PLACEMENT_3D ( 'NONE', #3481, #4744, #4271 ) ;
#5820 = DIRECTION ( 'NONE',  ( -1.000000000000000000, 0.000000000000000000, 0.000000000000000000 ) ) ;
#5821 = DIRECTION ( 'NONE',  ( -1.000000000000000000, -5.782411586589356653E-16, 0.000000000000000000 ) ) ;
#5822 = ADVANCED_FACE ( 'NONE', ( #2756 ), #600, .T. ) ;
#5823 = CYLINDRICAL_SURFACE ( 'NONE', #2815, 1.500000000000001332 ) ;
#5824 = CARTESIAN_POINT ( 'NONE',  ( -23.50000000000000000, 22.50000000000000000, 1.500000000000000000 ) ) ;
#5825 = DIRECTION ( 'NONE',  ( 0.000000000000000000, 0.000000000000000000, 1.000000000000000000 ) ) ;
#5826 = EDGE_LOOP ( 'NONE', ( #3649, #3671, #503, #4216 ) ) ;
#5827 = ADVANCED_FACE ( 'NONE', ( #7536 ), #7613, .F. ) ;
#5828 = ADVANCED_FACE ( 'NONE', ( #2173 ), #7530, .T. ) ;
#5829 = ORIENTED_EDGE ( 'NONE', *, *, #6069, .F. ) ;
#5830 = ORIENTED_EDGE ( 'NONE', *, *, #7607, .F. ) ;
#5831 = CARTESIAN_POINT ( 'NONE',  ( -2.373797591601101598, -11.32674573663179807, 1.499999999999993561 ) ) ;
#5832 = CARTESIAN_POINT ( 'NONE',  ( 2.345405229977838513, -11.34536861530280838, 18.63849904382094991 ) ) ;
#5833 = CARTESIAN_POINT ( 'NONE',  ( -1.120722134117529079, -10.00775315812904509, 0.001648733206150907425 ) ) ;
#5834 = CARTESIAN_POINT ( 'NONE',  ( -3.268375393102609383, -7.088863445509193006, 20.57107167085091604 ) ) ;
#5835 = CARTESIAN_POINT ( 'NONE',  ( 16.66532048819021838, 6.010389983400268754, 18.49999999999998934 ) ) ;
#5836 = EDGE_LOOP ( 'NONE', ( #7307, #1595, #3186, #6413 ) ) ;
#5837 = ORIENTED_EDGE ( 'NONE', *, *, #2780, .T. ) ;
#5838 = DIRECTION ( 'NONE',  ( -0.000000000000000000, -0.000000000000000000, 1.000000000000000000 ) ) ;
#5839 = DIRECTION ( 'NONE',  ( -0.7834037570454811528, -0.6215131160699866042, 0.000000000000000000 ) ) ;
#5840 = CARTESIAN_POINT ( 'NONE',  ( -2.866936029919755935, -10.98789667296236949, 210.8576765385360545 ) ) ;
#5841 = CIRCLE ( 'NONE', #4327, 1.000000000000000222 ) ;
#5842 = LINE ( 'NONE', #1069, #6846 ) ;
#5843 = ADVANCED_FACE ( 'NONE', ( #4569 ), #5463, .F. ) ;
#5844 = DIRECTION ( 'NONE',  ( 0.000000000000000000, -1.000000000000000000, 0.000000000000000000 ) ) ;
#5845 = CARTESIAN_POINT ( 'NONE',  ( -23.50000000000000000, 13.72641929943638139, 1.500000000000000000 ) ) ;
#5846 = DIRECTION ( 'NONE',  ( -2.937598842601849298E-16, 1.000000000000000000, -0.000000000000000000 ) ) ;
#5847 = ORIENTED_EDGE ( 'NONE', *, *, #6688, .F. ) ;
#5848 = ORIENTED_EDGE ( 'NONE', *, *, #3076, .F. ) ;
#5849 = FACE_OUTER_BOUND ( 'NONE', #4760, .T. ) ;
#5850 = CARTESIAN_POINT ( 'NONE',  ( 5.000000000000000000, 3.000000000000000000, 208.5000000000000284 ) ) ;
#5851 = DIRECTION ( 'NONE',  ( -1.000000000000000000, 2.081331949859378477E-16, 0.000000000000000000 ) ) ;
#5852 = FACE_BOUND ( 'NONE', #1837, .T. ) ;
#5853 = LINE ( 'NONE', #5816, #1013 ) ;
#5854 = CARTESIAN_POINT ( 'NONE',  ( -3.903614748593132955, -8.042330533761672839, 19.99999999999999645 ) ) ;
#5855 = CARTESIAN_POINT ( 'NONE',  ( -2.902495194246703214, -10.97988566544907663, 210.8608964151845271 ) ) ;
#5856 = CARTESIAN_POINT ( 'NONE',  ( 2.849868499400071808, -10.97448984394010196, 210.8219862572673549 ) ) ;
#5857 = CARTESIAN_POINT ( 'NONE',  ( 2.500000000000001332, -7.745966692414833155, 21.39988154056223379 ) ) ;
#5858 = CARTESIAN_POINT ( 'NONE',  ( 1.094885373955778007, -10.02820915718341155, 0.002467738741035062008 ) ) ;
#5859 = CARTESIAN_POINT ( 'NONE',  ( -0.000000000000000000, 13.72641929943638139, 230.0000000000000000 ) ) ;
#5860 = ORIENTED_EDGE ( 'NONE', *, *, #5568, .F. ) ;
#5861 = ORIENTED_EDGE ( 'NONE', *, *, #4416, .F. ) ;
#5862 = EDGE_CURVE ( 'NONE', #909, #909, #1980, .T. ) ;
#5863 = EDGE_LOOP ( 'NONE', ( #5281, #4156, #587, #6984 ) ) ;
#5864 = CARTESIAN_POINT ( 'NONE',  ( -1.943296475359071573, -10.57953301115461286, 229.7987538681267665 ) ) ;
#5865 = EDGE_CURVE ( 'NONE', #3205, #3268, #12, .T. ) ;
#5866 = CARTESIAN_POINT ( 'NONE',  ( 2.886277523682196922, -11.00032012805661807, 19.10495526364291408 ) ) ;
#5867 = DIRECTION ( 'NONE',  ( -1.000000000000000000, 0.000000000000000000, 0.000000000000000000 ) ) ;
#5868 = CARTESIAN_POINT ( 'NONE',  ( -3.760569011343462442, -7.752786774189807772, 20.04660340285123610 ) ) ;
#5869 = VECTOR ( 'NONE', #3282, 1000.000000000000000 ) ;
#5870 = DIRECTION ( 'NONE',  ( 0.000000000000000000, 0.000000000000000000, 1.000000000000000000 ) ) ;
#5871 = AXIS2_PLACEMENT_3D ( 'NONE', #4804, #2738, #3579 ) ;
#5872 = ORIENTED_EDGE ( 'NONE', *, *, #7113, .T. ) ;
#5873 = EDGE_CURVE ( 'NONE', #7174, #6067, #1100, .T. ) ;
#5874 = FACE_OUTER_BOUND ( 'NONE', #7560, .T. ) ;
#5875 = AXIS2_PLACEMENT_3D ( 'NONE', #7689, #6546, #5908 ) ;
#5876 = CYLINDRICAL_SURFACE ( 'NONE', #3134, 1.500000000000001332 ) ;
#5877 = CARTESIAN_POINT ( 'NONE',  ( -2.655835542597425825, -10.99972617377664541, 210.7067885547424737 ) ) ;
#5878 = CARTESIAN_POINT ( 'NONE',  ( 2.846318619155010499, -7.820137802573430719, 20.53606907545512072 ) ) ;
#5879 = DIRECTION ( 'NONE',  ( 0.000000000000000000, 1.000000000000000000, 0.000000000000000000 ) ) ;
#5880 = CARTESIAN_POINT ( 'NONE',  ( -2.790764178029161435, -10.98410335204023447, 19.19017489562130052 ) ) ;
#5881 = AXIS2_PLACEMENT_3D ( 'NONE', #6077, #3044, #562 ) ;
#5882 = CARTESIAN_POINT ( 'NONE',  ( 4.000000000000000888, -7.071067811865473729, 208.5000000000000284 ) ) ;
#5883 = VECTOR ( 'NONE', #6679, 1000.000000000000000 ) ;
#5884 = ORIENTED_EDGE ( 'NONE', *, *, #1867, .T. ) ;
#5885 = ORIENTED_EDGE ( 'NONE', *, *, #857, .F. ) ;
#5886 = CARTESIAN_POINT ( 'NONE',  ( 2.195813167134825772, -11.21822562181872485, 210.2288552263855195 ) ) ;
#5887 = CARTESIAN_POINT ( 'NONE',  ( -3.088235309840768217, -6.834676486202743817, 208.6084378223163753 ) ) ;
#5888 = DIRECTION ( 'NONE',  ( 0.000000000000000000, 0.000000000000000000, -1.000000000000000000 ) ) ;
#5889 = CARTESIAN_POINT ( 'NONE',  ( 3.146680328731493059, -12.61342153853482451, 19.99999999999998934 ) ) ;
#5890 = LINE ( 'NONE', #5191, #3724 ) ;
#5891 = AXIS2_PLACEMENT_3D ( 'NONE', #1014, #6299, #4001 ) ;
#5892 = CARTESIAN_POINT ( 'NONE',  ( -2.925390072881245640, -10.95938570857556726, 210.8320937229330525 ) ) ;
#5893 = CARTESIAN_POINT ( 'NONE',  ( 2.852240658299987963, -10.97712233456742759, 210.8285071490107043 ) ) ;
#5894 = PLANE ( 'NONE',  #5086 ) ;
#5895 = DIRECTION ( 'NONE',  ( 0.000000000000000000, -0.000000000000000000, -1.000000000000000000 ) ) ;
#5896 = LINE ( 'NONE', #7047, #4106 ) ;
#5897 = EDGE_LOOP ( 'NONE', ( #1839, #277, #1205, #3548 ) ) ;
#5898 = ORIENTED_EDGE ( 'NONE', *, *, #6266, .F. ) ;
#5899 = ORIENTED_EDGE ( 'NONE', *, *, #2846, .T. ) ;
#5900 = AXIS2_PLACEMENT_3D ( 'NONE', #6386, #1649, #5867 ) ;
#5901 = CARTESIAN_POINT ( 'NONE',  ( -0.000000000000000000, 12.22641929943638317, 228.5000000000000000 ) ) ;
#5902 = CARTESIAN_POINT ( 'NONE',  ( -1.019636185414267260, -10.01963618541427081, 229.9999999987560102 ) ) ;
#5903 = CARTESIAN_POINT ( 'NONE',  ( 2.913626296283085448, -10.97007306887192613, 19.15299543975768159 ) ) ;
#5904 = DIRECTION ( 'NONE',  ( -0.000000000000000000, 1.000000000000000000, -0.000000000000000000 ) ) ;
#5905 = AXIS2_PLACEMENT_3D ( 'NONE', #6615, #6537, #4753 ) ;
#5906 = VERTEX_POINT ( 'NONE', #4085 ) ;
#5907 = AXIS2_PLACEMENT_3D ( 'NONE', #7693, #7814, #6030 ) ;
#5908 = DIRECTION ( 'NONE',  ( 1.000000000000000000, 0.000000000000000000, 0.000000000000000000 ) ) ;
#5909 = FACE_OUTER_BOUND ( 'NONE', #2036, .T. ) ;
#5910 = VECTOR ( 'NONE', #2564, 1000.000000000000000 ) ;
#5911 = CARTESIAN_POINT ( 'NONE',  ( 2.195747752549987553, -11.21828673585033265, 19.77160966171713952 ) ) ;
#5912 = CARTESIAN_POINT ( 'NONE',  ( 3.141262284149961115, -6.910011285156371308, 20.97653823008045748 ) ) ;
#5913 = CARTESIAN_POINT ( 'NONE',  ( 2.373797591601149559, -11.32674573663176787, 228.4999999999999716 ) ) ;
#5914 = FACE_OUTER_BOUND ( 'NONE', #3786, .T. ) ;
#5915 = EDGE_CURVE ( 'NONE', #3808, #1580, #2360, .T. ) ;
#5916 = CARTESIAN_POINT ( 'NONE',  ( -2.913626296284714368, -10.97007306887226008, 19.15299543975615393 ) ) ;
#5917 = FACE_OUTER_BOUND ( 'NONE', #2682, .T. ) ;
#5918 = VERTEX_POINT ( 'NONE', #547 ) ;
#5919 = VERTEX_POINT ( 'NONE', #3493 ) ;
#5920 = CARTESIAN_POINT ( 'NONE',  ( 0.000000000000000000, 0.000000000000000000, 210.0000000000000284 ) ) ;
#5921 = CARTESIAN_POINT ( 'NONE',  ( 2.253156477556339965, -11.21369840482242886, 210.5254854225230474 ) ) ;
#5922 = CARTESIAN_POINT ( 'NONE',  ( -2.275773492149870236, -11.14159002022091549, 20.06613485705110023 ) ) ;
#5923 = DIRECTION ( 'NONE',  ( -0.000000000000000000, 1.000000000000000000, -0.000000000000000000 ) ) ;
#5924 = CARTESIAN_POINT ( 'NONE',  ( -3.286745099706104067, -10.69747016164098419, 210.5710025107349850 ) ) ;
#5925 = EDGE_CURVE ( 'NONE', #5167, #7283, #5005, .T. ) ;
#5926 = CARTESIAN_POINT ( 'NONE',  ( 2.368117160904315899, -11.32279002150275460, 1.360119201091062102 ) ) ;
#5927 = FACE_OUTER_BOUND ( 'NONE', #5676, .T. ) ;
#5928 = CARTESIAN_POINT ( 'NONE',  ( 2.346017078721253313, -11.23234120970221639, 210.8178606344901880 ) ) ;
#5929 = PRESENTATION_LAYER_ASSIGNMENT (  '', '', ( #3037 ) ) ;
#5930 = CARTESIAN_POINT ( 'NONE',  ( -1.178959692631758704, -10.04475529902465958, 0.003678398040546590215 ) ) ;
#5931 = LINE ( 'NONE', #7675, #5959 ) ;
#5932 = CARTESIAN_POINT ( 'NONE',  ( -1.710406470483047503, -11.50000000000000000, 211.0726096269811478 ) ) ;
#5933 = CYLINDRICAL_SURFACE ( 'NONE', #1598, 1.500000000000000000 ) ;
#5934 = ORIENTED_EDGE ( 'NONE', *, *, #6202, .T. ) ;
#5935 = AXIS2_PLACEMENT_3D ( 'NONE', #735, #6287, #211 ) ;
#5936 = EDGE_LOOP ( 'NONE', ( #698, #1364, #3478, #279 ) ) ;
#5937 = EDGE_LOOP ( 'NONE', ( #6272, #1091, #4769, #4642 ) ) ;
#5938 = CARTESIAN_POINT ( 'NONE',  ( 2.240222097052840144, -11.20975242384514914, 210.4666327433238280 ) ) ;
#5939 = CARTESIAN_POINT ( 'NONE',  ( 23.50000000000000000, 13.72641929943638139, 228.5000000000000000 ) ) ;
#5940 = CARTESIAN_POINT ( 'NONE',  ( 2.452004511357599892, -11.04719251479443720, 210.5043051649738288 ) ) ;
#5941 = CARTESIAN_POINT ( 'NONE',  ( 2.913626296283085448, -10.97007306887192613, 19.15299543975768159 ) ) ;
#5942 = CARTESIAN_POINT ( 'NONE',  ( 2.225744918472482681, -11.20753030997865096, 19.60276180937713875 ) ) ;
#5943 = EDGE_LOOP ( 'NONE', ( #6296, #1810, #4249 ) ) ;
#5944 = ORIENTED_EDGE ( 'NONE', *, *, #3211, .F. ) ;
#5945 = CARTESIAN_POINT ( 'NONE',  ( -2.999999999999996891, 6.324555320336759934, 209.5000000000000284 ) ) ;
#5946 = DIRECTION ( 'NONE',  ( 0.9406916296478006201, -0.3392628153962133353, 0.000000000000000000 ) ) ;
#5947 = CARTESIAN_POINT ( 'NONE',  ( -16.66532048819021838, 12.22641929943638317, 1.500000000000001332 ) ) ;
#5948 = CARTESIAN_POINT ( 'NONE',  ( 1.835853263812239344, -11.18254491971880427, 229.4467243276930617 ) ) ;
#5949 = CARTESIAN_POINT ( 'NONE',  ( 2.999999999999996891, 6.324555320336759934, 210.0000000000000284 ) ) ;
#5950 = EDGE_CURVE ( 'NONE', #1384, #1418, #5660, .T. ) ;
#5951 = CARTESIAN_POINT ( 'NONE',  ( -4.000000000000000000, 3.500000000000000000, 209.5000000000000284 ) ) ;
#5952 = CARTESIAN_POINT ( 'NONE',  ( -2.493454962089324489, -11.06543455850778201, 19.35508429965771526 ) ) ;
#5953 = DIRECTION ( 'NONE',  ( 0.000000000000000000, 0.000000000000000000, -1.000000000000000000 ) ) ;
#5954 = ORIENTED_EDGE ( 'NONE', *, *, #5248, .F. ) ;
#5955 = ORIENTED_EDGE ( 'NONE', *, *, #6202, .F. ) ;
#5956 = DIRECTION ( 'NONE',  ( 1.000000000000000000, 0.000000000000000000, 0.000000000000000000 ) ) ;
#5957 = EDGE_CURVE ( 'NONE', #3185, #2175, #6021, .T. ) ;
#5958 = EDGE_CURVE ( 'NONE', #7423, #1074, #629, .T. ) ;
#5959 = VECTOR ( 'NONE', #7161, 1000.000000000000000 ) ;
#5960 = CARTESIAN_POINT ( 'NONE',  ( 2.198189508506092071, -11.21594285365962129, 210.2315119983151419 ) ) ;
#5961 = ADVANCED_FACE ( 'NONE', ( #4164 ), #7091, .T. ) ;
#5962 = AXIS2_PLACEMENT_3D ( 'NONE', #3819, #6226, #3232 ) ;
#5963 = CARTESIAN_POINT ( 'NONE',  ( -2.633541991906808377, -10.34360516249757289, 19.94766482792012852 ) ) ;
#5964 = DIRECTION ( 'NONE',  ( -1.000000000000000000, 0.000000000000000000, 1.209741371404878502E-16 ) ) ;
#5965 = CYLINDRICAL_SURFACE ( 'NONE', #1628, 1.000000000000000000 ) ;
#5966 = CARTESIAN_POINT ( 'NONE',  ( -1.022731921350435558, -10.00757730711681148, 229.9998708121563595 ) ) ;
#5967 = EDGE_CURVE ( 'NONE', #3565, #2826, #6129, .T. ) ;
#5968 = CARTESIAN_POINT ( 'NONE',  ( -9.406916296478003758, 3.392628153962137016, 18.49999999999998934 ) ) ;
#5969 = CARTESIAN_POINT ( 'NONE',  ( 1.811221830515602482, -11.50000000000000000, 211.5000000000000284 ) ) ;
#5970 = CARTESIAN_POINT ( 'NONE',  ( 2.257683155748930748, -11.21345877321960494, 19.46136832324252453 ) ) ;
#5971 = FACE_OUTER_BOUND ( 'NONE', #4453, .T. ) ;
#5972 = DIRECTION ( 'NONE',  ( 1.000000000000000000, 0.000000000000000000, 0.000000000000000000 ) ) ;
#5973 = CARTESIAN_POINT ( 'NONE',  ( -2.409505685637329364, -10.91736003626509088, 210.2627234513108192 ) ) ;
#5974 = FACE_OUTER_BOUND ( 'NONE', #6933, .T. ) ;
#5975 = EDGE_LOOP ( 'NONE', ( #5739, #80, #580, #5678, #7335, #561 ) ) ;
#5976 = ORIENTED_EDGE ( 'NONE', *, *, #1906, .F. ) ;
#5977 = ORIENTED_EDGE ( 'NONE', *, *, #7705, .F. ) ;
#5978 = CARTESIAN_POINT ( 'NONE',  ( -1.290383495402942726, -10.19598385681034891, 229.9752748125527262 ) ) ;
#5979 = EDGE_CURVE ( 'NONE', #7238, #1074, #2617, .T. ) ;
#5980 = DIRECTION ( 'NONE',  ( -1.000000000000000000, -0.000000000000000000, -0.000000000000000000 ) ) ;
#5981 = CARTESIAN_POINT ( 'NONE',  ( 2.397206423699543620, -11.07409907269705585, 210.4599140634867069 ) ) ;
#5982 = DIRECTION ( 'NONE',  ( 0.000000000000000000, 0.000000000000000000, 1.000000000000000000 ) ) ;
#5983 = CARTESIAN_POINT ( 'NONE',  ( 16.66532048819021838, 12.22641929943638495, 210.0000000000000284 ) ) ;
#5984 = ORIENTED_EDGE ( 'NONE', *, *, #2924, .T. ) ;
#5985 = CARTESIAN_POINT ( 'NONE',  ( 2.559338490874652816, -10.80910940517522967, 19.61759661710049940 ) ) ;
#5986 = DIRECTION ( 'NONE',  ( -1.000000000000000000, -2.937598842601848805E-16, 0.000000000000000000 ) ) ;
#5987 = CARTESIAN_POINT ( 'NONE',  ( 2.258266280134045179, -11.21683248773194741, 19.44846965430593144 ) ) ;
#5988 = CYLINDRICAL_SURFACE ( 'NONE', #3328, 1.500000000000000000 ) ;
#5989 = CARTESIAN_POINT ( 'NONE',  ( -25.00000000000000000, 20.99999999999999645, 18.49999999999998934 ) ) ;
#5990 = LINE ( 'NONE', #2878, #5534 ) ;
#5991 = CARTESIAN_POINT ( 'NONE',  ( -2.770003626753071657, -10.96471434704168324, 19.23994898984905078 ) ) ;
#5992 = CARTESIAN_POINT ( 'NONE',  ( -2.574936408209102190, -10.09743044520246968, 209.9611106480872138 ) ) ;
#5993 = VERTEX_POINT ( 'NONE', #4679 ) ;
#5994 = EDGE_CURVE ( 'NONE', #1246, #3297, #6515, .T. ) ;
#5995 = ORIENTED_EDGE ( 'NONE', *, *, #6143, .T. ) ;
#5996 = CARTESIAN_POINT ( 'NONE',  ( 1.069081112404491440, -10.04871286603753688, 0.001839368958846988866 ) ) ;
#5997 = CARTESIAN_POINT ( 'NONE',  ( 2.261542160658365219, -11.21910831498888328, 210.5688174996597866 ) ) ;
#5998 = DIRECTION ( 'NONE',  ( 1.000000000000000000, 0.000000000000000000, 0.000000000000000000 ) ) ;
#5999 = CIRCLE ( 'NONE', #2731, 0.9999999999999995559 ) ;
#6000 = CARTESIAN_POINT ( 'NONE',  ( 1.085574494100749909, -9.986409417802414978, 229.9993595181175579 ) ) ;
#6001 = TOROIDAL_SURFACE ( 'NONE', #3606, 1.000000000000000000, 0.5000000000000000000 ) ;
#6002 = DIRECTION ( 'NONE',  ( 1.000000000000000000, 0.000000000000000000, -0.000000000000000000 ) ) ;
#6003 = AXIS2_PLACEMENT_3D ( 'NONE', #1689, #6501, #513 ) ;
#6004 = CARTESIAN_POINT ( 'NONE',  ( -2.549432087467959462, -11.21644525695507255, 18.62344292621121156 ) ) ;
#6005 = CARTESIAN_POINT ( 'NONE',  ( -16.66532048819021838, 12.22641929943638317, 10.89401989750542299 ) ) ;
#6006 = CARTESIAN_POINT ( 'NONE',  ( 2.283537259236739114, -11.19862387539931348, 19.43217733554530824 ) ) ;
#6007 = CARTESIAN_POINT ( 'NONE',  ( -2.125146806606201810, -10.70546656913908556, 0.2950108737698351469 ) ) ;
#6008 = CARTESIAN_POINT ( 'NONE',  ( 3.146680328731521481, -12.61342153853481918, 210.0000000000000284 ) ) ;
#6009 = CARTESIAN_POINT ( 'NONE',  ( 1.058049245174143227, -10.03574390897613000, 0.001151369751851797144 ) ) ;
#6010 = CARTESIAN_POINT ( 'NONE',  ( -2.767948781108505507, -11.14744740688452396, 1.265903284171461474 ) ) ;
#6011 = ORIENTED_EDGE ( 'NONE', *, *, #4663, .T. ) ;
#6012 = ORIENTED_EDGE ( 'NONE', *, *, #4319, .T. ) ;
#6013 = EDGE_LOOP ( 'NONE', ( #4811, #5704, #6711, #6012 ) ) ;
#6014 = CARTESIAN_POINT ( 'NONE',  ( -2.692587441407889859, -11.09614310399305381, 228.9988150228256814 ) ) ;
#6015 = VECTOR ( 'NONE', #2277, 1000.000000000000000 ) ;
#6016 = CARTESIAN_POINT ( 'NONE',  ( -2.345405229801943658, -11.34536861541393016, 1.500000000000001332 ) ) ;
#6017 = CARTESIAN_POINT ( 'NONE',  ( 2.286475396273539129, -11.20071837533174808, 210.5826364288350590 ) ) ;
#6018 = AXIS2_PLACEMENT_3D ( 'NONE', #1073, #2768, #3509 ) ;
#6019 = CARTESIAN_POINT ( 'NONE',  ( -1.019636185413472784, -10.01963618541343415, 1.238542352721404022E-09 ) ) ;
#6020 = CARTESIAN_POINT ( 'NONE',  ( 2.452649916763764981, -11.04730570904842324, 19.49351890360327388 ) ) ;
#6021 = LINE ( 'NONE', #5983, #3612 ) ;
#6022 = B_SPLINE_CURVE_WITH_KNOTS ( 'NONE', 3,
 ( #290, #6765, #2070, #4349, #175, #2545, #4982, #1480 ),
 .UNSPECIFIED., .F., .F.,
 ( 4, 2, 2, 4 ),
 ( 0.000000000000000000, 0.0003515712841438143384, 0.0005273569262157217245, 0.0007031425682876290021 ),
 .UNSPECIFIED. ) ;
#6023 = ADVANCED_FACE ( 'NONE', ( #4324 ), #1355, .F. ) ;
#6024 = ORIENTED_EDGE ( 'NONE', *, *, #229, .F. ) ;
#6025 = CARTESIAN_POINT ( 'NONE',  ( 2.436102198509461747, -10.85801762941284565, 20.72110517223292803 ) ) ;
#6026 = CARTESIAN_POINT ( 'NONE',  ( 1.340477770238348132, -10.15794089930344768, 229.9803720210765903 ) ) ;
#6027 = CARTESIAN_POINT ( 'NONE',  ( -2.455495362333409926, -11.09849430241547097, 19.33396506194116427 ) ) ;
#6028 = CARTESIAN_POINT ( 'NONE',  ( 1.743150795860791469, -11.41740562985392771, 229.0053959272458144 ) ) ;
#6029 = DIRECTION ( 'NONE',  ( 1.000000000000000000, 0.000000000000000000, -0.000000000000000000 ) ) ;
#6030 = DIRECTION ( 'NONE',  ( 0.000000000000000000, 0.3892511550591639113, -0.9211316617536858820 ) ) ;
#6031 = CARTESIAN_POINT ( 'NONE',  ( -2.318859093518140568, -11.12197450813042110, 19.61034340403096010 ) ) ;
#6032 = CARTESIAN_POINT ( 'NONE',  ( -1.064573262633422779, -9.977462227845519394, 229.9996124531585053 ) ) ;
#6033 = VECTOR ( 'NONE', #4056, 1000.000000000000000 ) ;
#6034 = ORIENTED_EDGE ( 'NONE', *, *, #1313, .T. ) ;
#6035 = ORIENTED_EDGE ( 'NONE', *, *, #1448, .F. ) ;
#6036 = B_SPLINE_CURVE_WITH_KNOTS ( 'NONE', 3,
 ( #4203, #4877, #706, #4363, #4836, #1333, #6180, #7246 ),
 .UNSPECIFIED., .F., .F.,
 ( 4, 2, 2, 4 ),
 ( 3.079692509555314803E-05, 0.0008158173475214077408, 0.001208327558734337151, 0.001600837769947266453 ),
 .UNSPECIFIED. ) ;
#6037 = CARTESIAN_POINT ( 'NONE',  ( 0.000000000000000000, 13.72641929943638139, 211.5000000000000284 ) ) ;
#6038 = CARTESIAN_POINT ( 'NONE',  ( -2.505398016343779677, -11.08328540487770297, 210.7097533337505695 ) ) ;
#6039 = CARTESIAN_POINT ( 'NONE',  ( 2.244200094043680149, -11.20691410971066837, 210.4716204239499007 ) ) ;
#6040 = CARTESIAN_POINT ( 'NONE',  ( 2.423611912256936396, -10.88864615599297281, 20.66174222965185336 ) ) ;
#6041 = AXIS2_PLACEMENT_3D ( 'NONE', #3929, #5895, #1123 ) ;
#6042 = DIRECTION ( 'NONE',  ( 0.000000000000000000, 1.000000000000000000, 0.000000000000000000 ) ) ;
#6043 = CARTESIAN_POINT ( 'NONE',  ( 1.069081112404491440, -10.04871286603753688, 0.001839368958846988866 ) ) ;
#6044 = DIRECTION ( 'NONE',  ( -0.000000000000000000, -1.000000000000000000, -0.000000000000000000 ) ) ;
#6045 = CARTESIAN_POINT ( 'NONE',  ( -2.254200175167690112, -11.21508719369148643, 19.46654302064891695 ) ) ;
#6046 = CARTESIAN_POINT ( 'NONE',  ( 2.371978146481297234, -11.04046570377630765, 210.4297937857480179 ) ) ;
#6047 = CARTESIAN_POINT ( 'NONE',  ( 2.198844193183022711, -11.21552647919494561, 19.75417378010713421 ) ) ;
#6048 = CARTESIAN_POINT ( 'NONE',  ( -2.256618343607725397, -10.99012190796669941, 0.6172586736583755007 ) ) ;
#6049 = CARTESIAN_POINT ( 'NONE',  ( -1.028332120927747617, -9.962004558699918633, 4.389459035851281811E-05 ) ) ;
#6050 = CARTESIAN_POINT ( 'NONE',  ( 2.405598452019128697, -11.10638156414902689, 0.8625673777389478714 ) ) ;
#6051 = CARTESIAN_POINT ( 'NONE',  ( -1.218708463367200956, -10.07000998971038186, 0.005063686860284376257 ) ) ;
#6052 = ORIENTED_EDGE ( 'NONE', *, *, #3407, .T. ) ;
#6053 = ORIENTED_EDGE ( 'NONE', *, *, #4463, .T. ) ;
#6054 = ORIENTED_EDGE ( 'NONE', *, *, #1149, .T. ) ;
#6055 = AXIS2_PLACEMENT_3D ( 'NONE', #5261, #375, #1009 ) ;
#6056 = FACE_OUTER_BOUND ( 'NONE', #3348, .T. ) ;
#6057 = ADVANCED_FACE ( 'NONE', ( #4923 ), #6738, .T. ) ;
#6058 = CARTESIAN_POINT ( 'NONE',  ( 1.039283735842324585, -10.03928373584238365, 229.9997108979382858 ) ) ;
#6059 = CARTESIAN_POINT ( 'NONE',  ( 2.272922637249379374, -11.15355171554563718, 210.3512765671184184 ) ) ;
#6060 = EDGE_CURVE ( 'NONE', #4672, #3977, #7778, .T. ) ;
#6061 = FACE_OUTER_BOUND ( 'NONE', #2648, .T. ) ;
#6062 = CARTESIAN_POINT ( 'NONE',  ( 2.315015509067453792, -11.12226316067268783, 19.63197167147563960 ) ) ;
#6063 = DIRECTION ( 'NONE',  ( 0.000000000000000000, 0.000000000000000000, 1.000000000000000000 ) ) ;
#6064 = ADVANCED_FACE ( 'NONE', ( #6700 ), #1926, .F. ) ;
#6065 = ORIENTED_EDGE ( 'NONE', *, *, #6730, .F. ) ;
#6066 = AXIS2_PLACEMENT_3D ( 'NONE', #2806, #5215, #524 ) ;
#6067 = VERTEX_POINT ( 'NONE', #2438 ) ;
#6068 = CARTESIAN_POINT ( 'NONE',  ( 3.088235294117648522, -6.834676493307204836, 208.5000000000000284 ) ) ;
#6069 = EDGE_CURVE ( 'NONE', #1247, #7779, #6262, .T. ) ;
#6070 = CARTESIAN_POINT ( 'NONE',  ( -1.238263779734032566, -10.53628830767469893, 0.09620181693344541374 ) ) ;
#6071 = PLANE ( 'NONE',  #2887 ) ;
#6072 = CARTESIAN_POINT ( 'NONE',  ( -2.337889891679544085, -11.06067791604934669, 20.29039371450064522 ) ) ;
#6073 = CARTESIAN_POINT ( 'NONE',  ( 4.000000000000000888, -8.062257748298547355, 19.99999999999998934 ) ) ;
#6074 = DIRECTION ( 'NONE',  ( 0.000000000000000000, 0.000000000000000000, 1.000000000000000000 ) ) ;
#6075 = ORIENTED_EDGE ( 'NONE', *, *, #3533, .T. ) ;
#6076 = ORIENTED_EDGE ( 'NONE', *, *, #4797, .T. ) ;
#6077 = CARTESIAN_POINT ( 'NONE',  ( 0.000000000000000000, 13.72641929943638139, 18.49999999999998934 ) ) ;
#6078 = CARTESIAN_POINT ( 'NONE',  ( -2.453391430498490067, -11.10638247533960943, 210.6833205943608505 ) ) ;
#6079 = EDGE_CURVE ( 'NONE', #6067, #2522, #7730, .T. ) ;
#6080 = DIRECTION ( 'NONE',  ( -0.000000000000000000, 1.000000000000000000, 0.000000000000000000 ) ) ;
#6081 = PLANE ( 'NONE',  #2227 ) ;
#6082 = DIRECTION ( 'NONE',  ( 1.000000000000000000, -0.000000000000000000, 0.000000000000000000 ) ) ;
#6083 = DIRECTION ( 'NONE',  ( -0.000000000000000000, 0.000000000000000000, 1.000000000000000000 ) ) ;
#6084 = AXIS2_PLACEMENT_3D ( 'NONE', #3355, #4538, #1550 ) ;
#6085 = CARTESIAN_POINT ( 'NONE',  ( -2.345405229801972524, -11.34536861541393726, 18.49999999999998934 ) ) ;
#6086 = CARTESIAN_POINT ( 'NONE',  ( 1.811221832088759420, -11.50000000000000000, 211.4454247552205004 ) ) ;
#6087 = CARTESIAN_POINT ( 'NONE',  ( 2.208127293415697689, -11.20893427093573536, 19.70775698013556720 ) ) ;
#6088 = AXIS2_PLACEMENT_3D ( 'NONE', #3917, #4029, #5183 ) ;
#6089 = CARTESIAN_POINT ( 'NONE',  ( -1.233160953795462644, -10.08305420412600029, 0.007693432031713698556 ) ) ;
#6090 = CARTESIAN_POINT ( 'NONE',  ( -1.006813884162471640, -9.952793203755424756, 3.215070214320346257E-06 ) ) ;
#6091 = CARTESIAN_POINT ( 'NONE',  ( 1.571497585522797280, -10.43388446807971093, 0.1009024825029466027 ) ) ;
#6092 = AXIS2_PLACEMENT_3D ( 'NONE', #2388, #4153, #5383 ) ;
#6093 = ORIENTED_EDGE ( 'NONE', *, *, #7568, .T. ) ;
#6094 = VERTEX_POINT ( 'NONE', #7248 ) ;
#6095 = ORIENTED_EDGE ( 'NONE', *, *, #7532, .T. ) ;
#6096 = CYLINDRICAL_SURFACE ( 'NONE', #3990, 0.5000000000000000000 ) ;
#6097 = CARTESIAN_POINT ( 'NONE',  ( 1.029454293934133569, -10.00981809797806577, 230.0000000000000000 ) ) ;
#6098 = CARTESIAN_POINT ( 'NONE',  ( 2.455591981917995437, -11.09840481235905330, 210.6659972516271182 ) ) ;
#6099 = CARTESIAN_POINT ( 'NONE',  ( -1.069081112404374645, -10.04871286603737168, 229.9981606310411735 ) ) ;
#6100 = FACE_OUTER_BOUND ( 'NONE', #7050, .T. ) ;
#6101 = CARTESIAN_POINT ( 'NONE',  ( 2.458998408793376278, -11.04858441899739141, 19.47259142400400833 ) ) ;
#6102 = DIRECTION ( 'NONE',  ( 1.000000000000000000, 0.000000000000000000, 0.000000000000000000 ) ) ;
#6103 = VERTEX_POINT ( 'NONE', #1846 ) ;
#6104 = VERTEX_POINT ( 'NONE', #4246 ) ;
#6105 = CARTESIAN_POINT ( 'NONE',  ( 3.251682847070343385, -7.589812906716288943, 209.8214536087994873 ) ) ;
#6106 = CARTESIAN_POINT ( 'NONE',  ( 3.915345752300160242, -9.433010928180715737, 210.0000000000000284 ) ) ;
#6107 = CARTESIAN_POINT ( 'NONE',  ( 0.000000000000000000, 0.000000000000000000, 230.0000000000000000 ) ) ;
#6108 = CARTESIAN_POINT ( 'NONE',  ( -2.449006372861720848, -10.82416839589430779, 20.78430287067685001 ) ) ;
#6109 = CARTESIAN_POINT ( 'NONE',  ( -2.622805240201994792, -10.61571712850108717, 210.2166782301281103 ) ) ;
#6110 = ORIENTED_EDGE ( 'NONE', *, *, #7266, .F. ) ;
#6111 = ORIENTED_EDGE ( 'NONE', *, *, #1625, .T. ) ;
#6112 = CARTESIAN_POINT ( 'NONE',  ( -3.088235294117645857, -6.834676493307208389, 208.5000000000000284 ) ) ;
#6113 = CARTESIAN_POINT ( 'NONE',  ( -2.599019219575785744, -11.02329156547317268, 210.6939392807704223 ) ) ;
#6114 = CARTESIAN_POINT ( 'NONE',  ( -1.554787391989924883, -11.49999999999999822, 19.33897015824561549 ) ) ;
#6115 = CARTESIAN_POINT ( 'NONE',  ( 1.500000000000702993, -11.49999999999999645, 210.4485048106745069 ) ) ;
#6116 = CARTESIAN_POINT ( 'NONE',  ( -1.064573262633222939, -9.977462227845638409, 229.9996124531585053 ) ) ;
#6117 = VECTOR ( 'NONE', #182, 1000.000000000000000 ) ;
#6118 = CARTESIAN_POINT ( 'NONE',  ( 16.50000860617254617, 12.22422072132339110, 9.846806466373347888 ) ) ;
#6119 = FACE_OUTER_BOUND ( 'NONE', #5198, .T. ) ;
#6120 = CARTESIAN_POINT ( 'NONE',  ( 2.085724782963342516, -11.49999999999993783, 19.49071876716475771 ) ) ;
#6121 = CIRCLE ( 'NONE', #5496, 6.216029316036113528 ) ;
#6122 = VECTOR ( 'NONE', #6346, 1000.000000000000000 ) ;
#6123 = CARTESIAN_POINT ( 'NONE',  ( 2.221252926584022624, -11.19423194307434954, 19.73412172974582290 ) ) ;
#6124 = DIRECTION ( 'NONE',  ( 0.000000000000000000, -1.000000000000000000, -0.000000000000000000 ) ) ;
#6125 = CARTESIAN_POINT ( 'NONE',  ( 2.261182417534255862, -11.21936857459032488, 210.5685955751906135 ) ) ;
#6126 = CARTESIAN_POINT ( 'NONE',  ( 1.747175234347735362, -10.57967647658675325, 0.1808047460458827027 ) ) ;
#6127 = EDGE_LOOP ( 'NONE', ( #6053, #1690, #5670, #6650 ) ) ;
#6128 = AXIS2_PLACEMENT_3D ( 'NONE', #2751, #3934, #5118 ) ;
#6129 = CIRCLE ( 'NONE', #7146, 0.5000000000000000000 ) ;
#6130 = ORIENTED_EDGE ( 'NONE', *, *, #5165, .F. ) ;
#6131 = B_SPLINE_CURVE_WITH_KNOTS ( 'NONE', 3,
 ( #4994, #7215, #3773, #3505, #186, #4803 ),
 .UNSPECIFIED., .F., .F.,
 ( 4, 2, 4 ),
 ( 0.000000000000000000, 0.5000000000000000000, 1.000000000000000000 ),
 .UNSPECIFIED. ) ;
#6132 = VERTEX_POINT ( 'NONE', #6661 ) ;
#6133 = DIRECTION ( 'NONE',  ( 1.000000000000000000, 0.000000000000000000, 0.000000000000000000 ) ) ;
#6134 = CARTESIAN_POINT ( 'NONE',  ( -1.010221182223632663, -9.954251772696606437, 229.9999903435446811 ) ) ;
#6135 = CARTESIAN_POINT ( 'NONE',  ( 2.585163970720651960, -11.00889332201787063, 210.6384424846184231 ) ) ;
#6136 = CARTESIAN_POINT ( 'NONE',  ( 3.516559435339840611, -10.43604407748284402, 210.3894474131734569 ) ) ;
#6137 = DIRECTION ( 'NONE',  ( -1.000000000000000000, 0.000000000000000000, 0.000000000000000000 ) ) ;
#6138 = CARTESIAN_POINT ( 'NONE',  ( 2.452978985723576866, -11.09625198941689206, 19.34440110806906077 ) ) ;
#6139 = EDGE_LOOP ( 'NONE', ( #4137 ) ) ;
#6140 = ORIENTED_EDGE ( 'NONE', *, *, #1054, .T. ) ;
#6141 = CARTESIAN_POINT ( 'NONE',  ( 3.141262284150039719, -6.910011285156347327, 209.0234617699195780 ) ) ;
#6142 = CARTESIAN_POINT ( 'NONE',  ( -2.499999999999997780, -9.996319638934894058, 209.9584140316647165 ) ) ;
#6143 = EDGE_CURVE ( 'NONE', #1207, #5386, #1098, .T. ) ;
#6144 = CARTESIAN_POINT ( 'NONE',  ( -2.499999999999997780, -10.49999999999999822, 208.7664948248737176 ) ) ;
#6145 = CARTESIAN_POINT ( 'NONE',  ( 2.913661038654854263, -10.97003894669131085, 210.8469548051870390 ) ) ;
#6146 =( LENGTH_UNIT ( ) NAMED_UNIT ( * ) SI_UNIT ( .MILLI., .METRE. ) );
#6147 = CARTESIAN_POINT ( 'NONE',  ( 19.00000000000000355, 22.50000000000000000, 7.499999999999996447 ) ) ;
#6148 = AXIS2_PLACEMENT_3D ( 'NONE', #7303, #6709, #1266 ) ;
#6149 = VERTEX_POINT ( 'NONE', #3696 ) ;
#6150 = ORIENTED_EDGE ( 'NONE', *, *, #6751, .T. ) ;
#6151 = CARTESIAN_POINT ( 'NONE',  ( -3.268368681211311966, -7.088854067152770888, 209.4289129440566626 ) ) ;
#6152 = CARTESIAN_POINT ( 'NONE',  ( -2.452052688902887301, -11.10541144133237523, 210.6783824804744825 ) ) ;
#6153 = ADVANCED_FACE ( 'NONE', ( #3048 ), #1155, .T. ) ;
#6154 = CARTESIAN_POINT ( 'NONE',  ( 2.449006372862077008, -10.82416839589322421, 20.78430287067874715 ) ) ;
#6155 = CARTESIAN_POINT ( 'NONE',  ( -1.811221830515578723, -11.49999999999999645, 228.7027701091050744 ) ) ;
#6156 = ADVANCED_FACE ( 'NONE', ( #3553 ), #850, .T. ) ;
#6157 = DIRECTION ( 'NONE',  ( 9.791996142006161452E-17, -1.000000000000000000, 0.000000000000000000 ) ) ;
#6158 = VECTOR ( 'NONE', #165, 1000.000000000000000 ) ;
#6159 = DIRECTION ( 'NONE',  ( -0.000000000000000000, 0.000000000000000000, 1.000000000000000000 ) ) ;
#6160 = ADVANCED_FACE ( 'NONE', ( #1232 ), #7077, .F. ) ;
#6161 = CIRCLE ( 'NONE', #5905, 1.500000000000001332 ) ;
#6162 = AXIS2_PLACEMENT_3D ( 'NONE', #2100, #7659, #6398 ) ;
#6163 = CARTESIAN_POINT ( 'NONE',  ( -2.550474610183637303, -11.15269576191382939, 18.93587335435027441 ) ) ;
#6164 = CARTESIAN_POINT ( 'NONE',  ( 2.345818543170862913, -11.34510881550120409, 18.59610874513076340 ) ) ;
#6165 = AXIS2_PLACEMENT_3D ( 'NONE', #6706, #5593, #6745 ) ;
#6166 = EDGE_CURVE ( 'NONE', #3538, #6531, #1825, .T. ) ;
#6167 = FACE_OUTER_BOUND ( 'NONE', #1503, .T. ) ;
#6168 = FACE_OUTER_BOUND ( 'NONE', #1324, .T. ) ;
#6169 = CARTESIAN_POINT ( 'NONE',  ( -2.499999999999997780, -11.50000000000000000, 1.500000000000001332 ) ) ;
#6170 = CARTESIAN_POINT ( 'NONE',  ( 2.605741940324725725, -11.03667004088355164, 0.8187431045641574423 ) ) ;
#6171 = VERTEX_POINT ( 'NONE', #6 ) ;
#6172 = ORIENTED_EDGE ( 'NONE', *, *, #3595, .T. ) ;
#6173 = EDGE_LOOP ( 'NONE', ( #1494, #119, #3062, #7201, #5599, #7051 ) ) ;
#6174 = CARTESIAN_POINT ( 'NONE',  ( 2.428458746891067221, -10.91472016815019863, 229.4292281341518844 ) ) ;
#6175 = ADVANCED_FACE ( 'NONE', ( #4775 ), #6081, .T. ) ;
#6176 = CARTESIAN_POINT ( 'NONE',  ( -1.064573262633264905, -9.977462227845729004, 229.9996124531585053 ) ) ;
#6177 = CARTESIAN_POINT ( 'NONE',  ( 2.619310573165580358, -11.03274805161482952, 210.7418186182585487 ) ) ;
#6178 = CARTESIAN_POINT ( 'NONE',  ( 2.621968475617272532, -10.25210730543555115, 210.0108723175801799 ) ) ;
#6179 = CARTESIAN_POINT ( 'NONE',  ( 1.805346773873088839, -11.49389839367361432, 228.6395196236596803 ) ) ;
#6180 = CARTESIAN_POINT ( 'NONE',  ( -3.748060135578459739, -10.04239593269408282, 19.82119913673905742 ) ) ;
#6181 = CARTESIAN_POINT ( 'NONE',  ( 2.486422302479900814, -11.05851527030926107, 19.38665311134745295 ) ) ;
#6182 = ORIENTED_EDGE ( 'NONE', *, *, #4423, .T. ) ;
#6183 = CIRCLE ( 'NONE', #2781, 0.5000000000000004441 ) ;
#6184 = CARTESIAN_POINT ( 'NONE',  ( 2.511620315172261364, -7.748468092593825851, 208.7144355673716802 ) ) ;
#6185 = DIRECTION ( 'NONE',  ( 1.000000000000000000, 3.469446951953614189E-16, 0.000000000000000000 ) ) ;
#6186 = CARTESIAN_POINT ( 'NONE',  ( -2.499999999999998224, -9.627835644774256352, 208.5000000000000284 ) ) ;
#6187 = AXIS2_PLACEMENT_3D ( 'NONE', #7391, #7547, #249 ) ;
#6188 = CARTESIAN_POINT ( 'NONE',  ( 2.279924157994081213, -11.23680599142678638, 210.6756896915346999 ) ) ;
#6189 = LINE ( 'NONE', #6229, #1909 ) ;
#6190 = VERTEX_POINT ( 'NONE', #606 ) ;
#6191 = ORIENTED_EDGE ( 'NONE', *, *, #1961, .F. ) ;
#6192 = AXIS2_PLACEMENT_3D ( 'NONE', #3800, #2622, #2581 ) ;
#6193 = CARTESIAN_POINT ( 'NONE',  ( -23.50000000000000000, 20.99999999999999645, 228.5000000000000000 ) ) ;
#6194 = CARTESIAN_POINT ( 'NONE',  ( -2.584194341268694739, -10.99902248274404926, 210.6078865443579105 ) ) ;
#6195 = CIRCLE ( 'NONE', #410, 7.500000000000000000 ) ;
#6196 = DIRECTION ( 'NONE',  ( -0.000000000000000000, 0.000000000000000000, 1.000000000000000000 ) ) ;
#6197 = CARTESIAN_POINT ( 'NONE',  ( 1.034095312463373162, -10.01136510415445535, 0.0003875468415114394216 ) ) ;
#6198 = DIRECTION ( 'NONE',  ( -1.232566680299310083E-16, -0.000000000000000000, 1.000000000000000000 ) ) ;
#6199 = CARTESIAN_POINT ( 'NONE',  ( -16.66532048819021838, 6.010389983400267866, 1.500000000000001332 ) ) ;
#6200 = CARTESIAN_POINT ( 'NONE',  ( 0.000000000000000000, 0.000000000000000000, 1.500000000000001332 ) ) ;
#6201 = EDGE_CURVE ( 'NONE', #40, #1644, #3477, .T. ) ;
#6202 = EDGE_CURVE ( 'NONE', #865, #5408, #1863, .T. ) ;
#6203 = CARTESIAN_POINT ( 'NONE',  ( -1.811221830515578057, -11.50000000000000000, 228.5000000000000000 ) ) ;
#6204 = CARTESIAN_POINT ( 'NONE',  ( 2.423874404972592878, -10.88269581110399109, 210.2270775949708081 ) ) ;
#6205 = DIRECTION ( 'NONE',  ( 0.000000000000000000, 0.000000000000000000, -1.000000000000000000 ) ) ;
#6206 = CARTESIAN_POINT ( 'NONE',  ( -16.66532048819021838, 13.72641929943638139, 211.5000000000000284 ) ) ;
#6207 = DIRECTION ( 'NONE',  ( -1.209741371404878502E-16, 0.000000000000000000, 1.000000000000000000 ) ) ;
#6208 = CARTESIAN_POINT ( 'NONE',  ( -1.005380834600934081, -9.959603910066515908, 9.651158029931620333E-06 ) ) ;
#6209 = ORIENTED_EDGE ( 'NONE', *, *, #5419, .F. ) ;
#6210 = CARTESIAN_POINT ( 'NONE',  ( 1.835598222575068661, -11.18252613662538408, 0.5532845599961290217 ) ) ;
#6211 = AXIS2_PLACEMENT_3D ( 'NONE', #978, #2232, #3380 ) ;
#6212 = EDGE_CURVE ( 'NONE', #6439, #5993, #5285, .T. ) ;
#6213 = ORIENTED_EDGE ( 'NONE', *, *, #4838, .T. ) ;
#6214 = EDGE_LOOP ( 'NONE', ( #4198, #4927, #178 ) ) ;
#6215 = CARTESIAN_POINT ( 'NONE',  ( 4.000000000000022204, 3.605551275463993566, 19.99999999999998934 ) ) ;
#6216 = VECTOR ( 'NONE', #1640, 1000.000000000000000 ) ;
#6217 = CARTESIAN_POINT ( 'NONE',  ( 23.50000000000000000, 0.000000000000000000, 211.5000000000000284 ) ) ;
#6218 = CARTESIAN_POINT ( 'NONE',  ( 2.841819608530725016, -10.96739341469522344, 210.8035296659431026 ) ) ;
#6219 = CARTESIAN_POINT ( 'NONE',  ( 2.491025518355688195, -10.65166214221037677, 208.9449673577875046 ) ) ;
#6220 = DIRECTION ( 'NONE',  ( -0.7064927061118074780, -0.7064927061150660936, 0.04166668233764320856 ) ) ;
#6221 = CARTESIAN_POINT ( 'NONE',  ( 4.000000000000000888, -8.062257748298547355, 210.0000000000000284 ) ) ;
#6222 = CARTESIAN_POINT ( 'NONE',  ( 2.352185956574992520, -11.12495779009929819, 19.48309188265217173 ) ) ;
#6223 = ORIENTED_EDGE ( 'NONE', *, *, #6507, .T. ) ;
#6224 = ADVANCED_FACE ( 'NONE', ( #6636 ), #689, .F. ) ;
#6225 = CARTESIAN_POINT ( 'NONE',  ( 2.816445305360503859, -7.307709899464547298, 209.4426023589008423 ) ) ;
#6226 = DIRECTION ( 'NONE',  ( -0.000000000000000000, 1.000000000000000000, -0.000000000000000000 ) ) ;
#6227 = CARTESIAN_POINT ( 'NONE',  ( -3.915345752300132709, -9.433010928181426280, 19.99999999999998579 ) ) ;
#6228 = CARTESIAN_POINT ( 'NONE',  ( 2.263350911261945431, -11.22119066950660837, 210.5813466483110972 ) ) ;
#6229 = CARTESIAN_POINT ( 'NONE',  ( -23.50000000000000000, 12.22641929943638317, 19.99999999999998934 ) ) ;
#6230 = DIRECTION ( 'NONE',  ( 0.000000000000000000, 0.000000000000000000, -1.000000000000000000 ) ) ;
#6231 = ORIENTED_EDGE ( 'NONE', *, *, #2152, .F. ) ;
#6232 = ORIENTED_EDGE ( 'NONE', *, *, #2789, .T. ) ;
#6233 = CARTESIAN_POINT ( 'NONE',  ( -3.201556170759404907, -6.995085144242079167, 209.2619466927514509 ) ) ;
#6234 = CARTESIAN_POINT ( 'NONE',  ( -2.242010322040119519, -11.17387561853698585, 210.2850584880129361 ) ) ;
#6235 = B_SPLINE_CURVE_WITH_KNOTS ( 'NONE', 3,
 ( #3543, #1106, #521, #7771, #2915, #1181 ),
 .UNSPECIFIED., .F., .F.,
 ( 4, 2, 4 ),
 ( 0.000000000000000000, 0.0004710229062162901367, 0.0009420458124325802735 ),
 .UNSPECIFIED. ) ;
#6236 = CARTESIAN_POINT ( 'NONE',  ( -2.286530028676381665, -11.13942255601426012, 210.3343817183557292 ) ) ;
#6237 = FACE_OUTER_BOUND ( 'NONE', #7757, .T. ) ;
#6238 = CARTESIAN_POINT ( 'NONE',  ( -1.600993747508144605, -11.19891636924670486, 229.4205913965978993 ) ) ;
#6239 = CARTESIAN_POINT ( 'NONE',  ( -2.509222157602864822, -10.97043752913564774, 0.6479449753209062246 ) ) ;
#6240 = EDGE_CURVE ( 'NONE', #1644, #7423, #4104, .T. ) ;
#6241 = DIRECTION ( 'NONE',  ( -0.000000000000000000, 0.000000000000000000, 1.000000000000000000 ) ) ;
#6242 = CARTESIAN_POINT ( 'NONE',  ( -1.177667335490952594, -10.41837637413984119, 229.9426791658012235 ) ) ;
#6243 = CARTESIAN_POINT ( 'NONE',  ( 2.092254695776984086, -11.50000000000000000, 18.80382089263657264 ) ) ;
#6244 = FACE_OUTER_BOUND ( 'NONE', #1021, .T. ) ;
#6245 = CIRCLE ( 'NONE', #3854, 0.9999999999999998890 ) ;
#6246 = DIRECTION ( 'NONE',  ( 0.000000000000000000, 0.000000000000000000, -1.000000000000000000 ) ) ;
#6247 = CARTESIAN_POINT ( 'NONE',  ( 1.412849804611974625, -10.60738955222617896, 229.8832956133549033 ) ) ;
#6248 = DIRECTION ( 'NONE',  ( -0.000000000000000000, 0.000000000000000000, 1.000000000000000000 ) ) ;
#6249 = VERTEX_POINT ( 'NONE', #7703 ) ;
#6250 = CARTESIAN_POINT ( 'NONE',  ( 1.029437251522618668, -10.08831175456809426, 229.9973980880197360 ) ) ;
#6251 = VECTOR ( 'NONE', #4764, 1000.000000000000000 ) ;
#6252 = ORIENTED_EDGE ( 'NONE', *, *, #389, .T. ) ;
#6253 = CARTESIAN_POINT ( 'NONE',  ( 1.336867513443170896, -10.23566063854721619, 229.9660918596874808 ) ) ;
#6254 = EDGE_CURVE ( 'NONE', #7173, #5216, #1985, .T. ) ;
#6255 = DIRECTION ( 'NONE',  ( 0.000000000000000000, -1.000000000000000000, 0.000000000000000000 ) ) ;
#6256 = CARTESIAN_POINT ( 'NONE',  ( 2.581163780229594362, -11.00700824268030509, 210.6272840344261965 ) ) ;
#6257 = CARTESIAN_POINT ( 'NONE',  ( 0.9999999999999986677, 2.937598842601845354E-16, 0.000000000000000000 ) ) ;
#6258 = CARTESIAN_POINT ( 'NONE',  ( -1.029437251522798302, -10.02943725152279875, 1.000867303993435042 ) ) ;
#6259 = VECTOR ( 'NONE', #4770, 1000.000000000000000 ) ;
#6260 = CARTESIAN_POINT ( 'NONE',  ( -2.509923783029236244, -7.748102792938126981, 208.6986841883733348 ) ) ;
#6261 = CARTESIAN_POINT ( 'NONE',  ( 2.272523765038577448, -11.15368227940764001, 19.65084132552922824 ) ) ;
#6262 = CIRCLE ( 'NONE', #209, 10.00000000000000000 ) ;
#6263 = ORIENTED_EDGE ( 'NONE', *, *, #5915, .F. ) ;
#6264 = DIRECTION ( 'NONE',  ( 2.937598842601849298E-16, -1.000000000000000000, 0.000000000000000000 ) ) ;
#6265 = CARTESIAN_POINT ( 'NONE',  ( -3.999999999999997335, -9.165151389911683211, 210.0000000000000284 ) ) ;
#6266 = EDGE_CURVE ( 'NONE', #260, #5679, #2485, .T. ) ;
#6267 = CARTESIAN_POINT ( 'NONE',  ( 4.000000000000000888, -8.062257748298547355, 210.0000000000000284 ) ) ;
#6268 = CARTESIAN_POINT ( 'NONE',  ( 2.256985397815318262, -11.21698155919427364, 19.45187996020413124 ) ) ;
#6269 = CARTESIAN_POINT ( 'NONE',  ( -1.080835404787643839, -10.01630827047948102, 0.001693390974549838527 ) ) ;
#6270 = ORIENTED_EDGE ( 'NONE', *, *, #1763, .F. ) ;
#6271 = CARTESIAN_POINT ( 'NONE',  ( -2.261861224990389108, -11.21937287203806122, 210.5706202144456824 ) ) ;
#6272 = ORIENTED_EDGE ( 'NONE', *, *, #6884, .T. ) ;
#6273 = ORIENTED_EDGE ( 'NONE', *, *, #132, .F. ) ;
#6274 = CARTESIAN_POINT ( 'NONE',  ( -3.440406402368597405, -7.325157252780793549, 209.6985695855478866 ) ) ;
#6275 = CARTESIAN_POINT ( 'NONE',  ( -2.281317665159225960, -11.17809547695642358, 210.4965798347005830 ) ) ;
#6276 = TOROIDAL_SURFACE ( 'NONE', #2871, 1.000000000000000000, 0.5000000000000000000 ) ;
#6277 = CARTESIAN_POINT ( 'NONE',  ( -2.609276704581726225, -10.98910095631516626, 210.6255240177019630 ) ) ;
#6278 = CARTESIAN_POINT ( 'NONE',  ( -1.771666620023977901, -11.45846469038893822, 228.9014477591381649 ) ) ;
#6279 = CARTESIAN_POINT ( 'NONE',  ( -2.218735277955507179, -11.19623357695096466, 19.74236187858137725 ) ) ;
#6280 = CIRCLE ( 'NONE', #3258, 11.50000000000000000 ) ;
#6281 = CARTESIAN_POINT ( 'NONE',  ( 23.50000000000000000, 13.72641929943638139, 211.5000000000000284 ) ) ;
#6282 = ORIENTED_EDGE ( 'NONE', *, *, #5186, .T. ) ;
#6283 = AXIS2_PLACEMENT_3D ( 'NONE', #7396, #7437, #5609 ) ;
#6284 = CARTESIAN_POINT ( 'NONE',  ( -2.047747407032312505, -11.43262048353863491, 228.9728357497781985 ) ) ;
#6285 = CARTESIAN_POINT ( 'NONE',  ( -25.00000000000000000, 20.99999999999999645, 230.0000000000000000 ) ) ;
#6286 = LINE ( 'NONE', #4981, #5276 ) ;
#6287 = DIRECTION ( 'NONE',  ( -1.000000000000000000, 0.000000000000000000, 0.000000000000000000 ) ) ;
#6288 = CARTESIAN_POINT ( 'NONE',  ( 1.029437251469954795, -10.08831175440160521, 229.9973980880295414 ) ) ;
#6289 = CARTESIAN_POINT ( 'NONE',  ( -1.046601154177729365, -10.02297294153560259, 0.0006718806905454974363 ) ) ;
#6290 = EDGE_LOOP ( 'NONE', ( #1994, #2255, #2394, #2148 ) ) ;
#6291 = AXIS2_PLACEMENT_3D ( 'NONE', #6426, #5160, #6980 ) ;
#6292 = CYLINDRICAL_SURFACE ( 'NONE', #1151, 1.499999999999999778 ) ;
#6293 = AXIS2_PLACEMENT_3D ( 'NONE', #5213, #282, #4579 ) ;
#6294 =( BOUNDED_SURFACE ( )  B_SPLINE_SURFACE ( 3, 2, ( 
 ( #610, #252, #2026 ),
 ( #2619, #4464, #3291 ),
 ( #2149, #6801, #1518 ),
 ( #848, #3249, #6242 ),
 ( #7549, #2657, #2107 ),
 ( #5063, #3956, #4503 ),
 ( #5651, #7474, #5730 ),
 ( #1397, #206, #2067 ),
 ( #2579, #6874, #922 ),
 ( #3329, #4979, #324 ),
 ( #6959, #1983, #6368 ),
 ( #1476, #6920, #5689 ),
 ( #2735, #4544, #3876 ),
 ( #287, #6284, #3915 ),
 ( #6332, #3797, #5137 ),
 ( #886, #1557, #2698 ),
 ( #4385, #7392, #5024 ),
 ( #3176, #5569, #808 ),
 ( #7435, #5100, #3213 ),
 ( #172, #7510, #6203 ) ),
 .UNSPECIFIED., .F., .F., .F. ) 
 B_SPLINE_SURFACE_WITH_KNOTS ( ( 4, 2, 2, 2, 2, 2, 2, 2, 2, 4 ),
 ( 3, 3 ),
 ( 4.977286533756069165E-05, 0.0001899816364524414857, 0.0003301904075673222933, 0.0006106079497970838543, 0.0007508167209119646348, 0.0008910254920268454153, 0.001031234263141726087, 0.001101338648699166532, 0.001136390841477886646, 0.001171443034256606976 ),
 ( 0.2166392130616221490, 1.000000000000000000 ),
 .UNSPECIFIED. ) 
 GEOMETRIC_REPRESENTATION_ITEM ( )  RATIONAL_B_SPLINE_SURFACE ( (
 ( 0.9997057532316773187, 0.9993208829459719889, 1.000000000000000000),
 ( 0.9993436519436247334, 0.9984851586951882796, 1.000000000000000000),
 ( 0.9988726953546156473, 0.9973981980698395367, 1.000000000000000000),
 ( 0.9977083868800593613, 0.9947109918662585537, 1.000000000000000000),
 ( 0.9970116060696800897, 0.9931028323818047454, 1.000000000000000000),
 ( 0.9945694443150439046, 0.9874663602950513042, 1.000000000000000000),
 ( 0.9924569746966597217, 0.9825908126309648161, 1.000000000000000000),
 ( 0.9885122803691797078, 0.9734865182796968996, 1.000000000000000000),
 ( 0.9870587419365164372, 0.9701317737435594113, 1.000000000000000000),
 ( 0.9839846453534428772, 0.9630368057097732359, 1.000000000000000000),
 ( 0.9823747615367937058, 0.9593212184116621799, 1.000000000000000000),
 ( 0.9792670979366142614, 0.9521487782142922240, 1.000000000000000000),
 ( 0.9777370035162400441, 0.9486173436259961456, 1.000000000000000000),
 ( 0.9762455874688473756, 0.9451751781326964696, 1.000000000000000000),
 ( 0.9759040638088534170, 0.9443869467336630796, 1.000000000000000000),
 ( 0.9757267323378018276, 0.9439776684027796350, 1.000000000000000000),
 ( 0.9757229262918400980, 0.9439688841067421787, 1.000000000000000000),
 ( 0.9757637976376754008, 0.9440632145496422600, 1.000000000000000000),
 ( 0.9758025890463717378, 0.9441527445293447229, 1.000000000000000000),
 ( 0.9758002664202556353, 0.9441473839436886895, 1.000000000000000000) ) ) 
 REPRESENTATION_ITEM ( '' )  SURFACE ( )  );
#6295 = CIRCLE ( 'NONE', #1126, 1.500000000000001332 ) ;
#6296 = ORIENTED_EDGE ( 'NONE', *, *, #130, .F. ) ;
#6297 = CARTESIAN_POINT ( 'NONE',  ( 2.549432092198051780, -11.21644525916673096, 228.6889938568420462 ) ) ;
#6298 = EDGE_CURVE ( 'NONE', #1572, #5069, #6036, .T. ) ;
#6299 = DIRECTION ( 'NONE',  ( 1.156482317317871725E-15, -1.000000000000000000, -1.156482317317871133E-15 ) ) ;
#6300 = CARTESIAN_POINT ( 'NONE',  ( 2.662724226551025364, -11.00366518196666021, 210.7242103836970841 ) ) ;
#6301 = LINE ( 'NONE', #4557, #5080 ) ;
#6302 = CARTESIAN_POINT ( 'NONE',  ( 2.260822854088498701, -11.21962900244772676, 210.5683735954067970 ) ) ;
#6303 = CARTESIAN_POINT ( 'NONE',  ( -16.66532048819021838, 13.72641929943638139, 0.000000000000000000 ) ) ;
#6304 = ORIENTED_EDGE ( 'NONE', *, *, #3844, .T. ) ;
#6305 = EDGE_CURVE ( 'NONE', #2393, #7173, #4801, .T. ) ;
#6306 = ADVANCED_FACE ( 'NONE', ( #3613 ), #1487, .T. ) ;
#6307 = CARTESIAN_POINT ( 'NONE',  ( -2.104237510058293292, -11.48700587415704355, 1.282205926563401821 ) ) ;
#6308 = EDGE_CURVE ( 'NONE', #3142, #3157, #1346, .T. ) ;
#6309 = CARTESIAN_POINT ( 'NONE',  ( 2.279470586921678699, -11.23631180000333352, 19.32703927840379521 ) ) ;
#6310 = ADVANCED_FACE ( 'NONE', ( #1958 ), #4870, .F. ) ;
#6311 = CARTESIAN_POINT ( 'NONE',  ( 3.939389542709490044, -7.984848114583300571, 210.0000000000000853 ) ) ;
#6312 = CARTESIAN_POINT ( 'NONE',  ( 2.257707700204183876, -11.21746207600187795, 19.44809090610237945 ) ) ;
#6313 = CARTESIAN_POINT ( 'NONE',  ( -1.094885373919685989, -10.02820915715273387, 0.002467738739191159374 ) ) ;
#6314 = VERTEX_POINT ( 'NONE', #65 ) ;
#6315 = CARTESIAN_POINT ( 'NONE',  ( 2.287597465769343863, -11.23734645539121679, 19.29129516435138925 ) ) ;
#6316 = ORIENTED_EDGE ( 'NONE', *, *, #5485, .T. ) ;
#6317 = EDGE_LOOP ( 'NONE', ( #6440, #5271, #3042, #3468, #2237 ) ) ;
#6318 = DIRECTION ( 'NONE',  ( -0.000000000000000000, 1.000000000000000000, -0.000000000000000000 ) ) ;
#6319 = ADVANCED_FACE ( 'NONE', ( #147 ), #4486, .F. ) ;
#6320 = CARTESIAN_POINT ( 'NONE',  ( -2.195083565088676636, -11.21892939790203414, 210.2279824699632513 ) ) ;
#6321 = CIRCLE ( 'NONE', #781, 1.000000000000000888 ) ;
#6322 = CARTESIAN_POINT ( 'NONE',  ( -2.786157133332927582, -10.96402223884141769, 210.7491538047445658 ) ) ;
#6323 = DIRECTION ( 'NONE',  ( 1.000000000000000000, -0.000000000000000000, -0.000000000000000000 ) ) ;
#6324 = CARTESIAN_POINT ( 'NONE',  ( 5.999999999999996447, 3.605551275463993566, 21.49999999999999289 ) ) ;
#6325 = CARTESIAN_POINT ( 'NONE',  ( -2.220414287852010116, -11.21052448454464745, 19.60853591379144945 ) ) ;
#6326 = CARTESIAN_POINT ( 'NONE',  ( 1.019634769962198595, -10.05890430988659112, 0.0008675548591054359692 ) ) ;
#6327 = CIRCLE ( 'NONE', #3541, 1.500000000000000000 ) ;
#6328 = ORIENTED_EDGE ( 'NONE', *, *, #2960, .T. ) ;
#6329 =( BOUNDED_SURFACE ( )  B_SPLINE_SURFACE ( 3, 2, ( 
 ( #7785, #3714, #3589 ),
 ( #6000, #3006, #729 ),
 ( #5415, #5490, #4816 ),
 ( #4898, #6637, #3132 ) ),
 .UNSPECIFIED., .F., .F., .F. ) 
 B_SPLINE_SURFACE_WITH_KNOTS ( ( 4, 4 ),
 ( 3, 3 ),
 ( 0.000000000000000000, 8.966486069870034095E-05 ),
 ( 0.000000000000000000, 1.000000000000000000 ),
 .UNSPECIFIED. ) 
 GEOMETRIC_REPRESENTATION_ITEM ( )  RATIONAL_B_SPLINE_SURFACE ( (
 ( 1.000000000000000000, 0.9998845316408303541, 1.000000000000000000),
 ( 1.000000000000000000, 0.9998455050468697536, 1.000000000000000000),
 ( 1.000000000000000000, 0.9998029167071990075, 1.000000000000000000),
 ( 1.000000000000000000, 0.9997586081351739207, 1.000000000000000000) ) ) 
 REPRESENTATION_ITEM ( '' )  SURFACE ( )  );
#6330 = ADVANCED_FACE ( 'NONE', ( #6100 ), #3730, .F. ) ;
#6331 = ADVANCED_FACE ( 'NONE', ( #668 ), #3151, .T. ) ;
#6332 = CARTESIAN_POINT ( 'NONE',  ( -2.300681484025216772, -11.26659655990597564, 228.9730185792369070 ) ) ;
#6333 = CARTESIAN_POINT ( 'NONE',  ( 23.50000000000000000, 22.50000000000000000, 19.99999999999998934 ) ) ;
#6334 = CYLINDRICAL_SURFACE ( 'NONE', #841, 1.500000000000000000 ) ;
#6335 = CARTESIAN_POINT ( 'NONE',  ( -3.999999999999998224, -9.165151389911681434, 19.99999999999998934 ) ) ;
#6336 = CARTESIAN_POINT ( 'NONE',  ( 1.667607041480883678, -11.49999999999999645, 19.02922581600443408 ) ) ;
#6337 = FACE_OUTER_BOUND ( 'NONE', #1127, .T. ) ;
#6338 = ORIENTED_EDGE ( 'NONE', *, *, #6541, .T. ) ;
#6339 = VERTEX_POINT ( 'NONE', #4921 ) ;
#6340 = CARTESIAN_POINT ( 'NONE',  ( -2.499999999999997780, -10.49999999999999822, 21.23350517512628954 ) ) ;
#6341 = B_SPLINE_CURVE_WITH_KNOTS ( 'NONE', 3,
 ( #246, #4976, #6836, #804, #1432, #3830, #7390, #6238, #3245, #6278, #6155, #3244 ),
 .UNSPECIFIED., .F., .F.,
 ( 4, 2, 2, 2, 2, 4 ),
 ( 0.000000000000000000, 0.0003037580931416857715, 0.0006075161862833715429, 0.001215032372566774311, 0.001822548558850177079, 0.002430064745133579847 ),
 .UNSPECIFIED. ) ;
#6342 = DIRECTION ( 'NONE',  ( -1.000000000000000000, 0.000000000000000000, 0.000000000000000000 ) ) ;
#6343 = CARTESIAN_POINT ( 'NONE',  ( 1.043089847076343446, -9.968310036783046613, 229.9998711859384741 ) ) ;
#6344 = DIRECTION ( 'NONE',  ( 1.000000000000000000, 0.000000000000000000, 0.000000000000000000 ) ) ;
#6345 = CARTESIAN_POINT ( 'NONE',  ( -5.000000000000000000, 3.000000000000000000, 210.0000000000000284 ) ) ;
#6346 = DIRECTION ( 'NONE',  ( -0.000000000000000000, -0.000000000000000000, -1.000000000000000000 ) ) ;
#6347 = VERTEX_POINT ( 'NONE', #7290 ) ;
#6348 = EDGE_CURVE ( 'NONE', #1074, #2236, #5121, .T. ) ;
#6349 = ADVANCED_FACE ( 'NONE', ( #2557 ), #4281, .T. ) ;
#6350 = VECTOR ( 'NONE', #1603, 1000.000000000000000 ) ;
#6351 = CARTESIAN_POINT ( 'NONE',  ( -1.765112107765163918, -10.76415511774000855, 0.2652843170188246003 ) ) ;
#6352 = AXIS2_PLACEMENT_3D ( 'NONE', #793, #3197, #271 ) ;
#6353 = CARTESIAN_POINT ( 'NONE',  ( 2.265659573317278852, -11.22327880943656631, 19.40568343083412017 ) ) ;
#6354 = CARTESIAN_POINT ( 'NONE',  ( -3.843051057341835719, -9.685375281767610645, 19.95677678264560129 ) ) ;
#6355 = CARTESIAN_POINT ( 'NONE',  ( -2.550467410314344097, -11.15791560100227109, 211.0820814108549257 ) ) ;
#6356 = VERTEX_POINT ( 'NONE', #7330 ) ;
#6357 = DIRECTION ( 'NONE',  ( 1.000000000000000000, 0.000000000000000000, 0.000000000000000000 ) ) ;
#6358 = ORIENTED_EDGE ( 'NONE', *, *, #4573, .F. ) ;
#6359 = CARTESIAN_POINT ( 'NONE',  ( 5.500000000000023093, 3.500000000000000000, 21.49999999999999289 ) ) ;
#6360 = CARTESIAN_POINT ( 'NONE',  ( -2.263863026494089326, -11.17375520873597061, 210.4178242354273038 ) ) ;
#6361 = CARTESIAN_POINT ( 'NONE',  ( -2.751617201232186449, -10.96672815183069005, 210.7244850884569871 ) ) ;
#6362 = CARTESIAN_POINT ( 'NONE',  ( 0.000000000000000000, 20.99999999999999645, 228.5000000000000000 ) ) ;
#6363 = DIRECTION ( 'NONE',  ( -1.000000000000000000, 0.000000000000000000, 0.000000000000000000 ) ) ;
#6364 = CARTESIAN_POINT ( 'NONE',  ( -2.195732637299957268, -11.21830134415311520, 19.77160727057842493 ) ) ;
#6365 = CARTESIAN_POINT ( 'NONE',  ( -1.024505257613768983, -9.994122601708998133, 229.9998304934368036 ) ) ;
#6366 = ORIENTED_EDGE ( 'NONE', *, *, #2701, .T. ) ;
#6367 = EDGE_LOOP ( 'NONE', ( #2823, #2391, #1426 ) ) ;
#6368 = CARTESIAN_POINT ( 'NONE',  ( -1.651084784662034677, -11.27901035087909420, 229.2904245723670158 ) ) ;
#6369 = LINE ( 'NONE', #6285, #1338 ) ;
#6370 = FACE_OUTER_BOUND ( 'NONE', #6948, .T. ) ;
#6371 = DIRECTION ( 'NONE',  ( 0.000000000000000000, 0.000000000000000000, -1.000000000000000000 ) ) ;
#6372 = DIRECTION ( 'NONE',  ( 0.000000000000000000, 0.000000000000000000, -1.000000000000000000 ) ) ;
#6373 = ORIENTED_EDGE ( 'NONE', *, *, #7361, .T. ) ;
#6374 = EDGE_CURVE ( 'NONE', #5919, #5301, #4321, .T. ) ;
#6375 = CARTESIAN_POINT ( 'NONE',  ( 2.270494452829082910, -11.24066665503593399, 0.9471747817363452837 ) ) ;
#6376 = ORIENTED_EDGE ( 'NONE', *, *, #4583, .T. ) ;
#6377 = CARTESIAN_POINT ( 'NONE',  ( -3.884482235472550116, -7.914752110904874627, 19.99999999999998934 ) ) ;
#6378 = CARTESIAN_POINT ( 'NONE',  ( -23.50000000000000000, 22.50000000000000000, 18.49999999999998934 ) ) ;
#6379 = CARTESIAN_POINT ( 'NONE',  ( 3.500000000000022649, 3.500000000000000000, 20.49999999999998934 ) ) ;
#6380 = DIRECTION ( 'NONE',  ( 1.000000000000000000, 8.881784197001252323E-16, 0.000000000000000000 ) ) ;
#6381 = CARTESIAN_POINT ( 'NONE',  ( 1.034095312463265692, -10.01136510415441983, 229.9996124531585053 ) ) ;
#6382 = CARTESIAN_POINT ( 'NONE',  ( 2.806269860815717276, -7.811643876371697104, 209.4292554166425191 ) ) ;
#6383 = EDGE_LOOP ( 'NONE', ( #7021, #2560, #26 ) ) ;
#6384 = CARTESIAN_POINT ( 'NONE',  ( -1.779453246847004788, -11.46421898756575963, 1.168822257456143321 ) ) ;
#6385 = CARTESIAN_POINT ( 'NONE',  ( 2.548656097569143686, -11.09414689277499555, 19.09582072545203957 ) ) ;
#6386 = CARTESIAN_POINT ( 'NONE',  ( -5.999999999999996447, 3.605551275463993566, 230.0000000000000000 ) ) ;
#6387 = DIRECTION ( 'NONE',  ( 0.000000000000000000, 0.000000000000000000, -1.000000000000000000 ) ) ;
#6388 = CARTESIAN_POINT ( 'NONE',  ( 0.000000000000000000, 0.000000000000000000, 211.5000000000000284 ) ) ;
#6389 = ORIENTED_EDGE ( 'NONE', *, *, #2726, .T. ) ;
#6390 = DIRECTION ( 'NONE',  ( 0.000000000000000000, 0.000000000000000000, 1.000000000000000000 ) ) ;
#6391 = VECTOR ( 'NONE', #5369, 1000.000000000000000 ) ;
#6392 = VERTEX_POINT ( 'NONE', #2636 ) ;
#6393 = DIRECTION ( 'NONE',  ( 1.000000000000000000, 0.000000000000000000, 0.000000000000000000 ) ) ;
#6394 = CARTESIAN_POINT ( 'NONE',  ( -2.260949157493961525, -11.21912037002313056, 210.5671072029302877 ) ) ;
#6395 = EDGE_CURVE ( 'NONE', #5679, #3767, #88, .T. ) ;
#6396 = CARTESIAN_POINT ( 'NONE',  ( -2.855009887605418850, -10.95920574859676577, 210.7906326061378479 ) ) ;
#6397 = CARTESIAN_POINT ( 'NONE',  ( 2.500000000000001332, -7.745966712016598699, 21.39156217763554579 ) ) ;
#6398 = DIRECTION ( 'NONE',  ( 0.000000000000000000, 0.000000000000000000, 1.000000000000000000 ) ) ;
#6399 = CARTESIAN_POINT ( 'NONE',  ( -2.282037237439193955, -11.19969988811979000, 19.43288488278689741 ) ) ;
#6400 = CARTESIAN_POINT ( 'NONE',  ( 4.000000000000000000, 3.000000000000000000, 210.0000000000000284 ) ) ;
#6401 = ORIENTED_EDGE ( 'NONE', *, *, #4675, .T. ) ;
#6402 = EDGE_CURVE ( 'NONE', #5581, #5234, #5255, .T. ) ;
#6403 = ORIENTED_EDGE ( 'NONE', *, *, #6900, .T. ) ;
#6404 = EDGE_CURVE ( 'NONE', #1847, #5679, #3192, .T. ) ;
#6405 = CARTESIAN_POINT ( 'NONE',  ( 2.240892534209343978, -11.20941577319546489, 210.4691419347415433 ) ) ;
#6406 = EDGE_CURVE ( 'NONE', #436, #6439, #5748, .T. ) ;
#6407 = AXIS2_PLACEMENT_3D ( 'NONE', #4491, #5635, #1969 ) ;
#6408 = CARTESIAN_POINT ( 'NONE',  ( 1.009819514568964571, -10.02945854370688750, 230.0000000000000000 ) ) ;
#6409 = DIRECTION ( 'NONE',  ( -0.000000000000000000, 1.000000000000000000, -0.000000000000000000 ) ) ;
#6410 = CARTESIAN_POINT ( 'NONE',  ( -3.999999999999998224, -8.062257748298549132, 210.0000000000000284 ) ) ;
#6411 = EDGE_CURVE ( 'NONE', #5301, #1465, #2978, .T. ) ;
#6412 = CARTESIAN_POINT ( 'NONE',  ( -1.592580382448115284, -11.49999999999999822, 19.23517819522004402 ) ) ;
#6413 = ORIENTED_EDGE ( 'NONE', *, *, #2226, .F. ) ;
#6414 = CARTESIAN_POINT ( 'NONE',  ( -2.500000143496403648, -7.100469562357416109, 21.36136083307855316 ) ) ;
#6415 = DIRECTION ( 'NONE',  ( 0.000000000000000000, 0.000000000000000000, -1.000000000000000000 ) ) ;
#6416 = CYLINDRICAL_SURFACE ( 'NONE', #7205, 1.500000000000000000 ) ;
#6417 = CARTESIAN_POINT ( 'NONE',  ( 0.000000000000000000, 0.000000000000000000, 210.0000000000000284 ) ) ;
#6418 = DIRECTION ( 'NONE',  ( 0.000000000000000000, -1.000000000000000000, 0.000000000000000000 ) ) ;
#6419 = CARTESIAN_POINT ( 'NONE',  ( -19.00000000000000355, 22.50000000000000000, 9.999999999999994671 ) ) ;
#6420 = VERTEX_POINT ( 'NONE', #6303 ) ;
#6421 = AXIS2_PLACEMENT_3D ( 'NONE', #4724, #1107, #2956 ) ;
#6422 = ORIENTED_EDGE ( 'NONE', *, *, #6741, .T. ) ;
#6423 = CARTESIAN_POINT ( 'NONE',  ( -2.096363306622415656, -11.47988789296886480, 1.234451694187109094 ) ) ;
#6424 = EDGE_CURVE ( 'NONE', #311, #4238, #6763, .T. ) ;
#6425 = AXIS2_PLACEMENT_3D ( 'NONE', #2937, #6455, #1017 ) ;
#6426 = CARTESIAN_POINT ( 'NONE',  ( 23.50000000000000000, 20.99999999999999645, 228.5000000000000000 ) ) ;
#6427 = FACE_OUTER_BOUND ( 'NONE', #5206, .T. ) ;
#6428 = CARTESIAN_POINT ( 'NONE',  ( 2.771131275791554938, -10.96561708148099079, 19.23754605540076668 ) ) ;
#6429 = DIRECTION ( 'NONE',  ( -0.000000000000000000, 0.000000000000000000, 1.000000000000000000 ) ) ;
#6430 = EDGE_LOOP ( 'NONE', ( #6213, #7642, #4543, #5014 ) ) ;
#6431 = ORIENTED_EDGE ( 'NONE', *, *, #3842, .T. ) ;
#6432 = DIRECTION ( 'NONE',  ( 0.000000000000000000, 0.000000000000000000, -1.000000000000000000 ) ) ;
#6433 = CARTESIAN_POINT ( 'NONE',  ( 2.999999999999996891, 6.324555320336759934, 209.5000000000000284 ) ) ;
#6434 = CARTESIAN_POINT ( 'NONE',  ( -2.649255829529695294, -10.98196000484004742, 210.6538932590158311 ) ) ;
#6435 = CARTESIAN_POINT ( 'NONE',  ( 3.030207851819017861, -7.446698817856630903, 20.33911859844470271 ) ) ;
#6436 = CARTESIAN_POINT ( 'NONE',  ( -2.210932336297727563, -11.21176083534571966, 210.3475977538530799 ) ) ;
#6437 = CARTESIAN_POINT ( 'NONE',  ( -2.258970643842698856, -11.21639010184452445, 19.44778515929954921 ) ) ;
#6438 = CARTESIAN_POINT ( 'NONE',  ( 0.000000000000000000, 22.50000000000000000, 1.500000000000001332 ) ) ;
#6439 = VERTEX_POINT ( 'NONE', #6939 ) ;
#6440 = ORIENTED_EDGE ( 'NONE', *, *, #572, .T. ) ;
#6441 = AXIS2_PLACEMENT_3D ( 'NONE', #2814, #3475, #2190 ) ;
#6442 = DIRECTION ( 'NONE',  ( 1.000000000000000000, 0.000000000000000000, 0.000000000000000000 ) ) ;
#6443 = CARTESIAN_POINT ( 'NONE',  ( -1.058033087880531964, -10.03572497795947349, 229.9988496366706272 ) ) ;
#6444 = CARTESIAN_POINT ( 'NONE',  ( -2.816445305360476770, -7.307709899464579273, 209.4426023589008139 ) ) ;
#6445 = VECTOR ( 'NONE', #846, 1000.000000000000000 ) ;
#6446 = CARTESIAN_POINT ( 'NONE',  ( 1.811221830515581610, -11.50000000000000000, 1.499999999999998890 ) ) ;
#6447 = EDGE_CURVE ( 'NONE', #3289, #865, #5375, .T. ) ;
#6448 = EDGE_CURVE ( 'NONE', #5257, #6479, #5588, .T. ) ;
#6449 = VERTEX_POINT ( 'NONE', #2124 ) ;
#6450 = CARTESIAN_POINT ( 'NONE',  ( 1.064573262633268902, -9.977462227845729004, 229.9996124531585053 ) ) ;
#6451 = VECTOR ( 'NONE', #1077, 1000.000000000000000 ) ;
#6452 = CARTESIAN_POINT ( 'NONE',  ( -2.925437231125013415, -10.95935349130879466, 210.8320555624177359 ) ) ;
#6453 = CARTESIAN_POINT ( 'NONE',  ( -2.865765014010340561, -11.02607130573458605, 19.06063676962947184 ) ) ;
#6454 = CARTESIAN_POINT ( 'NONE',  ( -25.00000000000000000, 20.99999999999999645, 211.5000000000000284 ) ) ;
#6455 = DIRECTION ( 'NONE',  ( -1.000000000000000000, 0.000000000000000000, 0.000000000000000000 ) ) ;
#6456 = CARTESIAN_POINT ( 'NONE',  ( -1.434954784550852791, -10.43638788331284672, 0.08072469656664157944 ) ) ;
#6457 = ORIENTED_EDGE ( 'NONE', *, *, #83, .T. ) ;
#6458 = ADVANCED_FACE ( 'NONE', ( #2749 ), #4401, .F. ) ;
#6459 = ORIENTED_EDGE ( 'NONE', *, *, #4084, .T. ) ;
#6460 = VERTEX_POINT ( 'NONE', #6856 ) ;
#6461 = CARTESIAN_POINT ( 'NONE',  ( 2.242558871722390546, -11.21043130698872758, 210.4777155648569646 ) ) ;
#6462 = CARTESIAN_POINT ( 'NONE',  ( 2.550126104156055451, -11.20088230658238793, 18.74883024134701515 ) ) ;
#6463 = CARTESIAN_POINT ( 'NONE',  ( -1.218750436008872562, -10.07003665754357868, 229.9949348503398596 ) ) ;
#6464 = CARTESIAN_POINT ( 'NONE',  ( 2.913626296283085448, -10.97007306887192613, 19.15299543975768159 ) ) ;
#6465 = CARTESIAN_POINT ( 'NONE',  ( 2.768558174104213343, -11.14786058975120753, 1.269245071166287486 ) ) ;
#6466 = EDGE_CURVE ( 'NONE', #1307, #5808, #6876, .T. ) ;
#6467 = ORIENTED_EDGE ( 'NONE', *, *, #1830, .T. ) ;
#6468 = CARTESIAN_POINT ( 'NONE',  ( -2.999999999999996891, 6.324555320336759934, 19.99999999999998934 ) ) ;
#6469 = DIRECTION ( 'NONE',  ( 0.8571428571428570953, -0.5150787536377130493, 0.000000000000000000 ) ) ;
#6470 = AXIS2_PLACEMENT_3D ( 'NONE', #3959, #1788, #6520 ) ;
#6471 = CARTESIAN_POINT ( 'NONE',  ( -2.653274959014554568, -10.99317796376302070, 210.6880415552273291 ) ) ;
#6472 = VECTOR ( 'NONE', #1163, 1000.000000000000000 ) ;
#6473 = DIRECTION ( 'NONE',  ( -1.000000000000000000, 0.000000000000000000, 0.000000000000000000 ) ) ;
#6474 = ADVANCED_BREP_SHAPE_REPRESENTATION ( 'barre cintre', ( #6946, #6790 ), #7417 ) ;
#6475 = CARTESIAN_POINT ( 'NONE',  ( -1.034095312463261473, -10.01136510415441983, 229.9996124531585053 ) ) ;
#6476 = CARTESIAN_POINT ( 'NONE',  ( -2.785410950393098162, -10.97929505023551755, 19.20262714727240905 ) ) ;
#6477 = DIRECTION ( 'NONE',  ( 0.000000000000000000, 0.000000000000000000, 1.000000000000000000 ) ) ;
#6478 = ORIENTED_EDGE ( 'NONE', *, *, #3046, .T. ) ;
#6479 = VERTEX_POINT ( 'NONE', #1493 ) ;
#6480 = CARTESIAN_POINT ( 'NONE',  ( 2.232134961610239721, -11.20759058286675369, 210.4268109209866111 ) ) ;
#6481 = DIRECTION ( 'NONE',  ( 0.000000000000000000, 0.000000000000000000, -1.000000000000000000 ) ) ;
#6482 = CARTESIAN_POINT ( 'NONE',  ( -3.999999999999998224, -8.062257748298549132, 210.0000000000000284 ) ) ;
#6483 = CARTESIAN_POINT ( 'NONE',  ( -1.499999999999997335, -11.50000000000000000, 19.77292240502029230 ) ) ;
#6484 = CARTESIAN_POINT ( 'NONE',  ( -23.50000000000000000, 13.72641929943638139, 0.000000000000000000 ) ) ;
#6485 = CARTESIAN_POINT ( 'NONE',  ( -5.000000000000000000, 3.000000000000000000, 208.5000000000000284 ) ) ;
#6486 = CARTESIAN_POINT ( 'NONE',  ( -2.924635866098804549, -10.95990153620300767, 210.8327052506361383 ) ) ;
#6487 = CARTESIAN_POINT ( 'NONE',  ( 2.913626296308029939, -10.97007306885249989, 210.8470045602167318 ) ) ;
#6488 = CARTESIAN_POINT ( 'NONE',  ( 2.578516971419558601, -7.762846798309986696, 21.01097141105192989 ) ) ;
#6489 = CARTESIAN_POINT ( 'NONE',  ( 1.233389051620919608, -10.08321008357391158, 0.007700987056312154008 ) ) ;
#6490 = CARTESIAN_POINT ( 'NONE',  ( -1.652481705796377653, -10.65764542833317741, 0.1806424275526656575 ) ) ;
#6491 = ORIENTED_EDGE ( 'NONE', *, *, #5482, .F. ) ;
#6492 = B_SPLINE_CURVE_WITH_KNOTS ( 'NONE', 3,
 ( #592, #5400, #4251, #4209, #6623, #634, #3034, #1261, #3663, #6070, #714, #4370, #3781, #5592 ),
 .UNSPECIFIED., .F., .F.,
 ( 4, 2, 2, 2, 2, 2, 4 ),
 ( 0.000000000000000000, 0.0006081289039444779613, 0.0009121933559167170504, 0.001216257807888956139, 0.001824386711833434101, 0.002128451163805672973, 0.002432515615777911845 ),
 .UNSPECIFIED. ) ;
#6493 = EDGE_LOOP ( 'NONE', ( #1056, #108, #3470, #58 ) ) ;
#6494 = VERTEX_POINT ( 'NONE', #7492 ) ;
#6495 = CARTESIAN_POINT ( 'NONE',  ( -1.571497585519447515, -10.43388446808186387, 229.8990975174970401 ) ) ;
#6496 = EDGE_CURVE ( 'NONE', #486, #3954, #483, .T. ) ;
#6497 = CARTESIAN_POINT ( 'NONE',  ( 16.66532048819021838, 6.010389983400268754, 19.99999999999998934 ) ) ;
#6498 = FACE_OUTER_BOUND ( 'NONE', #990, .T. ) ;
#6499 = CARTESIAN_POINT ( 'NONE',  ( -3.440419151014629140, -7.325174618092367140, 20.30141427340963745 ) ) ;
#6500 = CIRCLE ( 'NONE', #3590, 7.500000000000000000 ) ;
#6501 = DIRECTION ( 'NONE',  ( -1.000000000000000000, 0.000000000000000000, 0.000000000000000000 ) ) ;
#6502 = ORIENTED_EDGE ( 'NONE', *, *, #6789, .F. ) ;
#6503 = CARTESIAN_POINT ( 'NONE',  ( -3.428571428571425717, 7.228063223242011226, 20.49999999999998934 ) ) ;
#6504 = AXIS2_PLACEMENT_3D ( 'NONE', #3978, #2799, #314 ) ;
#6505 = CARTESIAN_POINT ( 'NONE',  ( 23.50000000000000000, 13.72641929943638139, 19.99999999999998934 ) ) ;
#6506 = AXIS2_PLACEMENT_3D ( 'NONE', #3484, #5270, #424 ) ;
#6507 = EDGE_CURVE ( 'NONE', #5389, #4999, #7769, .T. ) ;
#6508 = CARTESIAN_POINT ( 'NONE',  ( 2.196009640010224029, -11.21806480168290499, 19.76568443670190689 ) ) ;
#6509 = CARTESIAN_POINT ( 'NONE',  ( 2.500000000000001332, -7.100469468046930466, 21.49999999999998579 ) ) ;
#6510 = CARTESIAN_POINT ( 'NONE',  ( 16.66532048819021838, 12.22641929943638495, 18.49999999999998934 ) ) ;
#6511 = FACE_OUTER_BOUND ( 'NONE', #1408, .T. ) ;
#6512 = CARTESIAN_POINT ( 'NONE',  ( -2.398716245619552989, -11.07475901490240133, 19.53141503987514938 ) ) ;
#6513 = CIRCLE ( 'NONE', #2982, 9.000000000000000000 ) ;
#6514 = DIRECTION ( 'NONE',  ( 1.000000000000000000, -2.081331949859378477E-16, 0.000000000000000000 ) ) ;
#6515 = CIRCLE ( 'NONE', #6003, 1.500000000000001332 ) ;
#6516 = ORIENTED_EDGE ( 'NONE', *, *, #6060, .T. ) ;
#6517 = VERTEX_POINT ( 'NONE', #1052 ) ;
#6518 = CARTESIAN_POINT ( 'NONE',  ( 23.50000000000000000, 0.000000000000000000, 210.0000000000000284 ) ) ;
#6519 = CARTESIAN_POINT ( 'NONE',  ( 2.202111805378857756, -11.21309921154233713, 210.2711395345928054 ) ) ;
#6520 = DIRECTION ( 'NONE',  ( 1.000000000000000000, 0.000000000000000000, 0.000000000000000000 ) ) ;
#6521 = CARTESIAN_POINT ( 'NONE',  ( 3.577885783537228637, -10.35358342800818754, 19.66128775634754078 ) ) ;
#6522 = CARTESIAN_POINT ( 'NONE',  ( -2.846318619155718821, -7.820137802573524866, 209.4639309245458492 ) ) ;
#6523 = CARTESIAN_POINT ( 'NONE',  ( -2.076022569858088307, -11.49999999999999822, 19.39976263663191958 ) ) ;
#6524 = DIRECTION ( 'NONE',  ( -0.000000000000000000, -1.000000000000000000, 0.000000000000000000 ) ) ;
#6525 = CARTESIAN_POINT ( 'NONE',  ( -16.56935565879250660, 12.22573974357709758, 9.395898165673429503 ) ) ;
#6526 = CIRCLE ( 'NONE', #4127, 1.000000000000000000 ) ;
#6527 = CARTESIAN_POINT ( 'NONE',  ( -1.836134475770784480, -10.65351630041877584, 0.2210929368758386693 ) ) ;
#6528 = CARTESIAN_POINT ( 'NONE',  ( 4.000000000000000888, -8.062257748298547355, 19.99999999999998934 ) ) ;
#6529 = DIRECTION ( 'NONE',  ( 0.000000000000000000, 0.000000000000000000, -1.000000000000000000 ) ) ;
#6530 = CARTESIAN_POINT ( 'NONE',  ( -1.789780100621492620, -10.79478624253756891, 0.2751230764440754095 ) ) ;
#6531 = VERTEX_POINT ( 'NONE', #1678 ) ;
#6532 = AXIS2_PLACEMENT_3D ( 'NONE', #3669, #6074, #5525 ) ;
#6533 = VERTEX_POINT ( 'NONE', #7082 ) ;
#6534 = ORIENTED_EDGE ( 'NONE', *, *, #7322, .F. ) ;
#6535 = CARTESIAN_POINT ( 'NONE',  ( -2.476805560242945958, -11.16121190512339645, 228.9625920974652615 ) ) ;
#6536 = EDGE_CURVE ( 'NONE', #1928, #1760, #5091, .T. ) ;
#6537 = DIRECTION ( 'NONE',  ( -1.000000000000000000, 0.000000000000000000, 0.000000000000000000 ) ) ;
#6538 = CARTESIAN_POINT ( 'NONE',  ( -1.019636184201053508, -10.05890855260438954, 229.9991321949190137 ) ) ;
#6539 = CARTESIAN_POINT ( 'NONE',  ( 2.770010421365151743, -10.96471143819393923, 19.23995119686709998 ) ) ;
#6540 = CARTESIAN_POINT ( 'NONE',  ( 2.226568700863262418, -11.20754527997182315, 19.59884016707576038 ) ) ;
#6541 = EDGE_CURVE ( 'NONE', #5351, #5127, #5896, .T. ) ;
#6542 = ADVANCED_FACE ( 'NONE', ( #7714, #3526 ), #2822, .F. ) ;
#6543 = EDGE_CURVE ( 'NONE', #7672, #3240, #2308, .T. ) ;
#6544 = VERTEX_POINT ( 'NONE', #7163 ) ;
#6545 = VECTOR ( 'NONE', #556, 1000.000000000000000 ) ;
#6546 = DIRECTION ( 'NONE',  ( -0.000000000000000000, -0.000000000000000000, 1.000000000000000000 ) ) ;
#6547 = CARTESIAN_POINT ( 'NONE',  ( -2.309841116914686854, -11.27577324170039574, 19.13615010668769756 ) ) ;
#6548 = AXIS2_PLACEMENT_3D ( 'NONE', #2172, #2718, #905 ) ;
#6549 = CARTESIAN_POINT ( 'NONE',  ( -2.282251041477909137, -11.19976076620478089, 19.43208722758897977 ) ) ;
#6550 = CARTESIAN_POINT ( 'NONE',  ( 2.339525342084697979, -11.29856551216624716, 228.8221900273474034 ) ) ;
#6551 = DIRECTION ( 'NONE',  ( -1.000000000000000000, 0.000000000000000000, 0.000000000000000000 ) ) ;
#6552 = DIRECTION ( 'NONE',  ( 0.000000000000000000, 0.000000000000000000, -1.000000000000000000 ) ) ;
#6553 = CARTESIAN_POINT ( 'NONE',  ( -2.674374481373312129, -11.01207393620200925, 19.23338490911331533 ) ) ;
#6554 = CARTESIAN_POINT ( 'NONE',  ( -3.278343447527209964, -10.70710422619641022, 210.5776539957805369 ) ) ;
#6555 = ADVANCED_FACE ( 'NONE', ( #458 ), #5933, .T. ) ;
#6556 = EDGE_LOOP ( 'NONE', ( #6304, #1937, #877, #2587 ) ) ;
#6557 = VERTEX_POINT ( 'NONE', #539 ) ;
#6558 = DIRECTION ( 'NONE',  ( 0.000000000000000000, -1.000000000000000000, 0.000000000000000000 ) ) ;
#6559 = CARTESIAN_POINT ( 'NONE',  ( 2.200265054277152021, -11.21403125413528556, 210.2461286755280128 ) ) ;
#6560 = CARTESIAN_POINT ( 'NONE',  ( -2.884529909716579077, -10.98850279543022879, 19.13105606973634920 ) ) ;
#6561 = CARTESIAN_POINT ( 'NONE',  ( -25.00000000000000000, 13.72641929943638139, 19.99999999999998934 ) ) ;
#6562 = CARTESIAN_POINT ( 'NONE',  ( -1.019634769962117327, -10.05890430988635842, 229.9991324451409298 ) ) ;
#6563 = CARTESIAN_POINT ( 'NONE',  ( -2.118182898842567496, -11.49999999999999822, 19.64988479701364810 ) ) ;
#6564 = ADVANCED_FACE ( 'NONE', ( #2939 ), #5347, .T. ) ;
#6565 = EDGE_CURVE ( 'NONE', #2572, #6811, #591, .T. ) ;
#6566 = CARTESIAN_POINT ( 'NONE',  ( 16.51417844735356510, 12.22464279233097528, 219.6939572773627276 ) ) ;
#6567 = CARTESIAN_POINT ( 'NONE',  ( 1.559245105763414685, -11.50000000000000000, 210.6588676224565972 ) ) ;
#6568 = AXIS2_PLACEMENT_3D ( 'NONE', #2604, #6670, #3784 ) ;
#6569 = CARTESIAN_POINT ( 'NONE',  ( 2.232833601548743108, -11.20517889524170130, 19.58068504424074519 ) ) ;
#6570 = LINE ( 'NONE', #1201, #6472 ) ;
#6571 = CARTESIAN_POINT ( 'NONE',  ( -2.085859713114749159, -11.49999999999980815, 210.5083526414604478 ) ) ;
#6572 = CARTESIAN_POINT ( 'NONE',  ( -1.498210162575601911, -10.26883312444272534, 0.04604469317456864191 ) ) ;
#6573 = ORIENTED_EDGE ( 'NONE', *, *, #6305, .F. ) ;
#6574 = CIRCLE ( 'NONE', #3178, 7.716029316036113528 ) ;
#6575 =( BOUNDED_SURFACE ( )  B_SPLINE_SURFACE ( 3, 2, ( 
 ( #1720, #5428, #1802 ),
 ( #508, #3530, #2395 ),
 ( #581, #1060, #7087 ),
 ( #5313, #5978, #1685 ),
 ( #7167, #4833, #1646 ),
 ( #1762, #3609, #5390 ),
 ( #4080, #6495, #2981 ),
 ( #543, #3454, #2944 ),
 ( #4121, #5352, #5864 ),
 ( #7799, #2353, #4751 ),
 ( #4789, #7204, #3569 ),
 ( #4159, #1170, #5275 ),
 ( #463, #4200, #2866 ),
 ( #1208, #1094, #2903 ),
 ( #7682, #7719, #2315 ),
 ( #4712, #6535, #6014 ),
 ( #622, #3021, #1129 ),
 ( #6653, #61, #4277 ),
 ( #1920, #4917, #3688 ),
 ( #2512, #2473, #1329 ) ),
 .UNSPECIFIED., .F., .F., .T. ) 
 B_SPLINE_SURFACE_WITH_KNOTS ( ( 4, 2, 2, 2, 2, 2, 2, 2, 2, 4 ),
 ( 3, 3 ),
 ( -6.424541617016527040E-14, 0.0003070539115062304687, 0.0006141078230767063129, 0.001228215646217658110, 0.001842323469358610015, 0.002456431292499561703, 0.003070539115640513392, 0.003684646938781465514, 0.004298754761922417636, 0.004912862585063368891 ),
 ( 0.000000000000000000, 1.000000000000000000 ),
 .UNSPECIFIED. ) 
 GEOMETRIC_REPRESENTATION_ITEM ( )  RATIONAL_B_SPLINE_SURFACE ( (
 ( 1.000000000000000000, 0.9997586081350662290, 1.000000000000000000),
 ( 1.000000000000000000, 0.9996119287855433910, 1.000000000000000000),
 ( 1.000000000000000000, 0.9994589012895519486, 1.000000000000000000),
 ( 1.000000000000000000, 0.9991145364285111130, 1.000000000000000000),
 ( 1.000000000000000000, 0.9989239239993115138, 1.000000000000000000),
 ( 1.000000000000000000, 0.9982980001539788484, 1.000000000000000000),
 ( 1.000000000000000000, 0.9978066264857938794, 1.000000000000000000),
 ( 1.000000000000000000, 0.9966847958755478132, 1.000000000000000000),
 ( 1.000000000000000000, 0.9960475138771730519, 1.000000000000000000),
 ( 1.000000000000000000, 0.9946951026707034904, 1.000000000000000000),
 ( 1.000000000000000000, 0.9939855751183579446, 1.000000000000000000),
 ( 1.000000000000000000, 0.9925482811490118351, 1.000000000000000000),
 ( 1.000000000000000000, 0.9918119595237083752, 1.000000000000000000),
 ( 1.000000000000000000, 0.9904180908628464897, 1.000000000000000000),
 ( 1.000000000000000000, 0.9897679765706991484, 1.000000000000000000),
 ( 1.000000000000000000, 0.9886340237073155679, 1.000000000000000000),
 ( 1.000000000000000000, 0.9881465109873249775, 1.000000000000000000),
 ( 1.000000000000000000, 0.9874825472007290328, 1.000000000000000000),
 ( 1.000000000000000000, 0.9873013850622226473, 1.000000000000000000),
 ( 1.000000000000000000, 0.9873019781227576619, 1.000000000000000000) ) ) 
 REPRESENTATION_ITEM ( '' )  SURFACE ( )  );
#6576 = EDGE_LOOP ( 'NONE', ( #6478, #2329 ) ) ;
#6577 = ORIENTED_EDGE ( 'NONE', *, *, #7569, .T. ) ;
#6578 = FACE_OUTER_BOUND ( 'NONE', #6873, .T. ) ;
#6579 = CARTESIAN_POINT ( 'NONE',  ( 23.50000000000000000, 20.99999999999999645, 18.49999999999998934 ) ) ;
#6580 = CARTESIAN_POINT ( 'NONE',  ( 2.264063231685708555, -11.21728919258647927, 210.5703700831788012 ) ) ;
#6581 = CARTESIAN_POINT ( 'NONE',  ( -3.591512904759109226, -7.529012958062774707, 20.14858447756513371 ) ) ;
#6582 = EDGE_CURVE ( 'NONE', #6103, #1644, #3360, .T. ) ;
#6583 = DIRECTION ( 'NONE',  ( 0.000000000000000000, 0.000000000000000000, -1.000000000000000000 ) ) ;
#6584 = EDGE_CURVE ( 'NONE', #6449, #2219, #7395, .T. ) ;
#6585 = ORIENTED_EDGE ( 'NONE', *, *, #1573, .F. ) ;
#6586 = CARTESIAN_POINT ( 'NONE',  ( 1.029437251522794083, -10.02943725152267795, 228.9991326960065692 ) ) ;
#6587 = CARTESIAN_POINT ( 'NONE',  ( -2.345405229801910352, -11.34536861541394970, 18.49999999999998934 ) ) ;
#6588 = CARTESIAN_POINT ( 'NONE',  ( -2.257747252451488773, -11.21748840370806555, 19.44788340372884505 ) ) ;
#6589 = CARTESIAN_POINT ( 'NONE',  ( 1.997117867974553596, -10.99038578928055188, 229.5165082374793144 ) ) ;
#6590 = DIRECTION ( 'NONE',  ( -0.000000000000000000, 0.000000000000000000, 1.000000000000000000 ) ) ;
#6591 = CARTESIAN_POINT ( 'NONE',  ( 3.499999999999999556, 6.324555320336759934, 209.5000000000000284 ) ) ;
#6592 = CARTESIAN_POINT ( 'NONE',  ( -2.508763298040738388, -11.07403791790109082, 19.30856953959268907 ) ) ;
#6593 = CARTESIAN_POINT ( 'NONE',  ( -2.884529909719971918, -10.98850279542810959, 210.8689439302610822 ) ) ;
#6594 = ORIENTED_EDGE ( 'NONE', *, *, #4562, .F. ) ;
#6595 = ORIENTED_EDGE ( 'NONE', *, *, #7361, .F. ) ;
#6596 = CARTESIAN_POINT ( 'NONE',  ( 1.046601154177997817, -10.02297294153587259, 0.0006718806905529877554 ) ) ;
#6597 = TOROIDAL_SURFACE ( 'NONE', #3065, 1.000000000000000000, 0.5000000000000000000 ) ;
#6598 = CARTESIAN_POINT ( 'NONE',  ( 2.262816206288557286, -11.21794744403168131, 210.5688231558267773 ) ) ;
#6599 = CARTESIAN_POINT ( 'NONE',  ( 4.000000000000000000, 23.00000000000000000, 209.5000000000000284 ) ) ;
#6600 = CARTESIAN_POINT ( 'NONE',  ( 1.022715479457779963, -9.990904658303376706, 0.0001288140193813966784 ) ) ;
#6601 = CARTESIAN_POINT ( 'NONE',  ( 0.000000000000000000, 0.000000000000000000, 19.99999999999998934 ) ) ;
#6602 = CARTESIAN_POINT ( 'NONE',  ( 25.00000000000000000, 20.99999999999999645, 211.5000000000000284 ) ) ;
#6603 = CARTESIAN_POINT ( 'NONE',  ( -2.547738583101526011, -11.07995628559839396, 19.12910346301336162 ) ) ;
#6604 = CARTESIAN_POINT ( 'NONE',  ( 1.804416704376981873, -11.50000000000000000, 211.3895832941182107 ) ) ;
#6605 = EDGE_CURVE ( 'NONE', #5127, #5465, #849, .T. ) ;
#6606 = CARTESIAN_POINT ( 'NONE',  ( 2.283697408298238862, -11.19873571202290741, 19.43137067707088050 ) ) ;
#6607 = CARTESIAN_POINT ( 'NONE',  ( -1.489584960381061585, -10.49219091535574222, 0.1026024799195824067 ) ) ;
#6608 = FACE_OUTER_BOUND ( 'NONE', #3803, .T. ) ;
#6609 = CARTESIAN_POINT ( 'NONE',  ( 2.098863573913812175, -11.10073210851686198, 0.6319154871831355047 ) ) ;
#6610 = CARTESIAN_POINT ( 'NONE',  ( -6.428571428571426161, 3.863090652282850535, 21.49999999999999289 ) ) ;
#6611 = ORIENTED_EDGE ( 'NONE', *, *, #7221, .F. ) ;
#6612 = ORIENTED_EDGE ( 'NONE', *, *, #3426, .T. ) ;
#6613 = EDGE_LOOP ( 'NONE', ( #993, #2715, #7756, #6065 ) ) ;
#6614 = DIRECTION ( 'NONE',  ( 1.000000000000000000, 0.000000000000000000, 0.000000000000000000 ) ) ;
#6615 = CARTESIAN_POINT ( 'NONE',  ( -23.50000000000000000, 20.99999999999999645, 228.5000000000000000 ) ) ;
#6616 = CARTESIAN_POINT ( 'NONE',  ( 2.283827497843653020, -11.19873879864679722, 210.5691016543325702 ) ) ;
#6617 = DIRECTION ( 'NONE',  ( -1.000000000000000000, 0.000000000000000000, 0.000000000000000000 ) ) ;
#6618 = CARTESIAN_POINT ( 'NONE',  ( 2.674355488890492349, -11.01205124716814332, 19.23345053182360687 ) ) ;
#6619 = CARTESIAN_POINT ( 'NONE',  ( 2.242155049786040077, -11.21008489170402811, 19.52505473174771922 ) ) ;
#6620 = ORIENTED_EDGE ( 'NONE', *, *, #514, .T. ) ;
#6621 = CARTESIAN_POINT ( 'NONE',  ( 1.094885373981043797, -10.02820915720523232, 229.9975322612575042 ) ) ;
#6622 = CIRCLE ( 'NONE', #2723, 10.00000000000000000 ) ;
#6623 = CARTESIAN_POINT ( 'NONE',  ( -1.663629935497545009, -11.29881886869511831, 0.7436658944875764732 ) ) ;
#6624 = CARTESIAN_POINT ( 'NONE',  ( 2.119187930999127722, -11.50000000000000178, 228.5000000000000284 ) ) ;
#6625 = CARTESIAN_POINT ( 'NONE',  ( -23.50000000000000000, 13.72641929943638139, 228.5000000000000000 ) ) ;
#6626 = B_SPLINE_CURVE_WITH_KNOTS ( 'NONE', 3,
 ( #3376, #5854, #451, #5264, #1870, #4269, #5454, #535, #7194, #3597, #7276, #4189, #2970, #6683, #3010, #2301 ),
 .UNSPECIFIED., .F., .F.,
 ( 4, 2, 2, 2, 2, 2, 2, 4 ),
 ( -8.057489801171544602E-06, 0.0002872124150174127028, 0.0005824823198359969315, 0.0008777522246545812687, 0.001173022129473165389, 0.001763561939110334063, 0.002058831843928917750, 0.002354101748747501870 ),
 .UNSPECIFIED. ) ;
#6627 = CARTESIAN_POINT ( 'NONE',  ( -25.00000000000000000, 20.99999999999999645, 1.500000000000001332 ) ) ;
#6628 = AXIS2_PLACEMENT_3D ( 'NONE', #3251, #7476, #2069 ) ;
#6629 = CARTESIAN_POINT ( 'NONE',  ( -2.455140164125768631, -11.09830758725685484, 19.33508998932135725 ) ) ;
#6630 = CARTESIAN_POINT ( 'NONE',  ( -3.705249945309679216, -10.13589649405803073, 210.2224836783175590 ) ) ;
#6631 = ORIENTED_EDGE ( 'NONE', *, *, #7368, .F. ) ;
#6632 = ORIENTED_EDGE ( 'NONE', *, *, #2495, .F. ) ;
#6633 = DIRECTION ( 'NONE',  ( -1.000000000000000000, 0.000000000000000000, -0.000000000000000000 ) ) ;
#6634 = CARTESIAN_POINT ( 'NONE',  ( 2.199211101188968343, -11.21501842615513667, 210.2448286353156561 ) ) ;
#6635 = CARTESIAN_POINT ( 'NONE',  ( -2.818148898562729432, -11.09786767333690349, 211.1122749779894150 ) ) ;
#6636 = FACE_OUTER_BOUND ( 'NONE', #5263, .T. ) ;
#6637 = CARTESIAN_POINT ( 'NONE',  ( 1.094885373919632698, -10.02820915715254557, 229.9975322612607727 ) ) ;
#6638 = AXIS2_PLACEMENT_3D ( 'NONE', #648, #565, #47 ) ;
#6639 = CARTESIAN_POINT ( 'NONE',  ( -2.345821494546495245, -11.34510543674623584, 18.49999999999998934 ) ) ;
#6640 = ADVANCED_FACE ( 'NONE', ( #3603 ), #6001, .F. ) ;
#6641 = EDGE_CURVE ( 'NONE', #6347, #2256, #4616, .T. ) ;
#6642 = CARTESIAN_POINT ( 'NONE',  ( 1.046449928396840701, -9.969741471413831491, 229.9998307192281857 ) ) ;
#6643 = CARTESIAN_POINT ( 'NONE',  ( 2.362200709444127078, -11.08691786681983160, 210.5049451344259523 ) ) ;
#6644 = ADVANCED_FACE ( 'NONE', ( #5974 ), #4195, .T. ) ;
#6645 = CARTESIAN_POINT ( 'NONE',  ( 2.196979905208867656, -11.21711347943762149, 19.76690190951354253 ) ) ;
#6646 = CARTESIAN_POINT ( 'NONE',  ( -1.946755124055754349, -10.58226882426440341, 0.1929614737784781653 ) ) ;
#6647 = CARTESIAN_POINT ( 'NONE',  ( 3.499999999999999556, 6.324555320336759934, 210.0000000000000284 ) ) ;
#6648 = CARTESIAN_POINT ( 'NONE',  ( 2.256926087641283107, -10.99036630284468252, 0.6175662319221011387 ) ) ;
#6649 = CARTESIAN_POINT ( 'NONE',  ( 0.000000000000000000, 0.000000000000000000, 19.99999999999998934 ) ) ;
#6650 = ORIENTED_EDGE ( 'NONE', *, *, #3426, .F. ) ;
#6651 = ORIENTED_EDGE ( 'NONE', *, *, #4758, .T. ) ;
#6652 = ORIENTED_EDGE ( 'NONE', *, *, #1547, .F. ) ;
#6653 = CARTESIAN_POINT ( 'NONE',  ( -2.338132871006630253, -11.33797903425831954, 228.6808394335291439 ) ) ;
#6654 = AXIS2_PLACEMENT_3D ( 'NONE', #3770, #4438, #3690 ) ;
#6655 = DIRECTION ( 'NONE',  ( 1.000000000000000000, 0.000000000000000000, 0.000000000000000000 ) ) ;
#6656 = CARTESIAN_POINT ( 'NONE',  ( 2.265626592260332917, -11.15606465072234244, 210.3143562662448858 ) ) ;
#6657 = DIRECTION ( 'NONE',  ( 0.000000000000000000, 0.000000000000000000, 1.000000000000000000 ) ) ;
#6658 = AXIS2_PLACEMENT_3D ( 'NONE', #7030, #960, #2328 ) ;
#6659 = CARTESIAN_POINT ( 'NONE',  ( -1.088311754568264789, -10.02943725152275611, 0.002601911980294529733 ) ) ;
#6660 = CARTESIAN_POINT ( 'NONE',  ( 2.650206625131949156, -10.99118129070787830, 19.30305662278891177 ) ) ;
#6661 = CARTESIAN_POINT ( 'NONE',  ( 2.345405229801960534, -11.34536861541393193, 211.5000000000000284 ) ) ;
#6662 = EDGE_LOOP ( 'NONE', ( #7400, #2314, #3882, #6864, #6632 ) ) ;
#6663 = EDGE_CURVE ( 'NONE', #1580, #7360, #2033, .T. ) ;
#6664 = AXIS2_PLACEMENT_3D ( 'NONE', #4010, #2317, #988 ) ;
#6665 = ORIENTED_EDGE ( 'NONE', *, *, #1709, .T. ) ;
#6666 = CARTESIAN_POINT ( 'NONE',  ( 2.458335045200262581, -10.96658169898306312, 19.41012295754582340 ) ) ;
#6667 = CARTESIAN_POINT ( 'NONE',  ( 2.256239242335924100, -11.21450861750618344, 19.46233291413735600 ) ) ;
#6668 = CARTESIAN_POINT ( 'NONE',  ( 3.088235294117648078, -6.834676493307207501, 230.0000000000000000 ) ) ;
#6669 = CARTESIAN_POINT ( 'NONE',  ( 2.783601829262581262, -11.15802674562693753, 211.5000000000000284 ) ) ;
#6670 = DIRECTION ( 'NONE',  ( 0.7064927061134197439, -0.7064927061134486097, 0.04166668233773507257 ) ) ;
#6671 = CARTESIAN_POINT ( 'NONE',  ( 10.81795374094970263, 3.901522377056461099, 211.5000000000000284 ) ) ;
#6672 = AXIS2_PLACEMENT_3D ( 'NONE', #3751, #4975, #2729 ) ;
#6673 = ORIENTED_EDGE ( 'NONE', *, *, #1139, .T. ) ;
#6674 = EDGE_LOOP ( 'NONE', ( #2629, #1728, #5747, #7494 ) ) ;
#6675 = CARTESIAN_POINT ( 'NONE',  ( 1.034095312463373162, -10.01136510415445535, 0.0003875468415114394216 ) ) ;
#6676 = CARTESIAN_POINT ( 'NONE',  ( -2.340909775794553838, -11.15169861570246290, 210.5778402452706928 ) ) ;
#6677 = DIRECTION ( 'NONE',  ( -0.000000000000000000, 0.000000000000000000, -1.000000000000000000 ) ) ;
#6678 = CIRCLE ( 'NONE', #7683, 7.500000000000000000 ) ;
#6679 = DIRECTION ( 'NONE',  ( -0.000000000000000000, -0.000000000000000000, 1.000000000000000000 ) ) ;
#6680 = CARTESIAN_POINT ( 'NONE',  ( -3.779976637959937324, -9.922438674644840972, 19.86675258756314477 ) ) ;
#6681 = DIRECTION ( 'NONE',  ( 0.000000000000000000, 0.000000000000000000, 1.000000000000000000 ) ) ;
#6682 = CARTESIAN_POINT ( 'NONE',  ( -2.550126027775112547, -11.20088350987801462, 18.74882091573944720 ) ) ;
#6683 = CARTESIAN_POINT ( 'NONE',  ( -2.509924152849709600, -7.748102872574075484, 21.30131210180277179 ) ) ;
#6684 = CARTESIAN_POINT ( 'NONE',  ( 2.261148861563285983, -11.21474627785230282, 19.44660589248773874 ) ) ;
#6685 = CARTESIAN_POINT ( 'NONE',  ( 2.500000000000001776, -9.626896131324699013, 21.49999999503939563 ) ) ;
#6686 = DIRECTION ( 'NONE',  ( -1.000000000000000000, -0.000000000000000000, 0.000000000000000000 ) ) ;
#6687 = CARTESIAN_POINT ( 'NONE',  ( 1.034095312463376937, -10.01136510415444469, 0.0003875468415112225812 ) ) ;
#6688 = EDGE_CURVE ( 'NONE', #1038, #4025, #4383, .T. ) ;
#6689 = ORIENTED_EDGE ( 'NONE', *, *, #4, .T. ) ;
#6690 = ORIENTED_EDGE ( 'NONE', *, *, #6990, .T. ) ;
#6691 = VERTEX_POINT ( 'NONE', #7430 ) ;
#6692 = COLOUR_RGB ( '',0.7921568627450980005, 0.8196078431372548767, 0.9333333333333333481 ) ;
#6693 = DIRECTION ( 'NONE',  ( -1.000000000000000000, 0.000000000000000000, 0.000000000000000000 ) ) ;
#6694 = FACE_OUTER_BOUND ( 'NONE', #2158, .T. ) ;
#6695 = CARTESIAN_POINT ( 'NONE',  ( 2.286889124534060791, -11.15200783895212489, 210.4125403523875661 ) ) ;
#6696 = DIRECTION ( 'NONE',  ( 0.9406916296478007311, 0.3392628153962131132, 0.000000000000000000 ) ) ;
#6697 = CARTESIAN_POINT ( 'NONE',  ( 0.000000000000000000, 0.000000000000000000, 230.0000000000000000 ) ) ;
#6698 = CARTESIAN_POINT ( 'NONE',  ( 2.454255554666308736, -11.04760729521553841, 19.48816881423537595 ) ) ;
#6699 = ADVANCED_FACE ( 'NONE', ( #1244 ), #1798, .F. ) ;
#6700 = FACE_OUTER_BOUND ( 'NONE', #6317, .T. ) ;
#6701 = ORIENTED_EDGE ( 'NONE', *, *, #5503, .F. ) ;
#6702 = AXIS2_PLACEMENT_3D ( 'NONE', #6281, #883, #2147 ) ;
#6703 = ORIENTED_EDGE ( 'NONE', *, *, #7532, .F. ) ;
#6704 = CARTESIAN_POINT ( 'NONE',  ( -1.216127480640845970, -10.49329191130654415, 0.08124734238772172989 ) ) ;
#6705 = CARTESIAN_POINT ( 'NONE',  ( 2.500000000000001776, -10.00000000000000000, 230.0000000000000000 ) ) ;
#6706 = CARTESIAN_POINT ( 'NONE',  ( -16.66532048819021838, 6.010389983400267866, 210.0000000000000284 ) ) ;
#6707 = CARTESIAN_POINT ( 'NONE',  ( 2.455451578857816841, -11.09847002044917019, 19.33410703848739232 ) ) ;
#6708 = CARTESIAN_POINT ( 'NONE',  ( 2.999999999999996891, 6.324555320336759934, 209.5000000000000284 ) ) ;
#6709 = DIRECTION ( 'NONE',  ( 0.000000000000000000, 0.000000000000000000, 1.000000000000000000 ) ) ;
#6710 = ORIENTED_EDGE ( 'NONE', *, *, #2835, .F. ) ;
#6711 = ORIENTED_EDGE ( 'NONE', *, *, #1961, .T. ) ;
#6712 = DIRECTION ( 'NONE',  ( 1.000000000000000000, 0.000000000000000000, 0.000000000000000000 ) ) ;
#6713 = CARTESIAN_POINT ( 'NONE',  ( -2.468603541550944414, -11.05089930670727050, 210.5566513617472424 ) ) ;
#6714 = DIRECTION ( 'NONE',  ( 0.000000000000000000, -1.000000000000000000, 0.000000000000000000 ) ) ;
#6715 = DIRECTION ( 'NONE',  ( 0.000000000000000000, -0.000000000000000000, -1.000000000000000000 ) ) ;
#6716 = CARTESIAN_POINT ( 'NONE',  ( -1.080835404644297393, -10.01630827037165794, 229.9983066090184423 ) ) ;
#6717 = CARTESIAN_POINT ( 'NONE',  ( 1.120722134117644542, -10.00775315812920141, 229.9983512667938612 ) ) ;
#6718 = AXIS2_PLACEMENT_3D ( 'NONE', #3928, #1569, #1491 ) ;
#6719 = AXIS2_PLACEMENT_3D ( 'NONE', #6943, #6387, #2948 ) ;
#6720 = CARTESIAN_POINT ( 'NONE',  ( -2.910319365000820113, -10.97327289483936852, 19.14837008834030740 ) ) ;
#6721 = CARTESIAN_POINT ( 'NONE',  ( 2.345821494546881603, -11.34510543674599958, 18.49999999999998579 ) ) ;
#6722 = CARTESIAN_POINT ( 'NONE',  ( 2.239639317143321762, -11.18678114756311537, 19.63820636420350496 ) ) ;
#6723 = AXIS2_PLACEMENT_3D ( 'NONE', #3404, #5811, #7630 ) ;
#6724 = CARTESIAN_POINT ( 'NONE',  ( -2.736910953196505236, -11.12649787470632745, 1.093952544855786746 ) ) ;
#6725 = SPHERICAL_SURFACE ( 'NONE', #1311, 1.500000000000000000 ) ;
#6726 = CARTESIAN_POINT ( 'NONE',  ( 1.029437251530376685, -10.08831175456587204, 0.002601911980153248215 ) ) ;
#6727 = VECTOR ( 'NONE', #3341, 1000.000000000000000 ) ;
#6728 = EDGE_LOOP ( 'NONE', ( #740, #4180, #3100, #7678 ) ) ;
#6729 = VERTEX_POINT ( 'NONE', #6610 ) ;
#6730 = EDGE_CURVE ( 'NONE', #7124, #4412, #6966, .T. ) ;
#6731 = ORIENTED_EDGE ( 'NONE', *, *, #7062, .F. ) ;
#6732 = DIRECTION ( 'NONE',  ( -0.000000000000000000, -0.000000000000000000, -1.000000000000000000 ) ) ;
#6733 = DIRECTION ( 'NONE',  ( 0.000000000000000000, 0.000000000000000000, 1.000000000000000000 ) ) ;
#6734 = CARTESIAN_POINT ( 'NONE',  ( 2.265478514730207227, -11.15612671683959078, 210.3135792525867771 ) ) ;
#6735 = CARTESIAN_POINT ( 'NONE',  ( 1.028332120927749616, -9.962004558699923962, 4.389459035841521958E-05 ) ) ;
#6736 = CARTESIAN_POINT ( 'NONE',  ( 4.000000000000000000, 0.000000000000000000, 210.0000000000000284 ) ) ;
#6737 = CARTESIAN_POINT ( 'NONE',  ( 2.438803612476669880, -11.08636338161631585, 19.39766191493108138 ) ) ;
#6738 = CYLINDRICAL_SURFACE ( 'NONE', #4369, 1.500000000000000000 ) ;
#6739 = ORIENTED_EDGE ( 'NONE', *, *, #2013, .T. ) ;
#6740 = ADVANCED_FACE ( 'NONE', ( #805 ), #1777, .T. ) ;
#6741 = EDGE_CURVE ( 'NONE', #2572, #3280, #6183, .T. ) ;
#6742 = VERTEX_POINT ( 'NONE', #2428 ) ;
#6743 = CARTESIAN_POINT ( 'NONE',  ( 3.816524958025397929, -8.024323092184536321, 210.0000000000000284 ) ) ;
#6744 = CARTESIAN_POINT ( 'NONE',  ( -2.500000000004691803, -9.711765941086307308, 209.8995813318119588 ) ) ;
#6745 = DIRECTION ( 'NONE',  ( 1.000000000000000000, 0.000000000000000000, 0.000000000000000000 ) ) ;
#6746 = CARTESIAN_POINT ( 'NONE',  ( 2.329836814608349016, -11.16778358135969995, 19.40297898175640512 ) ) ;
#6747 = DIRECTION ( 'NONE',  ( 0.000000000000000000, 0.000000000000000000, -1.000000000000000000 ) ) ;
#6748 = CARTESIAN_POINT ( 'NONE',  ( 2.345405229801949876, -11.34536861541393193, 18.66224311048221907 ) ) ;
#6749 = ORIENTED_EDGE ( 'NONE', *, *, #5165, .T. ) ;
#6750 = ORIENTED_EDGE ( 'NONE', *, *, #1313, .F. ) ;
#6751 = EDGE_CURVE ( 'NONE', #5714, #5798, #7699, .T. ) ;
#6752 = CARTESIAN_POINT ( 'NONE',  ( -3.878090785830246023, -7.906559407826412311, 209.9999999999999716 ) ) ;
#6753 = CARTESIAN_POINT ( 'NONE',  ( -2.668117576478894915, -11.02600286297584198, 210.7810002706698072 ) ) ;
#6754 = CARTESIAN_POINT ( 'NONE',  ( -23.50000000000000000, 12.22641929943638317, 210.0000000000000284 ) ) ;
#6755 = CARTESIAN_POINT ( 'NONE',  ( 1.019636184201158757, -10.05890855260471639, 0.0008678050809890366880 ) ) ;
#6756 = CARTESIAN_POINT ( 'NONE',  ( -3.999999999999998224, -7.071067811865475505, 208.5000000000000284 ) ) ;
#6757 = AXIS2_PLACEMENT_3D ( 'NONE', #2541, #253, #2658 ) ;
#6758 = CARTESIAN_POINT ( 'NONE',  ( -1.034095312463261473, -10.01136510415441983, 229.9996124531585053 ) ) ;
#6759 = EDGE_CURVE ( 'NONE', #7517, #311, #2539, .T. ) ;
#6760 = CARTESIAN_POINT ( 'NONE',  ( -2.899269427844038738, -10.98519740407191314, 19.12989597600681435 ) ) ;
#6761 = CARTESIAN_POINT ( 'NONE',  ( 2.409456307619163518, -10.91747512616483995, 19.73715599805915488 ) ) ;
#6762 = AXIS2_PLACEMENT_3D ( 'NONE', #7540, #2138, #2442 ) ;
#6763 = CIRCLE ( 'NONE', #1852, 0.5000000000000004441 ) ;
#6764 = DIRECTION ( 'NONE',  ( -1.000000000000000000, 0.000000000000000000, 0.000000000000000000 ) ) ;
#6765 = CARTESIAN_POINT ( 'NONE',  ( 2.783601829262495109, -11.15802674562695884, 211.3815686232148039 ) ) ;
#6766 = CARTESIAN_POINT ( 'NONE',  ( -1.016460435404253237, -9.964757506428652434, -2.549999459064196673E-10 ) ) ;
#6767 = CARTESIAN_POINT ( 'NONE',  ( 1.394954764953242332, -10.19628150842407877, 0.02784599343476291955 ) ) ;
#6768 = ORIENTED_EDGE ( 'NONE', *, *, #2076, .F. ) ;
#6769 = CIRCLE ( 'NONE', #981, 1.000000000000000000 ) ;
#6770 = AXIS2_PLACEMENT_3D ( 'NONE', #4879, #3071, #5472 ) ;
#6771 = ORIENTED_EDGE ( 'NONE', *, *, #1545, .T. ) ;
#6772 = ORIENTED_EDGE ( 'NONE', *, *, #6447, .T. ) ;
#6773 = CARTESIAN_POINT ( 'NONE',  ( 2.046105033060567902, -11.04872689966973631, 229.4451073531448060 ) ) ;
#6774 = CARTESIAN_POINT ( 'NONE',  ( -2.783601829262493776, -11.15802674562695707, 210.0000000000000284 ) ) ;
#6775 = CARTESIAN_POINT ( 'NONE',  ( 2.781760817388307938, -10.97751251521684246, 210.7794633161004754 ) ) ;
#6776 = CARTESIAN_POINT ( 'NONE',  ( 3.588511471053352331, -10.33801090994272620, 210.3296192570209939 ) ) ;
#6777 = CARTESIAN_POINT ( 'NONE',  ( 1.822068548185082015, -10.82057428234645968, 229.6897056753165032 ) ) ;
#6778 = CARTESIAN_POINT ( 'NONE',  ( -1.000000000000000888, -10.00000000000000178, 1.301042606982605321E-15 ) ) ;
#6779 = CARTESIAN_POINT ( 'NONE',  ( 2.451928969044796514, -11.04717967320734218, 19.49594895364755587 ) ) ;
#6780 = ORIENTED_EDGE ( 'NONE', *, *, #7720, .T. ) ;
#6781 = TOROIDAL_SURFACE ( 'NONE', #101, 10.00000000000000000, 1.500000000000000000 ) ;
#6782 = CARTESIAN_POINT ( 'NONE',  ( 2.500000000000000888, -7.745966712016628009, 208.6084378223650049 ) ) ;
#6783 = CARTESIAN_POINT ( 'NONE',  ( -2.783601829262493332, -11.15802674562695529, 228.5000000000000000 ) ) ;
#6784 = DIRECTION ( 'NONE',  ( 0.000000000000000000, 0.000000000000000000, 1.000000000000000000 ) ) ;
#6785 = CARTESIAN_POINT ( 'NONE',  ( 2.275220868911516536, -11.23173043695771511, 210.6476727125844661 ) ) ;
#6786 = EDGE_CURVE ( 'NONE', #6987, #2312, #5645, .T. ) ;
#6787 = FACE_OUTER_BOUND ( 'NONE', #1089, .T. ) ;
#6788 = CARTESIAN_POINT ( 'NONE',  ( -19.00000000000000355, 22.50000000000000000, 222.5000000000000284 ) ) ;
#6789 = EDGE_CURVE ( 'NONE', #3977, #1782, #5058, .T. ) ;
#6790 = AXIS2_PLACEMENT_3D ( 'NONE', #7615, #6390, #6357 ) ;
#6791 = VERTEX_POINT ( 'NONE', #3357 ) ;
#6792 = ORIENTED_EDGE ( 'NONE', *, *, #3498, .T. ) ;
#6793 = DIRECTION ( 'NONE',  ( -0.000000000000000000, -0.000000000000000000, -1.000000000000000000 ) ) ;
#6794 = CARTESIAN_POINT ( 'NONE',  ( -2.668658725067197590, -11.02698717526656225, 210.7838209640153195 ) ) ;
#6795 = CYLINDRICAL_SURFACE ( 'NONE', #2307, 1.500000000000001332 ) ;
#6796 = DIRECTION ( 'NONE',  ( 1.000000000000000000, 0.000000000000000000, 1.209741371404878502E-16 ) ) ;
#6797 = CARTESIAN_POINT ( 'NONE',  ( 2.913626296288682749, -10.97007306887150690, 19.15299543975554997 ) ) ;
#6798 = CARTESIAN_POINT ( 'NONE',  ( -2.042607718696756169, -10.64840097864215807, 0.2444893997076881820 ) ) ;
#6799 = EDGE_CURVE ( 'NONE', #759, #759, #3410, .T. ) ;
#6800 = AXIS2_PLACEMENT_3D ( 'NONE', #1183, #5289, #2368 ) ;
#6801 = CARTESIAN_POINT ( 'NONE',  ( -1.139710732556936001, -10.21063403311768880, 229.9876066497949978 ) ) ;
#6802 = CARTESIAN_POINT ( 'NONE',  ( 2.076506441496298372, -11.50000000000007105, 19.07414425646189216 ) ) ;
#6803 = CARTESIAN_POINT ( 'NONE',  ( 4.000000000000022204, 23.00000000000000000, 21.49999999999999289 ) ) ;
#6804 = AXIS2_PLACEMENT_3D ( 'NONE', #417, #2338, #4067 ) ;
#6805 = CARTESIAN_POINT ( 'NONE',  ( -23.50000000000000000, 20.99999999999999645, 1.500000000000000000 ) ) ;
#6806 = CARTESIAN_POINT ( 'NONE',  ( 2.332895542370621023, -11.17009827364824659, 210.6113804219737915 ) ) ;
#6807 = DIRECTION ( 'NONE',  ( 0.000000000000000000, -0.000000000000000000, -1.000000000000000000 ) ) ;
#6808 = ORIENTED_EDGE ( 'NONE', *, *, #2803, .F. ) ;
#6809 = ADVANCED_FACE ( 'NONE', ( #3873 ), #2765, .T. ) ;
#6810 = CARTESIAN_POINT ( 'NONE',  ( 1.177500065149563735, -10.15726988767532823, 0.01180371630432636675 ) ) ;
#6811 = VERTEX_POINT ( 'NONE', #361 ) ;
#6812 = ORIENTED_EDGE ( 'NONE', *, *, #2024, .F. ) ;
#6813 = CARTESIAN_POINT ( 'NONE',  ( 1.281008084226576527, -10.27734428396298050, 229.9660684496699616 ) ) ;
#6814 = CARTESIAN_POINT ( 'NONE',  ( 2.652851941932846902, -10.99678687989131198, 210.6968831654012888 ) ) ;
#6815 = CARTESIAN_POINT ( 'NONE',  ( -1.791668028416418368, -10.79666123580648041, 229.7230571568188111 ) ) ;
#6816 = CARTESIAN_POINT ( 'NONE',  ( 2.338694221649984861, -11.32942387182560218, 211.1840025052855765 ) ) ;
#6817 = DIRECTION ( 'NONE',  ( -9.791996142006161452E-17, 1.000000000000000000, -0.000000000000000000 ) ) ;
#6818 = CARTESIAN_POINT ( 'NONE',  ( 2.327008307406492005, -11.16566400564010486, 19.41632927046974189 ) ) ;
#6819 = ORIENTED_EDGE ( 'NONE', *, *, #3406, .T. ) ;
#6820 = VECTOR ( 'NONE', #617, 1000.000000000000000 ) ;
#6821 = CARTESIAN_POINT ( 'NONE',  ( -1.061627984725041385, -10.18487192589906698, 0.008296722334163363077 ) ) ;
#6822 = ADVANCED_FACE ( 'NONE', ( #4614 ), #4086, .T. ) ;
#6823 = CARTESIAN_POINT ( 'NONE',  ( 2.500000000000023537, -9.996319638934904717, 209.9584140316646881 ) ) ;
#6824 = DIRECTION ( 'NONE',  ( -1.232566680299310083E-16, -0.000000000000000000, -1.000000000000000000 ) ) ;
#6825 = AXIS2_PLACEMENT_3D ( 'NONE', #3007, #6083, #7193 ) ;
#6826 = CARTESIAN_POINT ( 'NONE',  ( 2.885686622563444992, -11.00104481881431084, 210.8962971479678288 ) ) ;
#6827 = CARTESIAN_POINT ( 'NONE',  ( 3.116851419075961527, -6.875378616656484532, 21.10752542198204296 ) ) ;
#6828 = APPLICATION_CONTEXT ( 'automotive_design' ) ;
#6829 = CARTESIAN_POINT ( 'NONE',  ( -2.354557546538703861, -11.15825573368797308, 210.6287008609796203 ) ) ;
#6830 = ORIENTED_EDGE ( 'NONE', *, *, #4797, .F. ) ;
#6831 = ORIENTED_EDGE ( 'NONE', *, *, #4915, .F. ) ;
#6832 = FACE_OUTER_BOUND ( 'NONE', #7293, .T. ) ;
#6833 = CARTESIAN_POINT ( 'NONE',  ( -2.291336722368109147, -11.13599932466895304, 210.3402250815732941 ) ) ;
#6834 = FACE_OUTER_BOUND ( 'NONE', #5590, .T. ) ;
#6835 = DIRECTION ( 'NONE',  ( 0.000000000000000000, 0.000000000000000000, -1.000000000000000000 ) ) ;
#6836 = CARTESIAN_POINT ( 'NONE',  ( -1.106511197780212230, -10.27385039932109123, 229.9775904795063184 ) ) ;
#6837 = CARTESIAN_POINT ( 'NONE',  ( 2.856923504508333809E-15, 13.72641929943638672, 230.0000000000000000 ) ) ;
#6838 = CARTESIAN_POINT ( 'NONE',  ( -4.000000000000024869, 3.500000000000000000, 4.838965485619544576E-16 ) ) ;
#6839 = CARTESIAN_POINT ( 'NONE',  ( 2.168168947611797570, -11.50000000000000000, 210.2270775949715755 ) ) ;
#6840 = DIRECTION ( 'NONE',  ( 2.937598842601849298E-16, -1.000000000000000000, 0.000000000000000000 ) ) ;
#6841 = CARTESIAN_POINT ( 'NONE',  ( -1.029437251522730357, -10.08831175456819729, 0.002601911980290169072 ) ) ;
#6842 = CARTESIAN_POINT ( 'NONE',  ( 1.512739605895806028, -11.04463667085707712, 229.5798382589925097 ) ) ;
#6843 = DIRECTION ( 'NONE',  ( -2.081331949859377984E-16, -1.000000000000000000, 0.000000000000000000 ) ) ;
#6844 = ORIENTED_EDGE ( 'NONE', *, *, #7720, .F. ) ;
#6845 = DIRECTION ( 'NONE',  ( -9.791996142006161452E-17, 1.000000000000000000, 0.000000000000000000 ) ) ;
#6846 = VECTOR ( 'NONE', #7621, 1000.000000000000000 ) ;
#6847 =( BOUNDED_SURFACE ( )  B_SPLINE_SURFACE ( 3, 2, ( 
 ( #1710, #1832, #54 ),
 ( #7278, #3600, #3097 ),
 ( #6685, #1753, #7792 ),
 ( #1200, #2464, #2426 ) ),
 .UNSPECIFIED., .F., .F., .F. ) 
 B_SPLINE_SURFACE_WITH_KNOTS ( ( 4, 4 ),
 ( 3, 3 ),
 ( 0.000000000000000000, 0.001361190766769734047 ),
 ( 0.000000000000000000, 1.000000000000000000 ),
 .UNSPECIFIED. ) 
 GEOMETRIC_REPRESENTATION_ITEM ( )  RATIONAL_B_SPLINE_SURFACE ( (
 ( 1.000000000000000000, 0.7571929217049117034, 1.000000000000000000),
 ( 1.000000000000000000, 0.7432666295297750692, 1.000000000000000000),
 ( 1.000000000000000000, 0.7270707519103186689, 1.000000000000000000),
 ( 1.000000000000000000, 0.7071067811865476838, 1.000000000000000000) ) ) 
 REPRESENTATION_ITEM ( '' )  SURFACE ( )  );
#6848 = EDGE_CURVE ( 'NONE', #3372, #1384, #157, .T. ) ;
#6849 = ORIENTED_EDGE ( 'NONE', *, *, #3764, .F. ) ;
#6850 = CARTESIAN_POINT ( 'NONE',  ( 2.187858076172991773, -11.18852102258793479, 229.2089557801994317 ) ) ;
#6851 = VECTOR ( 'NONE', #2506, 1000.000000000000000 ) ;
#6852 = DIRECTION ( 'NONE',  ( -0.000000000000000000, 8.673617379884038430E-16, 1.000000000000000000 ) ) ;
#6853 = CARTESIAN_POINT ( 'NONE',  ( 2.843281306866441760, -10.96858448797284957, 210.8066862416476681 ) ) ;
#6854 = CARTESIAN_POINT ( 'NONE',  ( 2.345405229806080349, -11.34536861542046537, 1.500000000000001332 ) ) ;
#6855 = CARTESIAN_POINT ( 'NONE',  ( 1.022731921350439332, -10.00757730711681148, 229.9998708121563595 ) ) ;
#6856 = CARTESIAN_POINT ( 'NONE',  ( 4.000000000000000888, -8.062257748298547355, 19.99999999999998934 ) ) ;
#6857 = CARTESIAN_POINT ( 'NONE',  ( 2.291488476081413150, -11.15215461694213772, 19.56866149420799061 ) ) ;
#6858 = VERTEX_POINT ( 'NONE', #1856 ) ;
#6859 = CARTESIAN_POINT ( 'NONE',  ( -1.052553418619833314, -10.06527571265581500, 0.001243319838350606275 ) ) ;
#6860 = CARTESIAN_POINT ( 'NONE',  ( 2.914603784093752203, -10.96911913412779960, 19.15438124071708614 ) ) ;
#6861 = CARTESIAN_POINT ( 'NONE',  ( -2.499999999999998224, -9.425703593249496137, 20.08234483470313236 ) ) ;
#6862 = DIRECTION ( 'NONE',  ( 0.000000000000000000, 0.000000000000000000, -1.000000000000000000 ) ) ;
#6863 = CARTESIAN_POINT ( 'NONE',  ( -1.066108538879434908, -10.00470321772781546, 0.001119548549083144127 ) ) ;
#6864 = ORIENTED_EDGE ( 'NONE', *, *, #7705, .T. ) ;
#6865 = ORIENTED_EDGE ( 'NONE', *, *, #2136, .F. ) ;
#6866 = VERTEX_POINT ( 'NONE', #3668 ) ;
#6867 = CARTESIAN_POINT ( 'NONE',  ( -2.206578211135448608, -11.20781833201085043, 19.65952955309540684 ) ) ;
#6868 = CARTESIAN_POINT ( 'NONE',  ( -2.260041296353019202, -11.21887266465328992, 210.5635925348877890 ) ) ;
#6869 = DIRECTION ( 'NONE',  ( 0.000000000000000000, 0.000000000000000000, -1.000000000000000000 ) ) ;
#6870 = CARTESIAN_POINT ( 'NONE',  ( 1.811221830515587161, -11.49999999999999822, 211.5000000000000284 ) ) ;
#6871 = CARTESIAN_POINT ( 'NONE',  ( -2.251863726504772512, -11.21464468520386504, 19.47523192420799276 ) ) ;
#6872 = DIRECTION ( 'NONE',  ( -0.9406916296478003980, -0.3392628153962138904, 0.000000000000000000 ) ) ;
#6873 = EDGE_LOOP ( 'NONE', ( #6223, #2183, #5860, #3221 ) ) ;
#6874 = CARTESIAN_POINT ( 'NONE',  ( -1.691812914163641546, -10.99297446910307308, 229.6402668613129663 ) ) ;
#6875 = FACE_OUTER_BOUND ( 'NONE', #5294, .T. ) ;
#6876 = B_SPLINE_CURVE_WITH_KNOTS ( 'NONE', 3,
 ( #6221, #3930, #1416, #7412, #1571, #3969, #342, #5626, #940, #6382, #5667, #187, #266, #3814, #224, #7449 ),
 .UNSPECIFIED., .F., .F.,
 ( 4, 2, 2, 2, 2, 2, 2, 4 ),
 ( -8.057489801102001503E-06, 0.0002872124150174681055, 0.0005824823198360382396, 0.0008777522246546084822, 0.001173022129473178616, 0.001763561939110376130, 0.002058831843928974562, 0.002354101748747573428 ),
 .UNSPECIFIED. ) ;
#6877 = CARTESIAN_POINT ( 'NONE',  ( -5.000000000000023093, 3.000000000000000000, 21.49999999999999289 ) ) ;
#6878 = AXIS2_PLACEMENT_3D ( 'NONE', #325, #6960, #923 ) ;
#6879 = DIRECTION ( 'NONE',  ( 1.000000000000000000, 0.000000000000000000, 0.000000000000000000 ) ) ;
#6880 = CARTESIAN_POINT ( 'NONE',  ( 1.177638331225450807, -10.41831838823244638, 229.9426946336383537 ) ) ;
#6881 = SPHERICAL_SURFACE ( 'NONE', #885, 1.500000000000000000 ) ;
#6882 = ORIENTED_EDGE ( 'NONE', *, *, #1327, .T. ) ;
#6883 = FACE_OUTER_BOUND ( 'NONE', #5175, .T. ) ;
#6884 = EDGE_CURVE ( 'NONE', #5061, #6460, #7529, .T. ) ;
#6885 = AXIS2_PLACEMENT_3D ( 'NONE', #5538, #2659, #5065 ) ;
#6886 = ADVANCED_FACE ( 'NONE', ( #1380 ), #2011, .T. ) ;
#6887 = CIRCLE ( 'NONE', #3472, 1.000000000000000000 ) ;
#6888 = ADVANCED_FACE ( 'NONE', ( #6787 ), #4788, .F. ) ;
#6889 = ORIENTED_EDGE ( 'NONE', *, *, #6166, .F. ) ;
#6890 = CARTESIAN_POINT ( 'NONE',  ( 2.316311294123543085, -11.31578396221014415, 228.8630868701635848 ) ) ;
#6891 = CARTESIAN_POINT ( 'NONE',  ( -2.923266880392172862, -10.96245445928403406, 210.8369953958363112 ) ) ;
#6892 = CARTESIAN_POINT ( 'NONE',  ( 2.647744219427146994, -10.99374769521590878, 210.6833075214536564 ) ) ;
#6893 = CARTESIAN_POINT ( 'NONE',  ( -2.301852073933101206, -11.30127477168893257, 228.9318895997583070 ) ) ;
#6894 = DIRECTION ( 'NONE',  ( 0.000000000000000000, -1.000000000000000000, 0.000000000000000000 ) ) ;
#6895 = AXIS2_PLACEMENT_3D ( 'NONE', #3726, #1286, #6133 ) ;
#6896 = DIRECTION ( 'NONE',  ( 1.000000000000000000, 0.000000000000000000, 0.000000000000000000 ) ) ;
#6897 = CARTESIAN_POINT ( 'NONE',  ( 2.378311712757208429, -11.13952500972401083, 19.37625985951680718 ) ) ;
#6898 = AXIS2_PLACEMENT_3D ( 'NONE', #1805, #3069, #6617 ) ;
#6899 = ORIENTED_EDGE ( 'NONE', *, *, #2469, .F. ) ;
#6900 = EDGE_CURVE ( 'NONE', #579, #6742, #2407, .T. ) ;
#6901 = B_SPLINE_CURVE_WITH_KNOTS ( 'NONE', 3,
 ( #4911, #3295, #5693, #851, #6336, #6925, #2703, #7515 ),
 .UNSPECIFIED., .F., .F.,
 ( 4, 2, 2, 4 ),
 ( 0.000000000000000000, 0.0003318579288978989387, 0.0006637158577957978775, 0.001327431715591595755 ),
 .UNSPECIFIED. ) ;
#6902 = CARTESIAN_POINT ( 'NONE',  ( -2.301112901974947000, -11.26630340835600563, 1.026965681488188231 ) ) ;
#6903 = CARTESIAN_POINT ( 'NONE',  ( 2.550474609685271954, -11.15269113660773392, 18.93588897303207119 ) ) ;
#6904 = CARTESIAN_POINT ( 'NONE',  ( 3.088235294117646745, -6.834676493307203060, 208.6000141052789729 ) ) ;
#6905 = CARTESIAN_POINT ( 'NONE',  ( -2.849202621912559685, -11.04995797234290400, 210.9913241832298354 ) ) ;
#6906 =( NAMED_UNIT ( * ) SI_UNIT ( $, .STERADIAN. ) SOLID_ANGLE_UNIT ( ) );
#6907 = ORIENTED_EDGE ( 'NONE', *, *, #1527, .T. ) ;
#6908 = EDGE_CURVE ( 'NONE', #7738, #4312, #5682, .T. ) ;
#6909 = VERTEX_POINT ( 'NONE', #1265 ) ;
#6910 = ORIENTED_EDGE ( 'NONE', *, *, #6928, .T. ) ;
#6911 = CARTESIAN_POINT ( 'NONE',  ( -23.50000000000000000, 13.72641929943638139, 18.49999999999998934 ) ) ;
#6912 = CARTESIAN_POINT ( 'NONE',  ( -2.196460606014472905, -11.21760118160211839, 210.2292866206921929 ) ) ;
#6913 = B_SPLINE_CURVE_WITH_KNOTS ( 'NONE', 3,
 ( #42, #7149, #2493, #1269, #528, #4139, #3550, #5330 ),
 .UNSPECIFIED., .F., .F.,
 ( 4, 2, 2, 4 ),
 ( 0.000000000000000000, 0.0004172016571753057838, 0.0008344033143506115677, 0.001668806628701146808 ),
 .UNSPECIFIED. ) ;
#6914 = DIRECTION ( 'NONE',  ( 3.469446951953613203E-16, -1.000000000000000000, 0.000000000000000000 ) ) ;
#6915 = DIRECTION ( 'NONE',  ( 0.000000000000000000, -1.000000000000000000, 0.000000000000000000 ) ) ;
#6916 = CARTESIAN_POINT ( 'NONE',  ( -2.264738528588349009, -11.15665451270403352, 19.68691424223146669 ) ) ;
#6917 = DIRECTION ( 'NONE',  ( 1.000000000000000000, 0.000000000000000000, 0.000000000000000000 ) ) ;
#6918 = VERTEX_POINT ( 'NONE', #3822 ) ;
#6919 = AXIS2_PLACEMENT_3D ( 'NONE', #6803, #3835, #6205 ) ;
#6920 = CARTESIAN_POINT ( 'NONE',  ( -1.931481265967884386, -11.30182043871176489, 229.2741756759612315 ) ) ;
#6921 = DIRECTION ( 'NONE',  ( -0.000000000000000000, -1.000000000000000000, -0.000000000000000000 ) ) ;
#6922 = CARTESIAN_POINT ( 'NONE',  ( 4.000000000000001776, -9.682458365518542109, 19.99999999999998934 ) ) ;
#6923 = ADVANCED_FACE ( 'NONE', ( #4933 ), #4664, .F. ) ;
#6924 = DIRECTION ( 'NONE',  ( 1.000000000000000000, 8.992829886592349909E-16, 0.000000000000000000 ) ) ;
#6925 = CARTESIAN_POINT ( 'NONE',  ( 1.554607562775547791, -11.49999999999999822, 19.33953463518451699 ) ) ;
#6926 = CARTESIAN_POINT ( 'NONE',  ( 2.500000000000001332, -9.165151389911677882, 208.5000000000000284 ) ) ;
#6928 = EDGE_CURVE ( 'NONE', #6171, #6103, #6189, .T. ) ;
#6927 = ORIENTED_EDGE ( 'NONE', *, *, #2010, .T. ) ;
#6929 = AXIS2_PLACEMENT_3D ( 'NONE', #5939, #3490, #2316 ) ;
#6930 = CARTESIAN_POINT ( 'NONE',  ( 1.931481265972263994, -11.30182043871054809, 0.7258243240362324267 ) ) ;
#6931 = AXIS2_PLACEMENT_3D ( 'NONE', #4093, #7773, #1223 ) ;
#6932 = AXIS2_PLACEMENT_3D ( 'NONE', #3740, #4884, #2602 ) ;
#6933 = EDGE_LOOP ( 'NONE', ( #6373, #3085, #950, #5779 ) ) ;
#6934 = CARTESIAN_POINT ( 'NONE',  ( -3.121390683617302653, -6.881822725797779761, 21.07819619223356611 ) ) ;
#6935 = CARTESIAN_POINT ( 'NONE',  ( -2.900714958211474404, -10.98364113785200225, 210.8676937546456429 ) ) ;
#6936 = CARTESIAN_POINT ( 'NONE',  ( 2.667470581358589943, -11.00738811192003119, 210.7379212466650245 ) ) ;
#6937 = CARTESIAN_POINT ( 'NONE',  ( 0.000000000000000000, 0.000000000000000000, 211.5000000000000284 ) ) ;
#6938 = DIRECTION ( 'NONE',  ( -1.000000000000000000, 1.813971913671672049E-15, 0.000000000000000000 ) ) ;
#6939 = CARTESIAN_POINT ( 'NONE',  ( 3.779976637959943098, -9.922438674644830314, 210.1332474124368446 ) ) ;
#6940 = ORIENTED_EDGE ( 'NONE', *, *, #7700, .F. ) ;
#6941 = CARTESIAN_POINT ( 'NONE',  ( 2.224558568593875130, -11.20770335719546296, 210.3923128552929427 ) ) ;
#6942 = CARTESIAN_POINT ( 'NONE',  ( 2.345405229801976965, -11.34536861541393371, 18.49999999999997868 ) ) ;
#6943 = CARTESIAN_POINT ( 'NONE',  ( -5.999999999999996447, 3.605551275463993566, 21.49999999999999289 ) ) ;
#6944 = CARTESIAN_POINT ( 'NONE',  ( -2.876195235702761810, -11.01281669240833594, 210.9167044539047993 ) ) ;
#6945 = VERTEX_POINT ( 'NONE', #4335 ) ;
#6946 = MANIFOLD_SOLID_BREP ( 'Congé3', #3650 ) ;
#6947 = APPLICATION_PROTOCOL_DEFINITION ( 'draft international standard', 'automotive_design', 1998, #6828 ) ;
#6948 = EDGE_LOOP ( 'NONE', ( #461, #2198, #3278, #526 ) ) ;
#6949 = CARTESIAN_POINT ( 'NONE',  ( -19.00000000000000355, 12.22641929943638317, 220.0000000000000284 ) ) ;
#6950 = CARTESIAN_POINT ( 'NONE',  ( -2.195748854426768482, -11.21828566917454495, 210.2284087181303391 ) ) ;
#6951 = CARTESIAN_POINT ( 'NONE',  ( -2.751545063988332540, -10.98995544748860631, 210.7772605527555640 ) ) ;
#6952 = CARTESIAN_POINT ( 'NONE',  ( -2.396448370759732605, -11.07360105721349086, 210.4433312973035299 ) ) ;
#6953 = FACE_OUTER_BOUND ( 'NONE', #7103, .T. ) ;
#6954 = CARTESIAN_POINT ( 'NONE',  ( -2.238749259462213370, -11.21183164947158062, 19.52786352868671216 ) ) ;
#6955 = CARTESIAN_POINT ( 'NONE',  ( -3.500000000000022649, 6.324555320336759934, 20.49999999999998934 ) ) ;
#6956 = AXIS2_PLACEMENT_3D ( 'NONE', #2972, #536, #656 ) ;
#6957 = ORIENTED_EDGE ( 'NONE', *, *, #6448, .T. ) ;
#6958 = EDGE_LOOP ( 'NONE', ( #7013, #459, #5955, #962 ) ) ;
#6959 = CARTESIAN_POINT ( 'NONE',  ( -1.996734230115034370, -10.99061846854536384, 229.5165114321479791 ) ) ;
#6960 = DIRECTION ( 'NONE',  ( 0.000000000000000000, 1.000000000000000000, 0.000000000000000000 ) ) ;
#6961 = DIRECTION ( 'NONE',  ( 0.000000000000000000, 0.000000000000000000, 1.000000000000000000 ) ) ;
#6962 = CYLINDRICAL_SURFACE ( 'NONE', #6470, 11.50000000000000000 ) ;
#6963 = CARTESIAN_POINT ( 'NONE',  ( 1.771666620023946148, -11.45846469038891868, 1.098552240861794038 ) ) ;
#6964 = VERTEX_POINT ( 'NONE', #5047 ) ;
#6965 = CARTESIAN_POINT ( 'NONE',  ( 1.125686726301931007, -10.10198505526518709, 0.005091616055541685164 ) ) ;
#6966 = B_SPLINE_CURVE_WITH_KNOTS ( 'NONE', 3,
 ( #7200, #6051, #2975, #6572, #2653, #5461, #6798, #4421, #6239, #7281, #1203, #6010, #659, #5385 ),
 .UNSPECIFIED., .F., .F.,
 ( 4, 2, 2, 2, 2, 2, 4 ),
 ( 0.000000000000000000, 0.0003451171227589739212, 0.0006902342455179478423, 0.001380468491035896335, 0.002070702736553844611, 0.002415819859312818858, 0.002760936982071793104 ),
 .UNSPECIFIED. ) ;
#6967 = B_SPLINE_CURVE_WITH_KNOTS ( 'NONE', 3,
 ( #4774, #2278, #1724, #5833 ),
 .UNSPECIFIED., .F., .F.,
 ( 4, 4 ),
 ( 0.000000000000000000, 6.381086754943300914E-05 ),
 .UNSPECIFIED. ) ;
#6968 = ORIENTED_EDGE ( 'NONE', *, *, #1527, .F. ) ;
#6969 = CARTESIAN_POINT ( 'NONE',  ( -3.816524958025380609, -8.024323092184387107, 19.99999999999998934 ) ) ;
#6970 = DIRECTION ( 'NONE',  ( -1.000000000000000000, 0.000000000000000000, 0.000000000000000000 ) ) ;
#6971 = CARTESIAN_POINT ( 'NONE',  ( 2.913626296308029939, -10.97007306885249989, 210.8470045602167318 ) ) ;
#6972 = LINE ( 'NONE', #339, #6350 ) ;
#6973 = DIRECTION ( 'NONE',  ( 0.000000000000000000, -0.000000000000000000, 1.000000000000000000 ) ) ;
#6974 = CARTESIAN_POINT ( 'NONE',  ( 16.66532048819021838, 6.010389983400268754, 210.0000000000000284 ) ) ;
#6975 = ORIENTED_EDGE ( 'NONE', *, *, #5967, .T. ) ;
#6976 = ADVANCED_FACE ( 'NONE', ( #5595 ), #120, .F. ) ;
#6977 = AXIS2_PLACEMENT_3D ( 'NONE', #5076, #2081, #4477 ) ;
#6978 = CARTESIAN_POINT ( 'NONE',  ( -1.692041485849132387, -10.99300152831557220, 0.3597320675989441607 ) ) ;
#6979 = CIRCLE ( 'NONE', #2570, 0.5000000000000004441 ) ;
#6980 = DIRECTION ( 'NONE',  ( 1.000000000000000000, 0.000000000000000000, 0.000000000000000000 ) ) ;
#6981 = CARTESIAN_POINT ( 'NONE',  ( -2.783601829262466243, -11.15802674562696595, 228.6171255826223785 ) ) ;
#6982 = CARTESIAN_POINT ( 'NONE',  ( 3.201560459259288116, -6.995091175805935535, 209.2619601291353888 ) ) ;
#6983 = CARTESIAN_POINT ( 'NONE',  ( -2.283108865791259934, -11.24006328606775540, 210.6940568446422901 ) ) ;
#6984 = ORIENTED_EDGE ( 'NONE', *, *, #323, .F. ) ;
#6985 = EDGE_CURVE ( 'NONE', #6094, #2530, #6321, .T. ) ;
#6986 = EDGE_CURVE ( 'NONE', #2330, #217, #5712, .T. ) ;
#6987 = VERTEX_POINT ( 'NONE', #275 ) ;
#6988 = DIRECTION ( 'NONE',  ( -0.000000000000000000, -0.000000000000000000, 1.000000000000000000 ) ) ;
#6989 = CARTESIAN_POINT ( 'NONE',  ( -2.353741279547423737, -11.15785954069291108, 210.6257117392934788 ) ) ;
#6990 = EDGE_CURVE ( 'NONE', #1204, #662, #2166, .T. ) ;
#6991 = CARTESIAN_POINT ( 'NONE',  ( -2.751612216330615812, -10.96677793998204464, 210.7245988525527594 ) ) ;
#6992 = DIRECTION ( 'NONE',  ( -1.000000000000000000, -0.000000000000000000, -0.000000000000000000 ) ) ;
#6993 = CARTESIAN_POINT ( 'NONE',  ( -23.50000000000000000, 20.99999999999999645, 211.5000000000000284 ) ) ;
#6994 = CARTESIAN_POINT ( 'NONE',  ( -2.205776468414324842, -11.21194235163459396, 19.68960467194321495 ) ) ;
#6995 = CARTESIAN_POINT ( 'NONE',  ( -3.779976637959940433, -9.922438674644837420, 210.1332474124368446 ) ) ;
#6996 = EDGE_LOOP ( 'NONE', ( #3349, #1919, #1517, #226 ) ) ;
#6997 = ORIENTED_EDGE ( 'NONE', *, *, #5244, .T. ) ;
#6998 = CARTESIAN_POINT ( 'NONE',  ( 2.252430660176381938, -11.21423320111302679, 210.5249961322993784 ) ) ;
#6999 = CARTESIAN_POINT ( 'NONE',  ( 1.019634769962127319, -10.05890430988637796, 229.9991324451409298 ) ) ;
#7000 = CARTESIAN_POINT ( 'NONE',  ( -1.046601154177868809, -10.02297294153581220, 229.9993281193094674 ) ) ;
#7001 = CARTESIAN_POINT ( 'NONE',  ( 2.856923504508333809E-15, 13.72641929943638672, 1.500000000000001332 ) ) ;
#7002 = ORIENTED_EDGE ( 'NONE', *, *, #6884, .F. ) ;
#7003 = PLANE ( 'NONE',  #4415 ) ;
#7004 = ADVANCED_FACE ( 'NONE', ( #6883 ), #6292, .T. ) ;
#7005 = ORIENTED_EDGE ( 'NONE', *, *, #5915, .T. ) ;
#7006 = CARTESIAN_POINT ( 'NONE',  ( -2.846318619155018048, -7.820137802573481345, 20.53606907545510296 ) ) ;
#7007 = CIRCLE ( 'NONE', #1206, 1.500000000000001332 ) ;
#7008 = CARTESIAN_POINT ( 'NONE',  ( 2.783601829262499994, -11.15802674562695529, 228.5000000000000000 ) ) ;
#7009 = FACE_OUTER_BOUND ( 'NONE', #2959, .T. ) ;
#7010 = LINE ( 'NONE', #5113, #37 ) ;
#7011 = CARTESIAN_POINT ( 'NONE',  ( -1.513319473390467129, -11.50000000000000000, 210.4458986303095855 ) ) ;
#7012 = DIRECTION ( 'NONE',  ( 0.000000000000000000, 1.000000000000000000, 0.000000000000000000 ) ) ;
#7013 = ORIENTED_EDGE ( 'NONE', *, *, #92, .F. ) ;
#7014 = CARTESIAN_POINT ( 'NONE',  ( -2.351180105164189627, -11.30821636744269476, 1.233699102689827187 ) ) ;
#7015 = VECTOR ( 'NONE', #2321, 1000.000000000000000 ) ;
#7016 = CARTESIAN_POINT ( 'NONE',  ( 2.254186291253263530, -11.21507877556463484, 19.46661480446737258 ) ) ;
#7017 = CARTESIAN_POINT ( 'NONE',  ( 0.000000000000000000, 0.000000000000000000, 230.0000000000000000 ) ) ;
#7018 = AXIS2_PLACEMENT_3D ( 'NONE', #3342, #4995, #3851 ) ;
#7019 = CARTESIAN_POINT ( 'NONE',  ( 2.913626296283085448, -10.97007306887192613, 19.15299543975768159 ) ) ;
#7020 = LINE ( 'NONE', #5203, #7403 ) ;
#7021 = ORIENTED_EDGE ( 'NONE', *, *, #7141, .T. ) ;
#7022 = ORIENTED_EDGE ( 'NONE', *, *, #1627, .T. ) ;
#7023 = DIRECTION ( 'NONE',  ( 0.000000000000000000, 0.000000000000000000, -1.000000000000000000 ) ) ;
#7024 = CARTESIAN_POINT ( 'NONE',  ( -3.779976637959939101, -9.922438674644833867, 210.1332474124368446 ) ) ;
#7025 = CARTESIAN_POINT ( 'NONE',  ( -2.786367186981763666, -10.96325458944122921, 210.7475880003336215 ) ) ;
#7026 = CARTESIAN_POINT ( 'NONE',  ( 3.191442569945421859, -6.980753955777255548, 20.78803698411970657 ) ) ;
#7027 = DIRECTION ( 'NONE',  ( 0.000000000000000000, 0.000000000000000000, 1.000000000000000000 ) ) ;
#7028 = ADVANCED_FACE ( 'NONE', ( #7442 ), #934, .T. ) ;
#7029 = CARTESIAN_POINT ( 'NONE',  ( -2.196473184519484700, -11.21759017841061024, 19.77029392706082334 ) ) ;
#7030 = CARTESIAN_POINT ( 'NONE',  ( 16.66532048819021838, 6.010389983400268754, 18.49999999999998934 ) ) ;
#7031 = EDGE_LOOP ( 'NONE', ( #7590, #2808, #1615, #4962 ) ) ;
#7032 = ORIENTED_EDGE ( 'NONE', *, *, #5873, .F. ) ;
#7033 = CARTESIAN_POINT ( 'NONE',  ( 2.195751104764333661, -11.21828476235622141, 210.2284100482791303 ) ) ;
#7034 = ADVANCED_FACE ( 'NONE', ( #7598 ), #396, .F. ) ;
#7035 = LINE ( 'NONE', #3331, #4227 ) ;
#7036 = FACE_OUTER_BOUND ( 'NONE', #6493, .T. ) ;
#7037 = CARTESIAN_POINT ( 'NONE',  ( -3.460811076902091887, -7.353324709989994545, 209.7352266148581919 ) ) ;
#7038 = LINE ( 'NONE', #7706, #2908 ) ;
#7039 = AXIS2_PLACEMENT_3D ( 'NONE', #4466, #210, #1399 ) ;
#7040 = ORIENTED_EDGE ( 'NONE', *, *, #7469, .F. ) ;
#7041 = CARTESIAN_POINT ( 'NONE',  ( -23.50000000000000000, 13.72641929943638139, 211.5000000000000284 ) ) ;
#7042 = EDGE_CURVE ( 'NONE', #2046, #2352, #4167, .T. ) ;
#7043 = LINE ( 'NONE', #2230, #7415 ) ;
#7044 = CARTESIAN_POINT ( 'NONE',  ( -2.792341143078614696, -11.14115568757908292, 18.73602752394510063 ) ) ;
#7045 = DIRECTION ( 'NONE',  ( 0.000000000000000000, 0.000000000000000000, 1.000000000000000000 ) ) ;
#7046 = CARTESIAN_POINT ( 'NONE',  ( -2.362200709449216340, -11.08691786681450608, 210.5049451344279134 ) ) ;
#7047 = CARTESIAN_POINT ( 'NONE',  ( -16.66532048819021838, 12.22641929943638317, 210.0000000000000284 ) ) ;
#7048 = ORIENTED_EDGE ( 'NONE', *, *, #2299, .F. ) ;
#7049 = VECTOR ( 'NONE', #125, 1000.000000000000000 ) ;
#7050 = EDGE_LOOP ( 'NONE', ( #143, #7069, #855 ) ) ;
#7051 = ORIENTED_EDGE ( 'NONE', *, *, #83, .F. ) ;
#7052 = CARTESIAN_POINT ( 'NONE',  ( -23.50000000000000000, 20.99999999999999645, 210.0000000000000284 ) ) ;
#7053 = AXIS2_PLACEMENT_3D ( 'NONE', #2123, #4520, #1531 ) ;
#7054 = CARTESIAN_POINT ( 'NONE',  ( 2.537709348728536707, -11.02528599674389298, 19.24560248131232143 ) ) ;
#7055 = CARTESIAN_POINT ( 'NONE',  ( 1.001793612209380679, -9.953117551954903774, 230.0000000000000000 ) ) ;
#7056 = CARTESIAN_POINT ( 'NONE',  ( -3.088235294117645857, -6.834676493307208389, 21.49999999999999289 ) ) ;
#7057 = AXIS2_PLACEMENT_3D ( 'NONE', #3135, #770, #5417 ) ;
#7058 = DIRECTION ( 'NONE',  ( -1.000000000000000000, 0.000000000000000000, 0.000000000000000000 ) ) ;
#7059 = ORIENTED_EDGE ( 'NONE', *, *, #1149, .F. ) ;
#7060 = DIRECTION ( 'NONE',  ( -2.081331949859378477E-16, -1.000000000000000000, -0.000000000000000000 ) ) ;
#7061 = CARTESIAN_POINT ( 'NONE',  ( -0.9999999999999981126, -10.00000000000000178, 230.0000000000000000 ) ) ;
#7062 = EDGE_CURVE ( 'NONE', #2312, #2845, #5555, .T. ) ;
#7063 = CARTESIAN_POINT ( 'NONE',  ( -2.649859235365854992, -10.98367765858388090, 210.6592686997628334 ) ) ;
#7064 = DIRECTION ( 'NONE',  ( 1.000000000000000000, 0.000000000000000000, 1.606353938754523369E-12 ) ) ;
#7065 = CARTESIAN_POINT ( 'NONE',  ( -4.000000000000000000, 0.000000000000000000, 210.0000000000000284 ) ) ;
#7066 = CARTESIAN_POINT ( 'NONE',  ( -2.769951441118210678, -10.96466393113507820, 19.24007746028857468 ) ) ;
#7067 = CARTESIAN_POINT ( 'NONE',  ( 3.146680328731489507, -12.61342153853482806, 1.500000000000001332 ) ) ;
#7068 = EDGE_LOOP ( 'NONE', ( #330, #2770, #6673, #1800 ) ) ;
#7069 = ORIENTED_EDGE ( 'NONE', *, *, #7386, .T. ) ;
#7070 = AXIS2_PLACEMENT_3D ( 'NONE', #1274, #7786, #5451 ) ;
#7071 = CARTESIAN_POINT ( 'NONE',  ( 0.000000000000000000, 0.000000000000000000, 208.5000000000000284 ) ) ;
#7072 = CARTESIAN_POINT ( 'NONE',  ( 23.50000000000000000, 13.72641929943638139, 211.5000000000000284 ) ) ;
#7073 = AXIS2_PLACEMENT_3D ( 'NONE', #4542, #6159, #3171 ) ;
#7074 = CARTESIAN_POINT ( 'NONE',  ( -2.349158371659093802, -11.18305914121626010, 19.29969978085486915 ) ) ;
#7075 = DIRECTION ( 'NONE',  ( 0.000000000000000000, 0.000000000000000000, -1.000000000000000000 ) ) ;
#7076 = CARTESIAN_POINT ( 'NONE',  ( -3.292625434360620940, -7.122040783838584410, 20.53606907569689710 ) ) ;
#7077 =( BOUNDED_SURFACE ( )  B_SPLINE_SURFACE ( 3, 2, ( 
 ( #7745, #1193, #4815 ),
 ( #4855, #2379, #6600 ),
 ( #7229, #2296, #3633 ),
 ( #3518, #5373, #4696 ) ),
 .UNSPECIFIED., .F., .F., .T. ) 
 B_SPLINE_SURFACE_WITH_KNOTS ( ( 4, 4 ),
 ( 3, 3 ),
 ( -1.306463617845032843E-17, 9.182449425451784072E-05 ),
 ( 0.000000000000000000, 1.000000000000000000 ),
 .UNSPECIFIED. ) 
 GEOMETRIC_REPRESENTATION_ITEM ( )  RATIONAL_B_SPLINE_SURFACE ( (
 ( 1.000000000000000000, 0.9998845316408295769, 1.000000000000000000),
 ( 1.000000000000000000, 0.9999613537162285182, 1.000000000000000000),
 ( 1.000000000000000000, 0.9999999997771302773, 1.000000000000000000),
 ( 1.000000000000000000, 1.000000000000000000, 1.000000000000000000) ) ) 
 REPRESENTATION_ITEM ( '' )  SURFACE ( )  );
#7078 = CARTESIAN_POINT ( 'NONE',  ( -2.896539201119003870, -10.98457053336029610, 210.8673233522613657 ) ) ;
#7079 = CARTESIAN_POINT ( 'NONE',  ( 1.049329932173340252, -9.994409750612287979, 229.9992660775877766 ) ) ;
#7080 = CARTESIAN_POINT ( 'NONE',  ( 2.544723712029427297E-15, 12.22641929943638850, 19.99999999999998934 ) ) ;
#7081 = CARTESIAN_POINT ( 'NONE',  ( -2.349197099574985792, -11.18262327837458336, 210.6992883934239842 ) ) ;
#7082 = CARTESIAN_POINT ( 'NONE',  ( -16.66532048819021838, 13.72641929943638139, 210.0000000000000284 ) ) ;
#7083 = ORIENTED_EDGE ( 'NONE', *, *, #1312, .T. ) ;
#7084 = ADVANCED_FACE ( 'NONE', ( #3996, #5852, #449 ), #7003, .F. ) ;
#7085 = ORIENTED_EDGE ( 'NONE', *, *, #7365, .F. ) ;
#7086 = EDGE_LOOP ( 'NONE', ( #6457, #4727, #5327, #7119 ) ) ;
#7087 = CARTESIAN_POINT ( 'NONE',  ( -1.233389051616369692, -10.08321008357576254, 229.9922990129435334 ) ) ;
#7088 = CARTESIAN_POINT ( 'NONE',  ( 19.00000000000000355, 12.22641929943638495, 220.0000000000000284 ) ) ;
#7089 = CARTESIAN_POINT ( 'NONE',  ( -23.50000000000000000, 0.000000000000000000, 18.49999999999998934 ) ) ;
#7090 = CARTESIAN_POINT ( 'NONE',  ( 2.913626296283085448, -10.97007306887192613, 19.15299543975768159 ) ) ;
#7091 = CYLINDRICAL_SURFACE ( 'NONE', #2737, 11.50000000000000000 ) ;
#7092 = AXIS2_PLACEMENT_3D ( 'NONE', #6417, #3413, #6344 ) ;
#7093 = VERTEX_POINT ( 'NONE', #4148 ) ;
#7094 = CARTESIAN_POINT ( 'NONE',  ( 23.50000000000000000, 20.99999999999999645, 228.5000000000000000 ) ) ;
#7095 = CARTESIAN_POINT ( 'NONE',  ( -1.029437251522730357, -10.08831175456819729, 0.002601911980290169072 ) ) ;
#7096 = CARTESIAN_POINT ( 'NONE',  ( 2.197440384398097191, -11.21684744281305690, 19.75589828738729636 ) ) ;
#7097 = CIRCLE ( 'NONE', #428, 1.500000000000001332 ) ;
#7098 = CARTESIAN_POINT ( 'NONE',  ( 2.675686609960206574, -7.783681988503895255, 20.78803698393445032 ) ) ;
#7099 = SPHERICAL_SURFACE ( 'NONE', #3516, 0.5000000000000000000 ) ;
#7100 = CARTESIAN_POINT ( 'NONE',  ( -2.913626296284715256, -10.97007306887226008, 19.15299543975615393 ) ) ;
#7101 = FACE_OUTER_BOUND ( 'NONE', #2094, .T. ) ;
#7102 = ORIENTED_EDGE ( 'NONE', *, *, #1133, .T. ) ;
#7103 = EDGE_LOOP ( 'NONE', ( #20, #7662, #4258, #3902 ) ) ;
#7104 = DIRECTION ( 'NONE',  ( 0.000000000000000000, 0.000000000000000000, -1.000000000000000000 ) ) ;
#7105 = CARTESIAN_POINT ( 'NONE',  ( 2.195341650667688604, -11.21867949899541195, 210.2275211816196077 ) ) ;
#7106 = CARTESIAN_POINT ( 'NONE',  ( -2.458335045198237090, -10.96658169898621615, 19.41012295754166672 ) ) ;
#7107 = CARTESIAN_POINT ( 'NONE',  ( 3.779976637959940433, -9.922438674644840972, 19.86675258756314122 ) ) ;
#7108 = CARTESIAN_POINT ( 'NONE',  ( -3.511916447957434517, -10.44136412534042258, 210.3931224726788116 ) ) ;
#7109 = CARTESIAN_POINT ( 'NONE',  ( 2.103952758202257023, -11.48700851901656073, 1.282239833692439435 ) ) ;
#7110 = EDGE_CURVE ( 'NONE', #947, #7672, #7038, .T. ) ;
#7111 = CARTESIAN_POINT ( 'NONE',  ( 1.034095312463265692, -10.01136510415441983, 229.9996124531585053 ) ) ;
#7112 = CARTESIAN_POINT ( 'NONE',  ( 6.428571428571426161, 3.863090652282850535, 230.0000000000000000 ) ) ;
#7113 = EDGE_CURVE ( 'NONE', #5579, #6449, #1028, .T. ) ;
#7114 = CARTESIAN_POINT ( 'NONE',  ( -1.994430283597816711, -10.78164964112090018, 0.3326997394063241908 ) ) ;
#7115 = ADVANCED_FACE ( 'NONE', ( #1080 ), #1441, .T. ) ;
#7116 = CARTESIAN_POINT ( 'NONE',  ( 3.806163905021603178, -8.022183012867644791, 19.99999999999998579 ) ) ;
#7117 = CARTESIAN_POINT ( 'NONE',  ( -2.071450394515546023, -11.50000000000000178, 210.8080660081508597 ) ) ;
#7118 = CARTESIAN_POINT ( 'NONE',  ( -2.345405229801940550, -11.34536861541393371, 1.390581659731165320 ) ) ;
#7119 = ORIENTED_EDGE ( 'NONE', *, *, #4675, .F. ) ;
#7120 = EDGE_CURVE ( 'NONE', #4311, #5649, #5427, .T. ) ;
#7121 = B_SPLINE_CURVE_WITH_KNOTS ( 'NONE', 3,
 ( #3009, #5453, #1944, #5494, #4779, #6642, #10 ),
 .UNSPECIFIED., .F., .F.,
 ( 4, 3, 4 ),
 ( -1.111909638099121741E-05, 0.000000000000000000, 5.910174848706752093E-05 ),
 .UNSPECIFIED. ) ;
#7122 =( BOUNDED_SURFACE ( )  B_SPLINE_SURFACE ( 3, 2, ( 
 ( #832, #5556, #6145 ),
 ( #2488, #1341, #3783 ),
 ( #6228, #1967, #4372 ),
 ( #6785, #2009, #6826 ),
 ( #6188, #795, #3121 ),
 ( #4290, #2643, #3821 ),
 ( #5478, #757, #75 ),
 ( #3235, #4932, #193 ),
 ( #4254, #1423, #3742 ),
 ( #2603, #5634, #5010 ),
 ( #4408, #236, #7420 ),
 ( #1932, #7456, #6669 ) ),
 .UNSPECIFIED., .F., .F., .F. ) 
 B_SPLINE_SURFACE_WITH_KNOTS ( ( 4, 2, 2, 2, 2, 4 ),
 ( 3, 3 ),
 ( 0.000000000000000000, 8.685462831520865097E-05, 0.0001737092566304173019, 0.0003474185132608346039, 0.0006948370265216692078, 0.001389674053043338416 ),
 ( 0.000000000000000000, 1.000000000000000000 ),
 .UNSPECIFIED. ) 
 GEOMETRIC_REPRESENTATION_ITEM ( )  RATIONAL_B_SPLINE_SURFACE ( (
 ( 1.000000000000000000, 0.9637297391902792665, 1.000000000000000000),
 ( 1.000000000000000000, 0.9676893909411392602, 1.000000000000000000),
 ( 1.000000000000000000, 0.9694173814442177406, 1.000000000000000000),
 ( 1.000000000000000000, 0.9725629256913077558, 1.000000000000000000),
 ( 1.000000000000000000, 0.9737435480238134655, 1.000000000000000000),
 ( 1.000000000000000000, 0.9768338153474550589, 1.000000000000000000),
 ( 1.000000000000000000, 0.9782613665145578619, 1.000000000000000000),
 ( 1.000000000000000000, 0.9818657034391925498, 1.000000000000000000),
 ( 1.000000000000000000, 0.9833021611061529832, 1.000000000000000000),
 ( 1.000000000000000000, 0.9865957383320456131, 1.000000000000000000),
 ( 1.000000000000000000, 0.9872407399769204117, 1.000000000000000000),
 ( 1.000000000000000000, 0.9873019781227525549, 1.000000000000000000) ) ) 
 REPRESENTATION_ITEM ( '' )  SURFACE ( )  );
#7123 = ORIENTED_EDGE ( 'NONE', *, *, #5994, .F. ) ;
#7124 = VERTEX_POINT ( 'NONE', #49 ) ;
#7125 = CARTESIAN_POINT ( 'NONE',  ( 23.50000000000000000, 13.72641929943638139, 211.5000000000000284 ) ) ;
#7126 = FACE_OUTER_BOUND ( 'NONE', #1505, .T. ) ;
#7127 = DIRECTION ( 'NONE',  ( 0.000000000000000000, 0.000000000000000000, 1.000000000000000000 ) ) ;
#7128 = CARTESIAN_POINT ( 'NONE',  ( 2.913626296283085448, -10.97007306887192613, 19.15299543975768159 ) ) ;
#7129 = EDGE_CURVE ( 'NONE', #7250, #5386, #2381, .T. ) ;
#7131 = EDGE_CURVE ( 'NONE', #5649, #2826, #1907, .T. ) ;
#7130 = AXIS2_PLACEMENT_3D ( 'NONE', #7041, #7600, #5110 ) ;
#7132 = CARTESIAN_POINT ( 'NONE',  ( 2.783601829262470240, -11.15802674562696062, 1.382874417377665699 ) ) ;
#7133 = ORIENTED_EDGE ( 'NONE', *, *, #6060, .F. ) ;
#7134 = CARTESIAN_POINT ( 'NONE',  ( -16.66532048819021838, 13.72641929943638139, 230.0000000000000000 ) ) ;
#7135 = AXIS2_PLACEMENT_3D ( 'NONE', #7094, #5283, #4088 ) ;
#7136 = CARTESIAN_POINT ( 'NONE',  ( 3.999999999999999112, 1.175039537040739522E-15, 21.49999999999999289 ) ) ;
#7137 = AXIS2_PLACEMENT_3D ( 'NONE', #6419, #3450, #3382 ) ;
#7138 = CARTESIAN_POINT ( 'NONE',  ( -2.790820123577050893, -10.98415299883716401, 19.19004596644585092 ) ) ;
#7139 = CARTESIAN_POINT ( 'NONE',  ( 3.121390683617287110, -6.881822725797788642, 21.07819619223356611 ) ) ;
#7140 = DIRECTION ( 'NONE',  ( -1.000000000000000000, 2.081331949859378477E-16, -0.000000000000000000 ) ) ;
#7141 = EDGE_CURVE ( 'NONE', #40, #6103, #269, .T. ) ;
#7142 = CARTESIAN_POINT ( 'NONE',  ( 23.50000000000000000, 12.22641929943638317, 230.0000000000000000 ) ) ;
#7143 = EDGE_CURVE ( 'NONE', #5993, #1307, #4858, .T. ) ;
#7144 = CARTESIAN_POINT ( 'NONE',  ( -2.314869104696677837, -11.12229423932777728, 19.63264339162869376 ) ) ;
#7145 = CARTESIAN_POINT ( 'NONE',  ( 1.029437251530376685, -10.08831175456587204, 0.002601911980153248215 ) ) ;
#7146 = AXIS2_PLACEMENT_3D ( 'NONE', #585, #4641, #7058 ) ;
#7147 = ORIENTED_EDGE ( 'NONE', *, *, #3938, .T. ) ;
#7148 = ORIENTED_EDGE ( 'NONE', *, *, #4752, .T. ) ;
#7149 = CARTESIAN_POINT ( 'NONE',  ( 2.500000000000003553, -10.59702624093555023, 208.8689980226340310 ) ) ;
#7150 = CARTESIAN_POINT ( 'NONE',  ( 2.207045559929186496, -11.21080190858326731, 210.2991636370221613 ) ) ;
#7151 = CARTESIAN_POINT ( 'NONE',  ( -2.352180213502445660, -11.04004136860531737, 20.34469201128064952 ) ) ;
#7152 = CARTESIAN_POINT ( 'NONE',  ( 4.000000000000001776, -9.165151389911679658, 210.0000000000000284 ) ) ;
#7153 = CARTESIAN_POINT ( 'NONE',  ( -0.9999999999999981126, -10.00000000000000178, 230.0000000000000000 ) ) ;
#7154 = CARTESIAN_POINT ( 'NONE',  ( 2.118899066101306072, -11.50000000000000178, 1.500000000000556444 ) ) ;
#7155 = CARTESIAN_POINT ( 'NONE',  ( 16.56935565879248884, 12.22573974357709758, 219.3958981656734863 ) ) ;
#7156 = CARTESIAN_POINT ( 'NONE',  ( 2.913626296288682749, -10.97007306887150690, 19.15299543975554997 ) ) ;
#7157 = EDGE_CURVE ( 'NONE', #3390, #5351, #1195, .T. ) ;
#7158 = EDGE_CURVE ( 'NONE', #4353, #3297, #3537, .T. ) ;
#7159 = CARTESIAN_POINT ( 'NONE',  ( 2.203902300853964658, -11.21144997350662997, 19.72878865116377156 ) ) ;
#7160 = CARTESIAN_POINT ( 'NONE',  ( -1.069081112427624713, -10.04871286611333403, 0.001839368961227029475 ) ) ;
#7161 = DIRECTION ( 'NONE',  ( -0.000000000000000000, 1.000000000000000000, -0.000000000000000000 ) ) ;
#7162 = CARTESIAN_POINT ( 'NONE',  ( -2.076090252426599836, -11.49999999999999822, 210.5992675237781384 ) ) ;
#7163 = CARTESIAN_POINT ( 'NONE',  ( 2.194994261696812554, -11.21901528231916245, 210.2270775949737072 ) ) ;
#7164 = ORIENTED_EDGE ( 'NONE', *, *, #2553, .T. ) ;
#7165 = ORIENTED_EDGE ( 'NONE', *, *, #2701, .F. ) ;
#7166 = EDGE_LOOP ( 'NONE', ( #1590, #7324, #1876, #836, #3924, #853 ) ) ;
#7167 = CARTESIAN_POINT ( 'NONE',  ( -1.282501898005968366, -10.27890280901154263, 229.9657089431500196 ) ) ;
#7168 = DIRECTION ( 'NONE',  ( 0.000000000000000000, 0.000000000000000000, 1.000000000000000000 ) ) ;
#7169 = CARTESIAN_POINT ( 'NONE',  ( 2.373609730076981172, -11.13579133524049958, 210.6027381878118945 ) ) ;
#7170 = CARTESIAN_POINT ( 'NONE',  ( -3.094021977562680270, -6.842929976059521024, 21.30150624441870022 ) ) ;
#7171 = AXIS2_PLACEMENT_3D ( 'NONE', #1855, #2408, #3580 ) ;
#7172 = CARTESIAN_POINT ( 'NONE',  ( 2.711207828706889256, -11.10884080585413969, 1.048351018852797134 ) ) ;
#7173 = VERTEX_POINT ( 'NONE', #650 ) ;
#7174 = VERTEX_POINT ( 'NONE', #5376 ) ;
#7175 = AXIS2_PLACEMENT_3D ( 'NONE', #340, #2748, #3226 ) ;
#7176 = CARTESIAN_POINT ( 'NONE',  ( 2.257707700204183876, -11.21746207600187795, 19.44809090610237945 ) ) ;
#7177 = CYLINDRICAL_SURFACE ( 'NONE', #2994, 1.500000000000000000 ) ;
#7178 = CARTESIAN_POINT ( 'NONE',  ( 2.195053135303588032, -11.21895837557478437, 19.77249654669821055 ) ) ;
#7179 = DIRECTION ( 'NONE',  ( 0.000000000000000000, 0.000000000000000000, 1.000000000000000000 ) ) ;
#7180 = CARTESIAN_POINT ( 'NONE',  ( 1.102776835709585068, -9.996351389846564572, 229.9989766842664380 ) ) ;
#7181 = CARTESIAN_POINT ( 'NONE',  ( -7.714285714285710860, 4.635708782739420108, 19.99999999999998934 ) ) ;
#7182 = CARTESIAN_POINT ( 'NONE',  ( -2.407464394206308089, -11.07705344926618096, 19.49558994047063720 ) ) ;
#7183 = CARTESIAN_POINT ( 'NONE',  ( -1.011353222449191680, -9.970405524104359429, 230.0000000000000000 ) ) ;
#7184 = ORIENTED_EDGE ( 'NONE', *, *, #7585, .F. ) ;
#7185 = EDGE_LOOP ( 'NONE', ( #4702 ) ) ;
#7186 = CYLINDRICAL_SURFACE ( 'NONE', #1475, 1.500000000000001332 ) ;
#7187 = EDGE_CURVE ( 'NONE', #3845, #4913, #465, .T. ) ;
#7188 = CARTESIAN_POINT ( 'NONE',  ( 2.262649749384869846, -11.21782691084090899, 210.5679413234107358 ) ) ;
#7189 = CARTESIAN_POINT ( 'NONE',  ( -1.811221830515597375, -11.50000000000000178, 18.61111375412486169 ) ) ;
#7190 = CARTESIAN_POINT ( 'NONE',  ( -2.499999999999998224, -10.50000000000000178, 21.23350517512629665 ) ) ;
#7191 = DIRECTION ( 'NONE',  ( 1.209741371404878502E-16, 0.000000000000000000, 1.000000000000000000 ) ) ;
#7192 = DIRECTION ( 'NONE',  ( 0.000000000000000000, 0.000000000000000000, -1.000000000000000000 ) ) ;
#7193 = DIRECTION ( 'NONE',  ( -1.000000000000000000, 0.000000000000000000, 0.000000000000000000 ) ) ;
#7194 = CARTESIAN_POINT ( 'NONE',  ( -3.015681091877968623, -7.856154091012182761, 20.36389124387119409 ) ) ;
#7195 = CIRCLE ( 'NONE', #3672, 1.000000000000000000 ) ;
#7196 = CARTESIAN_POINT ( 'NONE',  ( 2.198596086273106653, -11.21555719260395989, 19.76764197928419264 ) ) ;
#7197 = CARTESIAN_POINT ( 'NONE',  ( -1.193143846853506496, -10.11260317856542201, 0.01020052509037157676 ) ) ;
#7198 = DIRECTION ( 'NONE',  ( 1.000000000000000000, 0.000000000000000000, 0.000000000000000000 ) ) ;
#7199 = CARTESIAN_POINT ( 'NONE',  ( 2.549432087221379373, -11.21644525789298896, 1.500000000000000000 ) ) ;
#7200 = CARTESIAN_POINT ( 'NONE',  ( -1.120722134117529079, -10.00775315812904509, 0.001648733206150907425 ) ) ;
#7201 = ORIENTED_EDGE ( 'NONE', *, *, #586, .T. ) ;
#7202 = ORIENTED_EDGE ( 'NONE', *, *, #1952, .T. ) ;
#7203 = ORIENTED_EDGE ( 'NONE', *, *, #4221, .T. ) ;
#7204 = CARTESIAN_POINT ( 'NONE',  ( -2.063471042753805218, -10.83668449217758045, 229.5960547114107158 ) ) ;
#7205 = AXIS2_PLACEMENT_3D ( 'NONE', #2859, #5151, #5821 ) ;
#7206 = CARTESIAN_POINT ( 'NONE',  ( 2.999999999999996891, 6.324555320336759934, 230.0000000000000000 ) ) ;
#7207 = CARTESIAN_POINT ( 'NONE',  ( 2.332572326492094561, -11.16983765256693673, 210.6098264609699982 ) ) ;
#7208 = CARTESIAN_POINT ( 'NONE',  ( 5.000000000000023093, 3.500000000000000000, 21.49999999999999289 ) ) ;
#7209 = CARTESIAN_POINT ( 'NONE',  ( 2.455451578857816841, -11.09847002044917019, 19.33410703848739232 ) ) ;
#7210 = CARTESIAN_POINT ( 'NONE',  ( -2.499999999999997780, -9.682458365518542109, 21.49999999999999289 ) ) ;
#7211 = ORIENTED_EDGE ( 'NONE', *, *, #6543, .T. ) ;
#7212 = CARTESIAN_POINT ( 'NONE',  ( 2.352180213503263673, -11.04004136860399399, 20.34469201128409921 ) ) ;
#7213 = CARTESIAN_POINT ( 'NONE',  ( 1.110104562090645341, -10.09639233222397259, 229.9956127754152249 ) ) ;
#7214 = CARTESIAN_POINT ( 'NONE',  ( 2.204521341044142435, -11.21212319033312887, 19.71171705134278795 ) ) ;
#7215 = CARTESIAN_POINT ( 'NONE',  ( 2.731542355773135533, -10.96321788801883912, 210.7366426083749502 ) ) ;
#7216 = CARTESIAN_POINT ( 'NONE',  ( 1.034095312463265692, -10.01136510415441983, 229.9996124531585053 ) ) ;
#7217 = EDGE_CURVE ( 'NONE', #5581, #2439, #4963, .T. ) ;
#7218 = CARTESIAN_POINT ( 'NONE',  ( -2.342766108790988344, -11.12626361423095034, 19.50337903242437676 ) ) ;
#7219 = VECTOR ( 'NONE', #2877, 1000.000000000000000 ) ;
#7220 = CARTESIAN_POINT ( 'NONE',  ( 2.500000000000001776, -10.49999999999999645, 230.0000000000000000 ) ) ;
#7221 = EDGE_CURVE ( 'NONE', #1928, #3905, #2791, .T. ) ;
#7222 = ORIENTED_EDGE ( 'NONE', *, *, #3753, .F. ) ;
#7223 = ORIENTED_EDGE ( 'NONE', *, *, #3908, .T. ) ;
#7224 = EDGE_CURVE ( 'NONE', #6557, #3204, #7195, .T. ) ;
#7225 = FACE_OUTER_BOUND ( 'NONE', #4285, .T. ) ;
#7226 = AXIS2_PLACEMENT_3D ( 'NONE', #212, #2547, #2582 ) ;
#7227 = CARTESIAN_POINT ( 'NONE',  ( 2.204617258360866305, -11.21083472681683268, 210.2740041820052568 ) ) ;
#7228 = CARTESIAN_POINT ( 'NONE',  ( -2.858493181987844967, -11.03623757443779851, 210.9599439060418433 ) ) ;
#7229 = CARTESIAN_POINT ( 'NONE',  ( 1.021566454688673575, -9.959110810818918580, 1.301042606982605321E-15 ) ) ;
#7230 = LINE ( 'NONE', #1826, #4767 ) ;
#7231 = CARTESIAN_POINT ( 'NONE',  ( 16.51417844735357221, 12.22464279233097706, 9.693957277362629910 ) ) ;
#7232 = CARTESIAN_POINT ( 'NONE',  ( -2.292224772957968337, -11.25105426474988946, 19.24785346601542102 ) ) ;
#7233 = CARTESIAN_POINT ( 'NONE',  ( 2.349197099581063153, -11.18262327837047998, 210.6992883934316296 ) ) ;
#7234 = CARTESIAN_POINT ( 'NONE',  ( 2.202475251565350067, -11.21274217791116889, 19.73043890700299130 ) ) ;
#7235 = CARTESIAN_POINT ( 'NONE',  ( 1.000000000000001332, -9.949874371066199430, 0.000000000000000000 ) ) ;
#7236 = CARTESIAN_POINT ( 'NONE',  ( 1.094885373954904040, -10.02820915718255890, 0.002467738741087103713 ) ) ;
#7237 = CARTESIAN_POINT ( 'NONE',  ( -16.51417844735356510, 12.22464279233097528, 219.6939572773627276 ) ) ;
#7238 = VERTEX_POINT ( 'NONE', #4302 ) ;
#7239 = EDGE_CURVE ( 'NONE', #579, #3565, #2285, .T. ) ;
#7240 = B_SPLINE_CURVE_WITH_KNOTS ( 'NONE', 3,
 ( #2231, #7563, #7044, #1674, #2269, #6453, #7602, #4036 ),
 .UNSPECIFIED., .F., .F.,
 ( 4, 2, 2, 4 ),
 ( 0.000000000000000000, 0.0003526101845196704851, 0.0005289152767795050501, 0.0007052203690393396692 ),
 .UNSPECIFIED. ) ;
#7241 = EDGE_LOOP ( 'NONE', ( #5185, #828, #2472 ) ) ;
#7242 = ORIENTED_EDGE ( 'NONE', *, *, #3119, .F. ) ;
#7243 = CARTESIAN_POINT ( 'NONE',  ( -23.50000000000000000, 12.22641929943638317, 211.5000000000000284 ) ) ;
#7244 = LINE ( 'NONE', #5901, #4627 ) ;
#7245 = CARTESIAN_POINT ( 'NONE',  ( 2.354060987111057379, -11.12573710120043557, 210.5244708675390086 ) ) ;
#7246 = CARTESIAN_POINT ( 'NONE',  ( -3.779976637959937324, -9.922438674644840972, 19.86675258756314477 ) ) ;
#7247 = CARTESIAN_POINT ( 'NONE',  ( 2.414848945394399760, -11.07706277208466972, 19.47835618036429395 ) ) ;
#7248 = CARTESIAN_POINT ( 'NONE',  ( -4.000000000000000000, 3.000000000000000000, 209.5000000000000284 ) ) ;
#7249 = ORIENTED_EDGE ( 'NONE', *, *, #3308, .F. ) ;
#7250 = VERTEX_POINT ( 'NONE', #6602 ) ;
#7251 = CARTESIAN_POINT ( 'NONE',  ( 3.278343447526403498, -10.70710422619512769, 19.42234600422105117 ) ) ;
#7252 = CARTESIAN_POINT ( 'NONE',  ( 1.569300668499913343, -10.43205422497475254, 229.9000097737655324 ) ) ;
#7253 = VECTOR ( 'NONE', #6793, 1000.000000000000000 ) ;
#7254 = CARTESIAN_POINT ( 'NONE',  ( 2.205242018377592927, -11.21148253079471502, 19.71092645730187343 ) ) ;
#7255 = CARTESIAN_POINT ( 'NONE',  ( 1.938381573690499016, -10.93398477842109706, 229.5801016874769687 ) ) ;
#7256 = DIRECTION ( 'NONE',  ( 2.937598842601849298E-16, -1.000000000000000000, 0.000000000000000000 ) ) ;
#7257 = CARTESIAN_POINT ( 'NONE',  ( -16.66532048819021838, 6.010389983400267866, 228.5000000000000000 ) ) ;
#7258 = VECTOR ( 'NONE', #1559, 1000.000000000000000 ) ;
#7259 = CARTESIAN_POINT ( 'NONE',  ( 3.088235294117648078, -6.834676493307207501, 21.49999999999999289 ) ) ;
#7260 = CARTESIAN_POINT ( 'NONE',  ( -2.275773492152834088, -11.14159002021775713, 209.9338651429446543 ) ) ;
#7261 = VERTEX_POINT ( 'NONE', #6717 ) ;
#7262 = CIRCLE ( 'NONE', #3857, 1.499999999999999556 ) ;
#7263 = ORIENTED_EDGE ( 'NONE', *, *, #6908, .F. ) ;
#7264 = CARTESIAN_POINT ( 'NONE',  ( 2.345405229801944991, -11.34536861541393549, 228.6094183402689737 ) ) ;
#7265 = CARTESIAN_POINT ( 'NONE',  ( -2.665983411519083912, -11.02206234451868028, 210.7697450037237559 ) ) ;
#7266 = EDGE_CURVE ( 'NONE', #6094, #217, #4424, .T. ) ;
#7267 = ADVANCED_FACE ( 'NONE', ( #1317 ), #3288, .T. ) ;
#7268 = AXIS2_PLACEMENT_3D ( 'NONE', #1881, #3104, #742 ) ;
#7269 = CARTESIAN_POINT ( 'NONE',  ( 1.434954784550799500, -10.43638788331277389, 229.9192753034334373 ) ) ;
#7270 = DIRECTION ( 'NONE',  ( -0.000000000000000000, -0.000000000000000000, 1.000000000000000000 ) ) ;
#7271 = CARTESIAN_POINT ( 'NONE',  ( 10.81795374094970263, 3.901522377056461099, 18.49999999999998934 ) ) ;
#7272 = VECTOR ( 'NONE', #7270, 1000.000000000000000 ) ;
#7273 = CARTESIAN_POINT ( 'NONE',  ( 16.55537111034132636, 12.22641929943638317, 10.60689367076673761 ) ) ;
#7274 = EDGE_CURVE ( 'NONE', #6964, #2032, #5434, .T. ) ;
#7275 = CARTESIAN_POINT ( 'NONE',  ( -2.533402804624530713, -11.01306452683238923, 19.27091641224958707 ) ) ;
#7276 = CARTESIAN_POINT ( 'NONE',  ( -2.693170009368709650, -7.787436597137069150, 20.73760334776014957 ) ) ;
#7277 = CARTESIAN_POINT ( 'NONE',  ( 2.252506572171684596, -11.21056074330066465, 19.48743483940167209 ) ) ;
#7278 = CARTESIAN_POINT ( 'NONE',  ( 2.500000000000001776, -10.07418480170138153, 21.41344584244706084 ) ) ;
#7279 = CARTESIAN_POINT ( 'NONE',  ( -2.783601829262469352, -11.15802674562696239, 1.500000000000001332 ) ) ;
#7280 = CARTESIAN_POINT ( 'NONE',  ( 2.549432088627413773, -11.21644525607234044, 1.406151727514121763 ) ) ;
#7281 = CARTESIAN_POINT ( 'NONE',  ( -2.667941177281325071, -11.07930327209187382, 0.9403892377481226639 ) ) ;
#7282 = EDGE_LOOP ( 'NONE', ( #373, #450, #3103 ) ) ;
#7283 = VERTEX_POINT ( 'NONE', #5686 ) ;
#7284 = ORIENTED_EDGE ( 'NONE', *, *, #1952, .F. ) ;
#7285 = FACE_OUTER_BOUND ( 'NONE', #3574, .T. ) ;
#7286 = CIRCLE ( 'NONE', #6654, 0.5000000000000004441 ) ;
#7287 = CARTESIAN_POINT ( 'NONE',  ( 1.590616274506025496, -10.33375665841556490, 229.9317011264054429 ) ) ;
#7288 = CARTESIAN_POINT ( 'NONE',  ( 2.232399749046893866, -11.18878819476898201, 210.3264480542895569 ) ) ;
#7289 = CARTESIAN_POINT ( 'NONE',  ( 2.884529909716703866, -10.98850279543015418, 210.8689439302635549 ) ) ;
#7290 = CARTESIAN_POINT ( 'NONE',  ( -2.499999999999997780, -10.49999999999999822, 208.7664948248737176 ) ) ;
#7291 = CARTESIAN_POINT ( 'NONE',  ( 2.674271602434128425, -11.01196020995490876, 19.23372966613819557 ) ) ;
#7292 = CARTESIAN_POINT ( 'NONE',  ( -2.499999999999997780, -10.07331338174049407, 21.41381409935717173 ) ) ;
#7293 = EDGE_LOOP ( 'NONE', ( #525, #7555, #6467 ) ) ;
#7294 = CIRCLE ( 'NONE', #2509, 1.500000000000000000 ) ;
#7295 = EDGE_LOOP ( 'NONE', ( #141, #4635, #1892, #7040 ) ) ;
#7296 = CARTESIAN_POINT ( 'NONE',  ( -1.333857694353978385, -10.32349779061402373, 0.04623915565040764147 ) ) ;
#7297 = DIRECTION ( 'NONE',  ( 0.8571428571428573173, 0.5150787536377124942, 0.000000000000000000 ) ) ;
#7298 = DIRECTION ( 'NONE',  ( 1.000000000000000000, 0.000000000000000000, 0.000000000000000000 ) ) ;
#7299 = AXIS2_PLACEMENT_3D ( 'NONE', #4638, #431, #2200 ) ;
#7300 = CARTESIAN_POINT ( 'NONE',  ( 25.00000000000000000, 13.72641929943638139, 211.5000000000000284 ) ) ;
#7301 = DIRECTION ( 'NONE',  ( -0.000000000000000000, -0.000000000000000000, -1.000000000000000000 ) ) ;
#7302 = B_SPLINE_CURVE_WITH_KNOTS ( 'NONE', 3,
 ( #4320, #3729, #6735, #3190, #4958, #104, #2517 ),
 .UNSPECIFIED., .F., .F.,
 ( 4, 3, 4 ),
 ( 0.000000000000000000, 5.910174848718551601E-05, 7.022084486824074539E-05 ),
 .UNSPECIFIED. ) ;
#7303 = CARTESIAN_POINT ( 'NONE',  ( -1.499999999999997780, -10.49999999999999822, 210.2270775949693586 ) ) ;
#7304 = CIRCLE ( 'NONE', #2766, 0.5000000000000004441 ) ;
#7305 = EDGE_LOOP ( 'NONE', ( #1297, #1819, #4964 ) ) ;
#7306 = AXIS2_PLACEMENT_3D ( 'NONE', #6625, #1222, #6784 ) ;
#7307 = ORIENTED_EDGE ( 'NONE', *, *, #1547, .T. ) ;
#7308 = DIRECTION ( 'NONE',  ( -0.000000000000000000, 0.000000000000000000, 1.000000000000000000 ) ) ;
#7309 = CARTESIAN_POINT ( 'NONE',  ( -2.668386870262283050, -11.02649519828580083, 210.7824094382763178 ) ) ;
#7310 = FACE_OUTER_BOUND ( 'NONE', #2721, .T. ) ;
#7311 = CARTESIAN_POINT ( 'NONE',  ( 1.088311754572173440, -10.02943725152405463, 0.002601911980524597434 ) ) ;
#7312 = CARTESIAN_POINT ( 'NONE',  ( -19.00000000000000355, 22.50000000000000000, 220.0000000000000284 ) ) ;
#7313 = CARTESIAN_POINT ( 'NONE',  ( 25.00000000000000000, 20.99999999999999645, 210.0000000000000284 ) ) ;
#7314 = CARTESIAN_POINT ( 'NONE',  ( -2.249667772408658450, -11.21214681109970179, 19.48994640501140196 ) ) ;
#7315 = CARTESIAN_POINT ( 'NONE',  ( 1.500000000000002220, -11.50000000000000000, 210.2270775949737072 ) ) ;
#7316 = CARTESIAN_POINT ( 'NONE',  ( 2.196384888053579676, -11.21767345429731932, 19.77114825462212977 ) ) ;
#7317 = DIRECTION ( 'NONE',  ( 1.000000000000000000, 0.000000000000000000, 0.000000000000000000 ) ) ;
#7318 = ADVANCED_FACE ( 'NONE', ( #2654 ), #167, .T. ) ;
#7319 = CARTESIAN_POINT ( 'NONE',  ( 1.500000000000001998, -10.49999999999999822, 210.2270775949737072 ) ) ;
#7320 = CARTESIAN_POINT ( 'NONE',  ( 1.069081112404767886, -10.04871286608704395, 0.001839368959809543555 ) ) ;
#7321 = EDGE_LOOP ( 'NONE', ( #4890, #2189, #4889, #1328 ) ) ;
#7322 = EDGE_CURVE ( 'NONE', #5329, #3687, #2543, .T. ) ;
#7323 = EDGE_LOOP ( 'NONE', ( #3763, #709, #798, #5526 ) ) ;
#7324 = ORIENTED_EDGE ( 'NONE', *, *, #3981, .T. ) ;
#7325 = VECTOR ( 'NONE', #2460, 1000.000000000000000 ) ;
#7326 = CYLINDRICAL_SURFACE ( 'NONE', #6895, 1.500000000000001332 ) ;
#7327 = CARTESIAN_POINT ( 'NONE',  ( 2.667941177281321963, -11.07930327209189691, 229.0596107622518502 ) ) ;
#7328 = CARTESIAN_POINT ( 'NONE',  ( 2.432615525822510172, -11.08359733722087448, 210.5817402105261351 ) ) ;
#7329 = DIRECTION ( 'NONE',  ( 1.000000000000000000, 0.000000000000000000, 0.000000000000000000 ) ) ;
#7330 = CARTESIAN_POINT ( 'NONE',  ( -2.783601829261904026, -11.15802674562710273, 211.5000000000000284 ) ) ;
#7331 = CARTESIAN_POINT ( 'NONE',  ( 2.637080725706735684, -10.98355532661777545, 19.33542540829363077 ) ) ;
#7332 = DIRECTION ( 'NONE',  ( -1.000000000000000000, 1.734723475976807094E-15, 0.000000000000000000 ) ) ;
#7333 = EDGE_CURVE ( 'NONE', #2598, #2863, #2025, .T. ) ;
#7334 = CIRCLE ( 'NONE', #1540, 1.500000000000001332 ) ;
#7335 = ORIENTED_EDGE ( 'NONE', *, *, #493, .T. ) ;
#7336 = EDGE_LOOP ( 'NONE', ( #7211, #2864, #7538, #4572, #435, #894, #2882, #2961, #2778, #2942, #2902, #4502 ) ) ;
#7337 = CARTESIAN_POINT ( 'NONE',  ( 3.222236077366285034, -7.023987428235684227, 209.3010495891913365 ) ) ;
#7338 = FACE_OUTER_BOUND ( 'NONE', #5348, .T. ) ;
#7339 = DIRECTION ( 'NONE',  ( 1.000000000000000000, -5.204170427930423650E-15, 0.000000000000000000 ) ) ;
#7340 = CARTESIAN_POINT ( 'NONE',  ( -1.034095312463368277, -10.01136510415444469, 0.0003875468415111824657 ) ) ;
#7341 = CARTESIAN_POINT ( 'NONE',  ( -2.913626296284715256, -10.97007306887226008, 19.15299543975615393 ) ) ;
#7342 = CARTESIAN_POINT ( 'NONE',  ( 2.309825116917178178, -11.27574582816282778, 19.13628853397580443 ) ) ;
#7343 = VERTEX_POINT ( 'NONE', #3832 ) ;
#7344 = ORIENTED_EDGE ( 'NONE', *, *, #5445, .T. ) ;
#7345 = DIRECTION ( 'NONE',  ( 0.000000000000000000, 1.000000000000000000, 0.000000000000000000 ) ) ;
#7346 = CARTESIAN_POINT ( 'NONE',  ( -2.499610502841180804, -11.07818153489988511, 210.6877094447612819 ) ) ;
#7347 = LINE ( 'NONE', #6754, #5758 ) ;
#7348 = PLANE ( 'NONE',  #6672 ) ;
#7349 = CARTESIAN_POINT ( 'NONE',  ( -4.000000000000022204, 3.500000000000000000, 20.49999999999998934 ) ) ;
#7350 = CARTESIAN_POINT ( 'NONE',  ( -1.011366327769108064, -10.00378877592303795, 229.9999999999999716 ) ) ;
#7351 = VECTOR ( 'NONE', #2345, 1000.000000000000000 ) ;
#7352 = CIRCLE ( 'NONE', #5707, 1.500000000000000888 ) ;
#7353 = CARTESIAN_POINT ( 'NONE',  ( -2.880506901366691963, -11.00752108417170660, 19.09231168731248829 ) ) ;
#7354 = CARTESIAN_POINT ( 'NONE',  ( -4.000000000000022204, 3.000000000000000000, 19.99999999999998934 ) ) ;
#7355 = B_SPLINE_CURVE_WITH_KNOTS ( 'NONE', 3,
 ( #639, #4967, #156, #5046, #114, #3161, #6746, #1896, #6707, #2566, #5594, #3704, #2527 ),
 .UNSPECIFIED., .F., .F.,
 ( 4, 2, 2, 1, 2, 2, 4 ),
 ( 0.000000000000000000, 0.003906250000000000000, 0.007812500000000000000, 0.1250000000000000000, 0.2500000000000000000, 0.5000000000000000000, 1.000000000000000000 ),
 .UNSPECIFIED. ) ;
#7356 = LINE ( 'NONE', #5571, #3631 ) ;
#7357 = FACE_OUTER_BOUND ( 'NONE', #7185, .T. ) ;
#7358 = CARTESIAN_POINT ( 'NONE',  ( -1.064573262633546236, -9.977462227845567355, 0.0003875468415112225812 ) ) ;
#7359 = CARTESIAN_POINT ( 'NONE',  ( 2.504339613365665240, -11.18220775738728534, 1.129554377904687268 ) ) ;
#7360 = VERTEX_POINT ( 'NONE', #3325 ) ;
#7361 = EDGE_CURVE ( 'NONE', #7360, #4412, #2415, .T. ) ;
#7362 = ORIENTED_EDGE ( 'NONE', *, *, #5862, .F. ) ;
#7363 = VERTEX_POINT ( 'NONE', #2732 ) ;
#7364 = ADVANCED_FACE ( 'NONE', ( #7507 ), #4501, .T. ) ;
#7365 = EDGE_CURVE ( 'NONE', #3687, #7738, #426, .T. ) ;
#7366 = DIRECTION ( 'NONE',  ( 1.000000000000000000, 8.673617379884035472E-16, 0.000000000000000000 ) ) ;
#7367 = CARTESIAN_POINT ( 'NONE',  ( 2.595291959527875392, -11.01424966786605353, 210.6669490634845658 ) ) ;
#7368 = EDGE_CURVE ( 'NONE', #4411, #2483, #5134, .T. ) ;
#7369 = CARTESIAN_POINT ( 'NONE',  ( 2.352180213502647277, -11.04004136860490348, 209.6553079887206934 ) ) ;
#7370 = CARTESIAN_POINT ( 'NONE',  ( 3.845451822987584034, -9.676352071160374990, 19.96020332303853095 ) ) ;
#7371 = CARTESIAN_POINT ( 'NONE',  ( 2.455315028335403493, -11.09834585249921446, 19.33467926262514780 ) ) ;
#7372 = ORIENTED_EDGE ( 'NONE', *, *, #2369, .F. ) ;
#7373 = EDGE_LOOP ( 'NONE', ( #6111, #6710, #2208 ) ) ;
#7374 = CARTESIAN_POINT ( 'NONE',  ( 3.030207851818812692, -7.446698817856584718, 209.6608814015546045 ) ) ;
#7375 = EDGE_CURVE ( 'NONE', #7698, #722, #5062, .T. ) ;
#7376 = CARTESIAN_POINT ( 'NONE',  ( -2.499999999999998224, -9.626896131320071603, 208.5000000049662106 ) ) ;
#7377 = FACE_OUTER_BOUND ( 'NONE', #2865, .T. ) ;
#7378 = FACE_OUTER_BOUND ( 'NONE', #2909, .T. ) ;
#7379 = CARTESIAN_POINT ( 'NONE',  ( -2.913626296284715256, -10.97007306887226363, 19.15299543975615393 ) ) ;
#7380 = CARTESIAN_POINT ( 'NONE',  ( 2.257707700204183876, -11.21746207600187795, 19.44809090610237945 ) ) ;
#7381 = ORIENTED_EDGE ( 'NONE', *, *, #857, .T. ) ;
#7382 = ORIENTED_EDGE ( 'NONE', *, *, #672, .T. ) ;
#7383 =( BOUNDED_SURFACE ( )  B_SPLINE_SURFACE ( 3, 2, ( 
 ( #6687, #4912, #1282 ),
 ( #16, #4193, #697 ),
 ( #6009, #3014, #5422 ),
 ( #7320, #7236, #1916 ) ),
 .UNSPECIFIED., .F., .F., .F. ) 
 B_SPLINE_SURFACE_WITH_KNOTS ( ( 4, 4 ),
 ( 3, 3 ),
 ( 0.000000000000000000, 8.966486059732788505E-05 ),
 ( 0.000000000000000000, 1.000000000000000000 ),
 .UNSPECIFIED. ) 
 GEOMETRIC_REPRESENTATION_ITEM ( )  RATIONAL_B_SPLINE_SURFACE ( (
 ( 1.000000000000000000, 0.9998845316408294659, 1.000000000000000000),
 ( 1.000000000000000000, 0.9998455050467578431, 1.000000000000000000),
 ( 1.000000000000000000, 0.9998029167076180057, 1.000000000000000000),
 ( 1.000000000000000000, 0.9997586081350624543, 1.000000000000000000) ) ) 
 REPRESENTATION_ITEM ( '' )  SURFACE ( )  );
#7384 = CARTESIAN_POINT ( 'NONE',  ( 23.50000000000000000, 12.22641929943638317, 228.5000000000000000 ) ) ;
#7385 = CARTESIAN_POINT ( 'NONE',  ( -2.291225728446677490, -11.13600745158769811, 210.3394647626837468 ) ) ;
#7386 = EDGE_CURVE ( 'NONE', #7517, #4238, #1657, .T. ) ;
#7387 = EDGE_CURVE ( 'NONE', #1019, #6104, #3418, .T. ) ;
#7388 = CARTESIAN_POINT ( 'NONE',  ( -0.9999999999999978906, -11.50000000000000000, 230.0000000000000000 ) ) ;
#7389 = CARTESIAN_POINT ( 'NONE',  ( 1.058908552604717279, -10.01963618420116653, 0.0008678050809890001504 ) ) ;
#7390 = CARTESIAN_POINT ( 'NONE',  ( -1.451306272729600444, -10.93653229866502130, 229.6865058927350276 ) ) ;
#7391 = CARTESIAN_POINT ( 'NONE',  ( -16.66532048819021838, 6.010389983400267866, 19.99999999999998934 ) ) ;
#7392 = CARTESIAN_POINT ( 'NONE',  ( -2.103952758196431017, -11.48700851901668507, 228.7177601663061921 ) ) ;
#7393 = FACE_OUTER_BOUND ( 'NONE', #1960, .T. ) ;
#7394 = CIRCLE ( 'NONE', #3110, 0.5000000000000004441 ) ;
#7395 = CIRCLE ( 'NONE', #4998, 1.500000000000001332 ) ;
#7396 = CARTESIAN_POINT ( 'NONE',  ( -5.500000000000023093, 23.00000000000000000, 19.99999999999998934 ) ) ;
#7397 = CARTESIAN_POINT ( 'NONE',  ( -2.549432092201702194, -11.21644525916565804, 1.311006143156998816 ) ) ;
#7398 = LINE ( 'NONE', #6647, #5339 ) ;
#7399 = CARTESIAN_POINT ( 'NONE',  ( 2.500000000000001776, -10.07331338174048341, 208.5861859006428176 ) ) ;
#7400 = ORIENTED_EDGE ( 'NONE', *, *, #3195, .F. ) ;
#7401 = CARTESIAN_POINT ( 'NONE',  ( 1.238263779734027681, -10.53628830767462432, 229.9037981830667263 ) ) ;
#7402 = VECTOR ( 'NONE', #6558, 1000.000000000000000 ) ;
#7403 = VECTOR ( 'NONE', #5122, 1000.000000000000000 ) ;
#7404 = ORIENTED_EDGE ( 'NONE', *, *, #6605, .T. ) ;
#7405 = ADVANCED_FACE ( 'NONE', ( #5060 ), #1981, .F. ) ;
#7406 = ORIENTED_EDGE ( 'NONE', *, *, #5979, .F. ) ;
#7407 = CARTESIAN_POINT ( 'NONE',  ( -1.499999999999997335, -11.50000000000000000, 210.2270775949693586 ) ) ;
#7408 = CARTESIAN_POINT ( 'NONE',  ( 0.9999999999999991118, -9.999999999999996447, 230.0000000000000000 ) ) ;
#7409 = CARTESIAN_POINT ( 'NONE',  ( 2.621033201079990604, -11.03455549593616425, 210.7481028786944535 ) ) ;
#7410 = CARTESIAN_POINT ( 'NONE',  ( 3.705249945309787130, -10.13589649405938964, 210.2224836783184116 ) ) ;
#7411 = CARTESIAN_POINT ( 'NONE',  ( 1.000000000000001998, -11.22497216032182443, 230.0000000000000000 ) ) ;
#7412 = CARTESIAN_POINT ( 'NONE',  ( 3.616479185252523543, -7.982605194056039188, 209.9533446336000111 ) ) ;
#7413 = CARTESIAN_POINT ( 'NONE',  ( 2.302831923331724706, -11.15410137272988322, 19.52154426169668966 ) ) ;
#7414 = ORIENTED_EDGE ( 'NONE', *, *, #5288, .T. ) ;
#7415 = VECTOR ( 'NONE', #3965, 1000.000000000000000 ) ;
#7416 = CARTESIAN_POINT ( 'NONE',  ( -1.101544239572744388, -10.26301046350921453, 0.02108702894755954890 ) ) ;
#7417 =( GEOMETRIC_REPRESENTATION_CONTEXT ( 3 ) GLOBAL_UNCERTAINTY_ASSIGNED_CONTEXT ( ( #388 ) ) GLOBAL_UNIT_ASSIGNED_CONTEXT ( ( #797, #874, #5677 ) ) REPRESENTATION_CONTEXT ( 'NONE', 'WORKASPACE' ) );
#7418 = CARTESIAN_POINT ( 'NONE',  ( 2.500000000000001776, -9.165151389911677882, 210.0000000000000284 ) ) ;
#7419 = DIRECTION ( 'NONE',  ( -1.000000000000000000, 0.000000000000000000, 0.000000000000000000 ) ) ;
#7420 = CARTESIAN_POINT ( 'NONE',  ( 2.783601831177014763, -11.15802674514934090, 211.3865620116066850 ) ) ;
#7421 = CARTESIAN_POINT ( 'NONE',  ( -2.913626296284715256, -10.97007306887226008, 19.15299543975615393 ) ) ;
#7422 = CARTESIAN_POINT ( 'NONE',  ( -2.896539201119003870, -10.98457053336029610, 210.8673233522613657 ) ) ;
#7423 = VERTEX_POINT ( 'NONE', #1473 ) ;
#7424 = ORIENTED_EDGE ( 'NONE', *, *, #5048, .T. ) ;
#7425 = CARTESIAN_POINT ( 'NONE',  ( -2.257747252451488773, -11.21748840370806555, 19.44788340372884505 ) ) ;
#7426 = CARTESIAN_POINT ( 'NONE',  ( -2.462517431538155499, -11.04614467654369037, 210.5262177823318268 ) ) ;
#7427 = CARTESIAN_POINT ( 'NONE',  ( -16.66532048819021838, 12.22641929943638317, 9.105980102494566353 ) ) ;
#7428 = CARTESIAN_POINT ( 'NONE',  ( -3.499999999999999556, 3.500000000000000000, 210.0000000000000284 ) ) ;
#7429 = CARTESIAN_POINT ( 'NONE',  ( 2.345405229801944547, -11.34536861541393726, 1.280719681945873933 ) ) ;
#7430 = CARTESIAN_POINT ( 'NONE',  ( -2.345405229801929448, -11.34536861541394792, 211.5000000000000284 ) ) ;
#7431 = AXIS2_PLACEMENT_3D ( 'NONE', #6756, #6157, #1393 ) ;
#7432 = CARTESIAN_POINT ( 'NONE',  ( 1.011366327769148032, -10.00378877592304683, 1.736811436514888697E-15 ) ) ;
#7433 = EDGE_CURVE ( 'NONE', #7726, #5771, #1410, .T. ) ;
#7434 = AXIS2_PLACEMENT_3D ( 'NONE', #1667, #4186, #2536 ) ;
#7435 = CARTESIAN_POINT ( 'NONE',  ( -2.373360819896222385, -11.32704291927934115, 228.5695690403599656 ) ) ;
#7436 = CARTESIAN_POINT ( 'NONE',  ( 1.500000000000002220, -11.50000000000000000, 19.77292240503289378 ) ) ;
#7437 = DIRECTION ( 'NONE',  ( 1.000000000000000000, 0.000000000000000000, -1.232566680299310083E-16 ) ) ;
#7438 = SPHERICAL_SURFACE ( 'NONE', #4937, 1.500000000000000000 ) ;
#7439 = CARTESIAN_POINT ( 'NONE',  ( 1.492131584664115440, -10.48844941219374860, 229.9000553813007457 ) ) ;
#7440 = DIRECTION ( 'NONE',  ( 0.000000000000000000, 1.000000000000000000, 0.000000000000000000 ) ) ;
#7441 = EDGE_LOOP ( 'NONE', ( #3961, #7758, #818, #3608 ) ) ;
#7442 = FACE_OUTER_BOUND ( 'NONE', #4710, .T. ) ;
#7443 = ORIENTED_EDGE ( 'NONE', *, *, #512, .F. ) ;
#7444 = ORIENTED_EDGE ( 'NONE', *, *, #3780, .T. ) ;
#7445 = CARTESIAN_POINT ( 'NONE',  ( 2.357704233898042734, -10.86594856270732024, 229.5039330355592426 ) ) ;
#7446 = CARTESIAN_POINT ( 'NONE',  ( 2.620932107467877525, -11.03444900448723232, 210.7477331423085047 ) ) ;
#7447 = CARTESIAN_POINT ( 'NONE',  ( 2.260154475296042520, -11.15603195546061244, 19.68971826570597727 ) ) ;
#7448 = PLANE ( 'NONE',  #45 ) ;
#7449 = CARTESIAN_POINT ( 'NONE',  ( 2.500000000000000888, -7.745966692414834043, 208.5000000000000284 ) ) ;
#7450 = CARTESIAN_POINT ( 'NONE',  ( 2.220275612649462715, -11.19491848775476939, 19.74019834639221571 ) ) ;
#7451 = ORIENTED_EDGE ( 'NONE', *, *, #5001, .F. ) ;
#7452 = VECTOR ( 'NONE', #6747, 1000.000000000000000 ) ;
#7453 = CARTESIAN_POINT ( 'NONE',  ( 3.289904747188084677, -7.914186196241352889, 209.8343144419941666 ) ) ;
#7454 = FACE_OUTER_BOUND ( 'NONE', #671, .T. ) ;
#7455 = CARTESIAN_POINT ( 'NONE',  ( -2.499999999999998224, -10.50000000000000178, 21.23350517512630020 ) ) ;
#7456 = CARTESIAN_POINT ( 'NONE',  ( 2.549432087221491727, -11.21644525789291436, 211.4999999999999716 ) ) ;
#7457 = CARTESIAN_POINT ( 'NONE',  ( -1.069081112377107790, -10.04871286605453307, 0.001839368958085011579 ) ) ;
#7458 = ORIENTED_EDGE ( 'NONE', *, *, #397, .F. ) ;
#7459 = CARTESIAN_POINT ( 'NONE',  ( -19.00000000000000355, 22.50000000000000000, 7.499999999999996447 ) ) ;
#7460 = ORIENTED_EDGE ( 'NONE', *, *, #3734, .F. ) ;
#7461 = ORIENTED_EDGE ( 'NONE', *, *, #1791, .F. ) ;
#7462 = CARTESIAN_POINT ( 'NONE',  ( -3.999999999999998224, -8.062257748298549132, 210.0000000000000284 ) ) ;
#7463 = CARTESIAN_POINT ( 'NONE',  ( -2.254709813359490944, -11.17225910892931751, 210.3716384283819139 ) ) ;
#7464 = EDGE_CURVE ( 'NONE', #2330, #578, #3043, .T. ) ;
#7465 = AXIS2_PLACEMENT_3D ( 'NONE', #2161, #3412, #2194 ) ;
#7466 = EDGE_CURVE ( 'NONE', #3687, #5257, #5567, .T. ) ;
#7467 = CARTESIAN_POINT ( 'NONE',  ( -2.441417977920578242, -11.05213209969796040, 210.4842545636242050 ) ) ;
#7468 = CARTESIAN_POINT ( 'NONE',  ( 1.811221830515601816, -11.49999999999999822, 211.3885219111382412 ) ) ;
#7469 = EDGE_CURVE ( 'NONE', #7517, #3565, #1588, .T. ) ;
#7470 = CARTESIAN_POINT ( 'NONE',  ( -16.55537111034132636, 12.22641929943638317, 220.6068936707668229 ) ) ;
#7471 = CARTESIAN_POINT ( 'NONE',  ( 25.00000000000000000, 0.000000000000000000, 210.0000000000000284 ) ) ;
#7472 = ADVANCED_FACE ( 'NONE', ( #5917 ), #3986, .T. ) ;
#7473 = ORIENTED_EDGE ( 'NONE', *, *, #2448, .T. ) ;
#7474 = CARTESIAN_POINT ( 'NONE',  ( -1.504346593500204277, -10.73608480546596766, 229.8230844328696207 ) ) ;
#7475 = DIRECTION ( 'NONE',  ( -1.209741371404878502E-16, 0.000000000000000000, -1.000000000000000000 ) ) ;
#7476 = DIRECTION ( 'NONE',  ( 0.000000000000000000, 0.000000000000000000, 1.000000000000000000 ) ) ;
#7477 = CARTESIAN_POINT ( 'NONE',  ( -2.499999999999998224, -7.745966692414834931, 208.5000000000000284 ) ) ;
#7478 = CARTESIAN_POINT ( 'NONE',  ( 1.177560126848941069, -10.15716780073164749, 229.9881976186044881 ) ) ;
#7479 = CARTESIAN_POINT ( 'NONE',  ( -1.001793612209380679, -9.953117551954827391, 1.300964821377870667E-15 ) ) ;
#7480 = EDGE_LOOP ( 'NONE', ( #1166, #4158, #7499, #4044, #5984, #6768, #7344, #7567, #4532, #4391, #601, #7578, #6689, #5311, #2920, #78, #429, #4509, #5837, #3747 ) ) ;
#7481 = CARTESIAN_POINT ( 'NONE',  ( 1.029437251493314776, -10.08831175447995143, 0.002601911975085805656 ) ) ;
#7482 = ORIENTED_EDGE ( 'NONE', *, *, #1731, .F. ) ;
#7483 = CARTESIAN_POINT ( 'NONE',  ( 2.098595159230308038, -11.10046762278951427, 229.3683967923767852 ) ) ;
#7484 = CIRCLE ( 'NONE', #1310, 1.500000000000001332 ) ;
#7485 = CIRCLE ( 'NONE', #3443, 1.500000000000001332 ) ;
#7486 = B_SPLINE_CURVE_WITH_KNOTS ( 'NONE', 3,
 ( #3033, #2707, #1997, #5698, #3809, #1812, #4208, #7407 ),
 .UNSPECIFIED., .F., .F.,
 ( 4, 2, 2, 4 ),
 ( 0.000000000000000000, 0.0003332409376301391675, 0.0006664818752602783350, 0.001332963750520635600 ),
 .UNSPECIFIED. ) ;
#7487 = EDGE_CURVE ( 'NONE', #5473, #4841, #3434, .T. ) ;
#7488 = CARTESIAN_POINT ( 'NONE',  ( -2.930025508694662939, -10.95946610215109018, 210.8346852591386664 ) ) ;
#7489 = CARTESIAN_POINT ( 'NONE',  ( 2.644366095477763245, -10.99183857353254368, 210.6744188672752500 ) ) ;
#7490 = PLANE ( 'NONE',  #6977 ) ;
#7491 = FACE_OUTER_BOUND ( 'NONE', #912, .T. ) ;
#7492 = CARTESIAN_POINT ( 'NONE',  ( -3.088235294117645857, -6.834676493307208389, 208.5000000000000284 ) ) ;
#7493 = CARTESIAN_POINT ( 'NONE',  ( 2.276386114076145883, -11.15289418589272685, 19.63318545954579264 ) ) ;
#7494 = ORIENTED_EDGE ( 'NONE', *, *, #4518, .F. ) ;
#7495 = CARTESIAN_POINT ( 'NONE',  ( -1.512739605895979222, -11.04463667085878065, 0.4201617410090635607 ) ) ;
#7496 = CARTESIAN_POINT ( 'NONE',  ( 2.298602578097930671, -11.26014590832336637, 19.20296860167905706 ) ) ;
#7497 = CARTESIAN_POINT ( 'NONE',  ( 3.094021977562682935, -6.842929976059517472, 208.6984937555812962 ) ) ;
#7498 = CARTESIAN_POINT ( 'NONE',  ( 1.068190624926532273, -10.01136510415440206, 231.4992249063170107 ) ) ;
#7499 = ORIENTED_EDGE ( 'NONE', *, *, #948, .T. ) ;
#7500 = ORIENTED_EDGE ( 'NONE', *, *, #5156, .F. ) ;
#7501 = ORIENTED_EDGE ( 'NONE', *, *, #2299, .T. ) ;
#7502 = DIRECTION ( 'NONE',  ( 1.000000000000000000, 0.000000000000000000, 0.000000000000000000 ) ) ;
#7503 = CARTESIAN_POINT ( 'NONE',  ( -2.194994261698161253, -11.21901528231785505, 210.2270775949693586 ) ) ;
#7504 = CARTESIAN_POINT ( 'NONE',  ( -2.367900651807223422, -11.08920011312054221, 210.4160339459318436 ) ) ;
#7505 = CARTESIAN_POINT ( 'NONE',  ( 0.000000000000000000, 0.000000000000000000, 0.000000000000000000 ) ) ;
#7506 = CARTESIAN_POINT ( 'NONE',  ( -2.258755050812601972, -11.21633694257765157, 19.44861678825162699 ) ) ;
#7507 = FACE_OUTER_BOUND ( 'NONE', #4075, .T. ) ;
#7508 = ORIENTED_EDGE ( 'NONE', *, *, #4796, .F. ) ;
#7509 = EDGE_CURVE ( 'NONE', #1187, #5581, #3004, .T. ) ;
#7510 = CARTESIAN_POINT ( 'NONE',  ( -2.118899066095327743, -11.50000000000000000, 228.4999999999994600 ) ) ;
#7511 = DIRECTION ( 'NONE',  ( 0.000000000000000000, 0.000000000000000000, -1.000000000000000000 ) ) ;
#7512 = DIRECTION ( 'NONE',  ( 0.000000000000000000, 0.000000000000000000, -1.000000000000000000 ) ) ;
#7513 = CIRCLE ( 'NONE', #4604, 1.500000000000001332 ) ;
#7514 = CARTESIAN_POINT ( 'NONE',  ( 0.000000000000000000, 0.000000000000000000, 228.5000000000000000 ) ) ;
#7515 = CARTESIAN_POINT ( 'NONE',  ( 1.500000000000002442, -11.49999999999999822, 19.77292240503064491 ) ) ;
#7516 = CYLINDRICAL_SURFACE ( 'NONE', #5413, 1.499999999999999556 ) ;
#7517 = VERTEX_POINT ( 'NONE', #363 ) ;
#7518 = CARTESIAN_POINT ( 'NONE',  ( 1.512647403228213783, -11.04447386134770070, 0.4200042955477032436 ) ) ;
#7519 = CIRCLE ( 'NONE', #3985, 11.50000000000000000 ) ;
#7520 = AXIS2_PLACEMENT_3D ( 'NONE', #3005, #6042, #4223 ) ;
#7521 = EDGE_LOOP ( 'NONE', ( #4617, #2235, #399, #4260 ) ) ;
#7522 = CARTESIAN_POINT ( 'NONE',  ( 2.345405229801890368, -11.34536861541400121, 228.5000000000000000 ) ) ;
#7523 = CARTESIAN_POINT ( 'NONE',  ( 16.66532048819021838, 12.22641929943638317, 219.1059801024945841 ) ) ;
#7524 = CARTESIAN_POINT ( 'NONE',  ( 2.779937972929536372, -10.97607219379461263, 210.7750413960214075 ) ) ;
#7525 = FACE_OUTER_BOUND ( 'NONE', #4570, .T. ) ;
#7526 = DIRECTION ( 'NONE',  ( 0.000000000000000000, -0.000000000000000000, -1.000000000000000000 ) ) ;
#7527 = CIRCLE ( 'NONE', #170, 11.50000000000000000 ) ;
#7528 = DIRECTION ( 'NONE',  ( 0.000000000000000000, 0.000000000000000000, 1.000000000000000000 ) ) ;
#7529 = B_SPLINE_CURVE_WITH_KNOTS ( 'NONE', 3,
 ( #7259, #1424, #4848, #6827, #4886, #4291, #4968, #758, #1897, #5480, #5524, #2449, #1968, #6073 ),
 .UNSPECIFIED., .F., .F.,
 ( 4, 2, 2, 2, 2, 2, 4 ),
 ( 0.000000000000000000, 0.0002966193403871499718, 0.0005932386807742999436, 0.001186477361548599237, 0.001483096701935746227, 0.001779716042322893217, 0.002372954723097187198 ),
 .UNSPECIFIED. ) ;
#7530 = TOROIDAL_SURFACE ( 'NONE', #4739, 7.716029316036113528, 1.500000000000000000 ) ;
#7531 = ORIENTED_EDGE ( 'NONE', *, *, #1189, .F. ) ;
#7532 = EDGE_CURVE ( 'NONE', #1246, #2824, #4687, .T. ) ;
#7533 = CARTESIAN_POINT ( 'NONE',  ( -1.617911009235963204, -11.22493108363413228, 0.6292117151402554232 ) ) ;
#7534 = CARTESIAN_POINT ( 'NONE',  ( 2.831540101097401507, -11.07596018504388447, 18.94949887168040092 ) ) ;
#7535 = DIRECTION ( 'NONE',  ( 0.000000000000000000, 0.000000000000000000, 1.000000000000000000 ) ) ;
#7536 = FACE_OUTER_BOUND ( 'NONE', #364, .T. ) ;
#7537 = CARTESIAN_POINT ( 'NONE',  ( -1.120722134017100302, -10.00775315806520105, 0.001648733202647828522 ) ) ;
#7538 = ORIENTED_EDGE ( 'NONE', *, *, #2359, .T. ) ;
#7539 = ORIENTED_EDGE ( 'NONE', *, *, #739, .F. ) ;
#7540 = CARTESIAN_POINT ( 'NONE',  ( -23.50000000000000000, 0.000000000000000000, 228.5000000000000000 ) ) ;
#7541 = CARTESIAN_POINT ( 'NONE',  ( -2.259336111689180360, -11.21937482008337916, 210.5631230157181335 ) ) ;
#7542 = AXIS2_PLACEMENT_3D ( 'NONE', #6433, #518, #3429 ) ;
#7543 = CARTESIAN_POINT ( 'NONE',  ( -2.843072779398165384, -10.98085943875423176, 210.8277348857280344 ) ) ;
#7544 = DIRECTION ( 'NONE',  ( 1.000000000000000000, 0.000000000000000000, 0.000000000000000000 ) ) ;
#7545 = CARTESIAN_POINT ( 'NONE',  ( -3.146680328731486398, -12.61342153853482806, 228.5000000000000000 ) ) ;
#7546 = CARTESIAN_POINT ( 'NONE',  ( -2.257531196332605461, -11.21743530871457395, 19.44871706757696828 ) ) ;
#7547 = DIRECTION ( 'NONE',  ( 0.000000000000000000, 0.000000000000000000, -1.000000000000000000 ) ) ;
#7548 = ORIENTED_EDGE ( 'NONE', *, *, #3535, .F. ) ;
#7549 = CARTESIAN_POINT ( 'NONE',  ( -1.333757400880024591, -10.32365443778589764, 229.9537460370485462 ) ) ;
#7550 = DIRECTION ( 'NONE',  ( -0.000000000000000000, 0.000000000000000000, 1.000000000000000000 ) ) ;
#7551 = LINE ( 'NONE', #2151, #455 ) ;
#7552 = LINE ( 'NONE', #1666, #3327 ) ;
#7553 = CARTESIAN_POINT ( 'NONE',  ( -23.50000000000000000, 0.000000000000000000, 211.5000000000000284 ) ) ;
#7554 = ADVANCED_FACE ( 'NONE', ( #4615 ), #5326, .F. ) ;
#7555 = ORIENTED_EDGE ( 'NONE', *, *, #1769, .F. ) ;
#7556 = AXIS2_PLACEMENT_3D ( 'NONE', #7088, #3610, #3570 ) ;
#7557 = CARTESIAN_POINT ( 'NONE',  ( 1.691812914166232362, -10.99297446910108000, 0.3597331386848474089 ) ) ;
#7558 = VECTOR ( 'NONE', #6198, 1000.000000000000000 ) ;
#7559 = VECTOR ( 'NONE', #3312, 1000.000000000000000 ) ;
#7560 = EDGE_LOOP ( 'NONE', ( #2695, #2155, #778, #7696 ) ) ;
#7561 = CARTESIAN_POINT ( 'NONE',  ( -3.703499260983235342, -7.877334338721210472, 20.02022903954721400 ) ) ;
#7562 = CARTESIAN_POINT ( 'NONE',  ( -2.926208021448924335, -10.96043218758716620, 210.8345778458506743 ) ) ;
#7563 = CARTESIAN_POINT ( 'NONE',  ( -2.783601829262465355, -11.15802674562696595, 18.61832899591562551 ) ) ;
#7564 = ADVANCED_FACE ( 'NONE', ( #7101 ), #482, .F. ) ;
#7565 = DIRECTION ( 'NONE',  ( 0.000000000000000000, -0.000000000000000000, -1.000000000000000000 ) ) ;
#7566 = DIRECTION ( 'NONE',  ( 0.7435655527272313492, 0.6684492978633653770, 0.01690576775603424772 ) ) ;
#7567 = ORIENTED_EDGE ( 'NONE', *, *, #7464, .T. ) ;
#7568 = EDGE_CURVE ( 'NONE', #1011, #5052, #2998, .T. ) ;
#7569 = EDGE_CURVE ( 'NONE', #3977, #1384, #3755, .T. ) ;
#7570 = CARTESIAN_POINT ( 'NONE',  ( 2.230845401410413320, -11.20792418852824390, 210.4223430752331865 ) ) ;
#7571 = CARTESIAN_POINT ( 'NONE',  ( 23.50000000000000000, 20.99999999999999645, 211.5000000000000284 ) ) ;
#7572 = CARTESIAN_POINT ( 'NONE',  ( -1.120722134059438435, -10.00775315809230470, 229.9983512667958792 ) ) ;
#7573 = EDGE_CURVE ( 'NONE', #3289, #2491, #4257, .T. ) ;
#7574 = LINE ( 'NONE', #870, #3566 ) ;
#7575 = CARTESIAN_POINT ( 'NONE',  ( -2.783601829262589256, -11.15802674562693575, 211.5000000000000568 ) ) ;
#7576 = EDGE_LOOP ( 'NONE', ( #2351, #2758, #4653 ) ) ;
#7577 = SURFACE_STYLE_USAGE ( .BOTH. , #312 ) ;
#7578 = ORIENTED_EDGE ( 'NONE', *, *, #323, .T. ) ;
#7579 = CARTESIAN_POINT ( 'NONE',  ( -19.00000000000000355, 12.22641929943638317, 9.999999999999994671 ) ) ;
#7580 = CARTESIAN_POINT ( 'NONE',  ( -2.197239944554369107, -11.21698561937162886, 210.2428650112921957 ) ) ;
#7581 = AXIS2_PLACEMENT_3D ( 'NONE', #6708, #3082, #4373 ) ;
#7582 = CARTESIAN_POINT ( 'NONE',  ( -2.783371310411086874, -10.97881916997041785, 210.7796391274189887 ) ) ;
#7583 = CARTESIAN_POINT ( 'NONE',  ( 3.850478233590421961, -7.969519169630260969, 20.00000001570841945 ) ) ;
#7584 = B_SPLINE_CURVE_WITH_KNOTS ( 'NONE', 3,
 ( #3675, #1192, #85, #6040, #6154, #3712, #688, #2496 ),
 .UNSPECIFIED., .F., .F.,
 ( 4, 2, 2, 4 ),
 ( 0.000000000000000000, 0.0008392934252457296502, 0.001258940137868589651, 0.001678586850491449976 ),
 .UNSPECIFIED. ) ;
#7585 = EDGE_CURVE ( 'NONE', #6149, #1204, #1622, .T. ) ;
#7586 = CARTESIAN_POINT ( 'NONE',  ( 23.50000000000000000, 22.50000000000000000, 1.500000000000000000 ) ) ;
#7587 = CARTESIAN_POINT ( 'NONE',  ( -2.250416388057427053, -11.21570034420275164, 19.47623583414006987 ) ) ;
#7588 = DIRECTION ( 'NONE',  ( -1.000000000000000000, -3.469446951953614189E-16, 0.000000000000000000 ) ) ;
#7589 = VECTOR ( 'NONE', #889, 1000.000000000000000 ) ;
#7590 = ORIENTED_EDGE ( 'NONE', *, *, #1326, .T. ) ;
#7591 = VERTEX_POINT ( 'NONE', #6955 ) ;
#7592 = DIRECTION ( 'NONE',  ( -1.000000000000000000, 0.000000000000000000, 0.000000000000000000 ) ) ;
#7593 = CARTESIAN_POINT ( 'NONE',  ( 0.000000000000000000, 0.000000000000000000, 210.0000000000000284 ) ) ;
#7594 = CARTESIAN_POINT ( 'NONE',  ( -3.146680328731514820, -12.61342153853482273, 210.0000000000000284 ) ) ;
#7595 = DIRECTION ( 'NONE',  ( 0.000000000000000000, 0.000000000000000000, -1.000000000000000000 ) ) ;
#7596 = CARTESIAN_POINT ( 'NONE',  ( -3.403597359237508613, -7.687199090214688724, 209.8910466277466185 ) ) ;
#7597 = VERTEX_POINT ( 'NONE', #1697 ) ;
#7598 = FACE_OUTER_BOUND ( 'NONE', #5936, .T. ) ;
#7599 = CARTESIAN_POINT ( 'NONE',  ( 16.50000860617254617, 12.22422072132339643, 219.8468064663734083 ) ) ;
#7600 = DIRECTION ( 'NONE',  ( -0.000000000000000000, -1.000000000000000000, -0.000000000000000000 ) ) ;
#7601 = DIRECTION ( 'NONE',  ( -0.000000000000000000, -0.000000000000000000, 1.000000000000000000 ) ) ;
#7602 = CARTESIAN_POINT ( 'NONE',  ( -2.883974945306267301, -10.99920176613497524, 19.11051586856712703 ) ) ;
#7603 = CARTESIAN_POINT ( 'NONE',  ( -2.345405229801938329, -11.34536861541392838, 228.7192803180541887 ) ) ;
#7604 = CARTESIAN_POINT ( 'NONE',  ( 6.428571428571426161, 3.863090652282850535, 208.5000000000000284 ) ) ;
#7605 = CARTESIAN_POINT ( 'NONE',  ( -2.293752479500951846, -11.29345200203614574, 1.074815593642290734 ) ) ;
#7606 = ORIENTED_EDGE ( 'NONE', *, *, #4071, .F. ) ;
#7607 = EDGE_CURVE ( 'NONE', #2796, #5771, #4095, .T. ) ;
#7608 = CARTESIAN_POINT ( 'NONE',  ( 2.222742334517670226, -11.20774347769001444, 210.3835021188347127 ) ) ;
#7609 = ADVANCED_FACE ( 'NONE', ( #1037 ), #5770, .T. ) ;
#7610 = CARTESIAN_POINT ( 'NONE',  ( 2.340536244158877288, -11.33371954117852454, 18.77778226245126092 ) ) ;
#7611 = FACE_OUTER_BOUND ( 'NONE', #4014, .T. ) ;
#7612 = CARTESIAN_POINT ( 'NONE',  ( -2.499999999999998224, -9.626896131324702566, 21.49999999503939563 ) ) ;
#7613 = CYLINDRICAL_SURFACE ( 'NONE', #5126, 1.500000000000001332 ) ;
#7614 = ORIENTED_EDGE ( 'NONE', *, *, #7131, .F. ) ;
#7615 = CARTESIAN_POINT ( 'NONE',  ( 0.000000000000000000, 0.000000000000000000, 0.000000000000000000 ) ) ;
#7616 = EDGE_LOOP ( 'NONE', ( #3893, #5718, #2734, #97, #6690, #6054 ) ) ;
#7617 = EDGE_CURVE ( 'NONE', #1485, #4352, #232, .T. ) ;
#7618 = CARTESIAN_POINT ( 'NONE',  ( 19.00000000000000355, 12.22641929943638495, 9.999999999999994671 ) ) ;
#7619 = CARTESIAN_POINT ( 'NONE',  ( -2.261653752927979433, -11.21861945102979163, 210.5675719460718938 ) ) ;
#7620 = CARTESIAN_POINT ( 'NONE',  ( -2.750964348947257054, -10.97728121203295437, 210.7484661364752583 ) ) ;
#7621 = DIRECTION ( 'NONE',  ( 1.000000000000000000, 0.000000000000000000, -0.000000000000000000 ) ) ;
#7622 = CARTESIAN_POINT ( 'NONE',  ( -4.000000000000022204, 6.324555320336759934, 20.49999999999998934 ) ) ;
#7623 = CARTESIAN_POINT ( 'NONE',  ( -2.237290247673674237, -11.21290882107368425, 19.52900754453230903 ) ) ;
#7624 = CARTESIAN_POINT ( 'NONE',  ( -1.034095312463261473, -10.01136510415441983, 229.9996124531585053 ) ) ;
#7625 = ORIENTED_EDGE ( 'NONE', *, *, #3593, .F. ) ;
#7626 = ORIENTED_EDGE ( 'NONE', *, *, #3184, .T. ) ;
#7627 = ADVANCED_FACE ( 'NONE', ( #3467 ), #5814, .F. ) ;
#7628 = CYLINDRICAL_SURFACE ( 'NONE', #5192, 1.000000000000000000 ) ;
#7629 = DIRECTION ( 'NONE',  ( 0.000000000000000000, 0.000000000000000000, -1.000000000000000000 ) ) ;
#7630 = DIRECTION ( 'NONE',  ( 0.000000000000000000, 0.3892511550591639113, -0.9211316617536858820 ) ) ;
#7631 = CARTESIAN_POINT ( 'NONE',  ( -2.749869753687500751, -7.264229161660995082, 209.3520812997048779 ) ) ;
#7632 = CARTESIAN_POINT ( 'NONE',  ( 1.809969018699946863, -11.49874576898801237, 1.429565111295749480 ) ) ;
#7633 = CARTESIAN_POINT ( 'NONE',  ( 16.66532048819021838, 12.22641929943638495, 220.8940198975054727 ) ) ;
#7634 = CARTESIAN_POINT ( 'NONE',  ( -3.999999999999998224, -8.062257748298549132, 19.99999999999998934 ) ) ;
#7635 =( BOUNDED_SURFACE ( )  B_SPLINE_SURFACE ( 3, 2, ( 
 ( #5336, #1008, #1043 ),
 ( #5887, #1631, #3995 ),
 ( #372, #1747, #4064 ),
 ( #5812, #532, #1079 ),
 ( #2889, #4030, #7746 ),
 ( #3519, #7631, #491 ),
 ( #2224, #6444, #2188 ),
 ( #3371, #2335, #6522 ),
 ( #4147, #2774, #4735 ),
 ( #7037, #4588, #2297 ),
 ( #4105, #7596, #5184 ),
 ( #5299, #415, #1594 ),
 ( #4697, #1117, #1704 ),
 ( #6482, #6410, #2813 ) ),
 .UNSPECIFIED., .F., .F., .F. ) 
 B_SPLINE_SURFACE_WITH_KNOTS ( ( 4, 2, 2, 2, 2, 2, 4 ),
 ( 3, 3 ),
 ( 0.000000000000000000, 0.0001067712376090328028, 0.0002135424752180656055, 0.0003203137128270984219, 0.0004270849504361312111, 0.0006406274256541968437, 0.0008541699008722624222 ),
 ( 0.000000000000000000, 1.000000000000000000 ),
 .UNSPECIFIED. ) 
 GEOMETRIC_REPRESENTATION_ITEM ( )  RATIONAL_B_SPLINE_SURFACE ( (
 ( 1.000000000000000000, 0.8401680504168057562, 1.000000000000000000),
 ( 1.000000000000000000, 0.8401643538267996592, 1.000000000000000000),
 ( 1.000000000000000000, 0.8430034694672082773, 1.000000000000000000),
 ( 1.000000000000000000, 0.8534475119644039376, 1.000000000000000000),
 ( 1.000000000000000000, 0.8611405584559129744, 1.000000000000000000),
 ( 1.000000000000000000, 0.8790074362900349714, 1.000000000000000000),
 ( 1.000000000000000000, 0.8893367760832100455, 1.000000000000000000),
 ( 1.000000000000000000, 0.9104695716123953897, 1.000000000000000000),
 ( 1.000000000000000000, 0.9211725728878458197, 1.000000000000000000),
 ( 1.000000000000000000, 0.9518443258591655631, 1.000000000000000000),
 ( 1.000000000000000000, 0.9696388831222783056, 1.000000000000000000),
 ( 1.000000000000000000, 0.9937984281227214556, 1.000000000000000000),
 ( 1.000000000000000000, 0.9999875007891987355, 1.000000000000000000),
 ( 1.000000000000000000, 1.000000000000000000, 1.000000000000000000) ) ) 
 REPRESENTATION_ITEM ( '' )  SURFACE ( )  );
#7636 = DIRECTION ( 'NONE',  ( 0.000000000000000000, 0.000000000000000000, -1.000000000000000000 ) ) ;
#7637 = CARTESIAN_POINT ( 'NONE',  ( 2.913626296308029939, -10.97007306885249989, 210.8470045602167318 ) ) ;
#7638 = AXIS2_PLACEMENT_3D ( 'NONE', #1815, #5220, #7629 ) ;
#7639 = CARTESIAN_POINT ( 'NONE',  ( 3.146680328730915743, -12.61342153853497017, 18.49999999999998934 ) ) ;
#7640 = CARTESIAN_POINT ( 'NONE',  ( 2.500000000000001776, -10.07331338174049229, 21.41381409935717173 ) ) ;
#7641 = CARTESIAN_POINT ( 'NONE',  ( -16.56935565879248884, 12.22573974357709581, 219.3958981656734863 ) ) ;
#7642 = ORIENTED_EDGE ( 'NONE', *, *, #3983, .F. ) ;
#7643 = ADVANCED_FACE ( 'NONE', ( #3625 ), #71, .F. ) ;
#7644 = VERTEX_POINT ( 'NONE', #38 ) ;
#7645 = ORIENTED_EDGE ( 'NONE', *, *, #4, .F. ) ;
#7646 = CARTESIAN_POINT ( 'NONE',  ( -1.805346773873082622, -11.49389839367362320, 1.360480376340445829 ) ) ;
#7647 = VECTOR ( 'NONE', #6633, 1000.000000000000000 ) ;
#7648 = CARTESIAN_POINT ( 'NONE',  ( -2.499999999999998224, -7.071067811865475505, 230.0000000000000000 ) ) ;
#7649 = DIRECTION ( 'NONE',  ( 0.000000000000000000, 1.000000000000000000, 0.000000000000000000 ) ) ;
#7650 = CARTESIAN_POINT ( 'NONE',  ( 2.913626296283085448, -10.97007306887192613, 19.15299543975768159 ) ) ;
#7651 = CARTESIAN_POINT ( 'NONE',  ( 1.218750436009180538, -10.07003665754383448, 0.005065149660186632485 ) ) ;
#7652 = ORIENTED_EDGE ( 'NONE', *, *, #166, .F. ) ;
#7653 = LINE ( 'NONE', #2246, #2102 ) ;
#7654 = DIRECTION ( 'NONE',  ( -0.6210219805169294727, 0.7827846929807317222, 0.03974700177236450971 ) ) ;
#7655 =( BOUNDED_CURVE ( )  B_SPLINE_CURVE ( 3, ( #6841, #1443, #3879, #2660 ),
 .UNSPECIFIED., .F., .F. ) 
 B_SPLINE_CURVE_WITH_KNOTS ( ( 4, 4 ),
 ( 4.653480412307860803, 4.712388980384689674 ),
 .UNSPECIFIED. ) 
 CURVE ( )  GEOMETRIC_REPRESENTATION_ITEM ( )  RATIONAL_B_SPLINE_CURVE ( ( 1.000000000000000000, 0.9997108359569738534, 0.9997108359569738534, 1.000000000000000000 ) ) 
 REPRESENTATION_ITEM ( '' )  );
#7656 = CARTESIAN_POINT ( 'NONE',  ( -2.784071612266606710, -10.97325954920846947, 210.7680819978960471 ) ) ;
#7657 = EDGE_CURVE ( 'NONE', #3240, #7343, #3626, .T. ) ;
#7658 = CARTESIAN_POINT ( 'NONE',  ( 3.816524958024422265, -8.024323092188863527, 19.99999999999998934 ) ) ;
#7659 = DIRECTION ( 'NONE',  ( 0.000000000000000000, 1.000000000000000000, 0.000000000000000000 ) ) ;
#7660 = CARTESIAN_POINT ( 'NONE',  ( -2.258466542310400449, -11.21696568611497469, 19.44741840302319602 ) ) ;
#7661 = DIRECTION ( 'NONE',  ( 0.000000000000000000, 0.000000000000000000, -1.000000000000000000 ) ) ;
#7662 = ORIENTED_EDGE ( 'NONE', *, *, #3417, .F. ) ;
#7663 = ORIENTED_EDGE ( 'NONE', *, *, #1312, .F. ) ;
#7664 = AXIS2_PLACEMENT_3D ( 'NONE', #1803, #2355, #2396 ) ;
#7665 = CARTESIAN_POINT ( 'NONE',  ( 23.50000000000000000, 12.22641929943638317, 19.99999999999998934 ) ) ;
#7666 = VECTOR ( 'NONE', #407, 1000.000000000000000 ) ;
#7667 = CARTESIAN_POINT ( 'NONE',  ( -3.146680328731486842, -12.61342153853482806, 1.500000000000001332 ) ) ;
#7668 = CARTESIAN_POINT ( 'NONE',  ( -2.930073840115853478, -10.95943460260410340, 210.8346489957406504 ) ) ;
#7669 = EDGE_CURVE ( 'NONE', #5033, #7343, #2628, .T. ) ;
#7670 = CARTESIAN_POINT ( 'NONE',  ( 2.115504605983461683, -11.49716603305486728, 1.387098733999944766 ) ) ;
#7671 = VECTOR ( 'NONE', #3878, 1000.000000000000000 ) ;
#7672 = VERTEX_POINT ( 'NONE', #3083 ) ;
#7673 = LINE ( 'NONE', #2120, #3102 ) ;
#7674 = CARTESIAN_POINT ( 'NONE',  ( -2.898390307975090785, -10.98436602228497527, 210.8679246639709390 ) ) ;
#7675 = CARTESIAN_POINT ( 'NONE',  ( 5.500000000000000000, 23.00000000000000000, 208.5000000000000284 ) ) ;
#7676 = CARTESIAN_POINT ( 'NONE',  ( 2.500000000000001332, -9.627835644774256352, 21.49999999999998934 ) ) ;
#7677 = CARTESIAN_POINT ( 'NONE',  ( -2.147875745711533391, -11.14894497927143568, 0.6928915571096999626 ) ) ;
#7678 = ORIENTED_EDGE ( 'NONE', *, *, #3595, .F. ) ;
#7679 = CIRCLE ( 'NONE', #4267, 1.500000000000000000 ) ;
#7680 = EDGE_LOOP ( 'NONE', ( #1917, #4534, #6731, #5176 ) ) ;
#7681 = ORIENTED_EDGE ( 'NONE', *, *, #6079, .T. ) ;
#7682 = CARTESIAN_POINT ( 'NONE',  ( -2.226051512883651107, -11.22624275280277928, 229.1234444702405142 ) ) ;
#7683 = AXIS2_PLACEMENT_3D ( 'NONE', #1445, #6807, #4508 ) ;
#7684 = DIRECTION ( 'NONE',  ( 0.000000000000000000, 0.000000000000000000, -1.000000000000000000 ) ) ;
#7685 = DIRECTION ( 'NONE',  ( -0.3392628153962129467, 0.9406916296478008421, 0.000000000000000000 ) ) ;
#7686 = CARTESIAN_POINT ( 'NONE',  ( -2.913626296277898930, -10.97007306887183553, 19.15299543976061614 ) ) ;
#7687 = CARTESIAN_POINT ( 'NONE',  ( -25.00000000000000000, 22.50000000000000000, 18.49999999999998934 ) ) ;
#7688 = ORIENTED_EDGE ( 'NONE', *, *, #5343, .F. ) ;
#7689 = CARTESIAN_POINT ( 'NONE',  ( -3.146680328731486842, -12.61342153853482628, 19.99999999999998934 ) ) ;
#7690 = DIRECTION ( 'NONE',  ( 0.000000000000000000, 1.000000000000000000, 0.000000000000000000 ) ) ;
#7691 = CARTESIAN_POINT ( 'NONE',  ( -2.844216163670850062, -10.97813689917822799, 210.8228216713723100 ) ) ;
#7692 = CARTESIAN_POINT ( 'NONE',  ( -16.66532048819021838, 13.72641929943638139, 1.500000000000000000 ) ) ;
#7693 = CARTESIAN_POINT ( 'NONE',  ( 4.000000000000001776, -10.50000000000000000, 21.23350517512630020 ) ) ;
#7694 = CARTESIAN_POINT ( 'NONE',  ( -2.322053761835433772, -11.16574456257354697, 19.42812096934369137 ) ) ;
#7695 = DIRECTION ( 'NONE',  ( -1.209741371404878502E-16, 0.000000000000000000, 1.000000000000000000 ) ) ;
#7696 = ORIENTED_EDGE ( 'NONE', *, *, #6374, .T. ) ;
#7697 =( BOUNDED_SURFACE ( )  B_SPLINE_SURFACE ( 3, 2, ( 
 ( #7190, #2295, #3517 ),
 ( #4103, #530, #5372 ),
 ( #2927, #5334, #2333 ),
 ( #4733, #3552, #4695 ),
 ( #490, #5963, #564 ),
 ( #7151, #7783, #2888 ),
 ( #5922, #1745, #5297 ),
 ( #4145, #7106, #6560 ) ),
 .UNSPECIFIED., .F., .F., .F. ) 
 B_SPLINE_SURFACE_WITH_KNOTS ( ( 4, 2, 2, 4 ),
 ( 3, 3 ),
 ( 0.01723179276258997653, 0.01786246587422421137, 0.01849313898585844620, 0.01975448520912691588 ),
 ( 0.000000000000000000, 1.000000000000000000 ),
 .UNSPECIFIED. ) 
 GEOMETRIC_REPRESENTATION_ITEM ( )  RATIONAL_B_SPLINE_SURFACE ( (
 ( 1.000000000000000000, 0.7571929217049128136, 1.000000000000000000),
 ( 1.000000000000000000, 0.7735221430129209930, 1.000000000000000000),
 ( 1.000000000000000000, 0.7913514232475651333, 1.000000000000000000),
 ( 1.000000000000000000, 0.8271795864566835466, 1.000000000000000000),
 ( 1.000000000000000000, 0.8453285611685872336, 1.000000000000000000),
 ( 1.000000000000000000, 0.8957090412629498122, 1.000000000000000000),
 ( 1.000000000000000000, 0.9247751616454594759, 1.000000000000000000),
 ( 1.000000000000000000, 0.9467914302106859026, 1.000000000000000000) ) ) 
 REPRESENTATION_ITEM ( '' )  SURFACE ( )  );
#7698 = VERTEX_POINT ( 'NONE', #6671 ) ;
#7699 = CIRCLE ( 'NONE', #902, 0.5000000000000002220 ) ;
#7700 = EDGE_CURVE ( 'NONE', #1258, #2004, #3706, .T. ) ;
#7701 = CARTESIAN_POINT ( 'NONE',  ( 2.197103061900028020, -11.21700491733487048, 210.2422382018352209 ) ) ;
#7702 = EDGE_CURVE ( 'NONE', #5257, #5737, #2499, .T. ) ;
#7703 = CARTESIAN_POINT ( 'NONE',  ( 6.428571428571426161, 3.863090652282850535, 21.49999999999999289 ) ) ;
#7704 = CARTESIAN_POINT ( 'NONE',  ( -10.81795374094970441, 3.901522377056457547, 228.5000000000000000 ) ) ;
#7705 = EDGE_CURVE ( 'NONE', #5164, #7644, #746, .T. ) ;
#7706 = CARTESIAN_POINT ( 'NONE',  ( -23.50000000000000000, 0.000000000000000000, 230.0000000000000000 ) ) ;
#7707 = DIRECTION ( 'NONE',  ( -1.000000000000000000, 0.000000000000000000, 0.000000000000000000 ) ) ;
#7708 = CARTESIAN_POINT ( 'NONE',  ( 2.092195651898811626, -11.50000000000003197, 211.1951183955235649 ) ) ;
#7709 = EDGE_CURVE ( 'NONE', #2037, #2530, #3499, .T. ) ;
#7710 = CARTESIAN_POINT ( 'NONE',  ( -2.888830060322285398, -10.95855620077205650, 210.8109065741320194 ) ) ;
#7711 = CARTESIAN_POINT ( 'NONE',  ( 2.852610946914060364, -10.97757828077191178, 210.8296150286578268 ) ) ;
#7712 = CARTESIAN_POINT ( 'NONE',  ( 3.613943977571090649, -7.982142394912039585, 20.03732277756633451 ) ) ;
#7713 = CARTESIAN_POINT ( 'NONE',  ( -2.100961188160966220, -11.50000000000000000, 211.5000000000000000 ) ) ;
#7714 = FACE_OUTER_BOUND ( 'NONE', #5695, .T. ) ;
#7715 = ORIENTED_EDGE ( 'NONE', *, *, #5479, .T. ) ;
#7716 = B_SPLINE_CURVE_WITH_KNOTS ( 'NONE', 3,
 ( #1947, #7000, #6443, #1560 ),
 .UNSPECIFIED., .F., .F.,
 ( 4, 4 ),
 ( 0.000000000000000000, 5.119540313978898063E-05 ),
 .UNSPECIFIED. ) ;
#7717 = EDGE_LOOP ( 'NONE', ( #18, #4276, #3031, #3942 ) ) ;
#7718 = ORIENTED_EDGE ( 'NONE', *, *, #512, .T. ) ;
#7719 = CARTESIAN_POINT ( 'NONE',  ( -2.405598452018790745, -11.10638156414883326, 229.1374326222622813 ) ) ;
#7720 = EDGE_CURVE ( 'NONE', #486, #6494, #362, .T. ) ;
#7721 = LINE ( 'NONE', #1723, #3999 ) ;
#7722 = CARTESIAN_POINT ( 'NONE',  ( 1.024505257613772979, -9.994122601708998133, 229.9998304934368036 ) ) ;
#7723 = CARTESIAN_POINT ( 'NONE',  ( -16.66532048819021838, 13.72641929943638139, 228.5000000000000000 ) ) ;
#7724 = DIRECTION ( 'NONE',  ( 0.000000000000000000, 0.000000000000000000, -1.000000000000000000 ) ) ;
#7725 = CIRCLE ( 'NONE', #2433, 1.500000000000000000 ) ;
#7726 = VERTEX_POINT ( 'NONE', #2490 ) ;
#7727 = CIRCLE ( 'NONE', #1935, 1.500000000000001332 ) ;
#7728 = CARTESIAN_POINT ( 'NONE',  ( -10.81795374094970441, 3.901522377056457547, 19.99999999999998934 ) ) ;
#7729 = CARTESIAN_POINT ( 'NONE',  ( 23.50000000000000000, 13.72641929943638139, 230.0000000000000000 ) ) ;
#7730 = B_SPLINE_CURVE_WITH_KNOTS ( 'NONE', 3,
 ( #3111, #2480, #7292, #1889 ),
 .UNSPECIFIED., .F., .F.,
 ( 4, 4 ),
 ( 0.000000000000000000, 0.001361190766769734264 ),
 .UNSPECIFIED. ) ;
#7731 = CIRCLE ( 'NONE', #6723, 1.499999999999998890 ) ;
#7732 = CARTESIAN_POINT ( 'NONE',  ( 2.218664335674100041, -11.20777414794127935, 19.63720428156047859 ) ) ;
#7733 = CIRCLE ( 'NONE', #2440, 1.500000000000001332 ) ;
#7734 = FACE_OUTER_BOUND ( 'NONE', #7717, .T. ) ;
#7735 = CARTESIAN_POINT ( 'NONE',  ( 1.980343189771081036, -11.35950326869949123, 229.1728659916408049 ) ) ;
#7736 = CARTESIAN_POINT ( 'NONE',  ( -2.328682245714402743, -11.16811448982913646, 19.40469999616701102 ) ) ;
#7737 = CARTESIAN_POINT ( 'NONE',  ( 3.469446951953614189E-15, -10.00000000000000000, 0.000000000000000000 ) ) ;
#7738 = VERTEX_POINT ( 'NONE', #7145 ) ;
#7739 = EDGE_CURVE ( 'NONE', #4748, #1485, #2244, .T. ) ;
#7740 = ORIENTED_EDGE ( 'NONE', *, *, #5721, .T. ) ;
#7741 = EDGE_CURVE ( 'NONE', #6190, #5550, #4214, .T. ) ;
#7742 = FACE_OUTER_BOUND ( 'NONE', #6430, .T. ) ;
#7743 = DIRECTION ( 'NONE',  ( 0.000000000000000000, -0.000000000000000000, -1.000000000000000000 ) ) ;
#7744 = FACE_OUTER_BOUND ( 'NONE', #6290, .T. ) ;
#7745 = CARTESIAN_POINT ( 'NONE',  ( 1.064573262633550899, -9.977462227845567355, 0.0003875468415114394216 ) ) ;
#7746 = CARTESIAN_POINT ( 'NONE',  ( -2.590501838628221698, -7.765420546924217682, 209.0234617697343538 ) ) ;
#7747 = CARTESIAN_POINT ( 'NONE',  ( -1.500000009570798820, -11.50000000000000000, 19.66193275419416864 ) ) ;
#7748 = B_SPLINE_CURVE_WITH_KNOTS ( 'NONE', 3,
 ( #6726, #292, #2072, #5028, #5613, #2583, #3254, #813, #4548, #6963, #329, #3217 ),
 .UNSPECIFIED., .F., .F.,
 ( 4, 2, 2, 2, 2, 4 ),
 ( 0.000000000000000000, 0.0003037580931415524146, 0.0006075161862831048292, 0.001215032372566205322, 0.001822548558849306031, 0.002430064745132406306 ),
 .UNSPECIFIED. ) ;
#7749 = ORIENTED_EDGE ( 'NONE', *, *, #1709, .F. ) ;
#7750 = CARTESIAN_POINT ( 'NONE',  ( 2.076453239762522163, -11.50000000000000000, 210.9248529427122207 ) ) ;
#7751 = CARTESIAN_POINT ( 'NONE',  ( 2.197778724924089655, -11.21633554266344923, 19.76937469362851374 ) ) ;
#7752 = CARTESIAN_POINT ( 'NONE',  ( -2.551489350387408539, -10.99940602575488846, 0.7306898274835736951 ) ) ;
#7753 = DIRECTION ( 'NONE',  ( 1.000000000000000000, 0.000000000000000000, 0.000000000000000000 ) ) ;
#7754 = CARTESIAN_POINT ( 'NONE',  ( -2.100967893027724465, -11.50000000000000178, 211.4228831308036831 ) ) ;
#7755 = CARTESIAN_POINT ( 'NONE',  ( -2.345405229801943658, -11.34536861541393016, 1.500000000000001332 ) ) ;
#7756 = ORIENTED_EDGE ( 'NONE', *, *, #627, .F. ) ;
#7757 = EDGE_LOOP ( 'NONE', ( #6534, #6612, #7263, #7085 ) ) ;
#7758 = ORIENTED_EDGE ( 'NONE', *, *, #2890, .F. ) ;
#7759 = CARTESIAN_POINT ( 'NONE',  ( 2.253170832782827038, -11.21398697349472684, 210.5282652568359651 ) ) ;
#7760 = CARTESIAN_POINT ( 'NONE',  ( -3.214285714285711748, 6.776309271789386024, 20.49999999999998934 ) ) ;
#7761 = CARTESIAN_POINT ( 'NONE',  ( 2.220214489134269886, -11.19496257045430809, 210.2594149115089408 ) ) ;
#7762 = CARTESIAN_POINT ( 'NONE',  ( -3.702965672636663541, -7.677017664003059849, 20.07435198980619617 ) ) ;
#7763 = VECTOR ( 'NONE', #4111, 1000.000000000000000 ) ;
#7764 = CARTESIAN_POINT ( 'NONE',  ( 2.500282286161054301, -10.96418332865146894, 0.6580150402627233941 ) ) ;
#7765 = EDGE_LOOP ( 'NONE', ( #1427, #4045, #6491, #7184 ) ) ;
#7766 = CARTESIAN_POINT ( 'NONE',  ( 2.574936408208803762, -10.09743044520237731, 20.03888935191066878 ) ) ;
#7767 = CIRCLE ( 'NONE', #1597, 2.499999999999998668 ) ;
#7768 = CARTESIAN_POINT ( 'NONE',  ( 1.128546903771987742, -10.07762628799429550, 231.4967025335876940 ) ) ;
#7769 = CIRCLE ( 'NONE', #6506, 1.499999999999999556 ) ;
#7770 = CARTESIAN_POINT ( 'NONE',  ( -2.258466542300645141, -11.21696568611258016, 19.44741840306087255 ) ) ;
#7771 = CARTESIAN_POINT ( 'NONE',  ( -2.311218588424567955, -11.27814661418281261, 210.8758958945933273 ) ) ;
#7772 = CARTESIAN_POINT ( 'NONE',  ( 25.00000000000000000, 0.000000000000000000, 1.500000000000001332 ) ) ;
#7773 = DIRECTION ( 'NONE',  ( 0.000000000000000000, -1.000000000000000000, 0.000000000000000000 ) ) ;
#7774 = CARTESIAN_POINT ( 'NONE',  ( -2.378113205193406188, -11.13950595219198370, 19.37674642148128612 ) ) ;
#7775 = VECTOR ( 'NONE', #5602, 1000.000000000000000 ) ;
#7776 = B_SPLINE_CURVE_WITH_KNOTS ( 'NONE', 3,
 ( #4037, #5857, #500, #456, #6488, #2897, #537, #2973, #1086, #3482, #5306, #7712, #7116, #6528 ),
 .UNSPECIFIED., .F., .F.,
 ( 4, 2, 2, 2, 2, 2, 4 ),
 ( 0.000000000000000000, 0.0002969020907205252601, 0.0005938041814410505203, 0.001187608362882111015, 0.001484510453602642076, 0.001781412544323173136, 0.002375216725764233740 ),
 .UNSPECIFIED. ) ;
#7777 = CARTESIAN_POINT ( 'NONE',  ( -2.633541991906398039, -10.34360516249684636, 210.0523351720780170 ) ) ;
#7778 = CIRCLE ( 'NONE', #5377, 1.000000000000000000 ) ;
#7779 = VERTEX_POINT ( 'NONE', #1504 ) ;
#7780 = VERTEX_POINT ( 'NONE', #2645 ) ;
#7781 = CYLINDRICAL_SURFACE ( 'NONE', #464, 1.500000000000001332 ) ;
#7782 = CARTESIAN_POINT ( 'NONE',  ( 2.203542853656749845, -11.21180303729699546, 210.2727755724673955 ) ) ;
#7783 = CARTESIAN_POINT ( 'NONE',  ( -2.622805240201043553, -10.61571712850414251, 19.78332176987282054 ) ) ;
#7784 = DIRECTION ( 'NONE',  ( -1.000000000000000000, 0.000000000000000000, 0.000000000000000000 ) ) ;
#7785 = CARTESIAN_POINT ( 'NONE',  ( 1.064573262633220052, -9.977462227845634857, 229.9996124531585053 ) ) ;
#7786 = DIRECTION ( 'NONE',  ( 0.000000000000000000, -1.000000000000000000, 0.000000000000000000 ) ) ;
#7787 = AXIS2_PLACEMENT_3D ( 'NONE', #4397, #4317, #2555 ) ;
#7788 = CARTESIAN_POINT ( 'NONE',  ( -2.549432087221441989, -11.21644525789292146, 18.49999999999998934 ) ) ;
#7789 = CARTESIAN_POINT ( 'NONE',  ( -16.50000860617254617, 12.22422072132339288, 9.846806466373347888 ) ) ;
#7790 = EDGE_CURVE ( 'NONE', #1384, #4748, #6280, .T. ) ;
#7791 = CARTESIAN_POINT ( 'NONE',  ( 2.198804850933899768, -11.21540368228332873, 19.76217723540505489 ) ) ;
#7792 = CARTESIAN_POINT ( 'NONE',  ( 3.915345752300295690, -9.433010928181486676, 19.99999999999998579 ) ) ;
#7793 = CARTESIAN_POINT ( 'NONE',  ( 1.069081112404491440, -10.04871286603753688, 0.001839368958846988866 ) ) ;
#7794 = CARTESIAN_POINT ( 'NONE',  ( 2.783601831870176291, -11.15802674497647118, 1.397801235749708937 ) ) ;
#7795 = ORIENTED_EDGE ( 'NONE', *, *, #6751, .F. ) ;
#7796 = EDGE_LOOP ( 'NONE', ( #3487, #7501, #7249, #1483 ) ) ;
#7797 = EDGE_CURVE ( 'NONE', #3708, #5124, #1744, .T. ) ;
#7798 = ORIENTED_EDGE ( 'NONE', *, *, #3963, .T. ) ;
#7799 = CARTESIAN_POINT ( 'NONE',  ( -1.865806072832460805, -10.87026401951133714, 229.6483190019540928 ) ) ;
#7800 = ADVANCED_FACE ( 'NONE', ( #3316 ), #3785, .F. ) ;
#7801 = LINE ( 'NONE', #623, #6015 ) ;
#7802 = CARTESIAN_POINT ( 'NONE',  ( 2.336480425128915517, -11.12145053074975110, 210.4571107741566323 ) ) ;
#7803 = EDGE_CURVE ( 'NONE', #1782, #3205, #1406, .T. ) ;
#7804 = DIRECTION ( 'NONE',  ( -1.000000000000000000, 0.000000000000000000, 0.000000000000000000 ) ) ;
#7805 = CARTESIAN_POINT ( 'NONE',  ( 2.315602529513428820, -11.12214055985734618, 19.62928522527011310 ) ) ;
#7806 = CARTESIAN_POINT ( 'NONE',  ( 2.360634440770901232, -10.86796941561156160, 0.4984814767464446628 ) ) ;
#7807 = ADVANCED_FACE ( 'NONE', ( #1343, #3202 ), #3824, .F. ) ;
#7808 = ORIENTED_EDGE ( 'NONE', *, *, #816, .T. ) ;
#7809 = CARTESIAN_POINT ( 'NONE',  ( 3.751061295905663062, -10.03111611845752194, 19.82548261798370604 ) ) ;
#7810 = CARTESIAN_POINT ( 'NONE',  ( -10.81795374094970441, 3.901522377056457547, 18.49999999999998934 ) ) ;
#7811 = CARTESIAN_POINT ( 'NONE',  ( 2.230619882361513984, -11.20691212291496441, 19.58252735310822246 ) ) ;
#7812 = CARTESIAN_POINT ( 'NONE',  ( 23.50000000000000000, 0.000000000000000000, 1.500000000000000000 ) ) ;
#7813 = CARTESIAN_POINT ( 'NONE',  ( 1.084140630945199968, -9.985798160007801627, 229.9993767960481819 ) ) ;
#7814 = DIRECTION ( 'NONE',  ( -1.065272478739764727E-15, -0.9211316617536858820, -0.3892511550591638003 ) ) ;
#7815 = CARTESIAN_POINT ( 'NONE',  ( -2.314989678968611742, -11.12228405953027810, 19.63196762834948927 ) ) ;
#7816 = CARTESIAN_POINT ( 'NONE',  ( -3.588511471054393276, -10.33801090994245087, 210.3296192570209655 ) ) ;
#7817 = ORIENTED_EDGE ( 'NONE', *, *, #5349, .F. ) ;
ENDSEC;
END-ISO-10303-21;
