ISO-10303-21;
HEADER;
FILE_DESCRIPTION (( 'STEP AP203' ),
    '1' );
FILE_NAME ('Hexaflex_Unitaire_Conception.STEP',
    '2022-10-07T06:23:15',
    ( '' ),
    ( '' ),
    'SwSTEP 2.0',
    'SolidWorks 2019',
    '' );
FILE_SCHEMA (( 'CONFIG_CONTROL_DESIGN' ));
ENDSEC;

DATA;
#1 = VECTOR ( 'NONE', #1649, 1000.000000000000000 ) ;
#2 = CARTESIAN_POINT ( 'NONE',  ( 2.940444920982763222, -2.000000000000000000, 8.592999999999999972 ) ) ;
#3 = AXIS2_PLACEMENT_3D ( 'NONE', #4744, #640, #1000 ) ;
#4 = ORIENTED_EDGE ( 'NONE', *, *, #5730, .F. ) ;
#5 = CARTESIAN_POINT ( 'NONE',  ( -1.649999999999999467, -1.648747737362059151, 6.671871645165847298 ) ) ;
#6 = EDGE_CURVE ( 'NONE', #2671, #3029, #4858, .T. ) ;
#7 = AXIS2_PLACEMENT_3D ( 'NONE', #3179, #4593, #5396 ) ;
#8 = CYLINDRICAL_SURFACE ( 'NONE', #2508, 0.5000000000000000000 ) ;
#9 = CYLINDRICAL_SURFACE ( 'NONE', #5062, 0.5000000000000004441 ) ;
#10 = LINE ( 'NONE', #697, #1528 ) ;
#11 = VERTEX_POINT ( 'NONE', #2894 ) ;
#12 = CARTESIAN_POINT ( 'NONE',  ( -6.773457863650176769, -1.500000000000001110, -2.582752101786879972 ) ) ;
#13 = CARTESIAN_POINT ( 'NONE',  ( 4.339096659993391114, -2.000000000000000000, -6.622244337583782503 ) ) ;
#14 = VERTEX_POINT ( 'NONE', #2505 ) ;
#15 = CARTESIAN_POINT ( 'NONE',  ( 0.8250000000000000666, -1.500000000000000000, -1.428941916244322430 ) ) ;
#16 = LINE ( 'NONE', #4153, #5813 ) ;
#17 = ORIENTED_EDGE ( 'NONE', *, *, #5075, .F. ) ;
#18 = ORIENTED_EDGE ( 'NONE', *, *, #4173, .T. ) ;
#19 = CIRCLE ( 'NONE', #1747, 0.5000000000000000000 ) ;
#20 = VERTEX_POINT ( 'NONE', #5197 ) ;
#21 = EDGE_LOOP ( 'NONE', ( #2948, #1378, #3756, #5507 ) ) ;
#22 = DIRECTION ( 'NONE',  ( 0.1403755459781247106, -0.9900983315263911511, -4.834314780477596493E-16 ) ) ;
#23 = AXIS2_PLACEMENT_3D ( 'NONE', #2254, #1805, #5456 ) ;
#24 = FACE_OUTER_BOUND ( 'NONE', #5563, .T. ) ;
#25 = DIRECTION ( 'NONE',  ( 0.000000000000000000, -1.000000000000000000, -0.000000000000000000 ) ) ;
#26 = VERTEX_POINT ( 'NONE', #4750 ) ;
#27 = ORIENTED_EDGE ( 'NONE', *, *, #3114, .T. ) ;
#28 = DIRECTION ( 'NONE',  ( -0.8660254037844385966, 0.000000000000000000, 0.5000000000000000000 ) ) ;
#29 = ADVANCED_FACE ( 'NONE', ( #4246 ), #1413, .T. ) ;
#30 = EDGE_CURVE ( 'NONE', #2766, #4889, #620, .T. ) ;
#31 = ORIENTED_EDGE ( 'NONE', *, *, #218, .F. ) ;
#32 = CIRCLE ( 'NONE', #4531, 0.5000000000000000000 ) ;
#33 =( BOUNDED_CURVE ( )  B_SPLINE_CURVE ( 3, ( #2877, #5657, #4707, #2038 ),
 .UNSPECIFIED., .F., .T. ) 
 B_SPLINE_CURVE_WITH_KNOTS ( ( 4, 4 ),
 ( 4.712388980384683457, 6.283185307179586232 ),
 .UNSPECIFIED. ) 
 CURVE ( )  GEOMETRIC_REPRESENTATION_ITEM ( )  RATIONAL_B_SPLINE_CURVE ( ( 1.000000000000000000, 0.8047378541243634942, 0.8047378541243634942, 1.000000000000000000 ) ) 
 REPRESENTATION_ITEM ( '' )  );
#34 = CARTESIAN_POINT ( 'NONE',  ( -5.880889841965529108, -2.000000000000000000, -1.301042606982605321E-15 ) ) ;
#35 = DIRECTION ( 'NONE',  ( 0.000000000000000000, 0.000000000000000000, -1.000000000000000000 ) ) ;
#36 = CARTESIAN_POINT ( 'NONE',  ( 9.062260783623846905, -2.299999999999999822, 5.636243891324553168 ) ) ;
#37 = CARTESIAN_POINT ( 'NONE',  ( -6.418152792706298015, 10.56093467170257050, 0.7711444240975362518 ) ) ;
#38 = EDGE_CURVE ( 'NONE', #1974, #3823, #4275, .T. ) ;
#39 = ORIENTED_EDGE ( 'NONE', *, *, #5050, .T. ) ;
#40 = CARTESIAN_POINT ( 'NONE',  ( -6.830604475989431990, -1.936893568688148992, -2.329158954478728116 ) ) ;
#41 = DIRECTION ( 'NONE',  ( -2.168404344971008868E-15, 1.000000000000000000, 0.000000000000000000 ) ) ;
#42 = EDGE_CURVE ( 'NONE', #1887, #4127, #255, .T. ) ;
#43 = ORIENTED_EDGE ( 'NONE', *, *, #4394, .T. ) ;
#44 = CIRCLE ( 'NONE', #3006, 4.000000000000000000 ) ;
#45 = VECTOR ( 'NONE', #1412, 1000.000000000000227 ) ;
#46 = DIRECTION ( 'NONE',  ( -0.1055419473313874423, -0.9925461516413219831, -0.06093467170257391152 ) ) ;
#47 = VECTOR ( 'NONE', #5888, 1000.000000000000000 ) ;
#48 = CARTESIAN_POINT ( 'NONE',  ( -5.099456944909429801, -1.648747737362060928, 4.511224770738603951 ) ) ;
#49 = ORIENTED_EDGE ( 'NONE', *, *, #586, .F. ) ;
#50 = ORIENTED_EDGE ( 'NONE', *, *, #3185, .T. ) ;
#51 = VERTEX_POINT ( 'NONE', #2473 ) ;
#52 = ORIENTED_EDGE ( 'NONE', *, *, #2408, .T. ) ;
#53 = FACE_OUTER_BOUND ( 'NONE', #1560, .T. ) ;
#54 = VECTOR ( 'NONE', #2881, 1000.000000000000114 ) ;
#55 = FACE_OUTER_BOUND ( 'NONE', #4108, .T. ) ;
#56 = ORIENTED_EDGE ( 'NONE', *, *, #769, .F. ) ;
#57 = CARTESIAN_POINT ( 'NONE',  ( 8.982781698504119561, -2.000000000000000000, 3.627365704891005738 ) ) ;
#58 = ORIENTED_EDGE ( 'NONE', *, *, #3768, .F. ) ;
#59 = DIRECTION ( 'NONE',  ( 0.000000000000000000, 0.000000000000000000, -1.000000000000000000 ) ) ;
#60 = ORIENTED_EDGE ( 'NONE', *, *, #5147, .F. ) ;
#61 = CARTESIAN_POINT ( 'NONE',  ( -1.149999999999999467, -1.587134407174383366, 6.872968596437589284 ) ) ;
#62 = EDGE_CURVE ( 'NONE', #2802, #4402, #1993, .T. ) ;
#63 = CARTESIAN_POINT ( 'NONE',  ( 5.880889841965528220, -1.500000000000000000, -2.602085213965210642E-15 ) ) ;
#64 = CARTESIAN_POINT ( 'NONE',  ( -7.904580156411902259, -2.000000000000000000, 0.4466457682385948647 ) ) ;
#65 = CARTESIAN_POINT ( 'NONE',  ( -0.8249999999999994005, -1.500000000000000000, -1.428941916244323540 ) ) ;
#66 = VERTEX_POINT ( 'NONE', #3825 ) ;
#67 = ADVANCED_FACE ( 'NONE', ( #3856 ), #5132, .T. ) ;
#68 = EDGE_CURVE ( 'NONE', #4734, #3470, #3609, .T. ) ;
#69 = CARTESIAN_POINT ( 'NONE',  ( 0.000000000000000000, 13.00000000000000000, 0.000000000000000000 ) ) ;
#70 = VECTOR ( 'NONE', #1010, 1000.000000000000000 ) ;
#71 = ORIENTED_EDGE ( 'NONE', *, *, #1321, .T. ) ;
#72 = EDGE_CURVE ( 'NONE', #926, #2270, #681, .T. ) ;
#73 = DIRECTION ( 'NONE',  ( 1.000000000000000000, 0.000000000000000000, -1.044968287512912559E-14 ) ) ;
#74 = CARTESIAN_POINT ( 'NONE',  ( 7.628377577043921498, -1.656150218391249984, -0.08655008453127814583 ) ) ;
#75 = ORIENTED_EDGE ( 'NONE', *, *, #5741, .T. ) ;
#76 = ORIENTED_EDGE ( 'NONE', *, *, #5516, .F. ) ;
#77 = VERTEX_POINT ( 'NONE', #3405 ) ;
#78 = CARTESIAN_POINT ( 'NONE',  ( 2.940444920982767663, -2.000000000000000000, -5.092999999999998195 ) ) ;
#79 = AXIS2_PLACEMENT_3D ( 'NONE', #5290, #1703, #2177 ) ;
#80 = ORIENTED_EDGE ( 'NONE', *, *, #5157, .F. ) ;
#81 = CARTESIAN_POINT ( 'NONE',  ( 1.163013911914194898, -1.630874546332607533, 7.134205028752417910 ) ) ;
#82 = ORIENTED_EDGE ( 'NONE', *, *, #1241, .F. ) ;
#83 = CARTESIAN_POINT ( 'NONE',  ( -5.971533834228298865, -2.000000000000000000, -6.843000000000000860 ) ) ;
#84 = VECTOR ( 'NONE', #5805, 1000.000000000000000 ) ;
#85 = ORIENTED_EDGE ( 'NONE', *, *, #124, .F. ) ;
#86 = CIRCLE ( 'NONE', #3818, 0.5000000000000004441 ) ;
#87 = CARTESIAN_POINT ( 'NONE',  ( -2.940444920982763666, -2.000000000000000000, -5.092999999999999972 ) ) ;
#88 = DIRECTION ( 'NONE',  ( 0.8660254037844387076, 0.000000000000000000, -0.4999999999999998335 ) ) ;
#89 = CARTESIAN_POINT ( 'NONE',  ( -3.464852426661679363, 12.00000000000000000, -6.001300443706280241 ) ) ;
#90 = CIRCLE ( 'NONE', #2488, 4.000000000000000000 ) ;
#91 = CARTESIAN_POINT ( 'NONE',  ( 5.829670654911193850, 10.56093467170257227, -0.2481365379103316615 ) ) ;
#92 = EDGE_LOOP ( 'NONE', ( #2841, #2622, #806, #165 ) ) ;
#93 = AXIS2_PLACEMENT_3D ( 'NONE', #605, #2937, #151 ) ;
#94 = PLANE ( 'NONE',  #2463 ) ;
#95 = VECTOR ( 'NONE', #2647, 1000.000000000000000 ) ;
#96 = LINE ( 'NONE', #2046, #484 ) ;
#97 = CARTESIAN_POINT ( 'NONE',  ( -7.628377577043921498, -1.656150218391249762, -0.08753703705413803937 ) ) ;
#98 = ORIENTED_EDGE ( 'NONE', *, *, #2708, .T. ) ;
#99 = EDGE_CURVE ( 'NONE', #5763, #5131, #3518, .T. ) ;
#100 = EDGE_CURVE ( 'NONE', #4256, #1259, #3606, .T. ) ;
#101 = CARTESIAN_POINT ( 'NONE',  ( 1.649999999999999911, -1.500000000000000000, 8.592999999999999972 ) ) ;
#102 = DIRECTION ( 'NONE',  ( 1.000000000000000000, 0.000000000000000000, -0.000000000000000000 ) ) ;
#103 = ORIENTED_EDGE ( 'NONE', *, *, #618, .F. ) ;
#104 = ORIENTED_EDGE ( 'NONE', *, *, #5074, .F. ) ;
#105 = EDGE_CURVE ( 'NONE', #4794, #4464, #226, .T. ) ;
#106 = DIRECTION ( 'NONE',  ( 0.000000000000000000, -0.1218693434051481561, 0.9925461516413218721 ) ) ;
#107 = DIRECTION ( 'NONE',  ( 1.000000000000000000, 0.000000000000000000, 1.652166060416978960E-16 ) ) ;
#108 = AXIS2_PLACEMENT_3D ( 'NONE', #69, #5491, #941 ) ;
#109 = CARTESIAN_POINT ( 'NONE',  ( -8.266756294719684206, -1.500000000000000000, -2.867558083755680443 ) ) ;
#110 = ORIENTED_EDGE ( 'NONE', *, *, #1393, .T. ) ;
#111 = DIRECTION ( 'NONE',  ( 0.000000000000000000, 0.000000000000000000, -1.000000000000000000 ) ) ;
#112 = ORIENTED_EDGE ( 'NONE', *, *, #3579, .F. ) ;
#113 = CARTESIAN_POINT ( 'NONE',  ( 1.350000000000001421, -1.500000000000000000, -9.092999999999998195 ) ) ;
#114 = EDGE_LOOP ( 'NONE', ( #3966, #5409, #2574, #2233, #5058, #4988, #3982, #406 ) ) ;
#115 = ORIENTED_EDGE ( 'NONE', *, *, #5589, .F. ) ;
#116 = CYLINDRICAL_SURFACE ( 'NONE', #1102, 0.4999999999999995559 ) ;
#117 = DIRECTION ( 'NONE',  ( 0.07018777298906171691, 0.9900983315263910400, -0.1215687888871677391 ) ) ;
#118 = DIRECTION ( 'NONE',  ( 0.5000000000000001110, -0.000000000000000000, -0.8660254037844385966 ) ) ;
#119 = DIRECTION ( 'NONE',  ( -0.5000000000000002220, 0.000000000000000000, 0.8660254037844384856 ) ) ;
#120 = LINE ( 'NONE', #2524, #3722 ) ;
#121 = AXIS2_PLACEMENT_3D ( 'NONE', #3556, #344, #892 ) ;
#122 = VERTEX_POINT ( 'NONE', #2833 ) ;
#123 = DIRECTION ( 'NONE',  ( 0.000000000000000000, 0.000000000000000000, -1.000000000000000000 ) ) ;
#124 = EDGE_CURVE ( 'NONE', #4026, #1735, #2539, .T. ) ;
#125 = CARTESIAN_POINT ( 'NONE',  ( 8.732781698504119561, -7.041436197537461017E-16, 4.060378406783224925 ) ) ;
#126 = CARTESIAN_POINT ( 'NONE',  ( -1.349999999999998312, -2.000000000000000000, -9.592999999999999972 ) ) ;
#127 = ORIENTED_EDGE ( 'NONE', *, *, #4172, .T. ) ;
#128 = EDGE_CURVE ( 'NONE', #646, #5921, #3496, .T. ) ;
#129 = EDGE_CURVE ( 'NONE', #346, #1617, #3014, .T. ) ;
#130 = CYLINDRICAL_SURFACE ( 'NONE', #4339, 1.000000000000000444 ) ;
#131 = CIRCLE ( 'NONE', #5098, 0.5000000000000003331 ) ;
#132 = CARTESIAN_POINT ( 'NONE',  ( -5.377165403927633314, -1.587134407174383366, 4.432413512570899883 ) ) ;
#133 = ORIENTED_EDGE ( 'NONE', *, *, #2668, .T. ) ;
#134 = AXIS2_PLACEMENT_3D ( 'NONE', #4618, #4826, #724 ) ;
#135 = CARTESIAN_POINT ( 'NONE',  ( -7.049768996611898153, -1.500000000000000000, -5.975441916244327523 ) ) ;
#136 = PLANE ( 'NONE',  #3488 ) ;
#137 = VECTOR ( 'NONE', #5648, 1000.000000000000227 ) ;
#138 = AXIS2_PLACEMENT_3D ( 'NONE', #1201, #4857, #3534 ) ;
#139 = ADVANCED_FACE ( 'NONE', ( #1279 ), #3432, .F. ) ;
#140 = EDGE_CURVE ( 'NONE', #1048, #1255, #2366, .T. ) ;
#141 = CARTESIAN_POINT ( 'NONE',  ( 7.882781698504120804, -2.000000000000000000, 5.532621593216772382 ) ) ;
#142 = CARTESIAN_POINT ( 'NONE',  ( -4.339096659993392002, -2.000000000000000000, 6.622244337583782503 ) ) ;
#143 = ORIENTED_EDGE ( 'NONE', *, *, #5637, .T. ) ;
#144 = CARTESIAN_POINT ( 'NONE',  ( 7.632781698504127021, -1.949006870313402251, 5.217219095736226109 ) ) ;
#145 = ORIENTED_EDGE ( 'NONE', *, *, #3312, .F. ) ;
#146 = CARTESIAN_POINT ( 'NONE',  ( 4.324168099243833829, 0.000000000000000000, 8.482224999999953496 ) ) ;
#147 = ORIENTED_EDGE ( 'NONE', *, *, #5333, .T. ) ;
#148 = VERTEX_POINT ( 'NONE', #1699 ) ;
#149 = EDGE_CURVE ( 'NONE', #2272, #2777, #4216, .T. ) ;
#150 = DIRECTION ( 'NONE',  ( -1.000000000000000000, 0.000000000000000000, -0.000000000000000000 ) ) ;
#151 = DIRECTION ( 'NONE',  ( 0.000000000000000000, 0.000000000000000000, -1.000000000000000000 ) ) ;
#152 = CARTESIAN_POINT ( 'NONE',  ( 8.812260783623850458, 3.122849337825750912E-16, -6.069256593216774576 ) ) ;
#153 = CARTESIAN_POINT ( 'NONE',  ( -6.616756294719683851, -4.695494294019919599E-17, 5.725441916244325746 ) ) ;
#154 = ORIENTED_EDGE ( 'NONE', *, *, #2117, .T. ) ;
#155 = CARTESIAN_POINT ( 'NONE',  ( 6.766756294719680653, -1.500000000000000000, 5.465634295108990237 ) ) ;
#156 = DIRECTION ( 'NONE',  ( 0.000000000000000000, 0.000000000000000000, -1.000000000000000000 ) ) ;
#157 = CARTESIAN_POINT ( 'NONE',  ( 4.032618838203250178, -2.000000000000000000, -6.445299284672595164 ) ) ;
#158 = ORIENTED_EDGE ( 'NONE', *, *, #2077, .T. ) ;
#159 = VECTOR ( 'NONE', #1518, 1000.000000000000000 ) ;
#160 = DIRECTION ( 'NONE',  ( -1.000000000000000000, 0.000000000000000000, 0.000000000000000000 ) ) ;
#161 = FACE_OUTER_BOUND ( 'NONE', #284, .T. ) ;
#162 = CARTESIAN_POINT ( 'NONE',  ( -5.380159738467047426, -1.574912004090040840, 4.507011466120443899 ) ) ;
#163 = EDGE_LOOP ( 'NONE', ( #3951, #3320, #3649, #1233 ) ) ;
#164 = EDGE_CURVE ( 'NONE', #3470, #2981, #828, .T. ) ;
#165 = ORIENTED_EDGE ( 'NONE', *, *, #5779, .T. ) ;
#166 = CARTESIAN_POINT ( 'NONE',  ( -1.149999999999999689, -1.500000000000000000, 8.592999999999999972 ) ) ;
#167 = CARTESIAN_POINT ( 'NONE',  ( 3.876907057608334650, -1.600000000000000089, 7.068890105822376313 ) ) ;
#168 = ORIENTED_EDGE ( 'NONE', *, *, #1393, .F. ) ;
#169 = CARTESIAN_POINT ( 'NONE',  ( 1.149999984029651312, -1.542437716800477032, 7.119816912055278557 ) ) ;
#170 = ORIENTED_EDGE ( 'NONE', *, *, #1635, .T. ) ;
#171 = DIRECTION ( 'NONE',  ( -0.5000000000000000000, 0.000000000000000000, -0.8660254037844385966 ) ) ;
#172 = ORIENTED_EDGE ( 'NONE', *, *, #4944, .F. ) ;
#173 = EDGE_CURVE ( 'NONE', #1109, #4527, #2173, .T. ) ;
#174 = ORIENTED_EDGE ( 'NONE', *, *, #3631, .T. ) ;
#175 = EDGE_CURVE ( 'NONE', #5477, #2802, #5607, .T. ) ;
#176 = DIRECTION ( 'NONE',  ( -0.8660254037844387076, -0.000000000000000000, 0.4999999999999998335 ) ) ;
#177 = CARTESIAN_POINT ( 'NONE',  ( -5.296838408202648729, -2.000000000000000000, 4.963386969155512141 ) ) ;
#178 = LINE ( 'NONE', #3782, #2204 ) ;
#179 = DIRECTION ( 'NONE',  ( 0.4999999999999998890, 0.000000000000000000, 0.8660254037844385966 ) ) ;
#180 = VECTOR ( 'NONE', #4187, 1000.000000000000000 ) ;
#181 = DIRECTION ( 'NONE',  ( 0.9900983315263911511, -0.1403755459781254045, 0.000000000000000000 ) ) ;
#182 = ORIENTED_EDGE ( 'NONE', *, *, #2156, .F. ) ;
#183 = EDGE_CURVE ( 'NONE', #2854, #3091, #1601, .T. ) ;
#184 = CARTESIAN_POINT ( 'NONE',  ( -6.640360586412504595, -2.000000000000000000, -1.928558083755677721 ) ) ;
#185 = AXIS2_PLACEMENT_3D ( 'NONE', #3420, #4832, #2402 ) ;
#186 = AXIS2_PLACEMENT_3D ( 'NONE', #207, #2996, #4412 ) ;
#187 = DIRECTION ( 'NONE',  ( -2.168404344971009115E-16, -1.000000000000000000, 0.000000000000000000 ) ) ;
#188 = CARTESIAN_POINT ( 'NONE',  ( 5.249845997741266146, 0.000000000000000000, 9.092999999999999972 ) ) ;
#189 = VECTOR ( 'NONE', #5753, 1000.000000000000000 ) ;
#190 = DIRECTION ( 'NONE',  ( 0.4999999999999998890, 0.000000000000000000, -0.8660254037844387076 ) ) ;
#191 = CYLINDRICAL_SURFACE ( 'NONE', #2525, 0.5000000000000004441 ) ;
#192 = CARTESIAN_POINT ( 'NONE',  ( -5.364270088097283562, -1.986985963823153289, 4.851197412177976176 ) ) ;
#193 = ORIENTED_EDGE ( 'NONE', *, *, #4608, .F. ) ;
#194 = DIRECTION ( 'NONE',  ( -0.07018777298906253570, 0.9900983315263911511, 0.1215687888871671701 ) ) ;
#195 = CARTESIAN_POINT ( 'NONE',  ( 0.3500000000000011435, -2.299999999999999822, -9.092999999999998195 ) ) ;
#196 = FACE_OUTER_BOUND ( 'NONE', #2632, .T. ) ;
#197 = CARTESIAN_POINT ( 'NONE',  ( -3.652642293001596041, -1.653574242655874382, 6.672464265499043812 ) ) ;
#198 = EDGE_LOOP ( 'NONE', ( #987, #2606, #4346 ) ) ;
#199 = DIRECTION ( 'NONE',  ( 0.000000000000000000, -1.000000000000000000, -0.000000000000000000 ) ) ;
#200 = ORIENTED_EDGE ( 'NONE', *, *, #813, .T. ) ;
#201 = DIRECTION ( 'NONE',  ( 0.8660254037844387076, 0.000000000000000000, -0.5000000000000001110 ) ) ;
#202 = ORIENTED_EDGE ( 'NONE', *, *, #5382, .F. ) ;
#203 = VERTEX_POINT ( 'NONE', #253 ) ;
#204 =( BOUNDED_CURVE ( )  B_SPLINE_CURVE ( 3, ( #299, #2127, #5799, #3052 ),
 .UNSPECIFIED., .F., .T. ) 
 B_SPLINE_CURVE_WITH_KNOTS ( ( 4, 4 ),
 ( 2.622292039550163878, 3.660893267629423242 ),
 .UNSPECIFIED. ) 
 CURVE ( )  GEOMETRIC_REPRESENTATION_ITEM ( )  RATIONAL_B_SPLINE_CURVE ( ( 1.000000000000000000, 0.9121109855992487470, 0.9121109855992487470, 1.000000000000000000 ) ) 
 REPRESENTATION_ITEM ( '' )  );
#205 = DIRECTION ( 'NONE',  ( 1.000000000000000000, 1.084202172485504681E-16, 0.000000000000000000 ) ) ;
#206 = AXIS2_PLACEMENT_3D ( 'NONE', #1305, #826, #5754 ) ;
#207 = CARTESIAN_POINT ( 'NONE',  ( 0.000000000000000000, -2.000000000000000000, 0.000000000000000000 ) ) ;
#208 = ADVANCED_FACE ( 'NONE', ( #4396 ), #286, .F. ) ;
#209 = CARTESIAN_POINT ( 'NONE',  ( -7.049768996611901706, -1.500000000000000000, 5.975441916244323082 ) ) ;
#210 = CARTESIAN_POINT ( 'NONE',  ( -7.982712006705198426, -2.000000000000000000, -0.3113174337338244224 ) ) ;
#211 = EDGE_CURVE ( 'NONE', #297, #5560, #1892, .T. ) ;
#212 = CARTESIAN_POINT ( 'NONE',  ( -7.628377577043923274, -1.656150218391249984, -1.022825787715778471E-16 ) ) ;
#213 = EDGE_LOOP ( 'NONE', ( #5263, #172, #3194, #1285 ) ) ;
#214 = AXIS2_PLACEMENT_3D ( 'NONE', #5591, #2703, #2731 ) ;
#215 = DIRECTION ( 'NONE',  ( 0.5000000000000001110, -6.349528607487556813E-16, -0.8660254037844387076 ) ) ;
#216 = AXIS2_PLACEMENT_3D ( 'NONE', #5432, #2598, #410 ) ;
#217 = CYLINDRICAL_SURFACE ( 'NONE', #1441, 0.5000000000000004441 ) ;
#218 = EDGE_CURVE ( 'NONE', #1101, #979, #1671, .T. ) ;
#219 = CARTESIAN_POINT ( 'NONE',  ( -5.249845997741268810, 0.000000000000000000, 9.092999999999999972 ) ) ;
#220 = CIRCLE ( 'NONE', #2616, 0.5000000000000004441 ) ;
#221 = DIRECTION ( 'NONE',  ( -0.000000000000000000, 1.000000000000000000, 0.000000000000000000 ) ) ;
#222 = EDGE_CURVE ( 'NONE', #4226, #788, #546, .T. ) ;
#223 = DIRECTION ( 'NONE',  ( -0.5000000000000069944, 0.000000000000000000, -0.8660254037844347108 ) ) ;
#224 = CARTESIAN_POINT ( 'NONE',  ( -3.565483496418511145, -2.000000000000000000, -6.715000000000000746 ) ) ;
#225 = ORIENTED_EDGE ( 'NONE', *, *, #4211, .T. ) ;
#226 = LINE ( 'NONE', #5103, #70 ) ;
#227 = CARTESIAN_POINT ( 'NONE',  ( -3.982818503656840203, -1.648747737362059151, -6.445299284672596940 ) ) ;
#228 = DIRECTION ( 'NONE',  ( 1.000000000000000000, -0.000000000000000000, -3.542265381399704218E-15 ) ) ;
#229 = ORIENTED_EDGE ( 'NONE', *, *, #4065, .T. ) ;
#230 = DIRECTION ( 'NONE',  ( 0.07018777298906271611, -0.9900983315263910400, -0.1215687888871671840 ) ) ;
#231 = VERTEX_POINT ( 'NONE', #3041 ) ;
#232 = DIRECTION ( 'NONE',  ( 2.091772267935200711E-16, -0.000000000000000000, -1.000000000000000000 ) ) ;
#233 = ORIENTED_EDGE ( 'NONE', *, *, #2992, .T. ) ;
#234 = VECTOR ( 'NONE', #2695, 1000.000000000000114 ) ;
#235 = ORIENTED_EDGE ( 'NONE', *, *, #1170, .T. ) ;
#236 = LINE ( 'NONE', #3807, #820 ) ;
#237 = CIRCLE ( 'NONE', #526, 0.9999999999999996669 ) ;
#238 = FACE_OUTER_BOUND ( 'NONE', #3501, .T. ) ;
#239 = CARTESIAN_POINT ( 'NONE',  ( 9.662260783623846550, -7.041436197537461017E-16, 4.597013406783227119 ) ) ;
#240 = DIRECTION ( 'NONE',  ( 0.1403755459781250159, 0.9900983315263910400, -9.772149654612728565E-16 ) ) ;
#241 =( BOUNDED_CURVE ( )  B_SPLINE_CURVE ( 3, ( #3190, #1342, #866, #2267 ),
 .UNSPECIFIED., .F., .T. ) 
 B_SPLINE_CURVE_WITH_KNOTS ( ( 4, 4 ),
 ( 2.622292039550163878, 3.660893267629423686 ),
 .UNSPECIFIED. ) 
 CURVE ( )  GEOMETRIC_REPRESENTATION_ITEM ( )  RATIONAL_B_SPLINE_CURVE ( ( 1.000000000000000000, 0.9121109855992486359, 0.9121109855992486359, 1.000000000000000000 ) ) 
 REPRESENTATION_ITEM ( '' )  );
#242 = VERTEX_POINT ( 'NONE', #5700 ) ;
#243 = DIRECTION ( 'NONE',  ( -0.000000000000000000, 1.000000000000000000, 0.000000000000000000 ) ) ;
#244 = EDGE_CURVE ( 'NONE', #879, #1278, #4876, .T. ) ;
#245 = LINE ( 'NONE', #1237, #3067 ) ;
#246 = DIRECTION ( 'NONE',  ( -0.000000000000000000, 1.000000000000000000, 0.000000000000000000 ) ) ;
#247 = ADVANCED_FACE ( 'NONE', ( #4425 ), #5819, .T. ) ;
#248 = EDGE_CURVE ( 'NONE', #948, #2356, #2838, .T. ) ;
#249 = DIRECTION ( 'NONE',  ( 0.000000000000000000, 0.000000000000000000, -1.000000000000000000 ) ) ;
#250 = CARTESIAN_POINT ( 'NONE',  ( -6.914107926552905958, -2.000000000000000444, 2.162193999631696784 ) ) ;
#251 = CARTESIAN_POINT ( 'NONE',  ( -3.889143360425769913, -1.656150218391246209, -6.563093729113963271 ) ) ;
#252 = ORIENTED_EDGE ( 'NONE', *, *, #983, .F. ) ;
#253 = CARTESIAN_POINT ( 'NONE',  ( 7.560752083711956395, -1.648747737362058929, 0.2481365379103289415 ) ) ;
#254 = ADVANCED_FACE ( 'NONE', ( #3553 ), #1608, .F. ) ;
#255 = CIRCLE ( 'NONE', #4759, 0.4000000000000001887 ) ;
#256 = DIRECTION ( 'NONE',  ( 1.000000000000000000, -0.000000000000000000, -1.044968287512912559E-14 ) ) ;
#257 = DIRECTION ( 'NONE',  ( -2.168404344971008868E-16, 1.000000000000000000, -0.000000000000000000 ) ) ;
#258 = DIRECTION ( 'NONE',  ( 0.000000000000000000, -1.000000000000000000, 0.000000000000000000 ) ) ;
#259 = ORIENTED_EDGE ( 'NONE', *, *, #129, .F. ) ;
#260 = DIRECTION ( 'NONE',  ( 0.4999999999999998890, 0.000000000000000000, -0.8660254037844385966 ) ) ;
#261 = VERTEX_POINT ( 'NONE', #3334 ) ;
#262 = CARTESIAN_POINT ( 'NONE',  ( 10.09527348551606885, 0.000000000000000000, -4.847013406783228895 ) ) ;
#263 = ORIENTED_EDGE ( 'NONE', *, *, #327, .T. ) ;
#264 = ORIENTED_EDGE ( 'NONE', *, *, #4934, .T. ) ;
#265 = LINE ( 'NONE', #2935, #4835 ) ;
#266 = CARTESIAN_POINT ( 'NONE',  ( 9.495273485516065648, -9.980588515491107137E-16, 5.886243891324552280 ) ) ;
#267 = DIRECTION ( 'NONE',  ( 0.000000000000000000, 0.9925461516413219831, 0.1218693434051477398 ) ) ;
#268 = FACE_OUTER_BOUND ( 'NONE', #3387, .T. ) ;
#269 = FACE_OUTER_BOUND ( 'NONE', #1628, .T. ) ;
#270 = PRODUCT_RELATED_PRODUCT_CATEGORY ( 'detail', '', ( #1009 ) ) ;
#271 = ORIENTED_EDGE ( 'NONE', *, *, #5271, .F. ) ;
#272 = FACE_OUTER_BOUND ( 'NONE', #4293, .T. ) ;
#273 = AXIS2_PLACEMENT_3D ( 'NONE', #5169, #4665, #1077 ) ;
#274 = LINE ( 'NONE', #1665, #4118 ) ;
#275 =( BOUNDED_CURVE ( )  B_SPLINE_CURVE ( 3, ( #2040, #2879, #3871, #1597 ),
 .UNSPECIFIED., .F., .T. ) 
 B_SPLINE_CURVE_WITH_KNOTS ( ( 4, 4 ),
 ( 0.5203651500921385731, 1.570796326794897002 ),
 .UNSPECIFIED. ) 
 CURVE ( )  GEOMETRIC_REPRESENTATION_ITEM ( )  RATIONAL_B_SPLINE_CURVE ( ( 1.000000000000000000, 0.9101439105526678564, 0.9101439105526678564, 1.000000000000000000 ) ) 
 REPRESENTATION_ITEM ( '' )  );
#276 = VECTOR ( 'NONE', #970, 1000.000000000000114 ) ;
#277 = VECTOR ( 'NONE', #4143, 1000.000000000000114 ) ;
#278 = CARTESIAN_POINT ( 'NONE',  ( 7.904580156411900482, -2.000000000000000000, 0.4466457682385925332 ) ) ;
#279 = CARTESIAN_POINT ( 'NONE',  ( -3.565483496418513365, -1.600000000000000089, 7.068890105822376313 ) ) ;
#280 = VECTOR ( 'NONE', #656, 1000.000000000000000 ) ;
#281 = ADVANCED_FACE ( 'NONE', ( #1817 ), #1927, .F. ) ;
#282 = DIRECTION ( 'NONE',  ( -0.8660254037844383745, -0.000000000000000000, -0.5000000000000004441 ) ) ;
#283 = EDGE_CURVE ( 'NONE', #1708, #2753, #455, .T. ) ;
#284 = EDGE_LOOP ( 'NONE', ( #5349, #1428, #3050 ) ) ;
#285 = TOROIDAL_SURFACE ( 'NONE', #5067, 3.500000000000000000, 0.5000000000000000000 ) ;
#286 = PLANE ( 'NONE',  #3034 ) ;
#287 = DIRECTION ( 'NONE',  ( -0.000000000000000000, 1.000000000000000000, -0.000000000000000000 ) ) ;
#288 = VECTOR ( 'NONE', #3199, 1000.000000000000000 ) ;
#289 = DIRECTION ( 'NONE',  ( 0.5000000000000071054, 0.000000000000000000, 0.8660254037844344888 ) ) ;
#290 = SPHERICAL_SURFACE ( 'NONE', #4392, 0.5000000000000000000 ) ;
#291 = ORIENTED_EDGE ( 'NONE', *, *, #5258, .T. ) ;
#292 = CARTESIAN_POINT ( 'NONE',  ( 2.699942782018129872, 10.49999999999999822, -4.676438075984265197 ) ) ;
#293 = EDGE_CURVE ( 'NONE', #721, #3313, #547, .T. ) ;
#294 =( BOUNDED_CURVE ( )  B_SPLINE_CURVE ( 3, ( #2571, #1195, #2601, #5650 ),
 .UNSPECIFIED., .F., .T. ) 
 B_SPLINE_CURVE_WITH_KNOTS ( ( 4, 4 ),
 ( 3.661957803681930468, 4.712388980384696779 ),
 .UNSPECIFIED. ) 
 CURVE ( )  GEOMETRIC_REPRESENTATION_ITEM ( )  RATIONAL_B_SPLINE_CURVE ( ( 1.000000000000000000, 0.9101439105526667461, 0.9101439105526667461, 1.000000000000000000 ) ) 
 REPRESENTATION_ITEM ( '' )  );
#295 = EDGE_LOOP ( 'NONE', ( #4270, #5042, #1862, #71, #5767 ) ) ;
#296 = DIRECTION ( 'NONE',  ( -0.5000000000000011102, 0.000000000000000000, -0.8660254037844380415 ) ) ;
#297 = VERTEX_POINT ( 'NONE', #861 ) ;
#298 = ORIENTED_EDGE ( 'NONE', *, *, #5074, .T. ) ;
#299 = CARTESIAN_POINT ( 'NONE',  ( 3.565483496418508924, -2.000000000000000000, 7.068890105822376313 ) ) ;
#300 = FACE_OUTER_BOUND ( 'NONE', #1715, .T. ) ;
#301 = DIRECTION ( 'NONE',  ( -1.000000000000000000, 0.000000000000000000, 3.542265381399704218E-15 ) ) ;
#302 = DIRECTION ( 'NONE',  ( 0.000000000000000000, 0.1218693434051477398, 0.9925461516413219831 ) ) ;
#303 = CARTESIAN_POINT ( 'NONE',  ( 4.324422608411502722, 12.12186934340514810, -6.497573519526966379 ) ) ;
#304 = ORIENTED_EDGE ( 'NONE', *, *, #984, .T. ) ;
#305 = CYLINDRICAL_SURFACE ( 'NONE', #5209, 1.000000000000000222 ) ;
#306 = DIRECTION ( 'NONE',  ( 1.000000000000000000, 0.000000000000000000, 0.000000000000000000 ) ) ;
#307 = PERSON_AND_ORGANIZATION ( #2951, #4141 ) ;
#308 = AXIS2_PLACEMENT_3D ( 'NONE', #4207, #5462, #2376 ) ;
#309 = VECTOR ( 'NONE', #5897, 1000.000000000000000 ) ;
#310 = EDGE_CURVE ( 'NONE', #679, #2692, #5800, .T. ) ;
#311 = CARTESIAN_POINT ( 'NONE',  ( 0.8500000000000011990, -1.617500312929544881, -9.509913901078244081 ) ) ;
#312 = CARTESIAN_POINT ( 'NONE',  ( -4.049914173027193698, 10.49999999999999822, -2.338219037992132154 ) ) ;
#313 = ORIENTED_EDGE ( 'NONE', *, *, #2294, .T. ) ;
#314 = CARTESIAN_POINT ( 'NONE',  ( -1.649999999999999467, -1.500000000000000000, 0.000000000000000000 ) ) ;
#315 = CARTESIAN_POINT ( 'NONE',  ( -5.198811348027096102, 2.493495245697852525, -4.329440750385667336 ) ) ;
#316 = EDGE_CURVE ( 'NONE', #2802, #5595, #1758, .T. ) ;
#317 = CYLINDRICAL_SURFACE ( 'NONE', #798, 0.4999999999999996669 ) ;
#318 = DIRECTION ( 'NONE',  ( 0.000000000000000000, -1.000000000000000000, 0.000000000000000000 ) ) ;
#319 = ORIENTED_EDGE ( 'NONE', *, *, #3398, .F. ) ;
#320 = CARTESIAN_POINT ( 'NONE',  ( -9.344991457103285271, 0.000000000000000000, 1.999999999999996669 ) ) ;
#321 = ORIENTED_EDGE ( 'NONE', *, *, #836, .F. ) ;
#322 = CARTESIAN_POINT ( 'NONE',  ( 8.982781698504119561, -1.500000000000000000, 3.627365704891005738 ) ) ;
#323 = ORIENTED_EDGE ( 'NONE', *, *, #3081, .F. ) ;
#324 = VERTEX_POINT ( 'NONE', #3643 ) ;
#325 = FACE_OUTER_BOUND ( 'NONE', #4967, .T. ) ;
#326 = EDGE_CURVE ( 'NONE', #3646, #5351, #5807, .T. ) ;
#327 = EDGE_CURVE ( 'NONE', #1134, #4225, #5403, .T. ) ;
#328 = CARTESIAN_POINT ( 'NONE',  ( -5.613426661632616721, -1.565461193628486791, -4.568819013305955856 ) ) ;
#329 = DIRECTION ( 'NONE',  ( 0.9900983315263911511, 0.1403755459781246828, 0.000000000000000000 ) ) ;
#330 = CARTESIAN_POINT ( 'NONE',  ( -7.604844706266844057, -1.653574242655772020, -0.1729511160726751318 ) ) ;
#331 = DIRECTION ( 'NONE',  ( -0.5000000000000001110, -1.877893248421450515E-16, 0.8660254037844385966 ) ) ;
#332 = CIRCLE ( 'NONE', #4159, 0.5000000000000004441 ) ;
#333 = ORIENTED_EDGE ( 'NONE', *, *, #2804, .F. ) ;
#334 = DIRECTION ( 'NONE',  ( 0.000000000000000000, 0.000000000000000000, -1.000000000000000000 ) ) ;
#335 = ADVANCED_FACE ( 'NONE', ( #4958 ), #94, .T. ) ;
#336 = VECTOR ( 'NONE', #5771, 1000.000000000000227 ) ;
#337 = CARTESIAN_POINT ( 'NONE',  ( 8.068211562986000729, -2.000000000000000000, 0.1632278583382952009 ) ) ;
#338 = CALENDAR_DATE ( 2022, 7, 10 ) ;
#339 = CARTESIAN_POINT ( 'NONE',  ( -7.183590341227845677, -2.080845983731722804, -1.084202172485504434E-16 ) ) ;
#340 = CARTESIAN_POINT ( 'NONE',  ( -4.990360586412502464, -2.000000000000000000, -4.786441916244325689 ) ) ;
#341 = EDGE_LOOP ( 'NONE', ( #5120, #3240, #5793, #5437 ) ) ;
#342 = DIRECTION ( 'NONE',  ( 0.4999999999999993894, 0.000000000000000000, -0.8660254037844391517 ) ) ;
#343 = CARTESIAN_POINT ( 'NONE',  ( 8.732781698504119561, -4.324390700601972776E-31, 4.060378406783225813 ) ) ;
#344 = DIRECTION ( 'NONE',  ( 0.000000000000000000, -1.000000000000000000, -0.000000000000000000 ) ) ;
#345 = LINE ( 'NONE', #3981, #4678 ) ;
#346 = VERTEX_POINT ( 'NONE', #2404 ) ;
#347 = CARTESIAN_POINT ( 'NONE',  ( 0.8500000000000010880, -2.299999999999999822, -9.092999999999998195 ) ) ;
#348 = ORIENTED_EDGE ( 'NONE', *, *, #1359, .F. ) ;
#349 = DIRECTION ( 'NONE',  ( 2.168404344971009115E-16, 1.000000000000000000, 3.582564064021812038E-32 ) ) ;
#350 = EDGE_CURVE ( 'NONE', #2091, #413, #2828, .T. ) ;
#351 = ORIENTED_EDGE ( 'NONE', *, *, #3622, .F. ) ;
#352 = EDGE_LOOP ( 'NONE', ( #115, #638, #1745, #5610 ) ) ;
#353 = DIRECTION ( 'NONE',  ( -0.000000000000000000, -1.000000000000000000, -0.000000000000000000 ) ) ;
#354 = CARTESIAN_POINT ( 'NONE',  ( -5.623457863650179078, -1.499999999999998890, -4.574610530491090898 ) ) ;
#355 = DIRECTION ( 'NONE',  ( 0.000000000000000000, -1.000000000000000000, 0.000000000000000000 ) ) ;
#356 = ORIENTED_EDGE ( 'NONE', *, *, #1129, .F. ) ;
#357 = CARTESIAN_POINT ( 'NONE',  ( 8.428821774733826544, -1.875583404657265252, -3.993391108676863421 ) ) ;
#358 = EDGE_CURVE ( 'NONE', #2766, #2870, #3885, .T. ) ;
#359 = EDGE_CURVE ( 'NONE', #4889, #5582, #5130, .T. ) ;
#360 = ORIENTED_EDGE ( 'NONE', *, *, #124, .T. ) ;
#361 = UNCERTAINTY_MEASURE_WITH_UNIT (LENGTH_MEASURE( 1.000000000000000082E-05 ), #1987, 'distance_accuracy_value', 'NONE');
#362 = CARTESIAN_POINT ( 'NONE',  ( 3.748012704825113950, -1.658855474347328274, 6.673112719213305510 ) ) ;
#363 = CARTESIAN_POINT ( 'NONE',  ( 5.880889841965528220, -1.500000000000000000, -2.602085213965210642E-15 ) ) ;
#364 = DIRECTION ( 'NONE',  ( 1.000000000000000000, 0.000000000000000000, 0.000000000000000000 ) ) ;
#365 = EDGE_CURVE ( 'NONE', #3070, #4305, #5015, .T. ) ;
#366 = VECTOR ( 'NONE', #5662, 1000.000000000000114 ) ;
#367 = CIRCLE ( 'NONE', #759, 0.4000000000000001887 ) ;
#368 = DIRECTION ( 'NONE',  ( 1.000000000000000000, -0.000000000000000000, -0.000000000000000000 ) ) ;
#369 = DIRECTION ( 'NONE',  ( 0.5000000000000002220, 0.000000000000000000, -0.8660254037844385966 ) ) ;
#370 = ORIENTED_EDGE ( 'NONE', *, *, #3946, .T. ) ;
#371 = AXIS2_PLACEMENT_3D ( 'NONE', #452, #4082, #5030 ) ;
#372 = AXIS2_PLACEMENT_3D ( 'NONE', #2611, #5774, #2161 ) ;
#373 = CARTESIAN_POINT ( 'NONE',  ( -9.689719054208552507, 0.000000000000000000, 0.1813642870426192544 ) ) ;
#374 = CARTESIAN_POINT ( 'NONE',  ( -6.640360586412506372, -2.000000000000004441, 1.928558083755675501 ) ) ;
#375 = CIRCLE ( 'NONE', #4596, 0.5000000000000002220 ) ;
#376 = CARTESIAN_POINT ( 'NONE',  ( -2.940444920982762778, -2.000000000000000000, -8.592999999999999972 ) ) ;
#377 = AXIS2_PLACEMENT_3D ( 'NONE', #3780, #2341, #5600 ) ;
#378 = LINE ( 'NONE', #922, #1236 ) ;
#379 = ORIENTED_EDGE ( 'NONE', *, *, #4841, .F. ) ;
#380 = EDGE_LOOP ( 'NONE', ( #2211, #1709, #1407, #5583, #4208, #1451, #5022, #2121 ) ) ;
#381 = CARTESIAN_POINT ( 'NONE',  ( -4.324168099243652641, 0.000000000000000000, 8.482225000000044091 ) ) ;
#382 = AXIS2_PLACEMENT_3D ( 'NONE', #2690, #5411, #4518 ) ;
#383 = ORIENTED_EDGE ( 'NONE', *, *, #5452, .T. ) ;
#384 = ORIENTED_EDGE ( 'NONE', *, *, #3287, .F. ) ;
#385 = VECTOR ( 'NONE', #2049, 1000.000000000000114 ) ;
#386 = CARTESIAN_POINT ( 'NONE',  ( -6.616756294719683851, -1.500000000000000000, 5.725441916244324858 ) ) ;
#387 = EDGE_CURVE ( 'NONE', #1526, #3694, #998, .T. ) ;
#388 = CARTESIAN_POINT ( 'NONE',  ( -8.266756294719685982, -1.500000000000000000, -2.867558083755681331 ) ) ;
#389 = DIRECTION ( 'NONE',  ( 0.000000000000000000, -1.000000000000000000, -0.000000000000000000 ) ) ;
#390 = ORIENTED_EDGE ( 'NONE', *, *, #4765, .T. ) ;
#391 = CYLINDRICAL_SURFACE ( 'NONE', #1522, 0.3999999999999999112 ) ;
#392 = CARTESIAN_POINT ( 'NONE',  ( -6.946838408202648196, -2.000000000000000000, 2.105503136666864172 ) ) ;
#393 = EDGE_LOOP ( 'NONE', ( #3291, #4517, #3146, #3786 ) ) ;
#394 = DIRECTION ( 'NONE',  ( -9.389466242107248876E-17, 1.000000000000000000, 1.626303258728257637E-16 ) ) ;
#395 = ADVANCED_FACE ( 'NONE', ( #439 ), #3162, .T. ) ;
#396 = EDGE_CURVE ( 'NONE', #510, #501, #548, .T. ) ;
#397 = CARTESIAN_POINT ( 'NONE',  ( 7.449768996611899396, -2.299999999999999822, 5.282621593216770606 ) ) ;
#398 = PLANE ( 'NONE',  #7 ) ;
#399 = DATE_AND_TIME ( #3970, #5367 ) ;
#400 = CARTESIAN_POINT ( 'NONE',  ( 7.789275035073177200, 12.12186934340514810, 0.4962730758206653769 ) ) ;
#401 = ADVANCED_FACE ( 'NONE', ( #4653 ), #4201, .T. ) ;
#402 = ADVANCED_FACE ( 'NONE', ( #2466 ), #4294, .T. ) ;
#403 = CIRCLE ( 'NONE', #206, 0.9999999999999991118 ) ;
#404 = CARTESIAN_POINT ( 'NONE',  ( -1.584539031685115118, -2.000000000000000000, 7.068890108717973852 ) ) ;
#405 = DIRECTION ( 'NONE',  ( 0.07018777298906241080, -0.9900983315263910400, 0.1215687888871666428 ) ) ;
#406 = ORIENTED_EDGE ( 'NONE', *, *, #3287, .T. ) ;
#407 = DIRECTION ( 'NONE',  ( -0.000000000000000000, 1.000000000000000000, 0.000000000000000000 ) ) ;
#408 = DIRECTION ( 'NONE',  ( 0.5000000000000000000, -1.836970198721030181E-16, 0.8660254037844385966 ) ) ;
#409 = ADVANCED_FACE ( 'NONE', ( #272 ), #3814, .F. ) ;
#410 = DIRECTION ( 'NONE',  ( -0.8660254037844385966, 0.000000000000000000, -0.5000000000000000000 ) ) ;
#411 = AXIS2_PLACEMENT_3D ( 'NONE', #4180, #223, #5283 ) ;
#412 = DIRECTION ( 'NONE',  ( -0.8660254037844394848, 0.000000000000000000, 0.4999999999999986677 ) ) ;
#413 = VERTEX_POINT ( 'NONE', #2527 ) ;
#414 = VERTEX_POINT ( 'NONE', #2072 ) ;
#415 = DIRECTION ( 'NONE',  ( 0.8660254037844384856, 0.000000000000000000, 0.5000000000000004441 ) ) ;
#416 = ORIENTED_EDGE ( 'NONE', *, *, #3587, .F. ) ;
#417 = VERTEX_POINT ( 'NONE', #4384 ) ;
#418 = CYLINDRICAL_SURFACE ( 'NONE', #2158, 0.5000000000000000000 ) ;
#419 = CARTESIAN_POINT ( 'NONE',  ( -6.361137226883049500, -1.301042606982605321E-15, -2.054405217386216620 ) ) ;
#420 = DIRECTION ( 'NONE',  ( 0.000000000000000000, 0.000000000000000000, -1.000000000000000000 ) ) ;
#421 = CARTESIAN_POINT ( 'NONE',  ( 7.632781698504119916, -1.500000000000000000, 4.965634295108991125 ) ) ;
#422 = CARTESIAN_POINT ( 'NONE',  ( -2.699942782018132093, 10.49999999999999822, 4.676438075984264309 ) ) ;
#423 = VERTEX_POINT ( 'NONE', #3395 ) ;
#424 = FACE_OUTER_BOUND ( 'NONE', #4409, .T. ) ;
#425 = DIRECTION ( 'NONE',  ( 9.389466242107248876E-17, -1.000000000000000000, -1.626303258728257637E-16 ) ) ;
#426 = AXIS2_PLACEMENT_3D ( 'NONE', #5789, #1280, #4878 ) ;
#427 = CARTESIAN_POINT ( 'NONE',  ( 3.659657535944689677, -2.000000000000000000, 6.719311967871655078 ) ) ;
#428 = DIRECTION ( 'NONE',  ( 1.734723475976808672E-15, 0.000000000000000000, -1.000000000000000000 ) ) ;
#429 = AXIS2_PLACEMENT_3D ( 'NONE', #87, #1865, #3746 ) ;
#430 = EDGE_LOOP ( 'NONE', ( #1736, #1896, #5654, #5021 ) ) ;
#431 = ADVANCED_FACE ( 'NONE', ( #2015 ), #1662, .F. ) ;
#432 = AXIS2_PLACEMENT_3D ( 'NONE', #2248, #3682, #3259 ) ;
#433 = CARTESIAN_POINT ( 'NONE',  ( -1.342726085644253775, -1.899832866830801548, 7.086614184500965585 ) ) ;
#434 = CARTESIAN_POINT ( 'NONE',  ( 2.940444920982763222, -2.000000000000000000, 9.092999999999999972 ) ) ;
#435 = ORIENTED_EDGE ( 'NONE', *, *, #3360, .T. ) ;
#436 = EDGE_CURVE ( 'NONE', #5056, #5174, #1092, .T. ) ;
#437 = EDGE_CURVE ( 'NONE', #1854, #3803, #1571, .T. ) ;
#438 =( BOUNDED_CURVE ( )  B_SPLINE_CURVE ( 3, ( #3024, #4018, #5357, #4917 ),
 .UNSPECIFIED., .F., .T. ) 
 B_SPLINE_CURVE_WITH_KNOTS ( ( 4, 4 ),
 ( 5.763884693139955218, 6.802485921219219911 ),
 .UNSPECIFIED. ) 
 CURVE ( )  GEOMETRIC_REPRESENTATION_ITEM ( )  RATIONAL_B_SPLINE_CURVE ( ( 1.000000000000000000, 0.9121109855992478588, 0.9121109855992478588, 1.000000000000000000 ) ) 
 REPRESENTATION_ITEM ( '' )  );
#439 = FACE_OUTER_BOUND ( 'NONE', #198, .T. ) ;
#440 = CARTESIAN_POINT ( 'NONE',  ( -6.598811348027098234, 2.493495245697852525, -1.904569619789238999 ) ) ;
#441 = DIRECTION ( 'NONE',  ( 0.000000000000000000, -1.000000000000000000, 0.000000000000000000 ) ) ;
#442 = ORIENTED_EDGE ( 'NONE', *, *, #5663, .F. ) ;
#443 = ORIENTED_EDGE ( 'NONE', *, *, #149, .T. ) ;
#444 = EDGE_CURVE ( 'NONE', #3270, #5681, #1137, .T. ) ;
#445 = VERTEX_POINT ( 'NONE', #3486 ) ;
#446 = EDGE_LOOP ( 'NONE', ( #5079, #3388, #2150, #5525 ) ) ;
#447 = CARTESIAN_POINT ( 'NONE',  ( 8.126018952722910527, -2.000000000000000000, 4.143076474064425696 ) ) ;
#448 = DIRECTION ( 'NONE',  ( -1.000000000000000000, -0.000000000000000000, 1.044968287512912559E-14 ) ) ;
#449 = LINE ( 'NONE', #5530, #2536 ) ;
#450 = ORIENTED_EDGE ( 'NONE', *, *, #3217, .T. ) ;
#451 = CARTESIAN_POINT ( 'NONE',  ( -1.149999999999999911, 0.000000000000000000, 6.973185790923612792 ) ) ;
#452 = CARTESIAN_POINT ( 'NONE',  ( -4.897214887076897227, 0.000000000000000000, 8.482225000000049420 ) ) ;
#453 = VERTEX_POINT ( 'NONE', #5748 ) ;
#454 = DIRECTION ( 'NONE',  ( -3.061616997868383018E-17, 1.000000000000000000, -5.302876193624536423E-17 ) ) ;
#455 = CIRCLE ( 'NONE', #5896, 4.000000000000000000 ) ;
#456 = CARTESIAN_POINT ( 'NONE',  ( 2.428612866367529932E-14, 13.00000000000000000, 3.999999999999999112 ) ) ;
#457 = CARTESIAN_POINT ( 'NONE',  ( -6.383831187471270319, -1.301042606982605518E-15, -1.881741792745379449 ) ) ;
#458 = APPROVAL ( #4033, 'UNSPECIFIED' ) ;
#459 = CARTESIAN_POINT ( 'NONE',  ( 0.3500000000000011435, -2.299999999999999822, -9.592999999999999972 ) ) ;
#460 = ORIENTED_EDGE ( 'NONE', *, *, #437, .T. ) ;
#461 = CARTESIAN_POINT ( 'NONE',  ( -6.620063182577439420, -1.724964733894894353, -2.450375515593843812 ) ) ;
#462 = CARTESIAN_POINT ( 'NONE',  ( -1.650000000000000577, -1.500000000000000000, 8.592999999999999972 ) ) ;
#463 = ORIENTED_EDGE ( 'NONE', *, *, #847, .T. ) ;
#464 = ADVANCED_FACE ( 'NONE', ( #4770 ), #5307, .T. ) ;
#465 = ADVANCED_FACE ( 'NONE', ( #3906 ), #5633, .F. ) ;
#466 = CARTESIAN_POINT ( 'NONE',  ( -10.49969199548253584, 0.000000000000000000, -1.705543596374835113E-15 ) ) ;
#467 = CARTESIAN_POINT ( 'NONE',  ( 9.245273485516065648, -1.120523531463846059E-15, 6.319256593216771911 ) ) ;
#468 = ORIENTED_EDGE ( 'NONE', *, *, #358, .T. ) ;
#469 = EDGE_LOOP ( 'NONE', ( #810, #1738, #5087, #3699 ) ) ;
#470 = AXIS2_PLACEMENT_3D ( 'NONE', #4230, #5602, #2429 ) ;
#471 = APPLICATION_CONTEXT ( 'configuration controlled 3d designs of mechanical parts and assemblies' ) ;
#472 = ORIENTED_EDGE ( 'NONE', *, *, #5490, .F. ) ;
#473 = EDGE_LOOP ( 'NONE', ( #1823, #569, #1209, #658, #4287 ) ) ;
#474 = AXIS2_PLACEMENT_3D ( 'NONE', #5149, #5181, #181 ) ;
#475 = DIRECTION ( 'NONE',  ( 0.000000000000000000, 0.000000000000000000, -1.000000000000000000 ) ) ;
#476 = CIRCLE ( 'NONE', #377, 0.5000000000000000000 ) ;
#477 = EDGE_CURVE ( 'NONE', #3559, #4541, #731, .T. ) ;
#478 = DIRECTION ( 'NONE',  ( 1.000000000000000000, 0.000000000000000000, 1.652166060416978960E-16 ) ) ;
#479 = DIRECTION ( 'NONE',  ( -0.000000000000000000, 1.000000000000000000, 0.000000000000000000 ) ) ;
#480 = ORIENTED_EDGE ( 'NONE', *, *, #436, .F. ) ;
#481 = CARTESIAN_POINT ( 'NONE',  ( 5.971533834228298865, -2.000000000000000000, 6.843000000000000860 ) ) ;
#482 = ORIENTED_EDGE ( 'NONE', *, *, #2637, .F. ) ;
#483 = DIRECTION ( 'NONE',  ( 0.000000000000000000, 0.000000000000000000, 1.000000000000000000 ) ) ;
#484 = VECTOR ( 'NONE', #1121, 1000.000000000000000 ) ;
#485 = ORIENTED_EDGE ( 'NONE', *, *, #2485, .T. ) ;
#486 = LINE ( 'NONE', #2312, #45 ) ;
#487 = ADVANCED_FACE ( 'NONE', ( #3423 ), #2432, .T. ) ;
#488 = VECTOR ( 'NONE', #5690, 1000.000000000000227 ) ;
#489 = CARTESIAN_POINT ( 'NONE',  ( 5.880889841965528220, -2.000000000000000000, -2.602085213965210642E-15 ) ) ;
#490 = LINE ( 'NONE', #2315, #277 ) ;
#491 = SPHERICAL_SURFACE ( 'NONE', #4879, 0.5000000000000000000 ) ;
#492 = ORIENTED_EDGE ( 'NONE', *, *, #4383, .T. ) ;
#493 = CARTESIAN_POINT ( 'NONE',  ( -1.248043804351354646, -1.826772395666711901, 6.868258838072168082 ) ) ;
#494 = CARTESIAN_POINT ( 'NONE',  ( -5.399885564036261520, 10.49999999999999822, 1.626303258728256651E-16 ) ) ;
#495 = ORIENTED_EDGE ( 'NONE', *, *, #4242, .F. ) ;
#496 = CARTESIAN_POINT ( 'NONE',  ( 6.271168647510246540E-14, 12.00000000000000000, 6.001300443706291787 ) ) ;
#497 = CARTESIAN_POINT ( 'NONE',  ( 5.399885564036259744, 10.49999999999999822, -1.360894592147320083E-15 ) ) ;
#498 = EDGE_LOOP ( 'NONE', ( #827, #2471, #4083, #5501 ) ) ;
#499 = ORIENTED_EDGE ( 'NONE', *, *, #4753, .T. ) ;
#500 = LOCAL_TIME ( 8, 23, 15.00000000000000000, #2675 ) ;
#501 = VERTEX_POINT ( 'NONE', #4327 ) ;
#502 = ADVANCED_FACE ( 'NONE', ( #2498 ), #3003, .F. ) ;
#503 = EDGE_LOOP ( 'NONE', ( #1936, #1158, #2095, #2438, #1670 ) ) ;
#504 = CARTESIAN_POINT ( 'NONE',  ( 1.350000000000001421, -1.500000000000000000, -9.592999999999999972 ) ) ;
#505 = CIRCLE ( 'NONE', #2135, 0.5000000000000002220 ) ;
#506 = CARTESIAN_POINT ( 'NONE',  ( -5.364270088097347511, -1.986985963823151291, -4.851197412178009927 ) ) ;
#507 = CARTESIAN_POINT ( 'NONE',  ( -4.278740583746336590, 0.6408196952823644876, -8.403542235096805868 ) ) ;
#508 = ORIENTED_EDGE ( 'NONE', *, *, #62, .T. ) ;
#509 = CARTESIAN_POINT ( 'NONE',  ( 1.248043804351356423, -1.826772395666715898, 6.868258838072164529 ) ) ;
#510 = VERTEX_POINT ( 'NONE', #2911 ) ;
#511 = PLANE ( 'NONE',  #371 ) ;
#512 = ORIENTED_EDGE ( 'NONE', *, *, #5621, .T. ) ;
#513 = AXIS2_PLACEMENT_3D ( 'NONE', #1521, #3407, #5289 ) ;
#514 = EDGE_CURVE ( 'NONE', #4550, #5830, #5683, .T. ) ;
#515 = EDGE_CURVE ( 'NONE', #1372, #1921, #5689, .T. ) ;
#516 = CARTESIAN_POINT ( 'NONE',  ( 12.13608875207182436, 0.000000000000000000, -8.334679727053995180 ) ) ;
#517 = FACE_OUTER_BOUND ( 'NONE', #2424, .T. ) ;
#518 = CARTESIAN_POINT ( 'NONE',  ( 2.940444920982763222, 0.000000000000000000, 9.092999999999999972 ) ) ;
#519 = CARTESIAN_POINT ( 'NONE',  ( 8.812260783623846905, -2.299999999999999822, 6.069256593216772799 ) ) ;
#520 = ORIENTED_EDGE ( 'NONE', *, *, #3367, .F. ) ;
#521 = EDGE_CURVE ( 'NONE', #4097, #453, #5430, .T. ) ;
#522 = CARTESIAN_POINT ( 'NONE',  ( -6.640360586412504595, -1.999999999999990008, -1.928558083755682606 ) ) ;
#523 = LINE ( 'NONE', #434, #1172 ) ;
#524 = VERTEX_POINT ( 'NONE', #1629 ) ;
#525 = AXIS2_PLACEMENT_3D ( 'NONE', #2567, #4008, #829 ) ;
#526 = AXIS2_PLACEMENT_3D ( 'NONE', #1694, #4055, #2192 ) ;
#527 = LINE ( 'NONE', #2352, #985 ) ;
#528 = CARTESIAN_POINT ( 'NONE',  ( -5.044316215613562804, -1.999999580790423392, 4.692988766883568807 ) ) ;
#529 = ORIENTED_EDGE ( 'NONE', *, *, #4950, .T. ) ;
#530 = ORIENTED_EDGE ( 'NONE', *, *, #949, .T. ) ;
#531 = ORIENTED_EDGE ( 'NONE', *, *, #350, .F. ) ;
#532 = CARTESIAN_POINT ( 'NONE',  ( -6.358398182642424956, 3.061616997868379936E-17, 2.343117283227288628 ) ) ;
#533 = DIRECTION ( 'NONE',  ( -0.000000000000000000, -1.000000000000000000, 0.000000000000000000 ) ) ;
#534 = ORIENTED_EDGE ( 'NONE', *, *, #993, .T. ) ;
#535 = DIRECTION ( 'NONE',  ( 0.5000000000000003331, 0.000000000000000000, 0.8660254037844385966 ) ) ;
#536 = ORIENTED_EDGE ( 'NONE', *, *, #1691, .T. ) ;
#537 = CARTESIAN_POINT ( 'NONE',  ( 4.049914173027193698, 11.00000000000000000, 2.338219037992131266 ) ) ;
#538 = ORIENTED_EDGE ( 'NONE', *, *, #4902, .T. ) ;
#539 = FACE_OUTER_BOUND ( 'NONE', #1169, .T. ) ;
#540 = CARTESIAN_POINT ( 'NONE',  ( -6.177691488543642251, -6.516401501609137457E-32, 2.238786224744987674 ) ) ;
#541 = EDGE_CURVE ( 'NONE', #782, #1417, #4450, .T. ) ;
#542 = CYLINDRICAL_SURFACE ( 'NONE', #667, 0.5000000000000004441 ) ;
#543 = ADVANCED_FACE ( 'NONE', ( #2645 ), #1776, .F. ) ;
#544 = CARTESIAN_POINT ( 'NONE',  ( 9.245273485516065648, -1.120523531463846059E-15, 6.319256593216771911 ) ) ;
#545 = ORIENTED_EDGE ( 'NONE', *, *, #2266, .F. ) ;
#546 = CIRCLE ( 'NONE', #1315, 3.500000000000000000 ) ;
#547 = LINE ( 'NONE', #3751, #5041 ) ;
#548 = CIRCLE ( 'NONE', #1303, 0.5000000000000002220 ) ;
#549 = CARTESIAN_POINT ( 'NONE',  ( 9.344991457103283494, 0.000000000000000000, 1.999999999999997113 ) ) ;
#550 = EDGE_CURVE ( 'NONE', #4629, #4245, #3972, .T. ) ;
#551 = CARTESIAN_POINT ( 'NONE',  ( 3.565483496418511589, -2.000000000000000000, -7.068890105822377201 ) ) ;
#552 = VECTOR ( 'NONE', #1249, 1000.000000000000114 ) ;
#553 = ORIENTED_EDGE ( 'NONE', *, *, #699, .F. ) ;
#554 = CARTESIAN_POINT ( 'NONE',  ( 7.811089943583354511, -1.617070974833030750, -5.491230339214590472 ) ) ;
#555 = LINE ( 'NONE', #1071, #2379 ) ;
#556 = ORIENTED_EDGE ( 'NONE', *, *, #3485, .T. ) ;
#557 = ORIENTED_EDGE ( 'NONE', *, *, #3436, .T. ) ;
#558 = VERTEX_POINT ( 'NONE', #3602 ) ;
#559 = FACE_OUTER_BOUND ( 'NONE', #3409, .T. ) ;
#560 = AXIS2_PLACEMENT_3D ( 'NONE', #2043, #1210, #4742 ) ;
#561 = VECTOR ( 'NONE', #1669, 1000.000000000000227 ) ;
#562 = DIRECTION ( 'NONE',  ( 1.000000000000000000, 0.000000000000000000, 0.000000000000000000 ) ) ;
#563 = ORIENTED_EDGE ( 'NONE', *, *, #2350, .F. ) ;
#564 = CARTESIAN_POINT ( 'NONE',  ( 1.187944145973059973, -1.724964733894900348, 6.958330648567035759 ) ) ;
#565 = ORIENTED_EDGE ( 'NONE', *, *, #1375, .T. ) ;
#566 = CARTESIAN_POINT ( 'NONE',  ( 5.971533834228298865, -2.000000000000000000, 6.843000000000000860 ) ) ;
#567 = AXIS2_PLACEMENT_3D ( 'NONE', #65, #4679, #577 ) ;
#568 = ORIENTED_EDGE ( 'NONE', *, *, #4394, .F. ) ;
#569 = ORIENTED_EDGE ( 'NONE', *, *, #3947, .T. ) ;
#570 = AXIS2_PLACEMENT_3D ( 'NONE', #5898, #1806, #3237 ) ;
#571 = CARTESIAN_POINT ( 'NONE',  ( -1.357106781186547373, -1.648747737362059596, 6.671871645165847298 ) ) ;
#572 = EDGE_CURVE ( 'NONE', #5056, #5681, #237, .T. ) ;
#573 = CARTESIAN_POINT ( 'NONE',  ( -5.443285017609388099, -1.999999999999999556, 4.709734001066875564 ) ) ;
#574 = VECTOR ( 'NONE', #1314, 1000.000000000000114 ) ;
#575 = CARTESIAN_POINT ( 'NONE',  ( -0.8499999999999984235, -1.500000000000000000, -9.592999999999999972 ) ) ;
#576 = DIRECTION ( 'NONE',  ( 0.4999999999999997780, -0.000000000000000000, 0.8660254037844387076 ) ) ;
#577 = DIRECTION ( 'NONE',  ( -0.4999999999999999445, 0.000000000000000000, -0.8660254037844388186 ) ) ;
#578 = ORIENTED_EDGE ( 'NONE', *, *, #761, .T. ) ;
#579 = DIRECTION ( 'NONE',  ( 0.5000000000000001110, 0.000000000000000000, -0.8660254037844385966 ) ) ;
#580 = EDGE_CURVE ( 'NONE', #819, #2692, #1348, .T. ) ;
#581 = EDGE_CURVE ( 'NONE', #1960, #926, #4027, .T. ) ;
#582 = VECTOR ( 'NONE', #886, 1000.000000000000227 ) ;
#583 = DIRECTION ( 'NONE',  ( -0.07018777298906246631, -0.9900983315263910400, 0.1215687888871666428 ) ) ;
#584 = CARTESIAN_POINT ( 'NONE',  ( -6.101614359062639714, 2.440626028144758042, -1.904569619789238999 ) ) ;
#585 = ORIENTED_EDGE ( 'NONE', *, *, #1968, .T. ) ;
#586 = EDGE_CURVE ( 'NONE', #3216, #2363, #5331, .T. ) ;
#587 = EDGE_CURVE ( 'NONE', #2308, #3963, #4925, .T. ) ;
#588 = DIRECTION ( 'NONE',  ( -0.07018777298906136997, -0.9900983315263911511, 0.1215687888871673922 ) ) ;
#589 = CARTESIAN_POINT ( 'NONE',  ( -4.953010335502700201, -1.648747737362061816, 4.764877738827252962 ) ) ;
#590 = ORIENTED_EDGE ( 'NONE', *, *, #4203, .T. ) ;
#591 = CARTESIAN_POINT ( 'NONE',  ( -3.565483496418509368, -1.600000000000000089, -7.068890105822378089 ) ) ;
#592 = EDGE_CURVE ( 'NONE', #1126, #4116, #1957, .T. ) ;
#593 = CARTESIAN_POINT ( 'NONE',  ( -5.249845997741265258, 0.000000000000000000, -9.092999999999999972 ) ) ;
#594 = CARTESIAN_POINT ( 'NONE',  ( -3.591795170613920618, -2.080845983731722804, -6.221171725883839265 ) ) ;
#595 = CARTESIAN_POINT ( 'NONE',  ( -3.756228348273332962, -2.000000000000101252, 6.696124839761356640 ) ) ;
#596 = VERTEX_POINT ( 'NONE', #4445 ) ;
#597 = CARTESIAN_POINT ( 'NONE',  ( -9.344991457103283494, -2.000000000000000000, -2.000000000000001776 ) ) ;
#598 = EDGE_LOOP ( 'NONE', ( #5632, #5488, #4192, #112 ) ) ;
#599 = DIRECTION ( 'NONE',  ( 0.4999999999999997780, -4.336808689942011820E-16, 0.8660254037844388186 ) ) ;
#600 = ORIENTED_EDGE ( 'NONE', *, *, #4843, .T. ) ;
#601 = ORIENTED_EDGE ( 'NONE', *, *, #1535, .F. ) ;
#602 = CARTESIAN_POINT ( 'NONE',  ( -0.3499999999999985345, -3.794707603699253809E-17, -10.66627000000000081 ) ) ;
#603 = VECTOR ( 'NONE', #3633, 1000.000000000000114 ) ;
#604 = LINE ( 'NONE', #4260, #1150 ) ;
#605 = CARTESIAN_POINT ( 'NONE',  ( 7.632781698504124357, -2.000000000000000000, -5.965634295108992902 ) ) ;
#606 = CYLINDRICAL_SURFACE ( 'NONE', #470, 4.000000000000000000 ) ;
#607 = FACE_OUTER_BOUND ( 'NONE', #4940, .T. ) ;
#608 = ORIENTED_EDGE ( 'NONE', *, *, #3372, .F. ) ;
#609 = DIRECTION ( 'NONE',  ( 0.4999999999999998890, 0.000000000000000000, 0.8660254037844385966 ) ) ;
#610 = CARTESIAN_POINT ( 'NONE',  ( 9.245273485516065648, -1.120523531463846059E-15, 6.319256593216771911 ) ) ;
#611 = EDGE_CURVE ( 'NONE', #871, #2595, #1775, .T. ) ;
#612 = ORIENTED_EDGE ( 'NONE', *, *, #1843, .F. ) ;
#613 = PLANE ( 'NONE',  #675 ) ;
#614 = CARTESIAN_POINT ( 'NONE',  ( -4.326991113088078933, -0.1616919674634459958, 7.494568451767721129 ) ) ;
#615 = VECTOR ( 'NONE', #4367, 1000.000000000000000 ) ;
#616 = EDGE_CURVE ( 'NONE', #2386, #1313, #3149, .T. ) ;
#617 = CARTESIAN_POINT ( 'NONE',  ( 7.598102334621759546, -2.000000000000000000, -0.2697007153274073588 ) ) ;
#618 = EDGE_CURVE ( 'NONE', #819, #3394, #3998, .T. ) ;
#619 = EDGE_LOOP ( 'NONE', ( #3799, #4910, #3357, #5710 ) ) ;
#620 = LINE ( 'NONE', #135, #2075 ) ;
#621 = DIRECTION ( 'NONE',  ( -0.4999999999999998335, 0.000000000000000000, -0.8660254037844387076 ) ) ;
#622 = AXIS2_PLACEMENT_3D ( 'NONE', #1859, #2332, #4972 ) ;
#623 = AXIS2_PLACEMENT_3D ( 'NONE', #4411, #3989, #5298 ) ;
#624 = FACE_OUTER_BOUND ( 'NONE', #5435, .T. ) ;
#625 = CARTESIAN_POINT ( 'NONE',  ( -3.565483496418509368, -2.000000000000000000, -7.068890105822378089 ) ) ;
#626 = ORIENTED_EDGE ( 'NONE', *, *, #3806, .F. ) ;
#627 = DIRECTION ( 'NONE',  ( -0.4999999999999999445, 0.000000000000000000, 0.8660254037844387076 ) ) ;
#628 = ADVANCED_FACE ( 'NONE', ( #3543 ), #5364, .F. ) ;
#629 = ORIENTED_EDGE ( 'NONE', *, *, #2669, .T. ) ;
#630 = DIRECTION ( 'NONE',  ( -0.8660254037844384856, -3.469446951953614189E-15, 0.5000000000000004441 ) ) ;
#631 = VERTEX_POINT ( 'NONE', #4473 ) ;
#632 = ORIENTED_EDGE ( 'NONE', *, *, #3840, .F. ) ;
#633 = DIRECTION ( 'NONE',  ( 0.4999999999999999445, 0.000000000000000000, 0.8660254037844387076 ) ) ;
#634 = DIRECTION ( 'NONE',  ( 0.000000000000000000, 0.000000000000000000, -1.000000000000000000 ) ) ;
#635 = CARTESIAN_POINT ( 'NONE',  ( -0.4749999999999992562, -2.000000000000000000, -9.108877081724070734 ) ) ;
#636 = DIRECTION ( 'NONE',  ( -0.4999999999999951705, 1.184838168362780796E-15, 0.8660254037844415942 ) ) ;
#637 = LINE ( 'NONE', #2939, #3057 ) ;
#638 = ORIENTED_EDGE ( 'NONE', *, *, #611, .T. ) ;
#639 = DIRECTION ( 'NONE',  ( 1.000000000000000000, 0.000000000000000000, 0.000000000000000000 ) ) ;
#640 = DIRECTION ( 'NONE',  ( 0.1403755459781252934, -0.9900983315263910400, 0.000000000000000000 ) ) ;
#641 = CARTESIAN_POINT ( 'NONE',  ( 9.412260783623850102, -2.299999999999999822, -5.030026108675448526 ) ) ;
#642 =( BOUNDED_SURFACE ( )  B_SPLINE_SURFACE ( 3, 2, ( 
 ( #354, #5026, #814 ),
 ( #328, #3085, #2159 ),
 ( #5889, #5861, #3990 ),
 ( #1798, #5801, #1711 ),
 ( #3536, #2639, #5358 ),
 ( #4919, #4466, #4020 ),
 ( #1741, #3566, #5387 ),
 ( #506, #5161, #5640 ),
 ( #1547, #1155, #643 ),
 ( #2780, #3340, #4271 ) ),
 .UNSPECIFIED., .F., .F., .F. ) 
 B_SPLINE_SURFACE_WITH_KNOTS ( ( 4, 2, 2, 2, 4 ),
 ( 3, 3 ),
 ( 4.712388980384691450, 5.105088062083416034, 5.497787143782140618, 5.890486225480865201, 6.283185307179590673 ),
 ( 0.000000000000000000, 1.000000000000000000 ),
 .UNSPECIFIED. ) 
 GEOMETRIC_REPRESENTATION_ITEM ( )  RATIONAL_B_SPLINE_SURFACE ( (
 ( 1.000000000000000000, 1.000000000000000000, 1.000000000000000000),
 ( 1.000000000000000000, 1.000148311613699326, 1.000000000000000000),
 ( 1.000000000000000000, 0.9883219855915685859, 1.000000000000000000),
 ( 1.000000000000000000, 0.9463101462234626560, 1.000000000000000000),
 ( 1.000000000000000000, 0.9159673863324782062, 1.000000000000000000),
 ( 1.000000000000000000, 0.8509138613480686786, 1.000000000000000000),
 ( 1.000000000000000000, 0.8164136692097891945, 1.000000000000000000),
 ( 1.000000000000000000, 0.7650215021959664297, 1.000000000000000000),
 ( 1.000000000000000000, 0.7486101375368191535, 1.000000000000000000),
 ( 1.000000000000000000, 0.7489557207890095158, 1.000000000000000000) ) ) 
 REPRESENTATION_ITEM ( '' )  SURFACE ( )  );
#643 = CARTESIAN_POINT ( 'NONE',  ( -4.985740819354528064, -1.648747734487987060, -4.708186877133783810 ) ) ;
#644 = CARTESIAN_POINT ( 'NONE',  ( -6.946838408202652637, -2.000000000000000000, 2.105503136666862396 ) ) ;
#645 = CARTESIAN_POINT ( 'NONE',  ( -5.465824867774737861, -1.899832866830821088, 4.706141992742403524 ) ) ;
#646 = VERTEX_POINT ( 'NONE', #880 ) ;
#647 = DIRECTION ( 'NONE',  ( -1.000000000000000000, 0.000000000000000000, 0.000000000000000000 ) ) ;
#648 = DIRECTION ( 'NONE',  ( 0.000000000000000000, 0.000000000000000000, -1.000000000000000000 ) ) ;
#649 = EDGE_CURVE ( 'NONE', #4286, #1524, #4499, .T. ) ;
#650 = EDGE_CURVE ( 'NONE', #1693, #925, #725, .T. ) ;
#651 = DIRECTION ( 'NONE',  ( 0.000000000000000000, 0.000000000000000000, -1.000000000000000000 ) ) ;
#652 = CARTESIAN_POINT ( 'NONE',  ( 8.482781698504123113, -2.299999999999999822, -3.993391108675447665 ) ) ;
#653 = EDGE_LOOP ( 'NONE', ( #1677, #4521, #4516 ) ) ;
#654 = DIRECTION ( 'NONE',  ( 1.000000000000000000, 0.000000000000000000, 0.000000000000000000 ) ) ;
#655 = ORIENTED_EDGE ( 'NONE', *, *, #4503, .T. ) ;
#656 = DIRECTION ( 'NONE',  ( 1.000000000000000000, -0.000000000000000000, -0.000000000000000000 ) ) ;
#657 = ORIENTED_EDGE ( 'NONE', *, *, #5791, .F. ) ;
#658 = ORIENTED_EDGE ( 'NONE', *, *, #3804, .F. ) ;
#659 = VECTOR ( 'NONE', #3557, 1000.000000000000000 ) ;
#660 = DIRECTION ( 'NONE',  ( 0.4999999999999998890, 0.000000000000000000, -0.8660254037844387076 ) ) ;
#661 = ADVANCED_FACE ( 'NONE', ( #424 ), #305, .T. ) ;
#662 = CARTESIAN_POINT ( 'NONE',  ( -6.603010335502699668, -1.648747737362059151, -1.906993906338601885 ) ) ;
#663 = DIRECTION ( 'NONE',  ( 1.000000000000000000, 2.168404344971008868E-16, 0.000000000000000000 ) ) ;
#664 = CYLINDRICAL_SURFACE ( 'NONE', #3438, 4.000000000000000000 ) ;
#665 = AXIS2_PLACEMENT_3D ( 'NONE', #4801, #1118, #5213 ) ;
#666 = DIRECTION ( 'NONE',  ( 0.8660254037844387076, 0.000000000000000000, 0.4999999999999999445 ) ) ;
#667 = AXIS2_PLACEMENT_3D ( 'NONE', #5146, #1057, #2878 ) ;
#668 = ORIENTED_EDGE ( 'NONE', *, *, #3767, .T. ) ;
#669 = DIRECTION ( 'NONE',  ( 0.8660254037844385966, 0.000000000000000000, -0.5000000000000000000 ) ) ;
#670 = ADVANCED_FACE ( 'NONE', ( #1383 ), #3295, .T. ) ;
#671 = CIRCLE ( 'NONE', #4023, 0.5000000000000000000 ) ;
#672 = CARTESIAN_POINT ( 'NONE',  ( 0.8500000000000018652, 0.000000000000000000, -11.16627000000000081 ) ) ;
#673 = FACE_OUTER_BOUND ( 'NONE', #4462, .T. ) ;
#674 = AXIS2_PLACEMENT_3D ( 'NONE', #2961, #1975, #5233 ) ;
#675 = AXIS2_PLACEMENT_3D ( 'NONE', #4131, #2331, #160 ) ;
#676 = DIRECTION ( 'NONE',  ( 0.5000000000000004441, 0.000000000000000000, -0.8660254037844384856 ) ) ;
#677 = CARTESIAN_POINT ( 'NONE',  ( 5.186561294838109681, -0.03982262405829773561, 7.990841527588285587 ) ) ;
#678 = CARTESIAN_POINT ( 'NONE',  ( -3.952202413265218262, -1.653574242655799775, -6.499513149426380032 ) ) ;
#679 = VERTEX_POINT ( 'NONE', #1922 ) ;
#680 =( BOUNDED_SURFACE ( )  B_SPLINE_SURFACE ( 3, 2, ( 
 ( #4176, #522, #2348 ),
 ( #2795, #2231, #2259 ),
 ( #1811, #4089, #5517 ),
 ( #40, #972, #1304 ),
 ( #4597, #1899, #4060 ),
 ( #4119, #461, #3639 ),
 ( #3123, #1394, #4986 ),
 ( #5071, #4149, #1781 ),
 ( #5901, #3243, #2764 ),
 ( #5425, #12, #1845 ) ),
 .UNSPECIFIED., .F., .F., .F. ) 
 B_SPLINE_SURFACE_WITH_KNOTS ( ( 4, 2, 2, 2, 4 ),
 ( 3, 3 ),
 ( 6.283185307179586232, 6.675884388878310816, 7.068583470577035399, 7.461282552275759983, 7.853981633974483678 ),
 ( 0.000000000000000000, 1.000000000000000000 ),
 .UNSPECIFIED. ) 
 GEOMETRIC_REPRESENTATION_ITEM ( )  RATIONAL_B_SPLINE_SURFACE ( (
 ( 1.000000000000000000, 0.7489557207890142898, 1.000000000000000000),
 ( 1.000000000000000000, 0.7486101375368015010, 1.000000000000000000),
 ( 1.000000000000000000, 0.7650215021960140582, 1.000000000000000000),
 ( 1.000000000000000000, 0.8164136692097616610, 1.000000000000000000),
 ( 1.000000000000000000, 0.8509138613480526914, 1.000000000000000000),
 ( 1.000000000000000000, 0.9159673863325032972, 1.000000000000000000),
 ( 1.000000000000000000, 0.9463101462235133932, 1.000000000000000000),
 ( 1.000000000000000000, 0.9883219855915253982, 1.000000000000000000),
 ( 1.000000000000000000, 1.000148311613733965, 1.000000000000000000),
 ( 1.000000000000000000, 1.000000000000000000, 1.000000000000000000) ) ) 
 REPRESENTATION_ITEM ( '' )  SURFACE ( )  );
#681 = LINE ( 'NONE', #1582, #5231 ) ;
#682 = CARTESIAN_POINT ( 'NONE',  ( 1.649999999999999911, -1.648747737362059151, 6.671871645165847298 ) ) ;
#683 = CARTESIAN_POINT ( 'NONE',  ( -0.8499999999999986455, 3.122849337825750912E-16, -9.592999999999999972 ) ) ;
#684 = CARTESIAN_POINT ( 'NONE',  ( -8.016756294719687759, -1.175632637425476363E-15, -3.300570785647901850 ) ) ;
#685 = ORIENTED_EDGE ( 'NONE', *, *, #5113, .T. ) ;
#686 = CARTESIAN_POINT ( 'NONE',  ( 5.249845997741272363, -2.000000000000000000, -9.092999999999998195 ) ) ;
#687 = EDGE_LOOP ( 'NONE', ( #811, #2990, #3891, #3385 ) ) ;
#688 = DIRECTION ( 'NONE',  ( -0.8660254037844390407, 0.000000000000000000, 0.4999999999999993339 ) ) ;
#689 = EDGE_CURVE ( 'NONE', #2870, #5351, #3489, .T. ) ;
#690 = ORIENTED_EDGE ( 'NONE', *, *, #2746, .T. ) ;
#691 = ORIENTED_EDGE ( 'NONE', *, *, #1535, .T. ) ;
#692 = LINE ( 'NONE', #2875, #5214 ) ;
#693 = AXIS2_PLACEMENT_3D ( 'NONE', #312, #369, #3009 ) ;
#694 = DIRECTION ( 'NONE',  ( -0.000000000000000000, 1.000000000000000000, 0.000000000000000000 ) ) ;
#695 = PLANE ( 'NONE',  #3451 ) ;
#696 = CARTESIAN_POINT ( 'NONE',  ( -7.648923628102226147, -2.000000000000000000, 0.1902995886567166173 ) ) ;
#697 = CARTESIAN_POINT ( 'NONE',  ( 13.28608875207182649, 1.408343819019457261E-16, -6.342821298349785586 ) ) ;
#698 = ADVANCED_FACE ( 'NONE', ( #3688 ), #4193, .T. ) ;
#699 = EDGE_CURVE ( 'NONE', #5031, #1803, #3680, .T. ) ;
#700 = ORIENTED_EDGE ( 'NONE', *, *, #836, .T. ) ;
#701 = AXIS2_PLACEMENT_3D ( 'NONE', #686, #4403, #2480 ) ;
#702 = DIRECTION ( 'NONE',  ( -1.000000000000000000, 0.000000000000000000, 0.000000000000000000 ) ) ;
#703 = AXIS2_PLACEMENT_3D ( 'NONE', #1487, #3189, #5127 ) ;
#704 = CARTESIAN_POINT ( 'NONE',  ( -5.001925607022417175, 0.000000000000000000, -8.300860712957430110 ) ) ;
#705 = CARTESIAN_POINT ( 'NONE',  ( 4.147126684253998441, -2.000000000000000000, -6.871453818240008005 ) ) ;
#706 = ADVANCED_FACE ( 'NONE', ( #539 ), #4558, .F. ) ;
#707 = AXIS2_PLACEMENT_3D ( 'NONE', #1577, #2410, #1124 ) ;
#708 = CARTESIAN_POINT ( 'NONE',  ( 5.971533834228303306, -2.000000000000000000, -6.842999999999998195 ) ) ;
#709 = CARTESIAN_POINT ( 'NONE',  ( -6.808550953419118201, -1.899832866830802214, 2.380472191758522538 ) ) ;
#710 = CARTESIAN_POINT ( 'NONE',  ( 9.062260783623850458, 0.000000000000000000, -5.636243891324555833 ) ) ;
#711 = ORIENTED_EDGE ( 'NONE', *, *, #4325, .F. ) ;
#712 = DIRECTION ( 'NONE',  ( -0.5000000000000008882, 0.000000000000000000, 0.8660254037844382635 ) ) ;
#713 = CIRCLE ( 'NONE', #999, 0.5000000000000004441 ) ;
#714 = CC_DESIGN_PERSON_AND_ORGANIZATION_ASSIGNMENT ( #2168, #1749, ( #2023 ) ) ;
#715 = CARTESIAN_POINT ( 'NONE',  ( -8.699768996611902949, 0.000000000000000000, 3.117558083755674669 ) ) ;
#716 = DIRECTION ( 'NONE',  ( 0.1403755459781248494, 0.9900983315263910400, 1.714168861259122549E-17 ) ) ;
#717 = VERTEX_POINT ( 'NONE', #5003 ) ;
#718 = DIRECTION ( 'NONE',  ( 0.8660254037844387076, 0.000000000000000000, 0.4999999999999999445 ) ) ;
#719 = ORIENTED_EDGE ( 'NONE', *, *, #244, .T. ) ;
#720 = DIRECTION ( 'NONE',  ( -0.1055419473313874423, -0.9925461516413219831, -0.06093467170257391152 ) ) ;
#721 = VERTEX_POINT ( 'NONE', #3266 ) ;
#722 = AXIS2_PLACEMENT_3D ( 'NONE', #929, #25, #420 ) ;
#723 = ORIENTED_EDGE ( 'NONE', *, *, #2380, .T. ) ;
#724 = DIRECTION ( 'NONE',  ( 0.000000000000000000, 0.000000000000000000, -1.000000000000000000 ) ) ;
#725 = CIRCLE ( 'NONE', #3778, 4.000000000000000000 ) ;
#726 = DIRECTION ( 'NONE',  ( -0.000000000000000000, 0.000000000000000000, -1.000000000000000000 ) ) ;
#727 = CARTESIAN_POINT ( 'NONE',  ( -2.125819880511948482E-14, 12.00000000000000000, -6.001300443706292675 ) ) ;
#728 = CARTESIAN_POINT ( 'NONE',  ( 9.062260783623846905, -2.299999999999999822, 5.636243891324553168 ) ) ;
#729 = DIRECTION ( 'NONE',  ( 1.000000000000000000, -1.836970198721029688E-16, -0.000000000000000000 ) ) ;
#730 = ORIENTED_EDGE ( 'NONE', *, *, #3968, .F. ) ;
#731 = LINE ( 'NONE', #184, #5243 ) ;
#732 = EDGE_CURVE ( 'NONE', #1921, #5838, #2340, .T. ) ;
#733 = EDGE_CURVE ( 'NONE', #4606, #3955, #5494, .T. ) ;
#734 = CARTESIAN_POINT ( 'NONE',  ( 7.904580156411900482, -2.000000000000000000, 0.4466457682385925332 ) ) ;
#735 = CARTESIAN_POINT ( 'NONE',  ( 0.000000000000000000, 0.000000000000000000, 0.000000000000000000 ) ) ;
#736 = EDGE_CURVE ( 'NONE', #3220, #4127, #3793, .T. ) ;
#737 = CARTESIAN_POINT ( 'NONE',  ( 9.062260783623846905, -2.299999999999999822, 6.136243891324554056 ) ) ;
#738 = CARTESIAN_POINT ( 'NONE',  ( 0.3500000000000011435, -2.299999999999999822, -9.092999999999998195 ) ) ;
#739 = CARTESIAN_POINT ( 'NONE',  ( 1.350000000000001421, 0.000000000000000000, -9.092999999999998195 ) ) ;
#740 = ORIENTED_EDGE ( 'NONE', *, *, #1024, .F. ) ;
#741 = DIRECTION ( 'NONE',  ( 0.5000000000000071054, 6.123233995736767268E-17, 0.8660254037844344888 ) ) ;
#742 = VECTOR ( 'NONE', #5224, 1000.000000000000000 ) ;
#743 = CARTESIAN_POINT ( 'NONE',  ( 9.845273485516068845, 9.184850993605169392E-17, -5.280026108675449414 ) ) ;
#744 = CARTESIAN_POINT ( 'NONE',  ( 10.49969199548253584, -2.000000000000000000, -5.202235235932762518E-15 ) ) ;
#745 = FACE_OUTER_BOUND ( 'NONE', #4433, .T. ) ;
#746 = ORIENTED_EDGE ( 'NONE', *, *, #5708, .T. ) ;
#747 = CARTESIAN_POINT ( 'NONE',  ( -7.904580156411904035, -2.000000000000000000, 0.4466457682385946426 ) ) ;
#748 = ORIENTED_EDGE ( 'NONE', *, *, #62, .F. ) ;
#749 = CARTESIAN_POINT ( 'NONE',  ( 7.882781698504124357, 3.122849337825750912E-16, -5.532621593216773270 ) ) ;
#750 = EDGE_LOOP ( 'NONE', ( #5305, #4671, #1165, #5617, #3865, #1293, #1972, #2728, #2931, #4154, #4015, #43, #450, #4175, #3023, #4812, #1420, #1186, #1326, #700, #4575, #4856, #3442, #4710, #4615, #4573, #3594, #229, #4660, #2089, #1793, #4563, #3403, #590, #1570, #4315, #3446, #4182, #158 ) ) ;
#751 = ORIENTED_EDGE ( 'NONE', *, *, #3436, .F. ) ;
#752 = DIRECTION ( 'NONE',  ( 0.000000000000000000, 0.000000000000000000, -1.000000000000000000 ) ) ;
#753 = CARTESIAN_POINT ( 'NONE',  ( -3.464852426661682916, 12.12186934340514810, -6.993846595347602779 ) ) ;
#754 = PLANE ( 'NONE',  #2956 ) ;
#755 = FACE_OUTER_BOUND ( 'NONE', #2059, .T. ) ;
#756 = ORIENTED_EDGE ( 'NONE', *, *, #2266, .T. ) ;
#757 = EDGE_CURVE ( 'NONE', #3618, #51, #4170, .T. ) ;
#758 = DIRECTION ( 'NONE',  ( -0.9900983315263911511, 0.1403755459781245440, 0.000000000000000000 ) ) ;
#759 = AXIS2_PLACEMENT_3D ( 'NONE', #1222, #4819, #3526 ) ;
#760 = APPROVAL_DATE_TIME ( #399, #458 ) ;
#761 = EDGE_CURVE ( 'NONE', #4284, #1960, #3692, .T. ) ;
#762 = CIRCLE ( 'NONE', #3247, 0.5000000000000004441 ) ;
#763 = AXIS2_PLACEMENT_3D ( 'NONE', #4553, #4078, #4998 ) ;
#764 = DIRECTION ( 'NONE',  ( 0.000000000000000000, 0.000000000000000000, 1.000000000000000000 ) ) ;
#765 = DIRECTION ( 'NONE',  ( -0.000000000000000000, -1.000000000000000000, -0.000000000000000000 ) ) ;
#766 = AXIS2_PLACEMENT_3D ( 'NONE', #3954, #2604, #4405 ) ;
#767 = EDGE_LOOP ( 'NONE', ( #4520, #2613, #3992, #4853 ) ) ;
#768 = VECTOR ( 'NONE', #4447, 1000.000000000000000 ) ;
#769 = EDGE_CURVE ( 'NONE', #871, #788, #5106, .T. ) ;
#770 = ADVANCED_FACE ( 'NONE', ( #5088 ), #2398, .T. ) ;
#771 = DIRECTION ( 'NONE',  ( -0.000000000000000000, 1.000000000000000000, 0.000000000000000000 ) ) ;
#772 = LINE ( 'NONE', #5760, #1769 ) ;
#773 = AXIS2_PLACEMENT_3D ( 'NONE', #2138, #4926, #1600 ) ;
#774 = FACE_OUTER_BOUND ( 'NONE', #3658, .T. ) ;
#775 = LINE ( 'NONE', #2599, #2096 ) ;
#776 = VERTEX_POINT ( 'NONE', #4227 ) ;
#777 = DIRECTION ( 'NONE',  ( 0.07018777298906221651, -0.9900983315263910400, -0.1215687888871668926 ) ) ;
#778 = ORIENTED_EDGE ( 'NONE', *, *, #5791, .T. ) ;
#779 = LINE ( 'NONE', #3473, #4688 ) ;
#780 = ADVANCED_FACE ( 'NONE', ( #3207 ), #116, .F. ) ;
#781 = ORIENTED_EDGE ( 'NONE', *, *, #38, .T. ) ;
#782 = VERTEX_POINT ( 'NONE', #3659 ) ;
#783 = SPHERICAL_SURFACE ( 'NONE', #1873, 0.5000000000000000000 ) ;
#784 = FACE_OUTER_BOUND ( 'NONE', #473, .T. ) ;
#785 = CARTESIAN_POINT ( 'NONE',  ( -7.904580156411904035, -2.000000000000000000, 0.4466457682385946426 ) ) ;
#786 = CARTESIAN_POINT ( 'NONE',  ( -6.427691488543636922, -1.175632637425476363E-15, -1.805773522852771595 ) ) ;
#787 = DIRECTION ( 'NONE',  ( 0.000000000000000000, 1.000000000000000000, 0.000000000000000000 ) ) ;
#788 = VERTEX_POINT ( 'NONE', #5482 ) ;
#789 = DIRECTION ( 'NONE',  ( 0.1403755459781248771, 0.9900983315263911511, 1.714168861259122857E-17 ) ) ;
#790 = FACE_OUTER_BOUND ( 'NONE', #4391, .T. ) ;
#791 = APPROVAL ( #3908, 'UNSPECIFIED' ) ;
#792 = CIRCLE ( 'NONE', #5661, 0.5000000000000000000 ) ;
#793 = CIRCLE ( 'NONE', #3949, 1.000000000000000000 ) ;
#794 = EDGE_CURVE ( 'NONE', #203, #4097, #486, .T. ) ;
#795 = DIRECTION ( 'NONE',  ( -0.9900983315263911511, 0.1403755459781245440, 0.000000000000000000 ) ) ;
#796 = CARTESIAN_POINT ( 'NONE',  ( 7.699768996611904726, -2.299999999999999822, -4.849608891324553639 ) ) ;
#797 = VERTEX_POINT ( 'NONE', #5063 ) ;
#798 = AXIS2_PLACEMENT_3D ( 'NONE', #1281, #3130, #5761 ) ;
#799 = CARTESIAN_POINT ( 'NONE',  ( -2.940444920982764554, -2.000000000000000000, 5.092999999999999972 ) ) ;
#800 = DIRECTION ( 'NONE',  ( -0.1055419473313870954, -0.9925461516413219831, 0.06093467170257454296 ) ) ;
#801 = EDGE_CURVE ( 'NONE', #3099, #1134, #3396, .T. ) ;
#802 = ADVANCED_FACE ( 'NONE', ( #4348 ), #4796, .F. ) ;
#803 =( BOUNDED_CURVE ( )  B_SPLINE_CURVE ( 3, ( #1275, #3098, #4930, #4061 ),
 .UNSPECIFIED., .F., .T. ) 
 B_SPLINE_CURVE_WITH_KNOTS ( ( 4, 4 ),
 ( 0.000000000000000000, 1.570796326794896558 ),
 .UNSPECIFIED. ) 
 CURVE ( )  GEOMETRIC_REPRESENTATION_ITEM ( )  RATIONAL_B_SPLINE_CURVE ( ( 1.000000000000000000, 0.8047378541243649375, 0.8047378541243649375, 1.000000000000000000 ) ) 
 REPRESENTATION_ITEM ( '' )  );
#804 = CARTESIAN_POINT ( 'NONE',  ( -6.534362496003434551, -1.629059142642315550, -2.154416873143316646 ) ) ;
#805 = CARTESIAN_POINT ( 'NONE',  ( -2.699942782018132537, 10.49999999999999822, 4.676438075984263421 ) ) ;
#806 = ORIENTED_EDGE ( 'NONE', *, *, #3071, .T. ) ;
#807 = CARTESIAN_POINT ( 'NONE',  ( 2.428612866367529932E-14, 13.00000000000000000, -8.673617379884035472E-16 ) ) ;
#808 = ORIENTED_EDGE ( 'NONE', *, *, #1930, .F. ) ;
#809 = CARTESIAN_POINT ( 'NONE',  ( 13.28608875207182649, 1.408343819019457261E-16, -6.342821298349785586 ) ) ;
#810 = ORIENTED_EDGE ( 'NONE', *, *, #550, .F. ) ;
#811 = ORIENTED_EDGE ( 'NONE', *, *, #1397, .F. ) ;
#812 = FACE_OUTER_BOUND ( 'NONE', #3713, .T. ) ;
#813 = EDGE_CURVE ( 'NONE', #1803, #646, #3302, .T. ) ;
#814 = CARTESIAN_POINT ( 'NONE',  ( -5.623457863650175526, -1.500000000000003331, -4.574610530491089122 ) ) ;
#815 = DIRECTION ( 'NONE',  ( -1.084202172485504557E-16, 1.000000000000000000, 0.000000000000000000 ) ) ;
#816 = FACE_OUTER_BOUND ( 'NONE', #2134, .T. ) ;
#817 = LINE ( 'NONE', #3569, #5914 ) ;
#818 = CIRCLE ( 'NONE', #3971, 4.000000000000000000 ) ;
#819 = VERTEX_POINT ( 'NONE', #4288 ) ;
#820 = VECTOR ( 'NONE', #3448, 1000.000000000000000 ) ;
#821 = DIRECTION ( 'NONE',  ( -1.000000000000000000, 0.000000000000000000, 0.000000000000000000 ) ) ;
#822 = AXIS2_PLACEMENT_3D ( 'NONE', #4048, #3564, #1290 ) ;
#823 = CARTESIAN_POINT ( 'NONE',  ( 9.641058328284639600, 0.000000000000000000, -0.1750740741082751628 ) ) ;
#824 = PERSON_AND_ORGANIZATION ( #2951, #4141 ) ;
#825 = CARTESIAN_POINT ( 'NONE',  ( 0.8500000000000013101, -1.500000000000000000, -9.592999999999999972 ) ) ;
#826 = DIRECTION ( 'NONE',  ( -0.000000000000000000, 1.000000000000000000, 0.000000000000000000 ) ) ;
#827 = ORIENTED_EDGE ( 'NONE', *, *, #5102, .F. ) ;
#828 = LINE ( 'NONE', #2983, #2558 ) ;
#829 = DIRECTION ( 'NONE',  ( 3.469446951953611033E-15, 0.000000000000000000, -1.000000000000000000 ) ) ;
#830 = CARTESIAN_POINT ( 'NONE',  ( 9.344991457103285271, -2.000000000000000000, -2.000000000000002665 ) ) ;
#831 = FACE_OUTER_BOUND ( 'NONE', #3234, .T. ) ;
#832 = ORIENTED_EDGE ( 'NONE', *, *, #887, .T. ) ;
#833 = VERTEX_POINT ( 'NONE', #1114 ) ;
#834 = LINE ( 'NONE', #262, #574 ) ;
#835 = ORIENTED_EDGE ( 'NONE', *, *, #2202, .T. ) ;
#836 = EDGE_CURVE ( 'NONE', #1938, #2356, #1532, .T. ) ;
#837 = VERTEX_POINT ( 'NONE', #3867 ) ;
#838 = EDGE_CURVE ( 'NONE', #2822, #1008, #1621, .T. ) ;
#839 = CARTESIAN_POINT ( 'NONE',  ( -4.339096659993389338, -2.000000000000000000, -6.622244337583783391 ) ) ;
#840 =( BOUNDED_CURVE ( )  B_SPLINE_CURVE ( 3, ( #932, #3174, #3233, #5059 ),
 .UNSPECIFIED., .F., .T. ) 
 B_SPLINE_CURVE_WITH_KNOTS ( ( 4, 4 ),
 ( 2.622292039550163878, 3.660893267629422798 ),
 .UNSPECIFIED. ) 
 CURVE ( )  GEOMETRIC_REPRESENTATION_ITEM ( )  RATIONAL_B_SPLINE_CURVE ( ( 1.000000000000000000, 0.9121109855992488580, 0.9121109855992488580, 1.000000000000000000 ) ) 
 REPRESENTATION_ITEM ( '' )  );
#841 = CARTESIAN_POINT ( 'NONE',  ( 7.904580156411902259, -2.000000000000000000, -0.4466457682385963079 ) ) ;
#842 = LINE ( 'NONE', #2551, #5871 ) ;
#843 = EDGE_LOOP ( 'NONE', ( #4254, #4232, #3836, #1431 ) ) ;
#844 = DIRECTION ( 'NONE',  ( 0.4999999999999997780, 0.000000000000000000, 0.8660254037844387076 ) ) ;
#845 = DIRECTION ( 'NONE',  ( 2.168404344971008868E-16, -1.000000000000000000, 0.000000000000000000 ) ) ;
#846 = VERTEX_POINT ( 'NONE', #2966 ) ;
#847 = EDGE_CURVE ( 'NONE', #4484, #231, #236, .T. ) ;
#848 = EDGE_CURVE ( 'NONE', #1177, #1259, #1480, .T. ) ;
#849 = DIRECTION ( 'NONE',  ( 0.000000000000000000, 0.000000000000000000, -1.000000000000000000 ) ) ;
#850 = DIRECTION ( 'NONE',  ( 1.000000000000000000, 0.000000000000000000, -1.044968287512912559E-14 ) ) ;
#851 = CARTESIAN_POINT ( 'NONE',  ( 12.13608875207182436, 0.000000000000000000, -8.334679727053995180 ) ) ;
#852 = CARTESIAN_POINT ( 'NONE',  ( -6.616756294719683851, 0.000000000000000000, 5.725441916244325746 ) ) ;
#853 = EDGE_CURVE ( 'NONE', #5523, #4670, #265, .T. ) ;
#854 = AXIS2_PLACEMENT_3D ( 'NONE', #3030, #609, #669 ) ;
#855 = CARTESIAN_POINT ( 'NONE',  ( -6.616756294719680298, -2.000000000000000000, 5.725441916244322194 ) ) ;
#856 = LINE ( 'NONE', #4452, #4711 ) ;
#857 = EDGE_LOOP ( 'NONE', ( #3415, #1298, #4613, #3182 ) ) ;
#858 = VECTOR ( 'NONE', #1232, 1000.000000000000000 ) ;
#859 =( BOUNDED_SURFACE ( )  B_SPLINE_SURFACE ( 3, 2, ( 
 ( #3309, #5643, #1006 ),
 ( #2411, #2382, #1991 ),
 ( #2443, #1964, #3791 ),
 ( #162, #4181, #1935 ),
 ( #1549, #1100, #3762 ),
 ( #2830, #4631, #645 ),
 ( #4748, #3375, #4693 ),
 ( #5099, #3343, #192 ),
 ( #3734, #528, #5581 ),
 ( #589, #4273, #2021 ) ),
 .UNSPECIFIED., .F., .F., .F. ) 
 B_SPLINE_SURFACE_WITH_KNOTS ( ( 4, 2, 2, 2, 4 ),
 ( 3, 3 ),
 ( 4.712388980384691450, 5.105088062083416034, 5.497787143782140618, 5.890486225480865201, 6.283185307179589785 ),
 ( 0.000000000000000000, 1.000000000000000000 ),
 .UNSPECIFIED. ) 
 GEOMETRIC_REPRESENTATION_ITEM ( )  RATIONAL_B_SPLINE_SURFACE ( (
 ( 1.000000000000000000, 1.000000000000000000, 1.000000000000000000),
 ( 1.000000000000000000, 1.000148311613690222, 1.000000000000000000),
 ( 1.000000000000000000, 0.9883219855915784668, 1.000000000000000000),
 ( 1.000000000000000000, 0.9463101462234481120, 1.000000000000000000),
 ( 1.000000000000000000, 0.9159673863324406806, 1.000000000000000000),
 ( 1.000000000000000000, 0.8509138613480997648, 1.000000000000000000),
 ( 1.000000000000000000, 0.8164136692097285763, 1.000000000000000000),
 ( 1.000000000000000000, 0.7650215021960224959, 1.000000000000000000),
 ( 1.000000000000000000, 0.7486101375367714139, 1.000000000000000000),
 ( 1.000000000000000000, 0.7489557207889884216, 1.000000000000000000) ) ) 
 REPRESENTATION_ITEM ( '' )  SURFACE ( )  );
#860 = VECTOR ( 'NONE', #2249, 1000.000000000000000 ) ;
#861 = CARTESIAN_POINT ( 'NONE',  ( 7.632781698504119916, -1.500000000000000000, 5.465634295108991125 ) ) ;
#862 = FACE_OUTER_BOUND ( 'NONE', #870, .T. ) ;
#863 = AXIS2_PLACEMENT_3D ( 'NONE', #2811, #4556, #1440 ) ;
#864 = CARTESIAN_POINT ( 'NONE',  ( -7.299768996611901706, -1.499999999999999778, 5.542429214352105227 ) ) ;
#865 = CIRCLE ( 'NONE', #5823, 0.4000000000000001332 ) ;
#866 = CARTESIAN_POINT ( 'NONE',  ( 3.905078784743219344, -1.658855474347328718, -6.582430575692029606 ) ) ;
#867 = ORIENTED_EDGE ( 'NONE', *, *, #2646, .T. ) ;
#868 = VERTEX_POINT ( 'NONE', #4764 ) ;
#869 = FACE_OUTER_BOUND ( 'NONE', #1976, .T. ) ;
#870 = EDGE_LOOP ( 'NONE', ( #1002, #1883, #5604, #2584 ) ) ;
#871 = VERTEX_POINT ( 'NONE', #5655 ) ;
#872 = AXIS2_PLACEMENT_3D ( 'NONE', #5337, #4004, #1752 ) ;
#873 = CARTESIAN_POINT ( 'NONE',  ( 1.649999999999999911, -2.000000000000000000, 8.592999999999999972 ) ) ;
#874 = CARTESIAN_POINT ( 'NONE',  ( 7.904580156411900482, -1.600000000000000089, 0.4466457682385925332 ) ) ;
#875 = ADVANCED_FACE ( 'NONE', ( #2097 ), #3359, .T. ) ;
#876 = FACE_OUTER_BOUND ( 'NONE', #843, .T. ) ;
#877 = CARTESIAN_POINT ( 'NONE',  ( -2.699942782018132093, 10.49999999999999822, 4.676438075984263421 ) ) ;
#878 = DIRECTION ( 'NONE',  ( 0.000000000000000000, -1.000000000000000000, -0.000000000000000000 ) ) ;
#879 = VERTEX_POINT ( 'NONE', #1052 ) ;
#880 = CARTESIAN_POINT ( 'NONE',  ( -2.699942782018126763, 11.00000000000000000, -4.676438075984266085 ) ) ;
#881 = CARTESIAN_POINT ( 'NONE',  ( 1.149999999999999911, 1.408343819019456028E-16, 8.592999999999999972 ) ) ;
#882 = ADVANCED_FACE ( 'NONE', ( #4735 ), #1139, .T. ) ;
#883 = LINE ( 'NONE', #4057, #1429 ) ;
#884 = ADVANCED_FACE ( 'NONE', ( #1084 ), #1581, .T. ) ;
#885 = CARTESIAN_POINT ( 'NONE',  ( 2.940444920982768551, -2.000000000000000000, -9.092999999999998195 ) ) ;
#886 = DIRECTION ( 'NONE',  ( -0.4999999999999950040, 0.000000000000000000, 0.8660254037844414832 ) ) ;
#887 = EDGE_CURVE ( 'NONE', #3394, #346, #692, .T. ) ;
#888 = DIRECTION ( 'NONE',  ( 0.000000000000000000, 0.000000000000000000, -1.000000000000000000 ) ) ;
#889 = ORIENTED_EDGE ( 'NONE', *, *, #2844, .T. ) ;
#890 = CIRCLE ( 'NONE', #3664, 0.5000000000000004441 ) ;
#891 = CARTESIAN_POINT ( 'NONE',  ( 10.09527348551606885, -2.299999999999999822, -4.847013406783228895 ) ) ;
#892 = DIRECTION ( 'NONE',  ( 0.000000000000000000, 0.000000000000000000, -1.000000000000000000 ) ) ;
#893 = CIRCLE ( 'NONE', #121, 0.5000000000000000000 ) ;
#894 = CARTESIAN_POINT ( 'NONE',  ( -6.616756294719678522, -1.500000000000000000, -5.725441916244326634 ) ) ;
#895 = ORIENTED_EDGE ( 'NONE', *, *, #515, .F. ) ;
#896 =( BOUNDED_CURVE ( )  B_SPLINE_CURVE ( 3, ( #392, #2221, #4052, #5864 ),
 .UNSPECIFIED., .F., .T. ) 
 B_SPLINE_CURVE_WITH_KNOTS ( ( 4, 4 ),
 ( 3.141592653589794448, 4.712388980384690562 ),
 .UNSPECIFIED. ) 
 CURVE ( )  GEOMETRIC_REPRESENTATION_ITEM ( )  RATIONAL_B_SPLINE_CURVE ( ( 1.000000000000000000, 0.8047378541243650485, 0.8047378541243650485, 1.000000000000000000 ) ) 
 REPRESENTATION_ITEM ( '' )  );
#897 = EDGE_LOOP ( 'NONE', ( #4006, #4913, #3167 ) ) ;
#898 = ORIENTED_EDGE ( 'NONE', *, *, #1937, .T. ) ;
#899 = ORIENTED_EDGE ( 'NONE', *, *, #248, .T. ) ;
#900 = CARTESIAN_POINT ( 'NONE',  ( 9.513552407926164634, -0.03982262405829766622, -0.4962730758206577719 ) ) ;
#901 = DIRECTION ( 'NONE',  ( -0.8660254037844385966, 0.000000000000000000, -0.5000000000000001110 ) ) ;
#902 = CARTESIAN_POINT ( 'NONE',  ( 2.940444920982763222, -1.500000000000000000, 9.092999999999999972 ) ) ;
#903 = CARTESIAN_POINT ( 'NONE',  ( 8.368108886420364101, -1.920564974045625206, -4.002087196147761539 ) ) ;
#904 = DIRECTION ( 'NONE',  ( -1.000000000000000000, -0.000000000000000000, -0.000000000000000000 ) ) ;
#905 = ORIENTED_EDGE ( 'NONE', *, *, #3913, .T. ) ;
#906 = DIRECTION ( 'NONE',  ( 0.000000000000000000, 1.000000000000000000, 0.000000000000000000 ) ) ;
#907 = CARTESIAN_POINT ( 'NONE',  ( -4.897214887076897227, -2.294507358588016847E-16, 8.482225000000049420 ) ) ;
#908 = AXIS2_PLACEMENT_3D ( 'NONE', #3620, #1829, #1404 ) ;
#909 = CARTESIAN_POINT ( 'NONE',  ( -1.149999999999999467, -1.500000000000000000, 7.157362632277970427 ) ) ;
#910 = PLANE ( 'NONE',  #2292 ) ;
#911 = AXIS2_PLACEMENT_3D ( 'NONE', #2457, #2549, #3389 ) ;
#912 =( BOUNDED_CURVE ( )  B_SPLINE_CURVE ( 3, ( #1588, #3471, #4852, #747 ),
 .UNSPECIFIED., .F., .T. ) 
 B_SPLINE_CURVE_WITH_KNOTS ( ( 4, 4 ),
 ( 2.622292039550163434, 3.660893267629423242 ),
 .UNSPECIFIED. ) 
 CURVE ( )  GEOMETRIC_REPRESENTATION_ITEM ( )  RATIONAL_B_SPLINE_CURVE ( ( 1.000000000000000000, 0.9121109855992486359, 0.9121109855992486359, 1.000000000000000000 ) ) 
 REPRESENTATION_ITEM ( '' )  );
#913 = EDGE_LOOP ( 'NONE', ( #2033, #4916, #3776, #1469 ) ) ;
#914 = AXIS2_PLACEMENT_3D ( 'NONE', #4021, #3116, #5835 ) ;
#915 = EDGE_CURVE ( 'NONE', #962, #776, #5746, .T. ) ;
#916 = ADVANCED_FACE ( 'NONE', ( #5624 ), #2995, .T. ) ;
#917 = CARTESIAN_POINT ( 'NONE',  ( -1.187944145973061527, -1.724964733894905455, 6.958330648567032206 ) ) ;
#918 = LINE ( 'NONE', #584, #3084 ) ;
#919 = ORIENTED_EDGE ( 'NONE', *, *, #3477, .T. ) ;
#920 = EDGE_CURVE ( 'NONE', #1524, #948, #3013, .T. ) ;
#921 = DIRECTION ( 'NONE',  ( -0.5000000000000002220, -0.000000000000000000, 0.8660254037844384856 ) ) ;
#922 = CARTESIAN_POINT ( 'NONE',  ( 0.8500000000000018652, 0.000000000000000000, -11.16627000000000081 ) ) ;
#923 = ORIENTED_EDGE ( 'NONE', *, *, #3759, .F. ) ;
#924 = VERTEX_POINT ( 'NONE', #2905 ) ;
#925 = VERTEX_POINT ( 'NONE', #1710 ) ;
#926 = VERTEX_POINT ( 'NONE', #1261 ) ;
#927 = CARTESIAN_POINT ( 'NONE',  ( 9.417051349242466785, 0.6408196952823514980, 0.4962730758206607140 ) ) ;
#928 = LINE ( 'NONE', #1770, #5542 ) ;
#929 = CARTESIAN_POINT ( 'NONE',  ( -2.940444920982764554, -1.500000000000000000, 5.092999999999999972 ) ) ;
#930 = ORIENTED_EDGE ( 'NONE', *, *, #3245, .T. ) ;
#931 = DIRECTION ( 'NONE',  ( 1.000000000000000000, 0.000000000000000000, 1.652166060416978960E-16 ) ) ;
#932 = CARTESIAN_POINT ( 'NONE',  ( -3.565483496418509368, -2.000000000000000000, -7.068890105822378089 ) ) ;
#933 = ORIENTED_EDGE ( 'NONE', *, *, #5270, .F. ) ;
#934 = DIRECTION ( 'NONE',  ( -0.8660254037844383745, -0.000000000000000000, -0.5000000000000004441 ) ) ;
#935 = CYLINDRICAL_SURFACE ( 'NONE', #1273, 0.4999999999999996669 ) ;
#936 = DIRECTION ( 'NONE',  ( -0.000000000000000000, -1.000000000000000000, 0.000000000000000000 ) ) ;
#937 = DIRECTION ( 'NONE',  ( 0.000000000000000000, 1.000000000000000000, 0.000000000000000000 ) ) ;
#938 = ADVANCED_FACE ( 'NONE', ( #5385 ), #3113, .T. ) ;
#939 = EDGE_LOOP ( 'NONE', ( #5129, #556, #3040, #98 ) ) ;
#940 = CARTESIAN_POINT ( 'NONE',  ( -1.163013911914196896, -1.538934585290526291, 7.030285806904225332 ) ) ;
#941 = DIRECTION ( 'NONE',  ( 0.000000000000000000, -0.000000000000000000, 1.000000000000000000 ) ) ;
#942 = ADVANCED_FACE ( 'NONE', ( #4942 ), #5325, .T. ) ;
#943 = ORIENTED_EDGE ( 'NONE', *, *, #1452, .F. ) ;
#944 = DIRECTION ( 'NONE',  ( 0.8660254037844381525, 0.000000000000000000, 0.5000000000000007772 ) ) ;
#945 = VECTOR ( 'NONE', #3163, 1000.000000000000114 ) ;
#946 = ADVANCED_FACE ( 'NONE', ( #812 ), #783, .T. ) ;
#947 = DIRECTION ( 'NONE',  ( -0.5000000000000002220, -0.000000000000000000, 0.8660254037844384856 ) ) ;
#948 = VERTEX_POINT ( 'NONE', #5859 ) ;
#949 = EDGE_CURVE ( 'NONE', #3070, #324, #438, .T. ) ;
#950 = ORIENTED_EDGE ( 'NONE', *, *, #3066, .T. ) ;
#951 = CIRCLE ( 'NONE', #2477, 0.5000000000000004441 ) ;
#952 = VERTEX_POINT ( 'NONE', #839 ) ;
#953 = ORIENTED_EDGE ( 'NONE', *, *, #1053, .F. ) ;
#954 = CIRCLE ( 'NONE', #3342, 0.5000000000000004441 ) ;
#955 = DIRECTION ( 'NONE',  ( -0.000000000000000000, -0.000000000000000000, 1.000000000000000000 ) ) ;
#956 = CIRCLE ( 'NONE', #2389, 0.4999999999999995559 ) ;
#957 = CYLINDRICAL_SURFACE ( 'NONE', #5455, 0.5000000000000004441 ) ;
#958 = FACE_OUTER_BOUND ( 'NONE', #5412, .T. ) ;
#959 = ORIENTED_EDGE ( 'NONE', *, *, #5075, .T. ) ;
#960 = CARTESIAN_POINT ( 'NONE',  ( 1.649999999999999911, -2.000000000000000000, 7.068890105822375425 ) ) ;
#961 = ADVANCED_FACE ( 'NONE', ( #1768 ), #3595, .T. ) ;
#962 = VERTEX_POINT ( 'NONE', #2607 ) ;
#963 = CIRCLE ( 'NONE', #4308, 3.500000000000000000 ) ;
#964 = DIRECTION ( 'NONE',  ( 1.734723475976805517E-15, -1.000000000000000000, 1.734723475976805517E-15 ) ) ;
#965 = CIRCLE ( 'NONE', #5260, 0.5000000000000004441 ) ;
#966 = ORIENTED_EDGE ( 'NONE', *, *, #5428, .T. ) ;
#967 = DIRECTION ( 'NONE',  ( 0.000000000000000000, 0.000000000000000000, 1.000000000000000000 ) ) ;
#968 = DIRECTION ( 'NONE',  ( 0.4999999999999998890, -0.000000000000000000, -0.8660254037844387076 ) ) ;
#969 = CARTESIAN_POINT ( 'NONE',  ( 3.995268587293441698, -1.648747737362059151, 6.423735107255517107 ) ) ;
#970 = DIRECTION ( 'NONE',  ( -0.4999999999999998335, 0.000000000000000000, -0.8660254037844387076 ) ) ;
#971 = ORIENTED_EDGE ( 'NONE', *, *, #853, .T. ) ;
#972 = CARTESIAN_POINT ( 'NONE',  ( -6.554523299058345742, -1.880804501818895913, -2.288143163961342097 ) ) ;
#973 = CARTESIAN_POINT ( 'NONE',  ( -7.605320494195716208, -1.653626323777505736, -0.1721398167215675012 ) ) ;
#974 = EDGE_LOOP ( 'NONE', ( #193, #3079, #2651 ) ) ;
#975 = AXIS2_PLACEMENT_3D ( 'NONE', #4090, #1846, #3275 ) ;
#976 = LINE ( 'NONE', #5018, #4813 ) ;
#977 = DIRECTION ( 'NONE',  ( 0.000000000000000000, 0.000000000000000000, -1.000000000000000000 ) ) ;
#978 = ORIENTED_EDGE ( 'NONE', *, *, #3622, .T. ) ;
#979 = VERTEX_POINT ( 'NONE', #2635 ) ;
#980 = VECTOR ( 'NONE', #1705, 1000.000000000000000 ) ;
#981 = ORIENTED_EDGE ( 'NONE', *, *, #1353, .T. ) ;
#982 = CARTESIAN_POINT ( 'NONE',  ( -4.324422608411458313, 12.12186934340514810, 6.497573519526995689 ) ) ;
#983 = EDGE_CURVE ( 'NONE', #5560, #5108, #5414, .T. ) ;
#984 = EDGE_CURVE ( 'NONE', #4127, #3529, #1318, .T. ) ;
#985 = VECTOR ( 'NONE', #1819, 1000.000000000000000 ) ;
#986 = DIRECTION ( 'NONE',  ( 1.734723475976807094E-15, 0.000000000000000000, -1.000000000000000000 ) ) ;
#987 = ORIENTED_EDGE ( 'NONE', *, *, #2740, .F. ) ;
#988 = FACE_OUTER_BOUND ( 'NONE', #1589, .T. ) ;
#989 = EDGE_LOOP ( 'NONE', ( #5228, #252, #2554, #2393, #2504, #2634 ) ) ;
#990 = CARTESIAN_POINT ( 'NONE',  ( 9.495273485516069201, -2.299999999999999822, -5.886243891324554944 ) ) ;
#991 = ORIENTED_EDGE ( 'NONE', *, *, #1017, .T. ) ;
#992 = DIRECTION ( 'NONE',  ( 0.000000000000000000, 0.000000000000000000, 1.000000000000000000 ) ) ;
#993 = EDGE_CURVE ( 'NONE', #5319, #4225, #4169, .T. ) ;
#994 = CARTESIAN_POINT ( 'NONE',  ( 9.245273485516065648, -2.299999999999999822, 6.319256593216771911 ) ) ;
#995 = FACE_OUTER_BOUND ( 'NONE', #163, .T. ) ;
#996 = DIRECTION ( 'NONE',  ( -0.000000000000000000, 0.000000000000000000, -1.000000000000000000 ) ) ;
#997 = ORIENTED_EDGE ( 'NONE', *, *, #5849, .F. ) ;
#998 = LINE ( 'NONE', #3787, #54 ) ;
#999 = AXIS2_PLACEMENT_3D ( 'NONE', #4920, #3932, #2186 ) ;
#1000 = DIRECTION ( 'NONE',  ( 0.9900983315263911511, 0.1403755459781254045, 0.000000000000000000 ) ) ;
#1001 = DIRECTION ( 'NONE',  ( 0.5000000000000002220, 0.000000000000000000, -0.8660254037844384856 ) ) ;
#1002 = ORIENTED_EDGE ( 'NONE', *, *, #1216, .T. ) ;
#1003 = VECTOR ( 'NONE', #2752, 1000.000000000000000 ) ;
#1004 = AXIS2_PLACEMENT_3D ( 'NONE', #5115, #3777, #2730 ) ;
#1005 = FACE_OUTER_BOUND ( 'NONE', #1312, .T. ) ;
#1006 = CARTESIAN_POINT ( 'NONE',  ( -5.623457863650189736, -1.500000000000000000, 4.574610530491093563 ) ) ;
#1007 = ORIENTED_EDGE ( 'NONE', *, *, #5809, .T. ) ;
#1008 = VERTEX_POINT ( 'NONE', #873 ) ;
#1009 = PRODUCT ( 'Hexaflex_Unitaire_Conception', 'Hexaflex_Unitaire_Conception', '', ( #2589 ) ) ;
#1010 = DIRECTION ( 'NONE',  ( -0.000000000000000000, -0.000000000000000000, 1.000000000000000000 ) ) ;
#1011 = DIRECTION ( 'NONE',  ( 0.000000000000000000, -1.000000000000000000, -0.000000000000000000 ) ) ;
#1012 = FACE_OUTER_BOUND ( 'NONE', #5360, .T. ) ;
#1013 = ORIENTED_EDGE ( 'NONE', *, *, #521, .T. ) ;
#1014 = CARTESIAN_POINT ( 'NONE',  ( 1.342726085644256218, -1.899832866830803990, 7.086614184500965585 ) ) ;
#1015 = ORIENTED_EDGE ( 'NONE', *, *, #581, .F. ) ;
#1016 = LINE ( 'NONE', #566, #1 ) ;
#1017 = EDGE_CURVE ( 'NONE', #4820, #5679, #2693, .T. ) ;
#1018 = ADVANCED_FACE ( 'NONE', ( #325 ), #418, .F. ) ;
#1019 = ORIENTED_EDGE ( 'NONE', *, *, #2083, .F. ) ;
#1020 = CARTESIAN_POINT ( 'NONE',  ( -3.995268587293443474, -1.648747737362061150, -6.423735107255519772 ) ) ;
#1021 = CARTESIAN_POINT ( 'NONE',  ( 3.876907057608334650, 4.336808689942017736E-16, 6.469430878194189383 ) ) ;
#1022 = CARTESIAN_POINT ( 'NONE',  ( -6.946838408202647308, -2.000000000000000000, 2.105503136666865061 ) ) ;
#1023 = LINE ( 'NONE', #3720, #5441 ) ;
#1024 = EDGE_CURVE ( 'NONE', #952, #3220, #2252, .T. ) ;
#1025 = EDGE_CURVE ( 'NONE', #5202, #3506, #204, .T. ) ;
#1026 = ORIENTED_EDGE ( 'NONE', *, *, #3946, .F. ) ;
#1027 = AXIS2_PLACEMENT_3D ( 'NONE', #314, #2143, #3978 ) ;
#1028 = CARTESIAN_POINT ( 'NONE',  ( 9.794429774153952550, 0.000000000000000000, 0.000000000000000000 ) ) ;
#1029 = DIRECTION ( 'NONE',  ( 0.4999999999999997780, 0.000000000000000000, 0.8660254037844387076 ) ) ;
#1030 = CARTESIAN_POINT ( 'NONE',  ( 3.995268587293444362, -1.648747737362059373, -6.423735107255518884 ) ) ;
#1031 = EDGE_CURVE ( 'NONE', #4225, #2091, #2576, .T. ) ;
#1032 = VERTEX_POINT ( 'NONE', #1685 ) ;
#1033 = DIRECTION ( 'NONE',  ( -1.044968287512912559E-14, 0.000000000000000000, -1.000000000000000000 ) ) ;
#1034 = CARTESIAN_POINT ( 'NONE',  ( 8.024416909654478403, -2.000000000000000000, -0.1557901521562995439 ) ) ;
#1035 = ORIENTED_EDGE ( 'NONE', *, *, #4828, .F. ) ;
#1036 = ORIENTED_EDGE ( 'NONE', *, *, #5548, .T. ) ;
#1037 = CARTESIAN_POINT ( 'NONE',  ( -6.929704853323301883, 12.00000000000000000, 4.912066424673409865E-14 ) ) ;
#1038 = CARTESIAN_POINT ( 'NONE',  ( -2.541245735097962921, 10.56093467170257050, 5.943855575902462718 ) ) ;
#1039 = AXIS2_PLACEMENT_3D ( 'NONE', #852, #1780, #428 ) ;
#1040 = FACE_OUTER_BOUND ( 'NONE', #1264, .T. ) ;
#1041 = CIRCLE ( 'NONE', #4395, 0.4999999999999997224 ) ;
#1042 = CARTESIAN_POINT ( 'NONE',  ( -6.616756294719678522, -1.500000000000000000, -5.725441916244326634 ) ) ;
#1043 = ORIENTED_EDGE ( 'NONE', *, *, #30, .F. ) ;
#1044 = CARTESIAN_POINT ( 'NONE',  ( 1.542089383989426965, -1.999999580790730702, 6.715000370884987468 ) ) ;
#1045 = ORIENTED_EDGE ( 'NONE', *, *, #2602, .T. ) ;
#1046 = CARTESIAN_POINT ( 'NONE',  ( -2.699942782018132537, 10.49999999999999822, 4.676438075984264309 ) ) ;
#1047 = VECTOR ( 'NONE', #2582, 1000.000000000000000 ) ;
#1048 = VERTEX_POINT ( 'NONE', #4891 ) ;
#1049 = EDGE_LOOP ( 'NONE', ( #2774, #1200, #182, #3020 ) ) ;
#1050 =( BOUNDED_CURVE ( )  B_SPLINE_CURVE ( 3, ( #4909, #4457, #5733, #2542 ),
 .UNSPECIFIED., .F., .T. ) 
 B_SPLINE_CURVE_WITH_KNOTS ( ( 4, 4 ),
 ( 3.141592653589793116, 4.712388980384689674 ),
 .UNSPECIFIED. ) 
 CURVE ( )  GEOMETRIC_REPRESENTATION_ITEM ( )  RATIONAL_B_SPLINE_CURVE ( ( 1.000000000000000000, 0.8047378541243649375, 0.8047378541243649375, 1.000000000000000000 ) ) 
 REPRESENTATION_ITEM ( '' )  );
#1051 = VECTOR ( 'NONE', #119, 1000.000000000000000 ) ;
#1052 = CARTESIAN_POINT ( 'NONE',  ( 7.699768996611899396, -2.299999999999999822, 4.849608891324550974 ) ) ;
#1053 = EDGE_CURVE ( 'NONE', #5681, #1945, #4186, .T. ) ;
#1054 = DIRECTION ( 'NONE',  ( -0.000000000000000000, 1.000000000000000000, 0.000000000000000000 ) ) ;
#1055 = AXIS2_PLACEMENT_3D ( 'NONE', #1135, #201, #5596 ) ;
#1056 = LINE ( 'NONE', #1474, #2969 ) ;
#1057 = DIRECTION ( 'NONE',  ( -9.389466242107251341E-17, 1.000000000000000000, 1.626303258728257637E-16 ) ) ;
#1058 = AXIS2_PLACEMENT_3D ( 'NONE', #1173, #726, #2550 ) ;
#1059 = DIRECTION ( 'NONE',  ( 0.4999999999999998890, 0.000000000000000000, 0.8660254037844385966 ) ) ;
#1060 = ORIENTED_EDGE ( 'NONE', *, *, #3212, .F. ) ;
#1061 = DIRECTION ( 'NONE',  ( 1.000000000000000000, 0.000000000000000000, -1.044968287512912559E-14 ) ) ;
#1062 = AXIS2_PLACEMENT_3D ( 'NONE', #339, #3097, #795 ) ;
#1063 = EDGE_CURVE ( 'NONE', #1735, #1101, #4265, .T. ) ;
#1064 = EDGE_CURVE ( 'NONE', #1334, #5595, #2806, .T. ) ;
#1065 = CARTESIAN_POINT ( 'NONE',  ( -1.149999999999999467, -1.499999999999999334, 7.157362632277970427 ) ) ;
#1066 = ORIENTED_EDGE ( 'NONE', *, *, #1462, .T. ) ;
#1067 =( BOUNDED_CURVE ( )  B_SPLINE_CURVE ( 3, ( #5401, #3974, #1668, #3069 ),
 .UNSPECIFIED., .F., .T. ) 
 B_SPLINE_CURVE_WITH_KNOTS ( ( 4, 4 ),
 ( 7.101524229780050098E-15, 1.570796326794901443 ),
 .UNSPECIFIED. ) 
 CURVE ( )  GEOMETRIC_REPRESENTATION_ITEM ( )  RATIONAL_B_SPLINE_CURVE ( ( 1.000000000000000000, 0.8047378541243654926, 0.8047378541243654926, 1.000000000000000000 ) ) 
 REPRESENTATION_ITEM ( '' )  );
#1068 = EDGE_CURVE ( 'NONE', #2974, #3976, #2439, .T. ) ;
#1069 = PLANE ( 'NONE',  #5729 ) ;
#1070 = CARTESIAN_POINT ( 'NONE',  ( -6.640360586412512589, -2.000000000000001776, 1.928558083755672836 ) ) ;
#1071 = CARTESIAN_POINT ( 'NONE',  ( 9.062260783623850458, 0.000000000000000000, -6.136243891324555833 ) ) ;
#1072 = EDGE_LOOP ( 'NONE', ( #3164, #2761, #5526 ) ) ;
#1073 = CARTESIAN_POINT ( 'NONE',  ( 9.062260783623850458, -2.299999999999999822, -5.636243891324555833 ) ) ;
#1074 = CARTESIAN_POINT ( 'NONE',  ( 9.845273485516065293, -8.266082996684815457E-16, 5.280026108675446750 ) ) ;
#1075 = LINE ( 'NONE', #2087, #4332 ) ;
#1076 = CIRCLE ( 'NONE', #5081, 1.000000000000000000 ) ;
#1077 = DIRECTION ( 'NONE',  ( -1.652166060416976988E-16, 0.000000000000000000, 1.000000000000000000 ) ) ;
#1078 = ORIENTED_EDGE ( 'NONE', *, *, #2269, .F. ) ;
#1079 = CARTESIAN_POINT ( 'NONE',  ( 1.295671542042921232, -1.880804501818868824, 6.820455268662169779 ) ) ;
#1080 = EDGE_LOOP ( 'NONE', ( #3987, #1763, #3726, #3905 ) ) ;
#1081 = DIRECTION ( 'NONE',  ( 0.000000000000000000, 0.000000000000000000, 1.000000000000000000 ) ) ;
#1082 = EDGE_LOOP ( 'NONE', ( #442, #1306, #2329 ) ) ;
#1083 = ORIENTED_EDGE ( 'NONE', *, *, #5278, .F. ) ;
#1084 = FACE_OUTER_BOUND ( 'NONE', #598, .T. ) ;
#1085 = VECTOR ( 'NONE', #4343, 1000.000000000000000 ) ;
#1086 = DIRECTION ( 'NONE',  ( 0.000000000000000000, -1.000000000000000000, -0.000000000000000000 ) ) ;
#1087 = B_SPLINE_CURVE_WITH_KNOTS ( 'NONE', 3,
 ( #5317, #1731, #5404, #1220 ),
 .UNSPECIFIED., .F., .F.,
 ( 4, 4 ),
 ( 0.0007221650080849134710, 0.0008589772117191180664 ),
 .UNSPECIFIED. ) ;
#1088 = LINE ( 'NONE', #3842, #3153 ) ;
#1089 = CARTESIAN_POINT ( 'NONE',  ( -7.605320494195716208, -1.653626323777505736, 0.1721398167215673347 ) ) ;
#1090 = CIRCLE ( 'NONE', #2041, 0.5000000000000004441 ) ;
#1091 = EDGE_LOOP ( 'NONE', ( #3077, #3354, #472, #4762 ) ) ;
#1092 = LINE ( 'NONE', #4355, #366 ) ;
#1093 = DIRECTION ( 'NONE',  ( 1.000000000000000000, 1.084202172485504557E-16, 1.652166060416978960E-16 ) ) ;
#1094 = DIRECTION ( 'NONE',  ( 0.000000000000000000, -1.000000000000000000, 0.000000000000000000 ) ) ;
#1095 = EDGE_CURVE ( 'NONE', #1587, #77, #1391, .T. ) ;
#1096 = ADVANCED_FACE ( 'NONE', ( #1884 ), #5782, .T. ) ;
#1097 = LINE ( 'NONE', #4746, #2297 ) ;
#1098 = CARTESIAN_POINT ( 'NONE',  ( -6.766424221988129872, -1.751808886032479862, 2.505822053182754861 ) ) ;
#1099 = VECTOR ( 'NONE', #5773, 1000.000000000000114 ) ;
#1100 = CARTESIAN_POINT ( 'NONE',  ( -5.432119036604475149, -1.724964733894920554, 4.507955132973189727 ) ) ;
#1101 = VERTEX_POINT ( 'NONE', #5442 ) ;
#1102 = AXIS2_PLACEMENT_3D ( 'NONE', #3176, #3235, #967 ) ;
#1103 = EDGE_CURVE ( 'NONE', #3394, #14, #4304, .T. ) ;
#1104 = DIRECTION ( 'NONE',  ( 0.000000000000000000, 0.000000000000000000, -1.000000000000000000 ) ) ;
#1105 = DIRECTION ( 'NONE',  ( 0.000000000000000000, 0.1218693434051475594, -0.9925461516413220942 ) ) ;
#1106 = FACE_OUTER_BOUND ( 'NONE', #1316, .T. ) ;
#1107 = LINE ( 'NONE', #1971, #137 ) ;
#1108 = EDGE_LOOP ( 'NONE', ( #3281, #2359, #1783, #691, #4133, #5420, #492, #5048, #4137 ) ) ;
#1109 = VERTEX_POINT ( 'NONE', #3650 ) ;
#1110 = DIRECTION ( 'NONE',  ( 0.4999999999999998335, -3.755786496842898071E-16, 0.8660254037844387076 ) ) ;
#1111 = ADVANCED_FACE ( 'NONE', ( #2721 ), #4578, .T. ) ;
#1112 = EDGE_LOOP ( 'NONE', ( #3675, #4978, #4904, #482 ) ) ;
#1113 = EDGE_LOOP ( 'NONE', ( #263, #5293, #4404, #1988 ) ) ;
#1114 = CARTESIAN_POINT ( 'NONE',  ( -7.789275035073164766, 12.12186934340514810, 0.4962730758207155590 ) ) ;
#1115 = CARTESIAN_POINT ( 'NONE',  ( 4.339096659993388450, -2.000000000000000000, 6.622244337583781615 ) ) ;
#1116 = FACE_OUTER_BOUND ( 'NONE', #2182, .T. ) ;
#1117 = CARTESIAN_POINT ( 'NONE',  ( -4.935477808824327184, 2.618887597820335422, 4.754755329829915667 ) ) ;
#1118 = DIRECTION ( 'NONE',  ( 1.000000000000000000, 0.000000000000000000, 0.000000000000000000 ) ) ;
#1119 = VERTEX_POINT ( 'NONE', #982 ) ;
#1120 = CARTESIAN_POINT ( 'NONE',  ( 9.062260783623846905, 0.000000000000000000, 5.636243891324553168 ) ) ;
#1121 = DIRECTION ( 'NONE',  ( 0.8660254037844387076, -4.930380657631323784E-32, -0.4999999999999998335 ) ) ;
#1122 = ADVANCED_FACE ( 'NONE', ( #2834 ), #2330, .T. ) ;
#1123 = DIRECTION ( 'NONE',  ( -0.000000000000000000, 0.000000000000000000, 1.000000000000000000 ) ) ;
#1124 = DIRECTION ( 'NONE',  ( 0.000000000000000000, 0.000000000000000000, 1.000000000000000000 ) ) ;
#1125 = CARTESIAN_POINT ( 'NONE',  ( -3.995268587293441698, -1.648747737362059151, -6.423735107255518884 ) ) ;
#1126 = VERTEX_POINT ( 'NONE', #447 ) ;
#1127 = DIRECTION ( 'NONE',  ( 0.07018777298906249407, 0.9900983315263910400, -0.1215687888871666428 ) ) ;
#1128 = CARTESIAN_POINT ( 'NONE',  ( 8.360635421708742854, -1.925077597708594990, 4.004123822405027511 ) ) ;
#1129 = EDGE_CURVE ( 'NONE', #833, #2272, #3739, .T. ) ;
#1130 = EDGE_CURVE ( 'NONE', #423, #2308, #1460, .T. ) ;
#1131 = CARTESIAN_POINT ( 'NONE',  ( 3.876907057608334650, -1.600000000000000089, 7.068890105822376313 ) ) ;
#1132 = DIRECTION ( 'NONE',  ( -0.000000000000000000, 1.000000000000000000, 0.000000000000000000 ) ) ;
#1133 = VERTEX_POINT ( 'NONE', #3285 ) ;
#1134 = VERTEX_POINT ( 'NONE', #5104 ) ;
#1135 = CARTESIAN_POINT ( 'NONE',  ( 9.670273485516069911, 0.000000000000000000, -5.583135000000003956 ) ) ;
#1136 = ORIENTED_EDGE ( 'NONE', *, *, #1875, .F. ) ;
#1137 = CIRCLE ( 'NONE', #2378, 1.000000000000000222 ) ;
#1138 = EDGE_LOOP ( 'NONE', ( #5439, #2123 ) ) ;
#1139 = CYLINDRICAL_SURFACE ( 'NONE', #2434, 0.4999999999999997224 ) ;
#1140 = EDGE_CURVE ( 'NONE', #2899, #2181, #2729, .T. ) ;
#1141 = DIRECTION ( 'NONE',  ( -1.000000000000000000, 2.168404344971009361E-16, 0.000000000000000000 ) ) ;
#1142 = CYLINDRICAL_SURFACE ( 'NONE', #3248, 0.4999999999999996669 ) ;
#1143 = CARTESIAN_POINT ( 'NONE',  ( 12.13608875207182436, 0.000000000000000000, -8.334679727053995180 ) ) ;
#1144 = CIRCLE ( 'NONE', #1905, 0.5000000000000000000 ) ;
#1145 = DIRECTION ( 'NONE',  ( -0.8660254037844387076, 0.000000000000000000, -0.4999999999999998890 ) ) ;
#1146 = CIRCLE ( 'NONE', #5443, 0.5000000000000004441 ) ;
#1147 = EDGE_LOOP ( 'NONE', ( #2792, #3263, #2797, #1136, #2963 ) ) ;
#1148 = DIRECTION ( 'NONE',  ( -0.8660254037844383745, -0.000000000000000000, -0.5000000000000004441 ) ) ;
#1149 = AXIS2_PLACEMENT_3D ( 'NONE', #1499, #2062, #171 ) ;
#1150 = VECTOR ( 'NONE', #1980, 1000.000000000000000 ) ;
#1151 = SPHERICAL_SURFACE ( 'NONE', #1252, 0.5000000000000000000 ) ;
#1152 = CARTESIAN_POINT ( 'NONE',  ( 3.877290225400478629, -2.000000000000000000, -7.027243970396387596 ) ) ;
#1153 = AXIS2_PLACEMENT_3D ( 'NONE', #5856, #1764, #3592 ) ;
#1154 = AXIS2_PLACEMENT_3D ( 'NONE', #5503, #2620, #3490 ) ;
#1155 = CARTESIAN_POINT ( 'NONE',  ( -5.044316215613577903, -1.999999580790799980, -4.692988766883640750 ) ) ;
#1156 = CARTESIAN_POINT ( 'NONE',  ( -6.709428242491807026, -1.585912221601138761, 2.541637232853291017 ) ) ;
#1157 = CARTESIAN_POINT ( 'NONE',  ( -2.699942782018132093, 10.56093467170257227, 5.172711151804924690 ) ) ;
#1158 = ORIENTED_EDGE ( 'NONE', *, *, #983, .T. ) ;
#1159 = DIRECTION ( 'NONE',  ( 0.000000000000000000, 0.000000000000000000, -1.000000000000000000 ) ) ;
#1160 = CARTESIAN_POINT ( 'NONE',  ( 8.177045701535192279, -2.000000000000000000, 4.091110494867548297 ) ) ;
#1161 = DIRECTION ( 'NONE',  ( 0.000000000000000000, 0.000000000000000000, -1.000000000000000000 ) ) ;
#1162 = LINE ( 'NONE', #5824, #659 ) ;
#1163 = ORIENTED_EDGE ( 'NONE', *, *, #477, .F. ) ;
#1164 = FACE_OUTER_BOUND ( 'NONE', #767, .T. ) ;
#1165 = ORIENTED_EDGE ( 'NONE', *, *, #689, .T. ) ;
#1166 = CYLINDRICAL_SURFACE ( 'NONE', #3156, 4.000000000000000000 ) ;
#1167 = EDGE_LOOP ( 'NONE', ( #2570, #632, #1948 ) ) ;
#1168 = ADVANCED_FACE ( 'NONE', ( #559 ), #2304, .T. ) ;
#1169 = EDGE_LOOP ( 'NONE', ( #4104, #4792, #919, #1489, #1390, #259 ) ) ;
#1170 = EDGE_CURVE ( 'NONE', #1682, #2383, #4798, .T. ) ;
#1171 = CARTESIAN_POINT ( 'NONE',  ( 4.687793447186153095, 0.000000000000000000, -8.482225000000017445 ) ) ;
#1172 = VECTOR ( 'NONE', #1900, 1000.000000000000000 ) ;
#1173 = CARTESIAN_POINT ( 'NONE',  ( 5.249845997741266146, -2.000000000000000000, 9.092999999999999972 ) ) ;
#1174 = DIRECTION ( 'NONE',  ( -0.8660254037844390407, 0.000000000000000000, 0.4999999999999993339 ) ) ;
#1175 = DIRECTION ( 'NONE',  ( -0.07018777298906307693, -0.9900983315263910400, -0.1215687888871663791 ) ) ;
#1176 = CARTESIAN_POINT ( 'NONE',  ( 7.185103038148422883, 13.00000000000000000, -0.4423626322779617426 ) ) ;
#1177 = VERTEX_POINT ( 'NONE', #2750 ) ;
#1178 = VECTOR ( 'NONE', #4758, 1000.000000000000114 ) ;
#1179 = CARTESIAN_POINT ( 'NONE',  ( 1.649999999999999911, -1.500000000000000000, 5.519730000000001802 ) ) ;
#1180 = VECTOR ( 'NONE', #5162, 1000.000000000000114 ) ;
#1181 = CARTESIAN_POINT ( 'NONE',  ( 0.3500000000000018097, 9.184850993605150903E-17, -11.16627000000000081 ) ) ;
#1182 = CALENDAR_DATE ( 2022, 7, 10 ) ;
#1183 = CARTESIAN_POINT ( 'NONE',  ( -0.7506102391431986876, -1.882483278477502076, -9.289121860225632688 ) ) ;
#1184 = CARTESIAN_POINT ( 'NONE',  ( -6.773457863650184763, -1.499999999999998890, 2.582752101786880861 ) ) ;
#1185 = CARTESIAN_POINT ( 'NONE',  ( -4.147126684254064166, -2.000000000000000000, -6.871453818240008893 ) ) ;
#1186 = ORIENTED_EDGE ( 'NONE', *, *, #4428, .T. ) ;
#1187 = DIRECTION ( 'NONE',  ( -1.000000000000000000, 0.000000000000000000, 0.000000000000000000 ) ) ;
#1188 = CARTESIAN_POINT ( 'NONE',  ( 2.940444920982767663, 0.000000000000000000, -5.092999999999998195 ) ) ;
#1189 = CIRCLE ( 'NONE', #4063, 0.4999999999999999445 ) ;
#1190 = LINE ( 'NONE', #4726, #3094 ) ;
#1191 = EDGE_CURVE ( 'NONE', #4915, #4794, #4130, .T. ) ;
#1192 = AXIS2_PLACEMENT_3D ( 'NONE', #5176, #3326, #5682 ) ;
#1193 = CARTESIAN_POINT ( 'NONE',  ( -7.678639506991041586, -2.010658210742660490, -1.084202172485504434E-16 ) ) ;
#1194 = ORIENTED_EDGE ( 'NONE', *, *, #4877, .T. ) ;
#1195 = CARTESIAN_POINT ( 'NONE',  ( -6.361137226883049500, -1.301042606982605321E-15, -2.238380886168980677 ) ) ;
#1196 = ORIENTED_EDGE ( 'NONE', *, *, #211, .T. ) ;
#1197 = DIRECTION ( 'NONE',  ( 0.5000000000000001110, 1.737863516899784330E-19, -0.8660254037844384856 ) ) ;
#1198 = ORIENTED_EDGE ( 'NONE', *, *, #4841, .T. ) ;
#1199 = AXIS2_PLACEMENT_3D ( 'NONE', #1799, #3624, #5417 ) ;
#1200 = ORIENTED_EDGE ( 'NONE', *, *, #2165, .T. ) ;
#1201 = CARTESIAN_POINT ( 'NONE',  ( -4.339096659993389338, -1.600000000000000089, -6.622244337583783391 ) ) ;
#1202 = AXIS2_PLACEMENT_3D ( 'NONE', #1740, #1652, #5832 ) ;
#1203 = FACE_OUTER_BOUND ( 'NONE', #5468, .T. ) ;
#1204 = ADVANCED_FACE ( 'NONE', ( #53 ), #2896, .T. ) ;
#1205 = DIRECTION ( 'NONE',  ( -0.4999999999999993894, -3.755786496842900043E-16, -0.8660254037844391517 ) ) ;
#1206 = CYLINDRICAL_SURFACE ( 'NONE', #5341, 0.4999999999999999445 ) ;
#1207 = EDGE_CURVE ( 'NONE', #5031, #646, #1189, .T. ) ;
#1208 = CARTESIAN_POINT ( 'NONE',  ( -6.603010335502702333, -1.648747737362059373, 1.906993906338599221 ) ) ;
#1209 = ORIENTED_EDGE ( 'NONE', *, *, #2257, .T. ) ;
#1210 = DIRECTION ( 'NONE',  ( 9.389466242107250108E-17, -1.000000000000000000, -1.626303258728257884E-16 ) ) ;
#1211 = EDGE_CURVE ( 'NONE', #1259, #3220, #3827, .T. ) ;
#1212 = CARTESIAN_POINT ( 'NONE',  ( 9.595659835109053404, 0.000000000000000000, -0.3442796334431337812 ) ) ;
#1213 = EDGE_CURVE ( 'NONE', #3109, #5651, #4815, .T. ) ;
#1214 = PERSON_AND_ORGANIZATION_ROLE ( 'creator' ) ;
#1215 = CARTESIAN_POINT ( 'NONE',  ( 7.882781698504124357, 0.000000000000000000, -5.532621593216773270 ) ) ;
#1216 = EDGE_CURVE ( 'NONE', #1587, #3955, #131, .T. ) ;
#1217 = CARTESIAN_POINT ( 'NONE',  ( -3.756228348273380924, -1.999999999999999778, -6.696124839761416148 ) ) ;
#1218 = ORIENTED_EDGE ( 'NONE', *, *, #5222, .T. ) ;
#1219 = DIRECTION ( 'NONE',  ( 0.000000000000000000, -1.000000000000000000, -0.000000000000000000 ) ) ;
#1220 = CARTESIAN_POINT ( 'NONE',  ( 7.651018952722908217, -2.000000000000000000, 4.965800607659644150 ) ) ;
#1221 = DIRECTION ( 'NONE',  ( 0.000000000000000000, 0.000000000000000000, -1.000000000000000000 ) ) ;
#1222 = CARTESIAN_POINT ( 'NONE',  ( -1.649999999999999467, -1.600000000000000089, 7.068890105822376313 ) ) ;
#1223 = VERTEX_POINT ( 'NONE', #4696 ) ;
#1224 = CARTESIAN_POINT ( 'NONE',  ( -7.049768996611898153, -1.500000000000000000, -5.975441916244325746 ) ) ;
#1225 = EDGE_LOOP ( 'NONE', ( #3922, #3764, #4125, #5671, #3531 ) ) ;
#1226 = CARTESIAN_POINT ( 'NONE',  ( 3.876907057608336871, -2.000000000000000000, -6.714999999999999858 ) ) ;
#1227 = ORIENTED_EDGE ( 'NONE', *, *, #2815, .F. ) ;
#1228 = VERTEX_POINT ( 'NONE', #166 ) ;
#1229 = CARTESIAN_POINT ( 'NONE',  ( 7.632781698504124357, 3.122849337825750912E-16, -5.965634295108992902 ) ) ;
#1230 = LINE ( 'NONE', #3481, #3581 ) ;
#1231 = CARTESIAN_POINT ( 'NONE',  ( 5.399885564036260632, 10.49999999999999822, -1.257137479295045508E-15 ) ) ;
#1232 = DIRECTION ( 'NONE',  ( -1.000000000000000000, -0.000000000000000000, 3.542265381399704218E-15 ) ) ;
#1233 = ORIENTED_EDGE ( 'NONE', *, *, #5612, .F. ) ;
#1234 = CARTESIAN_POINT ( 'NONE',  ( 3.565483496418508924, -1.648747737362059151, 6.671871645165847298 ) ) ;
#1235 = ADVANCED_FACE ( 'NONE', ( #1493 ), #136, .F. ) ;
#1236 = VECTOR ( 'NONE', #1311, 1000.000000000000000 ) ;
#1237 = CARTESIAN_POINT ( 'NONE',  ( -5.138310765496091115, 0.6408196952823645987, 7.907269159276210324 ) ) ;
#1238 = APPROVAL_STATUS ( 'not_yet_approved' ) ;
#1239 = VECTOR ( 'NONE', #4197, 1000.000000000000227 ) ;
#1240 = TOROIDAL_SURFACE ( 'NONE', #1425, 1.000000000000000000, 0.5000000000000000000 ) ;
#1241 = EDGE_CURVE ( 'NONE', #1457, #1960, #3314, .T. ) ;
#1242 = AXIS2_PLACEMENT_3D ( 'NONE', #1923, #1444, #2843 ) ;
#1243 = CYLINDRICAL_SURFACE ( 'NONE', #3934, 4.000000000000000000 ) ;
#1244 = CARTESIAN_POINT ( 'NONE',  ( -3.129727872893065754, 10.56093467170257227, 4.924574613894595387 ) ) ;
#1245 = VECTOR ( 'NONE', #296, 1000.000000000000114 ) ;
#1246 = ADVANCED_BREP_SHAPE_REPRESENTATION ( 'Hexaflex_Unitaire_Conception', ( #5834, #5844 ), #4233 ) ;
#1247 = VERTEX_POINT ( 'NONE', #2864 ) ;
#1248 = VECTOR ( 'NONE', #5193, 1000.000000000000114 ) ;
#1249 = DIRECTION ( 'NONE',  ( 0.1055419473313876921, 0.9925461516413219831, -0.06093467170257352294 ) ) ;
#1250 = EDGE_CURVE ( 'NONE', #679, #501, #1609, .T. ) ;
#1251 = FACE_OUTER_BOUND ( 'NONE', #21, .T. ) ;
#1252 = AXIS2_PLACEMENT_3D ( 'NONE', #2977, #4418, #306 ) ;
#1253 = DIRECTION ( 'NONE',  ( -0.4999999999999950595, -0.000000000000000000, 0.8660254037844414832 ) ) ;
#1254 = DIRECTION ( 'NONE',  ( 0.000000000000000000, 1.000000000000000000, 0.000000000000000000 ) ) ;
#1255 = VERTEX_POINT ( 'NONE', #1519 ) ;
#1256 = CARTESIAN_POINT ( 'NONE',  ( -4.953010335502701977, -1.648747737362059151, 4.764877738827247633 ) ) ;
#1257 = ORIENTED_EDGE ( 'NONE', *, *, #3032, .F. ) ;
#1258 = CARTESIAN_POINT ( 'NONE',  ( -4.326646576356791840, -2.000000000000000000, 6.643808515000857007 ) ) ;
#1259 = VERTEX_POINT ( 'NONE', #3888 ) ;
#1260 = VERTEX_POINT ( 'NONE', #1074 ) ;
#1261 = CARTESIAN_POINT ( 'NONE',  ( -3.565483496418513365, -1.648747737362057597, 6.671871645165847298 ) ) ;
#1262 = FACE_OUTER_BOUND ( 'NONE', #3494, .T. ) ;
#1263 = CARTESIAN_POINT ( 'NONE',  ( 0.000000000000000000, -2.000000000000000000, 0.000000000000000000 ) ) ;
#1264 = EDGE_LOOP ( 'NONE', ( #2543, #5152, #5536, #905, #3253 ) ) ;
#1265 = DIRECTION ( 'NONE',  ( 0.000000000000000000, 1.000000000000000000, 0.000000000000000000 ) ) ;
#1266 = FACE_OUTER_BOUND ( 'NONE', #4576, .T. ) ;
#1267 = EDGE_LOOP ( 'NONE', ( #751, #5675, #5196, #5797 ) ) ;
#1268 = DIRECTION ( 'NONE',  ( 1.000000000000000000, 0.000000000000000000, 1.652166060416978960E-16 ) ) ;
#1269 = VECTOR ( 'NONE', #4806, 1000.000000000000114 ) ;
#1270 = CARTESIAN_POINT ( 'NONE',  ( 9.641058328284639600, 0.000000000000000000, 3.805013812727840759E-15 ) ) ;
#1271 = APPROVAL_DATE_TIME ( #5750, #3272 ) ;
#1272 = VECTOR ( 'NONE', #4120, 1000.000000000000114 ) ;
#1273 = AXIS2_PLACEMENT_3D ( 'NONE', #1866, #4142, #1385 ) ;
#1274 = CARTESIAN_POINT ( 'NONE',  ( -4.924138097950367055, 4.157463318486088268E-16, 4.410004387252776326 ) ) ;
#1275 = CARTESIAN_POINT ( 'NONE',  ( -1.649999999999999467, -2.000000000000000000, 7.068890105822376313 ) ) ;
#1276 = EDGE_CURVE ( 'NONE', #1708, #4168, #2388, .T. ) ;
#1277 = EDGE_CURVE ( 'NONE', #453, #1907, #5133, .T. ) ;
#1278 = VERTEX_POINT ( 'NONE', #2416 ) ;
#1279 = FACE_OUTER_BOUND ( 'NONE', #3738, .T. ) ;
#1280 = DIRECTION ( 'NONE',  ( 0.8660254037844387076, 0.000000000000000000, -0.4999999999999998335 ) ) ;
#1281 = CARTESIAN_POINT ( 'NONE',  ( 3.591795170613920174, -2.080845983731722804, 6.221171725883837489 ) ) ;
#1282 = DIRECTION ( 'NONE',  ( 0.07018777298906242468, 0.9900983315263910400, 0.1215687888871666289 ) ) ;
#1283 = ORIENTED_EDGE ( 'NONE', *, *, #1642, .F. ) ;
#1284 = ADVANCED_FACE ( 'NONE', ( #2446 ), #3766, .T. ) ;
#1285 = ORIENTED_EDGE ( 'NONE', *, *, #3061, .F. ) ;
#1286 = LINE ( 'NONE', #4886, #1439 ) ;
#1287 = ORIENTED_EDGE ( 'NONE', *, *, #4984, .F. ) ;
#1288 = EDGE_LOOP ( 'NONE', ( #899, #321, #5207, #3108 ) ) ;
#1289 = B_SPLINE_CURVE_WITH_KNOTS ( 'NONE', 3,
 ( #3940, #5400, #4929, #1636, #1183, #3519, #3460, #2561 ),
 .UNSPECIFIED., .F., .F.,
 ( 4, 2, 2, 4 ),
 ( 1.626303258728256651E-19, 0.0002150735919586430794, 0.0004301471839172857792, 0.0008602943678345745943 ),
 .UNSPECIFIED. ) ;
#1290 = DIRECTION ( 'NONE',  ( 0.000000000000000000, 0.000000000000000000, 1.000000000000000000 ) ) ;
#1291 = DIRECTION ( 'NONE',  ( 0.5000000000000002220, 0.000000000000000000, -0.8660254037844385966 ) ) ;
#1292 = CARTESIAN_POINT ( 'NONE',  ( -3.876907057608334650, -2.000000000000000000, -6.715000000000000746 ) ) ;
#1293 = ORIENTED_EDGE ( 'NONE', *, *, #5191, .T. ) ;
#1294 = DIRECTION ( 'NONE',  ( 0.000000000000000000, 1.000000000000000000, 0.000000000000000000 ) ) ;
#1295 = ADVANCED_FACE ( 'NONE', ( #4247 ), #3348, .T. ) ;
#1296 = DIRECTION ( 'NONE',  ( -0.07018777298906370143, 0.9900983315263910400, -0.1215687888871663236 ) ) ;
#1297 = AXIS2_PLACEMENT_3D ( 'NONE', #5431, #1338, #2686 ) ;
#1298 = ORIENTED_EDGE ( 'NONE', *, *, #2804, .T. ) ;
#1299 = DIRECTION ( 'NONE',  ( -0.4999999999999950040, 6.765107552217251437E-18, 0.8660254037844415942 ) ) ;
#1300 = FACE_OUTER_BOUND ( 'NONE', #3430, .T. ) ;
#1301 = CARTESIAN_POINT ( 'NONE',  ( 3.756228348273336959, -2.000000000000067502, 6.696124839761419700 ) ) ;
#1302 = DATE_AND_TIME ( #4506, #5611 ) ;
#1303 = AXIS2_PLACEMENT_3D ( 'NONE', #5878, #2264, #5122 ) ;
#1304 = CARTESIAN_POINT ( 'NONE',  ( -6.530171928595320807, -1.629973859620811982, -2.155704142367435239 ) ) ;
#1305 = CARTESIAN_POINT ( 'NONE',  ( 1.350000000000001421, -2.000000000000000000, -9.592999999999999972 ) ) ;
#1306 = ORIENTED_EDGE ( 'NONE', *, *, #5248, .F. ) ;
#1307 = DIRECTION ( 'NONE',  ( 0.5000000000000029976, 0.000000000000000000, 0.8660254037844370423 ) ) ;
#1308 = DIRECTION ( 'NONE',  ( 1.084202172485504557E-16, -1.000000000000000000, -0.000000000000000000 ) ) ;
#1309 = EDGE_CURVE ( 'NONE', #3646, #2766, #3196, .T. ) ;
#1310 = LINE ( 'NONE', #3075, #4148 ) ;
#1311 = DIRECTION ( 'NONE',  ( -1.652166060416978960E-16, -0.000000000000000000, 1.000000000000000000 ) ) ;
#1312 = EDGE_LOOP ( 'NONE', ( #1881, #168, #4072, #3942 ) ) ;
#1313 = VERTEX_POINT ( 'NONE', #2474 ) ;
#1314 = DIRECTION ( 'NONE',  ( -0.8660254037844384856, -0.000000000000000000, 0.5000000000000002220 ) ) ;
#1315 = AXIS2_PLACEMENT_3D ( 'NONE', #799, #1219, #4007 ) ;
#1316 = EDGE_LOOP ( 'NONE', ( #3896, #5553, #2317, #3637, #3318 ) ) ;
#1317 = ORIENTED_EDGE ( 'NONE', *, *, #3104, .T. ) ;
#1318 = LINE ( 'NONE', #3139, #2636 ) ;
#1319 = EDGE_CURVE ( 'NONE', #5716, #1854, #4309, .T. ) ;
#1320 = AXIS2_PLACEMENT_3D ( 'NONE', #1120, #243, #3845 ) ;
#1321 = EDGE_CURVE ( 'NONE', #1126, #1524, #3090, .T. ) ;
#1322 = CARTESIAN_POINT ( 'NONE',  ( 4.897214887076956735, 0.000000000000000000, -8.482225000000017445 ) ) ;
#1323 = CARTESIAN_POINT ( 'NONE',  ( -2.699942782018132093, 11.00000000000000000, 4.676438075984264309 ) ) ;
#1324 = DIRECTION ( 'NONE',  ( 0.000000000000000000, -0.1218693434051482810, -0.9925461516413219831 ) ) ;
#1325 = DIRECTION ( 'NONE',  ( 0.5000000000000002220, 0.000000000000000000, -0.8660254037844384856 ) ) ;
#1326 = ORIENTED_EDGE ( 'NONE', *, *, #2930, .T. ) ;
#1327 = CARTESIAN_POINT ( 'NONE',  ( -2.940444920982764554, -1.500000000000000000, 5.092999999999999972 ) ) ;
#1328 = EDGE_CURVE ( 'NONE', #2214, #5885, #44, .T. ) ;
#1329 = DIRECTION ( 'NONE',  ( 0.000000000000000000, -0.1218693434051474345, 0.9925461516413220942 ) ) ;
#1330 = CARTESIAN_POINT ( 'NONE',  ( -6.361137226883049500, -1.301042606982605321E-15, -2.054405217386216620 ) ) ;
#1331 = DIRECTION ( 'NONE',  ( -0.8595701817498664354, 0.1218693434051477259, -0.4962730758206612136 ) ) ;
#1332 = VECTOR ( 'NONE', #5792, 1000.000000000000114 ) ;
#1333 = CARTESIAN_POINT ( 'NONE',  ( -1.519125153670808359, -1.644876120491554072, 6.684508039705469251 ) ) ;
#1334 = VERTEX_POINT ( 'NONE', #743 ) ;
#1335 = VECTOR ( 'NONE', #1690, 1000.000000000000227 ) ;
#1336 = VECTOR ( 'NONE', #1175, 1000.000000000000114 ) ;
#1337 = DIRECTION ( 'NONE',  ( 0.8660254037844385966, 0.000000000000000000, 0.5000000000000000000 ) ) ;
#1338 = DIRECTION ( 'NONE',  ( 0.000000000000000000, -1.000000000000000000, 0.000000000000000000 ) ) ;
#1339 = AXIS2_PLACEMENT_3D ( 'NONE', #4106, #904, #483 ) ;
#1340 = DIRECTION ( 'NONE',  ( 1.000000000000000000, -0.000000000000000000, -0.000000000000000000 ) ) ;
#1341 = VECTOR ( 'NONE', #2968, 1000.000000000000000 ) ;
#1342 = CARTESIAN_POINT ( 'NONE',  ( 3.748012704825116614, -1.658855474347328718, -6.673112719213305510 ) ) ;
#1343 = ORIENTED_EDGE ( 'NONE', *, *, #2740, .T. ) ;
#1344 = ORIENTED_EDGE ( 'NONE', *, *, #283, .F. ) ;
#1345 = ORIENTED_EDGE ( 'NONE', *, *, #4428, .F. ) ;
#1346 = EDGE_LOOP ( 'NONE', ( #5036, #5912, #5533, #1467 ) ) ;
#1347 = CARTESIAN_POINT ( 'NONE',  ( -6.613956040248534229, 0.000000000000000000, 2.490663681109700711 ) ) ;
#1348 =( BOUNDED_CURVE ( )  B_SPLINE_CURVE ( 3, ( #3062, #3093, #5453, #5839 ),
 .UNSPECIFIED., .F., .T. ) 
 B_SPLINE_CURVE_WITH_KNOTS ( ( 4, 4 ),
 ( 1.570796326794895670, 3.141592653589792228 ),
 .UNSPECIFIED. ) 
 CURVE ( )  GEOMETRIC_REPRESENTATION_ITEM ( )  RATIONAL_B_SPLINE_CURVE ( ( 1.000000000000000000, 0.8047378541243649375, 0.8047378541243649375, 1.000000000000000000 ) ) 
 REPRESENTATION_ITEM ( '' )  );
#1349 = DIRECTION ( 'NONE',  ( -3.469446951953614189E-15, -1.734723475976807094E-15, -1.000000000000000000 ) ) ;
#1350 = DIRECTION ( 'NONE',  ( -1.000000000000000000, 4.336808689942021187E-16, 1.043325636393311070E-14 ) ) ;
#1351 = LINE ( 'NONE', #1590, #2295 ) ;
#1352 = EDGE_CURVE ( 'NONE', #2425, #5763, #1087, .T. ) ;
#1353 = EDGE_CURVE ( 'NONE', #2371, #4305, #3042, .T. ) ;
#1354 = EDGE_LOOP ( 'NONE', ( #1198, #2923, #5339, #2644 ) ) ;
#1355 = DIRECTION ( 'NONE',  ( -1.652166060416978960E-16, 0.000000000000000000, 1.000000000000000000 ) ) ;
#1356 = CARTESIAN_POINT ( 'NONE',  ( 6.929704853323308100, 13.00000000000000000, 9.014088328689435414E-15 ) ) ;
#1357 = CARTESIAN_POINT ( 'NONE',  ( 8.732781698504119561, -2.299999999999999822, 4.060378406783224925 ) ) ;
#1358 = CYLINDRICAL_SURFACE ( 'NONE', #3632, 0.5000000000000000000 ) ;
#1359 = EDGE_CURVE ( 'NONE', #413, #2899, #3583, .T. ) ;
#1360 = ORIENTED_EDGE ( 'NONE', *, *, #1491, .F. ) ;
#1361 = APPROVAL_PERSON_ORGANIZATION ( #4954, #458, #1696 ) ;
#1362 = CARTESIAN_POINT ( 'NONE',  ( -1.398191413964102292, -1.629973859620787335, 6.733146852427286611 ) ) ;
#1363 = FACE_OUTER_BOUND ( 'NONE', #2719, .T. ) ;
#1364 = ORIENTED_EDGE ( 'NONE', *, *, #3924, .F. ) ;
#1365 = AXIS2_PLACEMENT_3D ( 'NONE', #2809, #535, #1943 ) ;
#1366 = CARTESIAN_POINT ( 'NONE',  ( 2.940444920982767663, -1.500000000000000000, -5.092999999999998195 ) ) ;
#1367 = CYLINDRICAL_SURFACE ( 'NONE', #2137, 1.000000000000000222 ) ;
#1368 = VECTOR ( 'NONE', #921, 1000.000000000000114 ) ;
#1369 = DIRECTION ( 'NONE',  ( 0.000000000000000000, 0.000000000000000000, -1.000000000000000000 ) ) ;
#1370 = VERTEX_POINT ( 'NONE', #1759 ) ;
#1371 = ORIENTED_EDGE ( 'NONE', *, *, #2976, .F. ) ;
#1372 = VERTEX_POINT ( 'NONE', #2175 ) ;
#1373 = ORIENTED_EDGE ( 'NONE', *, *, #2920, .T. ) ;
#1374 = CARTESIAN_POINT ( 'NONE',  ( 8.663025566791935361, -1.613910146982344918, -4.020104685361568286 ) ) ;
#1375 = EDGE_CURVE ( 'NONE', #4824, #5013, #818, .T. ) ;
#1376 = FACE_OUTER_BOUND ( 'NONE', #1167, .T. ) ;
#1377 = CYLINDRICAL_SURFACE ( 'NONE', #3298, 0.5000000000000002220 ) ;
#1378 = ORIENTED_EDGE ( 'NONE', *, *, #4361, .T. ) ;
#1379 = CARTESIAN_POINT ( 'NONE',  ( -8.266756294719684206, -1.500000000000000000, -2.867558083755680443 ) ) ;
#1380 = DIRECTION ( 'NONE',  ( -0.000000000000000000, -1.000000000000000000, 0.000000000000000000 ) ) ;
#1381 =( BOUNDED_SURFACE ( )  B_SPLINE_SURFACE ( 3, 2, ( 
 ( #3848, #2047, #4360 ),
 ( #2436, #1959, #2074 ),
 ( #1152, #3789, #5666 ),
 ( #705, #3878, #5577 ),
 ( #1482, #1573, #3336 ),
 ( #3425, #157, #1030 ) ),
 .UNSPECIFIED., .F., .F., .F. ) 
 B_SPLINE_SURFACE_WITH_KNOTS ( ( 4, 2, 4 ),
 ( 3, 3 ),
 ( 2.622292039550162546, 3.141592653589792228, 3.660893267629421910 ),
 ( 0.000000000000000000, 1.000000000000000000 ),
 .UNSPECIFIED. ) 
 GEOMETRIC_REPRESENTATION_ITEM ( )  RATIONAL_B_SPLINE_SURFACE ( (
 ( 1.000000000000000000, 0.7489557207890021884, 1.000000000000000000),
 ( 1.000000000000000000, 0.7529951710914829510, 1.000000000000000000),
 ( 1.000000000000000000, 0.7551077889871501414, 1.000000000000000000),
 ( 1.000000000000000000, 0.7551077889871501414, 1.000000000000000000),
 ( 1.000000000000000000, 0.7529951710914829510, 1.000000000000000000),
 ( 1.000000000000000000, 0.7489557207890024104, 1.000000000000000000) ) ) 
 REPRESENTATION_ITEM ( '' )  SURFACE ( )  );
#1382 = ORIENTED_EDGE ( 'NONE', *, *, #211, .F. ) ;
#1383 = FACE_OUTER_BOUND ( 'NONE', #5573, .T. ) ;
#1384 = ADVANCED_FACE ( 'NONE', ( #1251 ), #4456, .F. ) ;
#1385 = DIRECTION ( 'NONE',  ( 0.000000000000000000, -0.1218693434051474345, 0.9925461516413220942 ) ) ;
#1386 = VECTOR ( 'NONE', #256, 1000.000000000000000 ) ;
#1387 = CARTESIAN_POINT ( 'NONE',  ( 8.812260783623850458, -2.299999999999999822, -6.069256593216774576 ) ) ;
#1388 = CARTESIAN_POINT ( 'NONE',  ( -10.49969199548253584, -2.000000000000000000, -1.705543596374835113E-15 ) ) ;
#1389 = AXIS2_PLACEMENT_3D ( 'NONE', #4979, #2615, #849 ) ;
#1390 = ORIENTED_EDGE ( 'NONE', *, *, #2472, .T. ) ;
#1391 = CIRCLE ( 'NONE', #5496, 4.000000000000000000 ) ;
#1392 = EDGE_CURVE ( 'NONE', #558, #2854, #772, .T. ) ;
#1393 = EDGE_CURVE ( 'NONE', #1370, #5234, #2597, .T. ) ;
#1394 = CARTESIAN_POINT ( 'NONE',  ( -6.649592360496840548, -1.676112405284992057, -2.485671257838594439 ) ) ;
#1395 = CARTESIAN_POINT ( 'NONE',  ( 6.766756294719681541, -2.000000000000000000, 5.465634295108991125 ) ) ;
#1396 = ORIENTED_EDGE ( 'NONE', *, *, #3413, .T. ) ;
#1397 = EDGE_CURVE ( 'NONE', #2053, #1334, #5868, .T. ) ;
#1398 = DIRECTION ( 'NONE',  ( 0.1403755459781246828, -0.9900983315263910400, -4.786995026619099135E-16 ) ) ;
#1399 = CARTESIAN_POINT ( 'NONE',  ( 6.404546536120523825, -1.500000000000000000, -7.092999999999998195 ) ) ;
#1400 = ORIENTED_EDGE ( 'NONE', *, *, #5114, .T. ) ;
#1401 = ORIENTED_EDGE ( 'NONE', *, *, #128, .T. ) ;
#1402 = ORIENTED_EDGE ( 'NONE', *, *, #3578, .F. ) ;
#1403 = ORIENTED_EDGE ( 'NONE', *, *, #3262, .T. ) ;
#1404 = DIRECTION ( 'NONE',  ( -1.652166060416976988E-16, 0.000000000000000000, 1.000000000000000000 ) ) ;
#1405 = LINE ( 'NONE', #4161, #4890 ) ;
#1406 = CARTESIAN_POINT ( 'NONE',  ( 5.249845997741272363, 0.000000000000000000, -9.092999999999998195 ) ) ;
#1407 = ORIENTED_EDGE ( 'NONE', *, *, #4943, .T. ) ;
#1408 = CARTESIAN_POINT ( 'NONE',  ( 1.519125153670807027, -1.986985963823150403, 7.071192875142277678 ) ) ;
#1409 = ORIENTED_EDGE ( 'NONE', *, *, #3794, .F. ) ;
#1410 = DIRECTION ( 'NONE',  ( -0.9900983315263911511, -0.1403755459781254045, 0.000000000000000000 ) ) ;
#1411 = ORIENTED_EDGE ( 'NONE', *, *, #5415, .T. ) ;
#1412 = DIRECTION ( 'NONE',  ( -0.5000000000000001110, -7.034342581662042750E-20, 0.8660254037844384856 ) ) ;
#1413 = TOROIDAL_SURFACE ( 'NONE', #2747, 1.000000000000000000, 0.5000000000000000000 ) ;
#1414 = DIRECTION ( 'NONE',  ( 0.000000000000000000, 0.000000000000000000, -1.000000000000000000 ) ) ;
#1415 = CARTESIAN_POINT ( 'NONE',  ( 4.032618838203246625, -1.999999999999999778, 6.445299284672592499 ) ) ;
#1416 = FACE_OUTER_BOUND ( 'NONE', #1082, .T. ) ;
#1417 = VERTEX_POINT ( 'NONE', #2086 ) ;
#1418 = CARTESIAN_POINT ( 'NONE',  ( -4.897214887077015355, 0.000000000000000000, -8.482224999999981918 ) ) ;
#1419 = DIRECTION ( 'NONE',  ( -0.4999999999999951705, -1.184838168362780796E-15, 0.8660254037844415942 ) ) ;
#1420 = ORIENTED_EDGE ( 'NONE', *, *, #1757, .T. ) ;
#1421 = ADVANCED_FACE ( 'NONE', ( #2655 ), #3015, .F. ) ;
#1422 = EDGE_CURVE ( 'NONE', #4256, #1372, #5820, .T. ) ;
#1423 = VECTOR ( 'NONE', #282, 1000.000000000000114 ) ;
#1424 = DIRECTION ( 'NONE',  ( 0.9943939779289164838, -0.1057384351061882583, 0.000000000000000000 ) ) ;
#1425 = AXIS2_PLACEMENT_3D ( 'NONE', #4947, #5302, #5837 ) ;
#1426 = CARTESIAN_POINT ( 'NONE',  ( 7.982712006705193097, -2.000000000000000000, -0.3113174337338296405 ) ) ;
#1427 = ORIENTED_EDGE ( 'NONE', *, *, #2440, .T. ) ;
#1428 = ORIENTED_EDGE ( 'NONE', *, *, #2708, .F. ) ;
#1429 = VECTOR ( 'NONE', #4086, 1000.000000000000114 ) ;
#1430 = EDGE_CURVE ( 'NONE', #1524, #4088, #5343, .T. ) ;
#1431 = ORIENTED_EDGE ( 'NONE', *, *, #4194, .F. ) ;
#1432 = ORIENTED_EDGE ( 'NONE', *, *, #801, .T. ) ;
#1433 = VECTOR ( 'NONE', #3080, 1000.000000000000227 ) ;
#1434 = DIRECTION ( 'NONE',  ( 0.000000000000000000, -1.000000000000000000, -0.000000000000000000 ) ) ;
#1435 = CIRCLE ( 'NONE', #4025, 0.5000000000000004441 ) ;
#1436 = ORIENTED_EDGE ( 'NONE', *, *, #3548, .F. ) ;
#1437 = CARTESIAN_POINT ( 'NONE',  ( 1.398191413964106067, -1.629973859620787779, 6.733146852427285722 ) ) ;
#1438 = EDGE_LOOP ( 'NONE', ( #4471, #1218, #5321, #3230, #4458, #4595, #291, #5136, #50, #3191, #3619, #3925, #1698, #1360, #5268, #1403, #2396, #1432, #2354, #1660, #5175, #2661, #1019, #2831, #2630, #27, #1931, #5265, #2660, #5649, #2029, #435, #3704, #3833, #1648, #351, #2431, #1800, #2496, #5436, #145, #2641, #4788, #2271, #4468, #2003, #5480, #4046, #5450 ) ) ;
#1439 = VECTOR ( 'NONE', #720, 1000.000000000000000 ) ;
#1440 = DIRECTION ( 'NONE',  ( 0.000000000000000000, 0.000000000000000000, -1.000000000000000000 ) ) ;
#1441 = AXIS2_PLACEMENT_3D ( 'NONE', #4236, #2405, #4772 ) ;
#1442 = EDGE_LOOP ( 'NONE', ( #3616, #4239, #1026, #531 ) ) ;
#1443 = DIRECTION ( 'NONE',  ( 0.000000000000000000, 0.1218693434051482810, -0.9925461516413219831 ) ) ;
#1444 = DIRECTION ( 'NONE',  ( 0.4999999999999997780, 8.673617379884023639E-16, 0.8660254037844389297 ) ) ;
#1445 = LINE ( 'NONE', #2908, #5720 ) ;
#1446 = CARTESIAN_POINT ( 'NONE',  ( -1.149999999999999911, 0.000000000000000000, 6.973185790923612792 ) ) ;
#1447 = ORIENTED_EDGE ( 'NONE', *, *, #4295, .T. ) ;
#1448 =( BOUNDED_SURFACE ( )  B_SPLINE_SURFACE ( 3, 2, ( 
 ( #64, #2998, #2522 ),
 ( #3901, #696, #1624 ),
 ( #3870, #4442, #4351 ),
 ( #4830, #2101, #4894 ),
 ( #210, #3453, #330 ),
 ( #5714, #2132, #5274 ) ),
 .UNSPECIFIED., .F., .F., .F. ) 
 B_SPLINE_SURFACE_WITH_KNOTS ( ( 4, 2, 4 ),
 ( 3, 3 ),
 ( 2.622292039550162546, 3.141592653589792228, 3.660893267629421466 ),
 ( 0.000000000000000000, 1.000000000000000000 ),
 .UNSPECIFIED. ) 
 GEOMETRIC_REPRESENTATION_ITEM ( )  RATIONAL_B_SPLINE_SURFACE ( (
 ( 1.000000000000000000, 0.7489557207890020774, 1.000000000000000000),
 ( 1.000000000000000000, 0.7529951710914833951, 1.000000000000000000),
 ( 1.000000000000000000, 0.7551077889871501414, 1.000000000000000000),
 ( 1.000000000000000000, 0.7551077889871501414, 1.000000000000000000),
 ( 1.000000000000000000, 0.7529951710914832841, 1.000000000000000000),
 ( 1.000000000000000000, 0.7489557207890021884, 1.000000000000000000) ) ) 
 REPRESENTATION_ITEM ( '' )  SURFACE ( )  );
#1449 = CARTESIAN_POINT ( 'NONE',  ( 8.049768996611899041, -2.000000000000000000, 4.243391108675444556 ) ) ;
#1450 = DIRECTION ( 'NONE',  ( 1.000000000000000000, 0.000000000000000000, 1.652166060416978960E-16 ) ) ;
#1451 = ORIENTED_EDGE ( 'NONE', *, *, #183, .T. ) ;
#1452 = EDGE_CURVE ( 'NONE', #925, #5013, #2144, .T. ) ;
#1453 = EDGE_CURVE ( 'NONE', #3956, #2455, #3979, .T. ) ;
#1454 = CARTESIAN_POINT ( 'NONE',  ( -5.770243250572603344, 10.98008868797085213, 0.2481365379103300794 ) ) ;
#1455 = CARTESIAN_POINT ( 'NONE',  ( 7.982712006705609653, -2.000000000000000000, 0.3113174337340611220 ) ) ;
#1456 = ORIENTED_EDGE ( 'NONE', *, *, #2018, .T. ) ;
#1457 = VERTEX_POINT ( 'NONE', #3129 ) ;
#1458 = CIRCLE ( 'NONE', #5572, 0.4000000000000001887 ) ;
#1459 = CARTESIAN_POINT ( 'NONE',  ( -5.099456944909423584, -1.648747737362060706, -4.511224770738604839 ) ) ;
#1460 = LINE ( 'NONE', #927, #5309 ) ;
#1461 = AXIS2_PLACEMENT_3D ( 'NONE', #5880, #2656, #1221 ) ;
#1462 = EDGE_CURVE ( 'NONE', #14, #2692, #4907, .T. ) ;
#1463 = EDGE_CURVE ( 'NONE', #4498, #1790, #2208, .T. ) ;
#1464 = CARTESIAN_POINT ( 'NONE',  ( -3.659657535944690121, -2.000000000000000000, 6.719311967871651525 ) ) ;
#1465 = ORIENTED_EDGE ( 'NONE', *, *, #993, .F. ) ;
#1466 = CARTESIAN_POINT ( 'NONE',  ( 1.149999999999999911, -1.499999999999998890, 7.157362632277970427 ) ) ;
#1467 = ORIENTED_EDGE ( 'NONE', *, *, #5406, .T. ) ;
#1468 = DIRECTION ( 'NONE',  ( -0.4999999999999966138, -4.357666448243104622E-16, 0.8660254037844408170 ) ) ;
#1469 = ORIENTED_EDGE ( 'NONE', *, *, #3621, .T. ) ;
#1470 = VECTOR ( 'NONE', #1697, 1000.000000000000000 ) ;
#1471 = DIRECTION ( 'NONE',  ( 0.000000000000000000, -1.000000000000000000, -0.000000000000000000 ) ) ;
#1472 = EDGE_CURVE ( 'NONE', #868, #1223, #2245, .T. ) ;
#1473 = CARTESIAN_POINT ( 'NONE',  ( -6.613956040248534229, 0.000000000000000000, 2.490663681109700711 ) ) ;
#1474 = CARTESIAN_POINT ( 'NONE',  ( 3.100014170723766505, 10.98008868797085213, 4.873108972056405364 ) ) ;
#1475 = DIRECTION ( 'NONE',  ( 2.168404344971008868E-16, -1.000000000000000000, 0.000000000000000000 ) ) ;
#1476 = DIRECTION ( 'NONE',  ( 0.5000000000000002220, 0.000000000000000000, -0.8660254037844384856 ) ) ;
#1477 = VERTEX_POINT ( 'NONE', #3917 ) ;
#1478 = CARTESIAN_POINT ( 'NONE',  ( -4.897214887077015355, 0.000000000000000000, -8.482224999999981918 ) ) ;
#1479 = VECTOR ( 'NONE', #5850, 1000.000000000000000 ) ;
#1480 = CIRCLE ( 'NONE', #1192, 0.4000000000000002442 ) ;
#1481 = FACE_OUTER_BOUND ( 'NONE', #1147, .T. ) ;
#1482 = CARTESIAN_POINT ( 'NONE',  ( 4.260964809607329151, -2.000000000000000000, -6.757572672035006889 ) ) ;
#1483 = ORIENTED_EDGE ( 'NONE', *, *, #1024, .T. ) ;
#1484 = CIRCLE ( 'NONE', #3781, 0.5000000000000000000 ) ;
#1485 = AXIS2_PLACEMENT_3D ( 'NONE', #1562, #5208, #633 ) ;
#1486 =( BOUNDED_SURFACE ( )  B_SPLINE_SURFACE ( 3, 2, ( 
 ( #4508, #4539, #3214 ),
 ( #5461, #3607, #404 ),
 ( #1333, #2289, #2319 ),
 ( #1362, #3184, #5873 ),
 ( #3158, #493, #433 ),
 ( #5012, #917, #3697 ),
 ( #2736, #5489, #5039 ),
 ( #940, #2467, #2435 ),
 ( #4328, #5217, #1958 ),
 ( #3305, #1065, #5123 ) ),
 .UNSPECIFIED., .F., .F., .F. ) 
 B_SPLINE_SURFACE_WITH_KNOTS ( ( 4, 2, 2, 2, 4 ),
 ( 3, 3 ),
 ( 6.283185307179586232, 6.675884388878310816, 7.068583470577034511, 7.461282552275758206, 7.853981633974482790 ),
 ( 0.000000000000000000, 1.000000000000000000 ),
 .UNSPECIFIED. ) 
 GEOMETRIC_REPRESENTATION_ITEM ( )  RATIONAL_B_SPLINE_SURFACE ( (
 ( 1.000000000000000000, 0.7489557207890021884, 1.000000000000000000),
 ( 1.000000000000000000, 0.7486101375367995026, 1.000000000000000000),
 ( 1.000000000000000000, 0.7650215021959809736, 1.000000000000000000),
 ( 1.000000000000000000, 0.8164136692097667680, 1.000000000000000000),
 ( 1.000000000000000000, 0.8509138613480622393, 1.000000000000000000),
 ( 1.000000000000000000, 0.9159673863324784282, 1.000000000000000000),
 ( 1.000000000000000000, 0.9463101462234592143, 1.000000000000000000),
 ( 1.000000000000000000, 0.9883219855915688079, 1.000000000000000000),
 ( 1.000000000000000000, 1.000148311613697549, 1.000000000000000000),
 ( 1.000000000000000000, 1.000000000000000000, 1.000000000000000000) ) ) 
 REPRESENTATION_ITEM ( '' )  SURFACE ( )  );
#1487 = CARTESIAN_POINT ( 'NONE',  ( -8.266756294719684206, -1.175632637425476363E-15, -2.867558083755680443 ) ) ;
#1488 = DIRECTION ( 'NONE',  ( 0.000000000000000000, -1.000000000000000000, 0.000000000000000000 ) ) ;
#1489 = ORIENTED_EDGE ( 'NONE', *, *, #3880, .T. ) ;
#1490 = ORIENTED_EDGE ( 'NONE', *, *, #1031, .F. ) ;
#1491 = EDGE_CURVE ( 'NONE', #4402, #1334, #5288, .T. ) ;
#1492 = CARTESIAN_POINT ( 'NONE',  ( -7.441756294719680476, -1.500000000000000000, 4.296499999999998209 ) ) ;
#1493 = FACE_OUTER_BOUND ( 'NONE', #4423, .T. ) ;
#1494 = CARTESIAN_POINT ( 'NONE',  ( 9.062260783623850458, 0.000000000000000000, -5.636243891324555833 ) ) ;
#1495 = LINE ( 'NONE', #652, #2727 ) ;
#1496 = EDGE_LOOP ( 'NONE', ( #1592, #2420, #3311, #2094 ) ) ;
#1497 = DIRECTION ( 'NONE',  ( -0.8660254037844384856, 0.000000000000000000, 0.5000000000000002220 ) ) ;
#1498 = ORIENTED_EDGE ( 'NONE', *, *, #2594, .F. ) ;
#1499 = CARTESIAN_POINT ( 'NONE',  ( 13.53608875207182649, -1.500000000000000000, -5.909808596457565955 ) ) ;
#1500 = ORIENTED_EDGE ( 'NONE', *, *, #2185, .T. ) ;
#1501 = EDGE_CURVE ( 'NONE', #1417, #3289, #4513, .T. ) ;
#1502 = VERTEX_POINT ( 'NONE', #1785 ) ;
#1503 = ADVANCED_FACE ( 'NONE', ( #3612 ), #4959, .T. ) ;
#1504 = CARTESIAN_POINT ( 'NONE',  ( 1.649999999999999911, -1.939065328297426172, 7.211273075820659351 ) ) ;
#1505 = DIRECTION ( 'NONE',  ( -0.000000000000000000, -0.000000000000000000, -1.000000000000000000 ) ) ;
#1506 = CARTESIAN_POINT ( 'NONE',  ( -5.197278639992448213, 12.00000000000000000, 3.000650221853188970 ) ) ;
#1507 = DIRECTION ( 'NONE',  ( 0.8660254037844389297, 0.000000000000000000, -0.4999999999999996669 ) ) ;
#1508 = PLANE ( 'NONE',  #3821 ) ;
#1509 = ORIENTED_EDGE ( 'NONE', *, *, #2707, .F. ) ;
#1510 = ADVANCED_FACE ( 'NONE', ( #862 ), #5580, .T. ) ;
#1511 = DIRECTION ( 'NONE',  ( -0.8595701817498694330, 0.1218693434051477537, -0.4962730758206561621 ) ) ;
#1512 = FACE_OUTER_BOUND ( 'NONE', #1704, .T. ) ;
#1513 = DIRECTION ( 'NONE',  ( 1.000000000000000000, 0.000000000000000000, -0.000000000000000000 ) ) ;
#1514 = CARTESIAN_POINT ( 'NONE',  ( -6.565156314724635678, -1.591412599021633678, 2.346826103843715927 ) ) ;
#1515 = CARTESIAN_POINT ( 'NONE',  ( -3.905078784743220233, -1.658855474347328718, 6.582430575692029606 ) ) ;
#1516 = ORIENTED_EDGE ( 'NONE', *, *, #3767, .F. ) ;
#1517 =( BOUNDED_CURVE ( )  B_SPLINE_CURVE ( 3, ( #2119, #5375, #2627, #804 ),
 .UNSPECIFIED., .F., .T. ) 
 B_SPLINE_CURVE_WITH_KNOTS ( ( 4, 4 ),
 ( -8.881784197001252323E-16, 0.5203651500921385731 ),
 .UNSPECIFIED. ) 
 CURVE ( )  GEOMETRIC_REPRESENTATION_ITEM ( )  RATIONAL_B_SPLINE_CURVE ( ( 1.000000000000000000, 0.9775620170230114869, 0.9775620170230114869, 1.000000000000000000 ) ) 
 REPRESENTATION_ITEM ( '' )  );
#1518 = DIRECTION ( 'NONE',  ( 1.877893248421449036E-16, 1.000000000000000000, 3.252606517456514288E-16 ) ) ;
#1519 = CARTESIAN_POINT ( 'NONE',  ( 8.126018952722912303, -2.000000000000000000, -4.143076474064427472 ) ) ;
#1520 = AXIS2_PLACEMENT_3D ( 'NONE', #4341, #318, #2629 ) ;
#1521 = CARTESIAN_POINT ( 'NONE',  ( -6.616756294719683851, -1.500000000000000000, 5.725441916244324858 ) ) ;
#1522 = AXIS2_PLACEMENT_3D ( 'NONE', #5836, #844, #5863 ) ;
#1523 = DIRECTION ( 'NONE',  ( 0.000000000000000000, 1.000000000000000000, 0.000000000000000000 ) ) ;
#1524 = VERTEX_POINT ( 'NONE', #1623 ) ;
#1525 = CARTESIAN_POINT ( 'NONE',  ( 7.673549935046847459, -1.872878619122002375, 5.314094062282119779 ) ) ;
#1526 = VERTEX_POINT ( 'NONE', #2664 ) ;
#1527 = DIRECTION ( 'NONE',  ( 0.000000000000000000, 0.000000000000000000, -1.000000000000000000 ) ) ;
#1528 = VECTOR ( 'NONE', #3330, 1000.000000000000000 ) ;
#1529 = ORIENTED_EDGE ( 'NONE', *, *, #736, .F. ) ;
#1530 = ORIENTED_EDGE ( 'NONE', *, *, #3251, .F. ) ;
#1531 = VECTOR ( 'NONE', #1533, 1000.000000000000227 ) ;
#1532 = LINE ( 'NONE', #4374, #4070 ) ;
#1533 = DIRECTION ( 'NONE',  ( -0.4999999999999998890, 0.000000000000000000, -0.8660254037844385966 ) ) ;
#1534 = CIRCLE ( 'NONE', #5158, 0.9999999999999996669 ) ;
#1535 = EDGE_CURVE ( 'NONE', #2363, #4354, #332, .T. ) ;
#1536 = DIRECTION ( 'NONE',  ( 0.8660254037844347108, 0.000000000000000000, -0.5000000000000071054 ) ) ;
#1537 = CARTESIAN_POINT ( 'NONE',  ( 8.549768996611899041, -2.000000000000000000, 3.377365704891006182 ) ) ;
#1538 = EDGE_CURVE ( 'NONE', #2940, #3255, #2160, .T. ) ;
#1539 = VECTOR ( 'NONE', #3596, 1000.000000000000000 ) ;
#1540 = DIRECTION ( 'NONE',  ( 0.000000000000000000, 0.000000000000000000, 1.000000000000000000 ) ) ;
#1541 = ORIENTED_EDGE ( 'NONE', *, *, #2071, .T. ) ;
#1542 = DIRECTION ( 'NONE',  ( -0.8660254037844385966, 0.000000000000000000, -0.5000000000000000000 ) ) ;
#1543 = CIRCLE ( 'NONE', #3835, 0.4999999999999995559 ) ;
#1544 = DIRECTION ( 'NONE',  ( 0.000000000000000000, 0.1218693434051474345, 0.9925461516413220942 ) ) ;
#1545 = EDGE_CURVE ( 'NONE', #20, #2988, #4449, .T. ) ;
#1546 = CARTESIAN_POINT ( 'NONE',  ( 7.560752083711955507, -1.648747737362061150, -0.2481365379103316615 ) ) ;
#1547 = CARTESIAN_POINT ( 'NONE',  ( -5.329568894867795947, -2.000000000000000000, -4.906696109086329471 ) ) ;
#1548 = DIRECTION ( 'NONE',  ( -0.000000000000000000, 1.000000000000000000, 0.000000000000000000 ) ) ;
#1549 = CARTESIAN_POINT ( 'NONE',  ( -5.314989181555448639, -1.591412599021611474, 4.512179096445494864 ) ) ;
#1550 = VERTEX_POINT ( 'NONE', #785 ) ;
#1551 = DIRECTION ( 'NONE',  ( 0.8660254037844385966, 0.000000000000000000, -0.5000000000000000000 ) ) ;
#1552 = CARTESIAN_POINT ( 'NONE',  ( -8.699768996611901173, -2.000000000000000000, 3.117558083755675113 ) ) ;
#1553 = DIRECTION ( 'NONE',  ( 0.8660254037844384856, 0.000000000000000000, 0.5000000000000004441 ) ) ;
#1554 = AXIS2_PLACEMENT_3D ( 'NONE', #5124, #1094, #2915 ) ;
#1555 = FACE_BOUND ( 'NONE', #1138, .T. ) ;
#1556 = ORIENTED_EDGE ( 'NONE', *, *, #6, .F. ) ;
#1557 = CARTESIAN_POINT ( 'NONE',  ( -4.324168099243769881, 0.000000000000000000, -8.482224999999983694 ) ) ;
#1558 = VERTEX_POINT ( 'NONE', #753 ) ;
#1559 = CARTESIAN_POINT ( 'NONE',  ( 1.649999999999999911, 1.408343819019456028E-16, 8.592999999999999972 ) ) ;
#1560 = EDGE_LOOP ( 'NONE', ( #1483, #4037, #3861, #4251 ) ) ;
#1561 = ORIENTED_EDGE ( 'NONE', *, *, #5916, .F. ) ;
#1562 = CARTESIAN_POINT ( 'NONE',  ( 5.249845997741272363, -2.000000000000000000, -9.092999999999998195 ) ) ;
#1563 = AXIS2_PLACEMENT_3D ( 'NONE', #4314, #2090, #654 ) ;
#1564 = ADVANCED_FACE ( 'NONE', ( #3026 ), #4441, .T. ) ;
#1565 = PLANE ( 'NONE',  #1815 ) ;
#1566 = LINE ( 'NONE', #3391, #3447 ) ;
#1567 = PLANE ( 'NONE',  #4775 ) ;
#1568 = LINE ( 'NONE', #2430, #4398 ) ;
#1569 = AXIS2_PLACEMENT_3D ( 'NONE', #101, #2323, #4095 ) ;
#1570 = ORIENTED_EDGE ( 'NONE', *, *, #4427, .T. ) ;
#1571 = LINE ( 'NONE', #3937, #4675 ) ;
#1572 = CARTESIAN_POINT ( 'NONE',  ( -4.021580261488857388, -2.019911312029148753, 6.469308263794167679 ) ) ;
#1573 = CARTESIAN_POINT ( 'NONE',  ( 3.989266092157445875, -2.000000000000033751, -6.529012379215205719 ) ) ;
#1574 = ADVANCED_FACE ( 'NONE', ( #3452 ), #5327, .T. ) ;
#1575 = EDGE_CURVE ( 'NONE', #3091, #1133, #3991, .T. ) ;
#1576 = DIRECTION ( 'NONE',  ( 0.8660254037844384856, 0.000000000000000000, 0.5000000000000004441 ) ) ;
#1577 = CARTESIAN_POINT ( 'NONE',  ( -2.940444920982763666, -2.000000000000000000, -5.092999999999999972 ) ) ;
#1578 = VECTOR ( 'NONE', #3433, 1000.000000000000000 ) ;
#1579 = CARTESIAN_POINT ( 'NONE',  ( -3.739234216618148476, -1.656150218391253981, -6.649643813645281121 ) ) ;
#1580 = EDGE_LOOP ( 'NONE', ( #174, #5826, #4444, #3119, #143, #1864, #5140, #52 ) ) ;
#1581 = TOROIDAL_SURFACE ( 'NONE', #4928, 3.500000000000000000, 0.5000000000000000000 ) ;
#1582 = CARTESIAN_POINT ( 'NONE',  ( -2.670229079848836395, 10.98008868797085036, 5.121245509966735554 ) ) ;
#1583 = ADVANCED_FACE ( 'NONE', ( #4829 ), #1712, .T. ) ;
#1584 = DIRECTION ( 'NONE',  ( 2.152241387803296250E-16, -0.9925461516413219831, 0.1218693434051477398 ) ) ;
#1585 = CARTESIAN_POINT ( 'NONE',  ( 7.632781698504119916, -2.000000000000000000, 4.965634295108991125 ) ) ;
#1586 = DIRECTION ( 'NONE',  ( -0.000000000000000000, 1.000000000000000000, -0.000000000000000000 ) ) ;
#1587 = VERTEX_POINT ( 'NONE', #5359 ) ;
#1588 = CARTESIAN_POINT ( 'NONE',  ( -7.904580156411904035, -2.000000000000000000, -0.4466457682385949757 ) ) ;
#1589 = EDGE_LOOP ( 'NONE', ( #5498, #4699, #4790 ) ) ;
#1590 = CARTESIAN_POINT ( 'NONE',  ( 3.876907057608334650, 10.56093467170257050, 5.172711151804925578 ) ) ;
#1591 = ORIENTED_EDGE ( 'NONE', *, *, #2165, .F. ) ;
#1592 = ORIENTED_EDGE ( 'NONE', *, *, #2534, .T. ) ;
#1593 = CARTESIAN_POINT ( 'NONE',  ( 1.649999999999999911, -2.000000000000000000, 8.592999999999999972 ) ) ;
#1594 = DIRECTION ( 'NONE',  ( -0.8660254037844385966, 0.000000000000000000, 0.4999999999999997780 ) ) ;
#1595 = CARTESIAN_POINT ( 'NONE',  ( 9.641058328284639600, 0.000000000000000000, 3.805013812727840759E-15 ) ) ;
#1596 = FACE_OUTER_BOUND ( 'NONE', #3601, .T. ) ;
#1597 = CARTESIAN_POINT ( 'NONE',  ( -6.773457863650182098, -1.500000000000000000, -2.582752101786883969 ) ) ;
#1598 = PRODUCT_DEFINITION ( 'UNKNOWN', '', #2023, #2164 ) ;
#1599 = ORIENTED_EDGE ( 'NONE', *, *, #1250, .T. ) ;
#1600 = DIRECTION ( 'NONE',  ( 1.000000000000000000, 0.000000000000000000, 0.000000000000000000 ) ) ;
#1601 = CIRCLE ( 'NONE', #2465, 0.5000000000000004441 ) ;
#1602 = LINE ( 'NONE', #4580, #1729 ) ;
#1603 = DIRECTION ( 'NONE',  ( -0.9900983315263909290, 0.1403755459781254877, -5.329070518200751394E-15 ) ) ;
#1604 = ADVANCED_FACE ( 'NONE', ( #2579 ), #4860, .T. ) ;
#1605 = DIRECTION ( 'NONE',  ( -0.8660254037844391517, 0.000000000000000000, 0.4999999999999992228 ) ) ;
#1606 = EDGE_CURVE ( 'NONE', #5467, #2053, #1230, .T. ) ;
#1607 = ORIENTED_EDGE ( 'NONE', *, *, #2668, .F. ) ;
#1608 = PLANE ( 'NONE',  #1700 ) ;
#1609 = LINE ( 'NONE', #1552, #4257 ) ;
#1610 = CARTESIAN_POINT ( 'NONE',  ( 11.23833650761973857, -1.175632637425476363E-15, 7.816362227054002965 ) ) ;
#1611 = DIRECTION ( 'NONE',  ( 0.000000000000000000, 1.000000000000000000, 0.000000000000000000 ) ) ;
#1612 = ORIENTED_EDGE ( 'NONE', *, *, #1430, .T. ) ;
#1613 = DIRECTION ( 'NONE',  ( -0.5000000000000001110, -0.000000000000000000, -0.8660254037844387076 ) ) ;
#1614 = EDGE_CURVE ( 'NONE', #4026, #1974, #713, .T. ) ;
#1615 = ORIENTED_EDGE ( 'NONE', *, *, #359, .F. ) ;
#1616 = DIRECTION ( 'NONE',  ( 0.000000000000000000, 0.000000000000000000, -1.000000000000000000 ) ) ;
#1617 = VERTEX_POINT ( 'NONE', #3962 ) ;
#1618 = AXIS2_PLACEMENT_3D ( 'NONE', #504, #1011, #4664 ) ;
#1619 = ORIENTED_EDGE ( 'NONE', *, *, #5875, .F. ) ;
#1620 = AXIS2_PLACEMENT_3D ( 'NONE', #4124, #102, #977 ) ;
#1621 = LINE ( 'NONE', #1593, #4838 ) ;
#1622 = CARTESIAN_POINT ( 'NONE',  ( 0.8500000000000016431, 0.000000000000000000, -9.592999999999999972 ) ) ;
#1623 = CARTESIAN_POINT ( 'NONE',  ( 8.732781698504119561, -1.500000000000000000, 4.060378406783225813 ) ) ;
#1624 = CARTESIAN_POINT ( 'NONE',  ( -7.604844706266850274, -1.653574242655838189, 0.1729511160726801278 ) ) ;
#1625 = VECTOR ( 'NONE', #3058, 1000.000000000000000 ) ;
#1626 = CARTESIAN_POINT ( 'NONE',  ( 10.49969199548253584, -2.000000000000000000, -5.202235235932762518E-15 ) ) ;
#1627 = AXIS2_PLACEMENT_3D ( 'NONE', #1231, #1265, #2039 ) ;
#1628 = EDGE_LOOP ( 'NONE', ( #1060, #1847, #1612, #2893, #4897 ) ) ;
#1629 = CARTESIAN_POINT ( 'NONE',  ( -6.613956040248536006, -1.175632637425476363E-15, -2.490663681109705596 ) ) ;
#1630 = CIRCLE ( 'NONE', #766, 0.5000000000000004441 ) ;
#1631 = VECTOR ( 'NONE', #448, 1000.000000000000000 ) ;
#1632 = LINE ( 'NONE', #4805, #95 ) ;
#1633 = PERSON_AND_ORGANIZATION ( #2951, #4141 ) ;
#1634 = CIRCLE ( 'NONE', #2206, 0.5000000000000000000 ) ;
#1635 = EDGE_CURVE ( 'NONE', #5202, #453, #4353, .T. ) ;
#1636 = CARTESIAN_POINT ( 'NONE',  ( -0.7126447607531658512, -1.925077597708595212, -9.242584578182309940 ) ) ;
#1637 = FACE_OUTER_BOUND ( 'NONE', #393, .T. ) ;
#1638 = DIRECTION ( 'NONE',  ( -0.4999999999999998890, 0.000000000000000000, -0.8660254037844385966 ) ) ;
#1639 = ORIENTED_EDGE ( 'NONE', *, *, #1642, .T. ) ;
#1640 = CARTESIAN_POINT ( 'NONE',  ( 5.249845997741266146, -2.000000000000000000, 9.092999999999999972 ) ) ;
#1641 = DIRECTION ( 'NONE',  ( -0.8660254037844383745, 0.000000000000000000, -0.5000000000000004441 ) ) ;
#1642 = EDGE_CURVE ( 'NONE', #2671, #5681, #842, .T. ) ;
#1643 = EDGE_CURVE ( 'NONE', #414, #1803, #3900, .T. ) ;
#1644 = DIRECTION ( 'NONE',  ( -0.4999999999999998890, 0.000000000000000000, 0.8660254037844387076 ) ) ;
#1645 = CARTESIAN_POINT ( 'NONE',  ( 0.000000000000000000, 11.00000000000000000, 0.000000000000000000 ) ) ;
#1646 = ORIENTED_EDGE ( 'NONE', *, *, #4950, .F. ) ;
#1647 = CARTESIAN_POINT ( 'NONE',  ( 1.149999999999999911, 1.408343819019456028E-16, 6.973185790923612792 ) ) ;
#1648 = ORIENTED_EDGE ( 'NONE', *, *, #4238, .T. ) ;
#1649 = DIRECTION ( 'NONE',  ( -0.4999999999999998890, 0.000000000000000000, 0.8660254037844387076 ) ) ;
#1650 = ORIENTED_EDGE ( 'NONE', *, *, #2313, .T. ) ;
#1651 = ORIENTED_EDGE ( 'NONE', *, *, #5699, .F. ) ;
#1652 = DIRECTION ( 'NONE',  ( 0.000000000000000000, -1.000000000000000000, -0.000000000000000000 ) ) ;
#1653 = ADVANCED_FACE ( 'NONE', ( #5388 ), #5273, .F. ) ;
#1654 = ADVANCED_FACE ( 'NONE', ( #5743 ), #3510, .T. ) ;
#1655 = CIRCLE ( 'NONE', #3271, 0.5000000000000004441 ) ;
#1656 = DIRECTION ( 'NONE',  ( 0.4999999999999998335, -0.000000000000000000, 0.8660254037844387076 ) ) ;
#1657 = CARTESIAN_POINT ( 'NONE',  ( 8.911978755211062975, -1.500000000000000000, -1.750000000000001998 ) ) ;
#1658 = CARTESIAN_POINT ( 'NONE',  ( -5.880889841965529108, -2.000000000000000000, -1.301042606982605321E-15 ) ) ;
#1659 = CARTESIAN_POINT ( 'NONE',  ( -3.975648796311916477, 13.00000000000000000, -6.001300443706278465 ) ) ;
#1660 = ORIENTED_EDGE ( 'NONE', *, *, #1328, .T. ) ;
#1661 = CIRCLE ( 'NONE', #5567, 0.4999999999999997224 ) ;
#1662 = CYLINDRICAL_SURFACE ( 'NONE', #4960, 0.5000000000000004441 ) ;
#1663 = EDGE_CURVE ( 'NONE', #5174, #3029, #4261, .T. ) ;
#1664 = TOROIDAL_SURFACE ( 'NONE', #5002, 1.000000000000000000, 0.5000000000000000000 ) ;
#1665 = CARTESIAN_POINT ( 'NONE',  ( 2.940444920982763222, -1.500000000000000000, 9.092999999999999972 ) ) ;
#1666 = COORDINATED_UNIVERSAL_TIME_OFFSET ( 1, 0, .AHEAD. ) ;
#1667 = FACE_OUTER_BOUND ( 'NONE', #1496, .T. ) ;
#1668 = CARTESIAN_POINT ( 'NONE',  ( -5.578575225790654457, -1.792893218813451872, -4.548697527440953792 ) ) ;
#1669 = DIRECTION ( 'NONE',  ( 0.5000000000000071054, 0.000000000000000000, 0.8660254037844344888 ) ) ;
#1670 = ORIENTED_EDGE ( 'NONE', *, *, #2447, .T. ) ;
#1671 = LINE ( 'NONE', #4478, #552 ) ;
#1672 = DIRECTION ( 'NONE',  ( -3.577867169202164632E-15, 0.000000000000000000, -1.000000000000000000 ) ) ;
#1673 = AXIS2_PLACEMENT_3D ( 'NONE', #3074, #4848, #1641 ) ;
#1674 = CARTESIAN_POINT ( 'NONE',  ( 7.882781698504124357, -1.500000000000000000, -5.532621593216773270 ) ) ;
#1675 = VECTOR ( 'NONE', #3630, 1000.000000000000114 ) ;
#1676 = FACE_OUTER_BOUND ( 'NONE', #1926, .T. ) ;
#1677 = ORIENTED_EDGE ( 'NONE', *, *, #4574, .T. ) ;
#1678 = DIRECTION ( 'NONE',  ( 0.8660254037844390407, 0.000000000000000000, 0.4999999999999994449 ) ) ;
#1679 = ORIENTED_EDGE ( 'NONE', *, *, #2953, .F. ) ;
#1680 = FACE_OUTER_BOUND ( 'NONE', #3743, .T. ) ;
#1681 = EDGE_CURVE ( 'NONE', #4931, #1558, #4999, .T. ) ;
#1682 = VERTEX_POINT ( 'NONE', #3710 ) ;
#1683 = VECTOR ( 'NONE', #2807, 1000.000000000000227 ) ;
#1684 = VERTEX_POINT ( 'NONE', #902 ) ;
#1685 = CARTESIAN_POINT ( 'NONE',  ( 1.149999999999999911, -1.500000000000000000, 8.592999999999999972 ) ) ;
#1686 = AXIS2_PLACEMENT_3D ( 'NONE', #3708, #4077, #1856 ) ;
#1687 = FACE_OUTER_BOUND ( 'NONE', #750, .T. ) ;
#1688 = DIRECTION ( 'NONE',  ( 3.542265381399703035E-15, 0.000000000000000000, 1.000000000000000000 ) ) ;
#1689 = CARTESIAN_POINT ( 'NONE',  ( 0.4750000000000014766, -2.000000000000000000, -9.108877081724070734 ) ) ;
#1690 = DIRECTION ( 'NONE',  ( 0.8660254037844387076, -0.000000000000000000, -0.4999999999999997780 ) ) ;
#1691 = EDGE_CURVE ( 'NONE', #4305, #2564, #449, .T. ) ;
#1692 = ADVANCED_FACE ( 'NONE', ( #876 ), #1771, .T. ) ;
#1693 = VERTEX_POINT ( 'NONE', #4163 ) ;
#1694 = CARTESIAN_POINT ( 'NONE',  ( 6.929704853323308100, 12.00000000000000000, 9.974659986866640793E-15 ) ) ;
#1695 = CARTESIAN_POINT ( 'NONE',  ( 4.021580261488855612, -2.019911312029149197, -6.469308263794168568 ) ) ;
#1696 = APPROVAL_ROLE ( '' ) ;
#1697 = DIRECTION ( 'NONE',  ( 0.000000000000000000, 1.000000000000000000, 0.000000000000000000 ) ) ;
#1698 = ORIENTED_EDGE ( 'NONE', *, *, #1397, .T. ) ;
#1699 = CARTESIAN_POINT ( 'NONE',  ( 5.829670654911193850, 10.56093467170257227, 0.2481365379103289415 ) ) ;
#1700 = AXIS2_PLACEMENT_3D ( 'NONE', #3127, #4989, #579 ) ;
#1701 = DIRECTION ( 'NONE',  ( -0.000000000000000000, 1.000000000000000000, 0.000000000000000000 ) ) ;
#1702 = CARTESIAN_POINT ( 'NONE',  ( -5.971533834228296200, -2.000000000000000000, -6.843000000000001748 ) ) ;
#1703 = DIRECTION ( 'NONE',  ( -0.000000000000000000, 1.000000000000000000, 0.000000000000000000 ) ) ;
#1704 = EDGE_LOOP ( 'NONE', ( #4582, #5369, #2444, #4851 ) ) ;
#1705 = DIRECTION ( 'NONE',  ( -1.000000000000000000, 0.000000000000000000, 0.000000000000000000 ) ) ;
#1706 = ORIENTED_EDGE ( 'NONE', *, *, #1757, .F. ) ;
#1707 = CARTESIAN_POINT ( 'NONE',  ( 8.982781698504124890, -1.500000000000000000, -3.627365704891007958 ) ) ;
#1708 = VERTEX_POINT ( 'NONE', #5504 ) ;
#1709 = ORIENTED_EDGE ( 'NONE', *, *, #2118, .T. ) ;
#1710 = CARTESIAN_POINT ( 'NONE',  ( 2.428612866367529932E-14, 11.00000000000000000, 3.999999999999999112 ) ) ;
#1711 = CARTESIAN_POINT ( 'NONE',  ( -5.380159738467042985, -1.574912004090013085, -4.507011466120443899 ) ) ;
#1712 = CYLINDRICAL_SURFACE ( 'NONE', #2813, 1.000000000000000000 ) ;
#1713 = CARTESIAN_POINT ( 'NONE',  ( -7.560752083711956395, -1.648747737362061150, 0.2481365379103301905 ) ) ;
#1714 = CARTESIAN_POINT ( 'NONE',  ( -10.49969199548253584, -2.000000000000000000, -1.705543596374835113E-15 ) ) ;
#1715 = EDGE_LOOP ( 'NONE', ( #4416, #5402, #3736, #4371 ) ) ;
#1716 = DIRECTION ( 'NONE',  ( 9.389466242107248876E-17, -1.000000000000000000, -1.626303258728257637E-16 ) ) ;
#1717 = EDGE_CURVE ( 'NONE', #2692, #4588, #3200, .T. ) ;
#1718 = ADVANCED_FACE ( 'NONE', ( #2781 ), #2724, .F. ) ;
#1719 = AXIS2_PLACEMENT_3D ( 'NONE', #5047, #2325, #3615 ) ;
#1720 = CARTESIAN_POINT ( 'NONE',  ( -4.324168099243769881, 0.000000000000000000, -8.482224999999983694 ) ) ;
#1721 = SHAPE_DEFINITION_REPRESENTATION ( #3208, #1246 ) ;
#1722 = VECTOR ( 'NONE', #1983, 1000.000000000000000 ) ;
#1723 = CIRCLE ( 'NONE', #5254, 0.5000000000000000000 ) ;
#1724 = EDGE_CURVE ( 'NONE', #2214, #1134, #4526, .T. ) ;
#1725 = DIRECTION ( 'NONE',  ( -0.000000000000000000, -1.000000000000000000, -0.000000000000000000 ) ) ;
#1726 = DIRECTION ( 'NONE',  ( -0.4999999999999958367, 0.000000000000000000, -0.8660254037844410391 ) ) ;
#1727 = CIRCLE ( 'NONE', #5540, 0.5000000000000000000 ) ;
#1728 = ORIENTED_EDGE ( 'NONE', *, *, #1472, .F. ) ;
#1729 = VECTOR ( 'NONE', #478, 1000.000000000000000 ) ;
#1730 = CARTESIAN_POINT ( 'NONE',  ( 7.699768996611899396, -2.299999999999999822, 4.849608891324550974 ) ) ;
#1731 = CARTESIAN_POINT ( 'NONE',  ( 7.632781698504116363, -1.994033754979403827, 5.055321281594287619 ) ) ;
#1732 = EDGE_CURVE ( 'NONE', #148, #203, #2307, .T. ) ;
#1733 = DIRECTION ( 'NONE',  ( 0.4999999999999996669, -6.079875269239362925E-16, 0.8660254037844389297 ) ) ;
#1734 = CARTESIAN_POINT ( 'NONE',  ( -6.770822330615466456, -1.175632637425476363E-15, -5.237041714352112187 ) ) ;
#1735 = VERTEX_POINT ( 'NONE', #3652 ) ;
#1736 = ORIENTED_EDGE ( 'NONE', *, *, #293, .F. ) ;
#1737 = DIRECTION ( 'NONE',  ( 0.4999999999999998890, 0.000000000000000000, 0.8660254037844385966 ) ) ;
#1738 = ORIENTED_EDGE ( 'NONE', *, *, #3879, .F. ) ;
#1739 = ORIENTED_EDGE ( 'NONE', *, *, #5811, .F. ) ;
#1740 = CARTESIAN_POINT ( 'NONE',  ( 7.632781698504124357, -1.500000000000000000, -5.965634295108992902 ) ) ;
#1741 = CARTESIAN_POINT ( 'NONE',  ( -5.432413062025276851, -1.936893568688134337, -4.750897522171127818 ) ) ;
#1742 = DIRECTION ( 'NONE',  ( 0.000000000000000000, 0.000000000000000000, -1.000000000000000000 ) ) ;
#1743 = DIRECTION ( 'NONE',  ( -0.5000000000000009992, 0.000000000000000000, -0.8660254037844380415 ) ) ;
#1744 = DIRECTION ( 'NONE',  ( 0.8660254037844385966, 0.000000000000000000, 0.5000000000000003331 ) ) ;
#1745 = ORIENTED_EDGE ( 'NONE', *, *, #3959, .F. ) ;
#1746 = CARTESIAN_POINT ( 'NONE',  ( 9.662260783623846550, -2.299999999999999822, 4.597013406783227119 ) ) ;
#1747 = AXIS2_PLACEMENT_3D ( 'NONE', #4510, #1726, #3551 ) ;
#1748 = CARTESIAN_POINT ( 'NONE',  ( 3.989266092157463639, -2.000000000000100364, 6.529012379215234141 ) ) ;
#1749 = PERSON_AND_ORGANIZATION_ROLE ( 'creator' ) ;
#1750 = VECTOR ( 'NONE', #289, 1000.000000000000227 ) ;
#1751 = ADVANCED_FACE ( 'NONE', ( #55 ), #1377, .F. ) ;
#1752 = DIRECTION ( 'NONE',  ( -0.8660254037844344888, 0.000000000000000000, 0.5000000000000073275 ) ) ;
#1753 = FACE_OUTER_BOUND ( 'NONE', #4996, .T. ) ;
#1754 = EDGE_LOOP ( 'NONE', ( #154, #2720, #520, #4217 ) ) ;
#1755 = VECTOR ( 'NONE', #3882, 1000.000000000000000 ) ;
#1756 = ADVANCED_FACE ( 'NONE', ( #5445 ), #5587, .T. ) ;
#1757 = EDGE_CURVE ( 'NONE', #1255, #242, #3010, .T. ) ;
#1758 = LINE ( 'NONE', #891, #4569 ) ;
#1759 = CARTESIAN_POINT ( 'NONE',  ( -3.464852426661595874, 13.00000000000000000, 6.001300443706328203 ) ) ;
#1760 = DIRECTION ( 'NONE',  ( 0.000000000000000000, -1.000000000000000000, -0.000000000000000000 ) ) ;
#1761 = CARTESIAN_POINT ( 'NONE',  ( 9.662260783623850102, 0.000000000000000000, -4.597013406783228895 ) ) ;
#1762 = EDGE_LOOP ( 'NONE', ( #959, #304, #2545, #3928 ) ) ;
#1763 = ORIENTED_EDGE ( 'NONE', *, *, #5405, .T. ) ;
#1764 = DIRECTION ( 'NONE',  ( -0.000000000000000000, 1.000000000000000000, 0.000000000000000000 ) ) ;
#1765 = ADVANCED_FACE ( 'NONE', ( #1831 ), #5017, .T. ) ;
#1766 = EDGE_LOOP ( 'NONE', ( #5383, #5253, #1908, #5857 ) ) ;
#1767 = ORIENTED_EDGE ( 'NONE', *, *, #2602, .F. ) ;
#1768 = FACE_OUTER_BOUND ( 'NONE', #2125, .T. ) ;
#1769 = VECTOR ( 'NONE', #1308, 1000.000000000000000 ) ;
#1770 = CARTESIAN_POINT ( 'NONE',  ( -7.613375432102778895, -2.019911312029149197, -0.2481365379103306901 ) ) ;
#1771 = CYLINDRICAL_SURFACE ( 'NONE', #622, 0.5000000000000004441 ) ;
#1772 = DIRECTION ( 'NONE',  ( 1.000000000000000000, 0.000000000000000000, 0.000000000000000000 ) ) ;
#1773 = DIRECTION ( 'NONE',  ( -0.000000000000000000, 1.000000000000000000, 0.000000000000000000 ) ) ;
#1774 = ORIENTED_EDGE ( 'NONE', *, *, #248, .F. ) ;
#1775 = CIRCLE ( 'NONE', #3876, 4.000000000000000000 ) ;
#1776 = CYLINDRICAL_SURFACE ( 'NONE', #3586, 0.5000000000000001110 ) ;
#1777 = DIRECTION ( 'NONE',  ( -1.084202172485504557E-16, 1.000000000000000000, 0.000000000000000000 ) ) ;
#1778 = CARTESIAN_POINT ( 'NONE',  ( 3.952202413265219150, -1.653574242655803328, 6.499513149426378256 ) ) ;
#1779 = CC_DESIGN_DATE_AND_TIME_ASSIGNMENT ( #2108, #4867, ( #1598 ) ) ;
#1780 = DIRECTION ( 'NONE',  ( -0.000000000000000000, 1.000000000000000000, 0.000000000000000000 ) ) ;
#1781 = CARTESIAN_POINT ( 'NONE',  ( -6.669913060601343702, -1.538934585290528956, -2.507943310779706003 ) ) ;
#1782 = CARTESIAN_POINT ( 'NONE',  ( 9.845273485516068845, -2.299999999999999822, -5.280026108675449414 ) ) ;
#1783 = ORIENTED_EDGE ( 'NONE', *, *, #3212, .T. ) ;
#1784 = DIRECTION ( 'NONE',  ( -3.577867169202164632E-15, 0.000000000000000000, -1.000000000000000000 ) ) ;
#1785 = CARTESIAN_POINT ( 'NONE',  ( 8.549768996611899041, 0.000000000000000000, 3.377365704891006626 ) ) ;
#1786 = EDGE_CURVE ( 'NONE', #231, #3532, #3229, .T. ) ;
#1787 = ADVANCED_FACE ( 'NONE', ( #958 ), #4050, .T. ) ;
#1788 = DIRECTION ( 'NONE',  ( 0.5000000000000002220, 0.000000000000000000, -0.8660254037844384856 ) ) ;
#1789 = CARTESIAN_POINT ( 'NONE',  ( 0.3500000000000011435, -2.299999999999999822, -9.592999999999999972 ) ) ;
#1790 = VERTEX_POINT ( 'NONE', #1323 ) ;
#1791 = EDGE_LOOP ( 'NONE', ( #2239, #3352, #1882, #1855, #2903 ) ) ;
#1792 = AXIS2_PLACEMENT_3D ( 'NONE', #1492, #2862, #1551 ) ;
#1793 = ORIENTED_EDGE ( 'NONE', *, *, #5366, .T. ) ;
#1794 = EDGE_LOOP ( 'NONE', ( #499, #2782, #3083, #3563 ) ) ;
#1795 = DIRECTION ( 'NONE',  ( 0.000000000000000000, 0.000000000000000000, 1.000000000000000000 ) ) ;
#1796 = AXIS2_PLACEMENT_3D ( 'NONE', #4234, #5429, #2234 ) ;
#1797 = EDGE_CURVE ( 'NONE', #4822, #4256, #3141, .T. ) ;
#1798 = CARTESIAN_POINT ( 'NONE',  ( -5.553317666413586373, -1.751808886032488966, -4.606984242432689669 ) ) ;
#1799 = CARTESIAN_POINT ( 'NONE',  ( 7.183590341227844789, -2.080845983731722804, -1.572093150103981429E-15 ) ) ;
#1800 = ORIENTED_EDGE ( 'NONE', *, *, #3136, .F. ) ;
#1801 = CARTESIAN_POINT ( 'NONE',  ( -3.590383663691712357, -2.000000000000000000, -7.068890105822378089 ) ) ;
#1802 = DIRECTION ( 'NONE',  ( 0.5000000000000002220, 0.000000000000000000, -0.8660254037844384856 ) ) ;
#1803 = VERTEX_POINT ( 'NONE', #2419 ) ;
#1804 = CARTESIAN_POINT ( 'NONE',  ( 8.732781698504119561, -4.324390700601972776E-31, 4.060378406783225813 ) ) ;
#1805 = DIRECTION ( 'NONE',  ( -0.000000000000000000, 1.000000000000000000, 0.000000000000000000 ) ) ;
#1806 = DIRECTION ( 'NONE',  ( -0.1403755459781253212, -0.9900983315263910400, 0.000000000000000000 ) ) ;
#1807 = FACE_OUTER_BOUND ( 'NONE', #1225, .T. ) ;
#1808 = ORIENTED_EDGE ( 'NONE', *, *, #42, .F. ) ;
#1809 = VECTOR ( 'NONE', #2052, 1000.000000000000000 ) ;
#1810 = CIRCLE ( 'NONE', #3723, 1.000000000000000444 ) ;
#1811 = CARTESIAN_POINT ( 'NONE',  ( -6.883395241768083039, -1.986985963823134194, -2.219995462964297950 ) ) ;
#1812 = CARTESIAN_POINT ( 'NONE',  ( 7.651018952722908217, -2.000000000000000000, 4.965800607659644150 ) ) ;
#1813 = ORIENTED_EDGE ( 'NONE', *, *, #5692, .F. ) ;
#1814 = AXIS2_PLACEMENT_3D ( 'NONE', #5119, #2316, #5458 ) ;
#1815 = AXIS2_PLACEMENT_3D ( 'NONE', #4766, #3508, #5684 ) ;
#1816 = EDGE_CURVE ( 'NONE', #2776, #2739, #1484, .T. ) ;
#1817 = FACE_OUTER_BOUND ( 'NONE', #5565, .T. ) ;
#1818 = CIRCLE ( 'NONE', #1339, 0.5000000000000004441 ) ;
#1819 = DIRECTION ( 'NONE',  ( -0.000000000000000000, -1.000000000000000000, -0.000000000000000000 ) ) ;
#1820 = CIRCLE ( 'NONE', #4594, 0.5000000000000004441 ) ;
#1821 = DIRECTION ( 'NONE',  ( 0.000000000000000000, -1.000000000000000000, -0.000000000000000000 ) ) ;
#1822 = ORIENTED_EDGE ( 'NONE', *, *, #4218, .F. ) ;
#1823 = ORIENTED_EDGE ( 'NONE', *, *, #2714, .F. ) ;
#1824 = EDGE_LOOP ( 'NONE', ( #3474, #1529, #740, #2328 ) ) ;
#1825 = EDGE_CURVE ( 'NONE', #1693, #4824, #5559, .T. ) ;
#1826 = ORIENTED_EDGE ( 'NONE', *, *, #5668, .T. ) ;
#1827 = ADVANCED_FACE ( 'NONE', ( #1012 ), #2390, .T. ) ;
#1828 = VECTOR ( 'NONE', #2945, 1000.000000000000000 ) ;
#1829 = DIRECTION ( 'NONE',  ( -1.000000000000000000, 0.000000000000000000, -1.652166060416978960E-16 ) ) ;
#1830 = CARTESIAN_POINT ( 'NONE',  ( 8.049768996611902594, -2.299999999999999822, -4.243391108675448109 ) ) ;
#1831 = FACE_OUTER_BOUND ( 'NONE', #1442, .T. ) ;
#1832 = EDGE_LOOP ( 'NONE', ( #2222, #3774, #5459, #3276, #3045, #2070, #530, #5787, #1317, #756 ) ) ;
#1833 = DIRECTION ( 'NONE',  ( -0.07018777298906241080, -0.9900983315263910400, 0.1215687888871671840 ) ) ;
#1834 = DIRECTION ( 'NONE',  ( -0.000000000000000000, 1.000000000000000000, 0.000000000000000000 ) ) ;
#1835 = ORIENTED_EDGE ( 'NONE', *, *, #1717, .F. ) ;
#1836 = EDGE_CURVE ( 'NONE', #3872, #2383, #1495, .T. ) ;
#1837 = ADVANCED_FACE ( 'NONE', ( #4250 ), #4755, .T. ) ;
#1838 = DIRECTION ( 'NONE',  ( 0.5000000000000001110, -1.502314598737159228E-15, 0.8660254037844387076 ) ) ;
#1839 = LINE ( 'NONE', #5483, #3565 ) ;
#1840 = CARTESIAN_POINT ( 'NONE',  ( 3.889143360425769469, -1.656150218391246209, 6.563093729113959718 ) ) ;
#1841 = DIRECTION ( 'NONE',  ( 1.000000000000000000, 0.000000000000000000, 0.000000000000000000 ) ) ;
#1842 = ORIENTED_EDGE ( 'NONE', *, *, #572, .T. ) ;
#1843 = EDGE_CURVE ( 'NONE', #4734, #1370, #1107, .T. ) ;
#1844 = CIRCLE ( 'NONE', #975, 0.4000000000000003553 ) ;
#1845 = CARTESIAN_POINT ( 'NONE',  ( -6.773457863650186539, -1.500000000000003331, -2.582752101786885301 ) ) ;
#1846 = DIRECTION ( 'NONE',  ( -0.5000000000000003331, -0.000000000000000000, -0.8660254037844385966 ) ) ;
#1847 = ORIENTED_EDGE ( 'NONE', *, *, #649, .T. ) ;
#1848 = VECTOR ( 'NONE', #2225, 1000.000000000000227 ) ;
#1849 = LINE ( 'NONE', #1454, #5386 ) ;
#1850 = CIRCLE ( 'NONE', #3858, 0.5000000000000000000 ) ;
#1851 = CARTESIAN_POINT ( 'NONE',  ( -4.953010335502701977, -1.648747737362059151, 4.764877738827246745 ) ) ;
#1852 = ORIENTED_EDGE ( 'NONE', *, *, #616, .F. ) ;
#1853 = ORIENTED_EDGE ( 'NONE', *, *, #5708, .F. ) ;
#1854 = VERTEX_POINT ( 'NONE', #3351 ) ;
#1855 = ORIENTED_EDGE ( 'NONE', *, *, #4839, .F. ) ;
#1856 = DIRECTION ( 'NONE',  ( 0.8660254037844381525, 0.000000000000000000, -0.5000000000000007772 ) ) ;
#1857 = PLANE ( 'NONE',  #1154 ) ;
#1858 = EDGE_CURVE ( 'NONE', #261, #2860, #3492, .T. ) ;
#1859 = CARTESIAN_POINT ( 'NONE',  ( 0.000000000000000000, -1.500000000000000000, 8.592999999999999972 ) ) ;
#1860 = ORIENTED_EDGE ( 'NONE', *, *, #4358, .F. ) ;
#1861 = CARTESIAN_POINT ( 'NONE',  ( -3.464852426661596319, 12.00000000000000000, 6.001300443706328203 ) ) ;
#1862 = ORIENTED_EDGE ( 'NONE', *, *, #592, .F. ) ;
#1863 = LINE ( 'NONE', #537, #5828 ) ;
#1864 = ORIENTED_EDGE ( 'NONE', *, *, #1211, .T. ) ;
#1865 = DIRECTION ( 'NONE',  ( 0.000000000000000000, -1.000000000000000000, -0.000000000000000000 ) ) ;
#1866 = CARTESIAN_POINT ( 'NONE',  ( 3.591795170613922838, -2.080845983731722804, -6.221171725883838377 ) ) ;
#1867 = AXIS2_PLACEMENT_3D ( 'NONE', #1657, #1205, #1174 ) ;
#1868 = ADVANCED_FACE ( 'NONE', ( #3382 ), #1997, .T. ) ;
#1869 = CARTESIAN_POINT ( 'NONE',  ( 3.739234216618148032, -1.656150218391253981, 6.649643813645279344 ) ) ;
#1870 = EDGE_CURVE ( 'NONE', #3872, #2514, #5907, .T. ) ;
#1871 = FACE_OUTER_BOUND ( 'NONE', #4129, .T. ) ;
#1872 = ORIENTED_EDGE ( 'NONE', *, *, #3913, .F. ) ;
#1873 = AXIS2_PLACEMENT_3D ( 'NONE', #386, #2157, #2216 ) ;
#1874 =( BOUNDED_CURVE ( )  B_SPLINE_CURVE ( 3, ( #2226, #457, #4953, #1330 ),
 .UNSPECIFIED., .F., .T. ) 
 B_SPLINE_CURVE_WITH_KNOTS ( ( 4, 4 ),
 ( 3.141592653589792672, 3.661957803681930468 ),
 .UNSPECIFIED. ) 
 CURVE ( )  GEOMETRIC_REPRESENTATION_ITEM ( )  RATIONAL_B_SPLINE_CURVE ( ( 1.000000000000000000, 0.9775620170230114869, 0.9775620170230114869, 1.000000000000000000 ) ) 
 REPRESENTATION_ITEM ( '' )  );
#1875 = EDGE_CURVE ( 'NONE', #558, #5206, #2358, .T. ) ;
#1876 = CARTESIAN_POINT ( 'NONE',  ( -6.866756294719682963, -1.175632637425476363E-15, -5.292429214352108779 ) ) ;
#1877 = EDGE_LOOP ( 'NONE', ( #3735, #333, #5380 ) ) ;
#1878 = DIRECTION ( 'NONE',  ( 0.07018777298906335449, -0.9900983315263911511, 0.1215687888871659211 ) ) ;
#1879 = DIRECTION ( 'NONE',  ( 0.000000000000000000, 0.000000000000000000, 1.000000000000000000 ) ) ;
#1880 = ORIENTED_EDGE ( 'NONE', *, *, #3986, .T. ) ;
#1881 = ORIENTED_EDGE ( 'NONE', *, *, #2350, .T. ) ;
#1882 = ORIENTED_EDGE ( 'NONE', *, *, #3398, .T. ) ;
#1883 = ORIENTED_EDGE ( 'NONE', *, *, #733, .F. ) ;
#1884 = FACE_OUTER_BOUND ( 'NONE', #974, .T. ) ;
#1885 = CARTESIAN_POINT ( 'NONE',  ( -0.3499999999999984235, -2.000000000000000000, -9.092999999999998195 ) ) ;
#1886 = CARTESIAN_POINT ( 'NONE',  ( 9.062260783623850458, 0.000000000000000000, -5.636243891324555833 ) ) ;
#1887 = VERTEX_POINT ( 'NONE', #625 ) ;
#1888 = EDGE_LOOP ( 'NONE', ( #4318, #5093, #5865, #4435 ) ) ;
#1889 = CARTESIAN_POINT ( 'NONE',  ( -7.049768996611898153, 0.000000000000000000, -5.975441916244326634 ) ) ;
#1890 = ORIENTED_EDGE ( 'NONE', *, *, #4472, .F. ) ;
#1891 = CARTESIAN_POINT ( 'NONE',  ( -5.971533834228299753, -1.500000000000000000, 6.842999999999999972 ) ) ;
#1892 = CIRCLE ( 'NONE', #4283, 0.4999999999999995559 ) ;
#1893 = CARTESIAN_POINT ( 'NONE',  ( 1.649999999999999911, 2.973221389892669133E-16, 6.469430878194189383 ) ) ;
#1894 = CARTESIAN_POINT ( 'NONE',  ( 8.911978755211062975, -2.000000000000000000, -1.750000000000005107 ) ) ;
#1895 = CYLINDRICAL_SURFACE ( 'NONE', #4774, 0.4999999999999996669 ) ;
#1896 = ORIENTED_EDGE ( 'NONE', *, *, #3148, .T. ) ;
#1897 = ADVANCED_FACE ( 'NONE', ( #2450 ), #5201, .T. ) ;
#1898 = ADVANCED_FACE ( 'NONE', ( #1555, #745 ), #3439, .T. ) ;
#1899 = CARTESIAN_POINT ( 'NONE',  ( -6.572108535713154787, -1.826772395666721227, -2.353291779432014952 ) ) ;
#1900 = DIRECTION ( 'NONE',  ( 0.000000000000000000, 1.000000000000000000, 0.000000000000000000 ) ) ;
#1901 = ORIENTED_EDGE ( 'NONE', *, *, #436, .T. ) ;
#1902 = AXIS2_PLACEMENT_3D ( 'NONE', #497, #4515, #412 ) ;
#1903 = EDGE_CURVE ( 'NONE', #4484, #3580, #2949, .T. ) ;
#1904 = DIRECTION ( 'NONE',  ( 0.5000000000000002220, 0.000000000000000000, -0.8660254037844384856 ) ) ;
#1905 = AXIS2_PLACEMENT_3D ( 'NONE', #2755, #4586, #2250 ) ;
#1906 = CARTESIAN_POINT ( 'NONE',  ( 7.677128392282015490, -2.000000000000000000, 0.09507324786066108369 ) ) ;
#1907 = VERTEX_POINT ( 'NONE', #3950 ) ;
#1908 = ORIENTED_EDGE ( 'NONE', *, *, #3114, .F. ) ;
#1909 = AXIS2_PLACEMENT_3D ( 'NONE', #4022, #4134, #931 ) ;
#1910 = ORIENTED_EDGE ( 'NONE', *, *, #5802, .F. ) ;
#1911 = EDGE_CURVE ( 'NONE', #3220, #5031, #2509, .T. ) ;
#1912 = AXIS2_PLACEMENT_3D ( 'NONE', #1920, #878, #3744 ) ;
#1913 = DIRECTION ( 'NONE',  ( -0.000000000000000000, 1.000000000000000000, 0.000000000000000000 ) ) ;
#1914 = VECTOR ( 'NONE', #3809, 1000.000000000000000 ) ;
#1915 = CARTESIAN_POINT ( 'NONE',  ( -3.721747197098098869, -2.000000000000000000, 7.068890105768907084 ) ) ;
#1916 = EDGE_LOOP ( 'NONE', ( #4342, #3895, #390, #4948 ) ) ;
#1917 = CARTESIAN_POINT ( 'NONE',  ( 1.584539031685117560, -2.000000000000000000, 7.068890108717973852 ) ) ;
#1918 = ORIENTED_EDGE ( 'NONE', *, *, #689, .F. ) ;
#1919 = AXIS2_PLACEMENT_3D ( 'NONE', #4966, #415, #2241 ) ;
#1920 = CARTESIAN_POINT ( 'NONE',  ( 8.982781698504124890, 0.000000000000000000, -3.627365704891007958 ) ) ;
#1921 = VERTEX_POINT ( 'NONE', #1734 ) ;
#1922 = CARTESIAN_POINT ( 'NONE',  ( -6.946838408202648196, -2.000000000000000000, 2.105503136666864172 ) ) ;
#1923 = CARTESIAN_POINT ( 'NONE',  ( 2.699942782018130760, 10.49999999999999822, -4.676438075984265197 ) ) ;
#1924 = DIRECTION ( 'NONE',  ( 0.000000000000000000, -0.1218693434051481561, 0.9925461516413218721 ) ) ;
#1925 = DIRECTION ( 'NONE',  ( -0.5000000000000001110, -7.060958792660524756E-18, 0.8660254037844384856 ) ) ;
#1926 = EDGE_LOOP ( 'NONE', ( #3135, #2849, #563 ) ) ;
#1927 = PLANE ( 'NONE',  #5126 ) ;
#1928 = DIRECTION ( 'NONE',  ( 0.000000000000000000, 0.000000000000000000, -1.000000000000000000 ) ) ;
#1929 = CARTESIAN_POINT ( 'NONE',  ( -5.249845997741265258, 0.000000000000000000, -9.092999999999999972 ) ) ;
#1930 = EDGE_CURVE ( 'NONE', #3205, #596, #5762, .T. ) ;
#1931 = ORIENTED_EDGE ( 'NONE', *, *, #1875, .T. ) ;
#1932 = VECTOR ( 'NONE', #5338, 1000.000000000000000 ) ;
#1933 = CARTESIAN_POINT ( 'NONE',  ( -5.829670654911194738, 10.56093467170257227, -0.2481365379103304680 ) ) ;
#1934 = EDGE_CURVE ( 'NONE', #2784, #1960, #367, .T. ) ;
#1935 = CARTESIAN_POINT ( 'NONE',  ( -5.553317666413672526, -1.751808886032477641, 4.606984242432731413 ) ) ;
#1936 = ORIENTED_EDGE ( 'NONE', *, *, #5004, .T. ) ;
#1937 = EDGE_CURVE ( 'NONE', #1907, #4347, #1050, .T. ) ;
#1938 = VERTEX_POINT ( 'NONE', #5262 ) ;
#1939 = CIRCLE ( 'NONE', #4908, 0.4999999999999995559 ) ;
#1940 = DIRECTION ( 'NONE',  ( -0.8660254037844387076, 0.000000000000000000, 0.4999999999999998335 ) ) ;
#1941 = DIRECTION ( 'NONE',  ( -0.4999999999999987232, 9.835661766082223526E-16, 0.8660254037844393737 ) ) ;
#1942 = ORIENTED_EDGE ( 'NONE', *, *, #3947, .F. ) ;
#1943 = DIRECTION ( 'NONE',  ( 0.8660254037844381525, 0.000000000000000000, -0.5000000000000007772 ) ) ;
#1944 = EDGE_CURVE ( 'NONE', #3265, #3421, #3533, .T. ) ;
#1945 = VERTEX_POINT ( 'NONE', #5348 ) ;
#1946 = FACE_OUTER_BOUND ( 'NONE', #2014, .T. ) ;
#1947 = ORIENTED_EDGE ( 'NONE', *, *, #2916, .T. ) ;
#1948 = ORIENTED_EDGE ( 'NONE', *, *, #1816, .F. ) ;
#1949 = CARTESIAN_POINT ( 'NONE',  ( 8.482781698504123113, -2.299999999999999822, -4.493391108675447221 ) ) ;
#1950 = DIRECTION ( 'NONE',  ( 0.000000000000000000, 0.1218693434051482810, 0.9925461516413219831 ) ) ;
#1951 = DIRECTION ( 'NONE',  ( 1.084202172485504557E-16, -1.000000000000000000, 1.791282032010906019E-32 ) ) ;
#1952 = DIRECTION ( 'NONE',  ( 0.07018777298906347939, 0.9900983315263909290, 0.1215687888871668232 ) ) ;
#1953 = CARTESIAN_POINT ( 'NONE',  ( -10.49969199548253584, 0.000000000000000000, -1.705543596374835113E-15 ) ) ;
#1954 = ORIENTED_EDGE ( 'NONE', *, *, #4717, .T. ) ;
#1955 = DIRECTION ( 'NONE',  ( 0.8595701817498659913, 0.1218693434051477537, -0.4962730758206621018 ) ) ;
#1956 = VECTOR ( 'NONE', #107, 1000.000000000000000 ) ;
#1957 = CIRCLE ( 'NONE', #2344, 0.5000000000000004441 ) ;
#1958 = CARTESIAN_POINT ( 'NONE',  ( -1.149999999999999245, -1.565461193628487235, 7.145779597907751857 ) ) ;
#1959 = CARTESIAN_POINT ( 'NONE',  ( 3.659657535944671469, -1.999999999999932720, -6.719311967871718139 ) ) ;
#1960 = VERTEX_POINT ( 'NONE', #3076 ) ;
#1961 = AXIS2_PLACEMENT_3D ( 'NONE', #4638, #2218, #3597 ) ;
#1962 = AXIS2_PLACEMENT_3D ( 'NONE', #4158, #1913, #1795 ) ;
#1963 = DIRECTION ( 'NONE',  ( 0.000000000000000000, 0.000000000000000000, 1.000000000000000000 ) ) ;
#1964 = CARTESIAN_POINT ( 'NONE',  ( -5.555836532101200653, -1.585912221601115002, 4.539716686440025128 ) ) ;
#1965 = ORIENTED_EDGE ( 'NONE', *, *, #222, .T. ) ;
#1966 = DIRECTION ( 'NONE',  ( 0.000000000000000000, 0.000000000000000000, 1.000000000000000000 ) ) ;
#1967 = DIRECTION ( 'NONE',  ( 0.8660254037844387076, 0.000000000000000000, -0.4999999999999998335 ) ) ;
#1968 = EDGE_CURVE ( 'NONE', #5913, #3625, #2147, .T. ) ;
#1969 = EDGE_CURVE ( 'NONE', #26, #2776, #345, .T. ) ;
#1970 = DIRECTION ( 'NONE',  ( 0.000000000000000000, 1.000000000000000000, 0.000000000000000000 ) ) ;
#1971 = CARTESIAN_POINT ( 'NONE',  ( -3.209454241836472654, 13.00000000000000000, 6.443663075984299660 ) ) ;
#1972 = ORIENTED_EDGE ( 'NONE', *, *, #437, .F. ) ;
#1973 = CARTESIAN_POINT ( 'NONE',  ( 7.632781698504119028, -1.981716522001134795, 5.099608891324581172 ) ) ;
#1974 = VERTEX_POINT ( 'NONE', #3017 ) ;
#1975 = DIRECTION ( 'NONE',  ( -0.000000000000000000, 1.000000000000000000, 0.000000000000000000 ) ) ;
#1976 = EDGE_LOOP ( 'NONE', ( #3648, #2148, #1728, #4603 ) ) ;
#1977 = ORIENTED_EDGE ( 'NONE', *, *, #1732, .F. ) ;
#1978 = DIRECTION ( 'NONE',  ( 0.000000000000000000, -1.000000000000000000, -0.000000000000000000 ) ) ;
#1979 = ADVANCED_FACE ( 'NONE', ( #1676 ), #4787, .T. ) ;
#1980 = DIRECTION ( 'NONE',  ( -0.000000000000000000, 1.000000000000000000, -0.000000000000000000 ) ) ;
#1981 = DIRECTION ( 'NONE',  ( 0.8660254037844385966, -0.000000000000000000, 0.5000000000000001110 ) ) ;
#1982 = CARTESIAN_POINT ( 'NONE',  ( -1.149999999999999911, 0.000000000000000000, 8.592999999999999972 ) ) ;
#1983 = DIRECTION ( 'NONE',  ( 0.4999999999999950595, -0.000000000000000000, -0.8660254037844415942 ) ) ;
#1984 = EDGE_LOOP ( 'NONE', ( #2665, #4530, #56, #5524 ) ) ;
#1985 = DIRECTION ( 'NONE',  ( -0.9900983315263911511, -0.1403755459781254045, 0.000000000000000000 ) ) ;
#1986 = FACE_OUTER_BOUND ( 'NONE', #3936, .T. ) ;
#1987 =( LENGTH_UNIT ( ) NAMED_UNIT ( * ) SI_UNIT ( .MILLI., .METRE. ) );
#1988 = ORIENTED_EDGE ( 'NONE', *, *, #1724, .T. ) ;
#1989 = CARTESIAN_POINT ( 'NONE',  ( 1.149999999999999911, 1.408343819019456028E-16, 6.973185790923612792 ) ) ;
#1990 = FACE_OUTER_BOUND ( 'NONE', #4166, .T. ) ;
#1991 = CARTESIAN_POINT ( 'NONE',  ( -5.613426661632418657, -1.565461193628424619, 4.568819013305837728 ) ) ;
#1992 = ORIENTED_EDGE ( 'NONE', *, *, #5721, .F. ) ;
#1993 = LINE ( 'NONE', #4307, #742 ) ;
#1994 = CARTESIAN_POINT ( 'NONE',  ( -4.326991113088183738, -0.1616919674634461068, -7.494568451767661621 ) ) ;
#1995 = VECTOR ( 'NONE', #947, 1000.000000000000114 ) ;
#1996 = DIRECTION ( 'NONE',  ( -0.8660254037844387076, 0.000000000000000000, -0.4999999999999998890 ) ) ;
#1997 = CYLINDRICAL_SURFACE ( 'NONE', #273, 0.5000000000000004441 ) ;
#1998 = ORIENTED_EDGE ( 'NONE', *, *, #3656, .F. ) ;
#1999 = ORIENTED_EDGE ( 'NONE', *, *, #3656, .T. ) ;
#2000 = DIRECTION ( 'NONE',  ( -1.000000000000000000, 0.000000000000000000, -1.118625911196693900E-16 ) ) ;
#2001 = EDGE_CURVE ( 'NONE', #4116, #4408, #3500, .T. ) ;
#2002 = ORIENTED_EDGE ( 'NONE', *, *, #2194, .F. ) ;
#2003 = ORIENTED_EDGE ( 'NONE', *, *, #847, .F. ) ;
#2004 = VECTOR ( 'NONE', #1951, 1000.000000000000000 ) ;
#2005 = DIRECTION ( 'NONE',  ( 1.084202172485504557E-16, -1.000000000000000000, 0.000000000000000000 ) ) ;
#2006 = DIRECTION ( 'NONE',  ( 0.000000000000000000, 0.000000000000000000, -1.000000000000000000 ) ) ;
#2007 = AXIS2_PLACEMENT_3D ( 'NONE', #5205, #1110, #2932 ) ;
#2008 = DIRECTION ( 'NONE',  ( -0.07018777298906242468, 0.9900983315263910400, -0.1215687888871666567 ) ) ;
#2009 = FACE_OUTER_BOUND ( 'NONE', #3792, .T. ) ;
#2010 = CIRCLE ( 'NONE', #872, 0.9999999999999996669 ) ;
#2011 = CYLINDRICAL_SURFACE ( 'NONE', #185, 4.000000000000000000 ) ;
#2012 = ADVANCED_FACE ( 'NONE', ( #4401 ), #290, .F. ) ;
#2013 = EDGE_CURVE ( 'NONE', #3803, #782, #775, .T. ) ;
#2014 = EDGE_LOOP ( 'NONE', ( #85, #3721, #2960, #2901 ) ) ;
#2015 = FACE_OUTER_BOUND ( 'NONE', #1354, .T. ) ;
#2016 = DIRECTION ( 'NONE',  ( 0.5000000000000001110, 0.000000000000000000, -0.8660254037844385966 ) ) ;
#2017 = CARTESIAN_POINT ( 'NONE',  ( -5.463956040248532986, 1.408343819019457261E-16, 4.482522109813911193 ) ) ;
#2018 = EDGE_CURVE ( 'NONE', #4245, #3265, #1162, .T. ) ;
#2019 = DIRECTION ( 'NONE',  ( -0.8660254037844385966, 0.000000000000000000, -0.5000000000000000000 ) ) ;
#2020 = CARTESIAN_POINT ( 'NONE',  ( -6.554523299058329755, -1.880804501818865493, 2.288143163961354531 ) ) ;
#2021 = CARTESIAN_POINT ( 'NONE',  ( -5.296838408202662940, -2.000000000000000000, 4.963386969155527240 ) ) ;
#2022 = ORIENTED_EDGE ( 'NONE', *, *, #2701, .F. ) ;
#2023 = PRODUCT_DEFINITION_FORMATION_WITH_SPECIFIED_SOURCE ( 'ANY', '', #1009, .NOT_KNOWN. ) ;
#2024 = DIRECTION ( 'NONE',  ( -0.4999999999999958367, 0.000000000000000000, 0.8660254037844410391 ) ) ;
#2025 = CARTESIAN_POINT ( 'NONE',  ( -8.060291937006814678, -1.600000000000000089, -0.1769450529111896708 ) ) ;
#2026 = FACE_OUTER_BOUND ( 'NONE', #4185, .T. ) ;
#2027 = VECTOR ( 'NONE', #4112, 1000.000000000000000 ) ;
#2028 = CARTESIAN_POINT ( 'NONE',  ( -3.464852426661595430, 12.00000000000000000, 6.001300443706328203 ) ) ;
#2029 = ORIENTED_EDGE ( 'NONE', *, *, #5406, .F. ) ;
#2030 = CARTESIAN_POINT ( 'NONE',  ( 4.326991113088127783, -0.03982262405829826296, -8.487114603409013469 ) ) ;
#2031 = EDGE_LOOP ( 'NONE', ( #4957, #4992, #460, #2964 ) ) ;
#2032 = DIRECTION ( 'NONE',  ( -0.4999999999999993894, -0.000000000000000000, -0.8660254037844391517 ) ) ;
#2033 = ORIENTED_EDGE ( 'NONE', *, *, #1732, .T. ) ;
#2034 = ORIENTED_EDGE ( 'NONE', *, *, #4242, .T. ) ;
#2035 = DIRECTION ( 'NONE',  ( 0.000000000000000000, 0.000000000000000000, -1.000000000000000000 ) ) ;
#2036 = AXIS2_PLACEMENT_3D ( 'NONE', #594, #2758, #1329 ) ;
#2037 = DIRECTION ( 'NONE',  ( -0.000000000000000000, 1.000000000000000000, 0.000000000000000000 ) ) ;
#2038 = CARTESIAN_POINT ( 'NONE',  ( -4.777691488543636567, -1.017075429170384752E-15, -4.663657355341420896 ) ) ;
#2039 = DIRECTION ( 'NONE',  ( 1.000000000000000000, 0.000000000000000000, 0.000000000000000000 ) ) ;
#2040 = CARTESIAN_POINT ( 'NONE',  ( -6.534362496003434551, -1.629059142642315550, -2.154416873143316646 ) ) ;
#2041 = AXIS2_PLACEMENT_3D ( 'NONE', #3889, #5702, #1161 ) ;
#2042 = ORIENTED_EDGE ( 'NONE', *, *, #3728, .F. ) ;
#2043 = CARTESIAN_POINT ( 'NONE',  ( 9.412260783623846550, 6.572626369475065215E-17, 5.030026108675446750 ) ) ;
#2044 = EDGE_CURVE ( 'NONE', #5677, #4670, #5377, .T. ) ;
#2045 = ADVANCED_FACE ( 'NONE', ( #3890 ), #5703, .T. ) ;
#2046 = CARTESIAN_POINT ( 'NONE',  ( -6.390360586412504595, -1.499999999999999556, 2.361570785647895132 ) ) ;
#2047 = CARTESIAN_POINT ( 'NONE',  ( 3.565483496418511145, -2.000000000000000000, -6.714999999999998970 ) ) ;
#2048 = EDGE_CURVE ( 'NONE', #3529, #1526, #241, .T. ) ;
#2049 = DIRECTION ( 'NONE',  ( -0.8660254037844384856, -0.000000000000000000, 0.5000000000000002220 ) ) ;
#2050 = CARTESIAN_POINT ( 'NONE',  ( 1.649999999999999911, -2.000000000000000000, 6.714999999999998970 ) ) ;
#2051 = VECTOR ( 'NONE', #815, 1000.000000000000000 ) ;
#2052 = DIRECTION ( 'NONE',  ( -1.084202172485504557E-16, 1.000000000000000000, -1.791282032010906019E-32 ) ) ;
#2053 = VERTEX_POINT ( 'NONE', #1761 ) ;
#2054 = VECTOR ( 'NONE', #934, 1000.000000000000114 ) ;
#2055 = CARTESIAN_POINT ( 'NONE',  ( -5.623457863650179966, -1.500000000000000000, -4.574610530491092675 ) ) ;
#2056 = DIRECTION ( 'NONE',  ( 0.8660254037844388186, 0.000000000000000000, 0.4999999999999996669 ) ) ;
#2057 = DIRECTION ( 'NONE',  ( -0.4999999999999951150, 0.000000000000000000, 0.8660254037844415942 ) ) ;
#2058 = DIRECTION ( 'NONE',  ( 0.000000000000000000, 1.000000000000000000, -0.000000000000000000 ) ) ;
#2059 = EDGE_LOOP ( 'NONE', ( #4012, #3283, #3246, #1465 ) ) ;
#2060 = DIRECTION ( 'NONE',  ( 0.000000000000000000, 0.000000000000000000, -1.000000000000000000 ) ) ;
#2061 = VERTEX_POINT ( 'NONE', #4602 ) ;
#2062 = DIRECTION ( 'NONE',  ( 0.8660254037844387076, 0.000000000000000000, -0.4999999999999998335 ) ) ;
#2063 = ORIENTED_EDGE ( 'NONE', *, *, #5270, .T. ) ;
#2064 = VERTEX_POINT ( 'NONE', #3588 ) ;
#2065 = CARTESIAN_POINT ( 'NONE',  ( 5.183738280993580361, 0.000000000000000000, -7.985951924179352623 ) ) ;
#2066 = DIRECTION ( 'NONE',  ( 5.312590645178966993E-15, 0.000000000000000000, -1.000000000000000000 ) ) ;
#2067 = DIRECTION ( 'NONE',  ( 0.5000000000000071054, -0.000000000000000000, 0.8660254037844344888 ) ) ;
#2068 = CARTESIAN_POINT ( 'NONE',  ( 3.876907057608334650, -2.000000000000000000, 6.714999999999998970 ) ) ;
#2069 = CARTESIAN_POINT ( 'NONE',  ( -7.628377577043921498, -1.656150218391249762, 0.08753703705413785896 ) ) ;
#2070 = ORIENTED_EDGE ( 'NONE', *, *, #365, .F. ) ;
#2071 = EDGE_CURVE ( 'NONE', #2181, #2335, #4572, .T. ) ;
#2072 = CARTESIAN_POINT ( 'NONE',  ( 2.699942782018130760, 10.56093467170257227, -5.172711151804926466 ) ) ;
#2073 = CARTESIAN_POINT ( 'NONE',  ( -1.349999999999998757, 0.000000000000000000, -9.092999999999999972 ) ) ;
#2074 = CARTESIAN_POINT ( 'NONE',  ( 3.652642293001617801, -1.653574242655817095, -6.672464265499037595 ) ) ;
#2075 = VECTOR ( 'NONE', #2445, 1000.000000000000000 ) ;
#2076 = EDGE_CURVE ( 'NONE', #925, #1693, #3241, .T. ) ;
#2077 = EDGE_CURVE ( 'NONE', #952, #1177, #4042, .T. ) ;
#2078 = AXIS2_PLACEMENT_3D ( 'NONE', #5184, #2975, #639 ) ;
#2079 = CARTESIAN_POINT ( 'NONE',  ( 8.482781698504123113, -2.299999999999999822, -3.993391108675447665 ) ) ;
#2080 = CARTESIAN_POINT ( 'NONE',  ( 8.132781698504119916, -2.000000000000000000, 5.099608891324550974 ) ) ;
#2081 = CARTESIAN_POINT ( 'NONE',  ( -3.989266092157282007, -2.000000000000033751, -6.529012379215119566 ) ) ;
#2082 = ORIENTED_EDGE ( 'NONE', *, *, #1545, .F. ) ;
#2083 = EDGE_CURVE ( 'NONE', #4629, #3610, #378, .T. ) ;
#2084 = EDGE_CURVE ( 'NONE', #4347, #3673, #3758, .T. ) ;
#2085 = DIRECTION ( 'NONE',  ( 0.000000000000000000, -1.000000000000000000, 0.000000000000000000 ) ) ;
#2086 = CARTESIAN_POINT ( 'NONE',  ( -0.8499999999999985345, -2.299999999999999822, -9.592999999999999972 ) ) ;
#2087 = CARTESIAN_POINT ( 'NONE',  ( 3.975648796311872513, 12.12186934340514810, -6.993846595347628536 ) ) ;
#2088 = DIRECTION ( 'NONE',  ( -0.000000000000000000, -1.000000000000000000, -0.000000000000000000 ) ) ;
#2089 = ORIENTED_EDGE ( 'NONE', *, *, #5588, .T. ) ;
#2090 = DIRECTION ( 'NONE',  ( 0.000000000000000000, 1.000000000000000000, 0.000000000000000000 ) ) ;
#2091 = VERTEX_POINT ( 'NONE', #1399 ) ;
#2092 = FACE_OUTER_BOUND ( 'NONE', #5886, .T. ) ;
#2093 = ADVANCED_FACE ( 'NONE', ( #831 ), #3107, .T. ) ;
#2094 = ORIENTED_EDGE ( 'NONE', *, *, #5460, .F. ) ;
#2095 = ORIENTED_EDGE ( 'NONE', *, *, #4212, .F. ) ;
#2096 = VECTOR ( 'NONE', #4011, 1000.000000000000000 ) ;
#2097 = FACE_OUTER_BOUND ( 'NONE', #5355, .T. ) ;
#2098 =( BOUNDED_CURVE ( )  B_SPLINE_CURVE ( 3, ( #2617, #704, #4866, #1720 ),
 .UNSPECIFIED., .F., .T. ) 
 B_SPLINE_CURVE_WITH_KNOTS ( ( 4, 4 ),
 ( 5.763884693139955218, 6.802485921219218135 ),
 .UNSPECIFIED. ) 
 CURVE ( )  GEOMETRIC_REPRESENTATION_ITEM ( )  RATIONAL_B_SPLINE_CURVE ( ( 1.000000000000000000, 0.9121109855992481918, 0.9121109855992481918, 1.000000000000000000 ) ) 
 REPRESENTATION_ITEM ( '' )  );
#2099 = LINE ( 'NONE', #3931, #4781 ) ;
#2100 = DIRECTION ( 'NONE',  ( 2.168404344971009115E-16, 1.000000000000000000, 0.000000000000000000 ) ) ;
#2101 = CARTESIAN_POINT ( 'NONE',  ( -7.677128392282015490, -2.000000000000000000, -0.09507324786066222166 ) ) ;
#2102 = PLANE ( 'NONE',  #4111 ) ;
#2103 = CIRCLE ( 'NONE', #372, 1.000000000000000000 ) ;
#2104 = ORIENTED_EDGE ( 'NONE', *, *, #4463, .T. ) ;
#2105 = CARTESIAN_POINT ( 'NONE',  ( 5.231184803902813262E-16, 10.49999999999999822, -4.676438075984265197 ) ) ;
#2106 = VECTOR ( 'NONE', #1505, 1000.000000000000000 ) ;
#2107 = CARTESIAN_POINT ( 'NONE',  ( 9.507906380237331589, 0.000000000000000000, -0.4962730758206579940 ) ) ;
#2108 = DATE_AND_TIME ( #338, #4807 ) ;
#2109 = AXIS2_PLACEMENT_3D ( 'NONE', #672, #3397, #187 ) ;
#2110 = EDGE_CURVE ( 'NONE', #797, #2397, #5340, .T. ) ;
#2111 = LINE ( 'NONE', #4451, #189 ) ;
#2112 = CARTESIAN_POINT ( 'NONE',  ( -6.404546536120520273, -2.000000000000000000, 7.092999999999999972 ) ) ;
#2113 = CARTESIAN_POINT ( 'NONE',  ( 0.8500000000000011990, -2.299999999999999822, -9.592999999999999972 ) ) ;
#2114 = ORIENTED_EDGE ( 'NONE', *, *, #1207, .T. ) ;
#2115 = DIRECTION ( 'NONE',  ( 0.000000000000000000, -1.000000000000000000, 0.000000000000000000 ) ) ;
#2116 = DIRECTION ( 'NONE',  ( -0.000000000000000000, 1.000000000000000000, 0.000000000000000000 ) ) ;
#2117 = EDGE_CURVE ( 'NONE', #1260, #3618, #2238, .T. ) ;
#2118 = EDGE_CURVE ( 'NONE', #2335, #5716, #3431, .T. ) ;
#2119 = CARTESIAN_POINT ( 'NONE',  ( -6.603010335502699668, -1.648747737362059151, -1.906993906338601885 ) ) ;
#2120 = DIRECTION ( 'NONE',  ( 1.000000000000000000, 0.000000000000000000, 0.000000000000000000 ) ) ;
#2121 = ORIENTED_EDGE ( 'NONE', *, *, #1944, .T. ) ;
#2122 = FACE_OUTER_BOUND ( 'NONE', #1108, .T. ) ;
#2123 = ORIENTED_EDGE ( 'NONE', *, *, #650, .F. ) ;
#2124 = FACE_OUTER_BOUND ( 'NONE', #498, .T. ) ;
#2125 = EDGE_LOOP ( 'NONE', ( #1599, #1427, #5887, #3984, #2179, #966, #264, #2155 ) ) ;
#2126 = EDGE_LOOP ( 'NONE', ( #1194, #2163, #1083, #4188 ) ) ;
#2127 = CARTESIAN_POINT ( 'NONE',  ( 3.892746309566705420, -2.000000000000000000, 7.068890105822376313 ) ) ;
#2128 = AXIS2_PLACEMENT_3D ( 'NONE', #2592, #3577, #4422 ) ;
#2129 = ADVANCED_FACE ( 'NONE', ( #4071 ), #3219, .T. ) ;
#2130 = DIRECTION ( 'NONE',  ( 2.168404344971009115E-16, 1.000000000000000000, 3.582564064021812038E-32 ) ) ;
#2131 = DIRECTION ( 'NONE',  ( -0.000000000000000000, 1.000000000000000000, -0.000000000000000000 ) ) ;
#2132 = CARTESIAN_POINT ( 'NONE',  ( -7.598102334621762211, -2.000000000000000000, -0.2697007153274050828 ) ) ;
#2133 = CARTESIAN_POINT ( 'NONE',  ( 1.350000000000001643, 0.000000000000000000, -9.592999999999999972 ) ) ;
#2134 = EDGE_LOOP ( 'NONE', ( #895, #5141, #75, #1447, #5847, #1650, #2874 ) ) ;
#2135 = AXIS2_PLACEMENT_3D ( 'NONE', #3952, #3923, #1678 ) ;
#2136 = DIRECTION ( 'NONE',  ( 0.000000000000000000, 0.1218693434051479618, -0.9925461516413220942 ) ) ;
#2137 = AXIS2_PLACEMENT_3D ( 'NONE', #5579, #1878, #3218 ) ;
#2138 = CARTESIAN_POINT ( 'NONE',  ( -6.929704853323302771, 12.00000000000000000, 4.777520659403607681E-14 ) ) ;
#2139 = APPROVAL_ROLE ( '' ) ;
#2140 = CARTESIAN_POINT ( 'NONE',  ( -4.777691488543641007, 1.714505518806296117E-16, 4.663657355341419120 ) ) ;
#2141 = PLANE ( 'NONE',  #5469 ) ;
#2142 = ORIENTED_EDGE ( 'NONE', *, *, #2815, .T. ) ;
#2143 = DIRECTION ( 'NONE',  ( 0.000000000000000000, 0.000000000000000000, -1.000000000000000000 ) ) ;
#2144 = LINE ( 'NONE', #4397, #2912 ) ;
#2145 = VECTOR ( 'NONE', #800, 1000.000000000000000 ) ;
#2146 = DIRECTION ( 'NONE',  ( -0.000000000000000000, 1.000000000000000000, 0.000000000000000000 ) ) ;
#2147 = LINE ( 'NONE', #4882, #1332 ) ;
#2148 = ORIENTED_EDGE ( 'NONE', *, *, #3072, .F. ) ;
#2149 = DIRECTION ( 'NONE',  ( 0.000000000000000000, -1.000000000000000000, 0.000000000000000000 ) ) ;
#2150 = ORIENTED_EDGE ( 'NONE', *, *, #444, .T. ) ;
#2151 = DIRECTION ( 'NONE',  ( 0.000000000000000000, 1.000000000000000000, 0.000000000000000000 ) ) ;
#2152 = ORIENTED_EDGE ( 'NONE', *, *, #5382, .T. ) ;
#2153 = AXIS2_PLACEMENT_3D ( 'NONE', #2277, #5920, #1349 ) ;
#2154 = EDGE_CURVE ( 'NONE', #788, #4026, #5434, .T. ) ;
#2155 = ORIENTED_EDGE ( 'NONE', *, *, #4472, .T. ) ;
#2156 = EDGE_CURVE ( 'NONE', #5838, #4822, #16, .T. ) ;
#2157 = DIRECTION ( 'NONE',  ( 0.000000000000000000, 1.000000000000000000, 0.000000000000000000 ) ) ;
#2158 = AXIS2_PLACEMENT_3D ( 'NONE', #2244, #5740, #3478 ) ;
#2159 = CARTESIAN_POINT ( 'NONE',  ( -5.568411869548830495, -1.519474408874622151, -4.542829710978868007 ) ) ;
#2160 = LINE ( 'NONE', #3537, #1099 ) ;
#2161 = DIRECTION ( 'NONE',  ( 5.204170427930421283E-15, 0.000000000000000000, 1.000000000000000000 ) ) ;
#2162 = LINE ( 'NONE', #4896, #1047 ) ;
#2163 = ORIENTED_EDGE ( 'NONE', *, *, #3621, .F. ) ;
#2164 = DESIGN_CONTEXT ( 'detailed design', #2347, 'design' ) ;
#2165 = EDGE_CURVE ( 'NONE', #4889, #4822, #4198, .T. ) ;
#2166 = DIRECTION ( 'NONE',  ( -0.000000000000000000, 1.000000000000000000, -0.000000000000000000 ) ) ;
#2167 = DIRECTION ( 'NONE',  ( -0.000000000000000000, 1.000000000000000000, 0.000000000000000000 ) ) ;
#2168 = PERSON_AND_ORGANIZATION ( #2951, #4141 ) ;
#2169 = EDGE_CURVE ( 'NONE', #5108, #879, #4481, .T. ) ;
#2170 = LINE ( 'NONE', #1215, #4980 ) ;
#2171 = LINE ( 'NONE', #4005, #2889 ) ;
#2172 = ORIENTED_EDGE ( 'NONE', *, *, #3399, .F. ) ;
#2173 = LINE ( 'NONE', #5342, #3422 ) ;
#2174 = AXIS2_PLACEMENT_3D ( 'NONE', #1037, #2024, #5672 ) ;
#2175 = CARTESIAN_POINT ( 'NONE',  ( -5.463956040248534762, -1.175632637425476363E-15, -4.482522109813913858 ) ) ;
#2176 = CARTESIAN_POINT ( 'NONE',  ( 5.183738280993694048, 0.000000000000000000, 7.985951924179286898 ) ) ;
#2177 = DIRECTION ( 'NONE',  ( 0.000000000000000000, 0.000000000000000000, -1.000000000000000000 ) ) ;
#2178 = ORIENTED_EDGE ( 'NONE', *, *, #4944, .T. ) ;
#2179 = ORIENTED_EDGE ( 'NONE', *, *, #3578, .T. ) ;
#2180 = DIRECTION ( 'NONE',  ( 0.8595701817498666575, 0.1218693434051477675, -0.4962730758206609916 ) ) ;
#2181 = VERTEX_POINT ( 'NONE', #5466 ) ;
#2182 = EDGE_LOOP ( 'NONE', ( #468, #271, #1615, #1043 ) ) ;
#2183 = DIRECTION ( 'NONE',  ( -0.000000000000000000, -1.000000000000000000, -0.000000000000000000 ) ) ;
#2184 = DIRECTION ( 'NONE',  ( -0.8660254037844388186, 0.000000000000000000, 0.4999999999999996114 ) ) ;
#2185 = EDGE_CURVE ( 'NONE', #1101, #3625, #4375, .T. ) ;
#2186 = DIRECTION ( 'NONE',  ( -0.5000000000000000000, 0.000000000000000000, -0.8660254037844385966 ) ) ;
#2187 = EDGE_LOOP ( 'NONE', ( #495, #4656, #1822, #383, #1942 ) ) ;
#2188 = DIRECTION ( 'NONE',  ( 0.000000000000000000, 1.000000000000000000, -0.000000000000000000 ) ) ;
#2189 = CARTESIAN_POINT ( 'NONE',  ( -6.773457863650182098, -1.500000000000000000, -2.582752101786883969 ) ) ;
#2190 = AXIS2_PLACEMENT_3D ( 'NONE', #4991, #4482, #1879 ) ;
#2191 = ORIENTED_EDGE ( 'NONE', *, *, #3426, .T. ) ;
#2192 = DIRECTION ( 'NONE',  ( 0.8660254037844379305, -3.469446951953615372E-15, -0.5000000000000013323 ) ) ;
#2193 = CIRCLE ( 'NONE', #5535, 0.4999999999999995559 ) ;
#2194 = EDGE_CURVE ( 'NONE', #2595, #4226, #4962, .T. ) ;
#2195 = DIRECTION ( 'NONE',  ( -0.4999999999999999445, 0.000000000000000000, 0.8660254037844387076 ) ) ;
#2196 = ADVANCED_FACE ( 'NONE', ( #4243 ), #859, .T. ) ;
#2197 = PERSON_AND_ORGANIZATION ( #2951, #4141 ) ;
#2198 = AXIS2_PLACEMENT_3D ( 'NONE', #1117, #3718, #3810 ) ;
#2199 = CIRCLE ( 'NONE', #4407, 0.4999999999999995559 ) ;
#2200 = AXIS2_PLACEMENT_3D ( 'NONE', #3480, #2130, #1141 ) ;
#2201 = CARTESIAN_POINT ( 'NONE',  ( 0.7126412892296087875, -1.925080380403077829, -9.242581186093303813 ) ) ;
#2202 = EDGE_CURVE ( 'NONE', #4013, #5477, #555, .T. ) ;
#2203 = DIRECTION ( 'NONE',  ( 1.000000000000000000, 0.000000000000000000, 0.000000000000000000 ) ) ;
#2204 = VECTOR ( 'NONE', #4322, 1000.000000000000000 ) ;
#2205 = EDGE_LOOP ( 'NONE', ( #2933, #2775, #5363, #529 ) ) ;
#2206 = AXIS2_PLACEMENT_3D ( 'NONE', #5669, #1576, #676 ) ;
#2207 = CARTESIAN_POINT ( 'NONE',  ( -3.876907057608338647, -2.000000000000000000, 6.714999999999998970 ) ) ;
#2208 = LINE ( 'NONE', #3945, #2818 ) ;
#2209 = LINE ( 'NONE', #4041, #2800 ) ;
#2210 = DIRECTION ( 'NONE',  ( -0.1055419473313874423, -0.9925461516413219831, -0.06093467170257391152 ) ) ;
#2211 = ORIENTED_EDGE ( 'NONE', *, *, #5344, .T. ) ;
#2212 = ORIENTED_EDGE ( 'NONE', *, *, #5811, .T. ) ;
#2213 = DIRECTION ( 'NONE',  ( 0.000000000000000000, 0.000000000000000000, -1.000000000000000000 ) ) ;
#2214 = VERTEX_POINT ( 'NONE', #4721 ) ;
#2215 = ORIENTED_EDGE ( 'NONE', *, *, #5870, .T. ) ;
#2216 = DIRECTION ( 'NONE',  ( 1.000000000000000000, 0.000000000000000000, 0.000000000000000000 ) ) ;
#2217 = CARTESIAN_POINT ( 'NONE',  ( 7.560752083711955507, -1.648747737362061150, -0.2481365379103316615 ) ) ;
#2218 = DIRECTION ( 'NONE',  ( 0.1403755459781247106, -0.9900983315263911511, -4.786995026619100121E-16 ) ) ;
#2219 = ORIENTED_EDGE ( 'NONE', *, *, #4387, .T. ) ;
#2220 = CARTESIAN_POINT ( 'NONE',  ( 2.699942782018128540, 10.49999999999999822, 4.676438075984263421 ) ) ;
#2221 = CARTESIAN_POINT ( 'NONE',  ( -6.800391798795923037, -1.999999999999999556, 2.359156104755508299 ) ) ;
#2222 = ORIENTED_EDGE ( 'NONE', *, *, #3544, .F. ) ;
#2223 = DIRECTION ( 'NONE',  ( 0.07018777298906221651, -0.9900983315263910400, -0.1215687888871669065 ) ) ;
#2224 = LOCAL_TIME ( 8, 23, 15.00000000000000000, #1666 ) ;
#2225 = DIRECTION ( 'NONE',  ( 0.4999999999999998890, 0.000000000000000000, -0.8660254037844385966 ) ) ;
#2226 = CARTESIAN_POINT ( 'NONE',  ( -6.427691488543636922, -1.175632637425476363E-15, -1.805773522852771595 ) ) ;
#2227 = CARTESIAN_POINT ( 'NONE',  ( -7.753814115216673741, -2.000000000000000000, -8.717429182020347409E-16 ) ) ;
#2228 = CIRCLE ( 'NONE', #4235, 0.5000000000000004441 ) ;
#2229 = EDGE_CURVE ( 'NONE', #2538, #4226, #5128, .T. ) ;
#2230 = EDGE_CURVE ( 'NONE', #926, #2479, #2274, .T. ) ;
#2231 = CARTESIAN_POINT ( 'NONE',  ( -6.586405599603042837, -1.999999580790640108, -2.022011604001324514 ) ) ;
#2232 = CARTESIAN_POINT ( 'NONE',  ( -8.016756294719685982, 0.000000000000000000, 3.300570785647896521 ) ) ;
#2233 = ORIENTED_EDGE ( 'NONE', *, *, #2888, .T. ) ;
#2234 = DIRECTION ( 'NONE',  ( 0.8660254037844385966, 0.000000000000000000, 0.5000000000000000000 ) ) ;
#2235 = ADVANCED_FACE ( 'NONE', ( #4659 ), #2884, .T. ) ;
#2236 = CARTESIAN_POINT ( 'NONE',  ( -0.8499999999999986455, 3.122849337825750912E-16, -9.592999999999999972 ) ) ;
#2237 = CARTESIAN_POINT ( 'NONE',  ( 2.699942782018127652, 10.49999999999999822, 4.676438075984264309 ) ) ;
#2238 = LINE ( 'NONE', #467, #5433 ) ;
#2239 = ORIENTED_EDGE ( 'NONE', *, *, #3031, .F. ) ;
#2240 = ORIENTED_EDGE ( 'NONE', *, *, #3262, .F. ) ;
#2241 = DIRECTION ( 'NONE',  ( 0.5000000000000007772, 0.000000000000000000, -0.8660254037844381525 ) ) ;
#2242 = ORIENTED_EDGE ( 'NONE', *, *, #5515, .F. ) ;
#2243 = ORIENTED_EDGE ( 'NONE', *, *, #587, .F. ) ;
#2244 = CARTESIAN_POINT ( 'NONE',  ( -1.349999999999998535, 2.580748251582998695E-16, -9.592999999999999972 ) ) ;
#2245 = CIRCLE ( 'NONE', #3294, 0.4000000000000002998 ) ;
#2246 = VECTOR ( 'NONE', #1716, 1000.000000000000000 ) ;
#2247 = CARTESIAN_POINT ( 'NONE',  ( -8.699768996611901173, -2.000000000000005773, 3.117558083755677334 ) ) ;
#2248 = CARTESIAN_POINT ( 'NONE',  ( 2.940444920982767663, -1.500000000000000000, -5.092999999999998195 ) ) ;
#2249 = DIRECTION ( 'NONE',  ( -1.000000000000000000, -0.000000000000000000, -1.118625911196693900E-16 ) ) ;
#2250 = DIRECTION ( 'NONE',  ( 3.469446951953614189E-15, -8.673617379884035472E-16, -1.000000000000000000 ) ) ;
#2251 = ORIENTED_EDGE ( 'NONE', *, *, #4684, .T. ) ;
#2252 = CIRCLE ( 'NONE', #138, 0.4000000000000003553 ) ;
#2253 = CARTESIAN_POINT ( 'NONE',  ( 2.428612866367529932E-14, 11.00000000000000000, -8.673617379884035472E-16 ) ) ;
#2254 = CARTESIAN_POINT ( 'NONE',  ( -5.880889841965529108, 0.000000000000000000, -1.301042606982605321E-15 ) ) ;
#2255 = CARTESIAN_POINT ( 'NONE',  ( -1.149999999999999911, 0.000000000000000000, 8.482224999999999682 ) ) ;
#2256 = CARTESIAN_POINT ( 'NONE',  ( 9.641058328284639600, 0.000000000000000000, 3.805013812727840759E-15 ) ) ;
#2257 = EDGE_CURVE ( 'NONE', #5319, #3099, #5314, .T. ) ;
#2258 = ORIENTED_EDGE ( 'NONE', *, *, #5698, .F. ) ;
#2259 = CARTESIAN_POINT ( 'NONE',  ( -6.570279851039654950, -1.648747734488014594, -1.963684767679164000 ) ) ;
#2260 = FACE_OUTER_BOUND ( 'NONE', #2407, .T. ) ;
#2261 = ADVANCED_FACE ( 'NONE', ( #4390 ), #3499, .T. ) ;
#2262 = ADVANCED_FACE ( 'NONE', ( #4845 ), #5869, .T. ) ;
#2263 = ORIENTED_EDGE ( 'NONE', *, *, #100, .F. ) ;
#2264 = DIRECTION ( 'NONE',  ( 0.4999999999999993894, -3.755786496842899846E-15, 0.8660254037844391517 ) ) ;
#2265 = CYLINDRICAL_SURFACE ( 'NONE', #3571, 0.5000000000000001110 ) ;
#2266 = EDGE_CURVE ( 'NONE', #3823, #5172, #2855, .T. ) ;
#2267 = CARTESIAN_POINT ( 'NONE',  ( 3.995268587293444362, -1.648747737362058929, -6.423735107255517995 ) ) ;
#2268 = ORIENTED_EDGE ( 'NONE', *, *, #3843, .F. ) ;
#2269 = EDGE_CURVE ( 'NONE', #3289, #5206, #5252, .T. ) ;
#2270 = VERTEX_POINT ( 'NONE', #1157 ) ;
#2271 = ORIENTED_EDGE ( 'NONE', *, *, #105, .T. ) ;
#2272 = VERTEX_POINT ( 'NONE', #4872 ) ;
#2273 = DIRECTION ( 'NONE',  ( -0.1403755459781247106, 0.9900983315263910400, 4.675190535752026475E-16 ) ) ;
#2274 =( BOUNDED_CURVE ( )  B_SPLINE_CURVE ( 3, ( #5164, #3252, #1515, #2892 ),
 .UNSPECIFIED., .F., .T. ) 
 B_SPLINE_CURVE_WITH_KNOTS ( ( 4, 4 ),
 ( 2.622292039550162990, 3.660893267629422354 ),
 .UNSPECIFIED. ) 
 CURVE ( )  GEOMETRIC_REPRESENTATION_ITEM ( )  RATIONAL_B_SPLINE_CURVE ( ( 1.000000000000000000, 0.9121109855992487470, 0.9121109855992487470, 1.000000000000000000 ) ) 
 REPRESENTATION_ITEM ( '' )  );
#2275 = AXIS2_PLACEMENT_3D ( 'NONE', #2372, #1307, #2713 ) ;
#2276 = LINE ( 'NONE', #2723, #2494 ) ;
#2277 = CARTESIAN_POINT ( 'NONE',  ( 3.464852426661638063, 12.00000000000000000, -6.001300443706304222 ) ) ;
#2278 = ORIENTED_EDGE ( 'NONE', *, *, #1064, .T. ) ;
#2279 = LINE ( 'NONE', #4105, #4875 ) ;
#2280 = EDGE_CURVE ( 'NONE', #4402, #4013, #3145, .T. ) ;
#2281 = DIRECTION ( 'NONE',  ( 1.000000000000000000, 1.734723475976805911E-15, -2.129972602857738710E-16 ) ) ;
#2282 = ORIENTED_EDGE ( 'NONE', *, *, #4509, .F. ) ;
#2283 = CARTESIAN_POINT ( 'NONE',  ( 8.982781698504119561, -6.102489573326734281E-16, 3.627365704891006182 ) ) ;
#2284 = DIRECTION ( 'NONE',  ( 0.000000000000000000, 0.000000000000000000, 1.000000000000000000 ) ) ;
#2285 = DIRECTION ( 'NONE',  ( 2.168404344971009115E-16, 1.000000000000000000, 0.000000000000000000 ) ) ;
#2286 = ORIENTED_EDGE ( 'NONE', *, *, #3514, .T. ) ;
#2287 = VECTOR ( 'NONE', #2058, 1000.000000000000000 ) ;
#2288 = CIRCLE ( 'NONE', #5631, 0.5000000000000000000 ) ;
#2289 = CARTESIAN_POINT ( 'NONE',  ( -1.442925888243343557, -1.969962361589606026, 6.741575057589274778 ) ) ;
#2290 = FACE_BOUND ( 'NONE', #2384, .T. ) ;
#2291 = ORIENTED_EDGE ( 'NONE', *, *, #3696, .T. ) ;
#2292 = AXIS2_PLACEMENT_3D ( 'NONE', #3663, #996, #3239 ) ;
#2293 = AXIS2_PLACEMENT_3D ( 'NONE', #5090, #1054, #2906 ) ;
#2294 = EDGE_CURVE ( 'NONE', #3694, #2397, #5724, .T. ) ;
#2295 = VECTOR ( 'NONE', #4224, 1000.000000000000000 ) ;
#2296 = CARTESIAN_POINT ( 'NONE',  ( 7.647990660955580111, -1.925077597708593879, -5.238460755777280653 ) ) ;
#2297 = VECTOR ( 'NONE', #2468, 1000.000000000000000 ) ;
#2298 = DIRECTION ( 'NONE',  ( -0.5000000000000000000, -2.449293598294705921E-16, 0.8660254037844385966 ) ) ;
#2299 = VERTEX_POINT ( 'NONE', #739 ) ;
#2300 = ORIENTED_EDGE ( 'NONE', *, *, #699, .T. ) ;
#2301 = ORIENTED_EDGE ( 'NONE', *, *, #4295, .F. ) ;
#2302 = ORIENTED_EDGE ( 'NONE', *, *, #4843, .F. ) ;
#2303 = AXIS2_PLACEMENT_3D ( 'NONE', #3691, #5066, #2284 ) ;
#2304 = CYLINDRICAL_SURFACE ( 'NONE', #908, 0.5000000000000004441 ) ;
#2305 = EDGE_CURVE ( 'NONE', #1617, #324, #2563, .T. ) ;
#2306 = FACE_OUTER_BOUND ( 'NONE', #1832, .T. ) ;
#2307 = LINE ( 'NONE', #4132, #1003 ) ;
#2308 = VERTEX_POINT ( 'NONE', #400 ) ;
#2309 = CARTESIAN_POINT ( 'NONE',  ( -8.016756294719687759, -1.175632637425476363E-15, -3.300570785647901850 ) ) ;
#2310 = ORIENTED_EDGE ( 'NONE', *, *, #3879, .T. ) ;
#2311 = ORIENTED_EDGE ( 'NONE', *, *, #68, .F. ) ;
#2312 = CARTESIAN_POINT ( 'NONE',  ( 3.982818503656841091, -1.648747737362058929, 6.445299284672593387 ) ) ;
#2313 = EDGE_CURVE ( 'NONE', #524, #5523, #3605, .T. ) ;
#2314 = LINE ( 'NONE', #881, #2027 ) ;
#2315 = CARTESIAN_POINT ( 'NONE',  ( -6.404546536120519384, -1.500000000000000000, 7.093000000000000860 ) ) ;
#2316 = DIRECTION ( 'NONE',  ( 0.000000000000000000, -1.000000000000000000, -0.000000000000000000 ) ) ;
#2317 = ORIENTED_EDGE ( 'NONE', *, *, #853, .F. ) ;
#2318 = AXIS2_PLACEMENT_3D ( 'NONE', #5874, #3608, #4844 ) ;
#2319 = CARTESIAN_POINT ( 'NONE',  ( -1.519125153670810802, -1.986985963823152179, 7.071192875142276790 ) ) ;
#2320 = DIRECTION ( 'NONE',  ( 0.5000000000000001110, 1.833097274665489691E-15, -0.8660254037844385966 ) ) ;
#2321 = ORIENTED_EDGE ( 'NONE', *, *, #173, .F. ) ;
#2322 = CIRCLE ( 'NONE', #2794, 1.000000000000000222 ) ;
#2323 = DIRECTION ( 'NONE',  ( 0.000000000000000000, 0.000000000000000000, -1.000000000000000000 ) ) ;
#2324 = VECTOR ( 'NONE', #1904, 1000.000000000000227 ) ;
#2325 = DIRECTION ( 'NONE',  ( 4.046297593392455931E-16, -1.000000000000000000, 7.008393014299411373E-16 ) ) ;
#2326 = ORIENTED_EDGE ( 'NONE', *, *, #387, .T. ) ;
#2327 = ORIENTED_EDGE ( 'NONE', *, *, #3880, .F. ) ;
#2328 = ORIENTED_EDGE ( 'NONE', *, *, #2788, .F. ) ;
#2329 = ORIENTED_EDGE ( 'NONE', *, *, #5802, .T. ) ;
#2330 = CYLINDRICAL_SURFACE ( 'NONE', #1962, 0.5000000000000004441 ) ;
#2331 = DIRECTION ( 'NONE',  ( 0.000000000000000000, 0.000000000000000000, -1.000000000000000000 ) ) ;
#2332 = DIRECTION ( 'NONE',  ( 1.000000000000000000, 0.000000000000000000, 0.000000000000000000 ) ) ;
#2333 = ORIENTED_EDGE ( 'NONE', *, *, #3768, .T. ) ;
#2334 = CARTESIAN_POINT ( 'NONE',  ( 10.09527348551606885, 0.000000000000000000, -4.847013406783228895 ) ) ;
#2335 = VERTEX_POINT ( 'NONE', #2113 ) ;
#2336 = FACE_OUTER_BOUND ( 'NONE', #5061, .T. ) ;
#2337 = ADVANCED_FACE ( 'NONE', ( #3941 ), #5755, .F. ) ;
#2338 = EDGE_CURVE ( 'NONE', #5885, #413, #4983, .T. ) ;
#2339 = VERTEX_POINT ( 'NONE', #2256 ) ;
#2340 = LINE ( 'NONE', #5510, #2054 ) ;
#2341 = DIRECTION ( 'NONE',  ( -0.4999999999999987232, -0.000000000000000000, -0.8660254037844393737 ) ) ;
#2342 = CARTESIAN_POINT ( 'NONE',  ( 2.699942782018127652, 11.00000000000000000, 4.676438075984264309 ) ) ;
#2343 = CYLINDRICAL_SURFACE ( 'NONE', #567, 0.4999999999999998335 ) ;
#2344 = AXIS2_PLACEMENT_3D ( 'NONE', #3120, #4898, #5421 ) ;
#2345 = ADVANCED_FACE ( 'NONE', ( #5035 ), #4199, .T. ) ;
#2346 = ORIENTED_EDGE ( 'NONE', *, *, #3180, .F. ) ;
#2347 = APPLICATION_CONTEXT ( 'configuration controlled 3d designs of mechanical parts and assemblies' ) ;
#2348 = CARTESIAN_POINT ( 'NONE',  ( -6.603010335502701444, -1.648747737362062260, -1.906993906338601219 ) ) ;
#2349 = CARTESIAN_POINT ( 'NONE',  ( -5.027691488543638343, -1.175632637425476363E-15, -4.230644653449195935 ) ) ;
#2350 = EDGE_CURVE ( 'NONE', #3255, #5234, #5148, .T. ) ;
#2351 = ORIENTED_EDGE ( 'NONE', *, *, #1606, .T. ) ;
#2352 = CARTESIAN_POINT ( 'NONE',  ( -9.344991457103283494, -2.000000000000000000, 1.999999999999998224 ) ) ;
#2353 = CARTESIAN_POINT ( 'NONE',  ( -5.623457863650185296, -1.499999999999999778, 4.574610530491090010 ) ) ;
#2354 = ORIENTED_EDGE ( 'NONE', *, *, #1724, .F. ) ;
#2355 = EDGE_LOOP ( 'NONE', ( #3628, #612, #1364, #58 ) ) ;
#2356 = VERTEX_POINT ( 'NONE', #4623 ) ;
#2357 = CARTESIAN_POINT ( 'NONE',  ( -6.281244879136914427, 1.793453714559286973E-17, 2.059426490941411281 ) ) ;
#2358 = LINE ( 'NONE', #4727, #180 ) ;
#2359 = ORIENTED_EDGE ( 'NONE', *, *, #4643, .T. ) ;
#2360 = LINE ( 'NONE', #597, #4713 ) ;
#2361 = ORIENTED_EDGE ( 'NONE', *, *, #4795, .F. ) ;
#2362 = CARTESIAN_POINT ( 'NONE',  ( -9.507906380237333366, 0.000000000000000000, -0.4962730758205965431 ) ) ;
#2363 = VERTEX_POINT ( 'NONE', #2760 ) ;
#2364 = VECTOR ( 'NONE', #1061, 1000.000000000000000 ) ;
#2365 = CARTESIAN_POINT ( 'NONE',  ( 9.495273485516067424, -2.299999999999999822, 5.886243891324553168 ) ) ;
#2366 = CIRCLE ( 'NONE', #3705, 0.4999999999999995559 ) ;
#2367 = ADVANCED_FACE ( 'NONE', ( #1416 ), #491, .T. ) ;
#2368 = DIRECTION ( 'NONE',  ( 0.000000000000000000, -1.000000000000000000, 0.000000000000000000 ) ) ;
#2369 = DIRECTION ( 'NONE',  ( 0.000000000000000000, -1.000000000000000000, -0.000000000000000000 ) ) ;
#2370 = FACE_OUTER_BOUND ( 'NONE', #1346, .T. ) ;
#2371 = VERTEX_POINT ( 'NONE', #1446 ) ;
#2372 = CARTESIAN_POINT ( 'NONE',  ( -6.946838408202647308, -1.600000000000000089, 2.105503136666864172 ) ) ;
#2373 = ADVANCED_FACE ( 'NONE', ( #2370 ), #4087, .F. ) ;
#2374 = ADVANCED_FACE ( 'NONE', ( #3301 ), #910, .F. ) ;
#2375 = FACE_OUTER_BOUND ( 'NONE', #5159, .T. ) ;
#2376 = DIRECTION ( 'NONE',  ( -0.8660254037844381525, 0.000000000000000000, 0.5000000000000011102 ) ) ;
#2377 = ORIENTED_EDGE ( 'NONE', *, *, #1463, .T. ) ;
#2378 = AXIS2_PLACEMENT_3D ( 'NONE', #5216, #2942, #1985 ) ;
#2379 = VECTOR ( 'NONE', #1488, 1000.000000000000000 ) ;
#2380 = EDGE_CURVE ( 'NONE', #3289, #1477, #2483, .T. ) ;
#2381 = CYLINDRICAL_SURFACE ( 'NONE', #3757, 0.4999999999999999445 ) ;
#2382 = CARTESIAN_POINT ( 'NONE',  ( -5.590942324105374617, -1.542437716798931380, 4.555837656569144301 ) ) ;
#2383 = VERTEX_POINT ( 'NONE', #2820 ) ;
#2384 = EDGE_LOOP ( 'NONE', ( #1646, #4156 ) ) ;
#2385 = TOROIDAL_SURFACE ( 'NONE', #5537, 1.000000000000000000, 0.5000000000000000000 ) ;
#2386 = VERTEX_POINT ( 'NONE', #519 ) ;
#2387 = AXIS2_PLACEMENT_3D ( 'NONE', #1707, #3530, #1616 ) ;
#2388 = LINE ( 'NONE', #593, #1956 ) ;
#2389 = AXIS2_PLACEMENT_3D ( 'NONE', #3808, #1086, #1414 ) ;
#2390 = SPHERICAL_SURFACE ( 'NONE', #5308, 0.5000000000000000000 ) ;
#2391 = EDGE_LOOP ( 'NONE', ( #2321, #5001, #2481, #3463 ) ) ;
#2392 = DIRECTION ( 'NONE',  ( -0.000000000000000000, 1.000000000000000000, 0.000000000000000000 ) ) ;
#2393 = ORIENTED_EDGE ( 'NONE', *, *, #1352, .T. ) ;
#2394 = DIRECTION ( 'NONE',  ( 0.5000000000000001110, 0.000000000000000000, -0.8660254037844385966 ) ) ;
#2395 = CIRCLE ( 'NONE', #2590, 0.5000000000000004441 ) ;
#2396 = ORIENTED_EDGE ( 'NONE', *, *, #3804, .T. ) ;
#2397 = VERTEX_POINT ( 'NONE', #91 ) ;
#2398 = CYLINDRICAL_SURFACE ( 'NONE', #5872, 0.5000000000000004441 ) ;
#2399 = CARTESIAN_POINT ( 'NONE',  ( -4.049914173027197251, 11.00000000000000000, 2.338219037992131710 ) ) ;
#2400 = DIRECTION ( 'NONE',  ( 0.5000000000000072164, 0.000000000000000000, 0.8660254037844345998 ) ) ;
#2401 = FACE_OUTER_BOUND ( 'NONE', #5509, .T. ) ;
#2402 = DIRECTION ( 'NONE',  ( 0.000000000000000000, 0.000000000000000000, 1.000000000000000000 ) ) ;
#2403 = ORIENTED_EDGE ( 'NONE', *, *, #2769, .F. ) ;
#2404 = CARTESIAN_POINT ( 'NONE',  ( -7.920822330615466811, 0.000000000000000000, 3.245183285647898153 ) ) ;
#2405 = DIRECTION ( 'NONE',  ( 0.4999999999999998890, 0.000000000000000000, 0.8660254037844388186 ) ) ;
#2406 = LINE ( 'NONE', #219, #1269 ) ;
#2407 = EDGE_LOOP ( 'NONE', ( #1842, #1283, #5653, #480 ) ) ;
#2408 = EDGE_CURVE ( 'NONE', #5031, #5378, #5068, .T. ) ;
#2409 = EDGE_CURVE ( 'NONE', #3165, #1921, #1023, .T. ) ;
#2410 = DIRECTION ( 'NONE',  ( 0.000000000000000000, 1.000000000000000000, -0.000000000000000000 ) ) ;
#2411 = CARTESIAN_POINT ( 'NONE',  ( -5.568411869548792303, -1.519474408874477156, 4.542829710978841362 ) ) ;
#2412 = ORIENTED_EDGE ( 'NONE', *, *, #365, .T. ) ;
#2413 = AXIS2_PLACEMENT_3D ( 'NONE', #3528, #5350, #663 ) ;
#2414 = ADVANCED_FACE ( 'NONE', ( #1871 ), #1895, .T. ) ;
#2415 = ORIENTED_EDGE ( 'NONE', *, *, #164, .F. ) ;
#2416 = CARTESIAN_POINT ( 'NONE',  ( 7.699768996611899396, -2.000000000000000000, 4.849608891324550974 ) ) ;
#2417 = CIRCLE ( 'NONE', #1569, 0.5000000000000000000 ) ;
#2418 = CARTESIAN_POINT ( 'NONE',  ( -3.129727872893062646, 10.56093467170257227, -4.924574613894597164 ) ) ;
#2419 = CARTESIAN_POINT ( 'NONE',  ( -2.699942782018129428, 10.56093467170257227, -5.172711151804926466 ) ) ;
#2420 = ORIENTED_EDGE ( 'NONE', *, *, #1930, .T. ) ;
#2421 = CARTESIAN_POINT ( 'NONE',  ( 7.822228131782869909, -1.598882571553896792, 5.497660975169867292 ) ) ;
#2422 = ORIENTED_EDGE ( 'NONE', *, *, #5344, .F. ) ;
#2423 = CARTESIAN_POINT ( 'NONE',  ( -0.8499999999999982014, -2.299999999999999822, -11.16627000000000081 ) ) ;
#2424 = EDGE_LOOP ( 'NONE', ( #5578, #3527, #4639, #5500, #711, #4044, #443, #4511, #971, #690 ) ) ;
#2425 = VERTEX_POINT ( 'NONE', #4649 ) ;
#2426 = DIRECTION ( 'NONE',  ( -1.000000000000000000, 0.000000000000000000, 0.000000000000000000 ) ) ;
#2427 = CARTESIAN_POINT ( 'NONE',  ( -8.266756294719684206, -1.500000000000000000, 2.867558083755676446 ) ) ;
#2428 = CARTESIAN_POINT ( 'NONE',  ( -1.349999999999998312, -2.000000000000000000, -9.092999999999999972 ) ) ;
#2429 = DIRECTION ( 'NONE',  ( 0.000000000000000000, 0.000000000000000000, 1.000000000000000000 ) ) ;
#2430 = CARTESIAN_POINT ( 'NONE',  ( -6.404546536120517608, -2.000000000000000000, -7.093000000000000860 ) ) ;
#2431 = ORIENTED_EDGE ( 'NONE', *, *, #915, .T. ) ;
#2432 = CYLINDRICAL_SURFACE ( 'NONE', #4196, 0.5000000000000000000 ) ;
#2433 = AXIS2_PLACEMENT_3D ( 'NONE', #1994, #5199, #1105 ) ;
#2434 = AXIS2_PLACEMENT_3D ( 'NONE', #1504, #2489, #5142 ) ;
#2435 = CARTESIAN_POINT ( 'NONE',  ( -1.163013911914197562, -1.630874546332615083, 7.134205028752417910 ) ) ;
#2436 = CARTESIAN_POINT ( 'NONE',  ( 3.721747197098096205, -2.000000000000000000, -7.068890105769110477 ) ) ;
#2437 = VECTOR ( 'NONE', #4079, 1000.000000000000000 ) ;
#2438 = ORIENTED_EDGE ( 'NONE', *, *, #616, .T. ) ;
#2439 = CIRCLE ( 'NONE', #3977, 3.499999999999999556 ) ;
#2440 = EDGE_CURVE ( 'NONE', #501, #4606, #4174, .T. ) ;
#2441 = CARTESIAN_POINT ( 'NONE',  ( 1.149999999999999911, 4.030646990155179866E-16, 6.678092995158791290 ) ) ;
#2442 = CARTESIAN_POINT ( 'NONE',  ( -6.586405599602934480, -1.999999580790795983, 2.022011604001288987 ) ) ;
#2443 = CARTESIAN_POINT ( 'NONE',  ( -5.506899148687164569, -1.538934585290468338, 4.522342496124526434 ) ) ;
#2444 = ORIENTED_EDGE ( 'NONE', *, *, #4074, .F. ) ;
#2445 = DIRECTION ( 'NONE',  ( -0.5000000000000002220, 0.000000000000000000, 0.8660254037844384856 ) ) ;
#2446 = FACE_OUTER_BOUND ( 'NONE', #3137, .T. ) ;
#2447 = EDGE_CURVE ( 'NONE', #1313, #2064, #4561, .T. ) ;
#2448 = ADVANCED_FACE ( 'NONE', ( #2791 ), #2343, .T. ) ;
#2449 = DIRECTION ( 'NONE',  ( -0.000000000000000000, 1.000000000000000000, 0.000000000000000000 ) ) ;
#2450 = FACE_OUTER_BOUND ( 'NONE', #3653, .T. ) ;
#2451 = ORIENTED_EDGE ( 'NONE', *, *, #3170, .T. ) ;
#2452 = FACE_OUTER_BOUND ( 'NONE', #5688, .T. ) ;
#2453 = EDGE_LOOP ( 'NONE', ( #601, #49, #1679, #626 ) ) ;
#2454 = CYLINDRICAL_SURFACE ( 'NONE', #5070, 0.4000000000000001887 ) ;
#2455 = VERTEX_POINT ( 'NONE', #5899 ) ;
#2456 = EDGE_LOOP ( 'NONE', ( #3593, #3687, #2633, #1852 ) ) ;
#2457 = CARTESIAN_POINT ( 'NONE',  ( -2.699942782018129428, 10.49999999999999822, -4.676438075984265197 ) ) ;
#2458 = ADVANCED_FACE ( 'NONE', ( #1807 ), #1358, .T. ) ;
#2459 = CARTESIAN_POINT ( 'NONE',  ( -1.149999999999999467, -1.500000000000000000, 6.714999999999998970 ) ) ;
#2460 = CARTESIAN_POINT ( 'NONE',  ( 10.09527348551606529, -2.299999999999999822, 4.847013406783226230 ) ) ;
#2461 = DIRECTION ( 'NONE',  ( -0.8660254037844414832, 1.734723475976807094E-15, -0.4999999999999952260 ) ) ;
#2462 = FACE_OUTER_BOUND ( 'NONE', #352, .T. ) ;
#2463 = AXIS2_PLACEMENT_3D ( 'NONE', #1028, #1955, #4512 ) ;
#2464 = ORIENTED_EDGE ( 'NONE', *, *, #2814, .F. ) ;
#2465 = AXIS2_PLACEMENT_3D ( 'NONE', #4366, #2085, #2596 ) ;
#2466 = FACE_OUTER_BOUND ( 'NONE', #2456, .T. ) ;
#2467 = CARTESIAN_POINT ( 'NONE',  ( -1.153591710390565739, -1.585912221601137206, 7.081353919293309040 ) ) ;
#2468 = DIRECTION ( 'NONE',  ( -9.389466242107250108E-17, 1.000000000000000000, 1.626303258728257637E-16 ) ) ;
#2469 = CARTESIAN_POINT ( 'NONE',  ( -6.533603425410044352, -1.618948468528098372, 2.221731162449465113 ) ) ;
#2470 = CARTESIAN_POINT ( 'NONE',  ( 7.648923628101629291, -2.000000000000000000, -0.1902995886563387251 ) ) ;
#2471 = ORIENTED_EDGE ( 'NONE', *, *, #350, .T. ) ;
#2472 = EDGE_CURVE ( 'NONE', #5913, #1617, #10, .T. ) ;
#2473 = CARTESIAN_POINT ( 'NONE',  ( 9.495273485516065648, -2.299999999999999822, 5.886243891324552280 ) ) ;
#2474 = CARTESIAN_POINT ( 'NONE',  ( 8.812260783623846905, -1.120523531463846059E-15, 6.069256593216772799 ) ) ;
#2475 = AXIS2_PLACEMENT_3D ( 'NONE', #894, #2716, #5908 ) ;
#2476 = CYLINDRICAL_SURFACE ( 'NONE', #4049, 0.4000000000000001887 ) ;
#2477 = AXIS2_PLACEMENT_3D ( 'NONE', #36, #4032, #5840 ) ;
#2478 = CARTESIAN_POINT ( 'NONE',  ( 8.482781698504123113, -2.299999999999999822, -4.493391108675447221 ) ) ;
#2479 = VERTEX_POINT ( 'NONE', #5687 ) ;
#2480 = DIRECTION ( 'NONE',  ( 0.4999999999999999445, 0.000000000000000000, 0.8660254037844387076 ) ) ;
#2481 = ORIENTED_EDGE ( 'NONE', *, *, #4463, .F. ) ;
#2482 = CARTESIAN_POINT ( 'NONE',  ( 7.632781698504119916, -2.000000000000000000, 5.965634295108991125 ) ) ;
#2483 = CIRCLE ( 'NONE', #1814, 0.5000000000000004441 ) ;
#2484 = ORIENTED_EDGE ( 'NONE', *, *, #4922, .F. ) ;
#2485 = EDGE_CURVE ( 'NONE', #2777, #3470, #120, .T. ) ;
#2486 = ORIENTED_EDGE ( 'NONE', *, *, #1453, .F. ) ;
#2487 = EDGE_CURVE ( 'NONE', #2753, #2766, #1568, .T. ) ;
#2488 = AXIS2_PLACEMENT_3D ( 'NONE', #5772, #694, #2006 ) ;
#2489 = DIRECTION ( 'NONE',  ( 0.000000000000000000, 0.9925461516413219831, -0.1218693434051477398 ) ) ;
#2490 = LINE ( 'NONE', #3054, #1341 ) ;
#2491 = VECTOR ( 'NONE', #1802, 1000.000000000000000 ) ;
#2492 = LINE ( 'NONE', #1021, #1914 ) ;
#2493 = FACE_OUTER_BOUND ( 'NONE', #653, .T. ) ;
#2494 = VECTOR ( 'NONE', #2751, 1000.000000000000000 ) ;
#2495 = DIRECTION ( 'NONE',  ( 0.4999999999999999445, 0.000000000000000000, -0.8660254037844387076 ) ) ;
#2496 = ORIENTED_EDGE ( 'NONE', *, *, #4147, .T. ) ;
#2497 = ADVANCED_FACE ( 'NONE', ( #2973 ), #3364, .T. ) ;
#2498 = FACE_OUTER_BOUND ( 'NONE', #3376, .T. ) ;
#2499 = CYLINDRICAL_SURFACE ( 'NONE', #4031, 0.3999999999999999112 ) ;
#2500 = DIRECTION ( 'NONE',  ( -0.000000000000000000, -1.000000000000000000, 0.000000000000000000 ) ) ;
#2501 = CARTESIAN_POINT ( 'NONE',  ( 1.649999999999999911, 0.000000000000000000, 8.592999999999999972 ) ) ;
#2502 = CARTESIAN_POINT ( 'NONE',  ( -6.773457863650186539, -1.499999999999999334, 2.582752101786881305 ) ) ;
#2503 = DIRECTION ( 'NONE',  ( 0.000000000000000000, 1.000000000000000000, -0.000000000000000000 ) ) ;
#2504 = ORIENTED_EDGE ( 'NONE', *, *, #5520, .F. ) ;
#2505 = CARTESIAN_POINT ( 'NONE',  ( -6.427691488543639586, -2.420257809854727820E-16, 1.805773522852769153 ) ) ;
#2506 = DIRECTION ( 'NONE',  ( -0.5000000000000001110, 3.755786496842898071E-16, 0.8660254037844387076 ) ) ;
#2507 = CYLINDRICAL_SURFACE ( 'NONE', #3479, 1.000000000000000444 ) ;
#2508 = AXIS2_PLACEMENT_3D ( 'NONE', #2283, #425, #3316 ) ;
#2509 = LINE ( 'NONE', #3469, #4587 ) ;
#2510 = ORIENTED_EDGE ( 'NONE', *, *, #2485, .F. ) ;
#2511 = DIRECTION ( 'NONE',  ( -1.734723475976805517E-15, 0.000000000000000000, 1.000000000000000000 ) ) ;
#2512 = ORIENTED_EDGE ( 'NONE', *, *, #3296, .F. ) ;
#2513 = CARTESIAN_POINT ( 'NONE',  ( 8.116756294719683851, -1.500000000000000000, -3.127365704891008402 ) ) ;
#2514 = VERTEX_POINT ( 'NONE', #4352 ) ;
#2515 = ORIENTED_EDGE ( 'NONE', *, *, #3794, .T. ) ;
#2516 = CARTESIAN_POINT ( 'NONE',  ( 4.324168099243711261, 0.000000000000000000, -8.482225000000015669 ) ) ;
#2517 = VECTOR ( 'NONE', #3701, 1000.000000000000114 ) ;
#2518 =( BOUNDED_CURVE ( )  B_SPLINE_CURVE ( 3, ( #734, #337, #3938, #4899 ),
 .UNSPECIFIED., .F., .T. ) 
 B_SPLINE_CURVE_WITH_KNOTS ( ( 4, 4 ),
 ( 2.622292039550162990, 3.660893267629422798 ),
 .UNSPECIFIED. ) 
 CURVE ( )  GEOMETRIC_REPRESENTATION_ITEM ( )  RATIONAL_B_SPLINE_CURVE ( ( 1.000000000000000000, 0.9121109855992486359, 0.9121109855992486359, 1.000000000000000000 ) ) 
 REPRESENTATION_ITEM ( '' )  );
#2519 = DIRECTION ( 'NONE',  ( -0.4999999999999998335, -0.000000000000000000, -0.8660254037844387076 ) ) ;
#2520 = ADVANCED_FACE ( 'NONE', ( #607 ), #1508, .F. ) ;
#2521 = DIRECTION ( 'NONE',  ( -0.5000000000000003331, 0.000000000000000000, 0.8660254037844385966 ) ) ;
#2522 = CARTESIAN_POINT ( 'NONE',  ( -7.560752083711955507, -1.648747737362059151, 0.2481365379103303015 ) ) ;
#2523 = EDGE_CURVE ( 'NONE', #596, #5378, #4204, .T. ) ;
#2524 = CARTESIAN_POINT ( 'NONE',  ( -9.417051349242463232, 0.6408196952823650427, -0.4962730758205965431 ) ) ;
#2525 = AXIS2_PLACEMENT_3D ( 'NONE', #2919, #3461, #1963 ) ;
#2526 = ORIENTED_EDGE ( 'NONE', *, *, #2305, .T. ) ;
#2527 = CARTESIAN_POINT ( 'NONE',  ( 2.940444920982768551, -1.500000000000000000, -9.092999999999998195 ) ) ;
#2528 = EDGE_CURVE ( 'NONE', #5276, #26, #5659, .T. ) ;
#2529 = DIRECTION ( 'NONE',  ( 3.469446951953614189E-15, 0.000000000000000000, -1.000000000000000000 ) ) ;
#2530 = EDGE_CURVE ( 'NONE', #5234, #5056, #4264, .T. ) ;
#2531 = DIRECTION ( 'NONE',  ( 0.000000000000000000, 0.000000000000000000, -1.000000000000000000 ) ) ;
#2532 = AXIS2_PLACEMENT_3D ( 'NONE', #2925, #4751, #648 ) ;
#2533 = CARTESIAN_POINT ( 'NONE',  ( 9.062260783623850458, -2.299999999999999822, -5.636243891324555833 ) ) ;
#2534 = EDGE_CURVE ( 'NONE', #4588, #3205, #4985, .T. ) ;
#2535 = CARTESIAN_POINT ( 'NONE',  ( -6.572108535713141464, -1.826772395666703241, 2.353291779432038489 ) ) ;
#2536 = VECTOR ( 'NONE', #5082, 1000.000000000000000 ) ;
#2537 = CARTESIAN_POINT ( 'NONE',  ( 7.904580156411902259, -2.000000000000000000, 0.4466457682385918670 ) ) ;
#2538 = VERTEX_POINT ( 'NONE', #3455 ) ;
#2539 = LINE ( 'NONE', #5788, #3898 ) ;
#2540 = DIRECTION ( 'NONE',  ( 0.8660254037844382635, 0.000000000000000000, 0.5000000000000005551 ) ) ;
#2541 = CARTESIAN_POINT ( 'NONE',  ( -1.649999999999999467, -1.500000000000000000, 8.592999999999999972 ) ) ;
#2542 = CARTESIAN_POINT ( 'NONE',  ( 1.149999999999999911, -1.500000000000000000, 7.157362632277970427 ) ) ;
#2543 = ORIENTED_EDGE ( 'NONE', *, *, #541, .F. ) ;
#2544 = PLANE ( 'NONE',  #701 ) ;
#2545 = ORIENTED_EDGE ( 'NONE', *, *, #4317, .T. ) ;
#2546 = DIRECTION ( 'NONE',  ( -0.8660254037844387076, -0.000000000000000000, 0.4999999999999998335 ) ) ;
#2547 = ORIENTED_EDGE ( 'NONE', *, *, #5311, .T. ) ;
#2548 = ORIENTED_EDGE ( 'NONE', *, *, #3759, .T. ) ;
#2549 = DIRECTION ( 'NONE',  ( 1.000000000000000000, -5.204170427930417339E-15, -6.389917808573216376E-16 ) ) ;
#2550 = DIRECTION ( 'NONE',  ( -1.000000000000000000, 0.000000000000000000, 0.000000000000000000 ) ) ;
#2551 = CARTESIAN_POINT ( 'NONE',  ( 8.044673219898291094, 12.12186934340514810, -0.05391044354268279687 ) ) ;
#2552 = SPHERICAL_SURFACE ( 'NONE', #1627, 0.5000000000000000000 ) ;
#2553 = CARTESIAN_POINT ( 'NONE',  ( 1.649999999999999911, -1.500000000000000000, 8.592999999999999972 ) ) ;
#2554 = ORIENTED_EDGE ( 'NONE', *, *, #4795, .T. ) ;
#2555 = DIRECTION ( 'NONE',  ( 0.000000000000000000, 0.000000000000000000, 1.000000000000000000 ) ) ;
#2556 = ADVANCED_FACE ( 'NONE', ( #3393 ), #4323, .T. ) ;
#2557 = DIRECTION ( 'NONE',  ( 0.07018777298906135609, 0.9900983315263910400, -0.1215687888871673922 ) ) ;
#2558 = VECTOR ( 'NONE', #3100, 1000.000000000000000 ) ;
#2559 = ADVANCED_FACE ( 'NONE', ( #2909 ), #3902, .F. ) ;
#2560 = EDGE_CURVE ( 'NONE', #3313, #924, #637, .T. ) ;
#2561 = CARTESIAN_POINT ( 'NONE',  ( -0.8499999999999984235, -1.500000000000000000, -9.592999999999999972 ) ) ;
#2562 = DIRECTION ( 'NONE',  ( -1.000000000000000000, -6.123233995736766036E-17, 0.000000000000000000 ) ) ;
#2563 = LINE ( 'NONE', #4507, #561 ) ;
#2564 = VERTEX_POINT ( 'NONE', #3784 ) ;
#2565 = DIRECTION ( 'NONE',  ( 0.000000000000000000, 0.000000000000000000, -1.000000000000000000 ) ) ;
#2566 = EDGE_CURVE ( 'NONE', #3673, #1907, #2581, .T. ) ;
#2567 = CARTESIAN_POINT ( 'NONE',  ( 9.412260783623850102, 0.000000000000000000, -5.030026108675448526 ) ) ;
#2568 = CARTESIAN_POINT ( 'NONE',  ( 3.565483496418511589, -1.600000000000000089, -7.068890105822377201 ) ) ;
#2569 = CARTESIAN_POINT ( 'NONE',  ( 3.464852426661733542, 12.00000000000000000, 6.001300443706255372 ) ) ;
#2570 = ORIENTED_EDGE ( 'NONE', *, *, #4716, .F. ) ;
#2571 = CARTESIAN_POINT ( 'NONE',  ( -6.361137226883049500, -1.301042606982605321E-15, -2.054405217386216620 ) ) ;
#2572 = ORIENTED_EDGE ( 'NONE', *, *, #4609, .F. ) ;
#2573 = CYLINDRICAL_SURFACE ( 'NONE', #2962, 4.000000000000000000 ) ;
#2574 = ORIENTED_EDGE ( 'NONE', *, *, #72, .T. ) ;
#2575 = ORIENTED_EDGE ( 'NONE', *, *, #4128, .F. ) ;
#2576 = LINE ( 'NONE', #3957, #336 ) ;
#2577 = AXIS2_PLACEMENT_3D ( 'NONE', #3626, #4973, #2696 ) ;
#2578 = DIRECTION ( 'NONE',  ( 0.000000000000000000, 0.000000000000000000, -1.000000000000000000 ) ) ;
#2579 = FACE_OUTER_BOUND ( 'NONE', #5854, .T. ) ;
#2580 = DIRECTION ( 'NONE',  ( -0.8660254037844387076, 0.000000000000000000, 0.4999999999999998335 ) ) ;
#2581 = CIRCLE ( 'NONE', #665, 0.4000000000000001887 ) ;
#2582 = DIRECTION ( 'NONE',  ( -2.152241387803296497E-16, 0.9925461516413219831, -0.1218693434051477398 ) ) ;
#2583 = AXIS2_PLACEMENT_3D ( 'NONE', #388, #2694, #5444 ) ;
#2584 = ORIENTED_EDGE ( 'NONE', *, *, #1095, .F. ) ;
#2585 = DIRECTION ( 'NONE',  ( 0.000000000000000000, 0.000000000000000000, -1.000000000000000000 ) ) ;
#2586 = AXIS2_PLACEMENT_3D ( 'NONE', #2482, #4316, #5111 ) ;
#2587 = AXIS2_PLACEMENT_3D ( 'NONE', #4206, #5605, #1928 ) ;
#2588 = CARTESIAN_POINT ( 'NONE',  ( -5.623457863650179966, -1.500000000000000000, -4.574610530491092675 ) ) ;
#2589 = MECHANICAL_CONTEXT ( 'NONE', #471, 'mechanical' ) ;
#2590 = AXIS2_PLACEMENT_3D ( 'NONE', #3228, #1513, #5054 ) ;
#2591 = DIRECTION ( 'NONE',  ( -1.000000000000000000, -0.000000000000000000, -0.000000000000000000 ) ) ;
#2592 = CARTESIAN_POINT ( 'NONE',  ( -1.649999999999999467, -1.500000000000000000, 8.592999999999999972 ) ) ;
#2593 = ADVANCED_FACE ( 'NONE', ( #2462 ), #2011, .T. ) ;
#2594 = EDGE_CURVE ( 'NONE', #122, #837, #275, .T. ) ;
#2595 = VERTEX_POINT ( 'NONE', #4709 ) ;
#2596 = DIRECTION ( 'NONE',  ( 0.000000000000000000, 0.000000000000000000, -1.000000000000000000 ) ) ;
#2597 = LINE ( 'NONE', #4426, #1386 ) ;
#2598 = DIRECTION ( 'NONE',  ( 0.5000000000000001110, -6.349528607487556813E-16, -0.8660254037844387076 ) ) ;
#2599 = CARTESIAN_POINT ( 'NONE',  ( -0.3499999999999984235, -2.299999999999999822, -9.092999999999998195 ) ) ;
#2600 = ORIENTED_EDGE ( 'NONE', *, *, #218, .T. ) ;
#2601 = CARTESIAN_POINT ( 'NONE',  ( -6.453730207851655187, -1.301042606982605321E-15, -2.398157253644237485 ) ) ;
#2602 = EDGE_CURVE ( 'NONE', #837, #66, #4114, .T. ) ;
#2603 = ORIENTED_EDGE ( 'NONE', *, *, #736, .T. ) ;
#2604 = DIRECTION ( 'NONE',  ( -0.000000000000000000, 1.000000000000000000, 0.000000000000000000 ) ) ;
#2605 = EDGE_LOOP ( 'NONE', ( #1036, #2510, #3414, #356 ) ) ;
#2606 = ORIENTED_EDGE ( 'NONE', *, *, #5405, .F. ) ;
#2607 = CARTESIAN_POINT ( 'NONE',  ( 4.324168099243711261, 0.000000000000000000, -8.482225000000015669 ) ) ;
#2608 = CC_DESIGN_APPROVAL ( #3272, ( #1598 ) ) ;
#2609 = CARTESIAN_POINT ( 'NONE',  ( 7.904580156411902259, -1.600000000000000089, -0.4466457682385963079 ) ) ;
#2610 = DIRECTION ( 'NONE',  ( 0.1403755459781247106, -0.9900983315263911511, -4.786995026619100121E-16 ) ) ;
#2611 = CARTESIAN_POINT ( 'NONE',  ( -3.464852426661678031, 12.00000000000000000, -6.001300443706280241 ) ) ;
#2612 = DIRECTION ( 'NONE',  ( -1.000000000000000000, -2.168404344971008868E-16, 0.000000000000000000 ) ) ;
#2613 = ORIENTED_EDGE ( 'NONE', *, *, #3399, .T. ) ;
#2614 = CIRCLE ( 'NONE', #23, 4.000000000000000000 ) ;
#2615 = DIRECTION ( 'NONE',  ( 0.000000000000000000, -1.000000000000000000, 0.000000000000000000 ) ) ;
#2616 = AXIS2_PLACEMENT_3D ( 'NONE', #3016, #2449, #3829 ) ;
#2617 = CARTESIAN_POINT ( 'NONE',  ( -5.183738280993635428, 0.000000000000000000, -7.985951924179317984 ) ) ;
#2618 = PERSON_AND_ORGANIZATION_ROLE ( 'design_owner' ) ;
#2619 = ADVANCED_FACE ( 'NONE', ( #755 ), #1240, .T. ) ;
#2620 = DIRECTION ( 'NONE',  ( 0.000000000000000000, -1.000000000000000000, 0.000000000000000000 ) ) ;
#2621 = CARTESIAN_POINT ( 'NONE',  ( 7.789275035073173648, 12.12186934340514810, -0.4962730758206520543 ) ) ;
#2622 = ORIENTED_EDGE ( 'NONE', *, *, #1359, .T. ) ;
#2623 = CARTESIAN_POINT ( 'NONE',  ( 8.116756294719680298, -1.500000000000000000, 3.127365704891006182 ) ) ;
#2624 = CARTESIAN_POINT ( 'NONE',  ( -7.904580156411902259, -1.600000000000000089, -0.4466457682385944206 ) ) ;
#2625 = EDGE_CURVE ( 'NONE', #5172, #3192, #5419, .T. ) ;
#2626 = VECTOR ( 'NONE', #3796, 1000.000000000000227 ) ;
#2627 = CARTESIAN_POINT ( 'NONE',  ( -6.535742196597081666, -1.642034235003848153, -2.067329531787226227 ) ) ;
#2628 = VECTOR ( 'NONE', #2166, 1000.000000000000000 ) ;
#2629 = DIRECTION ( 'NONE',  ( 0.000000000000000000, 0.000000000000000000, -1.000000000000000000 ) ) ;
#2630 = ORIENTED_EDGE ( 'NONE', *, *, #2646, .F. ) ;
#2631 = FACE_OUTER_BOUND ( 'NONE', #2391, .T. ) ;
#2632 = EDGE_LOOP ( 'NONE', ( #4043, #1015, #5549, #4641 ) ) ;
#2633 = ORIENTED_EDGE ( 'NONE', *, *, #5222, .F. ) ;
#2634 = ORIENTED_EDGE ( 'NONE', *, *, #244, .F. ) ;
#2635 = CARTESIAN_POINT ( 'NONE',  ( -4.777691488543641007, 1.714505518806296117E-16, 4.663657355341419120 ) ) ;
#2636 = VECTOR ( 'NONE', #4969, 1000.000000000000000 ) ;
#2637 = EDGE_CURVE ( 'NONE', #5174, #717, #5391, .T. ) ;
#2638 = ADVANCED_FACE ( 'NONE', ( #4923 ), #4862, .F. ) ;
#2639 = CARTESIAN_POINT ( 'NONE',  ( -5.432119036604414752, -1.724964733894907010, -4.507955132973210155 ) ) ;
#2640 = CARTESIAN_POINT ( 'NONE',  ( -0.3499999999999985345, 3.664950424068503129E-16, -11.16627000000000081 ) ) ;
#2641 = ORIENTED_EDGE ( 'NONE', *, *, #5303, .T. ) ;
#2642 = SPHERICAL_SURFACE ( 'NONE', #5151, 0.5000000000000000000 ) ;
#2643 = PLANE ( 'NONE',  #5065 ) ;
#2644 = ORIENTED_EDGE ( 'NONE', *, *, #1643, .F. ) ;
#2645 = FACE_OUTER_BOUND ( 'NONE', #5894, .T. ) ;
#2646 = EDGE_CURVE ( 'NONE', #1133, #4245, #817, .T. ) ;
#2647 = DIRECTION ( 'NONE',  ( -0.000000000000000000, 1.000000000000000000, -0.000000000000000000 ) ) ;
#2648 = COORDINATED_UNIVERSAL_TIME_OFFSET ( 1, 0, .AHEAD. ) ;
#2649 = CARTESIAN_POINT ( 'NONE',  ( 0.8330691636061808847, -1.735769097823758544, -9.425769823666632519 ) ) ;
#2650 = CARTESIAN_POINT ( 'NONE',  ( 8.732781698504123113, -2.299999999999999822, -4.060378406783227589 ) ) ;
#2651 = ORIENTED_EDGE ( 'NONE', *, *, #1352, .F. ) ;
#2652 = CC_DESIGN_PERSON_AND_ORGANIZATION_ASSIGNMENT ( #2197, #1214, ( #1598 ) ) ;
#2653 = CARTESIAN_POINT ( 'NONE',  ( 8.482781698504123113, -2.000000000000000000, -4.493391108675447221 ) ) ;
#2654 = AXIS2_PLACEMENT_3D ( 'NONE', #4695, #3795, #2950 ) ;
#2655 = FACE_OUTER_BOUND ( 'NONE', #5028, .T. ) ;
#2656 = DIRECTION ( 'NONE',  ( 0.000000000000000000, -1.000000000000000000, 0.000000000000000000 ) ) ;
#2657 = ORIENTED_EDGE ( 'NONE', *, *, #2156, .T. ) ;
#2658 = EDGE_LOOP ( 'NONE', ( #5769, #3087, #3172, #4941 ) ) ;
#2659 = CARTESIAN_POINT ( 'NONE',  ( -5.829670654911194738, 10.56093467170257227, 0.2481365379103301905 ) ) ;
#2660 = ORIENTED_EDGE ( 'NONE', *, *, #1276, .F. ) ;
#2661 = ORIENTED_EDGE ( 'NONE', *, *, #2678, .T. ) ;
#2662 = CARTESIAN_POINT ( 'NONE',  ( -8.266756294719685982, -1.500000000000000000, 2.867558083755676890 ) ) ;
#2663 = CARTESIAN_POINT ( 'NONE',  ( 10.09527348551606885, -2.299999999999999822, -4.847013406783228895 ) ) ;
#2664 = CARTESIAN_POINT ( 'NONE',  ( 3.995268587293444362, -1.648747737362058929, -6.423735107255517995 ) ) ;
#2665 = ORIENTED_EDGE ( 'NONE', *, *, #5005, .T. ) ;
#2666 = PLANE ( 'NONE',  #1909 ) ;
#2667 = LINE ( 'NONE', #5775, #1335 ) ;
#2668 = EDGE_CURVE ( 'NONE', #4284, #2371, #2162, .T. ) ;
#2669 = EDGE_CURVE ( 'NONE', #1477, #3646, #3089, .T. ) ;
#2670 = AXIS2_PLACEMENT_3D ( 'NONE', #2569, #1254, #3044 ) ;
#2671 = VERTEX_POINT ( 'NONE', #303 ) ;
#2672 = CIRCLE ( 'NONE', #4017, 1.000000000000000222 ) ;
#2673 = DIRECTION ( 'NONE',  ( -1.000000000000000000, -1.084202172485504434E-16, 0.000000000000000000 ) ) ;
#2674 = LINE ( 'NONE', #1387, #4299 ) ;
#2675 = COORDINATED_UNIVERSAL_TIME_OFFSET ( 1, 0, .AHEAD. ) ;
#2676 = VECTOR ( 'NONE', #3363, 1000.000000000000000 ) ;
#2677 = DIRECTION ( 'NONE',  ( 0.000000000000000000, 0.000000000000000000, -1.000000000000000000 ) ) ;
#2678 = EDGE_CURVE ( 'NONE', #2299, #3610, #954, .T. ) ;
#2679 = AXIS2_PLACEMENT_3D ( 'NONE', #322, #4485, #2213 ) ;
#2680 = VECTOR ( 'NONE', #3236, 1000.000000000000000 ) ;
#2681 = FACE_OUTER_BOUND ( 'NONE', #3591, .T. ) ;
#2682 = CARTESIAN_POINT ( 'NONE',  ( 3.591795170613920174, -2.019911312029149197, 6.717444801704497870 ) ) ;
#2683 = ORIENTED_EDGE ( 'NONE', *, *, #2530, .F. ) ;
#2684 = AXIS2_PLACEMENT_3D ( 'NONE', #363, #2167, #2529 ) ;
#2685 = CARTESIAN_POINT ( 'NONE',  ( 7.199768996611903837, -2.000000000000000000, -5.715634295108992902 ) ) ;
#2686 = DIRECTION ( 'NONE',  ( 0.000000000000000000, -0.000000000000000000, -1.000000000000000000 ) ) ;
#2687 = DIRECTION ( 'NONE',  ( -0.000000000000000000, -1.000000000000000000, -0.000000000000000000 ) ) ;
#2688 = EDGE_LOOP ( 'NONE', ( #4557, #485, #5697, #4802, #4121, #5204 ) ) ;
#2689 = EDGE_LOOP ( 'NONE', ( #3570, #2326, #313, #4634 ) ) ;
#2690 = CARTESIAN_POINT ( 'NONE',  ( -8.060291937006814678, -1.600000000000000089, -0.1769450529111896708 ) ) ;
#2691 = ORIENTED_EDGE ( 'NONE', *, *, #761, .F. ) ;
#2692 = VERTEX_POINT ( 'NONE', #1208 ) ;
#2693 = LINE ( 'NONE', #4522, #3785 ) ;
#2694 = DIRECTION ( 'NONE',  ( 0.000000000000000000, 1.000000000000000000, 0.000000000000000000 ) ) ;
#2695 = DIRECTION ( 'NONE',  ( -0.4999999999999997224, 0.000000000000000000, -0.8660254037844387076 ) ) ;
#2696 = DIRECTION ( 'NONE',  ( 0.000000000000000000, 0.000000000000000000, 1.000000000000000000 ) ) ;
#2697 = CARTESIAN_POINT ( 'NONE',  ( -6.404546536120517608, 0.000000000000000000, -7.093000000000000860 ) ) ;
#2698 = ORIENTED_EDGE ( 'NONE', *, *, #4690, .F. ) ;
#2699 = CARTESIAN_POINT ( 'NONE',  ( 4.326991113088131335, -0.1616919674634459958, -7.494568451767691819 ) ) ;
#2700 = TOROIDAL_SURFACE ( 'NONE', #4611, 3.500000000000000000, 0.5000000000000000000 ) ;
#2701 = EDGE_CURVE ( 'NONE', #3255, #3963, #4302, .T. ) ;
#2702 = ADVANCED_FACE ( 'NONE', ( #1266 ), #2643, .F. ) ;
#2703 = DIRECTION ( 'NONE',  ( 0.4999999999999987232, 0.000000000000000000, 0.8660254037844393737 ) ) ;
#2704 = CARTESIAN_POINT ( 'NONE',  ( 3.920900044008654994, -1.999999999999932276, 6.601051591900611193 ) ) ;
#2705 = DIRECTION ( 'NONE',  ( -0.000000000000000000, -1.000000000000000000, -0.000000000000000000 ) ) ;
#2706 = AXIS2_PLACEMENT_3D ( 'NONE', #807, #3078, #4911 ) ;
#2707 = EDGE_CURVE ( 'NONE', #846, #4155, #3118, .T. ) ;
#2708 = EDGE_CURVE ( 'NONE', #679, #819, #896, .T. ) ;
#2709 =( BOUNDED_SURFACE ( )  B_SPLINE_SURFACE ( 3, 2, ( 
 ( #2732, #1415, #969 ),
 ( #4534, #1748, #1778 ),
 ( #3604, #2704, #1840 ),
 ( #3574, #1301, #1869 ),
 ( #5423, #427, #5457 ),
 ( #3152, #3122, #4982 ) ),
 .UNSPECIFIED., .F., .F., .F. ) 
 B_SPLINE_SURFACE_WITH_KNOTS ( ( 4, 2, 4 ),
 ( 3, 3 ),
 ( 2.622292039550162990, 3.141592653589793116, 3.660893267629422798 ),
 ( 0.000000000000000000, 1.000000000000000000 ),
 .UNSPECIFIED. ) 
 GEOMETRIC_REPRESENTATION_ITEM ( )  RATIONAL_B_SPLINE_SURFACE ( (
 ( 1.000000000000000000, 0.7489557207890024104, 1.000000000000000000),
 ( 1.000000000000000000, 0.7529951710914181140, 1.000000000000000000),
 ( 1.000000000000000000, 0.7551077889872366278, 1.000000000000000000),
 ( 1.000000000000000000, 0.7551077889870636550, 1.000000000000000000),
 ( 1.000000000000000000, 0.7529951710915482321, 1.000000000000000000),
 ( 1.000000000000000000, 0.7489557207890020774, 1.000000000000000000) ) ) 
 REPRESENTATION_ITEM ( '' )  SURFACE ( )  );
#2710 = LINE ( 'NONE', #3668, #3064 ) ;
#2711 = CARTESIAN_POINT ( 'NONE',  ( 3.464852426661733542, 12.00000000000000000, 6.001300443706254484 ) ) ;
#2712 = ORIENTED_EDGE ( 'NONE', *, *, #3435, .T. ) ;
#2713 = DIRECTION ( 'NONE',  ( 0.8660254037844369313, 0.000000000000000000, -0.5000000000000031086 ) ) ;
#2714 = EDGE_CURVE ( 'NONE', #3503, #4344, #2667, .T. ) ;
#2715 = CARTESIAN_POINT ( 'NONE',  ( -9.344991457103283494, 0.000000000000000000, -2.000000000000001332 ) ) ;
#2716 = DIRECTION ( 'NONE',  ( -0.000000000000000000, 1.000000000000000000, -0.000000000000000000 ) ) ;
#2717 = ORIENTED_EDGE ( 'NONE', *, *, #4723, .F. ) ;
#2718 = EDGE_LOOP ( 'NONE', ( #4718, #4200, #1196, #5096, #4551 ) ) ;
#2719 = EDGE_LOOP ( 'NONE', ( #4663, #5900, #1373, #1706, #3307 ) ) ;
#2720 = ORIENTED_EDGE ( 'NONE', *, *, #757, .T. ) ;
#2721 = FACE_OUTER_BOUND ( 'NONE', #2605, .T. ) ;
#2722 = VECTOR ( 'NONE', #955, 1000.000000000000000 ) ;
#2723 = CARTESIAN_POINT ( 'NONE',  ( -1.649999999999999467, -2.000000000000000000, 7.068890105822376313 ) ) ;
#2724 = CYLINDRICAL_SURFACE ( 'NONE', #1199, 0.5000000000000001110 ) ;
#2725 = CARTESIAN_POINT ( 'NONE',  ( 8.178603795433115664, -2.000000000000000888, -4.089523721714830806 ) ) ;
#2726 = CARTESIAN_POINT ( 'NONE',  ( -1.649999999999999467, -2.000000000000000000, 7.068890105822376313 ) ) ;
#2727 = VECTOR ( 'NONE', #2867, 1000.000000000000000 ) ;
#2728 = ORIENTED_EDGE ( 'NONE', *, *, #3599, .T. ) ;
#2729 = CIRCLE ( 'NONE', #1618, 0.5000000000000004441 ) ;
#2730 = DIRECTION ( 'NONE',  ( -0.8660254037844415942, 0.000000000000000000, -0.4999999999999950040 ) ) ;
#2731 = DIRECTION ( 'NONE',  ( 0.8660254037844393737, 0.000000000000000000, -0.4999999999999987232 ) ) ;
#2732 = CARTESIAN_POINT ( 'NONE',  ( 4.339096659993388450, -2.000000000000000000, 6.622244337583781615 ) ) ;
#2733 = CARTESIAN_POINT ( 'NONE',  ( -1.649999999999999467, -1.939065328297427282, 7.211273075820659351 ) ) ;
#2734 = ORIENTED_EDGE ( 'NONE', *, *, #3337, .T. ) ;
#2735 = EDGE_CURVE ( 'NONE', #4527, #2564, #4682, .T. ) ;
#2736 = CARTESIAN_POINT ( 'NONE',  ( -1.213106555574517076, -1.574912004089981998, 6.912860742990943663 ) ) ;
#2737 = LINE ( 'NONE', #2349, #1272 ) ;
#2738 = B_SPLINE_CURVE_WITH_KNOTS ( 'NONE', 3,
 ( #3319, #2421, #4252, #1525, #144, #1973 ),
 .UNSPECIFIED., .F., .F.,
 ( 4, 2, 4 ),
 ( -4.472140924284568063E-06, 0.0003588464335803144599, 0.0007221650080849134710 ),
 .UNSPECIFIED. ) ;
#2739 = VERTEX_POINT ( 'NONE', #3144 ) ;
#2740 = EDGE_CURVE ( 'NONE', #1032, #3532, #762, .T. ) ;
#2741 = ADVANCED_FACE ( 'NONE', ( #269 ), #2102, .F. ) ;
#2742 = FACE_OUTER_BOUND ( 'NONE', #3303, .T. ) ;
#2743 = CARTESIAN_POINT ( 'NONE',  ( -6.616756294719681186, -2.000000000000000000, 5.725441916244322194 ) ) ;
#2744 = EDGE_LOOP ( 'NONE', ( #5619, #1345, #3676, #2172 ) ) ;
#2745 = ORIENTED_EDGE ( 'NONE', *, *, #4147, .F. ) ;
#2746 = EDGE_CURVE ( 'NONE', #4670, #26, #671, .T. ) ;
#2747 = AXIS2_PLACEMENT_3D ( 'NONE', #3765, #5645, #1104 ) ;
#2748 = ORIENTED_EDGE ( 'NONE', *, *, #2076, .T. ) ;
#2749 = ORIENTED_EDGE ( 'NONE', *, *, #3426, .F. ) ;
#2750 = CARTESIAN_POINT ( 'NONE',  ( -5.296838408202645176, -2.000000000000000000, -4.963386969155513029 ) ) ;
#2751 = DIRECTION ( 'NONE',  ( 1.000000000000000000, -0.000000000000000000, -0.000000000000000000 ) ) ;
#2752 = DIRECTION ( 'NONE',  ( 0.1403755459781249049, -0.9900983315263910400, 0.000000000000000000 ) ) ;
#2753 = VERTEX_POINT ( 'NONE', #2697 ) ;
#2754 = CARTESIAN_POINT ( 'NONE',  ( -3.464852426661679363, 12.00000000000000000, -6.001300443706280241 ) ) ;
#2755 = CARTESIAN_POINT ( 'NONE',  ( -8.266756294719685982, -1.500000000000000000, 2.867558083755677778 ) ) ;
#2756 = ORIENTED_EDGE ( 'NONE', *, *, #2847, .F. ) ;
#2757 = DIRECTION ( 'NONE',  ( -0.07018777298906259121, -0.9900983315263909290, -0.1215687888871673783 ) ) ;
#2758 = DIRECTION ( 'NONE',  ( 0.07018777298906242468, 0.9900983315263911511, 0.1215687888871666428 ) ) ;
#2759 = CARTESIAN_POINT ( 'NONE',  ( 4.049914173027193698, 10.49999999999999822, 2.338219037992131266 ) ) ;
#2760 = CARTESIAN_POINT ( 'NONE',  ( 9.662260783623846550, -2.299999999999999822, 4.597013406783226230 ) ) ;
#2761 = ORIENTED_EDGE ( 'NONE', *, *, #4139, .T. ) ;
#2762 = AXIS2_PLACEMENT_3D ( 'NONE', #2028, #2957, #3740 ) ;
#2763 = VECTOR ( 'NONE', #2790, 1000.000000000000000 ) ;
#2764 = CARTESIAN_POINT ( 'NONE',  ( -6.718411869548819304, -1.519474408874500915, -2.550971282274650864 ) ) ;
#2765 = CARTESIAN_POINT ( 'NONE',  ( 2.699942782018128540, 10.56093467170257227, 5.172711151804924690 ) ) ;
#2766 = VERTEX_POINT ( 'NONE', #3655 ) ;
#2767 = VECTOR ( 'NONE', #2817, 1000.000000000000227 ) ;
#2768 = CIRCLE ( 'NONE', #3249, 0.4000000000000001332 ) ;
#2769 = EDGE_CURVE ( 'NONE', #2308, #3270, #2672, .T. ) ;
#2770 = EDGE_CURVE ( 'NONE', #5598, #3872, #2193, .T. ) ;
#2771 = CARTESIAN_POINT ( 'NONE',  ( 7.669310390233161634, -1.882483278477502298, -5.294608465551537080 ) ) ;
#2772 = VECTOR ( 'NONE', #1725, 1000.000000000000000 ) ;
#2773 = DIRECTION ( 'NONE',  ( 0.9943939779289164838, -0.1057384351061882583, 0.000000000000000000 ) ) ;
#2774 = ORIENTED_EDGE ( 'NONE', *, *, #3331, .F. ) ;
#2775 = ORIENTED_EDGE ( 'NONE', *, *, #650, .T. ) ;
#2776 = VERTEX_POINT ( 'NONE', #3203 ) ;
#2777 = VERTEX_POINT ( 'NONE', #2362 ) ;
#2778 = CARTESIAN_POINT ( 'NONE',  ( -6.427691488543639586, -2.420257809854727820E-16, 1.805773522852769153 ) ) ;
#2779 = ADVANCED_FACE ( 'NONE', ( #5086 ), #511, .T. ) ;
#2780 = CARTESIAN_POINT ( 'NONE',  ( -5.296838408202637183, -1.999999999999999556, -4.963386969155513917 ) ) ;
#2781 = FACE_OUTER_BOUND ( 'NONE', #4703, .T. ) ;
#2782 = ORIENTED_EDGE ( 'NONE', *, *, #2230, .F. ) ;
#2783 = FACE_OUTER_BOUND ( 'NONE', #2832, .T. ) ;
#2784 = VERTEX_POINT ( 'NONE', #2726 ) ;
#2785 = LINE ( 'NONE', #4167, #2491 ) ;
#2786 = ORIENTED_EDGE ( 'NONE', *, *, #4673, .F. ) ;
#2787 = CARTESIAN_POINT ( 'NONE',  ( -1.149999999999999467, -1.500000000000000000, 7.157362632277970427 ) ) ;
#2788 = EDGE_CURVE ( 'NONE', #1887, #952, #840, .T. ) ;
#2789 = PLANE ( 'NONE',  #5635 ) ;
#2790 = DIRECTION ( 'NONE',  ( -0.8660254037844387076, -0.000000000000000000, 0.4999999999999998335 ) ) ;
#2791 = FACE_OUTER_BOUND ( 'NONE', #939, .T. ) ;
#2792 = ORIENTED_EDGE ( 'NONE', *, *, #3000, .F. ) ;
#2793 = TOROIDAL_SURFACE ( 'NONE', #3561, 1.000000000000000000, 0.5000000000000000000 ) ;
#2794 = AXIS2_PLACEMENT_3D ( 'NONE', #3202, #1743, #5029 ) ;
#2795 = CARTESIAN_POINT ( 'NONE',  ( -6.914107926552792271, -1.999999999999998668, -2.162193999631600416 ) ) ;
#2796 = CARTESIAN_POINT ( 'NONE',  ( -3.464852426661585660, 12.12186934340514810, 6.993846595347649853 ) ) ;
#2797 = ORIENTED_EDGE ( 'NONE', *, *, #2269, .T. ) ;
#2798 = AXIS2_PLACEMENT_3D ( 'NONE', #4849, #3381, #5615 ) ;
#2799 = DIRECTION ( 'NONE',  ( 0.5000000000000005551, 0.000000000000000000, -0.8660254037844382635 ) ) ;
#2800 = VECTOR ( 'NONE', #1340, 1000.000000000000000 ) ;
#2801 = CARTESIAN_POINT ( 'NONE',  ( 7.677128392282015490, -2.000000000000000000, -0.09507324786066483069 ) ) ;
#2802 = VERTEX_POINT ( 'NONE', #990 ) ;
#2803 = ORIENTED_EDGE ( 'NONE', *, *, #1309, .F. ) ;
#2804 = EDGE_CURVE ( 'NONE', #510, #4780, #1144, .T. ) ;
#2805 = ORIENTED_EDGE ( 'NONE', *, *, #2487, .F. ) ;
#2806 = LINE ( 'NONE', #4101, #47 ) ;
#2807 = DIRECTION ( 'NONE',  ( 0.4999999999999998890, 0.000000000000000000, 0.8660254037844385966 ) ) ;
#2808 = ORIENTED_EDGE ( 'NONE', *, *, #4903, .F. ) ;
#2809 = CARTESIAN_POINT ( 'NONE',  ( -4.339096659993393779, -1.600000000000000089, 6.622244337583781615 ) ) ;
#2810 = VERTEX_POINT ( 'NONE', #1889 ) ;
#2811 = CARTESIAN_POINT ( 'NONE',  ( -1.349999999999998535, 0.000000000000000000, -9.592999999999999972 ) ) ;
#2812 = ORIENTED_EDGE ( 'NONE', *, *, #3286, .T. ) ;
#2813 = AXIS2_PLACEMENT_3D ( 'NONE', #727, #301, #1688 ) ;
#2814 = EDGE_CURVE ( 'NONE', #5206, #4168, #3434, .T. ) ;
#2815 = EDGE_CURVE ( 'NONE', #1477, #2061, #1818, .T. ) ;
#2816 = DIRECTION ( 'NONE',  ( 0.000000000000000000, 0.000000000000000000, -1.000000000000000000 ) ) ;
#2817 = DIRECTION ( 'NONE',  ( -0.4999999999999997780, 0.000000000000000000, -0.8660254037844387076 ) ) ;
#2818 = VECTOR ( 'NONE', #4039, 1000.000000000000000 ) ;
#2819 = CARTESIAN_POINT ( 'NONE',  ( 1.350000000000001421, -1.500000000000000000, -9.592999999999999972 ) ) ;
#2820 = CARTESIAN_POINT ( 'NONE',  ( 8.482781698490878597, -1.824559823021959737, -3.993391108675447665 ) ) ;
#2821 = AXIS2_PLACEMENT_3D ( 'NONE', #34, #1471, #2816 ) ;
#2822 = VERTEX_POINT ( 'NONE', #2 ) ;
#2823 = ADVANCED_FACE ( 'NONE', ( #2336 ), #5893, .T. ) ;
#2824 = CARTESIAN_POINT ( 'NONE',  ( 1.649999999999999911, -1.500000000000000000, 8.592999999999999972 ) ) ;
#2825 = DIRECTION ( 'NONE',  ( -0.8660254037844385966, 0.000000000000000000, -0.5000000000000001110 ) ) ;
#2826 = LINE ( 'NONE', #1929, #5751 ) ;
#2827 = ORIENTED_EDGE ( 'NONE', *, *, #2625, .F. ) ;
#2828 = CIRCLE ( 'NONE', #4381, 4.000000000000000000 ) ;
#2829 = CARTESIAN_POINT ( 'NONE',  ( 7.746426073491850417, -1.735760857822197245, -5.434349509083715724 ) ) ;
#2830 = CARTESIAN_POINT ( 'NONE',  ( -5.190877339765775922, -1.618948468528127460, 4.547400963433398502 ) ) ;
#2831 = ORIENTED_EDGE ( 'NONE', *, *, #550, .T. ) ;
#2832 = EDGE_LOOP ( 'NONE', ( #538, #2548, #2042, #2351, #2451 ) ) ;
#2833 = CARTESIAN_POINT ( 'NONE',  ( -6.534362496003434551, -1.629059142642315550, -2.154416873143316646 ) ) ;
#2834 = FACE_OUTER_BOUND ( 'NONE', #989, .T. ) ;
#2835 = CARTESIAN_POINT ( 'NONE',  ( -2.940444920982764554, 0.000000000000000000, 5.092999999999999972 ) ) ;
#2836 = ORIENTED_EDGE ( 'NONE', *, *, #4317, .F. ) ;
#2837 = CARTESIAN_POINT ( 'NONE',  ( 1.649999999999999911, -1.648747737362059151, 6.671871645165847298 ) ) ;
#2838 = CIRCLE ( 'NONE', #4376, 0.5000000000000002220 ) ;
#2839 = EDGE_LOOP ( 'NONE', ( #1396, #4645, #1998, #4694 ) ) ;
#2840 = CARTESIAN_POINT ( 'NONE',  ( 8.060291937006812901, -1.600000000000000089, 0.1769450529111878667 ) ) ;
#2841 = ORIENTED_EDGE ( 'NONE', *, *, #2338, .T. ) ;
#2842 = CARTESIAN_POINT ( 'NONE',  ( -3.565483496418509368, -1.648747737362059373, -6.671871645165849074 ) ) ;
#2843 = DIRECTION ( 'NONE',  ( 0.8660254037844384856, 0.000000000000000000, -0.5000000000000004441 ) ) ;
#2844 = EDGE_CURVE ( 'NONE', #797, #4498, #1863, .T. ) ;
#2845 = FACE_OUTER_BOUND ( 'NONE', #2355, .T. ) ;
#2846 = CARTESIAN_POINT ( 'NONE',  ( 9.495273485516069201, 2.204364238465236069E-16, -5.886243891324554944 ) ) ;
#2847 = EDGE_CURVE ( 'NONE', #4498, #5734, #3727, .T. ) ;
#2848 = DIRECTION ( 'NONE',  ( -0.8660254037844385966, -0.000000000000000000, -0.5000000000000001110 ) ) ;
#2849 = ORIENTED_EDGE ( 'NONE', *, *, #5849, .T. ) ;
#2850 = CARTESIAN_POINT ( 'NONE',  ( -4.897214887076897227, 0.000000000000000000, 8.482225000000049420 ) ) ;
#2851 = FACE_OUTER_BOUND ( 'NONE', #503, .T. ) ;
#2852 = EDGE_CURVE ( 'NONE', #3955, #2739, #2785, .T. ) ;
#2853 = DIRECTION ( 'NONE',  ( -1.000000000000000000, 0.000000000000000000, 0.000000000000000000 ) ) ;
#2854 = VERTEX_POINT ( 'NONE', #3714 ) ;
#2855 = CIRCLE ( 'NONE', #1039, 0.4999999999999995559 ) ;
#2856 = CARTESIAN_POINT ( 'NONE',  ( -7.441756294719678699, -1.500000000000000000, -4.296500000000000874 ) ) ;
#2857 = AXIS2_PLACEMENT_3D ( 'NONE', #153, #3811, #5603 ) ;
#2858 = CARTESIAN_POINT ( 'NONE',  ( 8.024416909654478403, -2.000000000000000000, 0.1557901521562954639 ) ) ;
#2859 = ORIENTED_EDGE ( 'NONE', *, *, #2083, .T. ) ;
#2860 = VERTEX_POINT ( 'NONE', #4191 ) ;
#2861 = CIRCLE ( 'NONE', #3629, 0.5000000000000004441 ) ;
#2862 = DIRECTION ( 'NONE',  ( 0.4999999999999998890, 0.000000000000000000, 0.8660254037844388186 ) ) ;
#2863 = AXIS2_PLACEMENT_3D ( 'NONE', #4642, #2281, #964 ) ;
#2864 = CARTESIAN_POINT ( 'NONE',  ( 6.404546536120517608, -1.500000000000000000, 7.092999999999999972 ) ) ;
#2865 = AXIS2_PLACEMENT_3D ( 'NONE', #4228, #117, #1950 ) ;
#2866 = DIRECTION ( 'NONE',  ( 0.000000000000000000, -1.000000000000000000, 0.000000000000000000 ) ) ;
#2867 = DIRECTION ( 'NONE',  ( 0.000000000000000000, 1.000000000000000000, 0.000000000000000000 ) ) ;
#2868 = ORIENTED_EDGE ( 'NONE', *, *, #3061, .T. ) ;
#2869 = DIRECTION ( 'NONE',  ( 4.046297593392456424E-16, -1.000000000000000000, 7.008393014299412359E-16 ) ) ;
#2870 = VERTEX_POINT ( 'NONE', #83 ) ;
#2871 = DIRECTION ( 'NONE',  ( -0.8660254037844413721, 0.000000000000000000, -0.4999999999999955036 ) ) ;
#2872 = AXIS2_PLACEMENT_3D ( 'NONE', #5156, #3335, #1544 ) ;
#2873 = EDGE_LOOP ( 'NONE', ( #31, #1500, #4373, #2327 ) ) ;
#2874 = ORIENTED_EDGE ( 'NONE', *, *, #3995, .F. ) ;
#2875 = CARTESIAN_POINT ( 'NONE',  ( 12.13608875207182436, 0.000000000000000000, -8.334679727053995180 ) ) ;
#2876 = LINE ( 'NONE', #2459, #2106 ) ;
#2877 = CARTESIAN_POINT ( 'NONE',  ( -5.463956040248534762, -1.175632637425476363E-15, -4.482522109813913858 ) ) ;
#2878 = DIRECTION ( 'NONE',  ( 0.000000000000000000, -1.626303258728255172E-16, 1.000000000000000000 ) ) ;
#2879 = CARTESIAN_POINT ( 'NONE',  ( -6.531474238823609113, -1.601897159930490311, -2.336725005865817106 ) ) ;
#2880 = ORIENTED_EDGE ( 'NONE', *, *, #1422, .F. ) ;
#2881 = DIRECTION ( 'NONE',  ( 0.4999999999999999445, 0.000000000000000000, 0.8660254037844385966 ) ) ;
#2882 = EDGE_CURVE ( 'NONE', #3313, #11, #4783, .T. ) ;
#2883 = EDGE_CURVE ( 'NONE', #66, #3559, #2768, .T. ) ;
#2884 =( BOUNDED_SURFACE ( )  B_SPLINE_SURFACE ( 3, 2, ( 
 ( #3822, #617, #5195 ),
 ( #1426, #2470, #4303 ),
 ( #1034, #2801, #74 ),
 ( #2858, #1906, #5552 ),
 ( #1455, #3280, #4811 ),
 ( #2537, #5221, #4779 ) ),
 .UNSPECIFIED., .F., .F., .F. ) 
 B_SPLINE_SURFACE_WITH_KNOTS ( ( 4, 2, 4 ),
 ( 3, 3 ),
 ( 2.622292039550163434, 3.141592653589793116, 3.660893267629423242 ),
 ( 0.000000000000000000, 1.000000000000000000 ),
 .UNSPECIFIED. ) 
 GEOMETRIC_REPRESENTATION_ITEM ( )  RATIONAL_B_SPLINE_SURFACE ( (
 ( 1.000000000000000000, 0.7489557207890020774, 1.000000000000000000),
 ( 1.000000000000000000, 0.7529951710914833951, 1.000000000000000000),
 ( 1.000000000000000000, 0.7551077889871501414, 1.000000000000000000),
 ( 1.000000000000000000, 0.7551077889871501414, 1.000000000000000000),
 ( 1.000000000000000000, 0.7529951710914833951, 1.000000000000000000),
 ( 1.000000000000000000, 0.7489557207890020774, 1.000000000000000000) ) ) 
 REPRESENTATION_ITEM ( '' )  SURFACE ( )  );
#2885 = CARTESIAN_POINT ( 'NONE',  ( 5.138310765496146182, 0.6408196952823645987, -7.907269159276177461 ) ) ;
#2886 = EDGE_LOOP ( 'NONE', ( #1947, #2683, #997, #2243 ) ) ;
#2887 = EDGE_CURVE ( 'NONE', #1790, #2270, #2199, .T. ) ;
#2888 = EDGE_CURVE ( 'NONE', #2270, #5734, #1351, .T. ) ;
#2889 = VECTOR ( 'NONE', #5816, 1000.000000000000000 ) ;
#2890 = LINE ( 'NONE', #4719, #4310 ) ;
#2891 = CARTESIAN_POINT ( 'NONE',  ( -6.603010335502703221, -1.648747737362062038, 1.906993906338598554 ) ) ;
#2892 = CARTESIAN_POINT ( 'NONE',  ( -3.995268587293446139, -1.648747737362059151, 6.423735107255517107 ) ) ;
#2893 = ORIENTED_EDGE ( 'NONE', *, *, #5768, .F. ) ;
#2894 = CARTESIAN_POINT ( 'NONE',  ( 8.732781698504124890, 0.000000000000000000, -4.060378406783227589 ) ) ;
#2895 = ADVANCED_FACE ( 'NONE', ( #3773 ), #3894, .T. ) ;
#2896 = CYLINDRICAL_SURFACE ( 'NONE', #3775, 0.4000000000000001332 ) ;
#2897 = DIRECTION ( 'NONE',  ( 1.000000000000000000, 0.000000000000000000, 0.000000000000000000 ) ) ;
#2898 = DIRECTION ( 'NONE',  ( 0.000000000000000000, 0.000000000000000000, -1.000000000000000000 ) ) ;
#2899 = VERTEX_POINT ( 'NONE', #113 ) ;
#2900 = CARTESIAN_POINT ( 'NONE',  ( 1.149999999999999911, -1.499999999999999556, 7.157362632277970427 ) ) ;
#2901 = ORIENTED_EDGE ( 'NONE', *, *, #3368, .T. ) ;
#2902 = CARTESIAN_POINT ( 'NONE',  ( 5.880889841965528220, -2.000000000000000000, -2.602085213965210642E-15 ) ) ;
#2903 = ORIENTED_EDGE ( 'NONE', *, *, #514, .T. ) ;
#2904 = ORIENTED_EDGE ( 'NONE', *, *, #175, .T. ) ;
#2905 = CARTESIAN_POINT ( 'NONE',  ( 9.344991457103283494, 0.000000000000000000, -2.000000000000004441 ) ) ;
#2906 = DIRECTION ( 'NONE',  ( 1.734723475976805517E-15, 0.000000000000000000, -1.000000000000000000 ) ) ;
#2907 = CARTESIAN_POINT ( 'NONE',  ( 7.199768996611900285, 0.000000000000000000, 5.715634295108991125 ) ) ;
#2908 = CARTESIAN_POINT ( 'NONE',  ( 6.766756294719683318, -2.000000000000000000, -5.465634295108992902 ) ) ;
#2909 = FACE_OUTER_BOUND ( 'NONE', #430, .T. ) ;
#2910 = ORIENTED_EDGE ( 'NONE', *, *, #3372, .T. ) ;
#2911 = CARTESIAN_POINT ( 'NONE',  ( -8.699768996611901173, -1.500000000000000000, 3.117558083755676890 ) ) ;
#2912 = VECTOR ( 'NONE', #287, 1000.000000000000000 ) ;
#2913 = AXIS2_PLACEMENT_3D ( 'NONE', #1891, #1838, #4590 ) ;
#2914 = DIRECTION ( 'NONE',  ( 1.652166060416978960E-16, 0.000000000000000000, -1.000000000000000000 ) ) ;
#2915 = DIRECTION ( 'NONE',  ( 0.000000000000000000, -0.000000000000000000, -1.000000000000000000 ) ) ;
#2916 = EDGE_CURVE ( 'NONE', #2308, #5056, #1534, .T. ) ;
#2917 = VECTOR ( 'NONE', #353, 1000.000000000000000 ) ;
#2918 = DIRECTION ( 'NONE',  ( 0.8595701817498694330, 0.1218693434051477537, 0.4962730758206561066 ) ) ;
#2919 = CARTESIAN_POINT ( 'NONE',  ( 9.412260783623850102, 0.000000000000000000, -5.030026108675448526 ) ) ;
#2920 = EDGE_CURVE ( 'NONE', #721, #242, #375, .T. ) ;
#2921 = CARTESIAN_POINT ( 'NONE',  ( -2.940444920982764554, -2.000000000000000000, 8.592999999999999972 ) ) ;
#2922 = ADVANCED_FACE ( 'NONE', ( #4702 ), #3864, .T. ) ;
#2923 = ORIENTED_EDGE ( 'NONE', *, *, #128, .F. ) ;
#2924 = ORIENTED_EDGE ( 'NONE', *, *, #984, .F. ) ;
#2925 = CARTESIAN_POINT ( 'NONE',  ( -2.940444920982763666, -1.500000000000000000, -5.092999999999999972 ) ) ;
#2926 = PLANE ( 'NONE',  #5852 ) ;
#2927 = DIRECTION ( 'NONE',  ( 0.8660254037844383745, -0.000000000000000000, 0.5000000000000004441 ) ) ;
#2928 = ORIENTED_EDGE ( 'NONE', *, *, #5870, .F. ) ;
#2929 = SPHERICAL_SURFACE ( 'NONE', #1563, 1.000000000000000000 ) ;
#2930 = EDGE_CURVE ( 'NONE', #2988, #1938, #963, .T. ) ;
#2931 = ORIENTED_EDGE ( 'NONE', *, *, #5612, .T. ) ;
#2932 = DIRECTION ( 'NONE',  ( 0.8660254037844387076, 0.000000000000000000, -0.4999999999999998335 ) ) ;
#2933 = ORIENTED_EDGE ( 'NONE', *, *, #1825, .F. ) ;
#2934 = ORIENTED_EDGE ( 'NONE', *, *, #3514, .F. ) ;
#2935 = CARTESIAN_POINT ( 'NONE',  ( 11.23833650761973857, -1.175632637425476363E-15, 7.816362227054002965 ) ) ;
#2936 = LINE ( 'NONE', #5272, #3929 ) ;
#2937 = DIRECTION ( 'NONE',  ( -0.000000000000000000, 1.000000000000000000, 0.000000000000000000 ) ) ;
#2938 = CARTESIAN_POINT ( 'NONE',  ( -9.344991457103285271, -1.500000000000000000, -2.000000000000000444 ) ) ;
#2939 = CARTESIAN_POINT ( 'NONE',  ( 5.249845997741272363, 0.000000000000000000, -9.092999999999998195 ) ) ;
#2940 = VERTEX_POINT ( 'NONE', #146 ) ;
#2941 = AXIS2_PLACEMENT_3D ( 'NONE', #1640, #5316, #1187 ) ;
#2942 = DIRECTION ( 'NONE',  ( -0.1403755459781253212, 0.9900983315263911511, 4.914921493052578257E-16 ) ) ;
#2943 = DIRECTION ( 'NONE',  ( 0.8660254037844391517, 0.000000000000000000, -0.4999999999999992228 ) ) ;
#2944 = CARTESIAN_POINT ( 'NONE',  ( 7.560752083711956395, -1.648747737362058929, 0.2481365379103289415 ) ) ;
#2945 = DIRECTION ( 'NONE',  ( -0.000000000000000000, -0.9925461516413219831, 0.1218693434051477398 ) ) ;
#2946 = CARTESIAN_POINT ( 'NONE',  ( -6.616756294719678522, -2.000000000000000000, -5.725441916244325746 ) ) ;
#2947 = CARTESIAN_POINT ( 'NONE',  ( -4.260964809607284742, -2.000000000000000000, -6.757572672035011330 ) ) ;
#2948 = ORIENTED_EDGE ( 'NONE', *, *, #2625, .T. ) ;
#2949 = CIRCLE ( 'NONE', #79, 4.000000000000000000 ) ;
#2950 = DIRECTION ( 'NONE',  ( -5.898059818321144121E-14, 0.000000000000000000, -1.000000000000000000 ) ) ;
#2951 = PERSON ( 'UNSPECIFIED', 'UNSPECIFIED', 'UNSPECIFIED', ('UNSPECIFIED'), ('UNSPECIFIED'), ('UNSPECIFIED') ) ;
#2952 = CARTESIAN_POINT ( 'NONE',  ( 8.579497764655915404, -1.735760857822197023, 3.991427013640221233 ) ) ;
#2953 = EDGE_CURVE ( 'NONE', #1260, #3216, #4209, .T. ) ;
#2954 = ADVANCED_FACE ( 'NONE', ( #3802 ), #5620, .T. ) ;
#2955 = CARTESIAN_POINT ( 'NONE',  ( 10.98833650761973679, -1.500000000000000000, 8.249374928946222596 ) ) ;
#2956 = AXIS2_PLACEMENT_3D ( 'NONE', #1143, #3419, #2580 ) ;
#2957 = DIRECTION ( 'NONE',  ( 0.000000000000000000, 1.000000000000000000, 0.000000000000000000 ) ) ;
#2958 = ORIENTED_EDGE ( 'NONE', *, *, #6, .T. ) ;
#2959 = CARTESIAN_POINT ( 'NONE',  ( 7.449768996611899396, -2.299999999999999822, 5.282621593216770606 ) ) ;
#2960 = ORIENTED_EDGE ( 'NONE', *, *, #5259, .F. ) ;
#2961 = CARTESIAN_POINT ( 'NONE',  ( 9.412260783623846550, 0.000000000000000000, 5.030026108675446750 ) ) ;
#2962 = AXIS2_PLACEMENT_3D ( 'NONE', #4914, #3560, #5352 ) ;
#2963 = ORIENTED_EDGE ( 'NONE', *, *, #1392, .T. ) ;
#2964 = ORIENTED_EDGE ( 'NONE', *, *, #2013, .T. ) ;
#2965 = VECTOR ( 'NONE', #4321, 1000.000000000000114 ) ;
#2966 = CARTESIAN_POINT ( 'NONE',  ( 9.344991457103283494, -1.500000000000000000, 1.999999999999997113 ) ) ;
#2967 = ADVANCED_FACE ( 'NONE', ( #1946 ), #4345, .T. ) ;
#2968 = DIRECTION ( 'NONE',  ( 0.000000000000000000, 1.000000000000000000, -0.000000000000000000 ) ) ;
#2969 = VECTOR ( 'NONE', #2008, 1000.000000000000000 ) ;
#2970 = CARTESIAN_POINT ( 'NONE',  ( 9.641058328284641377, 0.000000000000000000, 0.1750740741082786323 ) ) ;
#2971 = DIRECTION ( 'NONE',  ( 0.000000000000000000, -1.000000000000000000, -0.000000000000000000 ) ) ;
#2972 = CIRCLE ( 'NONE', #4785, 3.500000000000000000 ) ;
#2973 = FACE_OUTER_BOUND ( 'NONE', #5883, .T. ) ;
#2974 = VERTEX_POINT ( 'NONE', #4731 ) ;
#2975 = DIRECTION ( 'NONE',  ( 0.000000000000000000, 1.000000000000000000, 0.000000000000000000 ) ) ;
#2976 = EDGE_CURVE ( 'NONE', #3091, #3265, #3321, .T. ) ;
#2977 = CARTESIAN_POINT ( 'NONE',  ( -2.699942782018128984, 10.49999999999999822, -4.676438075984265197 ) ) ;
#2978 = CARTESIAN_POINT ( 'NONE',  ( 7.653091489568332406, -1.658855474347328496, 0.09068214352127414168 ) ) ;
#2979 = CARTESIAN_POINT ( 'NONE',  ( -2.940444920982764554, -2.000000000000000000, 9.092999999999999972 ) ) ;
#2980 = CARTESIAN_POINT ( 'NONE',  ( -3.877290225400409795, -2.000000000000000000, -7.027243970396388484 ) ) ;
#2981 = VERTEX_POINT ( 'NONE', #3355 ) ;
#2982 = SECURITY_CLASSIFICATION ( '', '', #5784 ) ;
#2983 = CARTESIAN_POINT ( 'NONE',  ( -4.069024423586430572, 12.12186934340514810, -6.939936151804911191 ) ) ;
#2984 = CARTESIAN_POINT ( 'NONE',  ( 8.661089943582322093, -1.617070974832190977, 4.018987152780449712 ) ) ;
#2985 = DIRECTION ( 'NONE',  ( 0.8660254037844383745, 0.000000000000000000, 0.5000000000000004441 ) ) ;
#2986 = AXIS2_PLACEMENT_3D ( 'NONE', #489, #1970, #4533 ) ;
#2987 = CARTESIAN_POINT ( 'NONE',  ( -6.598811348027098234, 2.493495245697852525, -1.904569619789238999 ) ) ;
#2988 = VERTEX_POINT ( 'NONE', #4669 ) ;
#2989 = DIRECTION ( 'NONE',  ( 1.000000000000000000, -0.000000000000000000, 1.747750946500760618E-15 ) ) ;
#2990 = ORIENTED_EDGE ( 'NONE', *, *, #1606, .F. ) ;
#2991 = CARTESIAN_POINT ( 'NONE',  ( 2.940444920982763222, -2.000000000000000000, 5.092999999999999972 ) ) ;
#2992 = EDGE_CURVE ( 'NONE', #1790, #5651, #1727, .T. ) ;
#2993 = ORIENTED_EDGE ( 'NONE', *, *, #2714, .T. ) ;
#2994 = ORIENTED_EDGE ( 'NONE', *, *, #5016, .T. ) ;
#2995 = CYLINDRICAL_SURFACE ( 'NONE', #4454, 0.5000000000000000000 ) ;
#2996 = DIRECTION ( 'NONE',  ( 0.000000000000000000, -1.000000000000000000, 0.000000000000000000 ) ) ;
#2997 = DIRECTION ( 'NONE',  ( -1.000000000000000000, 2.168404344971009361E-16, 0.000000000000000000 ) ) ;
#2998 = CARTESIAN_POINT ( 'NONE',  ( -7.598102334621759546, -2.000000000000000000, 0.2697007153274060265 ) ) ;
#2999 = CARTESIAN_POINT ( 'NONE',  ( -7.560752083711956395, -1.648747737362061150, 0.2481365379103301905 ) ) ;
#3000 = EDGE_CURVE ( 'NONE', #1417, #2854, #5139, .T. ) ;
#3001 = ADVANCED_FACE ( 'NONE', ( #4255 ), #2454, .T. ) ;
#3002 = ORIENTED_EDGE ( 'NONE', *, *, #3695, .T. ) ;
#3003 = CYLINDRICAL_SURFACE ( 'NONE', #3198, 0.4999999999999995559 ) ;
#3004 = APPROVAL_DATE_TIME ( #1302, #791 ) ;
#3005 = ADVANCED_FACE ( 'NONE', ( #5707 ), #5652, .F. ) ;
#3006 = AXIS2_PLACEMENT_3D ( 'NONE', #1188, #1701, #1672 ) ;
#3007 = AXIS2_PLACEMENT_3D ( 'NONE', #3930, #660, #3897 ) ;
#3008 = CYLINDRICAL_SURFACE ( 'NONE', #1062, 0.5000000000000001110 ) ;
#3009 = DIRECTION ( 'NONE',  ( -0.8660254037844385966, 0.000000000000000000, -0.5000000000000000000 ) ) ;
#3010 = CIRCLE ( 'NONE', #4356, 1.000000000000000000 ) ;
#3011 = CARTESIAN_POINT ( 'NONE',  ( -3.652642293001637785, -1.653574242655782900, -6.672464265499034930 ) ) ;
#3012 = ORIENTED_EDGE ( 'NONE', *, *, #2534, .F. ) ;
#3013 = CIRCLE ( 'NONE', #3206, 0.5000000000000000000 ) ;
#3014 = LINE ( 'NONE', #4906, #3128 ) ;
#3015 = PLANE ( 'NONE',  #1673 ) ;
#3016 = CARTESIAN_POINT ( 'NONE',  ( -0.3499999999999984790, -2.000000000000000000, -9.592999999999999972 ) ) ;
#3017 = CARTESIAN_POINT ( 'NONE',  ( -6.866756294719685627, -1.499999999999999778, 5.292429214352104339 ) ) ;
#3018 = ORIENTED_EDGE ( 'NONE', *, *, #5693, .T. ) ;
#3019 = CARTESIAN_POINT ( 'NONE',  ( 9.344991457103283494, -1.500000000000000000, 1.999999999999997113 ) ) ;
#3020 = ORIENTED_EDGE ( 'NONE', *, *, #3360, .F. ) ;
#3021 = CARTESIAN_POINT ( 'NONE',  ( 4.049914173027196362, 11.00000000000000000, -2.338219037992132154 ) ) ;
#3022 = ORIENTED_EDGE ( 'NONE', *, *, #3449, .T. ) ;
#3023 = ORIENTED_EDGE ( 'NONE', *, *, #3066, .F. ) ;
#3024 = CARTESIAN_POINT ( 'NONE',  ( -4.324168099243652641, 0.000000000000000000, 8.482225000000044091 ) ) ;
#3025 = DIRECTION ( 'NONE',  ( 0.5000000000000001110, 6.957515866787168256E-18, -0.8660254037844384856 ) ) ;
#3026 = FACE_OUTER_BOUND ( 'NONE', #5499, .T. ) ;
#3027 = CARTESIAN_POINT ( 'NONE',  ( -4.948811348027096102, 2.493495245697852525, -4.762453452277886967 ) ) ;
#3028 = CARTESIAN_POINT ( 'NONE',  ( 9.344991457103283494, -2.000000000000000000, 1.999999999999997113 ) ) ;
#3029 = VERTEX_POINT ( 'NONE', #3292 ) ;
#3030 = CARTESIAN_POINT ( 'NONE',  ( 4.049914173027195474, 10.49999999999999822, -2.338219037992131710 ) ) ;
#3031 = EDGE_CURVE ( 'NONE', #5131, #5830, #3063, .T. ) ;
#3032 = EDGE_CURVE ( 'NONE', #5830, #4662, #1016, .T. ) ;
#3033 = CARTESIAN_POINT ( 'NONE',  ( -2.940444920982764554, -2.000000000000000000, 8.592999999999999972 ) ) ;
#3034 = AXIS2_PLACEMENT_3D ( 'NONE', #5255, #2115, #1159 ) ;
#3035 = CC_DESIGN_SECURITY_CLASSIFICATION ( #2982, ( #2023 ) ) ;
#3036 = EDGE_CURVE ( 'NONE', #524, #837, #1286, .T. ) ;
#3037 = CARTESIAN_POINT ( 'NONE',  ( 0.5455158861070902310, -1.999999999999999556, -9.127084205226458025 ) ) ;
#3038 = LINE ( 'NONE', #2682, #4619 ) ;
#3039 = CARTESIAN_POINT ( 'NONE',  ( 4.183384879398478695, -1.600000000000000089, -6.891945052911188085 ) ) ;
#3040 = ORIENTED_EDGE ( 'NONE', *, *, #1250, .F. ) ;
#3041 = CARTESIAN_POINT ( 'NONE',  ( 1.649999999999999911, 0.000000000000000000, 9.092999999999999972 ) ) ;
#3042 = LINE ( 'NONE', #3497, #615 ) ;
#3043 = FACE_OUTER_BOUND ( 'NONE', #3715, .T. ) ;
#3044 = DIRECTION ( 'NONE',  ( 1.000000000000000000, 0.000000000000000000, 0.000000000000000000 ) ) ;
#3045 = ORIENTED_EDGE ( 'NONE', *, *, #1691, .F. ) ;
#3046 = LINE ( 'NONE', #4884, #5281 ) ;
#3047 = ORIENTED_EDGE ( 'NONE', *, *, #3924, .T. ) ;
#3048 = SPHERICAL_SURFACE ( 'NONE', #3444, 0.5000000000000000000 ) ;
#3049 = ORIENTED_EDGE ( 'NONE', *, *, #5278, .T. ) ;
#3050 = ORIENTED_EDGE ( 'NONE', *, *, #310, .T. ) ;
#3051 = AXIS2_PLACEMENT_3D ( 'NONE', #2478, #533, #2898 ) ;
#3052 = CARTESIAN_POINT ( 'NONE',  ( 4.339096659993388450, -2.000000000000000000, 6.622244337583781615 ) ) ;
#3053 = AXIS2_PLACEMENT_3D ( 'NONE', #2068, #302, #4768 ) ;
#3054 = CARTESIAN_POINT ( 'NONE',  ( -2.940444920982762778, -2.000000000000000000, -9.092999999999999972 ) ) ;
#3055 = DIRECTION ( 'NONE',  ( -1.000000000000000000, -0.000000000000000000, -1.118625911196693900E-16 ) ) ;
#3056 = DIRECTION ( 'NONE',  ( 0.000000000000000000, 0.000000000000000000, 1.000000000000000000 ) ) ;
#3057 = VECTOR ( 'NONE', #1059, 1000.000000000000227 ) ;
#3058 = DIRECTION ( 'NONE',  ( 0.000000000000000000, 1.000000000000000000, 0.000000000000000000 ) ) ;
#3059 = CIRCLE ( 'NONE', #3638, 0.4999999999999995559 ) ;
#3060 = ORIENTED_EDGE ( 'NONE', *, *, #38, .F. ) ;
#3061 = EDGE_CURVE ( 'NONE', #1735, #4214, #3110, .T. ) ;
#3062 = CARTESIAN_POINT ( 'NONE',  ( -6.773457863650184763, -1.499999999999999556, 2.582752101786879972 ) ) ;
#3063 = CIRCLE ( 'NONE', #2586, 1.000000000000000000 ) ;
#3064 = VECTOR ( 'NONE', #4627, 1000.000000000000114 ) ;
#3065 = DIRECTION ( 'NONE',  ( 0.000000000000000000, 0.000000000000000000, -1.000000000000000000 ) ) ;
#3066 = EDGE_CURVE ( 'NONE', #1048, #4820, #779, .T. ) ;
#3067 = VECTOR ( 'NONE', #2557, 1000.000000000000114 ) ;
#3068 = CARTESIAN_POINT ( 'NONE',  ( -5.399885564036260632, 11.00000000000000000, 1.721741063764102914E-15 ) ) ;
#3069 = CARTESIAN_POINT ( 'NONE',  ( -5.623457863650179966, -1.500000000000000000, -4.574610530491092675 ) ) ;
#3070 = VERTEX_POINT ( 'NONE', #381 ) ;
#3071 = EDGE_CURVE ( 'NONE', #2899, #2299, #4434, .T. ) ;
#3072 = EDGE_CURVE ( 'NONE', #1223, #3559, #5322, .T. ) ;
#3073 = DIRECTION ( 'NONE',  ( -2.168404344971008868E-16, 1.000000000000000000, -0.000000000000000000 ) ) ;
#3074 = CARTESIAN_POINT ( 'NONE',  ( 12.38833650761973892, -1.175632637425476363E-15, 5.824503798349794259 ) ) ;
#3075 = CARTESIAN_POINT ( 'NONE',  ( -7.185103038148418442, 13.00000000000000000, 0.4423626322780233044 ) ) ;
#3076 = CARTESIAN_POINT ( 'NONE',  ( -1.649999999999999467, -1.648747737362059151, 6.671871645165847298 ) ) ;
#3077 = ORIENTED_EDGE ( 'NONE', *, *, #4765, .F. ) ;
#3078 = DIRECTION ( 'NONE',  ( 0.000000000000000000, 1.000000000000000000, 0.000000000000000000 ) ) ;
#3079 = ORIENTED_EDGE ( 'NONE', *, *, #99, .F. ) ;
#3080 = DIRECTION ( 'NONE',  ( 0.4999999999999997780, -0.000000000000000000, 0.8660254037844387076 ) ) ;
#3081 = EDGE_CURVE ( 'NONE', #5921, #797, #4045, .T. ) ;
#3082 = ORIENTED_EDGE ( 'NONE', *, *, #173, .T. ) ;
#3083 = ORIENTED_EDGE ( 'NONE', *, *, #5629, .F. ) ;
#3084 = VECTOR ( 'NONE', #5691, 1000.000000000000000 ) ;
#3085 = CARTESIAN_POINT ( 'NONE',  ( -5.590942324118781670, -1.542437716800143299, -4.555837656548815673 ) ) ;
#3086 = DIRECTION ( 'NONE',  ( 0.000000000000000000, 0.000000000000000000, -1.000000000000000000 ) ) ;
#3087 = ORIENTED_EDGE ( 'NONE', *, *, #3180, .T. ) ;
#3088 = CARTESIAN_POINT ( 'NONE',  ( -1.649999999999999467, 9.525541712995371174E-17, 6.469430878194189383 ) ) ;
#3089 = LINE ( 'NONE', #5362, #5154 ) ;
#3090 = B_SPLINE_CURVE_WITH_KNOTS ( 'NONE', 3,
 ( #4338, #1160, #5225, #1128, #5257, #2952, #2984, #4933 ),
 .UNSPECIFIED., .F., .F.,
 ( 4, 2, 2, 4 ),
 ( 0.000000000000000000, 0.0002150735919586440551, 0.0004301471839172878392, 0.0008602943678345716669 ),
 .UNSPECIFIED. ) ;
#3091 = VERTEX_POINT ( 'NONE', #4854 ) ;
#3092 = AXIS2_PLACEMENT_3D ( 'NONE', #2959, #718, #260 ) ;
#3093 = CARTESIAN_POINT ( 'NONE',  ( -6.527165403927633669, -1.587134407174383144, 2.440555083866690733 ) ) ;
#3094 = VECTOR ( 'NONE', #4399, 1000.000000000000000 ) ;
#3095 = SPHERICAL_SURFACE ( 'NONE', #773, 1.000000000000000000 ) ;
#3096 = PERSON_AND_ORGANIZATION_ROLE ( 'design_supplier' ) ;
#3097 = DIRECTION ( 'NONE',  ( 0.1403755459781248771, 0.9900983315263911511, 1.714168861259122857E-17 ) ) ;
#3098 = CARTESIAN_POINT ( 'NONE',  ( -1.357106781186547151, -2.000000000000000000, 7.068890105822376313 ) ) ;
#3099 = VERTEX_POINT ( 'NONE', #749 ) ;
#3100 = DIRECTION ( 'NONE',  ( 0.4999999999999950595, -0.000000000000000000, -0.8660254037844414832 ) ) ;
#3101 = DIRECTION ( 'NONE',  ( 0.1055419473313874423, 0.9925461516413219831, 0.06093467170257391152 ) ) ;
#3102 = VECTOR ( 'NONE', #4067, 1000.000000000000000 ) ;
#3103 = ADVANCED_FACE ( 'NONE', ( #2124 ), #2573, .T. ) ;
#3104 = EDGE_CURVE ( 'NONE', #1617, #3823, #3985, .T. ) ;
#3105 = CARTESIAN_POINT ( 'NONE',  ( 5.001925607022477571, 0.000000000000000000, 8.300860712957394583 ) ) ;
#3106 = AXIS2_PLACEMENT_3D ( 'NONE', #4417, #3967, #4532 ) ;
#3107 = CYLINDRICAL_SURFACE ( 'NONE', #2190, 0.4999999999999995559 ) ;
#3108 = ORIENTED_EDGE ( 'NONE', *, *, #4869, .F. ) ;
#3109 = VERTEX_POINT ( 'NONE', #2659 ) ;
#3110 = LINE ( 'NONE', #1258, #1433 ) ;
#3111 = ORIENTED_EDGE ( 'NONE', *, *, #3104, .F. ) ;
#3112 = ORIENTED_EDGE ( 'NONE', *, *, #1025, .F. ) ;
#3113 = CYLINDRICAL_SURFACE ( 'NONE', #822, 0.4999999999999995559 ) ;
#3114 = EDGE_CURVE ( 'NONE', #1133, #558, #1630, .T. ) ;
#3115 = DIRECTION ( 'NONE',  ( -1.000000000000000000, 0.000000000000000000, 3.542265381399704218E-15 ) ) ;
#3116 = DIRECTION ( 'NONE',  ( 1.000000000000000000, 0.000000000000000000, 0.000000000000000000 ) ) ;
#3117 = FACE_OUTER_BOUND ( 'NONE', #92, .T. ) ;
#3118 = LINE ( 'NONE', #3028, #1625 ) ;
#3119 = ORIENTED_EDGE ( 'NONE', *, *, #5741, .F. ) ;
#3120 = CARTESIAN_POINT ( 'NONE',  ( 8.482781698504119561, -2.000000000000000000, 4.493391108675444556 ) ) ;
#3121 = CYLINDRICAL_SURFACE ( 'NONE', #2036, 0.4999999999999996669 ) ;
#3122 = CARTESIAN_POINT ( 'NONE',  ( 3.565483496418509812, -2.000000000000000000, 6.714999999999998970 ) ) ;
#3123 = CARTESIAN_POINT ( 'NONE',  ( -6.766424221987944243, -1.751808886032453216, -2.505822053182662490 ) ) ;
#3124 = CARTESIAN_POINT ( 'NONE',  ( -3.892746309566710750, -2.000000000000000000, 7.068890105822376313 ) ) ;
#3125 = ORIENTED_EDGE ( 'NONE', *, *, #5698, .T. ) ;
#3126 = ADVANCED_FACE ( 'NONE', ( #5381 ), #4939, .F. ) ;
#3127 = CARTESIAN_POINT ( 'NONE',  ( 7.753814115216672853, -2.000000000000000000, -8.714996774140496800E-16 ) ) ;
#3128 = VECTOR ( 'NONE', #741, 1000.000000000000227 ) ;
#3129 = CARTESIAN_POINT ( 'NONE',  ( -1.649999999999999467, 9.525541712995371174E-17, 6.469430878194189383 ) ) ;
#3130 = DIRECTION ( 'NONE',  ( -0.07018777298906243856, 0.9900983315263911511, -0.1215687888871666428 ) ) ;
#3131 = CARTESIAN_POINT ( 'NONE',  ( 1.149999999999999911, -1.792893218813452538, 7.105536626177695325 ) ) ;
#3132 = ORIENTED_EDGE ( 'NONE', *, *, #3631, .F. ) ;
#3133 = ORIENTED_EDGE ( 'NONE', *, *, #4139, .F. ) ;
#3134 = CYLINDRICAL_SURFACE ( 'NONE', #382, 0.4000000000000001332 ) ;
#3135 = ORIENTED_EDGE ( 'NONE', *, *, #2701, .T. ) ;
#3136 = EDGE_CURVE ( 'NONE', #1945, #776, #4823, .T. ) ;
#3137 = EDGE_LOOP ( 'NONE', ( #685, #3763, #978, #3988 ) ) ;
#3138 = ADVANCED_FACE ( 'NONE', ( #1680 ), #5251, .T. ) ;
#3139 = CARTESIAN_POINT ( 'NONE',  ( 3.590383663691714577, -1.648747737362059373, -6.671871645165848186 ) ) ;
#3140 = CARTESIAN_POINT ( 'NONE',  ( -5.623457863650185296, -1.499999999999999778, 4.574610530491090010 ) ) ;
#3141 = LINE ( 'NONE', #4220, #4068 ) ;
#3142 = ORIENTED_EDGE ( 'NONE', *, *, #1614, .F. ) ;
#3143 = FACE_OUTER_BOUND ( 'NONE', #4047, .T. ) ;
#3144 = CARTESIAN_POINT ( 'NONE',  ( -8.266756294719680653, -2.000000000000000000, -2.867558083755677778 ) ) ;
#3145 = CIRCLE ( 'NONE', #3238, 0.4999999999999995559 ) ;
#3146 = ORIENTED_EDGE ( 'NONE', *, *, #3435, .F. ) ;
#3147 = ADVANCED_FACE ( 'NONE', ( #2092 ), #3048, .F. ) ;
#3148 = EDGE_CURVE ( 'NONE', #721, #1682, #3826, .T. ) ;
#3149 = LINE ( 'NONE', #4949, #2628 ) ;
#3150 = AXIS2_PLACEMENT_3D ( 'NONE', #4231, #666, #2495 ) ;
#3151 = LINE ( 'NONE', #4249, #603 ) ;
#3152 = CARTESIAN_POINT ( 'NONE',  ( 3.565483496418510700, -2.000000000000000000, 7.068890105822376313 ) ) ;
#3153 = VECTOR ( 'NONE', #5541, 1000.000000000000227 ) ;
#3154 = DIRECTION ( 'NONE',  ( -0.5000000000000002220, 0.000000000000000000, 0.8660254037844384856 ) ) ;
#3155 = ADVANCED_FACE ( 'NONE', ( #5266 ), #1166, .T. ) ;
#3156 = AXIS2_PLACEMENT_3D ( 'NONE', #2991, #4461, #4014 ) ;
#3157 = AXIS2_PLACEMENT_3D ( 'NONE', #4440, #3899, #2578 ) ;
#3158 = CARTESIAN_POINT ( 'NONE',  ( -1.342726085644245559, -1.618948468528131457, 6.769132125882866724 ) ) ;
#3159 = CARTESIAN_POINT ( 'NONE',  ( 8.982781698504124890, -1.500000000000000000, -3.627365704891007958 ) ) ;
#3160 = ORIENTED_EDGE ( 'NONE', *, *, #316, .F. ) ;
#3161 = CIRCLE ( 'NONE', #3349, 0.4999999999999995559 ) ;
#3162 = SPHERICAL_SURFACE ( 'NONE', #3903, 0.5000000000000000000 ) ;
#3163 = DIRECTION ( 'NONE',  ( -0.4999999999999998335, 0.000000000000000000, -0.8660254037844387076 ) ) ;
#3164 = ORIENTED_EDGE ( 'NONE', *, *, #2110, .T. ) ;
#3165 = VERTEX_POINT ( 'NONE', #3926 ) ;
#3166 = ORIENTED_EDGE ( 'NONE', *, *, #1836, .F. ) ;
#3167 = ORIENTED_EDGE ( 'NONE', *, *, #1063, .F. ) ;
#3168 = CARTESIAN_POINT ( 'NONE',  ( 8.482781698490878597, -1.824559823021959737, -3.993391108675447665 ) ) ;
#3169 = DIRECTION ( 'NONE',  ( -0.1403755459781248771, -0.9900983315263910400, -3.020124774759921138E-17 ) ) ;
#3170 = EDGE_CURVE ( 'NONE', #2053, #11, #834, .T. ) ;
#3171 = DIRECTION ( 'NONE',  ( 0.000000000000000000, -1.000000000000000000, 0.000000000000000000 ) ) ;
#3172 = ORIENTED_EDGE ( 'NONE', *, *, #4912, .F. ) ;
#3173 = CARTESIAN_POINT ( 'NONE',  ( 8.482781698490878597, -1.824559823021959737, -3.993391108675447665 ) ) ;
#3174 = CARTESIAN_POINT ( 'NONE',  ( -3.892746309566705420, -2.000000000000000000, -7.068890105822376313 ) ) ;
#3175 = ORIENTED_EDGE ( 'NONE', *, *, #3136, .T. ) ;
#3176 = CARTESIAN_POINT ( 'NONE',  ( 7.632781698504119916, -1.120523531463846059E-15, 5.965634295108991125 ) ) ;
#3177 = DIRECTION ( 'NONE',  ( 0.000000000000000000, -1.000000000000000000, 0.000000000000000000 ) ) ;
#3178 = ADVANCED_FACE ( 'NONE', ( #869 ), #3134, .T. ) ;
#3179 = CARTESIAN_POINT ( 'NONE',  ( 1.149999999999999911, 1.408343819019456028E-16, 5.519730000000001802 ) ) ;
#3180 = EDGE_CURVE ( 'NONE', #4822, #5582, #5447, .T. ) ;
#3181 = DIRECTION ( 'NONE',  ( 0.000000000000000000, 1.000000000000000000, 0.000000000000000000 ) ) ;
#3182 = ORIENTED_EDGE ( 'NONE', *, *, #3554, .F. ) ;
#3183 = CIRCLE ( 'NONE', #216, 0.5000000000000004441 ) ;
#3184 = CARTESIAN_POINT ( 'NONE',  ( -1.295671542042917901, -1.880804501818865937, 6.820455268662176884 ) ) ;
#3185 = EDGE_CURVE ( 'NONE', #4155, #924, #3731, .T. ) ;
#3186 = DIRECTION ( 'NONE',  ( 0.8660254037844414832, 0.000000000000000000, 0.4999999999999952260 ) ) ;
#3187 = ORIENTED_EDGE ( 'NONE', *, *, #3959, .T. ) ;
#3188 = CARTESIAN_POINT ( 'NONE',  ( -6.616756294719678522, -1.500000000000000000, -5.725441916244325746 ) ) ;
#3189 = DIRECTION ( 'NONE',  ( 0.000000000000000000, 1.000000000000000000, -0.000000000000000000 ) ) ;
#3190 = CARTESIAN_POINT ( 'NONE',  ( 3.565483496418511589, -1.648747737362061150, -6.671871645165849074 ) ) ;
#3191 = ORIENTED_EDGE ( 'NONE', *, *, #2560, .F. ) ;
#3192 = VERTEX_POINT ( 'NONE', #209 ) ;
#3193 = VERTEX_POINT ( 'NONE', #2907 ) ;
#3194 = ORIENTED_EDGE ( 'NONE', *, *, #4753, .F. ) ;
#3195 = CARTESIAN_POINT ( 'NONE',  ( 8.584302196272117769, -1.728563775482651499, -3.993391108672743162 ) ) ;
#3196 = CIRCLE ( 'NONE', #2532, 4.000000000000000000 ) ;
#3197 = CC_DESIGN_PERSON_AND_ORGANIZATION_ASSIGNMENT ( #1633, #5841, ( #2982 ) ) ;
#3198 = AXIS2_PLACEMENT_3D ( 'NONE', #4804, #702, #2555 ) ;
#3199 = DIRECTION ( 'NONE',  ( 0.000000000000000000, 1.000000000000000000, 0.000000000000000000 ) ) ;
#3200 = LINE ( 'NONE', #5027, #234 ) ;
#3201 = VERTEX_POINT ( 'NONE', #5145 ) ;
#3202 = CARTESIAN_POINT ( 'NONE',  ( 3.464852426661638063, 12.00000000000000000, -6.001300443706304222 ) ) ;
#3203 = CARTESIAN_POINT ( 'NONE',  ( -8.699768996611901173, -1.500000000000000000, -3.117558083755678222 ) ) ;
#3204 = AXIS2_PLACEMENT_3D ( 'NONE', #1886, #3171, #5890 ) ;
#3205 = VERTEX_POINT ( 'NONE', #4262 ) ;
#3206 = AXIS2_PLACEMENT_3D ( 'NONE', #3838, #4705, #2035 ) ;
#3207 = FACE_OUTER_BOUND ( 'NONE', #2718, .T. ) ;
#3208 = PRODUCT_DEFINITION_SHAPE ( 'NONE', 'NONE',  #1598 ) ;
#3209 = CARTESIAN_POINT ( 'NONE',  ( -3.591795170613920618, -2.019911312029149197, -6.717444801704499646 ) ) ;
#3210 = ORIENTED_EDGE ( 'NONE', *, *, #2472, .F. ) ;
#3211 = ADVANCED_FACE ( 'NONE', ( #2845 ), #3299, .T. ) ;
#3212 = EDGE_CURVE ( 'NONE', #4286, #2363, #4350, .T. ) ;
#3213 = B_SPLINE_CURVE_WITH_KNOTS ( 'NONE', 3,
 ( #825, #311, #2649, #4389, #2201, #3576, #3037, #5282 ),
 .UNSPECIFIED., .F., .F.,
 ( 4, 2, 2, 4 ),
 ( -4.472140924284467266E-06, 0.0004272525353974130171, 0.0006431148735582633462, 0.0008589772117191139464 ),
 .UNSPECIFIED. ) ;
#3214 = CARTESIAN_POINT ( 'NONE',  ( -1.649999999999999467, -2.000000000000000000, 7.068890105822375425 ) ) ;
#3215 = DIRECTION ( 'NONE',  ( -0.8660254037844385966, -0.000000000000000000, -0.5000000000000001110 ) ) ;
#3216 = VERTEX_POINT ( 'NONE', #239 ) ;
#3217 = EDGE_CURVE ( 'NONE', #631, #4687, #5545, .T. ) ;
#3218 = DIRECTION ( 'NONE',  ( 0.000000000000000000, -0.1218693434051469626, -0.9925461516413220942 ) ) ;
#3219 = CYLINDRICAL_SURFACE ( 'NONE', #1719, 0.5000000000000000000 ) ;
#3220 = VERTEX_POINT ( 'NONE', #5569 ) ;
#3221 = EDGE_LOOP ( 'NONE', ( #5324, #5296, #2002, #4100 ) ) ;
#3222 = AXIS2_PLACEMENT_3D ( 'NONE', #4782, #194, #106 ) ;
#3223 = EDGE_LOOP ( 'NONE', ( #5910, #2924, #1808, #2572 ) ) ;
#3224 = EDGE_LOOP ( 'NONE', ( #1509, #127, #4585, #3749 ) ) ;
#3225 = ADVANCED_FACE ( 'NONE', ( #4291 ), #695, .T. ) ;
#3226 = CARTESIAN_POINT ( 'NONE',  ( 8.732781698504124890, -1.500000000000000000, -4.060378406783227589 ) ) ;
#3227 = AXIS2_PLACEMENT_3D ( 'NONE', #4038, #5464, #3582 ) ;
#3228 = CARTESIAN_POINT ( 'NONE',  ( 2.940444920982763222, -1.500000000000000000, 8.592999999999999972 ) ) ;
#3229 = LINE ( 'NONE', #5862, #2437 ) ;
#3230 = ORIENTED_EDGE ( 'NONE', *, *, #2117, .F. ) ;
#3231 = CARTESIAN_POINT ( 'NONE',  ( 7.699768996611904726, -2.000000000000000000, -4.849608891324553639 ) ) ;
#3232 = ORIENTED_EDGE ( 'NONE', *, *, #3516, .T. ) ;
#3233 = CARTESIAN_POINT ( 'NONE',  ( -4.175465253419290867, -2.000000000000000000, -6.905662247484080751 ) ) ;
#3234 = EDGE_LOOP ( 'NONE', ( #3166, #5413, #923, #235 ) ) ;
#3235 = DIRECTION ( 'NONE',  ( 0.000000000000000000, 1.000000000000000000, 0.000000000000000000 ) ) ;
#3236 = DIRECTION ( 'NONE',  ( -0.4999999999999998335, -0.000000000000000000, 0.8660254037844387076 ) ) ;
#3237 = DIRECTION ( 'NONE',  ( 0.9900983315263911511, -0.1403755459781254045, 0.000000000000000000 ) ) ;
#3238 = AXIS2_PLACEMENT_3D ( 'NONE', #710, #3912, #2677 ) ;
#3239 = DIRECTION ( 'NONE',  ( -1.000000000000000000, 0.000000000000000000, 0.000000000000000000 ) ) ;
#3240 = ORIENTED_EDGE ( 'NONE', *, *, #4545, .F. ) ;
#3241 = CIRCLE ( 'NONE', #3719, 4.000000000000000000 ) ;
#3242 = AXIS2_PLACEMENT_3D ( 'NONE', #4738, #636, #2461 ) ;
#3243 = CARTESIAN_POINT ( 'NONE',  ( -6.740942308149266537, -1.542437716800895586, -2.563979255506287469 ) ) ;
#3244 = CARTESIAN_POINT ( 'NONE',  ( 10.09527348551606529, -7.041436197537461017E-16, 4.847013406783227119 ) ) ;
#3245 = EDGE_CURVE ( 'NONE', #3610, #2181, #178, .T. ) ;
#3246 = ORIENTED_EDGE ( 'NONE', *, *, #3449, .F. ) ;
#3247 = AXIS2_PLACEMENT_3D ( 'NONE', #2553, #787, #4443 ) ;
#3248 = AXIS2_PLACEMENT_3D ( 'NONE', #3362, #2521, #5179 ) ;
#3249 = AXIS2_PLACEMENT_3D ( 'NONE', #5564, #1468, #4529 ) ;
#3250 = CARTESIAN_POINT ( 'NONE',  ( 7.651018952722913546, -2.000000000000000000, -4.965800607659645927 ) ) ;
#3251 = EDGE_CURVE ( 'NONE', #4097, #4863, #1056, .T. ) ;
#3252 = CARTESIAN_POINT ( 'NONE',  ( -3.748012704825117947, -1.658855474347328718, 6.673112719213305510 ) ) ;
#3253 = ORIENTED_EDGE ( 'NONE', *, *, #1501, .F. ) ;
#3254 = EDGE_CURVE ( 'NONE', #3506, #3866, #3869, .T. ) ;
#3255 = VERTEX_POINT ( 'NONE', #3328 ) ;
#3256 = VERTEX_POINT ( 'NONE', #635 ) ;
#3257 = ORIENTED_EDGE ( 'NONE', *, *, #1491, .T. ) ;
#3258 = DIRECTION ( 'NONE',  ( 0.000000000000000000, 0.000000000000000000, -1.000000000000000000 ) ) ;
#3259 = DIRECTION ( 'NONE',  ( 0.000000000000000000, 0.000000000000000000, -1.000000000000000000 ) ) ;
#3260 = ORIENTED_EDGE ( 'NONE', *, *, #848, .T. ) ;
#3261 = CARTESIAN_POINT ( 'NONE',  ( -8.016756294719685982, 1.147324281490407263E-30, 3.300570785647896521 ) ) ;
#3262 = EDGE_CURVE ( 'NONE', #4013, #4460, #3059, .T. ) ;
#3263 = ORIENTED_EDGE ( 'NONE', *, *, #1501, .T. ) ;
#3264 = DIRECTION ( 'NONE',  ( 0.000000000000000000, 0.000000000000000000, -1.000000000000000000 ) ) ;
#3265 = VERTEX_POINT ( 'NONE', #3841 ) ;
#3266 = CARTESIAN_POINT ( 'NONE',  ( 8.549768996611902594, -1.500000000000000000, -3.377365704891007958 ) ) ;
#3267 = CARTESIAN_POINT ( 'NONE',  ( 0.000000000000000000, 0.000000000000000000, 0.000000000000000000 ) ) ;
#3268 = DIRECTION ( 'NONE',  ( -0.4999999999999997224, 0.000000000000000000, -0.8660254037844387076 ) ) ;
#3269 = DIRECTION ( 'NONE',  ( 0.8660254037844385966, 0.000000000000000000, 0.5000000000000003331 ) ) ;
#3270 = VERTEX_POINT ( 'NONE', #4229 ) ;
#3271 = AXIS2_PLACEMENT_3D ( 'NONE', #641, #2500, #4237 ) ;
#3272 = APPROVAL ( #1238, 'UNSPECIFIED' ) ;
#3273 = AXIS2_PLACEMENT_3D ( 'NONE', #744, #1996, #1644 ) ;
#3274 = LINE ( 'NONE', #2885, #3642 ) ;
#3275 = DIRECTION ( 'NONE',  ( -0.8660254037844381525, 0.000000000000000000, 0.5000000000000007772 ) ) ;
#3276 = ORIENTED_EDGE ( 'NONE', *, *, #2735, .T. ) ;
#3277 = AXIS2_PLACEMENT_3D ( 'NONE', #5407, #1733, #3614 ) ;
#3278 = CARTESIAN_POINT ( 'NONE',  ( 9.062260783623850458, -2.299999999999999822, -6.136243891324555833 ) ) ;
#3279 = CIRCLE ( 'NONE', #3573, 0.9999999999999996669 ) ;
#3280 = CARTESIAN_POINT ( 'NONE',  ( 7.648923628102033412, -2.000000000000000000, 0.1902995886565933548 ) ) ;
#3281 = ORIENTED_EDGE ( 'NONE', *, *, #5080, .T. ) ;
#3282 =( BOUNDED_SURFACE ( )  B_SPLINE_SURFACE ( 3, 2, ( 
 ( #960, #5084, #2837 ),
 ( #1917, #1044, #4640 ),
 ( #1408, #3290, #5057 ),
 ( #4667, #1079, #1437 ),
 ( #1014, #509, #4189 ),
 ( #3742, #564, #5561 ),
 ( #5618, #5137, #4165 ),
 ( #81, #3800, #4700 ),
 ( #3712, #169, #4222 ),
 ( #1466, #2900, #4282 ) ),
 .UNSPECIFIED., .F., .F., .F. ) 
 B_SPLINE_SURFACE_WITH_KNOTS ( ( 4, 2, 2, 2, 4 ),
 ( 3, 3 ),
 ( 3.141592653589793116, 3.534291735288517255, 3.926990816987241395, 4.319689898685965090, 4.712388980384689674 ),
 ( 0.000000000000000000, 1.000000000000000000 ),
 .UNSPECIFIED. ) 
 GEOMETRIC_REPRESENTATION_ITEM ( )  RATIONAL_B_SPLINE_SURFACE ( (
 ( 1.000000000000000000, 0.7489557207890021884, 1.000000000000000000),
 ( 1.000000000000000000, 0.7486101375367983923, 1.000000000000000000),
 ( 1.000000000000000000, 0.7650215021959829720, 1.000000000000000000),
 ( 1.000000000000000000, 0.8164136692097647696, 1.000000000000000000),
 ( 1.000000000000000000, 0.8509138613480615732, 1.000000000000000000),
 ( 1.000000000000000000, 0.9159673863324795384, 1.000000000000000000),
 ( 1.000000000000000000, 0.9463101462234581041, 1.000000000000000000),
 ( 1.000000000000000000, 0.9883219855915695851, 1.000000000000000000),
 ( 1.000000000000000000, 1.000148311613697549, 1.000000000000000000),
 ( 1.000000000000000000, 1.000000000000000000, 1.000000000000000000) ) ) 
 REPRESENTATION_ITEM ( '' )  SURFACE ( )  );
#3283 = ORIENTED_EDGE ( 'NONE', *, *, #3217, .F. ) ;
#3284 = CARTESIAN_POINT ( 'NONE',  ( -4.953010335502698425, -1.648747737362058707, -4.764877738827250298 ) ) ;
#3285 = CARTESIAN_POINT ( 'NONE',  ( -0.3499999999999986455, 2.204364238465236562E-16, -11.16627000000000081 ) ) ;
#3286 = EDGE_CURVE ( 'NONE', #4168, #1477, #5238, .T. ) ;
#3287 = EDGE_CURVE ( 'NONE', #3379, #1457, #2492, .T. ) ;
#3288 = CARTESIAN_POINT ( 'NONE',  ( 2.477598738333423991E-14, -2.000000000000000000, -4.000000000000000888 ) ) ;
#3289 = VERTEX_POINT ( 'NONE', #575 ) ;
#3290 = CARTESIAN_POINT ( 'NONE',  ( 1.442925888243340449, -1.969962361589602029, 6.741575057589281883 ) ) ;
#3291 = ORIENTED_EDGE ( 'NONE', *, *, #949, .F. ) ;
#3292 = CARTESIAN_POINT ( 'NONE',  ( 3.464852426661634510, 12.12186934340514810, -6.993846595347626760 ) ) ;
#3293 = ORIENTED_EDGE ( 'NONE', *, *, #3700, .F. ) ;
#3294 = AXIS2_PLACEMENT_3D ( 'NONE', #2624, #712, #2540 ) ;
#3295 = CYLINDRICAL_SURFACE ( 'NONE', #5014, 0.4999999999999995559 ) ;
#3296 = EDGE_CURVE ( 'NONE', #1372, #445, #33, .T. ) ;
#3297 = DIRECTION ( 'NONE',  ( 0.000000000000000000, 0.000000000000000000, -1.000000000000000000 ) ) ;
#3298 = AXIS2_PLACEMENT_3D ( 'NONE', #5055, #4554, #4612 ) ;
#3299 = CYLINDRICAL_SURFACE ( 'NONE', #4500, 1.000000000000000444 ) ;
#3300 = CARTESIAN_POINT ( 'NONE',  ( 1.149999999999999911, 1.408343819019456028E-16, 8.592999999999999972 ) ) ;
#3301 = FACE_OUTER_BOUND ( 'NONE', #2031, .T. ) ;
#3302 = CIRCLE ( 'NONE', #911, 0.5000000000000004441 ) ;
#3303 = EDGE_LOOP ( 'NONE', ( #3344, #76, #2022, #4135 ) ) ;
#3304 = DIRECTION ( 'NONE',  ( -0.4999999999999950595, 0.000000000000000000, 0.8660254037844414832 ) ) ;
#3305 = CARTESIAN_POINT ( 'NONE',  ( -1.149999999999999467, -1.499999999999999778, 7.157362632277970427 ) ) ;
#3306 = CARTESIAN_POINT ( 'NONE',  ( 7.653091489568332406, -1.658855474347328496, -0.09068214352127720868 ) ) ;
#3307 = ORIENTED_EDGE ( 'NONE', *, *, #4684, .F. ) ;
#3308 = CARTESIAN_POINT ( 'NONE',  ( 9.662260783623850102, -2.299999999999999822, -4.597013406783228895 ) ) ;
#3309 = CARTESIAN_POINT ( 'NONE',  ( -5.623457863650181743, -1.500000000000000000, 4.574610530491089122 ) ) ;
#3310 = EDGE_LOOP ( 'NONE', ( #512, #2910, #18, #4487 ) ) ;
#3311 = ORIENTED_EDGE ( 'NONE', *, *, #4324, .F. ) ;
#3312 = EDGE_CURVE ( 'NONE', #3201, #423, #1566, .T. ) ;
#3313 = VERTEX_POINT ( 'NONE', #5685 ) ;
#3314 = LINE ( 'NONE', #5701, #3875 ) ;
#3315 =( BOUNDED_CURVE ( )  B_SPLINE_CURVE ( 3, ( #3819, #5608, #2441, #1989 ),
 .UNSPECIFIED., .F., .T. ) 
 B_SPLINE_CURVE_WITH_KNOTS ( ( 4, 4 ),
 ( 5.024425195580499228E-16, 1.570796326794897224 ),
 .UNSPECIFIED. ) 
 CURVE ( )  GEOMETRIC_REPRESENTATION_ITEM ( )  RATIONAL_B_SPLINE_CURVE ( ( 1.000000000000000000, 0.8047378541243649375, 0.8047378541243649375, 1.000000000000000000 ) ) 
 REPRESENTATION_ITEM ( '' )  );
#3316 = DIRECTION ( 'NONE',  ( 0.000000000000000000, 1.626303258728258623E-16, -1.000000000000000000 ) ) ;
#3317 = CARTESIAN_POINT ( 'NONE',  ( -3.877290225400481294, -2.000000000000000000, 7.027243970396318318 ) ) ;
#3318 = ORIENTED_EDGE ( 'NONE', *, *, #3036, .T. ) ;
#3319 = CARTESIAN_POINT ( 'NONE',  ( 7.882781698504120804, -1.500000000000000000, 5.532621593216772382 ) ) ;
#3320 = ORIENTED_EDGE ( 'NONE', *, *, #1140, .F. ) ;
#3321 = LINE ( 'NONE', #4761, #280 ) ;
#3322 = ADVANCED_FACE ( 'NONE', ( #1116 ), #1142, .T. ) ;
#3323 = EDGE_CURVE ( 'NONE', #2339, #423, #5188, .T. ) ;
#3324 = ORIENTED_EDGE ( 'NONE', *, *, #2001, .T. ) ;
#3325 = ORIENTED_EDGE ( 'NONE', *, *, #5490, .T. ) ;
#3326 = DIRECTION ( 'NONE',  ( -0.4999999999999961142, 0.000000000000000000, 0.8660254037844410391 ) ) ;
#3327 = CARTESIAN_POINT ( 'NONE',  ( -7.789275035073170983, 12.12186934340514810, -0.4962730758206078119 ) ) ;
#3328 = CARTESIAN_POINT ( 'NONE',  ( 3.464852426661743756, 12.12186934340514810, 6.993846595347577022 ) ) ;
#3329 = FACE_OUTER_BOUND ( 'NONE', #4313, .T. ) ;
#3330 = DIRECTION ( 'NONE',  ( -0.8660254037844387076, -0.000000000000000000, 0.4999999999999998335 ) ) ;
#3331 = EDGE_CURVE ( 'NONE', #4889, #2810, #604, .T. ) ;
#3332 = EDGE_CURVE ( 'NONE', #3193, #2064, #956, .T. ) ;
#3333 = ORIENTED_EDGE ( 'NONE', *, *, #5005, .F. ) ;
#3334 = CARTESIAN_POINT ( 'NONE',  ( -6.404546536120520273, 0.000000000000000000, 7.092999999999999972 ) ) ;
#3335 = DIRECTION ( 'NONE',  ( 0.07018777298906248019, 0.9900983315263910400, -0.1215687888871666428 ) ) ;
#3336 = CARTESIAN_POINT ( 'NONE',  ( 3.952202413265223591, -1.653574242655761584, -6.499513149426366709 ) ) ;
#3337 = EDGE_CURVE ( 'NONE', #5110, #5921, #4497, .T. ) ;
#3338 = AXIS2_PLACEMENT_3D ( 'NONE', #1645, #258, #4430 ) ;
#3339 = AXIS2_PLACEMENT_3D ( 'NONE', #4263, #4648, #1507 ) ;
#3340 = CARTESIAN_POINT ( 'NONE',  ( -4.990360586412502464, -1.999999999999994449, -4.786441916244328354 ) ) ;
#3341 = LINE ( 'NONE', #677, #1180 ) ;
#3342 = AXIS2_PLACEMENT_3D ( 'NONE', #2133, #5745, #3965 ) ;
#3343 = CARTESIAN_POINT ( 'NONE',  ( -5.116912317270138288, -1.969962361589567834, 4.620398003791620134 ) ) ;
#3344 = ORIENTED_EDGE ( 'NONE', *, *, #5303, .F. ) ;
#3345 = VECTOR ( 'NONE', #968, 1000.000000000000000 ) ;
#3346 = EDGE_LOOP ( 'NONE', ( #1999, #2928, #416, #4190 ) ) ;
#3347 = VECTOR ( 'NONE', #349, 1000.000000000000000 ) ;
#3348 = CYLINDRICAL_SURFACE ( 'NONE', #2433, 0.9999999999999993339 ) ;
#3349 = AXIS2_PLACEMENT_3D ( 'NONE', #2533, #4362, #249 ) ;
#3350 = FACE_OUTER_BOUND ( 'NONE', #5825, .T. ) ;
#3351 = CARTESIAN_POINT ( 'NONE',  ( 0.3500000000000012546, -2.000000000000000000, -9.092999999999998195 ) ) ;
#3352 = ORIENTED_EDGE ( 'NONE', *, *, #4608, .T. ) ;
#3353 = LINE ( 'NONE', #5171, #4808 ) ;
#3354 = ORIENTED_EDGE ( 'NONE', *, *, #1095, .T. ) ;
#3355 = CARTESIAN_POINT ( 'NONE',  ( -4.324422608411548019, 12.12186934340514810, -6.497573519526936181 ) ) ;
#3356 = CIRCLE ( 'NONE', #4122, 0.4999999999999995559 ) ;
#3357 = ORIENTED_EDGE ( 'NONE', *, *, #1969, .F. ) ;
#3358 = ORIENTED_EDGE ( 'NONE', *, *, #2707, .T. ) ;
#3359 = CYLINDRICAL_SURFACE ( 'NONE', #3007, 0.5000000000000004441 ) ;
#3360 = EDGE_CURVE ( 'NONE', #2810, #5838, #4400, .T. ) ;
#3361 = CARTESIAN_POINT ( 'NONE',  ( 4.339096659993388450, -1.600000000000000089, 6.622244337583781615 ) ) ;
#3362 = CARTESIAN_POINT ( 'NONE',  ( -7.441756294719678699, -1.500000000000000000, -4.296500000000000874 ) ) ;
#3363 = DIRECTION ( 'NONE',  ( 9.389466242107248876E-17, -1.000000000000000000, -1.626303258728257637E-16 ) ) ;
#3364 = CYLINDRICAL_SURFACE ( 'NONE', #2857, 0.4999999999999995559 ) ;
#3365 = ORIENTED_EDGE ( 'NONE', *, *, #310, .F. ) ;
#3366 = DIRECTION ( 'NONE',  ( 1.118625911196692421E-16, 0.000000000000000000, -1.000000000000000000 ) ) ;
#3367 = EDGE_CURVE ( 'NONE', #4354, #51, #5539, .T. ) ;
#3368 = EDGE_CURVE ( 'NONE', #3625, #1735, #4160, .T. ) ;
#3369 = PLANE ( 'NONE',  #5356 ) ;
#3370 = PLANE ( 'NONE',  #1554 ) ;
#3371 = CIRCLE ( 'NONE', #4994, 0.5000000000000003331 ) ;
#3372 = EDGE_CURVE ( 'NONE', #1247, #4550, #3747, .T. ) ;
#3373 = CARTESIAN_POINT ( 'NONE',  ( -8.044673219898287542, 12.12186934340514810, 0.05391044354274626693 ) ) ;
#3374 = CARTESIAN_POINT ( 'NONE',  ( -6.763426661632673920, -1.565461193628488790, 2.576960584601776016 ) ) ;
#3375 = CARTESIAN_POINT ( 'NONE',  ( -5.258851757015456485, -1.880804501818900354, 4.532312104700794819 ) ) ;
#3376 = EDGE_LOOP ( 'NONE', ( #4763, #5544, #4221, #4099 ) ) ;
#3377 = VECTOR ( 'NONE', #2869, 1000.000000000000000 ) ;
#3378 = B_SPLINE_CURVE_WITH_KNOTS ( 'NONE', 3,
 ( #3250, #5046, #5097, #2296, #2771, #2829, #554, #4152 ),
 .UNSPECIFIED., .F., .F.,
 ( 4, 2, 2, 4 ),
 ( 0.000000000000000000, 0.0002150735919586437028, 0.0004301471839172871345, 0.0008602943678345723174 ),
 .UNSPECIFIED. ) ;
#3379 = VERTEX_POINT ( 'NONE', #1893 ) ;
#3380 = DIRECTION ( 'NONE',  ( 0.000000000000000000, 0.9925461516413219831, 0.1218693434051477398 ) ) ;
#3381 = DIRECTION ( 'NONE',  ( 0.4999999999999996669, 2.324088772396464361E-16, -0.8660254037844389297 ) ) ;
#3382 = FACE_OUTER_BOUND ( 'NONE', #5505, .T. ) ;
#3383 = ORIENTED_EDGE ( 'NONE', *, *, #920, .F. ) ;
#3384 = DIRECTION ( 'NONE',  ( -0.8660254037844385966, 0.000000000000000000, 0.5000000000000000000 ) ) ;
#3385 = ORIENTED_EDGE ( 'NONE', *, *, #1064, .F. ) ;
#3386 = DIRECTION ( 'NONE',  ( 0.000000000000000000, 1.000000000000000000, 0.000000000000000000 ) ) ;
#3387 = EDGE_LOOP ( 'NONE', ( #2880, #5613, #5223, #2512 ) ) ;
#3388 = ORIENTED_EDGE ( 'NONE', *, *, #2769, .T. ) ;
#3389 = DIRECTION ( 'NONE',  ( 5.204170427930416550E-15, 1.000000000000000000, 0.000000000000000000 ) ) ;
#3390 = DIRECTION ( 'NONE',  ( 0.000000000000000000, 0.000000000000000000, -1.000000000000000000 ) ) ;
#3391 = CARTESIAN_POINT ( 'NONE',  ( 4.897214887077075751, 0.000000000000000000, 8.482224999999948167 ) ) ;
#3392 = FACE_OUTER_BOUND ( 'NONE', #295, .T. ) ;
#3393 = FACE_OUTER_BOUND ( 'NONE', #1754, .T. ) ;
#3394 = VERTEX_POINT ( 'NONE', #1473 ) ;
#3395 = CARTESIAN_POINT ( 'NONE',  ( 9.507906380237335142, 0.000000000000000000, 0.4962730758206607140 ) ) ;
#3396 = CIRCLE ( 'NONE', #134, 0.4999999999999995559 ) ;
#3397 = DIRECTION ( 'NONE',  ( -1.000000000000000000, 2.168404344971009115E-16, -1.652166060416978960E-16 ) ) ;
#3398 = EDGE_CURVE ( 'NONE', #2425, #297, #1820, .T. ) ;
#3399 = EDGE_CURVE ( 'NONE', #20, #721, #5064, .T. ) ;
#3400 = FACE_OUTER_BOUND ( 'NONE', #4968, .T. ) ;
#3401 = CARTESIAN_POINT ( 'NONE',  ( -6.718411869548819304, -1.519474408874558868, 2.550971282274646867 ) ) ;
#3402 = CARTESIAN_POINT ( 'NONE',  ( 7.882781698504124357, 0.000000000000000000, -5.532621593216773270 ) ) ;
#3403 = ORIENTED_EDGE ( 'NONE', *, *, #3254, .T. ) ;
#3404 = ADVANCED_FACE ( 'NONE', ( #517 ), #2789, .F. ) ;
#3405 = CARTESIAN_POINT ( 'NONE',  ( -9.344991457103283494, -1.500000000000000000, 1.999999999999998224 ) ) ;
#3406 = DIRECTION ( 'NONE',  ( 2.168404344971009115E-16, 1.000000000000000000, 0.000000000000000000 ) ) ;
#3407 = DIRECTION ( 'NONE',  ( 1.877893248421448789E-16, 1.000000000000000000, 3.252606517456513795E-16 ) ) ;
#3408 = CARTESIAN_POINT ( 'NONE',  ( -3.920900044008650998, -1.999999999999898526, 6.601051591900684024 ) ) ;
#3409 = EDGE_LOOP ( 'NONE', ( #370, #80, #4604, #348 ) ) ;
#3410 = CARTESIAN_POINT ( 'NONE',  ( 2.699942782018130760, 10.49999999999999822, -4.676438075984265197 ) ) ;
#3411 = ORIENTED_EDGE ( 'NONE', *, *, #2530, .T. ) ;
#3412 = DIRECTION ( 'NONE',  ( -0.4999999999999953371, -0.000000000000000000, 0.8660254037844414832 ) ) ;
#3413 = EDGE_CURVE ( 'NONE', #3506, #4097, #4306, .T. ) ;
#3414 = ORIENTED_EDGE ( 'NONE', *, *, #149, .F. ) ;
#3415 = ORIENTED_EDGE ( 'NONE', *, *, #3696, .F. ) ;
#3416 = DIRECTION ( 'NONE',  ( -0.8660254037844383745, -0.000000000000000000, -0.5000000000000004441 ) ) ;
#3417 = DIRECTION ( 'NONE',  ( -0.000000000000000000, 1.000000000000000000, 0.000000000000000000 ) ) ;
#3418 = CARTESIAN_POINT ( 'NONE',  ( -9.794429774153952550, 0.000000000000000000, 6.839413756213617768E-14 ) ) ;
#3419 = DIRECTION ( 'NONE',  ( -0.4999999999999998335, -8.092595186784915807E-16, -0.8660254037844387076 ) ) ;
#3420 = CARTESIAN_POINT ( 'NONE',  ( -2.940444920982764554, -2.000000000000000000, 5.092999999999999972 ) ) ;
#3421 = VERTEX_POINT ( 'NONE', #4621 ) ;
#3422 = VECTOR ( 'NONE', #3073, 1000.000000000000000 ) ;
#3423 = FACE_OUTER_BOUND ( 'NONE', #1080, .T. ) ;
#3424 = FACE_OUTER_BOUND ( 'NONE', #3440, .T. ) ;
#3425 = CARTESIAN_POINT ( 'NONE',  ( 4.339096659993390226, -2.000000000000000000, -6.622244337583784279 ) ) ;
#3426 = EDGE_CURVE ( 'NONE', #1790, #3854, #4195, .T. ) ;
#3427 = CARTESIAN_POINT ( 'NONE',  ( 9.245273485516069201, 3.122849337825750912E-16, -6.319256593216773688 ) ) ;
#3428 = CARTESIAN_POINT ( 'NONE',  ( -6.620063182577453631, -1.724964733894917446, 2.450375515593831821 ) ) ;
#3429 = CARTESIAN_POINT ( 'NONE',  ( -3.920900044008631014, -1.999999999999999778, -6.601051591900607640 ) ) ;
#3430 = EDGE_LOOP ( 'NONE', ( #5471, #3997, #4536, #4016 ) ) ;
#3431 = CIRCLE ( 'NONE', #4298, 0.5000000000000004441 ) ;
#3432 = PLANE ( 'NONE',  #2941 ) ;
#3433 = DIRECTION ( 'NONE',  ( -1.000000000000000000, 0.000000000000000000, 0.000000000000000000 ) ) ;
#3434 = CIRCLE ( 'NONE', #863, 0.5000000000000004441 ) ;
#3435 = EDGE_CURVE ( 'NONE', #1119, #5806, #5726, .T. ) ;
#3436 = EDGE_CURVE ( 'NONE', #1228, #4284, #2876, .T. ) ;
#3437 = DIRECTION ( 'NONE',  ( -0.5000000000000004441, 0.000000000000000000, 0.8660254037844383745 ) ) ;
#3438 = AXIS2_PLACEMENT_3D ( 'NONE', #1658, #5301, #3056 ) ;
#3439 = PLANE ( 'NONE',  #3338 ) ;
#3440 = EDGE_LOOP ( 'NONE', ( #2300, #200, #4326 ) ) ;
#3441 = CARTESIAN_POINT ( 'NONE',  ( 7.632781698504119916, -1.500000000000000000, 5.965634295108991125 ) ) ;
#3442 = ORIENTED_EDGE ( 'NONE', *, *, #4584, .F. ) ;
#3443 = DIRECTION ( 'NONE',  ( 1.000000000000000000, 0.000000000000000000, 0.000000000000000000 ) ) ;
#3444 = AXIS2_PLACEMENT_3D ( 'NONE', #3504, #2151, #3443 ) ;
#3445 = ORIENTED_EDGE ( 'NONE', *, *, #1797, .T. ) ;
#3446 = ORIENTED_EDGE ( 'NONE', *, *, #4609, .T. ) ;
#3447 = VECTOR ( 'NONE', #5211, 1000.000000000000114 ) ;
#3448 = DIRECTION ( 'NONE',  ( -1.000000000000000000, 0.000000000000000000, 0.000000000000000000 ) ) ;
#3449 = EDGE_CURVE ( 'NONE', #4225, #631, #476, .T. ) ;
#3450 = PLANE ( 'NONE',  #1058 ) ;
#3451 = AXIS2_PLACEMENT_3D ( 'NONE', #3418, #4737, #2400 ) ;
#3452 = FACE_OUTER_BOUND ( 'NONE', #469, .T. ) ;
#3453 = CARTESIAN_POINT ( 'NONE',  ( -7.648923628101669259, -2.000000000000000000, -0.1902995886563580985 ) ) ;
#3454 = VECTOR ( 'NONE', #2184, 1000.000000000000000 ) ;
#3455 = CARTESIAN_POINT ( 'NONE',  ( -1.649999999999999467, -2.000000000000000000, 8.592999999999999972 ) ) ;
#3456 = EDGE_LOOP ( 'NONE', ( #103, #3562, #4749, #5323 ) ) ;
#3457 = DIRECTION ( 'NONE',  ( -1.000000000000000000, 0.000000000000000000, 0.000000000000000000 ) ) ;
#3458 = DIRECTION ( 'NONE',  ( 1.000000000000000000, -0.000000000000000000, -0.000000000000000000 ) ) ;
#3459 = COORDINATED_UNIVERSAL_TIME_OFFSET ( 1, 0, .AHEAD. ) ;
#3460 = CARTESIAN_POINT ( 'NONE',  ( -0.8499999999999982014, -1.617070974831621211, -9.510217491993637751 ) ) ;
#3461 = DIRECTION ( 'NONE',  ( 0.000000000000000000, 1.000000000000000000, 0.000000000000000000 ) ) ;
#3462 = CARTESIAN_POINT ( 'NONE',  ( 5.770243250572602456, 10.98008868797085213, -0.2481365379103315505 ) ) ;
#3463 = ORIENTED_EDGE ( 'NONE', *, *, #2735, .F. ) ;
#3464 = CIRCLE ( 'NONE', #5558, 1.000000000000000888 ) ;
#3465 = DIRECTION ( 'NONE',  ( 1.000000000000000000, 0.000000000000000000, 1.118625911196693900E-16 ) ) ;
#3466 = CARTESIAN_POINT ( 'NONE',  ( 9.062260783623846905, 0.000000000000000000, 6.136243891324554056 ) ) ;
#3467 = DIRECTION ( 'NONE',  ( 0.000000000000000000, 0.000000000000000000, 1.000000000000000000 ) ) ;
#3468 = AXIS2_PLACEMENT_3D ( 'NONE', #2334, #5594, #1497 ) ;
#3469 = CARTESIAN_POINT ( 'NONE',  ( -3.100014170723766949, 10.98008868797085213, -4.873108972056407140 ) ) ;
#3470 = VERTEX_POINT ( 'NONE', #3327 ) ;
#3471 = CARTESIAN_POINT ( 'NONE',  ( -8.068211562986000729, -2.000000000000000000, -0.1632278583382966441 ) ) ;
#3472 = ORIENTED_EDGE ( 'NONE', *, *, #5185, .F. ) ;
#3473 = CARTESIAN_POINT ( 'NONE',  ( 8.299768996611902594, -2.000000000000000000, -3.810378406783228478 ) ) ;
#3474 = ORIENTED_EDGE ( 'NONE', *, *, #42, .T. ) ;
#3475 = ADVANCED_FACE ( 'NONE', ( #4171 ), #285, .T. ) ;
#3476 = ORIENTED_EDGE ( 'NONE', *, *, #1786, .F. ) ;
#3477 = EDGE_CURVE ( 'NONE', #14, #979, #5143, .T. ) ;
#3478 = DIRECTION ( 'NONE',  ( 1.000000000000000000, 1.084202172485504434E-16, 0.000000000000000000 ) ) ;
#3479 = AXIS2_PLACEMENT_3D ( 'NONE', #4340, #2057, #5168 ) ;
#3480 = CARTESIAN_POINT ( 'NONE',  ( 1.350000000000001643, -1.084202172485504681E-16, -9.592999999999999972 ) ) ;
#3481 = CARTESIAN_POINT ( 'NONE',  ( 9.662260783623850102, 0.000000000000000000, -4.597013406783228895 ) ) ;
#3482 = DIRECTION ( 'NONE',  ( 0.000000000000000000, 0.000000000000000000, -1.000000000000000000 ) ) ;
#3483 = CARTESIAN_POINT ( 'NONE',  ( -6.800391798795915044, -1.999999999999998668, -2.359156104755508299 ) ) ;
#3484 = ORIENTED_EDGE ( 'NONE', *, *, #3579, .T. ) ;
#3485 = EDGE_CURVE ( 'NONE', #4780, #501, #4977, .T. ) ;
#3486 = CARTESIAN_POINT ( 'NONE',  ( -4.777691488543636567, -1.017075429170384752E-15, -4.663657355341420896 ) ) ;
#3487 = CARTESIAN_POINT ( 'NONE',  ( -4.339096659993393779, -2.000000000000000000, 6.622244337583781615 ) ) ;
#3488 = AXIS2_PLACEMENT_3D ( 'NONE', #5646, #1967, #621 ) ;
#3489 = CIRCLE ( 'NONE', #429, 3.499999999999999556 ) ;
#3490 = DIRECTION ( 'NONE',  ( 0.000000000000000000, 0.000000000000000000, -1.000000000000000000 ) ) ;
#3491 = CARTESIAN_POINT ( 'NONE',  ( -8.016756294719684206, -1.500000000000000000, -3.300570785647899630 ) ) ;
#3492 = CIRCLE ( 'NONE', #5781, 4.000000000000000000 ) ;
#3493 = CARTESIAN_POINT ( 'NONE',  ( -0.8499999999999986455, 3.122849337825750912E-16, -9.592999999999999972 ) ) ;
#3494 = EDGE_LOOP ( 'NONE', ( #3260, #2263, #5073 ) ) ;
#3495 = VECTOR ( 'NONE', #22, 999.9999999999998863 ) ;
#3496 = LINE ( 'NONE', #3523, #5518 ) ;
#3497 = CARTESIAN_POINT ( 'NONE',  ( -1.149999999999999911, 0.000000000000000000, 5.519730000000001802 ) ) ;
#3498 = CARTESIAN_POINT ( 'NONE',  ( 0.8500000000000014211, -2.299999999999999822, -11.16627000000000081 ) ) ;
#3499 =( BOUNDED_SURFACE ( )  B_SPLINE_SURFACE ( 3, 2, ( 
 ( #4364, #4058, #1125 ),
 ( #2947, #2081, #678 ),
 ( #1185, #3429, #251 ),
 ( #2980, #1217, #1579 ),
 ( #4335, #4535, #3011 ),
 ( #3883, #224, #5696 ) ),
 .UNSPECIFIED., .F., .F., .F. ) 
 B_SPLINE_SURFACE_WITH_KNOTS ( ( 4, 2, 4 ),
 ( 3, 3 ),
 ( 2.622292039550163434, 3.141592653589793116, 3.660893267629422798 ),
 ( 0.000000000000000000, 1.000000000000000000 ),
 .UNSPECIFIED. ) 
 GEOMETRIC_REPRESENTATION_ITEM ( )  RATIONAL_B_SPLINE_SURFACE ( (
 ( 1.000000000000000000, 0.7489557207890020774, 1.000000000000000000),
 ( 1.000000000000000000, 0.7529951710914826180, 1.000000000000000000),
 ( 1.000000000000000000, 0.7551077889871508075, 1.000000000000000000),
 ( 1.000000000000000000, 0.7551077889871508075, 1.000000000000000000),
 ( 1.000000000000000000, 0.7529951710914827290, 1.000000000000000000),
 ( 1.000000000000000000, 0.7489557207890021884, 1.000000000000000000) ) ) 
 REPRESENTATION_ITEM ( '' )  SURFACE ( )  );
#3500 = LINE ( 'NONE', #4850, #4874 ) ;
#3501 = EDGE_LOOP ( 'NONE', ( #5704, #534, #4486, #5165 ) ) ;
#3502 = FACE_OUTER_BOUND ( 'NONE', #5597, .T. ) ;
#3503 = VERTEX_POINT ( 'NONE', #5237 ) ;
#3504 = CARTESIAN_POINT ( 'NONE',  ( 2.699942782018130760, 10.49999999999999822, -4.676438075984265197 ) ) ;
#3505 = ORIENTED_EDGE ( 'NONE', *, *, #2637, .T. ) ;
#3506 = VERTEX_POINT ( 'NONE', #1115 ) ;
#3507 = DIRECTION ( 'NONE',  ( 0.000000000000000000, 1.000000000000000000, 0.000000000000000000 ) ) ;
#3508 = DIRECTION ( 'NONE',  ( 0.5000000000000003331, 0.000000000000000000, 0.8660254037844385966 ) ) ;
#3509 = ADVANCED_FACE ( 'NONE', ( #1687 ), #5742, .T. ) ;
#3510 = CYLINDRICAL_SURFACE ( 'NONE', #3204, 0.4999999999999995559 ) ;
#3511 = LINE ( 'NONE', #3993, #4589 ) ;
#3512 = ORIENTED_EDGE ( 'NONE', *, *, #3874, .T. ) ;
#3513 = CARTESIAN_POINT ( 'NONE',  ( -3.590383663691715910, -1.648747737362059151, 6.671871645165847298 ) ) ;
#3514 = EDGE_CURVE ( 'NONE', #77, #510, #4797, .T. ) ;
#3515 = DIRECTION ( 'NONE',  ( -0.000000000000000000, 1.000000000000000000, 0.000000000000000000 ) ) ;
#3516 = EDGE_CURVE ( 'NONE', #3646, #1708, #2490, .T. ) ;
#3517 = CALENDAR_DATE ( 2022, 7, 10 ) ;
#3518 = CIRCLE ( 'NONE', #2654, 1.000000000000000000 ) ;
#3519 = CARTESIAN_POINT ( 'NONE',  ( -0.8330716911640640987, -1.735760857822195025, -9.425776522723932516 ) ) ;
#3520 = ADVANCED_FACE ( 'NONE', ( #300 ), #5656, .F. ) ;
#3521 = FACE_OUTER_BOUND ( 'NONE', #3558, .T. ) ;
#3522 = ORIENTED_EDGE ( 'NONE', *, *, #2669, .F. ) ;
#3523 = CARTESIAN_POINT ( 'NONE',  ( 5.231184803902813262E-16, 11.00000000000000000, -4.676438075984265197 ) ) ;
#3524 = DIRECTION ( 'NONE',  ( 0.000000000000000000, 1.000000000000000000, 0.000000000000000000 ) ) ;
#3525 = DIRECTION ( 'NONE',  ( 1.000000000000000000, 0.000000000000000000, 3.469446951953614189E-15 ) ) ;
#3526 = DIRECTION ( 'NONE',  ( 0.000000000000000000, 0.000000000000000000, -1.000000000000000000 ) ) ;
#3527 = ORIENTED_EDGE ( 'NONE', *, *, #5089, .T. ) ;
#3528 = CARTESIAN_POINT ( 'NONE',  ( -1.649999999999999911, -1.084202172485504434E-16, 8.592999999999999972 ) ) ;
#3529 = VERTEX_POINT ( 'NONE', #3961 ) ;
#3530 = DIRECTION ( 'NONE',  ( 0.000000000000000000, -1.000000000000000000, -0.000000000000000000 ) ) ;
#3531 = ORIENTED_EDGE ( 'NONE', *, *, #1319, .F. ) ;
#3532 = VERTEX_POINT ( 'NONE', #4892 ) ;
#3533 = CIRCLE ( 'NONE', #1520, 0.5000000000000004441 ) ;
#3534 = DIRECTION ( 'NONE',  ( 0.8660254037844381525, 0.000000000000000000, 0.5000000000000007772 ) ) ;
#3535 = VECTOR ( 'NONE', #576, 1000.000000000000227 ) ;
#3536 = CARTESIAN_POINT ( 'NONE',  ( -5.526287977083277347, -1.807273914355740363, -4.634172512922938303 ) ) ;
#3537 = CARTESIAN_POINT ( 'NONE',  ( 4.278740583746400539, 0.6408196952823598247, 8.403542235096775670 ) ) ;
#3538 = FACE_OUTER_BOUND ( 'NONE', #114, .T. ) ;
#3539 = AXIS2_PLACEMENT_3D ( 'NONE', #4380, #1296, #4496 ) ;
#3540 = CARTESIAN_POINT ( 'NONE',  ( -6.946838408202646420, -2.000000000000000000, -2.105503136666864616 ) ) ;
#3541 = CIRCLE ( 'NONE', #3157, 0.5000000000000004441 ) ;
#3542 = ORIENTED_EDGE ( 'NONE', *, *, #1213, .T. ) ;
#3543 = FACE_OUTER_BOUND ( 'NONE', #3805, .T. ) ;
#3544 = EDGE_CURVE ( 'NONE', #261, #5172, #2936, .T. ) ;
#3545 = AXIS2_PLACEMENT_3D ( 'NONE', #1559, #3386, #1081 ) ;
#3546 = CIRCLE ( 'NONE', #2684, 4.000000000000000000 ) ;
#3547 = CARTESIAN_POINT ( 'NONE',  ( 7.199768996611903837, -1.500000000000000000, -5.715634295108992902 ) ) ;
#3548 = EDGE_CURVE ( 'NONE', #2455, #3618, #3541, .T. ) ;
#3549 = ADVANCED_FACE ( 'NONE', ( #784 ), #1565, .F. ) ;
#3550 = LINE ( 'NONE', #5368, #5160 ) ;
#3551 = DIRECTION ( 'NONE',  ( 0.8660254037844410391, 0.000000000000000000, -0.4999999999999958922 ) ) ;
#3552 = ORIENTED_EDGE ( 'NONE', *, *, #1191, .T. ) ;
#3553 = FACE_OUTER_BOUND ( 'NONE', #913, .T. ) ;
#3554 = EDGE_CURVE ( 'NONE', #5241, #5706, #1723, .T. ) ;
#3555 = DIRECTION ( 'NONE',  ( 0.000000000000000000, 0.000000000000000000, 1.000000000000000000 ) ) ;
#3556 = CARTESIAN_POINT ( 'NONE',  ( 8.982781698504119561, 0.000000000000000000, 3.627365704891006182 ) ) ;
#3557 = DIRECTION ( 'NONE',  ( -2.168404344971009115E-16, -1.000000000000000000, 0.000000000000000000 ) ) ;
#3558 = EDGE_LOOP ( 'NONE', ( #2114, #657, #4, #3666 ) ) ;
#3559 = VERTEX_POINT ( 'NONE', #662 ) ;
#3560 = DIRECTION ( 'NONE',  ( 0.000000000000000000, 1.000000000000000000, 0.000000000000000000 ) ) ;
#3561 = AXIS2_PLACEMENT_3D ( 'NONE', #3159, #4987, #888 ) ;
#3562 = ORIENTED_EDGE ( 'NONE', *, *, #580, .T. ) ;
#3563 = ORIENTED_EDGE ( 'NONE', *, *, #5668, .F. ) ;
#3564 = DIRECTION ( 'NONE',  ( -0.000000000000000000, 1.000000000000000000, 0.000000000000000000 ) ) ;
#3565 = VECTOR ( 'NONE', #5033, 1000.000000000000000 ) ;
#3566 = CARTESIAN_POINT ( 'NONE',  ( -5.258851757015396089, -1.880804501818848840, -4.532312104700825905 ) ) ;
#3567 = CARTESIAN_POINT ( 'NONE',  ( 0.3500000000000018097, -7.589415207398563086E-17, -10.66627000000000081 ) ) ;
#3568 = FACE_OUTER_BOUND ( 'NONE', #3745, .T. ) ;
#3569 = CARTESIAN_POINT ( 'NONE',  ( 0.8500000000000018652, 0.000000000000000000, -11.16627000000000081 ) ) ;
#3570 = ORIENTED_EDGE ( 'NONE', *, *, #4202, .T. ) ;
#3571 = AXIS2_PLACEMENT_3D ( 'NONE', #15, #4213, #2799 ) ;
#3572 = CARTESIAN_POINT ( 'NONE',  ( 4.069024423586487416, 12.12186934340514810, 6.939936151804882769 ) ) ;
#3573 = AXIS2_PLACEMENT_3D ( 'NONE', #3790, #3910, #1603 ) ;
#3574 = CARTESIAN_POINT ( 'NONE',  ( 3.877290225400409795, -2.000000000000000000, 7.027243970396385819 ) ) ;
#3575 = DATE_AND_TIME ( #3517, #2224 ) ;
#3576 = CARTESIAN_POINT ( 'NONE',  ( 0.6099910104872879879, -1.984344116751067366, -9.160904264936934993 ) ) ;
#3577 = DIRECTION ( 'NONE',  ( 0.000000000000000000, 0.000000000000000000, -1.000000000000000000 ) ) ;
#3578 = EDGE_CURVE ( 'NONE', #2739, #66, #5299, .T. ) ;
#3579 = EDGE_CURVE ( 'NONE', #1684, #1247, #90, .T. ) ;
#3580 = VERTEX_POINT ( 'NONE', #5326 ) ;
#3581 = VECTOR ( 'NONE', #2131, 1000.000000000000000 ) ;
#3582 = DIRECTION ( 'NONE',  ( 0.000000000000000000, 0.000000000000000000, 1.000000000000000000 ) ) ;
#3583 = LINE ( 'NONE', #5728, #1479 ) ;
#3584 = VECTOR ( 'NONE', #5476, 1000.000000000000114 ) ;
#3585 = LINE ( 'NONE', #1702, #5190 ) ;
#3586 = AXIS2_PLACEMENT_3D ( 'NONE', #5393, #789, #758 ) ;
#3587 = EDGE_CURVE ( 'NONE', #3641, #3694, #865, .T. ) ;
#3588 = CARTESIAN_POINT ( 'NONE',  ( 7.882781698504120804, -1.120523531463846059E-15, 5.532621593216772382 ) ) ;
#3589 = ORIENTED_EDGE ( 'NONE', *, *, #2887, .T. ) ;
#3590 = ADVANCED_FACE ( 'NONE', ( #238 ), #4827, .F. ) ;
#3591 = EDGE_LOOP ( 'NONE', ( #2691, #1651, #5182 ) ) ;
#3592 = DIRECTION ( 'NONE',  ( 1.734723475976807094E-15, 0.000000000000000000, -1.000000000000000000 ) ) ;
#3593 = ORIENTED_EDGE ( 'NONE', *, *, #4383, .F. ) ;
#3594 = ORIENTED_EDGE ( 'NONE', *, *, #3032, .T. ) ;
#3595 = PLANE ( 'NONE',  #623 ) ;
#3596 = DIRECTION ( 'NONE',  ( -4.046297593392455438E-16, 1.000000000000000000, -7.008393014299411373E-16 ) ) ;
#3597 = DIRECTION ( 'NONE',  ( 0.9900983315263911511, 0.1403755459781246828, 0.000000000000000000 ) ) ;
#3598 = DIRECTION ( 'NONE',  ( 0.000000000000000000, 0.000000000000000000, -1.000000000000000000 ) ) ;
#3599 = EDGE_CURVE ( 'NONE', #1854, #4577, #1435, .T. ) ;
#3600 = DIRECTION ( 'NONE',  ( 0.000000000000000000, 0.000000000000000000, -1.000000000000000000 ) ) ;
#3601 = EDGE_LOOP ( 'NONE', ( #5555, #3914, #832, #3711, #5738 ) ) ;
#3602 = CARTESIAN_POINT ( 'NONE',  ( -0.8499999999999985345, 3.122849337825750912E-16, -10.66627000000000081 ) ) ;
#3603 = DIRECTION ( 'NONE',  ( -0.07018777298906241080, -0.9900983315263910400, -0.1215687888871666567 ) ) ;
#3604 = CARTESIAN_POINT ( 'NONE',  ( 4.147126684254065054, -2.000000000000000000, 6.871453818240006228 ) ) ;
#3605 = LINE ( 'NONE', #5424, #1423 ) ;
#3606 =( BOUNDED_CURVE ( )  B_SPLINE_CURVE ( 3, ( #2055, #5556, #1459, #3284 ),
 .UNSPECIFIED., .F., .T. ) 
 B_SPLINE_CURVE_WITH_KNOTS ( ( 4, 4 ),
 ( 4.712388980384686121, 6.283185307179586232 ),
 .UNSPECIFIED. ) 
 CURVE ( )  GEOMETRIC_REPRESENTATION_ITEM ( )  RATIONAL_B_SPLINE_CURVE ( ( 1.000000000000000000, 0.8047378541243641603, 0.8047378541243641603, 1.000000000000000000 ) ) 
 REPRESENTATION_ITEM ( '' )  );
#3607 = CARTESIAN_POINT ( 'NONE',  ( -1.542089383989423190, -1.999999580790733589, 6.715000370884987468 ) ) ;
#3608 = DIRECTION ( 'NONE',  ( 0.07018777298906256346, -0.9900983315263909290, 0.1215687888871674477 ) ) ;
#3609 = CIRCLE ( 'NONE', #2174, 1.000000000000000000 ) ;
#3610 = VERTEX_POINT ( 'NONE', #1622 ) ;
#3611 = CARTESIAN_POINT ( 'NONE',  ( -2.940444920982763666, 0.000000000000000000, -5.092999999999999972 ) ) ;
#3612 = FACE_OUTER_BOUND ( 'NONE', #5798, .T. ) ;
#3613 = ADVANCED_FACE ( 'NONE', ( #1203 ), #3450, .F. ) ;
#3614 = DIRECTION ( 'NONE',  ( 0.8660254037844390407, 0.000000000000000000, -0.4999999999999993339 ) ) ;
#3615 = DIRECTION ( 'NONE',  ( 0.000000000000000000, -7.008393014299411373E-16, -1.000000000000000000 ) ) ;
#3616 = ORIENTED_EDGE ( 'NONE', *, *, #4828, .T. ) ;
#3617 = ORIENTED_EDGE ( 'NONE', *, *, #1191, .F. ) ;
#3618 = VERTEX_POINT ( 'NONE', #266 ) ;
#3619 = ORIENTED_EDGE ( 'NONE', *, *, #2882, .T. ) ;
#3620 = CARTESIAN_POINT ( 'NONE',  ( 1.419706295716309985E-15, -1.500000000000000000, -8.592999999999999972 ) ) ;
#3621 = EDGE_CURVE ( 'NONE', #4863, #148, #2099, .T. ) ;
#3622 = EDGE_CURVE ( 'NONE', #962, #4931, #3623, .T. ) ;
#3623 = LINE ( 'NONE', #1322, #4410 ) ;
#3624 = DIRECTION ( 'NONE',  ( -0.1403755459781249049, 0.9900983315263911511, 6.024115084538546778E-18 ) ) ;
#3625 = VERTEX_POINT ( 'NONE', #3140 ) ;
#3626 = CARTESIAN_POINT ( 'NONE',  ( 12.38833650761973892, -1.175632637425476363E-15, 5.824503798349794259 ) ) ;
#3627 = DIRECTION ( 'NONE',  ( 1.000000000000000000, 0.000000000000000000, 0.000000000000000000 ) ) ;
#3628 = ORIENTED_EDGE ( 'NONE', *, *, #5515, .T. ) ;
#3629 = AXIS2_PLACEMENT_3D ( 'NONE', #3684, #4946, #3598 ) ;
#3630 = DIRECTION ( 'NONE',  ( 0.1055419473313870954, 0.9925461516413219831, -0.06093467170257454990 ) ) ;
#3631 = EDGE_CURVE ( 'NONE', #5378, #1223, #928, .T. ) ;
#3632 = AXIS2_PLACEMENT_3D ( 'NONE', #459, #2285, #4115 ) ;
#3633 = DIRECTION ( 'NONE',  ( -0.4999999999999996669, 0.000000000000000000, -0.8660254037844388186 ) ) ;
#3634 = LINE ( 'NONE', #4560, #4970 ) ;
#3635 = CIRCLE ( 'NONE', #570, 0.5000000000000001110 ) ;
#3636 = CARTESIAN_POINT ( 'NONE',  ( -1.649999999999999467, -1.500000000000000000, 8.592999999999999972 ) ) ;
#3637 = ORIENTED_EDGE ( 'NONE', *, *, #2313, .F. ) ;
#3638 = AXIS2_PLACEMENT_3D ( 'NONE', #4676, #5601, #4767 ) ;
#3639 = CARTESIAN_POINT ( 'NONE',  ( -6.565156314724636566, -1.591412599021611252, -2.346826103843732803 ) ) ;
#3640 = LINE ( 'NONE', #4654, #4330 ) ;
#3641 = VERTEX_POINT ( 'NONE', #841 ) ;
#3642 = VECTOR ( 'NONE', #5094, 1000.000000000000114 ) ;
#3643 = CARTESIAN_POINT ( 'NONE',  ( -5.183738280993524405, 0.000000000000000000, 7.985951924179387262 ) ) ;
#3644 = LINE ( 'NONE', #466, #2324 ) ;
#3645 = DIRECTION ( 'NONE',  ( 0.000000000000000000, 0.000000000000000000, -1.000000000000000000 ) ) ;
#3646 = VERTEX_POINT ( 'NONE', #4971 ) ;
#3647 = EDGE_LOOP ( 'NONE', ( #3617, #668, #5051, #298, #3893 ) ) ;
#3648 = ORIENTED_EDGE ( 'NONE', *, *, #2883, .T. ) ;
#3649 = ORIENTED_EDGE ( 'NONE', *, *, #4278, .T. ) ;
#3650 = CARTESIAN_POINT ( 'NONE',  ( -1.650000000000000577, -1.500000000000000000, 9.092999999999999972 ) ) ;
#3651 = CARTESIAN_POINT ( 'NONE',  ( 1.649999999999999911, -2.000000000000000000, 7.068890105822376313 ) ) ;
#3652 = CARTESIAN_POINT ( 'NONE',  ( -5.296838408202648729, -2.000000000000000000, 4.963386969155512141 ) ) ;
#3653 = EDGE_LOOP ( 'NONE', ( #2712, #5736, #2242 ) ) ;
#3654 = CARTESIAN_POINT ( 'NONE',  ( 8.126018952722912303, -2.000000000000000000, -4.143076474064427472 ) ) ;
#3655 = CARTESIAN_POINT ( 'NONE',  ( -6.404546536120517608, -1.500000000000000000, -7.093000000000000860 ) ) ;
#3656 = EDGE_CURVE ( 'NONE', #3866, #203, #3730, .T. ) ;
#3657 = ADVANCED_FACE ( 'NONE', ( #1376 ), #5833, .T. ) ;
#3658 = EDGE_LOOP ( 'NONE', ( #319, #2361, #1382 ) ) ;
#3659 = CARTESIAN_POINT ( 'NONE',  ( -0.3499999999999984235, -2.299999999999999822, -9.092999999999998195 ) ) ;
#3660 = CIRCLE ( 'NONE', #2318, 0.4999999999999997224 ) ;
#3661 = FACE_OUTER_BOUND ( 'NONE', #5069, .T. ) ;
#3662 = FACE_OUTER_BOUND ( 'NONE', #2126, .T. ) ;
#3663 = CARTESIAN_POINT ( 'NONE',  ( 0.8500000000000010880, -2.299999999999999822, -9.092999999999998195 ) ) ;
#3664 = AXIS2_PLACEMENT_3D ( 'NONE', #5320, #1613, #3384 ) ;
#3665 = ADVANCED_FACE ( 'NONE', ( #4491 ), #4210, .T. ) ;
#3666 = ORIENTED_EDGE ( 'NONE', *, *, #2408, .F. ) ;
#3667 = AXIS2_PLACEMENT_3D ( 'NONE', #2856, #5521, #944 ) ;
#3668 = CARTESIAN_POINT ( 'NONE',  ( -4.897214887077015355, -1.175632637425476363E-15, -8.482224999999981918 ) ) ;
#3669 = CYLINDRICAL_SURFACE ( 'NONE', #308, 1.000000000000000444 ) ;
#3670 = ORIENTED_EDGE ( 'NONE', *, *, #732, .T. ) ;
#3671 = FACE_OUTER_BOUND ( 'NONE', #619, .T. ) ;
#3672 = DIRECTION ( 'NONE',  ( 0.000000000000000000, -1.000000000000000000, 0.000000000000000000 ) ) ;
#3673 = VERTEX_POINT ( 'NONE', #3651 ) ;
#3674 = ORIENTED_EDGE ( 'NONE', *, *, #4202, .F. ) ;
#3675 = ORIENTED_EDGE ( 'NONE', *, *, #1663, .T. ) ;
#3676 = ORIENTED_EDGE ( 'NONE', *, *, #2920, .F. ) ;
#3677 = DIRECTION ( 'NONE',  ( 0.000000000000000000, 0.000000000000000000, -1.000000000000000000 ) ) ;
#3678 = VECTOR ( 'NONE', #3406, 1000.000000000000000 ) ;
#3679 = EDGE_CURVE ( 'NONE', #3255, #5806, #4525, .T. ) ;
#3680 = CIRCLE ( 'NONE', #4637, 0.4999999999999997224 ) ;
#3681 = DIRECTION ( 'NONE',  ( 0.4999999999999950595, 0.000000000000000000, -0.8660254037844415942 ) ) ;
#3682 = DIRECTION ( 'NONE',  ( 0.000000000000000000, -1.000000000000000000, -0.000000000000000000 ) ) ;
#3683 = VERTEX_POINT ( 'NONE', #419 ) ;
#3684 = CARTESIAN_POINT ( 'NONE',  ( 8.482781698504119561, -2.299999999999999822, 4.493391108675444556 ) ) ;
#3685 = ORIENTED_EDGE ( 'NONE', *, *, #3679, .T. ) ;
#3686 = CARTESIAN_POINT ( 'NONE',  ( 6.929704853323308100, 12.00000000000000000, 9.324138683375338132E-15 ) ) ;
#3687 = ORIENTED_EDGE ( 'NONE', *, *, #1453, .T. ) ;
#3688 = FACE_OUTER_BOUND ( 'NONE', #2886, .T. ) ;
#3689 = CARTESIAN_POINT ( 'NONE',  ( 7.199768996611900285, -1.500000000000000000, 5.715634295108991125 ) ) ;
#3690 = CYLINDRICAL_SURFACE ( 'NONE', #4624, 0.4999999999999995559 ) ;
#3691 = CARTESIAN_POINT ( 'NONE',  ( 1.350000000000001421, -1.500000000000000000, -8.592999999999998195 ) ) ;
#3692 =( BOUNDED_CURVE ( )  B_SPLINE_CURVE ( 3, ( #2787, #61, #571, #5 ),
 .UNSPECIFIED., .F., .T. ) 
 B_SPLINE_CURVE_WITH_KNOTS ( ( 4, 4 ),
 ( 4.712388980384688786, 6.283185307179585344 ),
 .UNSPECIFIED. ) 
 CURVE ( )  GEOMETRIC_REPRESENTATION_ITEM ( )  RATIONAL_B_SPLINE_CURVE ( ( 1.000000000000000000, 0.8047378541243648264, 0.8047378541243648264, 1.000000000000000000 ) ) 
 REPRESENTATION_ITEM ( '' )  );
#3693 = DIRECTION ( 'NONE',  ( 0.000000000000000000, -0.1218693434051474345, -0.9925461516413220942 ) ) ;
#3694 = VERTEX_POINT ( 'NONE', #2217 ) ;
#3695 = EDGE_CURVE ( 'NONE', #417, #2784, #2276, .T. ) ;
#3696 = EDGE_CURVE ( 'NONE', #510, #5241, #5474, .T. ) ;
#3697 = CARTESIAN_POINT ( 'NONE',  ( -1.250167133169199030, -1.807273914355747024, 7.102992033244060366 ) ) ;
#3698 = DIRECTION ( 'NONE',  ( -0.9943939779289165948, 0.1057384351061874117, 0.000000000000000000 ) ) ;
#3699 = ORIENTED_EDGE ( 'NONE', *, *, #2018, .F. ) ;
#3700 = EDGE_CURVE ( 'NONE', #2514, #1048, #5919, .T. ) ;
#3701 = DIRECTION ( 'NONE',  ( -0.07018777298906136997, -0.9900983315263910400, 0.1215687888871673783 ) ) ;
#3702 = DIRECTION ( 'NONE',  ( -2.168404344971009115E-16, -1.000000000000000000, -0.000000000000000000 ) ) ;
#3703 = EDGE_LOOP ( 'NONE', ( #4885, #5083, #5747, #2934 ) ) ;
#3704 = ORIENTED_EDGE ( 'NONE', *, *, #732, .F. ) ;
#3705 = AXIS2_PLACEMENT_3D ( 'NONE', #2653, #5373, #4814 ) ;
#3706 = ORIENTED_EDGE ( 'NONE', *, *, #2523, .F. ) ;
#3707 = ORIENTED_EDGE ( 'NONE', *, *, #3700, .T. ) ;
#3708 = CARTESIAN_POINT ( 'NONE',  ( -5.296838408202649617, -1.600000000000000089, 4.963386969155512141 ) ) ;
#3709 = DIRECTION ( 'NONE',  ( -0.000000000000000000, -1.000000000000000000, -0.000000000000000000 ) ) ;
#3710 = CARTESIAN_POINT ( 'NONE',  ( 8.732781698504124890, -1.500000000000000000, -4.060378406783227589 ) ) ;
#3711 = ORIENTED_EDGE ( 'NONE', *, *, #4325, .T. ) ;
#3712 = CARTESIAN_POINT ( 'NONE',  ( 1.149999999999999689, -1.565461193628493231, 7.145779597907750968 ) ) ;
#3713 = EDGE_LOOP ( 'NONE', ( #3472, #3142, #3333 ) ) ;
#3714 = CARTESIAN_POINT ( 'NONE',  ( -0.8499999999999983125, -2.299999999999999822, -10.66627000000000081 ) ) ;
#3715 = EDGE_LOOP ( 'NONE', ( #2486, #2282, #5215, #1436 ) ) ;
#3716 = CARTESIAN_POINT ( 'NONE',  ( 7.441756294719683140, -1.500000000000000000, -4.296500000000000874 ) ) ;
#3717 = CARTESIAN_POINT ( 'NONE',  ( -5.578575225790666892, -1.792893218813452094, 4.548697527440957344 ) ) ;
#3718 = DIRECTION ( 'NONE',  ( -0.1055419473313876921, -0.9925461516413219831, 0.06093467170257352988 ) ) ;
#3719 = AXIS2_PLACEMENT_3D ( 'NONE', #5020, #4936, #1369 ) ;
#3720 = CARTESIAN_POINT ( 'NONE',  ( -4.897214887077015355, 0.000000000000000000, -8.482224999999981918 ) ) ;
#3721 = ORIENTED_EDGE ( 'NONE', *, *, #1614, .T. ) ;
#3722 = VECTOR ( 'NONE', #240, 1000.000000000000000 ) ;
#3723 = AXIS2_PLACEMENT_3D ( 'NONE', #89, #1952, #1924 ) ;
#3724 = FACE_OUTER_BOUND ( 'NONE', #5297, .T. ) ;
#3725 = CARTESIAN_POINT ( 'NONE',  ( 4.175465253419293532, -2.000000000000000000, -6.905662247484079863 ) ) ;
#3726 = ORIENTED_EDGE ( 'NONE', *, *, #3779, .F. ) ;
#3727 = CIRCLE ( 'NONE', #2863, 0.5000000000000004441 ) ;
#3728 = EDGE_CURVE ( 'NONE', #5467, #5598, #5416, .T. ) ;
#3729 = ADVANCED_FACE ( 'NONE', ( #1262 ), #642, .T. ) ;
#3730 = CIRCLE ( 'NONE', #5155, 0.4000000000000001332 ) ;
#3731 = CIRCLE ( 'NONE', #1153, 4.000000000000000000 ) ;
#3732 = LINE ( 'NONE', #5465, #1368 ) ;
#3733 = CIRCLE ( 'NONE', #3828, 0.5000000000000004441 ) ;
#3734 = CARTESIAN_POINT ( 'NONE',  ( -4.985740819354530728, -1.648747734487983729, 4.708186877133782033 ) ) ;
#3735 = ORIENTED_EDGE ( 'NONE', *, *, #3485, .F. ) ;
#3736 = ORIENTED_EDGE ( 'NONE', *, *, #3245, .F. ) ;
#3737 = EDGE_CURVE ( 'NONE', #1684, #2822, #2395, .T. ) ;
#3738 = EDGE_LOOP ( 'NONE', ( #3187, #3512, #3082, #4336 ) ) ;
#3739 = LINE ( 'NONE', #5915, #4547 ) ;
#3740 = DIRECTION ( 'NONE',  ( 1.000000000000000000, 0.000000000000000000, 0.000000000000000000 ) ) ;
#3741 = ORIENTED_EDGE ( 'NONE', *, *, #326, .T. ) ;
#3742 = CARTESIAN_POINT ( 'NONE',  ( 1.250167133169195255, -1.807273914355742361, 7.102992033244060366 ) ) ;
#3743 = EDGE_LOOP ( 'NONE', ( #5384, #2717, #1774, #3383 ) ) ;
#3744 = DIRECTION ( 'NONE',  ( 0.000000000000000000, 0.000000000000000000, -1.000000000000000000 ) ) ;
#3745 = EDGE_LOOP ( 'NONE', ( #3049, #746, #2756 ) ) ;
#3746 = DIRECTION ( 'NONE',  ( 0.000000000000000000, 0.000000000000000000, -1.000000000000000000 ) ) ;
#3747 = LINE ( 'NONE', #3689, #3345 ) ;
#3748 = CARTESIAN_POINT ( 'NONE',  ( 6.929704853323308988, 12.00000000000000000, 1.076610513727359279E-14 ) ) ;
#3749 = ORIENTED_EDGE ( 'NONE', *, *, #3185, .F. ) ;
#3750 = CIRCLE ( 'NONE', #2128, 0.5000000000000000000 ) ;
#3751 = CARTESIAN_POINT ( 'NONE',  ( 8.549768996611902594, 0.000000000000000000, -3.377365704891007958 ) ) ;
#3752 = CIRCLE ( 'NONE', #214, 0.5000000000000000000 ) ;
#3753 = ADVANCED_FACE ( 'NONE', ( #3400 ), #1069, .T. ) ;
#3754 = PLANE ( 'NONE',  #4692 ) ;
#3755 = CARTESIAN_POINT ( 'NONE',  ( -7.560752083711957283, -1.648747737362059151, -0.2481365379103306901 ) ) ;
#3756 = ORIENTED_EDGE ( 'NONE', *, *, #5589, .T. ) ;
#3757 = AXIS2_PLACEMENT_3D ( 'NONE', #440, #46, #1424 ) ;
#3758 =( BOUNDED_CURVE ( )  B_SPLINE_CURVE ( 3, ( #5408, #3131, #5882, #4963 ),
 .UNSPECIFIED., .F., .T. ) 
 B_SPLINE_CURVE_WITH_KNOTS ( ( 4, 4 ),
 ( 1.570796326794896558, 3.141592653589793116 ),
 .UNSPECIFIED. ) 
 CURVE ( )  GEOMETRIC_REPRESENTATION_ITEM ( )  RATIONAL_B_SPLINE_CURVE ( ( 1.000000000000000000, 0.8047378541243649375, 0.8047378541243649375, 1.000000000000000000 ) ) 
 REPRESENTATION_ITEM ( '' )  );
#3759 = EDGE_CURVE ( 'NONE', #1682, #5598, #2890, .T. ) ;
#3760 = ADVANCED_FACE ( 'NONE', ( #24 ), #613, .T. ) ;
#3761 = LINE ( 'NONE', #4630, #2517 ) ;
#3762 = CARTESIAN_POINT ( 'NONE',  ( -5.526287977083355507, -1.807273914355731037, 4.634172512922967613 ) ) ;
#3763 = ORIENTED_EDGE ( 'NONE', *, *, #4922, .T. ) ;
#3764 = ORIENTED_EDGE ( 'NONE', *, *, #2071, .F. ) ;
#3765 = CARTESIAN_POINT ( 'NONE',  ( 7.632781698504119916, -1.500000000000000000, 5.965634295108991125 ) ) ;
#3766 = PLANE ( 'NONE',  #5776 ) ;
#3767 = EDGE_CURVE ( 'NONE', #4915, #4347, #4610, .T. ) ;
#3768 = EDGE_CURVE ( 'NONE', #1119, #833, #4776, .T. ) ;
#3769 = CARTESIAN_POINT ( 'NONE',  ( -3.565483496418513365, -1.648747737362059151, 6.671871645165847298 ) ) ;
#3770 = ORIENTED_EDGE ( 'NONE', *, *, #515, .T. ) ;
#3771 = PLANE ( 'NONE',  #3468 ) ;
#3772 = ORIENTED_EDGE ( 'NONE', *, *, #5809, .F. ) ;
#3773 = FACE_OUTER_BOUND ( 'NONE', #4062, .T. ) ;
#3774 = ORIENTED_EDGE ( 'NONE', *, *, #1858, .T. ) ;
#3775 = AXIS2_PLACEMENT_3D ( 'NONE', #2025, #5614, #3857 ) ;
#3776 = ORIENTED_EDGE ( 'NONE', *, *, #3251, .T. ) ;
#3777 = DIRECTION ( 'NONE',  ( 0.4999999999999950595, 0.000000000000000000, -0.8660254037844415942 ) ) ;
#3778 = AXIS2_PLACEMENT_3D ( 'NONE', #2253, #4864, #2585 ) ;
#3779 = EDGE_CURVE ( 'NONE', #4347, #1032, #1405, .T. ) ;
#3780 = CARTESIAN_POINT ( 'NONE',  ( 6.766756294719685094, -1.500000000000000000, -5.465634295108993790 ) ) ;
#3781 = AXIS2_PLACEMENT_3D ( 'NONE', #109, #1941, #4698 ) ;
#3782 = CARTESIAN_POINT ( 'NONE',  ( 0.8500000000000011990, -2.000000000000000000, -9.592999999999999972 ) ) ;
#3783 = DIRECTION ( 'NONE',  ( 0.8660254037844388186, 0.000000000000000000, -0.4999999999999997780 ) ) ;
#3784 = CARTESIAN_POINT ( 'NONE',  ( -1.149999999999999911, 0.000000000000000000, 8.592999999999999972 ) ) ;
#3785 = VECTOR ( 'NONE', #2183, 1000.000000000000000 ) ;
#3786 = ORIENTED_EDGE ( 'NONE', *, *, #4211, .F. ) ;
#3787 = CARTESIAN_POINT ( 'NONE',  ( 7.573202167348555669, -1.648747737362059151, -0.2265723604932584345 ) ) ;
#3788 = CARTESIAN_POINT ( 'NONE',  ( 3.995268587293442586, -1.648747737362057597, 6.423735107255517995 ) ) ;
#3789 = CARTESIAN_POINT ( 'NONE',  ( 3.756228348273381368, -2.000000000000000000, -6.696124839761416148 ) ) ;
#3790 = CARTESIAN_POINT ( 'NONE',  ( -6.929704853323301883, 12.00000000000000000, 4.835541689285349776E-14 ) ) ;
#3791 = CARTESIAN_POINT ( 'NONE',  ( -5.596895834749130216, -1.630874546332610420, 4.574302107048587196 ) ) ;
#3792 = EDGE_LOOP ( 'NONE', ( #4757, #5354, #3012, #5285, #4080 ) ) ;
#3793 =( BOUNDED_CURVE ( )  B_SPLINE_CURVE ( 3, ( #1020, #4646, #4110, #2842 ),
 .UNSPECIFIED., .F., .T. ) 
 B_SPLINE_CURVE_WITH_KNOTS ( ( 4, 4 ),
 ( 2.622292039550162102, 3.660893267629422798 ),
 .UNSPECIFIED. ) 
 CURVE ( )  GEOMETRIC_REPRESENTATION_ITEM ( )  RATIONAL_B_SPLINE_CURVE ( ( 1.000000000000000000, 0.9121109855992486359, 0.9121109855992486359, 1.000000000000000000 ) ) 
 REPRESENTATION_ITEM ( '' )  );
#3794 = EDGE_CURVE ( 'NONE', #3379, #4915, #3315, .T. ) ;
#3795 = DIRECTION ( 'NONE',  ( -0.000000000000000000, 1.000000000000000000, 0.000000000000000000 ) ) ;
#3796 = DIRECTION ( 'NONE',  ( 0.5000000000000001110, 1.737863516899784330E-19, -0.8660254037844384856 ) ) ;
#3797 = DIRECTION ( 'NONE',  ( 0.000000000000000000, 0.000000000000000000, -1.000000000000000000 ) ) ;
#3798 = CARTESIAN_POINT ( 'NONE',  ( -3.739234216618206208, -1.656150218391248430, 6.649643813645246482 ) ) ;
#3799 = ORIENTED_EDGE ( 'NONE', *, *, #2044, .F. ) ;
#3800 = CARTESIAN_POINT ( 'NONE',  ( 1.153591710390568181, -1.585912221601135208, 7.081353919293315258 ) ) ;
#3801 = EDGE_LOOP ( 'NONE', ( #5858, #5709, #3772, #5644 ) ) ;
#3802 = FACE_OUTER_BOUND ( 'NONE', #2839, .T. ) ;
#3803 = VERTEX_POINT ( 'NONE', #1885 ) ;
#3804 = EDGE_CURVE ( 'NONE', #4460, #3099, #4333, .T. ) ;
#3805 = EDGE_LOOP ( 'NONE', ( #2812, #629, #3232, #5170 ) ) ;
#3806 = EDGE_CURVE ( 'NONE', #4354, #1260, #1097, .T. ) ;
#3807 = CARTESIAN_POINT ( 'NONE',  ( 5.249845997741266146, 0.000000000000000000, 9.092999999999999972 ) ) ;
#3808 = CARTESIAN_POINT ( 'NONE',  ( 7.632781698504119916, 0.000000000000000000, 5.965634295108991125 ) ) ;
#3809 = DIRECTION ( 'NONE',  ( -1.000000000000000000, -6.123233995736764803E-17, 7.518385974722783360E-18 ) ) ;
#3810 = DIRECTION ( 'NONE',  ( 0.9943939779289164838, -0.1057384351061882583, 0.000000000000000000 ) ) ;
#3811 = DIRECTION ( 'NONE',  ( 1.877893248421448789E-16, 1.000000000000000000, 3.252606517456513795E-16 ) ) ;
#3812 = ORIENTED_EDGE ( 'NONE', *, *, #5311, .F. ) ;
#3813 = ADVANCED_FACE ( 'NONE', ( #4300 ), #957, .T. ) ;
#3814 = SPHERICAL_SURFACE ( 'NONE', #2078, 0.5000000000000000000 ) ;
#3815 = LINE ( 'NONE', #1572, #5639 ) ;
#3816 =( NAMED_UNIT ( * ) SI_UNIT ( $, .STERADIAN. ) SOLID_ANGLE_UNIT ( ) );
#3817 = VECTOR ( 'NONE', #3702, 1000.000000000000000 ) ;
#3818 = AXIS2_PLACEMENT_3D ( 'NONE', #728, #2971, #3482 ) ;
#3819 = CARTESIAN_POINT ( 'NONE',  ( 1.649999999999999911, 2.973221389892669133E-16, 6.469430878194189383 ) ) ;
#3820 = CYLINDRICAL_SURFACE ( 'NONE', #707, 4.000000000000000000 ) ;
#3821 = AXIS2_PLACEMENT_3D ( 'NONE', #1626, #1145, #5715 ) ;
#3822 = CARTESIAN_POINT ( 'NONE',  ( 7.904580156411902259, -2.000000000000000000, -0.4466457682385960304 ) ) ;
#3823 = VERTEX_POINT ( 'NONE', #3850 ) ;
#3824 = VECTOR ( 'NONE', #4706, 1000.000000000000227 ) ;
#3825 = CARTESIAN_POINT ( 'NONE',  ( -6.946838408202646420, -2.000000000000000000, -2.105503136666864616 ) ) ;
#3826 = CIRCLE ( 'NONE', #2387, 0.4999999999999995559 ) ;
#3827 = LINE ( 'NONE', #227, #2626 ) ;
#3828 = AXIS2_PLACEMENT_3D ( 'NONE', #2501, #221, #5694 ) ;
#3829 = DIRECTION ( 'NONE',  ( 1.062518129035793399E-14, 0.000000000000000000, -1.000000000000000000 ) ) ;
#3830 = CARTESIAN_POINT ( 'NONE',  ( -3.952202413265248460, -1.653574242655851290, 6.499513149426345393 ) ) ;
#3831 = ORIENTED_EDGE ( 'NONE', *, *, #1836, .T. ) ;
#3832 = CARTESIAN_POINT ( 'NONE',  ( -8.016756294719685982, -1.499999999999999556, 3.300570785647897853 ) ) ;
#3833 = ORIENTED_EDGE ( 'NONE', *, *, #2409, .F. ) ;
#3834 = DIRECTION ( 'NONE',  ( 0.000000000000000000, 0.000000000000000000, 1.000000000000000000 ) ) ;
#3835 = AXIS2_PLACEMENT_3D ( 'NONE', #5245, #5279, #3907 ) ;
#3836 = ORIENTED_EDGE ( 'NONE', *, *, #3737, .F. ) ;
#3837 = ORIENTED_EDGE ( 'NONE', *, *, #316, .T. ) ;
#3838 = CARTESIAN_POINT ( 'NONE',  ( 8.982781698504119561, -1.500000000000000000, 3.627365704891005738 ) ) ;
#3839 = DIRECTION ( 'NONE',  ( 0.000000000000000000, -1.000000000000000000, 0.000000000000000000 ) ) ;
#3840 = EDGE_CURVE ( 'NONE', #2739, #5677, #1634, .T. ) ;
#3841 = CARTESIAN_POINT ( 'NONE',  ( 0.3500000000000012546, -2.299999999999999822, -11.16627000000000081 ) ) ;
#3842 = CARTESIAN_POINT ( 'NONE',  ( 4.326646576356789176, -2.000000000000000000, -6.643808515000857895 ) ) ;
#3843 = EDGE_CURVE ( 'NONE', #4464, #231, #3733, .T. ) ;
#3844 = ORIENTED_EDGE ( 'NONE', *, *, #1213, .F. ) ;
#3845 = DIRECTION ( 'NONE',  ( 0.000000000000000000, 0.000000000000000000, 1.000000000000000000 ) ) ;
#3846 = CARTESIAN_POINT ( 'NONE',  ( 2.940444920982763222, -2.000000000000000000, 5.092999999999999972 ) ) ;
#3847 = EDGE_CURVE ( 'NONE', #5351, #2061, #1602, .T. ) ;
#3848 = CARTESIAN_POINT ( 'NONE',  ( 3.565483496418511145, -2.000000000000000000, -7.068890105822376313 ) ) ;
#3849 = CIRCLE ( 'NONE', #4905, 0.4000000000000001887 ) ;
#3850 = CARTESIAN_POINT ( 'NONE',  ( -6.866756294719684739, 1.408343819019457261E-16, 5.292429214352106115 ) ) ;
#3851 = ADVANCED_FACE ( 'NONE', ( #2306 ), #1857, .F. ) ;
#3852 = DIRECTION ( 'NONE',  ( 0.000000000000000000, -0.1218693434051483782, -0.9925461516413218721 ) ) ;
#3853 = DIRECTION ( 'NONE',  ( -1.000000000000000000, 0.000000000000000000, 0.000000000000000000 ) ) ;
#3854 = VERTEX_POINT ( 'NONE', #3068 ) ;
#3855 = AXIS2_PLACEMENT_3D ( 'NONE', #4370, #4821, #2060 ) ;
#3856 = FACE_OUTER_BOUND ( 'NONE', #1984, .T. ) ;
#3857 = DIRECTION ( 'NONE',  ( 0.8660254037844385966, 0.000000000000000000, 0.5000000000000001110 ) ) ;
#3858 = AXIS2_PLACEMENT_3D ( 'NONE', #2541, #257, #3525 ) ;
#3859 = CYLINDRICAL_SURFACE ( 'NONE', #5286, 0.4000000000000001887 ) ;
#3860 = CARTESIAN_POINT ( 'NONE',  ( -4.147126684254001106, -2.000000000000000000, 6.871453818240075506 ) ) ;
#3861 = ORIENTED_EDGE ( 'NONE', *, *, #848, .F. ) ;
#3862 = LINE ( 'NONE', #347, #980 ) ;
#3863 = ORIENTED_EDGE ( 'NONE', *, *, #3728, .T. ) ;
#3864 = CYLINDRICAL_SURFACE ( 'NONE', #3545, 0.5000000000000004441 ) ;
#3865 = ORIENTED_EDGE ( 'NONE', *, *, #5916, .T. ) ;
#3866 = VERTEX_POINT ( 'NONE', #278 ) ;
#3867 = CARTESIAN_POINT ( 'NONE',  ( -6.773457863650182098, -1.500000000000000000, -2.582752101786883969 ) ) ;
#3868 = CARTESIAN_POINT ( 'NONE',  ( -6.640360586412504595, -2.000000000000000000, -1.928558083755676389 ) ) ;
#3869 = LINE ( 'NONE', #5117, #5918 ) ;
#3870 = CARTESIAN_POINT ( 'NONE',  ( -8.024416909654478403, -2.000000000000000000, 0.1557901521562985447 ) ) ;
#3871 = CARTESIAN_POINT ( 'NONE',  ( -6.619041111444723846, -1.554630223663255206, -2.493599548333672811 ) ) ;
#3872 = VERTEX_POINT ( 'NONE', #2079 ) ;
#3873 = DIRECTION ( 'NONE',  ( 1.000000000000000000, 0.000000000000000000, 1.118625911196693900E-16 ) ) ;
#3874 = EDGE_CURVE ( 'NONE', #2595, #1109, #3550, .T. ) ;
#3875 = VECTOR ( 'NONE', #1584, 1000.000000000000000 ) ;
#3876 = AXIS2_PLACEMENT_3D ( 'NONE', #1327, #5895, #334 ) ;
#3877 = CARTESIAN_POINT ( 'NONE',  ( 1.649999999999999911, -2.000000000000000000, 6.714999999999998970 ) ) ;
#3878 = CARTESIAN_POINT ( 'NONE',  ( 3.920900044008632346, -2.000000000000000000, -6.601051591900605864 ) ) ;
#3879 = EDGE_CURVE ( 'NONE', #3421, #4629, #2111, .T. ) ;
#3880 = EDGE_CURVE ( 'NONE', #979, #5913, #4773, .T. ) ;
#3881 = CARTESIAN_POINT ( 'NONE',  ( 1.149999999999999911, 0.1758113900552775999, 6.951598866593946546 ) ) ;
#3882 = DIRECTION ( 'NONE',  ( -0.000000000000000000, -0.000000000000000000, -1.000000000000000000 ) ) ;
#3883 = CARTESIAN_POINT ( 'NONE',  ( -3.565483496418510700, -2.000000000000000000, -7.068890105822377201 ) ) ;
#3884 = ORIENTED_EDGE ( 'NONE', *, *, #5080, .F. ) ;
#3885 = CIRCLE ( 'NONE', #1796, 0.5000000000000004441 ) ;
#3886 = CARTESIAN_POINT ( 'NONE',  ( -9.507906380237333366, 0.000000000000000000, -0.4962730758205965431 ) ) ;
#3887 = ADVANCED_FACE ( 'NONE', ( #3909 ), #1243, .F. ) ;
#3888 = CARTESIAN_POINT ( 'NONE',  ( -4.953010335502698425, -1.648747737362058707, -4.764877738827250298 ) ) ;
#3889 = CARTESIAN_POINT ( 'NONE',  ( 9.062260783623846905, 0.000000000000000000, 5.636243891324553168 ) ) ;
#3890 = FACE_OUTER_BOUND ( 'NONE', #4704, .T. ) ;
#3891 = ORIENTED_EDGE ( 'NONE', *, *, #5892, .F. ) ;
#3892 = CARTESIAN_POINT ( 'NONE',  ( 3.129727872893062202, 10.56093467170257227, 4.924574613894595387 ) ) ;
#3893 = ORIENTED_EDGE ( 'NONE', *, *, #105, .F. ) ;
#3894 = PLANE ( 'NONE',  #1055 ) ;
#3895 = ORIENTED_EDGE ( 'NONE', *, *, #4465, .T. ) ;
#3896 = ORIENTED_EDGE ( 'NONE', *, *, #4690, .T. ) ;
#3897 = DIRECTION ( 'NONE',  ( -0.8660254037844385966, 0.000000000000000000, -0.5000000000000000000 ) ) ;
#3898 = VECTOR ( 'NONE', #5287, 1000.000000000000000 ) ;
#3899 = DIRECTION ( 'NONE',  ( -0.000000000000000000, 1.000000000000000000, 0.000000000000000000 ) ) ;
#3900 = LINE ( 'NONE', #5713, #3975 ) ;
#3901 = CARTESIAN_POINT ( 'NONE',  ( -7.982712006705600771, -2.000000000000000000, 0.3113174337340599007 ) ) ;
#3902 = CYLINDRICAL_SURFACE ( 'NONE', #5634, 0.5000000000000000000 ) ;
#3903 = AXIS2_PLACEMENT_3D ( 'NONE', #2824, #4544, #4681 ) ;
#3904 = CC_DESIGN_PERSON_AND_ORGANIZATION_ASSIGNMENT ( #3939, #2618, ( #1009 ) ) ;
#3905 = ORIENTED_EDGE ( 'NONE', *, *, #2084, .T. ) ;
#3906 = FACE_OUTER_BOUND ( 'NONE', #4164, .T. ) ;
#3907 = DIRECTION ( 'NONE',  ( 0.000000000000000000, 0.000000000000000000, -1.000000000000000000 ) ) ;
#3908 = APPROVAL_STATUS ( 'not_yet_approved' ) ;
#3909 = FACE_OUTER_BOUND ( 'NONE', #2205, .T. ) ;
#3910 = DIRECTION ( 'NONE',  ( -0.1403755459781254877, -0.9900983315263909290, 8.601112612841971767E-16 ) ) ;
#3911 = ADVANCED_FACE ( 'NONE', ( #1667 ), #3008, .F. ) ;
#3912 = DIRECTION ( 'NONE',  ( -0.000000000000000000, 1.000000000000000000, 0.000000000000000000 ) ) ;
#3913 = EDGE_CURVE ( 'NONE', #3256, #3289, #1289, .T. ) ;
#3914 = ORIENTED_EDGE ( 'NONE', *, *, #618, .T. ) ;
#3915 = VECTOR ( 'NONE', #2705, 1000.000000000000000 ) ;
#3916 = CARTESIAN_POINT ( 'NONE',  ( 7.632781698504119916, -1.500000000000000000, 5.965634295108991125 ) ) ;
#3917 = CARTESIAN_POINT ( 'NONE',  ( -1.349999999999998312, -1.500000000000000000, -9.092999999999999972 ) ) ;
#3918 = VECTOR ( 'NONE', #5275, 1000.000000000000227 ) ;
#3919 = LINE ( 'NONE', #4368, #1750 ) ;
#3920 = CIRCLE ( 'NONE', #3242, 1.000000000000000000 ) ;
#3921 = DIRECTION ( 'NONE',  ( 9.389466242107251341E-17, -1.000000000000000000, -1.626303258728257884E-16 ) ) ;
#3922 = ORIENTED_EDGE ( 'NONE', *, *, #2118, .F. ) ;
#3923 = DIRECTION ( 'NONE',  ( 0.4999999999999996669, 1.514852358117836968E-15, -0.8660254037844390407 ) ) ;
#3924 = EDGE_CURVE ( 'NONE', #833, #4734, #2010, .T. ) ;
#3925 = ORIENTED_EDGE ( 'NONE', *, *, #3170, .F. ) ;
#3926 = CARTESIAN_POINT ( 'NONE',  ( -5.183738280993635428, 0.000000000000000000, -7.985951924179317984 ) ) ;
#3927 = ORIENTED_EDGE ( 'NONE', *, *, #4194, .T. ) ;
#3928 = ORIENTED_EDGE ( 'NONE', *, *, #1643, .T. ) ;
#3929 = VECTOR ( 'NONE', #5712, 1000.000000000000114 ) ;
#3930 = CARTESIAN_POINT ( 'NONE',  ( 7.441756294719681364, -1.500000000000000000, 4.296499999999999098 ) ) ;
#3931 = CARTESIAN_POINT ( 'NONE',  ( 6.418152792706297127, 10.56093467170256872, -0.7711444240975376951 ) ) ;
#3932 = DIRECTION ( 'NONE',  ( 0.8660254037844387076, 0.000000000000000000, -0.4999999999999998335 ) ) ;
#3933 = CARTESIAN_POINT ( 'NONE',  ( 3.565483496418511589, -2.000000000000000000, -7.068890105822377201 ) ) ;
#3934 = AXIS2_PLACEMENT_3D ( 'NONE', #5722, #5312, #764 ) ;
#3935 = CARTESIAN_POINT ( 'NONE',  ( 10.09527348551606529, -7.041436197537461017E-16, 4.847013406783227119 ) ) ;
#3936 = EDGE_LOOP ( 'NONE', ( #930, #1541, #2422, #2310, #2859 ) ) ;
#3937 = CARTESIAN_POINT ( 'NONE',  ( 0.8500000000000010880, -2.000000000000000000, -9.092999999999998195 ) ) ;
#3938 = CARTESIAN_POINT ( 'NONE',  ( 8.068211562986000729, -2.000000000000000000, -0.1632278583382977544 ) ) ;
#3939 = PERSON_AND_ORGANIZATION ( #2951, #4141 ) ;
#3940 = CARTESIAN_POINT ( 'NONE',  ( -0.4749999999999992562, -2.000000000000000000, -9.108877081724070734 ) ) ;
#3941 = FACE_OUTER_BOUND ( 'NONE', #1580, .T. ) ;
#3942 = ORIENTED_EDGE ( 'NONE', *, *, #3679, .F. ) ;
#3943 = APPROVAL_PERSON_ORGANIZATION ( #307, #3272, #2139 ) ;
#3944 = DIRECTION ( 'NONE',  ( 0.000000000000000000, -1.000000000000000000, -0.000000000000000000 ) ) ;
#3945 = CARTESIAN_POINT ( 'NONE',  ( 0.000000000000000000, 11.00000000000000000, 4.676438075984264309 ) ) ;
#3946 = EDGE_CURVE ( 'NONE', #413, #2974, #4501, .T. ) ;
#3947 = EDGE_CURVE ( 'NONE', #3503, #5319, #2170, .T. ) ;
#3948 = DIRECTION ( 'NONE',  ( -0.8660254037844393737, 0.000000000000000000, -0.4999999999999987232 ) ) ;
#3949 = AXIS2_PLACEMENT_3D ( 'NONE', #57, #5532, #111 ) ;
#3950 = CARTESIAN_POINT ( 'NONE',  ( 1.649999999999999911, -1.648747737362059151, 6.671871645165847298 ) ) ;
#3951 = ORIENTED_EDGE ( 'NONE', *, *, #3960, .F. ) ;
#3952 = CARTESIAN_POINT ( 'NONE',  ( 5.399885564036260632, 10.49999999999999822, -1.517883041479706208E-15 ) ) ;
#3953 = EDGE_LOOP ( 'NONE', ( #5660, #4846, #748, #4215 ) ) ;
#3954 = CARTESIAN_POINT ( 'NONE',  ( -0.3499999999999985345, 0.000000000000000000, -10.66627000000000081 ) ) ;
#3955 = VERTEX_POINT ( 'NONE', #4475 ) ;
#3956 = VERTEX_POINT ( 'NONE', #737 ) ;
#3957 = CARTESIAN_POINT ( 'NONE',  ( 6.404546536120523825, -1.500000000000000000, -7.092999999999997307 ) ) ;
#3958 = AXIS2_PLACEMENT_3D ( 'NONE', #5851, #2146, #3980 ) ;
#3959 = EDGE_CURVE ( 'NONE', #2860, #2595, #5814, .T. ) ;
#3960 = EDGE_CURVE ( 'NONE', #2181, #4577, #3213, .T. ) ;
#3961 = CARTESIAN_POINT ( 'NONE',  ( 3.565483496418511589, -1.648747737362061150, -6.671871645165849074 ) ) ;
#3962 = CARTESIAN_POINT ( 'NONE',  ( -6.770822330615451357, 1.408343819019457261E-16, 5.237041714352098865 ) ) ;
#3963 = VERTEX_POINT ( 'NONE', #4421 ) ;
#3964 = LINE ( 'NONE', #5744, #1336 ) ;
#3965 = DIRECTION ( 'NONE',  ( 0.000000000000000000, 0.000000000000000000, -1.000000000000000000 ) ) ;
#3966 = ORIENTED_EDGE ( 'NONE', *, *, #1241, .T. ) ;
#3967 = DIRECTION ( 'NONE',  ( -0.000000000000000000, 1.000000000000000000, 0.000000000000000000 ) ) ;
#3968 = EDGE_CURVE ( 'NONE', #2397, #5110, #4035, .T. ) ;
#3969 = CARTESIAN_POINT ( 'NONE',  ( 1.350000000000001421, -2.000000000000000000, -8.592999999999999972 ) ) ;
#3970 = CALENDAR_DATE ( 2022, 7, 10 ) ;
#3971 = AXIS2_PLACEMENT_3D ( 'NONE', #5374, #3524, #3555 ) ;
#3972 = CIRCLE ( 'NONE', #3106, 0.5000000000000004441 ) ;
#3973 = CARTESIAN_POINT ( 'NONE',  ( -5.208398182642423713, 4.030646990155179866E-16, 4.334975711931501330 ) ) ;
#3974 = CARTESIAN_POINT ( 'NONE',  ( -5.443285017609370335, -1.999999999999998668, -4.709734001066868458 ) ) ;
#3975 = VECTOR ( 'NONE', #3055, 1000.000000000000000 ) ;
#3976 = VERTEX_POINT ( 'NONE', #708 ) ;
#3977 = AXIS2_PLACEMENT_3D ( 'NONE', #78, #5528, #3677 ) ;
#3978 = DIRECTION ( 'NONE',  ( -1.000000000000000000, 0.000000000000000000, 0.000000000000000000 ) ) ;
#3979 = LINE ( 'NONE', #3466, #4733 ) ;
#3980 = DIRECTION ( 'NONE',  ( 0.000000000000000000, 0.000000000000000000, 1.000000000000000000 ) ) ;
#3981 = CARTESIAN_POINT ( 'NONE',  ( -8.699768996611901173, -2.000000000000000000, -3.117558083755678222 ) ) ;
#3982 = ORIENTED_EDGE ( 'NONE', *, *, #4177, .T. ) ;
#3983 = LINE ( 'NONE', #1256, #4997 ) ;
#3984 = ORIENTED_EDGE ( 'NONE', *, *, #2852, .T. ) ;
#3985 = LINE ( 'NONE', #809, #4778 ) ;
#3986 = EDGE_CURVE ( 'NONE', #4344, #5477, #3161, .T. ) ;
#3987 = ORIENTED_EDGE ( 'NONE', *, *, #5588, .F. ) ;
#3988 = ORIENTED_EDGE ( 'NONE', *, *, #1681, .T. ) ;
#3989 = DIRECTION ( 'NONE',  ( 0.000000000000000000, -1.000000000000000000, 0.000000000000000000 ) ) ;
#3990 = CARTESIAN_POINT ( 'NONE',  ( -5.506899148687161016, -1.538934585290494983, -4.522342496124528211 ) ) ;
#3991 = LINE ( 'NONE', #2640, #2051 ) ;
#3992 = ORIENTED_EDGE ( 'NONE', *, *, #293, .T. ) ;
#3993 = CARTESIAN_POINT ( 'NONE',  ( 7.449768996611899396, -2.000000000000000000, 5.282621593216770606 ) ) ;
#3994 = CARTESIAN_POINT ( 'NONE',  ( -6.728575225790653924, -1.792893218813451872, -2.556839098736744198 ) ) ;
#3995 = EDGE_CURVE ( 'NONE', #1921, #5523, #2710, .T. ) ;
#3996 = EDGE_CURVE ( 'NONE', #5523, #2777, #4564, .T. ) ;
#3997 = ORIENTED_EDGE ( 'NONE', *, *, #920, .T. ) ;
#3998 = LINE ( 'NONE', #5808, #1675 ) ;
#3999 = CARTESIAN_POINT ( 'NONE',  ( 1.649999999999999911, -1.500000000000000000, 8.592999999999999972 ) ) ;
#4000 = DATE_TIME_ROLE ( 'classification_date' ) ;
#4001 = APPROVAL_PERSON_ORGANIZATION ( #5397, #791, #5812 ) ;
#4002 = ADVANCED_FACE ( 'NONE', ( #3724 ), #680, .T. ) ;
#4003 = CLOSED_SHELL ( 'NONE', ( #29, #1096, #670, #5010, #402, #4474, #3911, #2045, #1564, #3509, #139, #1604, #3851, #1235, #961, #3404, #2373, #4620, #628, #4831, #802, #5144, #2520, #3753, #335, #1284, #401, #3225, #2779, #5731, #1384, #2638, #3613, #208, #4059, #2741, #2556, #4793, #3549, #2895, #4064, #4138, #3760, #281, #4538, #254, #3126, #1653, #2337, #1898, #4655, #1421, #5230, #706, #4571, #3005, #2702, #5630, #4277, #1787, #2345, #661, #5815, #698, #5438, #4818, #1979, #1295, #1583, #5475, #5554, #4600, #1897, #5220, #3211, #4244, #1111, #2922, #487, #882, #4975, #247, #2414, #4566, #5486, #5336, #5484, #5192, #5440, #2129, #2448, #5770, #2497, #2967, #4393, #1718, #465, #4976, #4537, #3147, #5295, #4357, #431, #5037, #4651, #4253, #4040, #502, #5599, #543, #2012, #409, #1751, #3103, #5562, #3155, #2593, #5011, #4562, #2196, #4030, #1837, #5177, #4029, #4002, #3178, #4505, #4650, #5551, #4743, #5121, #4289, #2954, #2235, #2262, #5917, #3001, #2261, #1204, #3729, #3887, #4868, #4865, #4388, #1503, #2374, #5884, #1018, #780, #3520, #3590, #2559, #5043, #5371, #916, #1574, #1654, #5527, #464, #2458, #5044, #2093, #938, #4406, #1122, #946, #67, #1756, #4102, #2367, #3657, #5451, #1510, #4034, #942, #3665, #1868, #5905, #3322, #1827, #2619, #2823, #1765, #1168, #4420, #3138, #3813, #3475, #770, #5843, #395, #1692, #884, #875, #5370 ) ) ;
#4004 = DIRECTION ( 'NONE',  ( -0.5000000000000069944, 1.917982813818005080E-15, -0.8660254037844345998 ) ) ;
#4005 = CARTESIAN_POINT ( 'NONE',  ( -1.649999999999999467, -2.000000000000000000, 9.092999999999999972 ) ) ;
#4006 = ORIENTED_EDGE ( 'NONE', *, *, #3368, .F. ) ;
#4007 = DIRECTION ( 'NONE',  ( 0.000000000000000000, 0.000000000000000000, -1.000000000000000000 ) ) ;
#4008 = DIRECTION ( 'NONE',  ( -0.000000000000000000, 1.000000000000000000, 0.000000000000000000 ) ) ;
#4009 = CARTESIAN_POINT ( 'NONE',  ( 4.687793447186273887, 0.000000000000000000, 8.482224999999951720 ) ) ;
#4010 = VECTOR ( 'NONE', #5284, 1000.000000000000114 ) ;
#4011 = DIRECTION ( 'NONE',  ( 1.084202172485504557E-16, -1.000000000000000000, -0.000000000000000000 ) ) ;
#4012 = ORIENTED_EDGE ( 'NONE', *, *, #5452, .F. ) ;
#4013 = VERTEX_POINT ( 'NONE', #4955 ) ;
#4014 = DIRECTION ( 'NONE',  ( 0.000000000000000000, 0.000000000000000000, 1.000000000000000000 ) ) ;
#4015 = ORIENTED_EDGE ( 'NONE', *, *, #1068, .T. ) ;
#4016 = ORIENTED_EDGE ( 'NONE', *, *, #5258, .F. ) ;
#4017 = AXIS2_PLACEMENT_3D ( 'NONE', #3686, #5508, #1410 ) ;
#4018 = CARTESIAN_POINT ( 'NONE',  ( -4.687793447186096252, 0.000000000000000000, 8.482225000000047643 ) ) ;
#4019 = AXIS2_PLACEMENT_3D ( 'NONE', #2754, #1294, #1772 ) ;
#4020 = CARTESIAN_POINT ( 'NONE',  ( -5.190877339765767040, -1.618948468528125462, -4.547400963433400278 ) ) ;
#4021 = CARTESIAN_POINT ( 'NONE',  ( 3.565483496418508924, -1.600000000000000089, 7.068890105822376313 ) ) ;
#4022 = CARTESIAN_POINT ( 'NONE',  ( -5.249845997741265258, -2.000000000000000000, -9.092999999999999972 ) ) ;
#4023 = AXIS2_PLACEMENT_3D ( 'NONE', #5479, #1834, #3264 ) ;
#4024 = CARTESIAN_POINT ( 'NONE',  ( -7.049768996611901706, -1.999999999999998668, 5.975441916244323082 ) ) ;
#4025 = AXIS2_PLACEMENT_3D ( 'NONE', #5210, #3417, #2066 ) ;
#4026 = VERTEX_POINT ( 'NONE', #855 ) ;
#4027 = LINE ( 'NONE', #3513, #4736 ) ;
#4028 = VECTOR ( 'NONE', #232, 1000.000000000000000 ) ;
#4029 = ADVANCED_FACE ( 'NONE', ( #2681 ), #1486, .T. ) ;
#4030 = ADVANCED_FACE ( 'NONE', ( #4296 ), #2499, .T. ) ;
#4031 = AXIS2_PLACEMENT_3D ( 'NONE', #5636, #1029, #2943 ) ;
#4032 = DIRECTION ( 'NONE',  ( 0.000000000000000000, -1.000000000000000000, -0.000000000000000000 ) ) ;
#4033 = APPROVAL_STATUS ( 'not_yet_approved' ) ;
#4034 = ADVANCED_FACE ( 'NONE', ( #5665 ), #217, .T. ) ;
#4035 = LINE ( 'NONE', #5845, #5831 ) ;
#4036 = LINE ( 'NONE', #2112, #1470 ) ;
#4037 = ORIENTED_EDGE ( 'NONE', *, *, #1211, .F. ) ;
#4038 = CARTESIAN_POINT ( 'NONE',  ( -2.940444920982762778, -1.500000000000000000, -8.592999999999999972 ) ) ;
#4039 = DIRECTION ( 'NONE',  ( -1.000000000000000000, 0.000000000000000000, 0.000000000000000000 ) ) ;
#4040 = ADVANCED_FACE ( 'NONE', ( #1512 ), #4268, .F. ) ;
#4041 = CARTESIAN_POINT ( 'NONE',  ( 3.590383663691711913, -2.000000000000000000, 7.068890105822376313 ) ) ;
#4042 = LINE ( 'NONE', #5497, #1995 ) ;
#4043 = ORIENTED_EDGE ( 'NONE', *, *, #5629, .T. ) ;
#4044 = ORIENTED_EDGE ( 'NONE', *, *, #5114, .F. ) ;
#4045 = LINE ( 'NONE', #3021, #5353 ) ;
#4046 = ORIENTED_EDGE ( 'NONE', *, *, #4331, .F. ) ;
#4047 = EDGE_LOOP ( 'NONE', ( #2219, #1835, #3365, #1890 ) ) ;
#4048 = CARTESIAN_POINT ( 'NONE',  ( 8.132781698504125245, 3.122849337825750912E-16, -5.099608891324553639 ) ) ;
#4049 = AXIS2_PLACEMENT_3D ( 'NONE', #167, #2897, #651 ) ;
#4050 = CYLINDRICAL_SURFACE ( 'NONE', #1961, 1.000000000000000222 ) ;
#4051 = DIRECTION ( 'NONE',  ( 1.000000000000000000, 0.000000000000000000, 0.000000000000000000 ) ) ;
#4052 = CARTESIAN_POINT ( 'NONE',  ( -6.728575225790658365, -1.792893218813451872, 2.556839098736742866 ) ) ;
#4053 = ORIENTED_EDGE ( 'NONE', *, *, #4584, .T. ) ;
#4054 = VECTOR ( 'NONE', #2687, 1000.000000000000000 ) ;
#4055 = DIRECTION ( 'NONE',  ( -0.5000000000000011102, -8.318794581368024629E-16, -0.8660254037844379305 ) ) ;
#4056 = LINE ( 'NONE', #3209, #5372 ) ;
#4057 = CARTESIAN_POINT ( 'NONE',  ( 2.670229079848835063, 10.98008868797085213, -5.121245509966736442 ) ) ;
#4058 = CARTESIAN_POINT ( 'NONE',  ( -4.032618838203246625, -2.000000000000000000, -6.445299284672594275 ) ) ;
#4059 = ADVANCED_FACE ( 'NONE', ( #2851 ), #3754, .F. ) ;
#4060 = CARTESIAN_POINT ( 'NONE',  ( -6.533603425410041687, -1.618948468528128348, -2.221731162449456232 ) ) ;
#4061 = CARTESIAN_POINT ( 'NONE',  ( -1.149999999999999467, -1.500000000000000000, 7.157362632277970427 ) ) ;
#4062 = EDGE_LOOP ( 'NONE', ( #3160, #508, #3257, #2278 ) ) ;
#4063 = AXIS2_PLACEMENT_3D ( 'NONE', #5673, #4725, #5167 ) ;
#4064 = ADVANCED_FACE ( 'NONE', ( #1986 ), #4685, .F. ) ;
#4065 = EDGE_CURVE ( 'NONE', #4662, #2822, #2972, .T. ) ;
#4066 = DIRECTION ( 'NONE',  ( -0.5000000000000001110, 0.000000000000000000, 0.8660254037844387076 ) ) ;
#4067 = DIRECTION ( 'NONE',  ( -1.084202172485504557E-16, 1.000000000000000000, -1.791282032010906019E-32 ) ) ;
#4068 = VECTOR ( 'NONE', #2927, 1000.000000000000114 ) ;
#4069 = CYLINDRICAL_SURFACE ( 'NONE', #1461, 0.5000000000000004441 ) ;
#4070 = VECTOR ( 'NONE', #5711, 1000.000000000000000 ) ;
#4071 = FACE_OUTER_BOUND ( 'NONE', #857, .T. ) ;
#4072 = ORIENTED_EDGE ( 'NONE', *, *, #4683, .F. ) ;
#4073 = ORIENTED_EDGE ( 'NONE', *, *, #521, .F. ) ;
#4074 = EDGE_CURVE ( 'NONE', #5651, #2479, #3815, .T. ) ;
#4075 = ORIENTED_EDGE ( 'NONE', *, *, #2992, .F. ) ;
#4076 = ORIENTED_EDGE ( 'NONE', *, *, #3477, .F. ) ;
#4077 = DIRECTION ( 'NONE',  ( 0.5000000000000003331, 0.000000000000000000, 0.8660254037844385966 ) ) ;
#4078 = DIRECTION ( 'NONE',  ( 0.000000000000000000, -1.000000000000000000, -0.000000000000000000 ) ) ;
#4079 = DIRECTION ( 'NONE',  ( -0.000000000000000000, -1.000000000000000000, -0.000000000000000000 ) ) ;
#4080 = ORIENTED_EDGE ( 'NONE', *, *, #4934, .F. ) ;
#4081 = DIRECTION ( 'NONE',  ( 0.000000000000000000, 1.000000000000000000, 0.000000000000000000 ) ) ;
#4082 = DIRECTION ( 'NONE',  ( 1.037179252358163835E-14, 0.1218693434051477398, 0.9925461516413219831 ) ) ;
#4083 = ORIENTED_EDGE ( 'NONE', *, *, #2338, .F. ) ;
#4084 = CARTESIAN_POINT ( 'NONE',  ( 3.995268587293442586, -1.648747737362057597, 6.423735107255517995 ) ) ;
#4085 = CARTESIAN_POINT ( 'NONE',  ( -0.3499999999999987010, 3.664950424068502636E-16, -9.592999999999999972 ) ) ;
#4086 = DIRECTION ( 'NONE',  ( -0.07018777298906243856, 0.9900983315263910400, 0.1215687888871666289 ) ) ;
#4087 = PLANE ( 'NONE',  #4488 ) ;
#4088 = VERTEX_POINT ( 'NONE', #125 ) ;
#4089 = CARTESIAN_POINT ( 'NONE',  ( -6.559838205513500498, -1.969962361589545630, -2.121177053797697276 ) ) ;
#4090 = CARTESIAN_POINT ( 'NONE',  ( 4.339096659993391114, -1.600000000000000089, -6.622244337583782503 ) ) ;
#4091 = ORIENTED_EDGE ( 'NONE', *, *, #5875, .T. ) ;
#4092 =( BOUNDED_CURVE ( )  B_SPLINE_CURVE ( 3, ( #1546, #3306, #2978, #2944 ),
 .UNSPECIFIED., .F., .T. ) 
 B_SPLINE_CURVE_WITH_KNOTS ( ( 4, 4 ),
 ( 2.622292039550163878, 3.660893267629422798 ),
 .UNSPECIFIED. ) 
 CURVE ( )  GEOMETRIC_REPRESENTATION_ITEM ( )  RATIONAL_B_SPLINE_CURVE ( ( 1.000000000000000000, 0.9121109855992488580, 0.9121109855992488580, 1.000000000000000000 ) ) 
 REPRESENTATION_ITEM ( '' )  );
#4093 = DIRECTION ( 'NONE',  ( -0.8595701817498666575, 0.1218693434051477537, 0.4962730758206608250 ) ) ;
#4094 = EDGE_CURVE ( 'NONE', #4780, #819, #96, .T. ) ;
#4095 = DIRECTION ( 'NONE',  ( -1.000000000000000000, 0.000000000000000000, 0.000000000000000000 ) ) ;
#4096 = DIRECTION ( 'NONE',  ( 0.000000000000000000, 0.000000000000000000, -1.000000000000000000 ) ) ;
#4097 = VERTEX_POINT ( 'NONE', #3788 ) ;
#4098 = ORIENTED_EDGE ( 'NONE', *, *, #2883, .F. ) ;
#4099 = ORIENTED_EDGE ( 'NONE', *, *, #1463, .F. ) ;
#4100 = ORIENTED_EDGE ( 'NONE', *, *, #611, .F. ) ;
#4101 = CARTESIAN_POINT ( 'NONE',  ( 9.845273485516070622, -2.299999999999999822, -5.280026108675450303 ) ) ;
#4102 = ADVANCED_FACE ( 'NONE', ( #2375 ), #5546, .T. ) ;
#4103 = CARTESIAN_POINT ( 'NONE',  ( -3.975648796311822775, 12.12186934340514810, 6.993846595347655182 ) ) ;
#4104 = ORIENTED_EDGE ( 'NONE', *, *, #887, .F. ) ;
#4105 = CARTESIAN_POINT ( 'NONE',  ( -8.449768996611906502, -1.500000000000000000, -3.550570785647901850 ) ) ;
#4106 = CARTESIAN_POINT ( 'NONE',  ( -1.349999999999998312, -1.500000000000000000, -8.592999999999999972 ) ) ;
#4107 = VECTOR ( 'NONE', #716, 1000.000000000000114 ) ;
#4108 = EDGE_LOOP ( 'NONE', ( #233, #3844, #3125, #2749 ) ) ;
#4109 = AXIS2_PLACEMENT_3D ( 'NONE', #1861, #1350, #4921 ) ;
#4110 = CARTESIAN_POINT ( 'NONE',  ( -3.748012704825115282, -1.658855474347328718, -6.673112719213307287 ) ) ;
#4111 = AXIS2_PLACEMENT_3D ( 'NONE', #3935, #331, #4616 ) ;
#4112 = DIRECTION ( 'NONE',  ( -0.000000000000000000, 1.000000000000000000, 0.000000000000000000 ) ) ;
#4113 = CARTESIAN_POINT ( 'NONE',  ( 8.812260783623850458, -2.299999999999999822, -6.069256593216774576 ) ) ;
#4114 =( BOUNDED_CURVE ( )  B_SPLINE_CURVE ( 3, ( #2189, #3994, #3483, #3540 ),
 .UNSPECIFIED., .F., .T. ) 
 B_SPLINE_CURVE_WITH_KNOTS ( ( 4, 4 ),
 ( 4.712388980384693227, 6.283185307179586232 ),
 .UNSPECIFIED. ) 
 CURVE ( )  GEOMETRIC_REPRESENTATION_ITEM ( )  RATIONAL_B_SPLINE_CURVE ( ( 1.000000000000000000, 0.8047378541243658256, 0.8047378541243658256, 1.000000000000000000 ) ) 
 REPRESENTATION_ITEM ( '' )  );
#4115 = DIRECTION ( 'NONE',  ( -1.000000000000000000, 0.000000000000000000, 0.000000000000000000 ) ) ;
#4116 = VERTEX_POINT ( 'NONE', #1449 ) ;
#4117 = AXIS2_PLACEMENT_3D ( 'NONE', #4136, #5000, #28 ) ;
#4118 = VECTOR ( 'NONE', #3458, 1000.000000000000000 ) ;
#4119 = CARTESIAN_POINT ( 'NONE',  ( -6.776455110252423530, -1.807273914355735700, -2.468819520321147376 ) ) ;
#4120 = DIRECTION ( 'NONE',  ( -0.5000000000000002220, 0.000000000000000000, 0.8660254037844384856 ) ) ;
#4121 = ORIENTED_EDGE ( 'NONE', *, *, #2409, .T. ) ;
#4122 = AXIS2_PLACEMENT_3D ( 'NONE', #5310, #3515, #3065 ) ;
#4123 = CYLINDRICAL_SURFACE ( 'NONE', #5667, 1.000000000000000000 ) ;
#4124 = CARTESIAN_POINT ( 'NONE',  ( -2.940444920982764554, -1.500000000000000000, 8.592999999999999972 ) ) ;
#4125 = ORIENTED_EDGE ( 'NONE', *, *, #3960, .T. ) ;
#4126 = ORIENTED_EDGE ( 'NONE', *, *, #4869, .T. ) ;
#4127 = VERTEX_POINT ( 'NONE', #5576 ) ;
#4128 = EDGE_CURVE ( 'NONE', #776, #2671, #3274, .T. ) ;
#4129 = EDGE_LOOP ( 'NONE', ( #1607, #578, #82, #2786 ) ) ;
#4130 = LINE ( 'NONE', #5053, #2722 ) ;
#4131 = CARTESIAN_POINT ( 'NONE',  ( 3.425386328080709802E-16, 0.000000000000000000, -11.16627000000000081 ) ) ;
#4132 = CARTESIAN_POINT ( 'NONE',  ( 7.613375432102778007, -2.019911312029149197, 0.2481365379103289415 ) ) ;
#4133 = ORIENTED_EDGE ( 'NONE', *, *, #3367, .T. ) ;
#4134 = DIRECTION ( 'NONE',  ( -1.652166060416978960E-16, 0.000000000000000000, 1.000000000000000000 ) ) ;
#4135 = ORIENTED_EDGE ( 'NONE', *, *, #1538, .F. ) ;
#4136 = CARTESIAN_POINT ( 'NONE',  ( 7.441756294719683140, -1.500000000000000000, -4.296500000000000874 ) ) ;
#4137 = ORIENTED_EDGE ( 'NONE', *, *, #2169, .T. ) ;
#4138 = ADVANCED_FACE ( 'NONE', ( #1481 ), #3369, .F. ) ;
#4139 = EDGE_CURVE ( 'NONE', #2397, #148, #4414, .T. ) ;
#4140 = DIRECTION ( 'NONE',  ( -0.8660254037844385966, 0.000000000000000000, 0.5000000000000000000 ) ) ;
#4141 = ORGANIZATION ( 'UNSPECIFIED', 'UNSPECIFIED', '' ) ;
#4142 = DIRECTION ( 'NONE',  ( -0.07018777298906246631, 0.9900983315263911511, 0.1215687888871666428 ) ) ;
#4143 = DIRECTION ( 'NONE',  ( 0.4999999999999998335, -0.000000000000000000, 0.8660254037844387076 ) ) ;
#4144 = DIRECTION ( 'NONE',  ( -0.4999999999999950040, 0.000000000000000000, 0.8660254037844414832 ) ) ;
#4145 = CIRCLE ( 'NONE', #1365, 0.4000000000000003553 ) ;
#4146 = ORIENTED_EDGE ( 'NONE', *, *, #1538, .T. ) ;
#4147 = EDGE_CURVE ( 'NONE', #1945, #2339, #5379, .T. ) ;
#4148 = VECTOR ( 'NONE', #1253, 1000.000000000000114 ) ;
#4149 = CARTESIAN_POINT ( 'NONE',  ( -6.709428242491855876, -1.585912221601162075, -2.541637232853356299 ) ) ;
#4150 = DIRECTION ( 'NONE',  ( 1.000000000000000000, 2.168404344971008474E-15, -0.000000000000000000 ) ) ;
#4151 = ORIENTED_EDGE ( 'NONE', *, *, #4803, .T. ) ;
#4152 = CARTESIAN_POINT ( 'NONE',  ( 7.882781698504124357, -1.500000000000000000, -5.532621593216773270 ) ) ;
#4153 = CARTESIAN_POINT ( 'NONE',  ( -6.866756294719682963, -1.175632637425476363E-15, -5.292429214352108779 ) ) ;
#4154 = ORIENTED_EDGE ( 'NONE', *, *, #5157, .T. ) ;
#4155 = VERTEX_POINT ( 'NONE', #549 ) ;
#4156 = ORIENTED_EDGE ( 'NONE', *, *, #1375, .F. ) ;
#4157 = ORIENTED_EDGE ( 'NONE', *, *, #5185, .T. ) ;
#4158 = CARTESIAN_POINT ( 'NONE',  ( 8.132781698504119916, -2.299999999999999822, 5.099608891324550974 ) ) ;
#4159 = AXIS2_PLACEMENT_3D ( 'NONE', #5300, #4945, #1742 ) ;
#4160 =( BOUNDED_CURVE ( )  B_SPLINE_CURVE ( 3, ( #4674, #3717, #573, #177 ),
 .UNSPECIFIED., .F., .T. ) 
 B_SPLINE_CURVE_WITH_KNOTS ( ( 4, 4 ),
 ( 4.712388980384690562, 6.283185307179586232 ),
 .UNSPECIFIED. ) 
 CURVE ( )  GEOMETRIC_REPRESENTATION_ITEM ( )  RATIONAL_B_SPLINE_CURVE ( ( 1.000000000000000000, 0.8047378541243652705, 0.8047378541243652705, 1.000000000000000000 ) ) 
 REPRESENTATION_ITEM ( '' )  );
#4161 = CARTESIAN_POINT ( 'NONE',  ( 1.149999999999999911, -1.500000000000000000, 9.092999999999999972 ) ) ;
#4162 = EDGE_CURVE ( 'NONE', #3532, #1008, #965, .T. ) ;
#4163 = CARTESIAN_POINT ( 'NONE',  ( 2.477598738333423991E-14, 11.00000000000000000, -4.000000000000000888 ) ) ;
#4164 = EDGE_LOOP ( 'NONE', ( #5593, #730, #5427, #323 ) ) ;
#4165 = CARTESIAN_POINT ( 'NONE',  ( 1.213106555574517742, -1.574912004089985551, 6.912860742990943663 ) ) ;
#4166 = EDGE_LOOP ( 'NONE', ( #4732, #4281, #2805, #1344 ) ) ;
#4167 = CARTESIAN_POINT ( 'NONE',  ( -8.266756294719680653, -2.000000000000000000, -2.867558083755676002 ) ) ;
#4168 = VERTEX_POINT ( 'NONE', #2073 ) ;
#4169 = CIRCLE ( 'NONE', #1202, 0.4999999999999995559 ) ;
#4170 = LINE ( 'NONE', #2365, #4359 ) ;
#4171 = FACE_OUTER_BOUND ( 'NONE', #5125, .T. ) ;
#4172 = EDGE_CURVE ( 'NONE', #846, #20, #3546, .T. ) ;
#4173 = EDGE_CURVE ( 'NONE', #4550, #3193, #1632, .T. ) ;
#4174 = LINE ( 'NONE', #5513, #276 ) ;
#4175 = ORIENTED_EDGE ( 'NONE', *, *, #4218, .T. ) ;
#4176 = CARTESIAN_POINT ( 'NONE',  ( -6.946838408202633097, -2.000000000000000000, -2.105503136666866393 ) ) ;
#4177 = EDGE_CURVE ( 'NONE', #1907, #3379, #5810, .T. ) ;
#4178 = DIRECTION ( 'NONE',  ( -0.8660254037844388186, 0.000000000000000000, -0.4999999999999997780 ) ) ;
#4179 = ORIENTED_EDGE ( 'NONE', *, *, #587, .T. ) ;
#4180 = CARTESIAN_POINT ( 'NONE',  ( -3.464852426661595874, 12.00000000000000000, 6.001300443706328203 ) ) ;
#4181 = CARTESIAN_POINT ( 'NONE',  ( -5.477450634993598300, -1.676112405285048013, 4.515880280081920439 ) ) ;
#4182 = ORIENTED_EDGE ( 'NONE', *, *, #2788, .T. ) ;
#4183 = ORIENTED_EDGE ( 'NONE', *, *, #4644, .T. ) ;
#4184 = AXIS2_PLACEMENT_3D ( 'NONE', #1073, #4847, #2565 ) ;
#4185 = EDGE_LOOP ( 'NONE', ( #5112, #4724, #4680, #4266 ) ) ;
#4186 = LINE ( 'NONE', #900, #3495 ) ;
#4187 = DIRECTION ( 'NONE',  ( -1.652166060416978960E-16, -0.000000000000000000, 1.000000000000000000 ) ) ;
#4188 = ORIENTED_EDGE ( 'NONE', *, *, #2844, .F. ) ;
#4189 = CARTESIAN_POINT ( 'NONE',  ( 1.342726085644248224, -1.618948468528133455, 6.769132125882864059 ) ) ;
#4190 = ORIENTED_EDGE ( 'NONE', *, *, #4203, .F. ) ;
#4191 = CARTESIAN_POINT ( 'NONE',  ( -2.940444920982764554, 0.000000000000000000, 9.092999999999999972 ) ) ;
#4192 = ORIENTED_EDGE ( 'NONE', *, *, #5333, .F. ) ;
#4193 = CYLINDRICAL_SURFACE ( 'NONE', #1004, 1.000000000000000444 ) ;
#4194 = EDGE_CURVE ( 'NONE', #3532, #1684, #274, .T. ) ;
#4195 = LINE ( 'NONE', #2399, #2767 ) ;
#4196 = AXIS2_PLACEMENT_3D ( 'NONE', #1179, #4267, #4836 ) ;
#4197 = DIRECTION ( 'NONE',  ( 0.4999999999999998890, 0.000000000000000000, 0.8660254037844385966 ) ) ;
#4198 = CIRCLE ( 'NONE', #2475, 0.5000000000000004441 ) ;
#4199 = SPHERICAL_SURFACE ( 'NONE', #5529, 1.000000000000000000 ) ;
#4200 = ORIENTED_EDGE ( 'NONE', *, *, #4839, .T. ) ;
#4201 = PLANE ( 'NONE',  #4661 ) ;
#4202 = EDGE_CURVE ( 'NONE', #5110, #1526, #5365, .T. ) ;
#4203 = EDGE_CURVE ( 'NONE', #3866, #3641, #2518, .T. ) ;
#4204 = CIRCLE ( 'NONE', #474, 0.5000000000000001110 ) ;
#4205 = VECTOR ( 'NONE', #1475, 1000.000000000000000 ) ;
#4206 = CARTESIAN_POINT ( 'NONE',  ( 0.000000000000000000, -1.500000000000000000, 8.592999999999999972 ) ) ;
#4207 = CARTESIAN_POINT ( 'NONE',  ( 5.197278639992470417, 12.00000000000000000, -3.000650221853152555 ) ) ;
#4208 = ORIENTED_EDGE ( 'NONE', *, *, #3000, .T. ) ;
#4209 = CIRCLE ( 'NONE', #674, 0.5000000000000004441 ) ;
#4210 = TOROIDAL_SURFACE ( 'NONE', #763, 1.000000000000000000, 0.5000000000000000000 ) ;
#4211 = EDGE_CURVE ( 'NONE', #324, #1119, #245, .T. ) ;
#4212 = EDGE_CURVE ( 'NONE', #2386, #5108, #5718, .T. ) ;
#4213 = DIRECTION ( 'NONE',  ( 0.8660254037844384856, 0.000000000000000000, 0.5000000000000004441 ) ) ;
#4214 = VERTEX_POINT ( 'NONE', #3487 ) ;
#4215 = ORIENTED_EDGE ( 'NONE', *, *, #175, .F. ) ;
#4216 =( BOUNDED_CURVE ( )  B_SPLINE_CURVE ( 3, ( #5727, #373, #5759, #3886 ),
 .UNSPECIFIED., .F., .T. ) 
 B_SPLINE_CURVE_WITH_KNOTS ( ( 4, 4 ),
 ( 5.763884693139954329, 6.802485921219219023 ),
 .UNSPECIFIED. ) 
 CURVE ( )  GEOMETRIC_REPRESENTATION_ITEM ( )  RATIONAL_B_SPLINE_CURVE ( ( 1.000000000000000000, 0.9121109855992478588, 0.9121109855992478588, 1.000000000000000000 ) ) 
 REPRESENTATION_ITEM ( '' )  );
#4217 = ORIENTED_EDGE ( 'NONE', *, *, #3806, .T. ) ;
#4218 = EDGE_CURVE ( 'NONE', #4687, #4820, #3356, .T. ) ;
#4219 = DIRECTION ( 'NONE',  ( 0.4999999999999997224, -0.000000000000000000, 0.8660254037844387076 ) ) ;
#4220 = CARTESIAN_POINT ( 'NONE',  ( -5.240360586412504240, -1.500000000000000000, -4.353429214352107834 ) ) ;
#4221 = ORIENTED_EDGE ( 'NONE', *, *, #2887, .F. ) ;
#4222 = CARTESIAN_POINT ( 'NONE',  ( 1.150000000000000133, -1.519474408874517346, 7.093800993253509546 ) ) ;
#4223 = EDGE_LOOP ( 'NONE', ( #4599, #898, #1516, #1409 ) ) ;
#4224 = DIRECTION ( 'NONE',  ( 1.000000000000000000, -0.000000000000000000, -0.000000000000000000 ) ) ;
#4225 = VERTEX_POINT ( 'NONE', #3547 ) ;
#4226 = VERTEX_POINT ( 'NONE', #3033 ) ;
#4227 = CARTESIAN_POINT ( 'NONE',  ( 5.183738280993580361, 0.000000000000000000, -7.985951924179352623 ) ) ;
#4228 = CARTESIAN_POINT ( 'NONE',  ( -3.464852426661595430, 12.00000000000000000, 6.001300443706328203 ) ) ;
#4229 = CARTESIAN_POINT ( 'NONE',  ( 7.919803184849699029, 12.14037554597812552, 9.674725487758206553E-15 ) ) ;
#4230 = CARTESIAN_POINT ( 'NONE',  ( 2.428612866367529932E-14, -2.000000000000000000, -8.673617379884035472E-16 ) ) ;
#4231 = CARTESIAN_POINT ( 'NONE',  ( 9.670273485516066359, 0.000000000000000000, 5.583135000000000403 ) ) ;
#4232 = ORIENTED_EDGE ( 'NONE', *, *, #838, .F. ) ;
#4233 =( GEOMETRIC_REPRESENTATION_CONTEXT ( 3 ) GLOBAL_UNCERTAINTY_ASSIGNED_CONTEXT ( ( #361 ) ) GLOBAL_UNIT_ASSIGNED_CONTEXT ( ( #1987, #4715, #3816 ) ) REPRESENTATION_CONTEXT ( 'NONE', 'WORKASPACE' ) );
#4234 = CARTESIAN_POINT ( 'NONE',  ( -5.971533834228297977, -1.500000000000000000, -6.843000000000000860 ) ) ;
#4235 = AXIS2_PLACEMENT_3D ( 'NONE', #292, #2989, #2511 ) ;
#4236 = CARTESIAN_POINT ( 'NONE',  ( -7.441756294719680476, -1.500000000000000000, 4.296499999999998209 ) ) ;
#4237 = DIRECTION ( 'NONE',  ( 0.000000000000000000, 0.000000000000000000, -1.000000000000000000 ) ) ;
#4238 = EDGE_CURVE ( 'NONE', #3165, #4931, #2098, .T. ) ;
#4239 = ORIENTED_EDGE ( 'NONE', *, *, #1068, .F. ) ;
#4240 = VECTOR ( 'NONE', #4546, 1000.000000000000000 ) ;
#4241 = DIRECTION ( 'NONE',  ( 0.000000000000000000, 0.000000000000000000, -1.000000000000000000 ) ) ;
#4242 = EDGE_CURVE ( 'NONE', #5679, #3503, #1543, .T. ) ;
#4243 = FACE_OUTER_BOUND ( 'NONE', #897, .T. ) ;
#4244 = ADVANCED_FACE ( 'NONE', ( #790 ), #3095, .T. ) ;
#4245 = VERTEX_POINT ( 'NONE', #1181 ) ;
#4246 = FACE_OUTER_BOUND ( 'NONE', #1791, .T. ) ;
#4247 = FACE_OUTER_BOUND ( 'NONE', #341, .T. ) ;
#4248 =( BOUNDED_CURVE ( )  B_SPLINE_CURVE ( 3, ( #5313, #4901, #3124, #4956 ),
 .UNSPECIFIED., .F., .T. ) 
 B_SPLINE_CURVE_WITH_KNOTS ( ( 4, 4 ),
 ( 2.622292039550163434, 3.660893267629423242 ),
 .UNSPECIFIED. ) 
 CURVE ( )  GEOMETRIC_REPRESENTATION_ITEM ( )  RATIONAL_B_SPLINE_CURVE ( ( 1.000000000000000000, 0.9121109855992486359, 0.9121109855992486359, 1.000000000000000000 ) ) 
 REPRESENTATION_ITEM ( '' )  );
#4249 = CARTESIAN_POINT ( 'NONE',  ( 8.299768996611902594, -2.299999999999999822, -3.810378406783228478 ) ) ;
#4250 = FACE_OUTER_BOUND ( 'NONE', #1794, .T. ) ;
#4251 = ORIENTED_EDGE ( 'NONE', *, *, #2077, .F. ) ;
#4252 = CARTESIAN_POINT ( 'NONE',  ( 7.767551535632775561, -1.698439434911139578, 5.451041145475682193 ) ) ;
#4253 = ADVANCED_FACE ( 'NONE', ( #3424 ), #1151, .F. ) ;
#4254 = ORIENTED_EDGE ( 'NONE', *, *, #4162, .T. ) ;
#4255 = FACE_OUTER_BOUND ( 'NONE', #3223, .T. ) ;
#4256 = VERTEX_POINT ( 'NONE', #2588 ) ;
#4257 = VECTOR ( 'NONE', #1940, 1000.000000000000000 ) ;
#4258 = ORIENTED_EDGE ( 'NONE', *, *, #3312, .T. ) ;
#4259 = VECTOR ( 'NONE', #1299, 1000.000000000000000 ) ;
#4260 = CARTESIAN_POINT ( 'NONE',  ( -7.049768996611898153, -2.000000000000000000, -5.975441916244325746 ) ) ;
#4261 = CIRCLE ( 'NONE', #2153, 1.000000000000000000 ) ;
#4262 = CARTESIAN_POINT ( 'NONE',  ( -7.628377577043923274, -1.656150218391249984, -1.022825787715778471E-16 ) ) ;
#4263 = CARTESIAN_POINT ( 'NONE',  ( -7.904580156411904035, -1.600000000000000089, 0.4466457682385950867 ) ) ;
#4264 = LINE ( 'NONE', #1176, #1722 ) ;
#4265 = CIRCLE ( 'NONE', #1686, 0.4000000000000003553 ) ;
#4266 = ORIENTED_EDGE ( 'NONE', *, *, #5366, .F. ) ;
#4267 = DIRECTION ( 'NONE',  ( 0.000000000000000000, 0.000000000000000000, -1.000000000000000000 ) ) ;
#4268 = CYLINDRICAL_SURFACE ( 'NONE', #2872, 0.4999999999999996669 ) ;
#4269 = LINE ( 'NONE', #188, #4424 ) ;
#4270 = ORIENTED_EDGE ( 'NONE', *, *, #4643, .F. ) ;
#4271 = CARTESIAN_POINT ( 'NONE',  ( -4.953010335502698425, -1.648747737362061594, -4.764877738827249409 ) ) ;
#4272 = CARTESIAN_POINT ( 'NONE',  ( -7.920822330615457929, -1.175632637425476363E-15, -3.245183285647898153 ) ) ;
#4273 = CARTESIAN_POINT ( 'NONE',  ( -4.990360586412506905, -2.000000000000017319, 4.786441916244333683 ) ) ;
#4274 = VERTEX_POINT ( 'NONE', #3969 ) ;
#4275 = LINE ( 'NONE', #5585, #159 ) ;
#4276 = CARTESIAN_POINT ( 'NONE',  ( 4.897214887076956735, 0.000000000000000000, -8.482225000000017445 ) ) ;
#4277 = ADVANCED_FACE ( 'NONE', ( #5783 ), #398, .F. ) ;
#4278 = EDGE_CURVE ( 'NONE', #2899, #4274, #4895, .T. ) ;
#4279 = FACE_OUTER_BOUND ( 'NONE', #3310, .T. ) ;
#4280 = CARTESIAN_POINT ( 'NONE',  ( -3.995268587293445250, -1.648747737362059373, 6.423735107255517995 ) ) ;
#4281 = ORIENTED_EDGE ( 'NONE', *, *, #1309, .T. ) ;
#4282 = CARTESIAN_POINT ( 'NONE',  ( 1.149999999999999911, -1.500000000000000000, 7.157362632277969539 ) ) ;
#4283 = AXIS2_PLACEMENT_3D ( 'NONE', #3916, #3944, #4932 ) ;
#4284 = VERTEX_POINT ( 'NONE', #909 ) ;
#4285 = CARTESIAN_POINT ( 'NONE',  ( -3.876907057608334650, -1.600000000000000089, -7.068890105822378089 ) ) ;
#4286 = VERTEX_POINT ( 'NONE', #1357 ) ;
#4287 = ORIENTED_EDGE ( 'NONE', *, *, #4358, .T. ) ;
#4288 = CARTESIAN_POINT ( 'NONE',  ( -6.773457863650184763, -1.499999999999999556, 2.582752101786879972 ) ) ;
#4289 = ADVANCED_FACE ( 'NONE', ( #5007 ), #2709, .T. ) ;
#4290 = CARTESIAN_POINT ( 'NONE',  ( 9.507906380237335142, 0.000000000000000000, 0.4962730758206607140 ) ) ;
#4291 = FACE_OUTER_BOUND ( 'NONE', #4924, .T. ) ;
#4292 = CARTESIAN_POINT ( 'NONE',  ( 8.299768996611902594, -2.299999999999999822, -3.810378406783228478 ) ) ;
#4293 = EDGE_LOOP ( 'NONE', ( #5085, #4741, #4888, #2258 ) ) ;
#4294 = CYLINDRICAL_SURFACE ( 'NONE', #1320, 0.5000000000000004441 ) ;
#4295 = EDGE_CURVE ( 'NONE', #4541, #3683, #1874, .T. ) ;
#4296 = FACE_OUTER_BOUND ( 'NONE', #213, .T. ) ;
#4297 = CARTESIAN_POINT ( 'NONE',  ( -2.940444920982763666, -1.500000000000000000, -5.092999999999999972 ) ) ;
#4298 = AXIS2_PLACEMENT_3D ( 'NONE', #1789, #441, #4096 ) ;
#4299 = VECTOR ( 'NONE', #936, 1000.000000000000000 ) ;
#4300 = FACE_OUTER_BOUND ( 'NONE', #1288, .T. ) ;
#4301 = CARTESIAN_POINT ( 'NONE',  ( -6.740942308156388840, -1.542437716800342695, 2.563979255492634390 ) ) ;
#4302 = CIRCLE ( 'NONE', #3539, 0.9999999999999994449 ) ;
#4303 = CARTESIAN_POINT ( 'NONE',  ( 7.604844706266842280, -1.653574242655767801, -0.1729511160726769914 ) ) ;
#4304 =( BOUNDED_CURVE ( )  B_SPLINE_CURVE ( 3, ( #1347, #532, #2357, #2778 ),
 .UNSPECIFIED., .F., .T. ) 
 B_SPLINE_CURVE_WITH_KNOTS ( ( 4, 4 ),
 ( 4.712388980384686121, 6.283185307179579127 ),
 .UNSPECIFIED. ) 
 CURVE ( )  GEOMETRIC_REPRESENTATION_ITEM ( )  RATIONAL_B_SPLINE_CURVE ( ( 1.000000000000000000, 0.8047378541243641603, 0.8047378541243641603, 1.000000000000000000 ) ) 
 REPRESENTATION_ITEM ( '' )  );
#4305 = VERTEX_POINT ( 'NONE', #2255 ) ;
#4306 = CIRCLE ( 'NONE', #4881, 0.3999999999999999112 ) ;
#4307 = CARTESIAN_POINT ( 'NONE',  ( 9.495273485516070977, 3.122849337825750912E-16, -5.886243891324555833 ) ) ;
#4308 = AXIS2_PLACEMENT_3D ( 'NONE', #2902, #5678, #1527 ) ;
#4309 = LINE ( 'NONE', #195, #3678 ) ;
#4310 = VECTOR ( 'NONE', #3709, 1000.000000000000000 ) ;
#4311 = PLANE ( 'NONE',  #3273 ) ;
#4312 = DIRECTION ( 'NONE',  ( 0.000000000000000000, 0.000000000000000000, -1.000000000000000000 ) ) ;
#4313 = EDGE_LOOP ( 'NONE', ( #1287, #3707, #950, #991 ) ) ;
#4314 = CARTESIAN_POINT ( 'NONE',  ( 3.464852426661637175, 12.00000000000000000, -6.001300443706304222 ) ) ;
#4315 = ORIENTED_EDGE ( 'NONE', *, *, #5721, .T. ) ;
#4316 = DIRECTION ( 'NONE',  ( -0.000000000000000000, 1.000000000000000000, 0.000000000000000000 ) ) ;
#4317 = EDGE_CURVE ( 'NONE', #3529, #414, #883, .T. ) ;
#4318 = ORIENTED_EDGE ( 'NONE', *, *, #1816, .T. ) ;
#4319 = ORIENTED_EDGE ( 'NONE', *, *, #358, .F. ) ;
#4320 = CARTESIAN_POINT ( 'NONE',  ( 5.001925607022361220, 0.000000000000000000, -8.300860712957462084 ) ) ;
#4321 = DIRECTION ( 'NONE',  ( 0.8660254037844383745, -0.000000000000000000, 0.5000000000000004441 ) ) ;
#4322 = DIRECTION ( 'NONE',  ( -2.168404344971009115E-16, -1.000000000000000000, -3.582564064021812038E-32 ) ) ;
#4323 = PLANE ( 'NONE',  #3150 ) ;
#4324 = EDGE_CURVE ( 'NONE', #3109, #596, #3635, .T. ) ;
#4325 = EDGE_CURVE ( 'NONE', #346, #5706, #4622, .T. ) ;
#4326 = ORIENTED_EDGE ( 'NONE', *, *, #1207, .F. ) ;
#4327 = CARTESIAN_POINT ( 'NONE',  ( -8.266756294719680653, -2.000000000000000000, 2.867558083755674669 ) ) ;
#4328 = CARTESIAN_POINT ( 'NONE',  ( -1.149999999999999467, -1.519474408874520455, 7.093800993253506881 ) ) ;
#4329 = FACE_OUTER_BOUND ( 'NONE', #4760, .T. ) ;
#4330 = VECTOR ( 'NONE', #1001, 1000.000000000000114 ) ;
#4331 = EDGE_CURVE ( 'NONE', #3193, #3580, #3634, .T. ) ;
#4332 = VECTOR ( 'NONE', #228, 1000.000000000000000 ) ;
#4333 = LINE ( 'NONE', #3427, #385 ) ;
#4334 = CARTESIAN_POINT ( 'NONE',  ( -6.570279851039639851, -1.648747734487899574, 1.963684767679162668 ) ) ;
#4335 = CARTESIAN_POINT ( 'NONE',  ( -3.721747197098145055, -2.000000000000000000, -7.068890105768840471 ) ) ;
#4336 = ORIENTED_EDGE ( 'NONE', *, *, #5876, .T. ) ;
#4337 = VECTOR ( 'NONE', #4429, 1000.000000000000000 ) ;
#4338 = CARTESIAN_POINT ( 'NONE',  ( 8.126018952722910527, -2.000000000000000000, 4.143076474064425696 ) ) ;
#4339 = AXIS2_PLACEMENT_3D ( 'NONE', #614, #588, #3852 ) ;
#4340 = CARTESIAN_POINT ( 'NONE',  ( -5.197278639992489957, 12.00000000000000000, -3.000650221853116140 ) ) ;
#4341 = CARTESIAN_POINT ( 'NONE',  ( 0.3500000000000013101, -2.299999999999999822, -10.66627000000000081 ) ) ;
#4342 = ORIENTED_EDGE ( 'NONE', *, *, #1969, .T. ) ;
#4343 = DIRECTION ( 'NONE',  ( 0.4999999999999998890, -0.000000000000000000, -0.8660254037844387076 ) ) ;
#4344 = VERTEX_POINT ( 'NONE', #4113 ) ;
#4345 = CYLINDRICAL_SURFACE ( 'NONE', #1149, 0.5000000000000004441 ) ;
#4346 = ORIENTED_EDGE ( 'NONE', *, *, #4162, .F. ) ;
#4347 = VERTEX_POINT ( 'NONE', #4504 ) ;
#4348 = FACE_OUTER_BOUND ( 'NONE', #1113, .T. ) ;
#4349 = CARTESIAN_POINT ( 'NONE',  ( -8.699768996611901173, -1.500000000000000000, 3.117558083755675113 ) ) ;
#4350 = LINE ( 'NONE', #2460, #5256 ) ;
#4351 = CARTESIAN_POINT ( 'NONE',  ( -7.628377577043921498, -1.656150218391249984, 0.08655008453127688295 ) ) ;
#4352 = CARTESIAN_POINT ( 'NONE',  ( 8.049768996611902594, -2.299999999999999822, -4.243391108675448109 ) ) ;
#4353 = CIRCLE ( 'NONE', #914, 0.4000000000000001887 ) ;
#4354 = VERTEX_POINT ( 'NONE', #5034 ) ;
#4355 = CARTESIAN_POINT ( 'NONE',  ( 3.209454241836517063, 13.00000000000000000, -6.443663075984279232 ) ) ;
#4356 = AXIS2_PLACEMENT_3D ( 'NONE', #4581, #479, #986 ) ;
#4357 = ADVANCED_FACE ( 'NONE', ( #3662 ), #9, .F. ) ;
#4358 = EDGE_CURVE ( 'NONE', #4460, #4344, #2674, .T. ) ;
#4359 = VECTOR ( 'NONE', #4672, 1000.000000000000000 ) ;
#4360 = CARTESIAN_POINT ( 'NONE',  ( 3.565483496418511145, -1.648747737362059151, -6.671871645165848186 ) ) ;
#4361 = EDGE_CURVE ( 'NONE', #3192, #871, #490, .T. ) ;
#4362 = DIRECTION ( 'NONE',  ( -0.000000000000000000, -1.000000000000000000, 0.000000000000000000 ) ) ;
#4363 = CARTESIAN_POINT ( 'NONE',  ( -6.548516351021662629, -1.644876120491557625, 2.026653045245879525 ) ) ;
#4364 = CARTESIAN_POINT ( 'NONE',  ( -4.339096659993388450, -2.000000000000000000, -6.622244337583783391 ) ) ;
#4365 = ORIENTED_EDGE ( 'NONE', *, *, #5516, .T. ) ;
#4366 = CARTESIAN_POINT ( 'NONE',  ( -0.3499999999999982569, -2.299999999999999822, -10.66627000000000081 ) ) ;
#4367 = DIRECTION ( 'NONE',  ( -0.000000000000000000, -0.000000000000000000, 1.000000000000000000 ) ) ;
#4368 = CARTESIAN_POINT ( 'NONE',  ( -9.794429774153952550, 0.000000000000000000, 6.839413756213617768E-14 ) ) ;
#4369 = ORIENTED_EDGE ( 'NONE', *, *, #2048, .T. ) ;
#4370 = CARTESIAN_POINT ( 'NONE',  ( 0.000000000000000000, -2.299999999999999822, 0.000000000000000000 ) ) ;
#4371 = ORIENTED_EDGE ( 'NONE', *, *, #2678, .F. ) ;
#4372 = ORIENTED_EDGE ( 'NONE', *, *, #3286, .F. ) ;
#4373 = ORIENTED_EDGE ( 'NONE', *, *, #1968, .F. ) ;
#4374 = CARTESIAN_POINT ( 'NONE',  ( 8.116756294719682074, -2.000000000000000000, 3.127365704891006626 ) ) ;
#4375 =( BOUNDED_CURVE ( )  B_SPLINE_CURVE ( 3, ( #1851, #48, #132, #2353 ),
 .UNSPECIFIED., .F., .T. ) 
 B_SPLINE_CURVE_WITH_KNOTS ( ( 4, 4 ),
 ( 4.933119884809044386E-15, 1.570796326794900333 ),
 .UNSPECIFIED. ) 
 CURVE ( )  GEOMETRIC_REPRESENTATION_ITEM ( )  RATIONAL_B_SPLINE_CURVE ( ( 1.000000000000000000, 0.8047378541243652705, 0.8047378541243652705, 1.000000000000000000 ) ) 
 REPRESENTATION_ITEM ( '' )  );
#4376 = AXIS2_PLACEMENT_3D ( 'NONE', #2623, #342, #4455 ) ;
#4377 = CARTESIAN_POINT ( 'NONE',  ( -8.266756294719685982, 0.000000000000000000, 2.867558083755676890 ) ) ;
#4378 = DIRECTION ( 'NONE',  ( 1.110287843284545675E-16, 0.1218693434051477398, -0.9925461516413219831 ) ) ;
#4379 = CARTESIAN_POINT ( 'NONE',  ( 7.199768996611900285, -1.500000000000000000, 5.715634295108991125 ) ) ;
#4380 = CARTESIAN_POINT ( 'NONE',  ( 3.464852426661733542, 12.00000000000000000, 6.001300443706255372 ) ) ;
#4381 = AXIS2_PLACEMENT_3D ( 'NONE', #1366, #407, #1784 ) ;
#4382 = ORIENTED_EDGE ( 'NONE', *, *, #1903, .F. ) ;
#4383 = EDGE_CURVE ( 'NONE', #3956, #2386, #951, .T. ) ;
#4384 = CARTESIAN_POINT ( 'NONE',  ( -3.565483496418513365, -2.000000000000000000, 7.068890105822376313 ) ) ;
#4385 = CARTESIAN_POINT ( 'NONE',  ( 9.245273485516065648, -2.299999999999999822, 6.319256593216771911 ) ) ;
#4386 = APPLICATION_PROTOCOL_DEFINITION ( 'international standard', 'config_control_design', 1994, #2347 ) ;
#4387 = EDGE_CURVE ( 'NONE', #1550, #4588, #4490, .T. ) ;
#4388 = ADVANCED_FACE ( 'NONE', ( #3329 ), #1567, .F. ) ;
#4389 = CARTESIAN_POINT ( 'NONE',  ( 0.7506067794336235277, -1.882487562747965582, -9.289117382123066591 ) ) ;
#4390 = FACE_OUTER_BOUND ( 'NONE', #1824, .T. ) ;
#4391 = EDGE_LOOP ( 'NONE', ( #3047, #5855, #5903 ) ) ;
#4392 = AXIS2_PLACEMENT_3D ( 'NONE', #805, #1611, #2120 ) ;
#4393 = ADVANCED_FACE ( 'NONE', ( #5212 ), #4677, .T. ) ;
#4394 = EDGE_CURVE ( 'NONE', #3976, #631, #1445, .T. ) ;
#4395 = AXIS2_PLACEMENT_3D ( 'NONE', #877, #1833, #1324 ) ;
#4396 = FACE_OUTER_BOUND ( 'NONE', #1438, .T. ) ;
#4397 = CARTESIAN_POINT ( 'NONE',  ( 2.428612866367529932E-14, -2.000000000000000000, 3.999999999999999112 ) ) ;
#4398 = VECTOR ( 'NONE', #5240, 1000.000000000000000 ) ;
#4399 = DIRECTION ( 'NONE',  ( 1.000000000000000000, 0.000000000000000000, 1.652166060416978960E-16 ) ) ;
#4400 = CIRCLE ( 'NONE', #2293, 0.5000000000000004441 ) ;
#4401 = FACE_OUTER_BOUND ( 'NONE', #4453, .T. ) ;
#4402 = VERTEX_POINT ( 'NONE', #2846 ) ;
#4403 = DIRECTION ( 'NONE',  ( -0.8660254037844387076, 0.000000000000000000, 0.4999999999999999445 ) ) ;
#4404 = ORIENTED_EDGE ( 'NONE', *, *, #5102, .T. ) ;
#4405 = DIRECTION ( 'NONE',  ( 0.000000000000000000, 0.000000000000000000, -1.000000000000000000 ) ) ;
#4406 = ADVANCED_FACE ( 'NONE', ( #3392 ), #542, .T. ) ;
#4407 = AXIS2_PLACEMENT_3D ( 'NONE', #422, #3627, #5448 ) ;
#4408 = VERTEX_POINT ( 'NONE', #5091 ) ;
#4409 = EDGE_LOOP ( 'NONE', ( #5777, #2484, #1556, #2575 ) ) ;
#4410 = VECTOR ( 'NONE', #3115, 1000.000000000000000 ) ;
#4411 = CARTESIAN_POINT ( 'NONE',  ( 0.000000000000000000, -2.000000000000000000, 0.000000000000000000 ) ) ;
#4412 = DIRECTION ( 'NONE',  ( 0.000000000000000000, 0.000000000000000000, -1.000000000000000000 ) ) ;
#4413 = PLANE ( 'NONE',  #3053 ) ;
#4414 = CIRCLE ( 'NONE', #3, 0.5000000000000001110 ) ;
#4415 = DIRECTION ( 'NONE',  ( -1.000000000000000000, 0.000000000000000000, -1.652166060416978960E-16 ) ) ;
#4416 = ORIENTED_EDGE ( 'NONE', *, *, #3071, .F. ) ;
#4417 = CARTESIAN_POINT ( 'NONE',  ( 0.3500000000000018097, 0.000000000000000000, -10.66627000000000081 ) ) ;
#4418 = DIRECTION ( 'NONE',  ( 0.000000000000000000, 1.000000000000000000, 0.000000000000000000 ) ) ;
#4419 = DIRECTION ( 'NONE',  ( 0.000000000000000000, 0.000000000000000000, 1.000000000000000000 ) ) ;
#4420 = ADVANCED_FACE ( 'NONE', ( #995 ), #2385, .T. ) ;
#4421 = CARTESIAN_POINT ( 'NONE',  ( 4.324422608411603086, 12.12186934340514810, 6.497573519526910424 ) ) ;
#4422 = DIRECTION ( 'NONE',  ( -1.000000000000000000, 0.000000000000000000, 0.000000000000000000 ) ) ;
#4423 = EDGE_LOOP ( 'NONE', ( #3325, #2286, #2291, #4883 ) ) ;
#4424 = VECTOR ( 'NONE', #2853, 1000.000000000000000 ) ;
#4425 = FACE_OUTER_BOUND ( 'NONE', #1267, .T. ) ;
#4426 = CARTESIAN_POINT ( 'NONE',  ( 3.975648796311967104, 13.00000000000000000, 6.001300443706250043 ) ) ;
#4427 = EDGE_CURVE ( 'NONE', #3641, #5514, #1088, .T. ) ;
#4428 = EDGE_CURVE ( 'NONE', #242, #2988, #5658, .T. ) ;
#4429 = DIRECTION ( 'NONE',  ( -2.091772267935200711E-16, 0.000000000000000000, 1.000000000000000000 ) ) ;
#4430 = DIRECTION ( 'NONE',  ( 0.000000000000000000, 0.000000000000000000, -1.000000000000000000 ) ) ;
#4431 = ORIENTED_EDGE ( 'NONE', *, *, #4172, .F. ) ;
#4432 = PLANE ( 'NONE',  #3855 ) ;
#4433 = EDGE_LOOP ( 'NONE', ( #1401, #5519, #889, #2377, #2191, #778 ) ) ;
#4434 = LINE ( 'NONE', #5737, #3347 ) ;
#4435 = ORIENTED_EDGE ( 'NONE', *, *, #4465, .F. ) ;
#4436 = EDGE_LOOP ( 'NONE', ( #1872, #1561, #1227, #5470 ) ) ;
#4437 = CARTESIAN_POINT ( 'NONE',  ( 7.882781698504119028, -1.120523531463846059E-15, 5.532621593216770606 ) ) ;
#4438 = CIRCLE ( 'NONE', #513, 0.5000000000000004441 ) ;
#4439 = EDGE_CURVE ( 'NONE', #1558, #2981, #1810, .T. ) ;
#4440 = CARTESIAN_POINT ( 'NONE',  ( 9.062260783623846905, 0.000000000000000000, 5.636243891324553168 ) ) ;
#4441 = CYLINDRICAL_SURFACE ( 'NONE', #5395, 1.000000000000000222 ) ;
#4442 = CARTESIAN_POINT ( 'NONE',  ( -7.677128392282015490, -2.000000000000000000, 0.09507324786066359557 ) ) ;
#4443 = DIRECTION ( 'NONE',  ( 0.000000000000000000, 0.000000000000000000, 1.000000000000000000 ) ) ;
#4444 = ORIENTED_EDGE ( 'NONE', *, *, #477, .T. ) ;
#4445 = CARTESIAN_POINT ( 'NONE',  ( -5.894934729799458317, 10.57018777298906009, 1.093934457677575420E-16 ) ) ;
#4446 =( BOUNDED_CURVE ( )  B_SPLINE_CURVE ( 3, ( #13, #3725, #4628, #551 ),
 .UNSPECIFIED., .F., .T. ) 
 B_SPLINE_CURVE_WITH_KNOTS ( ( 4, 4 ),
 ( 2.622292039550163434, 3.660893267629423242 ),
 .UNSPECIFIED. ) 
 CURVE ( )  GEOMETRIC_REPRESENTATION_ITEM ( )  RATIONAL_B_SPLINE_CURVE ( ( 1.000000000000000000, 0.9121109855992486359, 0.9121109855992486359, 1.000000000000000000 ) ) 
 REPRESENTATION_ITEM ( '' )  );
#4447 = DIRECTION ( 'NONE',  ( 0.000000000000000000, 0.9925461516413219831, -0.1218693434051477398 ) ) ;
#4448 = COORDINATED_UNIVERSAL_TIME_OFFSET ( 1, 0, .AHEAD. ) ;
#4449 = CIRCLE ( 'NONE', #1867, 0.5000000000000002220 ) ;
#4450 = CIRCLE ( 'NONE', #1389, 0.5000000000000004441 ) ;
#4451 = CARTESIAN_POINT ( 'NONE',  ( 0.8500000000000017542, 1.847705760850377188E-32, -10.66627000000000081 ) ) ;
#4452 = CARTESIAN_POINT ( 'NONE',  ( 6.404546536120517608, -2.000000000000000000, 7.092999999999999972 ) ) ;
#4453 = EDGE_LOOP ( 'NONE', ( #3589, #4183, #4075 ) ) ;
#4454 = AXIS2_PLACEMENT_3D ( 'NONE', #602, #2005, #205 ) ;
#4455 = DIRECTION ( 'NONE',  ( -0.8660254037844390407, 0.000000000000000000, -0.4999999999999993339 ) ) ;
#4456 = PLANE ( 'NONE',  #426 ) ;
#4457 = CARTESIAN_POINT ( 'NONE',  ( 1.357106781186547595, -1.648747737362059373, 6.671871645165847298 ) ) ;
#4458 = ORIENTED_EDGE ( 'NONE', *, *, #2953, .T. ) ;
#4459 = CYLINDRICAL_SURFACE ( 'NONE', #2413, 0.5000000000000000000 ) ;
#4460 = VERTEX_POINT ( 'NONE', #152 ) ;
#4461 = DIRECTION ( 'NONE',  ( 0.000000000000000000, 1.000000000000000000, 0.000000000000000000 ) ) ;
#4462 = EDGE_LOOP ( 'NONE', ( #3741, #1918, #4319, #2803 ) ) ;
#4463 = EDGE_CURVE ( 'NONE', #2564, #1228, #5570, .T. ) ;
#4464 = VERTEX_POINT ( 'NONE', #3300 ) ;
#4465 = EDGE_CURVE ( 'NONE', #2776, #1587, #5180, .T. ) ;
#4466 = CARTESIAN_POINT ( 'NONE',  ( -5.324064731361757730, -1.826772395666707460, -4.514967058640126041 ) ) ;
#4467 = CARTESIAN_POINT ( 'NONE',  ( 8.653982226176299974, -0.1616919674634454129, 3.794707603699265519E-15 ) ) ;
#4468 = ORIENTED_EDGE ( 'NONE', *, *, #3843, .T. ) ;
#4469 = CARTESIAN_POINT ( 'NONE',  ( -1.149999999999999911, 2.474566044757846738E-16, 6.678092995158791290 ) ) ;
#4470 = CARTESIAN_POINT ( 'NONE',  ( -1.149999999999999911, 0.000000000000000000, 5.519730000000001802 ) ) ;
#4471 = ORIENTED_EDGE ( 'NONE', *, *, #2447, .F. ) ;
#4472 = EDGE_CURVE ( 'NONE', #1550, #679, #5118, .T. ) ;
#4473 = CARTESIAN_POINT ( 'NONE',  ( 6.766756294719683318, -2.000000000000000000, -5.465634295108992902 ) ) ;
#4474 = ADVANCED_FACE ( 'NONE', ( #2401 ), #606, .F. ) ;
#4475 = CARTESIAN_POINT ( 'NONE',  ( -8.911978755211062975, -2.000000000000000000, -1.750000000000001776 ) ) ;
#4476 = CYLINDRICAL_SURFACE ( 'NONE', #693, 0.5000000000000004441 ) ;
#4477 = EDGE_LOOP ( 'NONE', ( #1530, #1013, #1813, #1853 ) ) ;
#4478 = CARTESIAN_POINT ( 'NONE',  ( -4.990360586412506017, -1.999999999999999112, 4.786441916244322137 ) ) ;
#4479 = DIRECTION ( 'NONE',  ( -9.389466242107248876E-17, 1.000000000000000000, 1.626303258728257637E-16 ) ) ;
#4480 = LINE ( 'NONE', #3498, #4337 ) ;
#4481 = CIRCLE ( 'NONE', #5060, 0.5000000000000004441 ) ;
#4482 = DIRECTION ( 'NONE',  ( 0.000000000000000000, 1.000000000000000000, 0.000000000000000000 ) ) ;
#4483 = EDGE_LOOP ( 'NONE', ( #2240, #835, #5531, #1860 ) ) ;
#4484 = VERTEX_POINT ( 'NONE', #518 ) ;
#4485 = DIRECTION ( 'NONE',  ( 0.000000000000000000, -1.000000000000000000, -0.000000000000000000 ) ) ;
#4486 = ORIENTED_EDGE ( 'NONE', *, *, #327, .F. ) ;
#4487 = ORIENTED_EDGE ( 'NONE', *, *, #4331, .T. ) ;
#4488 = AXIS2_PLACEMENT_3D ( 'NONE', #1388, #3269, #1476 ) ;
#4489 = DIRECTION ( 'NONE',  ( 1.000000000000000000, 0.000000000000000000, 0.000000000000000000 ) ) ;
#4490 = CIRCLE ( 'NONE', #3339, 0.4000000000000000222 ) ;
#4491 = FACE_OUTER_BOUND ( 'NONE', #4436, .T. ) ;
#4492 = EDGE_CURVE ( 'NONE', #1502, #948, #5626, .T. ) ;
#4493 = DIRECTION ( 'NONE',  ( 0.5000000000000009992, 6.816829015153929688E-18, 0.8660254037844380415 ) ) ;
#4494 = CARTESIAN_POINT ( 'NONE',  ( 0.8500000000000017542, 0.000000000000000000, -10.66627000000000081 ) ) ;
#4495 = AXIS2_PLACEMENT_3D ( 'NONE', #1226, #2180, #5766 ) ;
#4496 = DIRECTION ( 'NONE',  ( 0.000000000000000000, 0.1218693434051482810, 0.9925461516413219831 ) ) ;
#4497 = CIRCLE ( 'NONE', #1242, 0.5000000000000000000 ) ;
#4498 = VERTEX_POINT ( 'NONE', #2342 ) ;
#4499 = LINE ( 'NONE', #1804, #5399 ) ;
#4500 = AXIS2_PLACEMENT_3D ( 'NONE', #1506, #2067, #1536 ) ;
#4501 = CIRCLE ( 'NONE', #5163, 0.5000000000000004441 ) ;
#4502 = LINE ( 'NONE', #397, #1848 ) ;
#4503 = EDGE_CURVE ( 'NONE', #717, #2981, #3920, .T. ) ;
#4504 = CARTESIAN_POINT ( 'NONE',  ( 1.149999999999999911, -1.500000000000000000, 7.157362632277970427 ) ) ;
#4505 = ADVANCED_FACE ( 'NONE', ( #2009 ), #1448, .T. ) ;
#4506 = CALENDAR_DATE ( 2022, 7, 10 ) ;
#4507 = CARTESIAN_POINT ( 'NONE',  ( -9.794429774153952550, 0.000000000000000000, 6.839413756213617768E-14 ) ) ;
#4508 = CARTESIAN_POINT ( 'NONE',  ( -1.649999999999999245, -1.648747737362059151, 6.671871645165847298 ) ) ;
#4509 = EDGE_CURVE ( 'NONE', #51, #3956, #86, .T. ) ;
#4510 = CARTESIAN_POINT ( 'NONE',  ( -5.399885564036260632, 10.49999999999999822, 1.721741063764102914E-15 ) ) ;
#4511 = ORIENTED_EDGE ( 'NONE', *, *, #3996, .F. ) ;
#4512 = DIRECTION ( 'NONE',  ( -0.5000000000000011102, 0.000000000000000000, -0.8660254037844380415 ) ) ;
#4513 = LINE ( 'NONE', #2236, #3102 ) ;
#4514 = CARTESIAN_POINT ( 'NONE',  ( 4.324168099243833829, 0.000000000000000000, 8.482224999999953496 ) ) ;
#4515 = DIRECTION ( 'NONE',  ( -0.4999999999999986122, 0.000000000000000000, -0.8660254037844394848 ) ) ;
#4516 = ORIENTED_EDGE ( 'NONE', *, *, #4503, .F. ) ;
#4517 = ORIENTED_EDGE ( 'NONE', *, *, #5415, .F. ) ;
#4518 = DIRECTION ( 'NONE',  ( 0.8660254037844385966, 0.000000000000000000, 0.5000000000000001110 ) ) ;
#4519 = VECTOR ( 'NONE', #3215, 1000.000000000000000 ) ;
#4520 = ORIENTED_EDGE ( 'NONE', *, *, #5332, .T. ) ;
#4521 = ORIENTED_EDGE ( 'NONE', *, *, #4439, .T. ) ;
#4522 = CARTESIAN_POINT ( 'NONE',  ( 7.699768996611903837, -2.299999999999999822, -4.849608891324553639 ) ) ;
#4523 = CC_DESIGN_DATE_AND_TIME_ASSIGNMENT ( #3575, #4000, ( #2982 ) ) ;
#4524 = CIRCLE ( 'NONE', #2706, 4.000000000000000000 ) ;
#4525 = LINE ( 'NONE', #4103, #1631 ) ;
#4526 = LINE ( 'NONE', #1406, #1683 ) ;
#4527 = VERTEX_POINT ( 'NONE', #4800 ) ;
#4528 = SPHERICAL_SURFACE ( 'NONE', #4019, 1.000000000000000000 ) ;
#4529 = DIRECTION ( 'NONE',  ( 0.8660254037844408170, 0.000000000000000000, 0.4999999999999962808 ) ) ;
#4530 = ORIENTED_EDGE ( 'NONE', *, *, #2154, .F. ) ;
#4531 = AXIS2_PLACEMENT_3D ( 'NONE', #2237, #5346, #3948 ) ;
#4532 = DIRECTION ( 'NONE',  ( 0.000000000000000000, 0.000000000000000000, -1.000000000000000000 ) ) ;
#4533 = DIRECTION ( 'NONE',  ( 0.000000000000000000, 0.000000000000000000, 1.000000000000000000 ) ) ;
#4534 = CARTESIAN_POINT ( 'NONE',  ( 4.260964809607314052, -2.000000000000000000, 6.757572672035025541 ) ) ;
#4535 = CARTESIAN_POINT ( 'NONE',  ( -3.659657535944683904, -2.000000000000000444, -6.719311967871392177 ) ) ;
#4536 = ORIENTED_EDGE ( 'NONE', *, *, #4492, .F. ) ;
#4537 = ADVANCED_FACE ( 'NONE', ( #5328 ), #2552, .F. ) ;
#4538 = ADVANCED_FACE ( 'NONE', ( #3538 ), #4413, .F. ) ;
#4539 = CARTESIAN_POINT ( 'NONE',  ( -1.649999999999999689, -2.000000000000000000, 6.714999999999998970 ) ) ;
#4540 = CARTESIAN_POINT ( 'NONE',  ( -6.585477808824329315, 2.618887597820334978, 1.896871497341263257 ) ) ;
#4541 = VERTEX_POINT ( 'NONE', #786 ) ;
#4542 = VECTOR ( 'NONE', #4219, 1000.000000000000114 ) ;
#4543 = AXIS2_PLACEMENT_3D ( 'NONE', #516, #454, #5032 ) ;
#4544 = DIRECTION ( 'NONE',  ( 0.000000000000000000, 1.000000000000000000, 0.000000000000000000 ) ) ;
#4545 = EDGE_CURVE ( 'NONE', #2981, #3165, #3964, .T. ) ;
#4546 = DIRECTION ( 'NONE',  ( -0.8660254037844387076, -2.465190328815661892E-32, 0.4999999999999998335 ) ) ;
#4547 = VECTOR ( 'NONE', #5557, 1000.000000000000114 ) ;
#4548 = VERTEX_POINT ( 'NONE', #3933 ) ;
#4549 = ORIENTED_EDGE ( 'NONE', *, *, #1353, .F. ) ;
#4550 = VERTEX_POINT ( 'NONE', #4379 ) ;
#4551 = ORIENTED_EDGE ( 'NONE', *, *, #3332, .F. ) ;
#4552 = DIRECTION ( 'NONE',  ( -0.1403755459781250159, -0.9900983315263910400, 9.694472354928910519E-16 ) ) ;
#4553 = CARTESIAN_POINT ( 'NONE',  ( -1.349999999999998312, -1.500000000000000000, -9.592999999999999972 ) ) ;
#4554 = DIRECTION ( 'NONE',  ( -0.4999999999999997780, 0.000000000000000000, -0.8660254037844387076 ) ) ;
#4555 = CARTESIAN_POINT ( 'NONE',  ( 7.651018952722913546, -2.000000000000000000, -4.965800607659645927 ) ) ;
#4556 = DIRECTION ( 'NONE',  ( 0.000000000000000000, -1.000000000000000000, -0.000000000000000000 ) ) ;
#4557 = ORIENTED_EDGE ( 'NONE', *, *, #3996, .T. ) ;
#4558 = PLANE ( 'NONE',  #4543 ) ;
#4559 = CYLINDRICAL_SURFACE ( 'NONE', #2986, 4.000000000000000000 ) ;
#4560 = CARTESIAN_POINT ( 'NONE',  ( 10.49969199548253584, 0.000000000000000000, -5.202235235932762518E-15 ) ) ;
#4561 = LINE ( 'NONE', #544, #5247 ) ;
#4562 = ADVANCED_FACE ( 'NONE', ( #5361 ), #664, .T. ) ;
#4563 = ORIENTED_EDGE ( 'NONE', *, *, #1025, .T. ) ;
#4564 = LINE ( 'NONE', #1418, #582 ) ;
#4565 = FACE_OUTER_BOUND ( 'NONE', #5877, .T. ) ;
#4566 = ADVANCED_FACE ( 'NONE', ( #268 ), #1206, .T. ) ;
#4567 = ORIENTED_EDGE ( 'NONE', *, *, #359, .T. ) ;
#4568 = CC_DESIGN_APPROVAL ( #791, ( #2982 ) ) ;
#4569 = VECTOR ( 'NONE', #4712, 1000.000000000000227 ) ;
#4570 = CYLINDRICAL_SURFACE ( 'NONE', #3667, 0.4999999999999996669 ) ;
#4571 = ADVANCED_FACE ( 'NONE', ( #1596 ), #754, .F. ) ;
#4572 = LINE ( 'NONE', #5853, #3817 ) ;
#4573 = ORIENTED_EDGE ( 'NONE', *, *, #3031, .T. ) ;
#4574 = EDGE_CURVE ( 'NONE', #717, #1558, #2103, .T. ) ;
#4575 = ORIENTED_EDGE ( 'NONE', *, *, #4723, .T. ) ;
#4576 = EDGE_LOOP ( 'NONE', ( #557, #133, #981, #536, #2104 ) ) ;
#4577 = VERTEX_POINT ( 'NONE', #1689 ) ;
#4578 = CYLINDRICAL_SURFACE ( 'NONE', #5590, 1.000000000000000222 ) ;
#4579 =( BOUNDED_CURVE ( )  B_SPLINE_CURVE ( 3, ( #2176, #3105, #4009, #4514 ),
 .UNSPECIFIED., .F., .T. ) 
 B_SPLINE_CURVE_WITH_KNOTS ( ( 4, 4 ),
 ( 5.763884693139957882, 6.802485921219214582 ),
 .UNSPECIFIED. ) 
 CURVE ( )  GEOMETRIC_REPRESENTATION_ITEM ( )  RATIONAL_B_SPLINE_CURVE ( ( 1.000000000000000000, 0.9121109855992491910, 0.9121109855992491910, 1.000000000000000000 ) ) 
 REPRESENTATION_ITEM ( '' )  );
#4580 = CARTESIAN_POINT ( 'NONE',  ( -1.349999999999998312, -2.000000000000000000, -8.592999999999999972 ) ) ;
#4581 = CARTESIAN_POINT ( 'NONE',  ( 8.982781698504124890, -2.000000000000000000, -3.627365704891007958 ) ) ;
#4582 = ORIENTED_EDGE ( 'NONE', *, *, #72, .F. ) ;
#4583 = DIRECTION ( 'NONE',  ( 0.000000000000000000, 0.000000000000000000, 1.000000000000000000 ) ) ;
#4584 = EDGE_CURVE ( 'NONE', #1278, #4116, #3511, .T. ) ;
#4585 = ORIENTED_EDGE ( 'NONE', *, *, #5332, .F. ) ;
#4586 = DIRECTION ( 'NONE',  ( -4.046297593392455931E-16, 1.000000000000000000, -7.008393014299411373E-16 ) ) ;
#4587 = VECTOR ( 'NONE', #1282, 1000.000000000000114 ) ;
#4588 = VERTEX_POINT ( 'NONE', #1713 ) ;
#4589 = VECTOR ( 'NONE', #5804, 1000.000000000000227 ) ;
#4590 = DIRECTION ( 'NONE',  ( 0.8660254037844385966, 0.000000000000000000, -0.5000000000000000000 ) ) ;
#4591 = AXIS2_PLACEMENT_3D ( 'NONE', #1714, #1744, #1325 ) ;
#4592 = CARTESIAN_POINT ( 'NONE',  ( 7.882781698504119028, -2.299999999999999822, 5.532621593216770606 ) ) ;
#4593 = DIRECTION ( 'NONE',  ( 1.000000000000000000, 0.000000000000000000, 0.000000000000000000 ) ) ;
#4594 = AXIS2_PLACEMENT_3D ( 'NONE', #5568, #150, #5511 ) ;
#4595 = ORIENTED_EDGE ( 'NONE', *, *, #5768, .T. ) ;
#4596 = AXIS2_PLACEMENT_3D ( 'NONE', #2513, #2032, #688 ) ;
#4597 = CARTESIAN_POINT ( 'NONE',  ( -6.808550953419101326, -1.899832866830811984, -2.380472191758506106 ) ) ;
#4598 = FACE_OUTER_BOUND ( 'NONE', #3456, .T. ) ;
#4599 = ORIENTED_EDGE ( 'NONE', *, *, #4177, .F. ) ;
#4600 = ADVANCED_FACE ( 'NONE', ( #2493 ), #4528, .T. ) ;
#4601 = DIRECTION ( 'NONE',  ( 0.1403755459781248494, 0.9900983315263910400, -6.887172440970546275E-18 ) ) ;
#4602 = CARTESIAN_POINT ( 'NONE',  ( -1.349999999999998312, -2.000000000000000000, -8.592999999999999972 ) ) ;
#4603 = ORIENTED_EDGE ( 'NONE', *, *, #5428, .F. ) ;
#4604 = ORIENTED_EDGE ( 'NONE', *, *, #4278, .F. ) ;
#4605 = ORIENTED_EDGE ( 'NONE', *, *, #2930, .F. ) ;
#4606 = VERTEX_POINT ( 'NONE', #5239 ) ;
#4607 = CARTESIAN_POINT ( 'NONE',  ( 7.632781698504119916, -1.500000000000000000, 5.965634295108991125 ) ) ;
#4608 = EDGE_CURVE ( 'NONE', #5131, #2425, #1146, .T. ) ;
#4609 = EDGE_CURVE ( 'NONE', #4548, #1887, #5891, .T. ) ;
#4610 = LINE ( 'NONE', #3881, #1828 ) ;
#4611 = AXIS2_PLACEMENT_3D ( 'NONE', #4297, #4686, #2531 ) ;
#4612 = DIRECTION ( 'NONE',  ( -0.8660254037844390407, 0.000000000000000000, 0.4999999999999993339 ) ) ;
#4613 = ORIENTED_EDGE ( 'NONE', *, *, #4752, .F. ) ;
#4614 = LINE ( 'NONE', #3261, #3377 ) ;
#4615 = ORIENTED_EDGE ( 'NONE', *, *, #99, .T. ) ;
#4616 = DIRECTION ( 'NONE',  ( 0.8660254037844385966, 0.000000000000000000, 0.5000000000000001110 ) ) ;
#4617 = ORIENTED_EDGE ( 'NONE', *, *, #2594, .T. ) ;
#4618 = CARTESIAN_POINT ( 'NONE',  ( 7.632781698504124357, 0.000000000000000000, -5.965634295108992902 ) ) ;
#4619 = VECTOR ( 'NONE', #405, 1000.000000000000114 ) ;
#4620 = ADVANCED_FACE ( 'NONE', ( #3117 ), #2666, .F. ) ;
#4621 = CARTESIAN_POINT ( 'NONE',  ( 0.8500000000000013101, -2.299999999999999822, -10.66627000000000081 ) ) ;
#4622 = LINE ( 'NONE', #851, #2763 ) ;
#4623 = CARTESIAN_POINT ( 'NONE',  ( 8.116756294719682074, -2.000000000000000000, 3.127365704891007070 ) ) ;
#4624 = AXIS2_PLACEMENT_3D ( 'NONE', #1494, #3177, #35 ) ;
#4625 = EDGE_LOOP ( 'NONE', ( #1619, #2301, #1163, #2063 ) ) ;
#4626 = CIRCLE ( 'NONE', #411, 1.000000000000000222 ) ;
#4627 = DIRECTION ( 'NONE',  ( -0.4999999999999950595, 0.000000000000000000, 0.8660254037844414832 ) ) ;
#4628 = CARTESIAN_POINT ( 'NONE',  ( 3.892746309566708085, -2.000000000000000000, -7.068890105822376313 ) ) ;
#4629 = VERTEX_POINT ( 'NONE', #4494 ) ;
#4630 = CARTESIAN_POINT ( 'NONE',  ( -4.326991113088069163, -0.03982262405829824908, 8.487114603409043667 ) ) ;
#4631 = CARTESIAN_POINT ( 'NONE',  ( -5.324064731361702663, -1.826772395666696802, 4.514967058640145581 ) ) ;
#4632 = ORIENTED_EDGE ( 'NONE', *, *, #129, .T. ) ;
#4633 = ORIENTED_EDGE ( 'NONE', *, *, #326, .F. ) ;
#4634 = ORIENTED_EDGE ( 'NONE', *, *, #3968, .T. ) ;
#4635 = DIRECTION ( 'NONE',  ( -0.000000000000000000, 1.000000000000000000, 0.000000000000000000 ) ) ;
#4636 = AXIS2_PLACEMENT_3D ( 'NONE', #3567, #2100, #2997 ) ;
#4637 = AXIS2_PLACEMENT_3D ( 'NONE', #5566, #2757, #1443 ) ;
#4638 = CARTESIAN_POINT ( 'NONE',  ( 8.653982226176299974, -0.1616919674634454129, 3.794707603699265519E-15 ) ) ;
#4639 = ORIENTED_EDGE ( 'NONE', *, *, #5881, .F. ) ;
#4640 = CARTESIAN_POINT ( 'NONE',  ( 1.584539031685118449, -1.648747734488046124, 6.671871644812962465 ) ) ;
#4641 = ORIENTED_EDGE ( 'NONE', *, *, #3695, .F. ) ;
#4642 = CARTESIAN_POINT ( 'NONE',  ( 2.699942782018128540, 10.49999999999999822, 4.676438075984263421 ) ) ;
#4643 = EDGE_CURVE ( 'NONE', #4408, #4286, #2861, .T. ) ;
#4644 = EDGE_CURVE ( 'NONE', #2270, #5651, #1041, .T. ) ;
#4645 = ORIENTED_EDGE ( 'NONE', *, *, #794, .F. ) ;
#4646 = CARTESIAN_POINT ( 'NONE',  ( -3.905078784743217124, -1.658855474347328274, -6.582430575692031383 ) ) ;
#4647 = DIRECTION ( 'NONE',  ( 0.000000000000000000, -1.000000000000000000, -0.000000000000000000 ) ) ;
#4648 = DIRECTION ( 'NONE',  ( 0.4999999999999996114, 0.000000000000000000, 0.8660254037844390407 ) ) ;
#4649 = CARTESIAN_POINT ( 'NONE',  ( 7.632781698504119028, -1.981716522001134795, 5.099608891324581172 ) ) ;
#4650 = ADVANCED_FACE ( 'NONE', ( #3143 ), #391, .T. ) ;
#4651 = ADVANCED_FACE ( 'NONE', ( #3568 ), #2642, .F. ) ;
#4652 = ORIENTED_EDGE ( 'NONE', *, *, #5892, .T. ) ;
#4653 = FACE_OUTER_BOUND ( 'NONE', #2688, .T. ) ;
#4654 = CARTESIAN_POINT ( 'NONE',  ( -4.049914173027193698, 11.00000000000000000, -2.338219037992132154 ) ) ;
#4655 = ADVANCED_FACE ( 'NONE', ( #816 ), #5506, .F. ) ;
#4656 = ORIENTED_EDGE ( 'NONE', *, *, #1017, .F. ) ;
#4657 = VECTOR ( 'NONE', #771, 1000.000000000000000 ) ;
#4658 = FACE_OUTER_BOUND ( 'NONE', #4625, .T. ) ;
#4659 = FACE_OUTER_BOUND ( 'NONE', #3346, .T. ) ;
#4660 = ORIENTED_EDGE ( 'NONE', *, *, #838, .T. ) ;
#4661 = AXIS2_PLACEMENT_3D ( 'NONE', #1478, #1511, #3304 ) ;
#4662 = VERTEX_POINT ( 'NONE', #481 ) ;
#4663 = ORIENTED_EDGE ( 'NONE', *, *, #1170, .F. ) ;
#4664 = DIRECTION ( 'NONE',  ( 0.000000000000000000, 0.000000000000000000, -1.000000000000000000 ) ) ;
#4665 = DIRECTION ( 'NONE',  ( -1.000000000000000000, 0.000000000000000000, -1.652166060416978960E-16 ) ) ;
#4666 = EDGE_LOOP ( 'NONE', ( #1639, #4769, #3175, #5078 ) ) ;
#4667 = CARTESIAN_POINT ( 'NONE',  ( 1.398191413964104290, -1.936893568688136336, 7.080056476649888353 ) ) ;
#4668 = ORIENTED_EDGE ( 'NONE', *, *, #1663, .F. ) ;
#4669 = CARTESIAN_POINT ( 'NONE',  ( 8.911978755211062975, -2.000000000000000000, -1.750000000000001776 ) ) ;
#4670 = VERTEX_POINT ( 'NONE', #2309 ) ;
#4671 = ORIENTED_EDGE ( 'NONE', *, *, #5271, .T. ) ;
#4672 = DIRECTION ( 'NONE',  ( 0.000000000000000000, -1.000000000000000000, 0.000000000000000000 ) ) ;
#4673 = EDGE_CURVE ( 'NONE', #2371, #1457, #5150, .T. ) ;
#4674 = CARTESIAN_POINT ( 'NONE',  ( -5.623457863650185296, -1.499999999999999778, 4.574610530491090010 ) ) ;
#4675 = VECTOR ( 'NONE', #3457, 1000.000000000000000 ) ;
#4676 = CARTESIAN_POINT ( 'NONE',  ( 9.062260783623850458, 0.000000000000000000, -5.636243891324555833 ) ) ;
#4677 = CYLINDRICAL_SURFACE ( 'NONE', #2198, 0.4999999999999999445 ) ;
#4678 = VECTOR ( 'NONE', #2088, 1000.000000000000000 ) ;
#4679 = DIRECTION ( 'NONE',  ( 0.8660254037844387076, 0.000000000000000000, -0.4999999999999998335 ) ) ;
#4680 = ORIENTED_EDGE ( 'NONE', *, *, #1635, .F. ) ;
#4681 = DIRECTION ( 'NONE',  ( 1.000000000000000000, 0.000000000000000000, 0.000000000000000000 ) ) ;
#4682 = CIRCLE ( 'NONE', #5821, 0.5000000000000004441 ) ;
#4683 = EDGE_CURVE ( 'NONE', #5806, #1370, #5911, .T. ) ;
#4684 = EDGE_CURVE ( 'NONE', #2383, #1255, #5454, .T. ) ;
#4685 = PLANE ( 'NONE',  #2109 ) ;
#4686 = DIRECTION ( 'NONE',  ( 0.000000000000000000, -1.000000000000000000, -0.000000000000000000 ) ) ;
#4687 = VERTEX_POINT ( 'NONE', #4555 ) ;
#4688 = VECTOR ( 'NONE', #5827, 1000.000000000000114 ) ;
#4689 = AXIS2_PLACEMENT_3D ( 'NONE', #1229, #3839, #3390 ) ;
#4690 = EDGE_CURVE ( 'NONE', #837, #5677, #2279, .T. ) ;
#4691 = CARTESIAN_POINT ( 'NONE',  ( -6.773457863650187427, -1.499999999999999778, 2.582752101786881749 ) ) ;
#4692 = AXIS2_PLACEMENT_3D ( 'NONE', #610, #2016, #2825 ) ;
#4693 = CARTESIAN_POINT ( 'NONE',  ( -5.432413062025355899, -1.936893568688133449, 4.750897522171166898 ) ) ;
#4694 = ORIENTED_EDGE ( 'NONE', *, *, #3254, .F. ) ;
#4695 = CARTESIAN_POINT ( 'NONE',  ( 7.632781698504119916, -2.000000000000000000, 5.965634295108991125 ) ) ;
#4696 = CARTESIAN_POINT ( 'NONE',  ( -7.560752083711957283, -1.648747737362059151, -0.2481365379103306901 ) ) ;
#4697 = FACE_OUTER_BOUND ( 'NONE', #3224, .T. ) ;
#4698 = DIRECTION ( 'NONE',  ( 0.8660254037844393737, 0.000000000000000000, 0.4999999999999987232 ) ) ;
#4699 = ORIENTED_EDGE ( 'NONE', *, *, #1937, .F. ) ;
#4700 = CARTESIAN_POINT ( 'NONE',  ( 1.163013911914197562, -1.538934585290522739, 7.030285806904223556 ) ) ;
#4701 = ORIENTED_EDGE ( 'NONE', *, *, #5842, .T. ) ;
#4702 = FACE_OUTER_BOUND ( 'NONE', #4964, .T. ) ;
#4703 = EDGE_LOOP ( 'NONE', ( #5101, #2215, #1977, #3133 ) ) ;
#4704 = EDGE_LOOP ( 'NONE', ( #2808, #4091, #4617, #5315 ) ) ;
#4705 = DIRECTION ( 'NONE',  ( 0.000000000000000000, -1.000000000000000000, -0.000000000000000000 ) ) ;
#4706 = DIRECTION ( 'NONE',  ( 0.4999999999999997780, 6.123233995736767268E-17, 0.8660254037844387076 ) ) ;
#4707 = CARTESIAN_POINT ( 'NONE',  ( -4.924138097950363502, -1.301042606982605321E-15, -4.410004387252775437 ) ) ;
#4708 = DIRECTION ( 'NONE',  ( 0.000000000000000000, 0.000000000000000000, -1.000000000000000000 ) ) ;
#4709 = CARTESIAN_POINT ( 'NONE',  ( -2.940444920982764554, -1.500000000000000000, 9.092999999999999972 ) ) ;
#4710 = ORIENTED_EDGE ( 'NONE', *, *, #5520, .T. ) ;
#4711 = VECTOR ( 'NONE', #765, 1000.000000000000000 ) ;
#4712 = DIRECTION ( 'NONE',  ( 0.5000000000000000000, -0.000000000000000000, 0.8660254037844385966 ) ) ;
#4713 = VECTOR ( 'NONE', #2392, 1000.000000000000000 ) ;
#4714 = DIRECTION ( 'NONE',  ( 0.000000000000000000, -1.000000000000000000, -0.000000000000000000 ) ) ;
#4715 =( NAMED_UNIT ( * ) PLANE_ANGLE_UNIT ( ) SI_UNIT ( $, .RADIAN. ) );
#4716 = EDGE_CURVE ( 'NONE', #5677, #2776, #2288, .T. ) ;
#4717 = EDGE_CURVE ( 'NONE', #5174, #2671, #2322, .T. ) ;
#4718 = ORIENTED_EDGE ( 'NONE', *, *, #4173, .F. ) ;
#4719 = CARTESIAN_POINT ( 'NONE',  ( 8.732781698504123113, 0.000000000000000000, -4.060378406783226701 ) ) ;
#4720 = CARTESIAN_POINT ( 'NONE',  ( -6.759909746663386620, -1.630874546332610864, 2.559902921703797407 ) ) ;
#4721 = CARTESIAN_POINT ( 'NONE',  ( 6.404546536120523825, 0.000000000000000000, -7.092999999999998195 ) ) ;
#4722 = ORIENTED_EDGE ( 'NONE', *, *, #1130, .F. ) ;
#4723 = EDGE_CURVE ( 'NONE', #2356, #1126, #793, .T. ) ;
#4724 = ORIENTED_EDGE ( 'NONE', *, *, #1277, .F. ) ;
#4725 = DIRECTION ( 'NONE',  ( 0.4999999999999975575, -0.000000000000000000, -0.8660254037844401509 ) ) ;
#4726 = CARTESIAN_POINT ( 'NONE',  ( 2.940444920982768551, -2.000000000000000000, -8.592999999999999972 ) ) ;
#4727 = CARTESIAN_POINT ( 'NONE',  ( -0.8499999999999984235, 3.122849337825750912E-16, -11.16627000000000081 ) ) ;
#4728 = ORIENTED_EDGE ( 'NONE', *, *, #2194, .T. ) ;
#4729 = CARTESIAN_POINT ( 'NONE',  ( 1.149999999999999911, 1.408343819019456028E-16, 8.482224999999999682 ) ) ;
#4730 = ORIENTED_EDGE ( 'NONE', *, *, #3874, .F. ) ;
#4731 = CARTESIAN_POINT ( 'NONE',  ( 2.940444920982768551, -2.000000000000000000, -8.592999999999998195 ) ) ;
#4732 = ORIENTED_EDGE ( 'NONE', *, *, #3516, .F. ) ;
#4733 = VECTOR ( 'NONE', #2116, 1000.000000000000000 ) ;
#4734 = VERTEX_POINT ( 'NONE', #5109 ) ;
#4735 = FACE_OUTER_BOUND ( 'NONE', #4223, .T. ) ;
#4736 = VECTOR ( 'NONE', #821, 1000.000000000000000 ) ;
#4737 = DIRECTION ( 'NONE',  ( -0.8595701817498625497, 0.1218693434051477537, 0.4962730758206681525 ) ) ;
#4738 = CARTESIAN_POINT ( 'NONE',  ( -3.464852426661678475, 12.00000000000000000, -6.001300443706279353 ) ) ;
#4739 = CARTESIAN_POINT ( 'NONE',  ( 8.982781698504124890, 0.000000000000000000, -3.627365704891007958 ) ) ;
#4740 = AXIS2_PLACEMENT_3D ( 'NONE', #4607, #1434, #3258 ) ;
#4741 = ORIENTED_EDGE ( 'NONE', *, *, #2523, .T. ) ;
#4742 = DIRECTION ( 'NONE',  ( 0.000000000000000000, 1.626303258728256158E-16, -1.000000000000000000 ) ) ;
#4743 = ADVANCED_FACE ( 'NONE', ( #988 ), #3282, .T. ) ;
#4744 = CARTESIAN_POINT ( 'NONE',  ( 5.399885564036260632, 10.49999999999999822, -1.138412281109779656E-15 ) ) ;
#4745 = CARTESIAN_POINT ( 'NONE',  ( 2.940444920982768551, 0.000000000000000000, -9.092999999999998195 ) ) ;
#4746 = CARTESIAN_POINT ( 'NONE',  ( 9.845273485516067069, -7.980382821748186768E-16, 5.280026108675447638 ) ) ;
#4747 = CARTESIAN_POINT ( 'NONE',  ( -6.830604475989403568, -1.936893568688136780, 2.329158954478744992 ) ) ;
#4748 = CARTESIAN_POINT ( 'NONE',  ( -5.131980514631222512, -1.629973859620792220, 4.577442710059834496 ) ) ;
#4749 = ORIENTED_EDGE ( 'NONE', *, *, #1462, .F. ) ;
#4750 = CARTESIAN_POINT ( 'NONE',  ( -8.699768996611901173, 0.000000000000000000, -3.117558083755678222 ) ) ;
#4751 = DIRECTION ( 'NONE',  ( -0.000000000000000000, 1.000000000000000000, 0.000000000000000000 ) ) ;
#4752 = EDGE_CURVE ( 'NONE', #5706, #4780, #4614, .T. ) ;
#4753 = EDGE_CURVE ( 'NONE', #4214, #2479, #4145, .T. ) ;
#4754 = CARTESIAN_POINT ( 'NONE',  ( 3.129727872893063978, 10.56093467170257227, -4.924574613894596276 ) ) ;
#4755 =( BOUNDED_SURFACE ( )  B_SPLINE_SURFACE ( 3, 2, ( 
 ( #5616, #5592, #3769 ),
 ( #1915, #1464, #197 ),
 ( #3317, #595, #3798 ),
 ( #3860, #3408, #5227 ),
 ( #5107, #5135, #3830 ),
 ( #142, #4756, #4280 ) ),
 .UNSPECIFIED., .F., .F., .F. ) 
 B_SPLINE_SURFACE_WITH_KNOTS ( ( 4, 2, 4 ),
 ( 3, 3 ),
 ( 2.622292039550163434, 3.141592653589793116, 3.660893267629423242 ),
 ( 0.000000000000000000, 1.000000000000000000 ),
 .UNSPECIFIED. ) 
 GEOMETRIC_REPRESENTATION_ITEM ( )  RATIONAL_B_SPLINE_SURFACE ( (
 ( 1.000000000000000000, 0.7489557207890020774, 1.000000000000000000),
 ( 1.000000000000000000, 0.7529951710916001906, 1.000000000000000000),
 ( 1.000000000000000000, 0.7551077889869944881, 1.000000000000000000),
 ( 1.000000000000000000, 0.7551077889873057947, 1.000000000000000000),
 ( 1.000000000000000000, 0.7529951710913663776, 1.000000000000000000),
 ( 1.000000000000000000, 0.7489557207890022994, 1.000000000000000000) ) ) 
 REPRESENTATION_ITEM ( '' )  SURFACE ( )  );
#4756 = CARTESIAN_POINT ( 'NONE',  ( -4.032618838203250178, -2.000000000000000000, 6.445299284672593387 ) ) ;
#4757 = ORIENTED_EDGE ( 'NONE', *, *, #1472, .T. ) ;
#4758 = DIRECTION ( 'NONE',  ( -0.8660254037844383745, 0.000000000000000000, -0.5000000000000004441 ) ) ;
#4759 = AXIS2_PLACEMENT_3D ( 'NONE', #591, #647, #1966 ) ;
#4760 = EDGE_LOOP ( 'NONE', ( #1007, #5389, #60, #1992 ) ) ;
#4761 = CARTESIAN_POINT ( 'NONE',  ( 0.8500000000000014211, -2.299999999999999822, -11.16627000000000081 ) ) ;
#4762 = ORIENTED_EDGE ( 'NONE', *, *, #5089, .F. ) ;
#4763 = ORIENTED_EDGE ( 'NONE', *, *, #2847, .T. ) ;
#4764 = CARTESIAN_POINT ( 'NONE',  ( -7.904580156411904035, -2.000000000000000000, -0.4466457682385949757 ) ) ;
#4765 = EDGE_CURVE ( 'NONE', #1587, #5276, #2360, .T. ) ;
#4766 = CARTESIAN_POINT ( 'NONE',  ( 9.245273485516069201, 3.122849337825750912E-16, -6.319256593216773688 ) ) ;
#4767 = DIRECTION ( 'NONE',  ( 0.000000000000000000, 0.000000000000000000, -1.000000000000000000 ) ) ;
#4768 = DIRECTION ( 'NONE',  ( 0.000000000000000000, -0.9925461516413219831, 0.1218693434051477398 ) ) ;
#4769 = ORIENTED_EDGE ( 'NONE', *, *, #1053, .T. ) ;
#4770 = FACE_OUTER_BOUND ( 'NONE', #2453, .T. ) ;
#4771 = AXIS2_PLACEMENT_3D ( 'NONE', #2227, #1331, #3154 ) ;
#4772 = DIRECTION ( 'NONE',  ( 0.8660254037844385966, 0.000000000000000000, -0.5000000000000000000 ) ) ;
#4773 =( BOUNDED_CURVE ( )  B_SPLINE_CURVE ( 3, ( #2140, #1274, #3973, #5785 ),
 .UNSPECIFIED., .F., .T. ) 
 B_SPLINE_CURVE_WITH_KNOTS ( ( 4, 4 ),
 ( 3.141592653589796669, 4.712388980384688786 ),
 .UNSPECIFIED. ) 
 CURVE ( )  GEOMETRIC_REPRESENTATION_ITEM ( )  RATIONAL_B_SPLINE_CURVE ( ( 1.000000000000000000, 0.8047378541243661587, 0.8047378541243661587, 1.000000000000000000 ) ) 
 REPRESENTATION_ITEM ( '' )  );
#4774 = AXIS2_PLACEMENT_3D ( 'NONE', #2733, #5008, #3693 ) ;
#4775 = AXIS2_PLACEMENT_3D ( 'NONE', #4292, #3783, #3268 ) ;
#4776 = LINE ( 'NONE', #3373, #1248 ) ;
#4777 = LINE ( 'NONE', #2050, #1755 ) ;
#4778 = VECTOR ( 'NONE', #2546, 1000.000000000000000 ) ;
#4779 = CARTESIAN_POINT ( 'NONE',  ( 7.560752083711955507, -1.648747737362059151, 0.2481365379103279145 ) ) ;
#4780 = VERTEX_POINT ( 'NONE', #3832 ) ;
#4781 = VECTOR ( 'NONE', #3025, 1000.000000000000227 ) ;
#4782 = CARTESIAN_POINT ( 'NONE',  ( 3.464852426661637175, 12.00000000000000000, -6.001300443706303334 ) ) ;
#4783 = CIRCLE ( 'NONE', #1912, 0.4999999999999995559 ) ;
#4784 = CARTESIAN_POINT ( 'NONE',  ( -8.911978755211062975, -1.500000000000000000, -1.750000000000001554 ) ) ;
#4785 = AXIS2_PLACEMENT_3D ( 'NONE', #3846, #4714, #156 ) ;
#4786 = DIRECTION ( 'NONE',  ( 0.5000000000000000000, 0.000000000000000000, -0.8660254037844385966 ) ) ;
#4787 = SPHERICAL_SURFACE ( 'NONE', #2670, 1.000000000000000000 ) ;
#4788 = ORIENTED_EDGE ( 'NONE', *, *, #5050, .F. ) ;
#4789 = LINE ( 'NONE', #2030, #5752 ) ;
#4790 = ORIENTED_EDGE ( 'NONE', *, *, #2566, .F. ) ;
#4791 = DIRECTION ( 'NONE',  ( -0.8660254037844385966, 0.000000000000000000, -0.5000000000000000000 ) ) ;
#4792 = ORIENTED_EDGE ( 'NONE', *, *, #1103, .T. ) ;
#4793 = ADVANCED_FACE ( 'NONE', ( #2783 ), #3771, .F. ) ;
#4794 = VERTEX_POINT ( 'NONE', #4729 ) ;
#4795 = EDGE_CURVE ( 'NONE', #5560, #2425, #2738, .T. ) ;
#4796 = PLANE ( 'NONE',  #1485 ) ;
#4797 = LINE ( 'NONE', #4349, #5449 ) ;
#4798 = B_SPLINE_CURVE_WITH_KNOTS ( 'NONE', 3,
 ( #3226, #1374, #3195, #3168 ),
 .UNSPECIFIED., .F., .F.,
 ( 4, 4 ),
 ( -4.472140924284940757E-06, 0.0004140613940813168059 ),
 .UNSPECIFIED. ) ;
#4799 = CARTESIAN_POINT ( 'NONE',  ( 9.595659835109055180, 0.000000000000000000, 0.3442796334431366123 ) ) ;
#4800 = CARTESIAN_POINT ( 'NONE',  ( -1.650000000000000355, 0.000000000000000000, 9.092999999999999972 ) ) ;
#4801 = CARTESIAN_POINT ( 'NONE',  ( 1.649999999999999911, -1.600000000000000089, 7.068890105822375425 ) ) ;
#4802 = ORIENTED_EDGE ( 'NONE', *, *, #4545, .T. ) ;
#4803 = EDGE_CURVE ( 'NONE', #4155, #1502, #3353, .T. ) ;
#4804 = CARTESIAN_POINT ( 'NONE',  ( 0.000000000000000000, 10.49999999999999822, 4.676438075984264309 ) ) ;
#4805 = CARTESIAN_POINT ( 'NONE',  ( 7.199768996611900285, -1.120523531463846059E-15, 5.715634295108991125 ) ) ;
#4806 = DIRECTION ( 'NONE',  ( -0.4999999999999998890, 0.000000000000000000, -0.8660254037844387076 ) ) ;
#4807 = LOCAL_TIME ( 8, 23, 15.00000000000000000, #4448 ) ;
#4808 = VECTOR ( 'NONE', #627, 1000.000000000000000 ) ;
#4809 = DIRECTION ( 'NONE',  ( -0.4999999999999999445, -0.000000000000000000, -0.8660254037844385966 ) ) ;
#4810 = FACE_OUTER_BOUND ( 'NONE', #687, .T. ) ;
#4811 = CARTESIAN_POINT ( 'NONE',  ( 7.604844706266846721, -1.653574242655820870, 0.1729511160726790175 ) ) ;
#4812 = ORIENTED_EDGE ( 'NONE', *, *, #140, .T. ) ;
#4813 = VECTOR ( 'NONE', #1398, 1000.000000000000114 ) ;
#4814 = DIRECTION ( 'NONE',  ( 0.000000000000000000, 0.000000000000000000, -1.000000000000000000 ) ) ;
#4815 = LINE ( 'NONE', #1038, #4542 ) ;
#4816 = CIRCLE ( 'NONE', #5860, 0.5000000000000004441 ) ;
#4817 = CARTESIAN_POINT ( 'NONE',  ( 3.464852426661732654, 13.00000000000000000, 6.001300443706255372 ) ) ;
#4818 = ADVANCED_FACE ( 'NONE', ( #2452 ), #2929, .T. ) ;
#4819 = DIRECTION ( 'NONE',  ( 1.000000000000000000, 0.000000000000000000, 0.000000000000000000 ) ) ;
#4820 = VERTEX_POINT ( 'NONE', #3231 ) ;
#4821 = DIRECTION ( 'NONE',  ( 0.000000000000000000, -1.000000000000000000, 0.000000000000000000 ) ) ;
#4822 = VERTEX_POINT ( 'NONE', #5203 ) ;
#4823 = LINE ( 'NONE', #5796, #1245 ) ;
#4824 = VERTEX_POINT ( 'NONE', #5735 ) ;
#4825 = VERTEX_POINT ( 'NONE', #320 ) ;
#4826 = DIRECTION ( 'NONE',  ( 0.000000000000000000, -1.000000000000000000, -0.000000000000000000 ) ) ;
#4827 = CYLINDRICAL_SURFACE ( 'NONE', #4689, 0.4999999999999995559 ) ;
#4828 = EDGE_CURVE ( 'NONE', #2091, #3976, #890, .T. ) ;
#4829 = FACE_OUTER_BOUND ( 'NONE', #1112, .T. ) ;
#4830 = CARTESIAN_POINT ( 'NONE',  ( -8.024416909654478403, -2.000000000000000000, -0.1557901521562961855 ) ) ;
#4831 = ADVANCED_FACE ( 'NONE', ( #1164 ), #2544, .F. ) ;
#4832 = DIRECTION ( 'NONE',  ( 0.000000000000000000, 1.000000000000000000, 0.000000000000000000 ) ) ;
#4833 = VECTOR ( 'NONE', #408, 1000.000000000000227 ) ;
#4834 = ORIENTED_EDGE ( 'NONE', *, *, #1717, .T. ) ;
#4835 = VECTOR ( 'NONE', #3416, 1000.000000000000114 ) ;
#4836 = DIRECTION ( 'NONE',  ( -1.000000000000000000, 0.000000000000000000, 0.000000000000000000 ) ) ;
#4837 = VECTOR ( 'NONE', #1586, 1000.000000000000000 ) ;
#4838 = VECTOR ( 'NONE', #2426, 1000.000000000000000 ) ;
#4839 = EDGE_CURVE ( 'NONE', #4550, #297, #1939, .T. ) ;
#4840 = DIRECTION ( 'NONE',  ( 0.07018777298906245243, -0.9900983315263910400, -0.1215687888871666289 ) ) ;
#4841 = EDGE_CURVE ( 'NONE', #414, #5921, #2228, .T. ) ;
#4842 = DIRECTION ( 'NONE',  ( 0.000000000000000000, 1.000000000000000000, -0.000000000000000000 ) ) ;
#4843 = EDGE_CURVE ( 'NONE', #414, #5110, #1661, .T. ) ;
#4844 = DIRECTION ( 'NONE',  ( 0.000000000000000000, -0.1218693434051482810, -0.9925461516413219831 ) ) ;
#4845 = FACE_OUTER_BOUND ( 'NONE', #3801, .T. ) ;
#4846 = ORIENTED_EDGE ( 'NONE', *, *, #2280, .F. ) ;
#4847 = DIRECTION ( 'NONE',  ( -0.000000000000000000, -1.000000000000000000, 0.000000000000000000 ) ) ;
#4848 = DIRECTION ( 'NONE',  ( 0.5000000000000004441, 0.000000000000000000, -0.8660254037844383745 ) ) ;
#4849 = CARTESIAN_POINT ( 'NONE',  ( 8.911978755211062975, -1.500000000000000000, 1.749999999999996891 ) ) ;
#4850 = CARTESIAN_POINT ( 'NONE',  ( 8.049768996611899041, -2.299999999999999378, 4.243391108675444556 ) ) ;
#4851 = ORIENTED_EDGE ( 'NONE', *, *, #4644, .F. ) ;
#4852 = CARTESIAN_POINT ( 'NONE',  ( -8.068211562986000729, -2.000000000000000000, 0.1632278583382963388 ) ) ;
#4853 = ORIENTED_EDGE ( 'NONE', *, *, #2560, .T. ) ;
#4854 = CARTESIAN_POINT ( 'NONE',  ( -0.3499999999999982014, -2.299999999999999822, -11.16627000000000081 ) ) ;
#4855 = ORIENTED_EDGE ( 'NONE', *, *, #4984, .T. ) ;
#4856 = ORIENTED_EDGE ( 'NONE', *, *, #592, .T. ) ;
#4857 = DIRECTION ( 'NONE',  ( -0.5000000000000003331, 0.000000000000000000, 0.8660254037844385966 ) ) ;
#4858 = CIRCLE ( 'NONE', #3222, 1.000000000000000444 ) ;
#4859 = DIRECTION ( 'NONE',  ( -0.5000000000000004441, 0.000000000000000000, -0.8660254037844384856 ) ) ;
#4860 = PLANE ( 'NONE',  #5398 ) ;
#4861 = DIRECTION ( 'NONE',  ( -0.9943939779289164838, 0.1057384351061882583, 0.000000000000000000 ) ) ;
#4862 = PLANE ( 'NONE',  #4591 ) ;
#4863 = VERTEX_POINT ( 'NONE', #3892 ) ;
#4864 = DIRECTION ( 'NONE',  ( 0.000000000000000000, -1.000000000000000000, -0.000000000000000000 ) ) ;
#4865 = ADVANCED_FACE ( 'NONE', ( #2122 ), #4432, .T. ) ;
#4866 = CARTESIAN_POINT ( 'NONE',  ( -4.687793447186212603, 0.000000000000000000, -8.482224999999981918 ) ) ;
#4867 = DATE_TIME_ROLE ( 'creation_date' ) ;
#4868 = ADVANCED_FACE ( 'NONE', ( #3502 ), #5764, .F. ) ;
#4869 = EDGE_CURVE ( 'NONE', #948, #846, #5676, .T. ) ;
#4870 = DIRECTION ( 'NONE',  ( 0.000000000000000000, 0.000000000000000000, 1.000000000000000000 ) ) ;
#4871 = CARTESIAN_POINT ( 'NONE',  ( -1.149999999999999911, 0.000000000000000000, 5.519730000000001802 ) ) ;
#4872 = CARTESIAN_POINT ( 'NONE',  ( -9.507906380237326260, 0.000000000000000000, 0.4962730758207274939 ) ) ;
#4873 = ORIENTED_EDGE ( 'NONE', *, *, #2229, .T. ) ;
#4874 = VECTOR ( 'NONE', #3921, 1000.000000000000000 ) ;
#4875 = VECTOR ( 'NONE', #5922, 1000.000000000000114 ) ;
#4876 = LINE ( 'NONE', #1730, #4657 ) ;
#4877 = EDGE_CURVE ( 'NONE', #797, #148, #505, .T. ) ;
#4878 = DIRECTION ( 'NONE',  ( -0.4999999999999998335, 0.000000000000000000, -0.8660254037844387076 ) ) ;
#4879 = AXIS2_PLACEMENT_3D ( 'NONE', #3636, #3181, #5571 ) ;
#4880 = CYLINDRICAL_SURFACE ( 'NONE', #3958, 0.5000000000000004441 ) ;
#4881 = AXIS2_PLACEMENT_3D ( 'NONE', #3361, #5178, #5116 ) ;
#4882 = CARTESIAN_POINT ( 'NONE',  ( -5.185477808824328072, 2.618887597820335422, 4.321742627937696035 ) ) ;
#4883 = ORIENTED_EDGE ( 'NONE', *, *, #5881, .T. ) ;
#4884 = CARTESIAN_POINT ( 'NONE',  ( 8.732781698504124890, -2.000000000000000000, -4.060378406783227589 ) ) ;
#4885 = ORIENTED_EDGE ( 'NONE', *, *, #5304, .T. ) ;
#4886 = CARTESIAN_POINT ( 'NONE',  ( -6.348811348027100898, 2.493495245697852969, -2.337582321681460407 ) ) ;
#4887 = VECTOR ( 'NONE', #1197, 1000.000000000000227 ) ;
#4888 = ORIENTED_EDGE ( 'NONE', *, *, #5730, .T. ) ;
#4889 = VERTEX_POINT ( 'NONE', #1224 ) ;
#4890 = VECTOR ( 'NONE', #1123, 1000.000000000000000 ) ;
#4891 = CARTESIAN_POINT ( 'NONE',  ( 8.049768996611902594, -2.000000000000000000, -4.243391108675448109 ) ) ;
#4892 = CARTESIAN_POINT ( 'NONE',  ( 1.649999999999999911, -1.500000000000000000, 9.092999999999999972 ) ) ;
#4893 = CARTESIAN_POINT ( 'NONE',  ( -5.880889841965529108, -1.500000000000000000, -1.301042606982605321E-15 ) ) ;
#4894 = CARTESIAN_POINT ( 'NONE',  ( -7.628377577043921498, -1.656150218391249984, -0.08655008453127567558 ) ) ;
#4895 = CIRCLE ( 'NONE', #2303, 0.5000000000000004441 ) ;
#4896 = CARTESIAN_POINT ( 'NONE',  ( -1.149999999999999911, 0.1758113900552774889, 6.951598866593946546 ) ) ;
#4897 = ORIENTED_EDGE ( 'NONE', *, *, #586, .T. ) ;
#4898 = DIRECTION ( 'NONE',  ( -0.000000000000000000, 1.000000000000000000, 0.000000000000000000 ) ) ;
#4899 = CARTESIAN_POINT ( 'NONE',  ( 7.904580156411902259, -2.000000000000000000, -0.4466457682385963079 ) ) ;
#4900 = CARTESIAN_POINT ( 'NONE',  ( 2.940444920982768551, -1.500000000000000000, -8.592999999999998195 ) ) ;
#4901 = CARTESIAN_POINT ( 'NONE',  ( -4.175465253419294420, -2.000000000000000000, 6.905662247484078975 ) ) ;
#4902 = EDGE_CURVE ( 'NONE', #11, #1682, #3046, .T. ) ;
#4903 = EDGE_CURVE ( 'NONE', #3683, #524, #294, .T. ) ;
#4904 = ORIENTED_EDGE ( 'NONE', *, *, #4574, .F. ) ;
#4905 = AXIS2_PLACEMENT_3D ( 'NONE', #279, #2203, #5846 ) ;
#4906 = CARTESIAN_POINT ( 'NONE',  ( -9.794429774153952550, -2.294507358588028187E-16, 6.840822406606181227E-14 ) ) ;
#4907 = LINE ( 'NONE', #374, #2145 ) ;
#4908 = AXIS2_PLACEMENT_3D ( 'NONE', #3441, #199, #5229 ) ;
#4909 = CARTESIAN_POINT ( 'NONE',  ( 1.649999999999999911, -1.648747737362059151, 6.671871645165847298 ) ) ;
#4910 = ORIENTED_EDGE ( 'NONE', *, *, #4716, .T. ) ;
#4911 = DIRECTION ( 'NONE',  ( 0.000000000000000000, 0.000000000000000000, 1.000000000000000000 ) ) ;
#4912 = EDGE_CURVE ( 'NONE', #1177, #5582, #5705, .T. ) ;
#4913 = ORIENTED_EDGE ( 'NONE', *, *, #2185, .F. ) ;
#4914 = CARTESIAN_POINT ( 'NONE',  ( 2.940444920982767663, -2.000000000000000000, -5.092999999999998195 ) ) ;
#4915 = VERTEX_POINT ( 'NONE', #1647 ) ;
#4916 = ORIENTED_EDGE ( 'NONE', *, *, #794, .T. ) ;
#4917 = CARTESIAN_POINT ( 'NONE',  ( -5.183738280993524405, 0.000000000000000000, 7.985951924179387262 ) ) ;
#4918 = CIRCLE ( 'NONE', #3277, 0.5000000000000002220 ) ;
#4919 = CARTESIAN_POINT ( 'NONE',  ( -5.465824867774805362, -1.899832866830805767, -4.706141992742427504 ) ) ;
#4920 = CARTESIAN_POINT ( 'NONE',  ( -6.616756294719683851, -1.500000000000000000, 5.725441916244324858 ) ) ;
#4921 = DIRECTION ( 'NONE',  ( 1.040834085586084257E-14, 0.000000000000000000, 1.000000000000000000 ) ) ;
#4922 = EDGE_CURVE ( 'NONE', #3029, #962, #4789, .T. ) ;
#4923 = FACE_OUTER_BOUND ( 'NONE', #1916, .T. ) ;
#4924 = EDGE_LOOP ( 'NONE', ( #2333, #5623, #1400, #4632, #2526, #225 ) ) ;
#4925 = LINE ( 'NONE', #3572, #4259 ) ;
#4926 = DIRECTION ( 'NONE',  ( 0.000000000000000000, 1.000000000000000000, 0.000000000000000000 ) ) ;
#4927 = VECTOR ( 'NONE', #4479, 1000.000000000000000 ) ;
#4928 = AXIS2_PLACEMENT_3D ( 'NONE', #5269, #1978, #5236 ) ;
#4929 = CARTESIAN_POINT ( 'NONE',  ( -0.6099934188890934195, -1.984343504706365113, -9.160905551431460125 ) ) ;
#4930 = CARTESIAN_POINT ( 'NONE',  ( -1.149999999999999467, -1.792893218813452538, 7.105536626177695325 ) ) ;
#4931 = VERTEX_POINT ( 'NONE', #1557 ) ;
#4932 = DIRECTION ( 'NONE',  ( 0.000000000000000000, 0.000000000000000000, -1.000000000000000000 ) ) ;
#4933 = CARTESIAN_POINT ( 'NONE',  ( 8.732781698504119561, -1.500000000000000000, 4.060378406783225813 ) ) ;
#4934 = EDGE_CURVE ( 'NONE', #868, #1550, #912, .T. ) ;
#4935 = LINE ( 'NONE', #830, #4054 ) ;
#4936 = DIRECTION ( 'NONE',  ( 0.000000000000000000, -1.000000000000000000, -0.000000000000000000 ) ) ;
#4937 = ORIENTED_EDGE ( 'NONE', *, *, #5259, .T. ) ;
#4938 = ORIENTED_EDGE ( 'NONE', *, *, #5621, .F. ) ;
#4939 = PLANE ( 'NONE',  #4495 ) ;
#4940 = EDGE_LOOP ( 'NONE', ( #5049, #4126, #3358, #4151 ) ) ;
#4941 = ORIENTED_EDGE ( 'NONE', *, *, #5664, .T. ) ;
#4942 = FACE_OUTER_BOUND ( 'NONE', #1877, .T. ) ;
#4943 = EDGE_CURVE ( 'NONE', #5716, #782, #3862, .T. ) ;
#4944 = EDGE_CURVE ( 'NONE', #2479, #1101, #3983, .T. ) ;
#4945 = DIRECTION ( 'NONE',  ( 0.000000000000000000, -1.000000000000000000, -0.000000000000000000 ) ) ;
#4946 = DIRECTION ( 'NONE',  ( 0.000000000000000000, -1.000000000000000000, -0.000000000000000000 ) ) ;
#4947 = CARTESIAN_POINT ( 'NONE',  ( 7.632781698504124357, -1.500000000000000000, -5.965634295108992902 ) ) ;
#4948 = ORIENTED_EDGE ( 'NONE', *, *, #2528, .T. ) ;
#4949 = CARTESIAN_POINT ( 'NONE',  ( 8.812260783623846905, -1.120523531463846059E-15, 6.069256593216772799 ) ) ;
#4950 = EDGE_CURVE ( 'NONE', #5013, #4824, #4524, .T. ) ;
#4951 = CYLINDRICAL_SURFACE ( 'NONE', #5186, 0.5000000000000000000 ) ;
#4952 = AXIS2_PLACEMENT_3D ( 'NONE', #3188, #4066, #1337 ) ;
#4953 = CARTESIAN_POINT ( 'NONE',  ( -6.361137226883049500, -1.301042606982605518E-15, -1.966521305520983587 ) ) ;
#4954 = PERSON_AND_ORGANIZATION ( #2951, #4141 ) ;
#4955 = CARTESIAN_POINT ( 'NONE',  ( 9.062260783623850458, 0.000000000000000000, -6.136243891324555833 ) ) ;
#4956 = CARTESIAN_POINT ( 'NONE',  ( -3.565483496418513365, -2.000000000000000000, 7.068890105822376313 ) ) ;
#4957 = ORIENTED_EDGE ( 'NONE', *, *, #4943, .F. ) ;
#4958 = FACE_OUTER_BOUND ( 'NONE', #4666, .T. ) ;
#4959 = PLANE ( 'NONE',  #1297 ) ;
#4960 = AXIS2_PLACEMENT_3D ( 'NONE', #2105, #3873, #3366 ) ;
#4961 = FACE_OUTER_BOUND ( 'NONE', #4477, .T. ) ;
#4962 = CIRCLE ( 'NONE', #1620, 0.5000000000000004441 ) ;
#4963 = CARTESIAN_POINT ( 'NONE',  ( 1.649999999999999911, -2.000000000000000000, 7.068890105822376313 ) ) ;
#4964 = EDGE_LOOP ( 'NONE', ( #104, #1343, #3476, #2268 ) ) ;
#4965 = ORIENTED_EDGE ( 'NONE', *, *, #2770, .T. ) ;
#4966 = CARTESIAN_POINT ( 'NONE',  ( -6.616756294719679410, -1.500000000000000000, -5.725441916244325746 ) ) ;
#4967 = EDGE_LOOP ( 'NONE', ( #1078, #723, #4372, #2464 ) ) ;
#4968 = EDGE_LOOP ( 'NONE', ( #4179, #4365, #4258, #5829 ) ) ;
#4969 = DIRECTION ( 'NONE',  ( 1.000000000000000000, 0.000000000000000000, 1.118625911196693900E-16 ) ) ;
#4970 = VECTOR ( 'NONE', #2195, 1000.000000000000000 ) ;
#4971 = CARTESIAN_POINT ( 'NONE',  ( -2.940444920982762778, -1.500000000000000000, -9.092999999999999972 ) ) ;
#4972 = DIRECTION ( 'NONE',  ( 0.000000000000000000, 0.000000000000000000, -1.000000000000000000 ) ) ;
#4973 = DIRECTION ( 'NONE',  ( 0.000000000000000000, 1.000000000000000000, -0.000000000000000000 ) ) ;
#4974 = DIRECTION ( 'NONE',  ( -0.5000000000000001110, 0.000000000000000000, 0.8660254037844385966 ) ) ;
#4975 = ADVANCED_FACE ( 'NONE', ( #2631 ), #4459, .T. ) ;
#4976 = ADVANCED_FACE ( 'NONE', ( #3661 ), #935, .F. ) ;
#4977 = CIRCLE ( 'NONE', #5347, 0.5000000000000000000 ) ;
#4978 = ORIENTED_EDGE ( 'NONE', *, *, #5113, .F. ) ;
#4979 = CARTESIAN_POINT ( 'NONE',  ( -0.3499999999999984235, -2.299999999999999822, -9.592999999999999972 ) ) ;
#4980 = VECTOR ( 'NONE', #4842, 1000.000000000000000 ) ;
#4981 = FACE_OUTER_BOUND ( 'NONE', #5138, .T. ) ;
#4982 = CARTESIAN_POINT ( 'NONE',  ( 3.565483496418509812, -1.648747737362059151, 6.671871645165847298 ) ) ;
#4983 = LINE ( 'NONE', #885, #3915 ) ;
#4984 = EDGE_CURVE ( 'NONE', #2514, #5679, #3151, .T. ) ;
#4985 =( BOUNDED_CURVE ( )  B_SPLINE_CURVE ( 3, ( #2999, #1089, #2069, #212 ),
 .UNSPECIFIED., .F., .T. ) 
 B_SPLINE_CURVE_WITH_KNOTS ( ( 4, 4 ),
 ( 2.622292039550163434, 3.141592653589793116 ),
 .UNSPECIFIED. ) 
 CURVE ( )  GEOMETRIC_REPRESENTATION_ITEM ( )  RATIONAL_B_SPLINE_CURVE ( ( 1.000000000000000000, 0.9776532122062893126, 0.9776532122062893126, 1.000000000000000000 ) ) 
 REPRESENTATION_ITEM ( '' )  );
#4986 = CARTESIAN_POINT ( 'NONE',  ( -6.593266294041587372, -1.574912004089980444, -2.405849276870504649 ) ) ;
#4987 = DIRECTION ( 'NONE',  ( 0.000000000000000000, -1.000000000000000000, -0.000000000000000000 ) ) ;
#4988 = ORIENTED_EDGE ( 'NONE', *, *, #1277, .T. ) ;
#4989 = DIRECTION ( 'NONE',  ( 0.8595701817498665465, 0.1218693434051477398, 0.4962730758206611026 ) ) ;
#4990 = DIRECTION ( 'NONE',  ( 0.000000000000000000, 0.000000000000000000, -1.000000000000000000 ) ) ;
#4991 = CARTESIAN_POINT ( 'NONE',  ( 8.482781698504123113, -2.299999999999999822, -4.493391108675447221 ) ) ;
#4992 = ORIENTED_EDGE ( 'NONE', *, *, #1319, .T. ) ;
#4993 = ORIENTED_EDGE ( 'NONE', *, *, #5198, .T. ) ;
#4994 = AXIS2_PLACEMENT_3D ( 'NONE', #494, #2320, #4178 ) ;
#4995 = ORIENTED_EDGE ( 'NONE', *, *, #4074, .T. ) ;
#4996 = EDGE_LOOP ( 'NONE', ( #4549, #5330, #384, #2515, #3552, #5024 ) ) ;
#4997 = VECTOR ( 'NONE', #5794, 1000.000000000000114 ) ;
#4998 = DIRECTION ( 'NONE',  ( 0.000000000000000000, 0.000000000000000000, -1.000000000000000000 ) ) ;
#4999 = LINE ( 'NONE', #507, #3584 ) ;
#5000 = DIRECTION ( 'NONE',  ( -0.4999999999999998890, 0.000000000000000000, -0.8660254037844385966 ) ) ;
#5001 = ORIENTED_EDGE ( 'NONE', *, *, #5248, .T. ) ;
#5002 = AXIS2_PLACEMENT_3D ( 'NONE', #5318, #1760, #4990 ) ;
#5003 = CARTESIAN_POINT ( 'NONE',  ( -3.464852426661678031, 13.00000000000000000, -6.001300443706280241 ) ) ;
#5004 = EDGE_CURVE ( 'NONE', #2064, #5560, #5134, .T. ) ;
#5005 = EDGE_CURVE ( 'NONE', #3192, #4026, #3752, .T. ) ;
#5006 = LINE ( 'NONE', #5867, #5376 ) ;
#5007 = FACE_OUTER_BOUND ( 'NONE', #5166, .T. ) ;
#5008 = DIRECTION ( 'NONE',  ( 2.152241387803296497E-16, -0.9925461516413219831, 0.1218693434051477398 ) ) ;
#5009 = ORIENTED_EDGE ( 'NONE', *, *, #3847, .F. ) ;
#5010 = ADVANCED_FACE ( 'NONE', ( #5422 ), #3690, .T. ) ;
#5011 = ADVANCED_FACE ( 'NONE', ( #4697 ), #4559, .T. ) ;
#5012 = CARTESIAN_POINT ( 'NONE',  ( -1.250167133169207689, -1.591412599021603924, 6.859005200289205462 ) ) ;
#5013 = VERTEX_POINT ( 'NONE', #456 ) ;
#5014 = AXIS2_PLACEMENT_3D ( 'NONE', #1949, #906, #992 ) ;
#5015 = LINE ( 'NONE', #2850, #2364 ) ;
#5016 = EDGE_CURVE ( 'NONE', #4305, #4794, #5394, .T. ) ;
#5017 = TOROIDAL_SURFACE ( 'NONE', #432, 3.500000000000000000, 0.5000000000000000000 ) ;
#5018 = CARTESIAN_POINT ( 'NONE',  ( 9.644080557702690015, -0.02131642148532072317, 3.794707603699265519E-15 ) ) ;
#5019 = AXIS2_PLACEMENT_3D ( 'NONE', #2662, #3507, #4489 ) ;
#5020 = CARTESIAN_POINT ( 'NONE',  ( 2.428612866367529932E-14, 11.00000000000000000, -8.673617379884035472E-16 ) ) ;
#5021 = ORIENTED_EDGE ( 'NONE', *, *, #2882, .F. ) ;
#5022 = ORIENTED_EDGE ( 'NONE', *, *, #2976, .T. ) ;
#5023 = ORIENTED_EDGE ( 'NONE', *, *, #3413, .F. ) ;
#5024 = ORIENTED_EDGE ( 'NONE', *, *, #5016, .F. ) ;
#5025 = CARTESIAN_POINT ( 'NONE',  ( -5.880889841965529108, -1.500000000000000000, -1.301042606982605321E-15 ) ) ;
#5026 = CARTESIAN_POINT ( 'NONE',  ( -5.623457863650177302, -1.500000000000001110, -4.574610530491090010 ) ) ;
#5027 = CARTESIAN_POINT ( 'NONE',  ( -7.573202167348556557, -1.648747737362059373, 0.2265723604932565471 ) ) ;
#5028 = EDGE_LOOP ( 'NONE', ( #3670, #2657, #3445, #5232, #3770 ) ) ;
#5029 = DIRECTION ( 'NONE',  ( -0.8660254037844378194, 0.000000000000000000, 0.5000000000000012212 ) ) ;
#5030 = DIRECTION ( 'NONE',  ( 0.000000000000000000, -0.9925461516413219831, 0.1218693434051477398 ) ) ;
#5031 = VERTEX_POINT ( 'NONE', #2418 ) ;
#5032 = DIRECTION ( 'NONE',  ( 0.000000000000000000, 5.302876193624536423E-17, 1.000000000000000000 ) ) ;
#5033 = DIRECTION ( 'NONE',  ( 0.000000000000000000, 1.000000000000000000, 0.000000000000000000 ) ) ;
#5034 = CARTESIAN_POINT ( 'NONE',  ( 9.845273485516065293, -2.299999999999999822, 5.280026108675446750 ) ) ;
#5035 = FACE_OUTER_BOUND ( 'NONE', #446, .T. ) ;
#5036 = ORIENTED_EDGE ( 'NONE', *, *, #2487, .T. ) ;
#5037 = ADVANCED_FACE ( 'NONE', ( #4981 ), #3121, .F. ) ;
#5038 = VECTOR ( 'NONE', #5574, 1000.000000000000000 ) ;
#5039 = CARTESIAN_POINT ( 'NONE',  ( -1.213106555574514855, -1.751808886032475421, 7.112806295615444974 ) ) ;
#5040 = PLANE ( 'NONE',  #108 ) ;
#5041 = VECTOR ( 'NONE', #5904, 1000.000000000000000 ) ;
#5042 = ORIENTED_EDGE ( 'NONE', *, *, #2001, .F. ) ;
#5043 = ADVANCED_FACE ( 'NONE', ( #1300 ), #8, .F. ) ;
#5044 = ADVANCED_FACE ( 'NONE', ( #1040 ), #4951, .T. ) ;
#5045 =( BOUNDED_CURVE ( )  B_SPLINE_CURVE ( 3, ( #5072, #97, #973, #3755 ),
 .UNSPECIFIED., .F., .T. ) 
 B_SPLINE_CURVE_WITH_KNOTS ( ( 4, 4 ),
 ( 3.141592653589793116, 3.660893267629422798 ),
 .UNSPECIFIED. ) 
 CURVE ( )  GEOMETRIC_REPRESENTATION_ITEM ( )  RATIONAL_B_SPLINE_CURVE ( ( 1.000000000000000000, 0.9776532122062893126, 0.9776532122062893126, 1.000000000000000000 ) ) 
 REPRESENTATION_ITEM ( '' )  );
#5046 = CARTESIAN_POINT ( 'NONE',  ( 7.631528469012025084, -2.000000000000000444, -5.035974058002050668 ) ) ;
#5047 = CARTESIAN_POINT ( 'NONE',  ( -8.266756294719685982, -4.046297593392446564E-16, 2.867558083755676890 ) ) ;
#5048 = ORIENTED_EDGE ( 'NONE', *, *, #4212, .T. ) ;
#5049 = ORIENTED_EDGE ( 'NONE', *, *, #4492, .T. ) ;
#5050 = EDGE_CURVE ( 'NONE', #4794, #2940, #5006, .T. ) ;
#5051 = ORIENTED_EDGE ( 'NONE', *, *, #3779, .T. ) ;
#5052 = ORIENTED_EDGE ( 'NONE', *, *, #2154, .T. ) ;
#5053 = CARTESIAN_POINT ( 'NONE',  ( 1.149999999999999911, 1.408343819019456028E-16, 5.519730000000001802 ) ) ;
#5054 = DIRECTION ( 'NONE',  ( 0.000000000000000000, 0.000000000000000000, -1.000000000000000000 ) ) ;
#5055 = CARTESIAN_POINT ( 'NONE',  ( -4.049914173027197251, 10.49999999999999822, 2.338219037992131710 ) ) ;
#5056 = VERTEX_POINT ( 'NONE', #1356 ) ;
#5057 = CARTESIAN_POINT ( 'NONE',  ( 1.519125153670806139, -1.644876120491553628, 6.684508039705470139 ) ) ;
#5058 = ORIENTED_EDGE ( 'NONE', *, *, #5692, .T. ) ;
#5059 = CARTESIAN_POINT ( 'NONE',  ( -4.339096659993389338, -2.000000000000000000, -6.622244337583783391 ) ) ;
#5060 = AXIS2_PLACEMENT_3D ( 'NONE', #5522, #1821, #3645 ) ;
#5061 = EDGE_LOOP ( 'NONE', ( #3022, #568, #1035, #1490 ) ) ;
#5062 = AXIS2_PLACEMENT_3D ( 'NONE', #2759, #5485, #5512 ) ;
#5063 = CARTESIAN_POINT ( 'NONE',  ( 5.399885564036259744, 11.00000000000000000, -1.144054157650219196E-15 ) ) ;
#5064 = LINE ( 'NONE', #5625, #1531 ) ;
#5065 = AXIS2_PLACEMENT_3D ( 'NONE', #4470, #2612, #845 ) ;
#5066 = DIRECTION ( 'NONE',  ( -1.000000000000000000, 0.000000000000000000, -0.000000000000000000 ) ) ;
#5067 = AXIS2_PLACEMENT_3D ( 'NONE', #63, #4647, #634 ) ;
#5068 = LINE ( 'NONE', #37, #5345 ) ;
#5069 = EDGE_LOOP ( 'NONE', ( #2836, #4369, #3674, #2302 ) ) ;
#5070 = AXIS2_PLACEMENT_3D ( 'NONE', #4285, #2000, #3834 ) ;
#5071 = CARTESIAN_POINT ( 'NONE',  ( -6.759909746663532282, -1.630874546332636399, -2.559902921703872902 ) ) ;
#5072 = CARTESIAN_POINT ( 'NONE',  ( -7.628377577043923274, -1.656150218391249984, -1.022825787715778471E-16 ) ) ;
#5073 = ORIENTED_EDGE ( 'NONE', *, *, #5664, .F. ) ;
#5074 = EDGE_CURVE ( 'NONE', #1032, #4464, #2314, .T. ) ;
#5075 = EDGE_CURVE ( 'NONE', #1803, #4127, #4056, .T. ) ;
#5076 = FACE_OUTER_BOUND ( 'NONE', #2658, .T. ) ;
#5077 = ORIENTED_EDGE ( 'NONE', *, *, #1843, .T. ) ;
#5078 = ORIENTED_EDGE ( 'NONE', *, *, #4128, .T. ) ;
#5079 = ORIENTED_EDGE ( 'NONE', *, *, #2916, .F. ) ;
#5080 = EDGE_CURVE ( 'NONE', #879, #4408, #4502, .T. ) ;
#5081 = AXIS2_PLACEMENT_3D ( 'NONE', #2711, #1419, #3186 ) ;
#5082 = DIRECTION ( 'NONE',  ( -0.000000000000000000, -0.000000000000000000, 1.000000000000000000 ) ) ;
#5083 = ORIENTED_EDGE ( 'NONE', *, *, #2440, .F. ) ;
#5084 = CARTESIAN_POINT ( 'NONE',  ( 1.650000000000000577, -2.000000000000000000, 6.714999999999998970 ) ) ;
#5085 = ORIENTED_EDGE ( 'NONE', *, *, #4324, .T. ) ;
#5086 = FACE_OUTER_BOUND ( 'NONE', #5463, .T. ) ;
#5087 = ORIENTED_EDGE ( 'NONE', *, *, #1944, .F. ) ;
#5088 = FACE_OUTER_BOUND ( 'NONE', #2744, .T. ) ;
#5089 = EDGE_CURVE ( 'NONE', #5276, #4825, #2614, .T. ) ;
#5090 = CARTESIAN_POINT ( 'NONE',  ( -6.616756294719678522, 0.000000000000000000, -5.725441916244326634 ) ) ;
#5091 = CARTESIAN_POINT ( 'NONE',  ( 8.049768996611899041, -2.299999999999999822, 4.243391108675444556 ) ) ;
#5092 = CARTESIAN_POINT ( 'NONE',  ( 3.464852426661732654, 12.00000000000000000, 6.001300443706255372 ) ) ;
#5093 = ORIENTED_EDGE ( 'NONE', *, *, #2852, .F. ) ;
#5094 = DIRECTION ( 'NONE',  ( -0.07018777298906220263, 0.9900983315263910400, 0.1215687888871668926 ) ) ;
#5095 = LINE ( 'NONE', #3244, #4519 ) ;
#5096 = ORIENTED_EDGE ( 'NONE', *, *, #5004, .F. ) ;
#5097 = CARTESIAN_POINT ( 'NONE',  ( 7.628580219764993231, -1.984343504706365113, -5.108722572615009838 ) ) ;
#5098 = AXIS2_PLACEMENT_3D ( 'NONE', #4784, #2506, #2056 ) ;
#5099 = CARTESIAN_POINT ( 'NONE',  ( -5.029391197350845388, -1.644876120491557403, 4.657854994459603049 ) ) ;
#5100 = ORIENTED_EDGE ( 'NONE', *, *, #3840, .T. ) ;
#5101 = ORIENTED_EDGE ( 'NONE', *, *, #2294, .F. ) ;
#5102 = EDGE_CURVE ( 'NONE', #2091, #2214, #1839, .T. ) ;
#5103 = CARTESIAN_POINT ( 'NONE',  ( 1.149999999999999911, 1.408343819019456028E-16, 5.519730000000001802 ) ) ;
#5104 = CARTESIAN_POINT ( 'NONE',  ( 7.199768996611903837, 0.000000000000000000, -5.715634295108993790 ) ) ;
#5105 = AXIS2_PLACEMENT_3D ( 'NONE', #1292, #4378, #267 ) ;
#5106 = CIRCLE ( 'NONE', #2913, 0.5000000000000004441 ) ;
#5107 = CARTESIAN_POINT ( 'NONE',  ( -4.260964809607354020, -2.000000000000000000, 6.757572672034964256 ) ) ;
#5108 = VERTEX_POINT ( 'NONE', #4592 ) ;
#5109 = CARTESIAN_POINT ( 'NONE',  ( -6.929704853323301883, 13.00000000000000000, 4.912066424673409865E-14 ) ) ;
#5110 = VERTEX_POINT ( 'NONE', #4754 ) ;
#5111 = DIRECTION ( 'NONE',  ( 0.000000000000000000, 0.000000000000000000, -1.000000000000000000 ) ) ;
#5112 = ORIENTED_EDGE ( 'NONE', *, *, #2566, .T. ) ;
#5113 = EDGE_CURVE ( 'NONE', #1558, #3029, #1075, .T. ) ;
#5114 = EDGE_CURVE ( 'NONE', #2272, #346, #3919, .T. ) ;
#5115 = CARTESIAN_POINT ( 'NONE',  ( 5.197278639992519267, 12.00000000000000000, 3.000650221853133459 ) ) ;
#5116 = DIRECTION ( 'NONE',  ( -0.8660254037844391517, 0.000000000000000000, -0.4999999999999992228 ) ) ;
#5117 = CARTESIAN_POINT ( 'NONE',  ( 7.917030240048502421, -2.000000000000000000, 0.4250815908215171413 ) ) ;
#5118 = LINE ( 'NONE', #1022, #3535 ) ;
#5119 = CARTESIAN_POINT ( 'NONE',  ( -1.349999999999998312, -1.500000000000000000, -9.592999999999999972 ) ) ;
#5120 = ORIENTED_EDGE ( 'NONE', *, *, #4238, .F. ) ;
#5121 = ADVANCED_FACE ( 'NONE', ( #2026 ), #2476, .T. ) ;
#5122 = DIRECTION ( 'NONE',  ( 0.8660254037844390407, 0.000000000000000000, -0.4999999999999993339 ) ) ;
#5123 = CARTESIAN_POINT ( 'NONE',  ( -1.149999999999999467, -1.499999999999998890, 7.157362632277970427 ) ) ;
#5124 = CARTESIAN_POINT ( 'NONE',  ( 0.000000000000000000, -2.299999999999999822, 0.000000000000000000 ) ) ;
#5125 = EDGE_LOOP ( 'NONE', ( #4993, #4605, #2082, #4431 ) ) ;
#5126 = AXIS2_PLACEMENT_3D ( 'NONE', #2207, #4093, #5848 ) ;
#5127 = DIRECTION ( 'NONE',  ( 0.000000000000000000, 0.000000000000000000, 1.000000000000000000 ) ) ;
#5128 = LINE ( 'NONE', #2921, #5717 ) ;
#5129 = ORIENTED_EDGE ( 'NONE', *, *, #4094, .F. ) ;
#5130 = CIRCLE ( 'NONE', #4952, 0.5000000000000004441 ) ;
#5131 = VERTEX_POINT ( 'NONE', #1585 ) ;
#5132 = CYLINDRICAL_SURFACE ( 'NONE', #1792, 0.5000000000000004441 ) ;
#5133 = LINE ( 'NONE', #682, #1578 ) ;
#5134 = LINE ( 'NONE', #141, #5473 ) ;
#5135 = CARTESIAN_POINT ( 'NONE',  ( -3.989266092157424115, -1.999999999999865219, 6.529012379215166639 ) ) ;
#5136 = ORIENTED_EDGE ( 'NONE', *, *, #4803, .F. ) ;
#5137 = CARTESIAN_POINT ( 'NONE',  ( 1.172141725503340615, -1.676112405285027807, 7.001551537920589929 ) ) ;
#5138 = EDGE_LOOP ( 'NONE', ( #5291, #2603, #17, #553 ) ) ;
#5139 = LINE ( 'NONE', #2423, #4028 ) ;
#5140 = ORIENTED_EDGE ( 'NONE', *, *, #1911, .T. ) ;
#5141 = ORIENTED_EDGE ( 'NONE', *, *, #3296, .T. ) ;
#5142 = DIRECTION ( 'NONE',  ( 0.000000000000000000, 0.1218693434051478508, 0.9925461516413219831 ) ) ;
#5143 = LINE ( 'NONE', #540, #3824 ) ;
#5144 = ADVANCED_FACE ( 'NONE', ( #4279 ), #4311, .F. ) ;
#5145 = CARTESIAN_POINT ( 'NONE',  ( 5.183738280993694048, 0.000000000000000000, 7.985951924179286898 ) ) ;
#5146 = CARTESIAN_POINT ( 'NONE',  ( 8.482781698504119561, -7.980382821748185782E-16, 4.493391108675444556 ) ) ;
#5147 = EDGE_CURVE ( 'NONE', #4548, #3529, #1458, .T. ) ;
#5148 = CIRCLE ( 'NONE', #5719, 1.000000000000000000 ) ;
#5149 = CARTESIAN_POINT ( 'NONE',  ( -5.399885564036261520, 10.49999999999999822, -2.168404344971008868E-16 ) ) ;
#5150 =( BOUNDED_CURVE ( )  B_SPLINE_CURVE ( 3, ( #451, #4469, #5446, #3088 ),
 .UNSPECIFIED., .F., .T. ) 
 B_SPLINE_CURVE_WITH_KNOTS ( ( 4, 4 ),
 ( 1.570796326794895448, 3.141592653589790896 ),
 .UNSPECIFIED. ) 
 CURVE ( )  GEOMETRIC_REPRESENTATION_ITEM ( )  RATIONAL_B_SPLINE_CURVE ( ( 1.000000000000000000, 0.8047378541243652705, 0.8047378541243652705, 1.000000000000000000 ) ) 
 REPRESENTATION_ITEM ( '' )  );
#5151 = AXIS2_PLACEMENT_3D ( 'NONE', #2220, #4081, #4051 ) ;
#5152 = ORIENTED_EDGE ( 'NONE', *, *, #2013, .F. ) ;
#5153 = DIRECTION ( 'NONE',  ( -0.000000000000000000, 1.000000000000000000, 0.000000000000000000 ) ) ;
#5154 = VECTOR ( 'NONE', #4415, 1000.000000000000000 ) ;
#5155 = AXIS2_PLACEMENT_3D ( 'NONE', #874, #1291, #901 ) ;
#5156 = CARTESIAN_POINT ( 'NONE',  ( -3.591795170613924615, -2.080845983731722804, 6.221171725883837489 ) ) ;
#5157 = EDGE_CURVE ( 'NONE', #4274, #2974, #1190, .T. ) ;
#5158 = AXIS2_PLACEMENT_3D ( 'NONE', #5173, #3412, #2871 ) ;
#5159 = EDGE_LOOP ( 'NONE', ( #4728, #5756, #1910, #4730 ) ) ;
#5160 = VECTOR ( 'NONE', #368, 1000.000000000000000 ) ;
#5161 = CARTESIAN_POINT ( 'NONE',  ( -5.116912317270185362, -1.969962361589618904, -4.620398003791589936 ) ) ;
#5162 = DIRECTION ( 'NONE',  ( 0.07018777298906336837, -0.9900983315263910400, 0.1215687888871658795 ) ) ;
#5163 = AXIS2_PLACEMENT_3D ( 'NONE', #4900, #2591, #4870 ) ;
#5164 = CARTESIAN_POINT ( 'NONE',  ( -3.565483496418513365, -1.648747737362057597, 6.671871645165847298 ) ) ;
#5165 = ORIENTED_EDGE ( 'NONE', *, *, #801, .F. ) ;
#5166 = EDGE_LOOP ( 'NONE', ( #170, #4073, #5023, #3112 ) ) ;
#5167 = DIRECTION ( 'NONE',  ( 0.8660254037844403729, 3.469446951953614583E-15, 0.4999999999999970579 ) ) ;
#5168 = DIRECTION ( 'NONE',  ( 0.8660254037844415942, 0.000000000000000000, 0.4999999999999950040 ) ) ;
#5169 = CARTESIAN_POINT ( 'NONE',  ( 1.419706295716309985E-15, -1.500000000000000000, -8.592999999999999972 ) ) ;
#5170 = ORIENTED_EDGE ( 'NONE', *, *, #1276, .T. ) ;
#5171 = CARTESIAN_POINT ( 'NONE',  ( 10.49969199548253584, 0.000000000000000000, -5.202235235932762518E-15 ) ) ;
#5172 = VERTEX_POINT ( 'NONE', #5732 ) ;
#5173 = CARTESIAN_POINT ( 'NONE',  ( 6.929704853323308100, 12.00000000000000000, 9.230928763186536300E-15 ) ) ;
#5174 = VERTEX_POINT ( 'NONE', #5261 ) ;
#5175 = ORIENTED_EDGE ( 'NONE', *, *, #5779, .F. ) ;
#5176 = CARTESIAN_POINT ( 'NONE',  ( -5.296838408202645176, -1.600000000000000089, -4.963386969155513029 ) ) ;
#5177 = ADVANCED_FACE ( 'NONE', ( #196 ), #3859, .T. ) ;
#5178 = DIRECTION ( 'NONE',  ( 0.4999999999999986122, 0.000000000000000000, -0.8660254037844394848 ) ) ;
#5179 = DIRECTION ( 'NONE',  ( 0.8660254037844381525, 0.000000000000000000, 0.5000000000000007772 ) ) ;
#5180 = LINE ( 'NONE', #2938, #1051 ) ;
#5181 = DIRECTION ( 'NONE',  ( -0.1403755459781253212, -0.9900983315263910400, 0.000000000000000000 ) ) ;
#5182 = ORIENTED_EDGE ( 'NONE', *, *, #1934, .T. ) ;
#5183 = CC_DESIGN_APPROVAL ( #458, ( #2023 ) ) ;
#5184 = CARTESIAN_POINT ( 'NONE',  ( -5.399885564036261520, 10.49999999999999822, -1.268715617635833994E-16 ) ) ;
#5185 = EDGE_CURVE ( 'NONE', #1974, #3192, #4438, .T. ) ;
#5186 = AXIS2_PLACEMENT_3D ( 'NONE', #4085, #1777, #2673 ) ;
#5187 = CARTESIAN_POINT ( 'NONE',  ( -0.8499999999999984235, 3.122849337825750912E-16, -11.16627000000000081 ) ) ;
#5188 =( BOUNDED_CURVE ( )  B_SPLINE_CURVE ( 3, ( #1595, #2970, #4799, #4290 ),
 .UNSPECIFIED., .F., .T. ) 
 B_SPLINE_CURVE_WITH_KNOTS ( ( 4, 4 ),
 ( 3.376368551841139369E-15, 0.5193006140396295711 ),
 .UNSPECIFIED. ) 
 CURVE ( )  GEOMETRIC_REPRESENTATION_ITEM ( )  RATIONAL_B_SPLINE_CURVE ( ( 1.000000000000000000, 0.9776532122062896457, 0.9776532122062896457, 1.000000000000000000 ) ) 
 REPRESENTATION_ITEM ( '' )  );
#5189 = FACE_OUTER_BOUND ( 'NONE', #380, .T. ) ;
#5190 = VECTOR ( 'NONE', #1788, 1000.000000000000000 ) ;
#5191 = EDGE_CURVE ( 'NONE', #3256, #3803, #220, .T. ) ;
#5192 = ADVANCED_FACE ( 'NONE', ( #624 ), #5647, .T. ) ;
#5193 = DIRECTION ( 'NONE',  ( -0.5000000000000069944, -1.220648887532994603E-19, -0.8660254037844344888 ) ) ;
#5194 = CARTESIAN_POINT ( 'NONE',  ( -6.776455110252435965, -1.807273914355747690, 2.468819520321137162 ) ) ;
#5195 = CARTESIAN_POINT ( 'NONE',  ( 7.560752083711955507, -1.648747737362059151, -0.2481365379103316615 ) ) ;
#5196 = ORIENTED_EDGE ( 'NONE', *, *, #5693, .F. ) ;
#5197 = CARTESIAN_POINT ( 'NONE',  ( 9.344991457103285271, -1.500000000000000000, -2.000000000000002665 ) ) ;
#5198 = EDGE_CURVE ( 'NONE', #846, #1938, #5757, .T. ) ;
#5199 = DIRECTION ( 'NONE',  ( -0.07018777298906306306, -0.9900983315263910400, -0.1215687888871663930 ) ) ;
#5200 = CARTESIAN_POINT ( 'NONE',  ( 3.565483496418508924, -2.000000000000000000, 7.068890105822376313 ) ) ;
#5201 = SPHERICAL_SURFACE ( 'NONE', #2762, 1.000000000000000000 ) ;
#5202 = VERTEX_POINT ( 'NONE', #5200 ) ;
#5203 = CARTESIAN_POINT ( 'NONE',  ( -6.866756294719679410, -1.500000000000000000, -5.292429214352107003 ) ) ;
#5204 = ORIENTED_EDGE ( 'NONE', *, *, #3995, .T. ) ;
#5205 = CARTESIAN_POINT ( 'NONE',  ( 13.28608875207182649, 1.408343819019457261E-16, -6.342821298349785586 ) ) ;
#5206 = VERTEX_POINT ( 'NONE', #683 ) ;
#5207 = ORIENTED_EDGE ( 'NONE', *, *, #5198, .F. ) ;
#5208 = DIRECTION ( 'NONE',  ( -0.8660254037844387076, 0.000000000000000000, 0.4999999999999999445 ) ) ;
#5209 = AXIS2_PLACEMENT_3D ( 'NONE', #2699, #2223, #2136 ) ;
#5210 = CARTESIAN_POINT ( 'NONE',  ( 0.3500000000000011990, -2.000000000000000000, -9.592999999999999972 ) ) ;
#5211 = DIRECTION ( 'NONE',  ( 0.4999999999999950040, 0.000000000000000000, -0.8660254037844415942 ) ) ;
#5212 = FACE_OUTER_BOUND ( 'NONE', #2873, .T. ) ;
#5213 = DIRECTION ( 'NONE',  ( 0.000000000000000000, 0.000000000000000000, -1.000000000000000000 ) ) ;
#5214 = VECTOR ( 'NONE', #176, 1000.000000000000000 ) ;
#5215 = ORIENTED_EDGE ( 'NONE', *, *, #757, .F. ) ;
#5216 = CARTESIAN_POINT ( 'NONE',  ( 6.929704853323308100, 12.00000000000000000, 9.324138683375338132E-15 ) ) ;
#5217 = CARTESIAN_POINT ( 'NONE',  ( -1.149999984029639544, -1.542437716800536096, 7.119816912055354940 ) ) ;
#5218 = CARTESIAN_POINT ( 'NONE',  ( 4.897214887077075751, 0.000000000000000000, 8.482224999999948167 ) ) ;
#5219 = CARTESIAN_POINT ( 'NONE',  ( -6.593266294041574938, -1.574912004089981554, 2.405849276870484221 ) ) ;
#5220 = ADVANCED_FACE ( 'NONE', ( #3350 ), #2507, .T. ) ;
#5221 = CARTESIAN_POINT ( 'NONE',  ( 7.598102334621759546, -2.000000000000000000, 0.2697007153274035285 ) ) ;
#5222 = EDGE_CURVE ( 'NONE', #1313, #2455, #1090, .T. ) ;
#5223 = ORIENTED_EDGE ( 'NONE', *, *, #5637, .F. ) ;
#5224 = DIRECTION ( 'NONE',  ( -0.000000000000000000, 1.000000000000000000, 0.000000000000000000 ) ) ;
#5225 = CARTESIAN_POINT ( 'NONE',  ( 8.238573638654079545, -1.984343504706365113, 4.052182978816449399 ) ) ;
#5226 = DIRECTION ( 'NONE',  ( -1.000000000000000000, 0.000000000000000000, 0.000000000000000000 ) ) ;
#5227 = CARTESIAN_POINT ( 'NONE',  ( -3.889143360425719287, -1.656150218391251761, 6.563093729113993469 ) ) ;
#5228 = ORIENTED_EDGE ( 'NONE', *, *, #2169, .F. ) ;
#5229 = DIRECTION ( 'NONE',  ( 0.000000000000000000, 0.000000000000000000, -1.000000000000000000 ) ) ;
#5230 = ADVANCED_FACE ( 'NONE', ( #1106 ), #2926, .F. ) ;
#5231 = VECTOR ( 'NONE', #1127, 1000.000000000000000 ) ;
#5232 = ORIENTED_EDGE ( 'NONE', *, *, #1422, .T. ) ;
#5233 = DIRECTION ( 'NONE',  ( 0.000000000000000000, 0.000000000000000000, -1.000000000000000000 ) ) ;
#5234 = VERTEX_POINT ( 'NONE', #4817 ) ;
#5235 = EDGE_LOOP ( 'NONE', ( #3210, #585, #4937, #781, #3111 ) ) ;
#5236 = DIRECTION ( 'NONE',  ( 0.000000000000000000, 0.000000000000000000, -1.000000000000000000 ) ) ;
#5237 = CARTESIAN_POINT ( 'NONE',  ( 7.882781698504124357, -2.299999999999999822, -5.532621593216774158 ) ) ;
#5238 = LINE ( 'NONE', #2428, #2004 ) ;
#5239 = CARTESIAN_POINT ( 'NONE',  ( -8.911978755211064751, -2.000000000000000000, 1.749999999999998890 ) ) ;
#5240 = DIRECTION ( 'NONE',  ( -0.000000000000000000, -1.000000000000000000, -0.000000000000000000 ) ) ;
#5241 = VERTEX_POINT ( 'NONE', #715 ) ;
#5242 = CARTESIAN_POINT ( 'NONE',  ( 12.38833650761973892, -1.175632637425476363E-15, 5.824503798349794259 ) ) ;
#5243 = VECTOR ( 'NONE', #5277, 1000.000000000000000 ) ;
#5244 = AXIS2_PLACEMENT_3D ( 'NONE', #3039, #1638, #1605 ) ;
#5245 = CARTESIAN_POINT ( 'NONE',  ( 8.132781698504125245, -2.299999999999999822, -5.099608891324553639 ) ) ;
#5246 = DIRECTION ( 'NONE',  ( -1.734723475976805517E-15, 0.000000000000000000, -1.000000000000000000 ) ) ;
#5247 = VECTOR ( 'NONE', #2848, 1000.000000000000000 ) ;
#5248 = EDGE_CURVE ( 'NONE', #1109, #1228, #1850, .T. ) ;
#5249 = CARTESIAN_POINT ( 'NONE',  ( 7.441756294719681364, -1.500000000000000000, 4.296499999999999098 ) ) ;
#5250 = CARTESIAN_POINT ( 'NONE',  ( -6.883395241768148765, -1.986985963823151735, 2.219995462964278410 ) ) ;
#5251 = TOROIDAL_SURFACE ( 'NONE', #2679, 1.000000000000000000, 0.5000000000000000000 ) ;
#5252 = LINE ( 'NONE', #3493, #1809 ) ;
#5253 = ORIENTED_EDGE ( 'NONE', *, *, #1392, .F. ) ;
#5254 = AXIS2_PLACEMENT_3D ( 'NONE', #4377, #2037, #752 ) ;
#5255 = CARTESIAN_POINT ( 'NONE',  ( 0.000000000000000000, 0.000000000000000000, 0.000000000000000000 ) ) ;
#5256 = VECTOR ( 'NONE', #1981, 1000.000000000000000 ) ;
#5257 = CARTESIAN_POINT ( 'NONE',  ( 8.419920629376354881, -1.882483278477502520, 3.994513394674090279 ) ) ;
#5258 = EDGE_CURVE ( 'NONE', #4088, #1502, #893, .T. ) ;
#5259 = EDGE_CURVE ( 'NONE', #3625, #1974, #5822, .T. ) ;
#5260 = AXIS2_PLACEMENT_3D ( 'NONE', #3999, #5334, #5749 ) ;
#5261 = CARTESIAN_POINT ( 'NONE',  ( 3.464852426661638063, 13.00000000000000000, -6.001300443706304222 ) ) ;
#5262 = CARTESIAN_POINT ( 'NONE',  ( 8.911978755211064751, -2.000000000000000000, 1.749999999999997780 ) ) ;
#5263 = ORIENTED_EDGE ( 'NONE', *, *, #1063, .T. ) ;
#5264 = CARTESIAN_POINT ( 'NONE',  ( -7.049768996611900818, -2.000000000000000000, -5.975441916244327523 ) ) ;
#5265 = ORIENTED_EDGE ( 'NONE', *, *, #2814, .T. ) ;
#5266 = FACE_OUTER_BOUND ( 'NONE', #5817, .T. ) ;
#5267 = ORIENTED_EDGE ( 'NONE', *, *, #1786, .T. ) ;
#5268 = ORIENTED_EDGE ( 'NONE', *, *, #2280, .T. ) ;
#5269 = CARTESIAN_POINT ( 'NONE',  ( 2.940444920982763222, -1.500000000000000000, 5.092999999999999972 ) ) ;
#5270 = EDGE_CURVE ( 'NONE', #3559, #122, #1517, .T. ) ;
#5271 = EDGE_CURVE ( 'NONE', #5582, #2870, #3585, .T. ) ;
#5272 = CARTESIAN_POINT ( 'NONE',  ( -5.249845997741268810, 0.000000000000000000, 9.092999999999999972 ) ) ;
#5273 = PLANE ( 'NONE',  #5105 ) ;
#5274 = CARTESIAN_POINT ( 'NONE',  ( -7.560752083711957283, -1.648747737362059151, -0.2481365379103294411 ) ) ;
#5275 = DIRECTION ( 'NONE',  ( 0.5000000000000002220, 0.000000000000000000, -0.8660254037844384856 ) ) ;
#5276 = VERTEX_POINT ( 'NONE', #2715 ) ;
#5277 = DIRECTION ( 'NONE',  ( 0.1055419473313874562, 0.9925461516413219831, 0.06093467170257391846 ) ) ;
#5278 = EDGE_CURVE ( 'NONE', #4498, #4863, #32, .T. ) ;
#5279 = DIRECTION ( 'NONE',  ( -0.000000000000000000, -1.000000000000000000, 0.000000000000000000 ) ) ;
#5280 = AXIS2_PLACEMENT_3D ( 'NONE', #4540, #5902, #3698 ) ;
#5281 = VECTOR ( 'NONE', #2149, 1000.000000000000000 ) ;
#5282 = CARTESIAN_POINT ( 'NONE',  ( 0.4750000000000014766, -2.000000000000000000, -9.108877081724070734 ) ) ;
#5283 = DIRECTION ( 'NONE',  ( 0.8660254037844343777, 0.000000000000000000, -0.5000000000000072164 ) ) ;
#5284 = DIRECTION ( 'NONE',  ( -0.1403755459781248771, 0.9900983315263910400, 8.175237208796798203E-18 ) ) ;
#5285 = ORIENTED_EDGE ( 'NONE', *, *, #4387, .F. ) ;
#5286 = AXIS2_PLACEMENT_3D ( 'NONE', #1131, #5674, #3797 ) ;
#5287 = DIRECTION ( 'NONE',  ( 0.8660254037844387076, -0.000000000000000000, -0.4999999999999998335 ) ) ;
#5288 = LINE ( 'NONE', #5879, #4833 ) ;
#5289 = DIRECTION ( 'NONE',  ( 0.000000000000000000, -4.336808689942013792E-16, 1.000000000000000000 ) ) ;
#5290 = CARTESIAN_POINT ( 'NONE',  ( 2.940444920982763222, 0.000000000000000000, 5.092999999999999972 ) ) ;
#5291 = ORIENTED_EDGE ( 'NONE', *, *, #1911, .F. ) ;
#5292 = DIRECTION ( 'NONE',  ( 0.000000000000000000, 0.1218693434051482810, -0.9925461516413219831 ) ) ;
#5293 = ORIENTED_EDGE ( 'NONE', *, *, #1031, .T. ) ;
#5294 = CARTESIAN_POINT ( 'NONE',  ( -6.603010335502699668, -1.648747737362059151, -1.906993906338601885 ) ) ;
#5295 = ADVANCED_FACE ( 'NONE', ( #4961 ), #317, .F. ) ;
#5296 = ORIENTED_EDGE ( 'NONE', *, *, #222, .F. ) ;
#5297 = EDGE_LOOP ( 'NONE', ( #1767, #1498, #933, #4098 ) ) ;
#5298 = DIRECTION ( 'NONE',  ( 0.000000000000000000, 0.000000000000000000, -1.000000000000000000 ) ) ;
#5299 = LINE ( 'NONE', #3868, #2965 ) ;
#5300 = CARTESIAN_POINT ( 'NONE',  ( 9.412260783623846550, -2.299999999999999822, 5.030026108675446750 ) ) ;
#5301 = DIRECTION ( 'NONE',  ( -0.000000000000000000, 1.000000000000000000, 0.000000000000000000 ) ) ;
#5302 = DIRECTION ( 'NONE',  ( 0.000000000000000000, -1.000000000000000000, -0.000000000000000000 ) ) ;
#5303 = EDGE_CURVE ( 'NONE', #3201, #2940, #4579, .T. ) ;
#5304 = EDGE_CURVE ( 'NONE', #77, #4606, #4918, .T. ) ;
#5305 = ORIENTED_EDGE ( 'NONE', *, *, #4912, .T. ) ;
#5306 = VECTOR ( 'NONE', #1148, 1000.000000000000114 ) ;
#5307 = CYLINDRICAL_SURFACE ( 'NONE', #560, 0.5000000000000004441 ) ;
#5308 = AXIS2_PLACEMENT_3D ( 'NONE', #1042, #1523, #562 ) ;
#5309 = VECTOR ( 'NONE', #2273, 1000.000000000000114 ) ;
#5310 = CARTESIAN_POINT ( 'NONE',  ( 8.132781698504125245, -2.000000000000000000, -5.099608891324553639 ) ) ;
#5311 = EDGE_CURVE ( 'NONE', #717, #4734, #1310, .T. ) ;
#5312 = DIRECTION ( 'NONE',  ( -0.000000000000000000, 1.000000000000000000, -0.000000000000000000 ) ) ;
#5313 = CARTESIAN_POINT ( 'NONE',  ( -4.339096659993393779, -2.000000000000000000, 6.622244337583781615 ) ) ;
#5314 = LINE ( 'NONE', #3402, #5818 ) ;
#5315 = ORIENTED_EDGE ( 'NONE', *, *, #3036, .F. ) ;
#5316 = DIRECTION ( 'NONE',  ( -0.000000000000000000, 0.000000000000000000, -1.000000000000000000 ) ) ;
#5317 = CARTESIAN_POINT ( 'NONE',  ( 7.632781698504119028, -1.981716522001134795, 5.099608891324581172 ) ) ;
#5318 = CARTESIAN_POINT ( 'NONE',  ( 7.632781698504119916, -1.500000000000000000, 5.965634295108991125 ) ) ;
#5319 = VERTEX_POINT ( 'NONE', #1674 ) ;
#5320 = CARTESIAN_POINT ( 'NONE',  ( 5.971533834228303306, -1.500000000000000000, -6.842999999999998195 ) ) ;
#5321 = ORIENTED_EDGE ( 'NONE', *, *, #3548, .T. ) ;
#5322 = LINE ( 'NONE', #5294, #4887 ) ;
#5323 = ORIENTED_EDGE ( 'NONE', *, *, #1103, .F. ) ;
#5324 = ORIENTED_EDGE ( 'NONE', *, *, #769, .T. ) ;
#5325 = SPHERICAL_SURFACE ( 'NONE', #5019, 0.5000000000000000000 ) ;
#5326 = CARTESIAN_POINT ( 'NONE',  ( 6.404546536120517608, 0.000000000000000000, 7.092999999999999972 ) ) ;
#5327 = CYLINDRICAL_SURFACE ( 'NONE', #4636, 0.5000000000000000000 ) ;
#5328 = FACE_OUTER_BOUND ( 'NONE', #1072, .T. ) ;
#5329 = CARTESIAN_POINT ( 'NONE',  ( -1.649999999999999911, 0.000000000000000000, 8.592999999999999972 ) ) ;
#5330 = ORIENTED_EDGE ( 'NONE', *, *, #4673, .T. ) ;
#5331 = LINE ( 'NONE', #1746, #2246 ) ;
#5332 = EDGE_CURVE ( 'NONE', #924, #20, #4935, .T. ) ;
#5333 = EDGE_CURVE ( 'NONE', #1247, #4662, #3183, .T. ) ;
#5334 = DIRECTION ( 'NONE',  ( 1.000000000000000000, 0.000000000000000000, -0.000000000000000000 ) ) ;
#5335 = APPLICATION_PROTOCOL_DEFINITION ( 'international standard', 'config_control_design', 1994, #471 ) ;
#5336 = ADVANCED_FACE ( 'NONE', ( #5790 ), #4069, .T. ) ;
#5337 = CARTESIAN_POINT ( 'NONE',  ( -6.929704853323302771, 12.00000000000000000, 4.748805515486509421E-14 ) ) ;
#5338 = DIRECTION ( 'NONE',  ( -0.1055419473313874562, -0.9925461516413219831, -0.06093467170257391846 ) ) ;
#5339 = ORIENTED_EDGE ( 'NONE', *, *, #813, .F. ) ;
#5340 = CIRCLE ( 'NONE', #1902, 0.4999999999999999445 ) ;
#5341 = AXIS2_PLACEMENT_3D ( 'NONE', #3027, #5686, #4861 ) ;
#5342 = CARTESIAN_POINT ( 'NONE',  ( -1.650000000000000355, -2.000000000000001332, 9.092999999999999972 ) ) ;
#5343 = LINE ( 'NONE', #343, #4927 ) ;
#5344 = EDGE_CURVE ( 'NONE', #3421, #2335, #4480, .T. ) ;
#5345 = VECTOR ( 'NONE', #1925, 1000.000000000000227 ) ;
#5346 = DIRECTION ( 'NONE',  ( 0.4999999999999987232, 0.000000000000000000, -0.8660254037844394848 ) ) ;
#5347 = AXIS2_PLACEMENT_3D ( 'NONE', #2427, #88, #4859 ) ;
#5348 = CARTESIAN_POINT ( 'NONE',  ( 9.507906380237331589, 0.000000000000000000, -0.4962730758206579940 ) ) ;
#5349 = ORIENTED_EDGE ( 'NONE', *, *, #580, .F. ) ;
#5350 = DIRECTION ( 'NONE',  ( 2.168404344971008868E-16, -1.000000000000000000, 0.000000000000000000 ) ) ;
#5351 = VERTEX_POINT ( 'NONE', #376 ) ;
#5352 = DIRECTION ( 'NONE',  ( 0.000000000000000000, 0.000000000000000000, 1.000000000000000000 ) ) ;
#5353 = VECTOR ( 'NONE', #1737, 1000.000000000000227 ) ;
#5354 = ORIENTED_EDGE ( 'NONE', *, *, #5842, .F. ) ;
#5355 = EDGE_LOOP ( 'NONE', ( #147, #1257, #5725, #608 ) ) ;
#5356 = AXIS2_PLACEMENT_3D ( 'NONE', #5187, #1093, #2914 ) ;
#5357 = CARTESIAN_POINT ( 'NONE',  ( -5.001925607022303488, 0.000000000000000000, 8.300860712957497611 ) ) ;
#5358 = CARTESIAN_POINT ( 'NONE',  ( -5.314989181555454856, -1.591412599021612140, -4.512179096445493087 ) ) ;
#5359 = CARTESIAN_POINT ( 'NONE',  ( -9.344991457103283494, -1.500000000000000000, -2.000000000000001776 ) ) ;
#5360 = EDGE_LOOP ( 'NONE', ( #4567, #2346, #1591 ) ) ;
#5361 = FACE_OUTER_BOUND ( 'NONE', #1091, .T. ) ;
#5362 = CARTESIAN_POINT ( 'NONE',  ( -2.940444920982762778, -1.500000000000000000, -9.092999999999999972 ) ) ;
#5363 = ORIENTED_EDGE ( 'NONE', *, *, #1452, .T. ) ;
#5364 = PLANE ( 'NONE',  #5778 ) ;
#5365 = LINE ( 'NONE', #1695, #5642 ) ;
#5366 = EDGE_CURVE ( 'NONE', #3673, #5202, #2209, .T. ) ;
#5367 = LOCAL_TIME ( 8, 23, 15.00000000000000000, #2648 ) ;
#5368 = CARTESIAN_POINT ( 'NONE',  ( -1.649999999999999467, -1.500000000000000000, 9.092999999999999972 ) ) ;
#5369 = ORIENTED_EDGE ( 'NONE', *, *, #2230, .T. ) ;
#5370 = ADVANCED_FACE ( 'NONE', ( #774 ), #1664, .T. ) ;
#5371 = ADVANCED_FACE ( 'NONE', ( #3043 ), #4880, .T. ) ;
#5372 = VECTOR ( 'NONE', #3603, 1000.000000000000114 ) ;
#5373 = DIRECTION ( 'NONE',  ( -0.000000000000000000, 1.000000000000000000, 0.000000000000000000 ) ) ;
#5374 = CARTESIAN_POINT ( 'NONE',  ( 2.428612866367529932E-14, 13.00000000000000000, -8.673617379884035472E-16 ) ) ;
#5375 = CARTESIAN_POINT ( 'NONE',  ( -6.559150034430333953, -1.648747737362058707, -1.982962176231208407 ) ) ;
#5376 = VECTOR ( 'NONE', #850, 1000.000000000000000 ) ;
#5377 = LINE ( 'NONE', #684, #2287 ) ;
#5378 = VERTEX_POINT ( 'NONE', #1933 ) ;
#5379 =( BOUNDED_CURVE ( )  B_SPLINE_CURVE ( 3, ( #2107, #1212, #823, #1270 ),
 .UNSPECIFIED., .F., .T. ) 
 B_SPLINE_CURVE_WITH_KNOTS ( ( 4, 4 ),
 ( 5.763884693139957882, 6.283185307179586232 ),
 .UNSPECIFIED. ) 
 CURVE ( )  GEOMETRIC_REPRESENTATION_ITEM ( )  RATIONAL_B_SPLINE_CURVE ( ( 1.000000000000000000, 0.9776532122062893126, 0.9776532122062893126, 1.000000000000000000 ) ) 
 REPRESENTATION_ITEM ( '' )  );
#5380 = ORIENTED_EDGE ( 'NONE', *, *, #396, .T. ) ;
#5381 = FACE_OUTER_BOUND ( 'NONE', #2689, .T. ) ;
#5382 = EDGE_CURVE ( 'NONE', #3270, #2339, #976, .T. ) ;
#5383 = ORIENTED_EDGE ( 'NONE', *, *, #183, .F. ) ;
#5384 = ORIENTED_EDGE ( 'NONE', *, *, #1321, .F. ) ;
#5385 = FACE_OUTER_BOUND ( 'NONE', #2187, .T. ) ;
#5386 = VECTOR ( 'NONE', #4601, 1000.000000000000114 ) ;
#5387 = CARTESIAN_POINT ( 'NONE',  ( -5.131980514631218959, -1.629973859620787557, -4.577442710059836273 ) ) ;
#5388 = FACE_OUTER_BOUND ( 'NONE', #1762, .T. ) ;
#5389 = ORIENTED_EDGE ( 'NONE', *, *, #2048, .F. ) ;
#5390 = DIRECTION ( 'NONE',  ( 0.000000000000000000, 0.000000000000000000, 1.000000000000000000 ) ) ;
#5391 = LINE ( 'NONE', #1659, #858 ) ;
#5392 = ORIENTED_EDGE ( 'NONE', *, *, #1870, .T. ) ;
#5393 = CARTESIAN_POINT ( 'NONE',  ( -7.183590341227845677, -2.080845983731722804, -1.084202172485504434E-16 ) ) ;
#5394 = LINE ( 'NONE', #907, #309 ) ;
#5395 = AXIS2_PLACEMENT_3D ( 'NONE', #4467, #2610, #329 ) ;
#5396 = DIRECTION ( 'NONE',  ( 0.000000000000000000, 0.000000000000000000, -1.000000000000000000 ) ) ;
#5397 = PERSON_AND_ORGANIZATION ( #2951, #4141 ) ;
#5398 = AXIS2_PLACEMENT_3D ( 'NONE', #1263, #355, #3086 ) ;
#5399 = VECTOR ( 'NONE', #394, 1000.000000000000000 ) ;
#5400 = CARTESIAN_POINT ( 'NONE',  ( -0.5455172325231717467, -2.000000000000000444, -9.127084552869598966 ) ) ;
#5401 = CARTESIAN_POINT ( 'NONE',  ( -5.296838408202645176, -2.000000000000000000, -4.963386969155513029 ) ) ;
#5402 = ORIENTED_EDGE ( 'NONE', *, *, #1140, .T. ) ;
#5403 = LINE ( 'NONE', #2685, #5038 ) ;
#5404 = CARTESIAN_POINT ( 'NONE',  ( 7.638666241565539750, -2.000000000000000000, 5.010275253638357462 ) ) ;
#5405 = EDGE_CURVE ( 'NONE', #1008, #1032, #2417, .T. ) ;
#5406 = EDGE_CURVE ( 'NONE', #2810, #2753, #3644, .T. ) ;
#5407 = CARTESIAN_POINT ( 'NONE',  ( -8.911978755211062975, -1.500000000000000000, 1.749999999999998224 ) ) ;
#5408 = CARTESIAN_POINT ( 'NONE',  ( 1.149999999999999911, -1.500000000000000000, 7.157362632277970427 ) ) ;
#5409 = ORIENTED_EDGE ( 'NONE', *, *, #581, .T. ) ;
#5410 = ORIENTED_EDGE ( 'NONE', *, *, #140, .F. ) ;
#5411 = DIRECTION ( 'NONE',  ( -0.5000000000000002220, 0.000000000000000000, 0.8660254037844385966 ) ) ;
#5412 = EDGE_LOOP ( 'NONE', ( #202, #2403, #4722, #5795 ) ) ;
#5413 = ORIENTED_EDGE ( 'NONE', *, *, #2770, .F. ) ;
#5414 = LINE ( 'NONE', #4437, #2917 ) ;
#5415 = EDGE_CURVE ( 'NONE', #5806, #3070, #3761, .T. ) ;
#5416 = LINE ( 'NONE', #2663, #3454 ) ;
#5417 = DIRECTION ( 'NONE',  ( -0.9900983315263911511, -0.1403755459781245440, 0.000000000000000000 ) ) ;
#5418 = DIRECTION ( 'NONE',  ( -1.000000000000000000, 0.000000000000000000, -0.000000000000000000 ) ) ;
#5419 = LINE ( 'NONE', #4024, #84 ) ;
#5420 = ORIENTED_EDGE ( 'NONE', *, *, #4509, .T. ) ;
#5421 = DIRECTION ( 'NONE',  ( -3.469446951953611033E-15, 0.000000000000000000, -1.000000000000000000 ) ) ;
#5422 = FACE_OUTER_BOUND ( 'NONE', #4483, .T. ) ;
#5423 = CARTESIAN_POINT ( 'NONE',  ( 3.721747197098146831, -2.000000000000000000, 7.068890105768907084 ) ) ;
#5424 = CARTESIAN_POINT ( 'NONE',  ( 11.23833650761973857, -1.175632637425476363E-15, 7.816362227054002965 ) ) ;
#5425 = CARTESIAN_POINT ( 'NONE',  ( -6.773457863650166999, -1.499999999999998890, -2.582752101786874199 ) ) ;
#5426 = LINE ( 'NONE', #340, #1932 ) ;
#5427 = ORIENTED_EDGE ( 'NONE', *, *, #2110, .F. ) ;
#5428 = EDGE_CURVE ( 'NONE', #66, #868, #3732, .T. ) ;
#5429 = DIRECTION ( 'NONE',  ( -0.5000000000000001110, 8.673617379884036458E-16, 0.8660254037844387076 ) ) ;
#5430 =( BOUNDED_CURVE ( )  B_SPLINE_CURVE ( 3, ( #4084, #5780, #362, #1234 ),
 .UNSPECIFIED., .F., .T. ) 
 B_SPLINE_CURVE_WITH_KNOTS ( ( 4, 4 ),
 ( 2.622292039550162546, 3.660893267629423242 ),
 .UNSPECIFIED. ) 
 CURVE ( )  GEOMETRIC_REPRESENTATION_ITEM ( )  RATIONAL_B_SPLINE_CURVE ( ( 1.000000000000000000, 0.9121109855992486359, 0.9121109855992486359, 1.000000000000000000 ) ) 
 REPRESENTATION_ITEM ( '' )  );
#5431 = CARTESIAN_POINT ( 'NONE',  ( 0.000000000000000000, -2.299999999999999822, 0.000000000000000000 ) ) ;
#5432 = CARTESIAN_POINT ( 'NONE',  ( 5.971533834228297977, -1.500000000000000000, 6.842999999999999972 ) ) ;
#5433 = VECTOR ( 'NONE', #2298, 1000.000000000000227 ) ;
#5434 = LINE ( 'NONE', #2743, #945 ) ;
#5435 = EDGE_LOOP ( 'NONE', ( #1402, #5100, #2698, #1045 ) ) ;
#5436 = ORIENTED_EDGE ( 'NONE', *, *, #3323, .T. ) ;
#5437 = ORIENTED_EDGE ( 'NONE', *, *, #1681, .F. ) ;
#5438 = ADVANCED_FACE ( 'NONE', ( #2742 ), #1367, .T. ) ;
#5439 = ORIENTED_EDGE ( 'NONE', *, *, #2076, .F. ) ;
#5440 = ADVANCED_FACE ( 'NONE', ( #3671 ), #5550, .T. ) ;
#5441 = VECTOR ( 'NONE', #4144, 1000.000000000000227 ) ;
#5442 = CARTESIAN_POINT ( 'NONE',  ( -4.953010335502701977, -1.648747737362059151, 4.764877738827246745 ) ) ;
#5443 = AXIS2_PLACEMENT_3D ( 'NONE', #421, #5418, #4583 ) ;
#5444 = DIRECTION ( 'NONE',  ( 1.000000000000000000, 0.000000000000000000, 0.000000000000000000 ) ) ;
#5445 = FACE_OUTER_BOUND ( 'NONE', #3221, .T. ) ;
#5446 = CARTESIAN_POINT ( 'NONE',  ( -1.357106781186547373, 2.347749716426938829E-16, 6.469430878194188494 ) ) ;
#5447 = CIRCLE ( 'NONE', #1919, 0.4999999999999996669 ) ;
#5448 = DIRECTION ( 'NONE',  ( 0.000000000000000000, 0.000000000000000000, -1.000000000000000000 ) ) ;
#5449 = VECTOR ( 'NONE', #1656, 1000.000000000000114 ) ;
#5450 = ORIENTED_EDGE ( 'NONE', *, *, #3332, .T. ) ;
#5451 = ADVANCED_FACE ( 'NONE', ( #5906 ), #4570, .T. ) ;
#5452 = EDGE_CURVE ( 'NONE', #4687, #5319, #3378, .T. ) ;
#5453 = CARTESIAN_POINT ( 'NONE',  ( -6.456563726095974509, -1.648747737362059373, 2.160646874427242903 ) ) ;
#5454 = B_SPLINE_CURVE_WITH_KNOTS ( 'NONE', 3,
 ( #3173, #357, #903, #5478, #2725, #3654 ),
 .UNSPECIFIED., .F., .F.,
 ( 4, 2, 4 ),
 ( 0.0004140613940813168059, 0.0006365193029002195503, 0.0008589772117191224032 ),
 .UNSPECIFIED. ) ;
#5455 = AXIS2_PLACEMENT_3D ( 'NONE', #5249, #190, #2019 ) ;
#5456 = DIRECTION ( 'NONE',  ( 0.000000000000000000, 0.000000000000000000, -1.000000000000000000 ) ) ;
#5457 = CARTESIAN_POINT ( 'NONE',  ( 3.652642293001634233, -1.653574242655809767, 6.672464265499035818 ) ) ;
#5458 = DIRECTION ( 'NONE',  ( 0.000000000000000000, 0.000000000000000000, -1.000000000000000000 ) ) ;
#5459 = ORIENTED_EDGE ( 'NONE', *, *, #5876, .F. ) ;
#5460 = EDGE_CURVE ( 'NONE', #4588, #3109, #1849, .T. ) ;
#5461 = CARTESIAN_POINT ( 'NONE',  ( -1.584539031685114896, -1.648747734488039240, 6.671871644812961577 ) ) ;
#5462 = DIRECTION ( 'NONE',  ( -0.5000000000000011102, 0.000000000000000000, -0.8660254037844381525 ) ) ;
#5463 = EDGE_LOOP ( 'NONE', ( #39, #4146, #3685, #1411, #2412, #2994 ) ) ;
#5464 = DIRECTION ( 'NONE',  ( -1.000000000000000000, -0.000000000000000000, -0.000000000000000000 ) ) ;
#5465 = CARTESIAN_POINT ( 'NONE',  ( -7.917030240048504197, -2.000000000000000000, -0.4250815908215194172 ) ) ;
#5466 = CARTESIAN_POINT ( 'NONE',  ( 0.8500000000000013101, -1.500000000000000000, -9.592999999999999972 ) ) ;
#5467 = VERTEX_POINT ( 'NONE', #3308 ) ;
#5468 = EDGE_LOOP ( 'NONE', ( #5267, #3927, #2212, #463 ) ) ;
#5469 = AXIS2_PLACEMENT_3D ( 'NONE', #4871, #5786, #2562 ) ;
#5470 = ORIENTED_EDGE ( 'NONE', *, *, #2380, .F. ) ;
#5471 = ORIENTED_EDGE ( 'NONE', *, *, #1430, .F. ) ;
#5472 = DIRECTION ( 'NONE',  ( 0.9900983315263911511, -0.1403755459781249881, 0.000000000000000000 ) ) ;
#5473 = VECTOR ( 'NONE', #2866, 1000.000000000000000 ) ;
#5474 = LINE ( 'NONE', #2247, #1539 ) ;
#5475 = ADVANCED_FACE ( 'NONE', ( #1005 ), #4123, .T. ) ;
#5476 = DIRECTION ( 'NONE',  ( 0.07018777298906304918, 0.9900983315263910400, 0.1215687888871663930 ) ) ;
#5477 = VERTEX_POINT ( 'NONE', #3278 ) ;
#5478 = CARTESIAN_POINT ( 'NONE',  ( 8.242283271818712009, -1.983351050614474476, -4.049893763634857535 ) ) ;
#5479 = CARTESIAN_POINT ( 'NONE',  ( -8.266756294719684206, 0.000000000000000000, -2.867558083755680443 ) ) ;
#5480 = ORIENTED_EDGE ( 'NONE', *, *, #1903, .T. ) ;
#5481 = AXIS2_PLACEMENT_3D ( 'NONE', #2955, #1553, #4786 ) ;
#5482 = CARTESIAN_POINT ( 'NONE',  ( -5.971533834228299753, -2.000000000000000000, 6.842999999999999083 ) ) ;
#5483 = CARTESIAN_POINT ( 'NONE',  ( 6.404546536120523825, -2.000000000000000000, -7.092999999999998195 ) ) ;
#5484 = ADVANCED_FACE ( 'NONE', ( #4658 ), #2381, .T. ) ;
#5485 = DIRECTION ( 'NONE',  ( -0.5000000000000001110, 0.000000000000000000, 0.8660254037844385966 ) ) ;
#5486 = ADVANCED_FACE ( 'NONE', ( #5076 ), #2265, .T. ) ;
#5487 = DIRECTION ( 'NONE',  ( -1.127570259384924611E-14, 1.734723475976807094E-15, -1.000000000000000000 ) ) ;
#5488 = ORIENTED_EDGE ( 'NONE', *, *, #4065, .F. ) ;
#5489 = CARTESIAN_POINT ( 'NONE',  ( -1.172141725503342169, -1.676112405285025364, 7.001551537920594370 ) ) ;
#5490 = EDGE_CURVE ( 'NONE', #4825, #77, #527, .T. ) ;
#5491 = DIRECTION ( 'NONE',  ( 0.000000000000000000, 1.000000000000000000, 0.000000000000000000 ) ) ;
#5492 = ORIENTED_EDGE ( 'NONE', *, *, #1870, .F. ) ;
#5493 = AXIS2_PLACEMENT_3D ( 'NONE', #4893, #389, #5803 ) ;
#5494 = CIRCLE ( 'NONE', #2821, 3.500000000000000000 ) ;
#5495 = CARTESIAN_POINT ( 'NONE',  ( 4.339096659993391114, -2.000000000000000000, -6.622244337583782503 ) ) ;
#5496 = AXIS2_PLACEMENT_3D ( 'NONE', #5025, #4635, #475 ) ;
#5497 = CARTESIAN_POINT ( 'NONE',  ( -5.296838408202643400, -2.000000000000000000, -4.963386969155515693 ) ) ;
#5498 = ORIENTED_EDGE ( 'NONE', *, *, #2084, .F. ) ;
#5499 = EDGE_LOOP ( 'NONE', ( #5739, #2152, #2745, #953 ) ) ;
#5500 = ORIENTED_EDGE ( 'NONE', *, *, #3554, .T. ) ;
#5501 = ORIENTED_EDGE ( 'NONE', *, *, #1328, .F. ) ;
#5502 = CARTESIAN_POINT ( 'NONE',  ( -8.653982226176298198, -0.1616919674634460236, 5.963111948670274387E-14 ) ) ;
#5503 = CARTESIAN_POINT ( 'NONE',  ( 0.000000000000000000, 0.000000000000000000, 0.000000000000000000 ) ) ;
#5504 = CARTESIAN_POINT ( 'NONE',  ( -2.940444920982762778, 0.000000000000000000, -9.092999999999999972 ) ) ;
#5505 = EDGE_LOOP ( 'NONE', ( #2142, #5009, #4633, #3522 ) ) ;
#5506 = PLANE ( 'NONE',  #2577 ) ;
#5507 = ORIENTED_EDGE ( 'NONE', *, *, #3544, .T. ) ;
#5508 = DIRECTION ( 'NONE',  ( -0.1403755459781253212, 0.9900983315263911511, 4.914921493052578257E-16 ) ) ;
#5509 = EDGE_LOOP ( 'NONE', ( #2748, #5765, #565, #943 ) ) ;
#5510 = CARTESIAN_POINT ( 'NONE',  ( 12.38833650761973892, -1.175632637425476363E-15, 5.824503798349794259 ) ) ;
#5511 = DIRECTION ( 'NONE',  ( 0.000000000000000000, 0.000000000000000000, 1.000000000000000000 ) ) ;
#5512 = DIRECTION ( 'NONE',  ( 0.8660254037844385966, 0.000000000000000000, 0.5000000000000000000 ) ) ;
#5513 = CARTESIAN_POINT ( 'NONE',  ( -8.911978755211064751, -2.000000000000000000, 1.749999999999995115 ) ) ;
#5514 = VERTEX_POINT ( 'NONE', #5495 ) ;
#5515 = EDGE_CURVE ( 'NONE', #1119, #1370, #4626, .T. ) ;
#5516 = EDGE_CURVE ( 'NONE', #3963, #3201, #3341, .T. ) ;
#5517 = CARTESIAN_POINT ( 'NONE',  ( -6.548516351021658188, -1.644876120491532090, -2.026653045245890183 ) ) ;
#5518 = VECTOR ( 'NONE', #3465, 1000.000000000000000 ) ;
#5519 = ORIENTED_EDGE ( 'NONE', *, *, #3081, .T. ) ;
#5520 = EDGE_CURVE ( 'NONE', #1278, #5763, #4816, .T. ) ;
#5521 = DIRECTION ( 'NONE',  ( -0.5000000000000003331, 0.000000000000000000, 0.8660254037844385966 ) ) ;
#5522 = CARTESIAN_POINT ( 'NONE',  ( 8.132781698504119916, -2.299999999999999822, 5.099608891324550974 ) ) ;
#5523 = VERTEX_POINT ( 'NONE', #4272 ) ;
#5524 = ORIENTED_EDGE ( 'NONE', *, *, #4361, .F. ) ;
#5525 = ORIENTED_EDGE ( 'NONE', *, *, #572, .F. ) ;
#5526 = ORIENTED_EDGE ( 'NONE', *, *, #4877, .F. ) ;
#5527 = ADVANCED_FACE ( 'NONE', ( #4810 ), #191, .T. ) ;
#5528 = DIRECTION ( 'NONE',  ( 0.000000000000000000, -1.000000000000000000, -0.000000000000000000 ) ) ;
#5529 = AXIS2_PLACEMENT_3D ( 'NONE', #3748, #937, #1841 ) ;
#5530 = CARTESIAN_POINT ( 'NONE',  ( -1.149999999999999911, 0.000000000000000000, 5.519730000000001802 ) ) ;
#5531 = ORIENTED_EDGE ( 'NONE', *, *, #3986, .F. ) ;
#5532 = DIRECTION ( 'NONE',  ( -0.000000000000000000, 1.000000000000000000, 0.000000000000000000 ) ) ;
#5533 = ORIENTED_EDGE ( 'NONE', *, *, #3331, .T. ) ;
#5534 = CARTESIAN_POINT ( 'NONE',  ( 8.482781698504123113, -2.299999999999999822, -4.493391108675447221 ) ) ;
#5535 = AXIS2_PLACEMENT_3D ( 'NONE', #5534, #1380, #59 ) ;
#5536 = ORIENTED_EDGE ( 'NONE', *, *, #5191, .F. ) ;
#5537 = AXIS2_PLACEMENT_3D ( 'NONE', #2819, #2369, #4708 ) ;
#5538 = DIRECTION ( 'NONE',  ( -0.4999999999999998890, 0.000000000000000000, -0.8660254037844385966 ) ) ;
#5539 = LINE ( 'NONE', #994, #2680 ) ;
#5540 = AXIS2_PLACEMENT_3D ( 'NONE', #1046, #599, #630 ) ;
#5541 = DIRECTION ( 'NONE',  ( -0.4999999999999998890, -0.000000000000000000, -0.8660254037844385966 ) ) ;
#5542 = VECTOR ( 'NONE', #3169, 1000.000000000000114 ) ;
#5543 = DIRECTION ( 'NONE',  ( -1.000000000000000000, -0.000000000000000000, 1.136038115225493287E-14 ) ) ;
#5544 = ORIENTED_EDGE ( 'NONE', *, *, #2888, .F. ) ;
#5545 = CIRCLE ( 'NONE', #93, 1.000000000000000000 ) ;
#5546 = CYLINDRICAL_SURFACE ( 'NONE', #2587, 0.5000000000000004441 ) ;
#5547 = CYLINDRICAL_SURFACE ( 'NONE', #5280, 0.4999999999999998890 ) ;
#5548 = EDGE_CURVE ( 'NONE', #833, #3470, #3279, .T. ) ;
#5549 = ORIENTED_EDGE ( 'NONE', *, *, #1934, .F. ) ;
#5550 = CYLINDRICAL_SURFACE ( 'NONE', #703, 0.5000000000000000000 ) ;
#5551 = ADVANCED_FACE ( 'NONE', ( #161 ), #5758, .T. ) ;
#5552 = CARTESIAN_POINT ( 'NONE',  ( 7.628377577043921498, -1.656150218391249984, 0.08655008453127448209 ) ) ;
#5553 = ORIENTED_EDGE ( 'NONE', *, *, #2044, .T. ) ;
#5554 = ADVANCED_FACE ( 'NONE', ( #1637 ), #130, .T. ) ;
#5555 = ORIENTED_EDGE ( 'NONE', *, *, #4094, .T. ) ;
#5556 = CARTESIAN_POINT ( 'NONE',  ( -5.377165403927627985, -1.587134407174383588, -4.432413512570900771 ) ) ;
#5557 = DIRECTION ( 'NONE',  ( -0.1403755459781250159, -0.9900983315263910400, 9.600144762208955454E-16 ) ) ;
#5558 = AXIS2_PLACEMENT_3D ( 'NONE', #126, #246, #5246 ) ;
#5559 = LINE ( 'NONE', #3288, #4837 ) ;
#5560 = VERTEX_POINT ( 'NONE', #5670 ) ;
#5561 = CARTESIAN_POINT ( 'NONE',  ( 1.250167133169205469, -1.591412599021601260, 6.859005200289208126 ) ) ;
#5562 = ADVANCED_FACE ( 'NONE', ( #1990 ), #3820, .T. ) ;
#5563 = EDGE_LOOP ( 'NONE', ( #1371, #5909, #867, #1456 ) ) ;
#5564 = CARTESIAN_POINT ( 'NONE',  ( -6.946838408202647308, -1.600000000000000089, -2.105503136666865061 ) ) ;
#5565 = EDGE_LOOP ( 'NONE', ( #4995, #2178, #2600, #4076, #1066, #4834, #5622, #3542 ) ) ;
#5566 = CARTESIAN_POINT ( 'NONE',  ( -2.699942782018129428, 10.49999999999999822, -4.676438075984266085 ) ) ;
#5567 = AXIS2_PLACEMENT_3D ( 'NONE', #3410, #230, #5292 ) ;
#5568 = CARTESIAN_POINT ( 'NONE',  ( 7.632781698504119916, -1.500000000000000000, 4.965634295108991125 ) ) ;
#5569 = CARTESIAN_POINT ( 'NONE',  ( -3.995268587293443474, -1.648747737362061150, -6.423735107255519772 ) ) ;
#5570 = LINE ( 'NONE', #1982, #4205 ) ;
#5571 = DIRECTION ( 'NONE',  ( 1.000000000000000000, 0.000000000000000000, 0.000000000000000000 ) ) ;
#5572 = AXIS2_PLACEMENT_3D ( 'NONE', #2568, #5226, #3467 ) ;
#5573 = EDGE_LOOP ( 'NONE', ( #5492, #3831, #2251, #5410, #3293 ) ) ;
#5574 = DIRECTION ( 'NONE',  ( -0.000000000000000000, -1.000000000000000000, -0.000000000000000000 ) ) ;
#5575 = CC_DESIGN_PERSON_AND_ORGANIZATION_ASSIGNMENT ( #824, #3096, ( #2023 ) ) ;
#5576 = CARTESIAN_POINT ( 'NONE',  ( -3.565483496418509368, -1.648747737362059373, -6.671871645165849074 ) ) ;
#5577 = CARTESIAN_POINT ( 'NONE',  ( 3.889143360425745932, -1.656150218391243767, -6.563093729113975705 ) ) ;
#5578 = ORIENTED_EDGE ( 'NONE', *, *, #2528, .F. ) ;
#5579 = CARTESIAN_POINT ( 'NONE',  ( 4.326991113088240581, -0.1616919674634454684, 7.494568451767630535 ) ) ;
#5580 = TOROIDAL_SURFACE ( 'NONE', #5493, 3.500000000000000000, 0.5000000000000000000 ) ;
#5581 = CARTESIAN_POINT ( 'NONE',  ( -5.329568894867443341, -2.000000000000000888, 4.906696109086113644 ) ) ;
#5582 = VERTEX_POINT ( 'NONE', #2946 ) ;
#5583 = ORIENTED_EDGE ( 'NONE', *, *, #541, .T. ) ;
#5584 = AXIS2_PLACEMENT_3D ( 'NONE', #155, #215, #1542 ) ;
#5585 = CARTESIAN_POINT ( 'NONE',  ( -6.866756294719684739, 1.408343819019457261E-16, 5.292429214352106115 ) ) ;
#5586 = DIRECTION ( 'NONE',  ( -3.515861872400556154E-15, 0.1218693434051477398, -0.9925461516413219831 ) ) ;
#5587 = TOROIDAL_SURFACE ( 'NONE', #722, 3.500000000000000000, 0.5000000000000000000 ) ;
#5588 = EDGE_CURVE ( 'NONE', #1008, #3673, #4777, .T. ) ;
#5589 = EDGE_CURVE ( 'NONE', #871, #261, #4036, .T. ) ;
#5590 = AXIS2_PLACEMENT_3D ( 'NONE', #5502, #4552, #5472 ) ;
#5591 = CARTESIAN_POINT ( 'NONE',  ( -6.616756294719683851, -1.500000000000000000, 5.725441916244324858 ) ) ;
#5592 = CARTESIAN_POINT ( 'NONE',  ( -3.565483496418513365, -2.000000000000000000, 6.714999999999998970 ) ) ;
#5593 = ORIENTED_EDGE ( 'NONE', *, *, #3337, .F. ) ;
#5594 = DIRECTION ( 'NONE',  ( -0.5000000000000003331, 0.000000000000000000, -0.8660254037844385966 ) ) ;
#5595 = VERTEX_POINT ( 'NONE', #1782 ) ;
#5596 = DIRECTION ( 'NONE',  ( -0.5000000000000001110, 0.000000000000000000, -0.8660254037844387076 ) ) ;
#5597 = EDGE_LOOP ( 'NONE', ( #4053, #3324, #3884, #719 ) ) ;
#5598 = VERTEX_POINT ( 'NONE', #2650 ) ;
#5599 = ADVANCED_FACE ( 'NONE', ( #3521 ), #4476, .F. ) ;
#5600 = DIRECTION ( 'NONE',  ( -0.8660254037844393737, 0.000000000000000000, 0.4999999999999987232 ) ) ;
#5601 = DIRECTION ( 'NONE',  ( -0.000000000000000000, 1.000000000000000000, 0.000000000000000000 ) ) ;
#5602 = DIRECTION ( 'NONE',  ( -0.000000000000000000, 1.000000000000000000, -0.000000000000000000 ) ) ;
#5603 = DIRECTION ( 'NONE',  ( 0.000000000000000000, -3.252606517456516753E-16, 1.000000000000000000 ) ) ;
#5604 = ORIENTED_EDGE ( 'NONE', *, *, #5304, .F. ) ;
#5605 = DIRECTION ( 'NONE',  ( 1.000000000000000000, 0.000000000000000000, 0.000000000000000000 ) ) ;
#5606 = CARTESIAN_POINT ( 'NONE',  ( 2.699942782018129872, 11.00000000000000000, -4.676438075984265197 ) ) ;
#5607 = CIRCLE ( 'NONE', #4184, 0.4999999999999995559 ) ;
#5608 = CARTESIAN_POINT ( 'NONE',  ( 1.357106781186547595, 4.157463318486087282E-16, 6.469430878194189383 ) ) ;
#5609 = CARTESIAN_POINT ( 'NONE',  ( -6.530171928595319031, -1.629973859620792886, 2.155704142367442788 ) ) ;
#5610 = ORIENTED_EDGE ( 'NONE', *, *, #1858, .F. ) ;
#5611 = LOCAL_TIME ( 8, 23, 15.00000000000000000, #3459 ) ;
#5612 = EDGE_CURVE ( 'NONE', #4577, #4274, #403, .T. ) ;
#5613 = ORIENTED_EDGE ( 'NONE', *, *, #100, .T. ) ;
#5614 = DIRECTION ( 'NONE',  ( -0.5000000000000002220, 0.000000000000000000, 0.8660254037844385966 ) ) ;
#5615 = DIRECTION ( 'NONE',  ( -0.8660254037844390407, 0.000000000000000000, -0.4999999999999993339 ) ) ;
#5616 = CARTESIAN_POINT ( 'NONE',  ( -3.565483496418513809, -2.000000000000000000, 7.068890105822376313 ) ) ;
#5617 = ORIENTED_EDGE ( 'NONE', *, *, #3847, .T. ) ;
#5618 = CARTESIAN_POINT ( 'NONE',  ( 1.213106555574518408, -1.751808886032482970, 7.112806295615444974 ) ) ;
#5619 = ORIENTED_EDGE ( 'NONE', *, *, #1545, .T. ) ;
#5620 = CYLINDRICAL_SURFACE ( 'NONE', #5638, 0.4000000000000001332 ) ;
#5621 = EDGE_CURVE ( 'NONE', #3580, #1247, #856, .T. ) ;
#5622 = ORIENTED_EDGE ( 'NONE', *, *, #5460, .T. ) ;
#5623 = ORIENTED_EDGE ( 'NONE', *, *, #1129, .T. ) ;
#5624 = FACE_OUTER_BOUND ( 'NONE', #1766, .T. ) ;
#5625 = CARTESIAN_POINT ( 'NONE',  ( 8.549768996611902594, -1.500000000000000000, -3.377365704891008846 ) ) ;
#5626 = LINE ( 'NONE', #1537, #2676 ) ;
#5627 = AXIS2_PLACEMENT_3D ( 'NONE', #2987, #2210, #2773 ) ;
#5628 = DIRECTION ( 'NONE',  ( 0.000000000000000000, 1.000000000000000000, 0.000000000000000000 ) ) ;
#5629 = EDGE_CURVE ( 'NONE', #417, #926, #3849, .T. ) ;
#5630 = ADVANCED_FACE ( 'NONE', ( #1753 ), #2141, .F. ) ;
#5631 = AXIS2_PLACEMENT_3D ( 'NONE', #1379, #2188, #5390 ) ;
#5632 = ORIENTED_EDGE ( 'NONE', *, *, #3737, .T. ) ;
#5633 = CYLINDRICAL_SURFACE ( 'NONE', #854, 0.5000000000000004441 ) ;
#5634 = AXIS2_PLACEMENT_3D ( 'NONE', #4739, #5628, #1540 ) ;
#5635 = AXIS2_PLACEMENT_3D ( 'NONE', #3267, #2368, #3297 ) ;
#5636 = CARTESIAN_POINT ( 'NONE',  ( -4.183384879398481360, -1.600000000000000089, 6.891945052911187197 ) ) ;
#5637 = EDGE_CURVE ( 'NONE', #445, #1259, #5426, .T. ) ;
#5638 = AXIS2_PLACEMENT_3D ( 'NONE', #2840, #2394, #4791 ) ;
#5639 = VECTOR ( 'NONE', #583, 1000.000000000000114 ) ;
#5640 = CARTESIAN_POINT ( 'NONE',  ( -5.029391197350847165, -1.644876120491553850, -4.657854994459597719 ) ) ;
#5641 = CARTESIAN_POINT ( 'NONE',  ( -6.669913060601359689, -1.538934585290527179, 2.507943310779721990 ) ) ;
#5642 = VECTOR ( 'NONE', #4840, 1000.000000000000114 ) ;
#5643 = CARTESIAN_POINT ( 'NONE',  ( -5.623457863650186184, -1.500000000000000000, 4.574610530491091787 ) ) ;
#5644 = ORIENTED_EDGE ( 'NONE', *, *, #4427, .F. ) ;
#5645 = DIRECTION ( 'NONE',  ( 0.000000000000000000, -1.000000000000000000, -0.000000000000000000 ) ) ;
#5646 = CARTESIAN_POINT ( 'NONE',  ( -5.249845997741268810, -2.000000000000000000, 9.092999999999999972 ) ) ;
#5647 = CYLINDRICAL_SURFACE ( 'NONE', #5481, 0.5000000000000004441 ) ;
#5648 = DIRECTION ( 'NONE',  ( 0.5000000000000071054, -0.000000000000000000, 0.8660254037844344888 ) ) ;
#5649 = ORIENTED_EDGE ( 'NONE', *, *, #283, .T. ) ;
#5650 = CARTESIAN_POINT ( 'NONE',  ( -6.613956040248536006, -1.175632637425476363E-15, -2.490663681109705596 ) ) ;
#5651 = VERTEX_POINT ( 'NONE', #1244 ) ;
#5652 = PLANE ( 'NONE',  #2007 ) ;
#5653 = ORIENTED_EDGE ( 'NONE', *, *, #4717, .F. ) ;
#5654 = ORIENTED_EDGE ( 'NONE', *, *, #4902, .F. ) ;
#5655 = CARTESIAN_POINT ( 'NONE',  ( -6.404546536120520273, -1.500000000000000000, 7.092999999999999972 ) ) ;
#5656 = CYLINDRICAL_SURFACE ( 'NONE', #2200, 0.5000000000000000000 ) ;
#5657 = CARTESIAN_POINT ( 'NONE',  ( -5.208398182642424601, -1.301042606982605321E-15, -4.334975711931501330 ) ) ;
#5658 = LINE ( 'NONE', #1894, #1239 ) ;
#5659 = LINE ( 'NONE', #1953, #3918 ) ;
#5660 = ORIENTED_EDGE ( 'NONE', *, *, #2202, .F. ) ;
#5661 = AXIS2_PLACEMENT_3D ( 'NONE', #462, #4150, #41 ) ;
#5662 = DIRECTION ( 'NONE',  ( -0.5000000000000011102, 0.000000000000000000, -0.8660254037844380415 ) ) ;
#5663 = EDGE_CURVE ( 'NONE', #1228, #2538, #3750, .T. ) ;
#5664 = EDGE_CURVE ( 'NONE', #1177, #4256, #1067, .T. ) ;
#5665 = FACE_OUTER_BOUND ( 'NONE', #3703, .T. ) ;
#5666 = CARTESIAN_POINT ( 'NONE',  ( 3.739234216618175122, -1.656150218391256423, -6.649643813645265134 ) ) ;
#5667 = AXIS2_PLACEMENT_3D ( 'NONE', #496, #73, #1033 ) ;
#5668 = EDGE_CURVE ( 'NONE', #4214, #417, #4248, .T. ) ;
#5669 = CARTESIAN_POINT ( 'NONE',  ( -8.266756294719691311, -1.500000000000000000, -2.867558083755685772 ) ) ;
#5670 = CARTESIAN_POINT ( 'NONE',  ( 7.882781698504120804, -1.500000000000000000, 5.532621593216772382 ) ) ;
#5671 = ORIENTED_EDGE ( 'NONE', *, *, #3599, .F. ) ;
#5672 = DIRECTION ( 'NONE',  ( 0.8660254037844410391, 0.000000000000000000, 0.4999999999999958922 ) ) ;
#5673 = CARTESIAN_POINT ( 'NONE',  ( -2.699942782018126763, 10.49999999999999822, -4.676438075984266085 ) ) ;
#5674 = DIRECTION ( 'NONE',  ( 1.000000000000000000, 0.000000000000000000, 0.000000000000000000 ) ) ;
#5675 = ORIENTED_EDGE ( 'NONE', *, *, #5663, .T. ) ;
#5676 = LINE ( 'NONE', #3019, #1085 ) ;
#5677 = VERTEX_POINT ( 'NONE', #3491 ) ;
#5678 = DIRECTION ( 'NONE',  ( 0.000000000000000000, -1.000000000000000000, -0.000000000000000000 ) ) ;
#5679 = VERTEX_POINT ( 'NONE', #796 ) ;
#5680 = VECTOR ( 'NONE', #3101, 1000.000000000000000 ) ;
#5681 = VERTEX_POINT ( 'NONE', #2621 ) ;
#5682 = DIRECTION ( 'NONE',  ( 0.8660254037844405950, 0.000000000000000000, 0.4999999999999966693 ) ) ;
#5683 = CIRCLE ( 'NONE', #5584, 0.5000000000000004441 ) ;
#5684 = DIRECTION ( 'NONE',  ( 0.8660254037844384856, 0.000000000000000000, -0.5000000000000002220 ) ) ;
#5685 = CARTESIAN_POINT ( 'NONE',  ( 8.549768996611902594, 0.000000000000000000, -3.377365704891008846 ) ) ;
#5686 = DIRECTION ( 'NONE',  ( 0.1055419473313874423, 0.9925461516413219831, 0.06093467170257391152 ) ) ;
#5687 = CARTESIAN_POINT ( 'NONE',  ( -3.995268587293446139, -1.648747737362059151, 6.423735107255517107 ) ) ;
#5688 = EDGE_LOOP ( 'NONE', ( #1954, #2958, #4668 ) ) ;
#5689 = LINE ( 'NONE', #5242, #5306 ) ;
#5690 = DIRECTION ( 'NONE',  ( -0.8660254037844384856, 0.000000000000000000, -0.5000000000000002220 ) ) ;
#5691 = DIRECTION ( 'NONE',  ( -0.1055419473313874423, -0.9925461516413219831, -0.06093467170257391152 ) ) ;
#5692 = EDGE_CURVE ( 'NONE', #5734, #453, #3038, .T. ) ;
#5693 = EDGE_CURVE ( 'NONE', #2784, #2538, #2171, .T. ) ;
#5694 = DIRECTION ( 'NONE',  ( 0.000000000000000000, 0.000000000000000000, -1.000000000000000000 ) ) ;
#5695 = CARTESIAN_POINT ( 'NONE',  ( -6.649592360496908050, -1.676112405285025808, 2.485671257838673043 ) ) ;
#5696 = CARTESIAN_POINT ( 'NONE',  ( -3.565483496418510256, -1.648747737362059151, -6.671871645165849074 ) ) ;
#5697 = ORIENTED_EDGE ( 'NONE', *, *, #164, .T. ) ;
#5698 = EDGE_CURVE ( 'NONE', #3109, #3854, #19, .T. ) ;
#5699 = EDGE_CURVE ( 'NONE', #2784, #4284, #803, .T. ) ;
#5700 = CARTESIAN_POINT ( 'NONE',  ( 8.116756294719683851, -2.000000000000000000, -3.127365704891008402 ) ) ;
#5701 = CARTESIAN_POINT ( 'NONE',  ( -1.649999999999999467, -2.000000000000001332, 6.714999999999998970 ) ) ;
#5702 = DIRECTION ( 'NONE',  ( -0.000000000000000000, 1.000000000000000000, 0.000000000000000000 ) ) ;
#5703 = CYLINDRICAL_SURFACE ( 'NONE', #5627, 0.4999999999999999445 ) ;
#5704 = ORIENTED_EDGE ( 'NONE', *, *, #2257, .F. ) ;
#5705 = LINE ( 'NONE', #5264, #1178 ) ;
#5706 = VERTEX_POINT ( 'NONE', #2232 ) ;
#5707 = FACE_OUTER_BOUND ( 'NONE', #5235, .T. ) ;
#5708 = EDGE_CURVE ( 'NONE', #4863, #5734, #3660, .T. ) ;
#5709 = ORIENTED_EDGE ( 'NONE', *, *, #387, .F. ) ;
#5710 = ORIENTED_EDGE ( 'NONE', *, *, #2746, .F. ) ;
#5711 = DIRECTION ( 'NONE',  ( -0.4999999999999998890, 0.000000000000000000, 0.8660254037844387076 ) ) ;
#5712 = DIRECTION ( 'NONE',  ( -0.4999999999999998890, 0.000000000000000000, -0.8660254037844387076 ) ) ;
#5713 = CARTESIAN_POINT ( 'NONE',  ( -3.876907057608334650, 10.56093467170257050, -5.172711151804927354 ) ) ;
#5714 = CARTESIAN_POINT ( 'NONE',  ( -7.904580156411904035, -2.000000000000000000, -0.4466457682385930328 ) ) ;
#5715 = DIRECTION ( 'NONE',  ( -0.4999999999999998890, 0.000000000000000000, 0.8660254037844387076 ) ) ;
#5716 = VERTEX_POINT ( 'NONE', #738 ) ;
#5717 = VECTOR ( 'NONE', #3853, 1000.000000000000000 ) ;
#5718 = LINE ( 'NONE', #4385, #488 ) ;
#5719 = AXIS2_PLACEMENT_3D ( 'NONE', #5092, #5543, #5487 ) ;
#5720 = VECTOR ( 'NONE', #179, 1000.000000000000227 ) ;
#5721 = EDGE_CURVE ( 'NONE', #5514, #4548, #4446, .T. ) ;
#5722 = CARTESIAN_POINT ( 'NONE',  ( 2.428612866367529932E-14, -2.000000000000000000, -8.673617379884035472E-16 ) ) ;
#5723 = CARTESIAN_POINT ( 'NONE',  ( -6.559838205513529807, -1.969962361589610023, 2.121177053797681733 ) ) ;
#5724 = LINE ( 'NONE', #3462, #4010 ) ;
#5725 = ORIENTED_EDGE ( 'NONE', *, *, #514, .F. ) ;
#5726 = CIRCLE ( 'NONE', #2865, 0.9999999999999994449 ) ;
#5727 = CARTESIAN_POINT ( 'NONE',  ( -9.507906380237326260, 0.000000000000000000, 0.4962730758207274939 ) ) ;
#5728 = CARTESIAN_POINT ( 'NONE',  ( 1.350000000000001421, -1.500000000000000000, -9.092999999999998195 ) ) ;
#5729 = AXIS2_PLACEMENT_3D ( 'NONE', #5218, #2918, #3681 ) ;
#5730 = EDGE_CURVE ( 'NONE', #5378, #3854, #3371, .T. ) ;
#5731 = ADVANCED_FACE ( 'NONE', ( #2290, #4565 ), #5040, .T. ) ;
#5732 = CARTESIAN_POINT ( 'NONE',  ( -7.049768996611901706, 0.000000000000000000, 5.975441916244323082 ) ) ;
#5733 = CARTESIAN_POINT ( 'NONE',  ( 1.149999999999999911, -1.587134407174383144, 6.872968596437589284 ) ) ;
#5734 = VERTEX_POINT ( 'NONE', #2765 ) ;
#5735 = CARTESIAN_POINT ( 'NONE',  ( 2.477598738333423991E-14, 13.00000000000000000, -4.000000000000000888 ) ) ;
#5736 = ORIENTED_EDGE ( 'NONE', *, *, #4683, .T. ) ;
#5737 = CARTESIAN_POINT ( 'NONE',  ( 1.350000000000001643, -1.084202172485505667E-16, -9.092999999999998195 ) ) ;
#5738 = ORIENTED_EDGE ( 'NONE', *, *, #4752, .T. ) ;
#5739 = ORIENTED_EDGE ( 'NONE', *, *, #444, .F. ) ;
#5740 = DIRECTION ( 'NONE',  ( 1.084202172485504557E-16, -1.000000000000000000, 1.791282032010906019E-32 ) ) ;
#5741 = EDGE_CURVE ( 'NONE', #445, #4541, #2737, .T. ) ;
#5742 = PLANE ( 'NONE',  #186 ) ;
#5743 = FACE_OUTER_BOUND ( 'NONE', #3953, .T. ) ;
#5744 = CARTESIAN_POINT ( 'NONE',  ( -5.186561294838052838, -0.03982262405829834623, -7.990841527588316673 ) ) ;
#5745 = DIRECTION ( 'NONE',  ( 0.000000000000000000, -1.000000000000000000, -0.000000000000000000 ) ) ;
#5746 =( BOUNDED_CURVE ( )  B_SPLINE_CURVE ( 3, ( #2516, #1171, #4320, #2065 ),
 .UNSPECIFIED., .F., .T. ) 
 B_SPLINE_CURVE_WITH_KNOTS ( ( 4, 4 ),
 ( 5.763884693139954329, 6.802485921219219023 ),
 .UNSPECIFIED. ) 
 CURVE ( )  GEOMETRIC_REPRESENTATION_ITEM ( )  RATIONAL_B_SPLINE_CURVE ( ( 1.000000000000000000, 0.9121109855992478588, 0.9121109855992478588, 1.000000000000000000 ) ) 
 REPRESENTATION_ITEM ( '' )  );
#5747 = ORIENTED_EDGE ( 'NONE', *, *, #396, .F. ) ;
#5748 = CARTESIAN_POINT ( 'NONE',  ( 3.565483496418508924, -1.648747737362059151, 6.671871645165847298 ) ) ;
#5749 = DIRECTION ( 'NONE',  ( 0.000000000000000000, 0.000000000000000000, -1.000000000000000000 ) ) ;
#5750 = DATE_AND_TIME ( #1182, #500 ) ;
#5751 = VECTOR ( 'NONE', #1450, 1000.000000000000000 ) ;
#5752 = VECTOR ( 'NONE', #777, 1000.000000000000000 ) ;
#5753 = DIRECTION ( 'NONE',  ( 2.168404344971009115E-16, 1.000000000000000000, -0.000000000000000000 ) ) ;
#5754 = DIRECTION ( 'NONE',  ( 0.000000000000000000, 0.000000000000000000, -1.000000000000000000 ) ) ;
#5755 = PLANE ( 'NONE',  #4771 ) ;
#5756 = ORIENTED_EDGE ( 'NONE', *, *, #2229, .F. ) ;
#5757 = CIRCLE ( 'NONE', #2798, 0.5000000000000002220 ) ;
#5758 =( BOUNDED_SURFACE ( )  B_SPLINE_SURFACE ( 3, 2, ( 
 ( #1184, #2502, #4691 ),
 ( #3374, #4301, #3401 ),
 ( #4720, #1156, #5641 ),
 ( #1098, #5695, #5219 ),
 ( #5194, #3428, #1514 ),
 ( #709, #2535, #2469 ),
 ( #4747, #2020, #5609 ),
 ( #5250, #5723, #4363 ),
 ( #250, #2442, #4334 ),
 ( #644, #1070, #2891 ) ),
 .UNSPECIFIED., .F., .F., .T. ) 
 B_SPLINE_SURFACE_WITH_KNOTS ( ( 4, 2, 2, 2, 4 ),
 ( 3, 3 ),
 ( 1.570796326794896336, 1.963495408493620697, 2.356194490192345281, 2.748893571891069421, 3.141592653589794004 ),
 ( 0.000000000000000000, 1.000000000000000000 ),
 .UNSPECIFIED. ) 
 GEOMETRIC_REPRESENTATION_ITEM ( )  RATIONAL_B_SPLINE_SURFACE ( (
 ( 1.000000000000000000, 1.000000000000000000, 1.000000000000000000),
 ( 1.000000000000000000, 1.000148311613691998, 1.000000000000000000),
 ( 1.000000000000000000, 0.9883219855915766905, 1.000000000000000000),
 ( 1.000000000000000000, 0.9463101462234514427, 1.000000000000000000),
 ( 1.000000000000000000, 0.9159673863325010768, 1.000000000000000000),
 ( 1.000000000000000000, 0.8509138613480351498, 1.000000000000000000),
 ( 1.000000000000000000, 0.8164136692097698766, 1.000000000000000000),
 ( 1.000000000000000000, 0.7650215021959834161, 1.000000000000000000),
 ( 1.000000000000000000, 0.7486101375367890665, 1.000000000000000000),
 ( 1.000000000000000000, 0.7489557207890029655, 1.000000000000000000) ) ) 
 REPRESENTATION_ITEM ( '' )  SURFACE ( )  );
#5759 = CARTESIAN_POINT ( 'NONE',  ( -9.689719054208552507, 0.000000000000000000, -0.1813642870424863052 ) ) ;
#5760 = CARTESIAN_POINT ( 'NONE',  ( -0.8499999999999982014, -2.299999999999999822, -10.66627000000000081 ) ) ;
#5761 = DIRECTION ( 'NONE',  ( 0.000000000000000000, 0.1218693434051474345, 0.9925461516413220942 ) ) ;
#5762 = LINE ( 'NONE', #1193, #4107 ) ;
#5763 = VERTEX_POINT ( 'NONE', #1812 ) ;
#5764 = PLANE ( 'NONE',  #3092 ) ;
#5765 = ORIENTED_EDGE ( 'NONE', *, *, #1825, .T. ) ;
#5766 = DIRECTION ( 'NONE',  ( -0.5000000000000000000, 0.000000000000000000, -0.8660254037844387076 ) ) ;
#5767 = ORIENTED_EDGE ( 'NONE', *, *, #649, .F. ) ;
#5768 = EDGE_CURVE ( 'NONE', #3216, #4088, #5095, .T. ) ;
#5769 = ORIENTED_EDGE ( 'NONE', *, *, #1797, .F. ) ;
#5770 = ADVANCED_FACE ( 'NONE', ( #4598 ), #5547, .T. ) ;
#5771 = DIRECTION ( 'NONE',  ( -0.4999999999999998890, 0.000000000000000000, -0.8660254037844385966 ) ) ;
#5772 = CARTESIAN_POINT ( 'NONE',  ( 2.940444920982763222, -1.500000000000000000, 5.092999999999999972 ) ) ;
#5773 = DIRECTION ( 'NONE',  ( -0.07018777298906334061, 0.9900983315263910400, -0.1215687888871659211 ) ) ;
#5774 = DIRECTION ( 'NONE',  ( -1.000000000000000000, 0.000000000000000000, 5.243252839502277317E-15 ) ) ;
#5775 = CARTESIAN_POINT ( 'NONE',  ( 9.245273485516069201, -2.299999999999999822, -6.319256593216773688 ) ) ;
#5776 = AXIS2_PLACEMENT_3D ( 'NONE', #4276, #5586, #3380 ) ;
#5777 = ORIENTED_EDGE ( 'NONE', *, *, #915, .F. ) ;
#5778 = AXIS2_PLACEMENT_3D ( 'NONE', #5866, #1355, #1268 ) ;
#5779 = EDGE_CURVE ( 'NONE', #2299, #5885, #2826, .T. ) ;
#5780 = CARTESIAN_POINT ( 'NONE',  ( 3.905078784743216236, -1.658855474347328718, 6.582430575692029606 ) ) ;
#5781 = AXIS2_PLACEMENT_3D ( 'NONE', #2835, #1132, #4312 ) ;
#5782 = TOROIDAL_SURFACE ( 'NONE', #4740, 1.000000000000000000, 0.5000000000000000000 ) ;
#5783 = FACE_OUTER_BOUND ( 'NONE', #3647, .T. ) ;
#5784 = SECURITY_CLASSIFICATION_LEVEL ( 'unclassified' ) ;
#5785 = CARTESIAN_POINT ( 'NONE',  ( -5.463956040248532986, 1.408343819019457261E-16, 4.482522109813911193 ) ) ;
#5786 = DIRECTION ( 'NONE',  ( -6.123233995736766036E-17, 1.000000000000000000, 0.000000000000000000 ) ) ;
#5787 = ORIENTED_EDGE ( 'NONE', *, *, #2305, .F. ) ;
#5788 = CARTESIAN_POINT ( 'NONE',  ( -4.990360586412501576, -2.000000000000000000, 4.786441916244320360 ) ) ;
#5789 = CARTESIAN_POINT ( 'NONE',  ( -5.249845997741268810, -2.000000000000000000, 9.092999999999999972 ) ) ;
#5790 = FACE_OUTER_BOUND ( 'NONE', #1049, .T. ) ;
#5791 = EDGE_CURVE ( 'NONE', #3854, #646, #3640, .T. ) ;
#5792 = DIRECTION ( 'NONE',  ( -0.1055419473313876783, -0.9925461516413219831, 0.06093467170257352294 ) ) ;
#5793 = ORIENTED_EDGE ( 'NONE', *, *, #4439, .F. ) ;
#5794 = DIRECTION ( 'NONE',  ( -0.4999999999999997224, 0.000000000000000000, -0.8660254037844387076 ) ) ;
#5795 = ORIENTED_EDGE ( 'NONE', *, *, #3323, .F. ) ;
#5796 = CARTESIAN_POINT ( 'NONE',  ( 9.794429774153952550, 0.000000000000000000, 0.000000000000000000 ) ) ;
#5797 = ORIENTED_EDGE ( 'NONE', *, *, #5699, .T. ) ;
#5798 = EDGE_LOOP ( 'NONE', ( #3863, #4965, #5392, #4855, #2034, #2993, #1880, #2904, #3837, #4652 ) ) ;
#5799 = CARTESIAN_POINT ( 'NONE',  ( 4.175465253419290867, -2.000000000000000000, 6.905662247484078975 ) ) ;
#5800 = CIRCLE ( 'NONE', #2275, 0.3999999999999999112 ) ;
#5801 = CARTESIAN_POINT ( 'NONE',  ( -5.477450634993536127, -1.676112405285040463, -4.515880280081922216 ) ) ;
#5802 = EDGE_CURVE ( 'NONE', #1109, #2538, #792, .T. ) ;
#5803 = DIRECTION ( 'NONE',  ( 0.000000000000000000, 0.000000000000000000, -1.000000000000000000 ) ) ;
#5804 = DIRECTION ( 'NONE',  ( 0.4999999999999998890, 0.000000000000000000, -0.8660254037844385966 ) ) ;
#5805 = DIRECTION ( 'NONE',  ( -1.877893248421448789E-16, -1.000000000000000000, -3.252606517456514288E-16 ) ) ;
#5806 = VERTEX_POINT ( 'NONE', #2796 ) ;
#5807 = CIRCLE ( 'NONE', #3227, 0.5000000000000004441 ) ;
#5808 = CARTESIAN_POINT ( 'NONE',  ( -6.335477808824329315, 2.618887597820335422, 2.329884199233482889 ) ) ;
#5809 = EDGE_CURVE ( 'NONE', #5514, #1526, #1844, .T. ) ;
#5810 = LINE ( 'NONE', #3877, #768 ) ;
#5811 = EDGE_CURVE ( 'NONE', #1684, #4484, #523, .T. ) ;
#5812 = APPROVAL_ROLE ( '' ) ;
#5813 = VECTOR ( 'NONE', #3672, 1000.000000000000000 ) ;
#5814 = LINE ( 'NONE', #2979, #2772 ) ;
#5815 = ADVANCED_FACE ( 'NONE', ( #2260 ), #3669, .T. ) ;
#5816 = DIRECTION ( 'NONE',  ( 0.000000000000000000, 0.000000000000000000, 1.000000000000000000 ) ) ;
#5817 = EDGE_LOOP ( 'NONE', ( #1739, #3484, #4938, #4382 ) ) ;
#5818 = VECTOR ( 'NONE', #2503, 1000.000000000000000 ) ;
#5819 = CYLINDRICAL_SURFACE ( 'NONE', #1027, 0.5000000000000000000 ) ;
#5820 = LINE ( 'NONE', #315, #5680 ) ;
#5821 = AXIS2_PLACEMENT_3D ( 'NONE', #5329, #1773, #3600 ) ;
#5822 = LINE ( 'NONE', #864, #4240 ) ;
#5823 = AXIS2_PLACEMENT_3D ( 'NONE', #2609, #2519, #1594 ) ;
#5824 = CARTESIAN_POINT ( 'NONE',  ( 0.3500000000000013101, -2.299999999999999822, -11.16627000000000081 ) ) ;
#5825 = EDGE_LOOP ( 'NONE', ( #655, #2415, #2311, #3812 ) ) ;
#5826 = ORIENTED_EDGE ( 'NONE', *, *, #3072, .T. ) ;
#5827 = DIRECTION ( 'NONE',  ( -0.4999999999999996669, 0.000000000000000000, -0.8660254037844388186 ) ) ;
#5828 = VECTOR ( 'NONE', #4974, 1000.000000000000000 ) ;
#5829 = ORIENTED_EDGE ( 'NONE', *, *, #1130, .T. ) ;
#5830 = VERTEX_POINT ( 'NONE', #1395 ) ;
#5831 = VECTOR ( 'NONE', #4809, 1000.000000000000114 ) ;
#5832 = DIRECTION ( 'NONE',  ( 0.000000000000000000, 0.000000000000000000, -1.000000000000000000 ) ) ;
#5833 = SPHERICAL_SURFACE ( 'NONE', #2583, 0.5000000000000000000 ) ;
#5834 = MANIFOLD_SOLID_BREP ( 'Congé arrête base intérieur', #4003 ) ;
#5835 = DIRECTION ( 'NONE',  ( 0.000000000000000000, 0.000000000000000000, -1.000000000000000000 ) ) ;
#5836 = CARTESIAN_POINT ( 'NONE',  ( -4.183384879398481360, -1.600000000000000089, 6.891945052911187197 ) ) ;
#5837 = DIRECTION ( 'NONE',  ( 0.000000000000000000, 0.000000000000000000, -1.000000000000000000 ) ) ;
#5838 = VERTEX_POINT ( 'NONE', #1876 ) ;
#5839 = CARTESIAN_POINT ( 'NONE',  ( -6.603010335502702333, -1.648747737362059373, 1.906993906338599221 ) ) ;
#5840 = DIRECTION ( 'NONE',  ( 0.000000000000000000, 0.000000000000000000, -1.000000000000000000 ) ) ;
#5841 = PERSON_AND_ORGANIZATION_ROLE ( 'classification_officer' ) ;
#5842 = EDGE_CURVE ( 'NONE', #3205, #1223, #5045, .T. ) ;
#5843 = ADVANCED_FACE ( 'NONE', ( #1363 ), #2793, .T. ) ;
#5844 = AXIS2_PLACEMENT_3D ( 'NONE', #735, #4419, #364 ) ;
#5845 = CARTESIAN_POINT ( 'NONE',  ( 2.541245735097961145, 10.56093467170257050, -5.943855575902462718 ) ) ;
#5846 = DIRECTION ( 'NONE',  ( 0.000000000000000000, 0.000000000000000000, -1.000000000000000000 ) ) ;
#5847 = ORIENTED_EDGE ( 'NONE', *, *, #4903, .T. ) ;
#5848 = DIRECTION ( 'NONE',  ( 0.4999999999999998335, 0.000000000000000000, 0.8660254037844388186 ) ) ;
#5849 = EDGE_CURVE ( 'NONE', #3963, #5234, #1076, .T. ) ;
#5850 = DIRECTION ( 'NONE',  ( -1.000000000000000000, 0.000000000000000000, -1.652166060416978960E-16 ) ) ;
#5851 = CARTESIAN_POINT ( 'NONE',  ( 9.062260783623846905, 0.000000000000000000, 5.636243891324553168 ) ) ;
#5852 = AXIS2_PLACEMENT_3D ( 'NONE', #1610, #3437, #2985 ) ;
#5853 = CARTESIAN_POINT ( 'NONE',  ( 0.8500000000000016431, 5.636340565003601744E-32, -9.592999999999999972 ) ) ;
#5854 = EDGE_LOOP ( 'NONE', ( #3018, #4873, #1965, #5052, #360, #2868, #1826, #3002 ) ) ;
#5855 = ORIENTED_EDGE ( 'NONE', *, *, #68, .T. ) ;
#5856 = CARTESIAN_POINT ( 'NONE',  ( 5.880889841965528220, 0.000000000000000000, -2.602085213965210642E-15 ) ) ;
#5857 = ORIENTED_EDGE ( 'NONE', *, *, #1575, .F. ) ;
#5858 = ORIENTED_EDGE ( 'NONE', *, *, #3587, .T. ) ;
#5859 = CARTESIAN_POINT ( 'NONE',  ( 8.549768996611899041, -1.500000000000000000, 3.377365704891006182 ) ) ;
#5860 = AXIS2_PLACEMENT_3D ( 'NONE', #2080, #1548, #4241 ) ;
#5861 = CARTESIAN_POINT ( 'NONE',  ( -5.555836532101245062, -1.585912221601122107, -4.539716686440026017 ) ) ;
#5862 = CARTESIAN_POINT ( 'NONE',  ( 1.649999999999999911, -2.000000000000000000, 9.092999999999999972 ) ) ;
#5863 = DIRECTION ( 'NONE',  ( 0.8660254037844391517, 0.000000000000000000, -0.4999999999999992228 ) ) ;
#5864 = CARTESIAN_POINT ( 'NONE',  ( -6.773457863650184763, -1.499999999999999556, 2.582752101786879972 ) ) ;
#5865 = ORIENTED_EDGE ( 'NONE', *, *, #1216, .F. ) ;
#5866 = CARTESIAN_POINT ( 'NONE',  ( -5.249845997741265258, -2.000000000000000000, -9.092999999999999972 ) ) ;
#5867 = CARTESIAN_POINT ( 'NONE',  ( -4.897214887076897227, 0.000000000000000000, 8.482225000000049420 ) ) ;
#5868 = CIRCLE ( 'NONE', #525, 0.5000000000000004441 ) ;
#5869 = CYLINDRICAL_SURFACE ( 'NONE', #5244, 0.3999999999999999112 ) ;
#5870 = EDGE_CURVE ( 'NONE', #3694, #203, #4092, .T. ) ;
#5871 = VECTOR ( 'NONE', #4493, 1000.000000000000000 ) ;
#5872 = AXIS2_PLACEMENT_3D ( 'NONE', #3716, #5538, #4140 ) ;
#5873 = CARTESIAN_POINT ( 'NONE',  ( -1.398191413964099850, -1.936893568688134781, 7.080056476649889241 ) ) ;
#5874 = CARTESIAN_POINT ( 'NONE',  ( 2.699942782018128984, 10.49999999999999822, 4.676438075984264309 ) ) ;
#5875 = EDGE_CURVE ( 'NONE', #3683, #122, #918, .T. ) ;
#5876 = EDGE_CURVE ( 'NONE', #4527, #2860, #4269, .T. ) ;
#5877 = EDGE_LOOP ( 'NONE', ( #5077, #110, #3411, #1901, #3505, #2547 ) ) ;
#5878 = CARTESIAN_POINT ( 'NONE',  ( -8.266756294719680653, -1.500000000000000000, 2.867558083755676890 ) ) ;
#5879 = CARTESIAN_POINT ( 'NONE',  ( 10.09527348551606885, 0.000000000000000000, -4.847013406783228895 ) ) ;
#5880 = CARTESIAN_POINT ( 'NONE',  ( -6.616756294719678522, -1.175632637425476363E-15, -5.725441916244326634 ) ) ;
#5881 = EDGE_CURVE ( 'NONE', #5241, #4825, #2406, .T. ) ;
#5882 = CARTESIAN_POINT ( 'NONE',  ( 1.357106781186547595, -2.000000000000000000, 7.068890105822376313 ) ) ;
#5883 = EDGE_LOOP ( 'NONE', ( #3060, #4157, #2827, #545 ) ) ;
#5884 = ADVANCED_FACE ( 'NONE', ( #5189 ), #3370, .T. ) ;
#5885 = VERTEX_POINT ( 'NONE', #4745 ) ;
#5886 = EDGE_LOOP ( 'NONE', ( #600, #2734, #379 ) ) ;
#5887 = ORIENTED_EDGE ( 'NONE', *, *, #733, .T. ) ;
#5888 = DIRECTION ( 'NONE',  ( 0.000000000000000000, -1.000000000000000000, 0.000000000000000000 ) ) ;
#5889 = CARTESIAN_POINT ( 'NONE',  ( -5.596895834749190612, -1.630874546332599984, -4.574302107048620947 ) ) ;
#5890 = DIRECTION ( 'NONE',  ( 0.000000000000000000, 0.000000000000000000, -1.000000000000000000 ) ) ;
#5891 = LINE ( 'NONE', #1801, #860 ) ;
#5892 = EDGE_CURVE ( 'NONE', #5595, #5467, #1655, .T. ) ;
#5893 = CYLINDRICAL_SURFACE ( 'NONE', #4117, 0.5000000000000004441 ) ;
#5894 = EDGE_LOOP ( 'NONE', ( #808, #4701, #3132, #3706 ) ) ;
#5895 = DIRECTION ( 'NONE',  ( -0.000000000000000000, 1.000000000000000000, 0.000000000000000000 ) ) ;
#5896 = AXIS2_PLACEMENT_3D ( 'NONE', #3611, #5153, #123 ) ;
#5897 = DIRECTION ( 'NONE',  ( 1.000000000000000000, 6.123233995736764803E-17, -1.045720126110384613E-14 ) ) ;
#5898 = CARTESIAN_POINT ( 'NONE',  ( -5.399885564036261520, 10.49999999999999822, -2.168404344971008868E-16 ) ) ;
#5899 = CARTESIAN_POINT ( 'NONE',  ( 9.062260783623846905, 0.000000000000000000, 6.136243891324554056 ) ) ;
#5900 = ORIENTED_EDGE ( 'NONE', *, *, #3148, .F. ) ;
#5901 = CARTESIAN_POINT ( 'NONE',  ( -6.763426661632909287, -1.565461193628542524, -2.576960584601914572 ) ) ;
#5902 = DIRECTION ( 'NONE',  ( 0.1055419473313870954, 0.9925461516413219831, -0.06093467170257454296 ) ) ;
#5903 = ORIENTED_EDGE ( 'NONE', *, *, #5548, .F. ) ;
#5904 = DIRECTION ( 'NONE',  ( -0.000000000000000000, 1.000000000000000000, -0.000000000000000000 ) ) ;
#5905 = ADVANCED_FACE ( 'NONE', ( #673 ), #2700, .T. ) ;
#5906 = FACE_OUTER_BOUND ( 'NONE', #1888, .T. ) ;
#5907 = CIRCLE ( 'NONE', #3051, 0.4999999999999995559 ) ;
#5908 = DIRECTION ( 'NONE',  ( 0.000000000000000000, 0.000000000000000000, -1.000000000000000000 ) ) ;
#5909 = ORIENTED_EDGE ( 'NONE', *, *, #1575, .T. ) ;
#5910 = ORIENTED_EDGE ( 'NONE', *, *, #5147, .T. ) ;
#5911 = CIRCLE ( 'NONE', #4109, 1.000000000000000000 ) ;
#5912 = ORIENTED_EDGE ( 'NONE', *, *, #30, .T. ) ;
#5913 = VERTEX_POINT ( 'NONE', #2017 ) ;
#5914 = VECTOR ( 'NONE', #729, 1000.000000000000000 ) ;
#5915 = CARTESIAN_POINT ( 'NONE',  ( -9.513552407926159304, -0.03982262405829824908, 0.4962730758207273829 ) ) ;
#5916 = EDGE_CURVE ( 'NONE', #2061, #3256, #3464, .T. ) ;
#5917 = ADVANCED_FACE ( 'NONE', ( #4329 ), #1381, .T. ) ;
#5918 = VECTOR ( 'NONE', #118, 1000.000000000000000 ) ;
#5919 = LINE ( 'NONE', #1830, #288 ) ;
#5920 = DIRECTION ( 'NONE',  ( -1.000000000000000000, -0.000000000000000000, 3.495501893001518080E-15 ) ) ;
#5921 = VERTEX_POINT ( 'NONE', #5606 ) ;
#5922 = DIRECTION ( 'NONE',  ( -0.8660254037844383745, 0.000000000000000000, -0.5000000000000004441 ) ) ;
ENDSEC;
END-ISO-10303-21;
