ISO-10303-21;
HEADER;
FILE_DESCRIPTION (( 'STEP AP214' ),
    '1' );
FILE_NAME ('Pièce3.STEP',
    '2025-07-02T10:31:36',
    ( '' ),
    ( '' ),
    'SwSTEP 2.0',
    'SolidWorks 2019',
    '' );
FILE_SCHEMA (( 'AUTOMOTIVE_DESIGN' ));
ENDSEC;

DATA;
#1 = CARTESIAN_POINT ( 'NONE',  ( -1245.295673494315679, 2636.100634921637266, -224.7115733847087711 ) ) ;
#2 = CARTESIAN_POINT ( 'NONE',  ( -1910.742843326622733, -2755.564932225777284, -601.3389907349353507 ) ) ;
#3 = CARTESIAN_POINT ( 'NONE',  ( -2170.846885151807328, -1013.577412735863163, -779.6616379964243606 ) ) ;
#4 = CARTESIAN_POINT ( 'NONE',  ( -2368.874174418916482, 596.4708133220959780, -908.3038340327935884 ) ) ;
#5 = CARTESIAN_POINT ( 'NONE',  ( -5371.123529491380395, 2628.527253918650786, -4400.979626909859689 ) ) ;
#6 = CARTESIAN_POINT ( 'NONE',  ( -2395.329473517307179, 2610.487893202517625, -908.1691812081670605 ) ) ;
#7 = CARTESIAN_POINT ( 'NONE',  ( -878.3427159104218163, 2637.137427405655217, -156.1416487760756695 ) ) ;
#8 = CARTESIAN_POINT ( 'NONE',  ( -4560.028913955755343, -473.5543870800206605, -2944.913559187430565 ) ) ;
#9 = EDGE_LOOP ( 'NONE', ( #1597, #1997, #848, #1611 ) ) ;
#10 = CARTESIAN_POINT ( 'NONE',  ( -446.7990029464641566, 2898.799681260392390, 52.39859484097420506 ) ) ;
#11 = CARTESIAN_POINT ( 'NONE',  ( -5389.222809827499077, 2901.285589695181898, -4393.528955950791897 ) ) ;
#12 = CARTESIAN_POINT ( 'NONE',  ( -1124.383449741504137, -2027.092964555990648, -224.4290754758410174 ) ) ;
#13 = CARTESIAN_POINT ( 'NONE',  ( -1064.173776938672290, -2921.312773309483418, -219.0908192504627721 ) ) ;
#14 = CARTESIAN_POINT ( 'NONE',  ( -2368.742194182584626, 910.3756407195267002, -909.2375005490310969 ) ) ;
#15 = CARTESIAN_POINT ( 'NONE',  ( -1906.261730518057220, -1013.143214390792764, -604.5174427984466092 ) ) ;
#16 = CARTESIAN_POINT ( 'NONE',  ( -2369.812893117139083, 77.05530831829085514, -905.3716309534576112 ) ) ;
#17 = CARTESIAN_POINT ( 'NONE',  ( -1683.244454848135092, 77.93964634705355365, -512.9059686324753784 ) ) ;
#18 = CARTESIAN_POINT ( 'NONE',  ( -2369.017258490455788, 258.6191493589822130, -907.2971815458693072 ) ) ;
#19 = CARTESIAN_POINT ( 'NONE',  ( -5202.684131783254088, -1021.983827726922186, -4034.334009962709388 ) ) ;
#20 = CARTESIAN_POINT ( 'NONE',  ( -2389.841125996203573, 2577.130366673449771, -904.4939703958550581 ) ) ;
#21 = CARTESIAN_POINT ( 'NONE',  ( -4466.858474167675922, -1564.121416762891840, -2815.162774977070058 ) ) ;
#22 = CARTESIAN_POINT ( 'NONE',  ( -4268.694259190809134, -2427.144717255353044, -2562.779613642046115 ) ) ;
#23 = CARTESIAN_POINT ( 'NONE',  ( -219.3869495203927897, 604.7993195860317428, 93.09087232724156991 ) ) ;
#24 = CARTESIAN_POINT ( 'NONE',  ( -5483.043432479670628, 2627.946351226116349, -4611.945739992753261 ) ) ;
#25 = CARTESIAN_POINT ( 'NONE',  ( -1233.715372564003246, -2027.222193418308052, -270.9881001525261581 ) ) ;
#26 = CARTESIAN_POINT ( 'NONE',  ( -1004.799614699089830, -1558.151018258686918, -200.9595274146552413 ) ) ;
#27 = CARTESIAN_POINT ( 'NONE',  ( -2373.497509392706888, 2593.722276360332671, -917.8733195153671431 ) ) ;
#28 = CARTESIAN_POINT ( 'NONE',  ( -1896.479403018394351, 1714.129536992214298, -607.9926330537061858 ) ) ;
#29 = CARTESIAN_POINT ( 'NONE',  ( -2883.672671696727321, 2636.810487438362088, -1266.410327606813553 ) ) ;
#30 = CARTESIAN_POINT ( 'NONE',  ( -1747.012327788594803, 1714.244145750451253, -551.1284689934389007 ) ) ;
#31 = CARTESIAN_POINT ( 'NONE',  ( -2368.564519725635819, 1327.445511325489406, -910.4817373396870153 ) ) ;
#32 = CARTESIAN_POINT ( 'NONE',  ( -5163.641301978517731, 3069.106991440790807, -3973.977292281088467 ) ) ;
#33 = CARTESIAN_POINT ( 'NONE',  ( -4132.958697989532993, -2426.688941451584014, -2400.386810080135547 ) ) ;
#34 = CARTESIAN_POINT ( 'NONE',  ( -2902.002805189827541, 621.7107198966002670, -1248.562263621839065 ) ) ;
#35 = ORIENTED_EDGE ( 'NONE', *, *, #2451, .T. ) ;
#36 = CARTESIAN_POINT ( 'NONE',  ( -135.7025990049286861, -2048.288465015480597, 58.51742590312832704 ) ) ;
#37 = CARTESIAN_POINT ( 'NONE',  ( -5485.393444790455760, -2493.243907272676552, -4597.158835473797808 ) ) ;
#38 = CARTESIAN_POINT ( 'NONE',  ( -1061.481272843488796, 78.67805896328643200, -206.5366086670879326 ) ) ;
#39 = CARTESIAN_POINT ( 'NONE',  ( -1096.055939531747526, 2639.439705875436630, -251.6293828483295840 ) ) ;
#40 = CARTESIAN_POINT ( 'NONE',  ( -1246.258362180696395, 2602.568805125784820, -224.0615083519462019 ) ) ;
#41 = CARTESIAN_POINT ( 'NONE',  ( -1760.758499060537815, 623.3930866600646823, -532.2056146257175442 ) ) ;
#42 = CARTESIAN_POINT ( 'NONE',  ( -3134.492827106127606, 2181.784396168298372, -1462.606558387292125 ) ) ;
#43 = CARTESIAN_POINT ( 'NONE',  ( -1643.685988535990646, 1168.859322020794025, -496.3010207067863462 ) ) ;
#44 = CARTESIAN_POINT ( 'NONE',  ( -2370.011110906603335, -2087.498709258594772, -900.3067787854199651 ) ) ;
#45 = CARTESIAN_POINT ( 'NONE',  ( -5271.124683431507947, 2174.582851233488327, -4184.247245982724053 ) ) ;
#46 = CARTESIAN_POINT ( 'NONE',  ( -2396.587427080043199, -756.3742272971782086, -898.5842771095061607 ) ) ;
#47 = CARTESIAN_POINT ( 'NONE',  ( -3796.489705981779025, -2425.590741481669738, -2063.774559942117776 ) ) ;
#48 = CARTESIAN_POINT ( 'NONE',  ( -61.61159671250278080, -1035.526643152580164, 98.84737244837346282 ) ) ;
#49 = CARTESIAN_POINT ( 'NONE',  ( -5373.901273632103766, 1158.968708544021638, -4352.653074315451704 ) ) ;
#50 = CARTESIAN_POINT ( 'NONE',  ( -1015.539545383501491, -2755.030432382123308, -180.3901476415036598 ) ) ;
#51 = CARTESIAN_POINT ( 'NONE',  ( -1119.345526012478558, -2921.081979880142171, -240.5731374141521144 ) ) ;
#52 = CARTESIAN_POINT ( 'NONE',  ( -4252.378754622634006, -427.1392450466645414, -2581.409897975229796 ) ) ;
#53 = CARTESIAN_POINT ( 'NONE',  ( -1692.331989009655217, 77.99656865197263755, -495.0895885001509669 ) ) ;
#54 = CARTESIAN_POINT ( 'NONE',  ( -2175.372401046734467, -2922.664564843932112, -776.2256674578286493 ) ) ;
#55 = CARTESIAN_POINT ( 'NONE',  ( -1654.634677817053216, -2028.099183608045678, -491.6802366091853287 ) ) ;
#56 = EDGE_CURVE ( 'NONE', #427, #560, #1330, .T. ) ;
#57 = CARTESIAN_POINT ( 'NONE',  ( -2368.741783964298520, 908.9693980776197577, -909.2349103552186307 ) ) ;
#58 = CARTESIAN_POINT ( 'NONE',  ( -4975.585831116030931, 70.06808073955092198, -3619.973274201683125 ) ) ;
#59 = CARTESIAN_POINT ( 'NONE',  ( -326.6916794878206360, 62.91894480487913910, 30.45816954009010402 ) ) ;
#60 = CARTESIAN_POINT ( 'NONE',  ( -67.25053256678107516, 2160.949734088333116, 154.9669254080737915 ) ) ;
#61 = CARTESIAN_POINT ( 'NONE',  ( -3238.284329207117480, -2424.565383430857310, -1542.016407652325142 ) ) ;
#62 = CARTESIAN_POINT ( 'NONE',  ( 1784.454068440183619, -200.8771856952082260, -2701.906315013394760 ) ) ;
#63 = CARTESIAN_POINT ( 'NONE',  ( -5292.008094725962110, -2764.759748174466949, -4162.465748393798094 ) ) ;
#64 = CARTESIAN_POINT ( 'NONE',  ( -437.9981314071202974, -2494.357088333130832, -36.68605216731862839 ) ) ;
#65 = CARTESIAN_POINT ( 'NONE',  ( -985.6556712837930263, 623.4267568956253172, -177.3957185238346881 ) ) ;
#66 = B_SPLINE_CURVE_WITH_KNOTS ( 'NONE', 3,
 ( #1683, #2268, #864, #2461 ),
 .UNSPECIFIED., .F., .F.,
 ( 4, 4 ),
 ( 0.000000000000000000, 1.000000000000000000 ),
 .UNSPECIFIED. ) ;
#67 = CARTESIAN_POINT ( 'NONE',  ( 1750.121067019253360, 1051.670402598310602, -2659.467421182361704 ) ) ;
#68 = CARTESIAN_POINT ( 'NONE',  ( -1656.970920480461928, 78.01081332385567180, -477.1462186543045050 ) ) ;
#69 = CARTESIAN_POINT ( 'NONE',  ( -1900.560945769241926, -2482.894606124937127, -619.4465505078667320 ) ) ;
#70 = CARTESIAN_POINT ( 'NONE',  ( -1795.021937911707482, -2028.213988832424775, -564.2343330628489184 ) ) ;
#71 = CARTESIAN_POINT ( 'NONE',  ( -2370.067443038107285, -2220.472296097336766, -899.9105736744752448 ) ) ;
#72 = CARTESIAN_POINT ( 'NONE',  ( -5054.590049990672014, -475.7607676109118984, -3756.057425777435128 ) ) ;
#73 = CARTESIAN_POINT ( 'NONE',  ( -667.4270583472701901, -2034.213936661065873, -92.26786835999762104 ) ) ;
#74 = CARTESIAN_POINT ( 'NONE',  ( -2384.323793663386368, 2610.444392366647207, -901.0324814382054228 ) ) ;
#75 = CARTESIAN_POINT ( 'NONE',  ( -2719.546718401089493, -2423.813786960754896, -1135.682651164835079 ) ) ;
#76 = CARTESIAN_POINT ( 'NONE',  ( -2230.927075015075388, 2576.767521625269183, -824.2107315355056016 ) ) ;
#77 = CARTESIAN_POINT ( 'NONE',  ( -5288.834143241562742, 2629.160382222777116, -4176.677078630796132 ) ) ;
#78 = CARTESIAN_POINT ( 'NONE',  ( -992.0671613149894483, 3078.055985846008298, -185.7888737069578156 ) ) ;
#79 = CARTESIAN_POINT ( 'NONE',  ( -4253.223497033369313, -2427.187533380269542, -2575.454537402091773 ) ) ;
#80 = CARTESIAN_POINT ( 'NONE',  ( -1467.820104433595588, 2638.654867021245082, -392.0444838197092849 ) ) ;
#81 = CARTESIAN_POINT ( 'NONE',  ( -1472.405834278090651, -467.4637963573557613, -407.1888903625596754 ) ) ;
#82 = CARTESIAN_POINT ( 'NONE',  ( -1068.882549628399602, 2577.561978649994671, -55.23461078542367630 ) ) ;
#83 = CARTESIAN_POINT ( 'NONE',  ( -2895.787529008390266, 2636.863046077668969, -1250.477829524623303 ) ) ;
#84 = CARTESIAN_POINT ( 'NONE',  ( -4973.041914841277503, 2903.394923285377445, -3626.095433455701368 ) ) ;
#85 = CARTESIAN_POINT ( 'NONE',  ( -1886.848355317528558, 1714.073198012973535, -625.5232119966537994 ) ) ;
#86 = CARTESIAN_POINT ( 'NONE',  ( -208.8794258559591128, -1576.257664535572303, 31.75811688622529871 ) ) ;
#87 = CARTESIAN_POINT ( 'NONE',  ( -722.4537510568578682, 2587.435890451138221, 175.6246847853524002 ) ) ;
#88 = CARTESIAN_POINT ( 'NONE',  ( -5525.809923197380158, -1569.447336284855737, -4754.030997070894045 ) ) ;
#89 = CARTESIAN_POINT ( 'NONE',  ( -1195.437372843895218, 2578.482321203439824, -160.5985144176728170 ) ) ;
#90 = CARTESIAN_POINT ( 'NONE',  ( -5289.429352634693714, 1704.920964956656007, -4174.347945849021926 ) ) ;
#91 = CARTESIAN_POINT ( 'NONE',  ( -826.0440247561222122, -2030.737847932354271, -117.9920227417026410 ) ) ;
#92 = FACE_OUTER_BOUND ( 'NONE', #9, .T. ) ;
#93 = CARTESIAN_POINT ( 'NONE',  ( -1559.017469100263952, -2755.285671557009209, -419.6110765815000718 ) ) ;
#94 = CARTESIAN_POINT ( 'NONE',  ( -1366.709514124706175, 3078.215674630037029, -369.4132358880557376 ) ) ;
#95 = CARTESIAN_POINT ( 'NONE',  ( -3168.002809221031839, 2575.975860665197615, -1473.680698501438883 ) ) ;
#96 = CARTESIAN_POINT ( 'NONE',  ( -3158.677334731693463, -2924.220725379938358, -1439.647751690831228 ) ) ;
#97 = CARTESIAN_POINT ( 'NONE',  ( -4810.460899873700328, 70.80210024289800685, -3350.037349889051256 ) ) ;
#98 = CARTESIAN_POINT ( 'NONE',  ( -716.9913832576601180, 2603.915769620248739, 179.2524594177507993 ) ) ;
#99 = CARTESIAN_POINT ( 'NONE',  ( -5524.229252871372410, 2172.959982015675905, -4765.174412110073717 ) ) ;
#100 = CARTESIAN_POINT ( 'NONE',  ( 1811.867301223467393, -2279.270860543043455, -2842.998702608751501 ) ) ;
#101 = CARTESIAN_POINT ( 'NONE',  ( -5290.751088192352654, -476.8896417627807978, -4168.677759528893148 ) ) ;
#102 = CARTESIAN_POINT ( 'NONE',  ( -903.5215139457559417, -2923.099819077515804, -141.9199700360820202 ) ) ;
#103 = CARTESIAN_POINT ( 'NONE',  ( -727.9210190665105529, 2570.953361518890233, 171.9989131141411747 ) ) ;
#104 = CARTESIAN_POINT ( 'NONE',  ( -1558.388461254610775, -2482.559382843923686, -420.1373616970603280 ) ) ;
#105 = CARTESIAN_POINT ( 'NONE',  ( -1371.350489181816329, 2184.268156249504045, -368.7021072533540291 ) ) ;
#106 = CARTESIAN_POINT ( 'NONE',  ( -3188.358816768352426, 2575.931775625510454, -1490.581339589576601 ) ) ;
#107 = CARTESIAN_POINT ( 'NONE',  ( -3854.556454824784396, -2031.913185076603668, -2087.752193439002440 ) ) ;
#108 = CARTESIAN_POINT ( 'NONE',  ( -4539.470816455474960, 2905.187254584536277, -2962.657275805863264 ) ) ;
#109 = CARTESIAN_POINT ( 'NONE',  ( -1267.252494392579592, 2619.432787660116446, -194.0023528158892532 ) ) ;
#110 = CARTESIAN_POINT ( 'NONE',  ( -5465.501828033844504, 612.7727738367776738, -4613.806364605014096 ) ) ;
#111 = CARTESIAN_POINT ( 'NONE',  ( -5069.559721104901655, 2630.328060878965061, -3753.419961843638703 ) ) ;
#112 = CARTESIAN_POINT ( 'NONE',  ( -445.5030282397137853, -1024.975255970121452, 1.219784039852999991 ) ) ;
#113 = CARTESIAN_POINT ( 'NONE',  ( -2145.289987533198655, 2575.831820580569911, -693.2405693461738565 ) ) ;
#114 = CARTESIAN_POINT ( 'NONE',  ( -1391.036596882737285, -467.2058761033941323, -347.4423476796771979 ) ) ;
#115 = CARTESIAN_POINT ( 'NONE',  ( -2105.516288423663809, -2028.641791541362181, -737.5648247944992590 ) ) ;
#116 = CARTESIAN_POINT ( 'NONE',  ( -1328.750056217201291, -467.0912885418026690, -340.9818402815209879 ) ) ;
#117 = CARTESIAN_POINT ( 'NONE',  ( -477.1629072103243061, -1569.223808685169388, -35.12532504801160371 ) ) ;
#118 = CARTESIAN_POINT ( 'NONE',  ( -3349.245528192576785, 2575.522419181994337, -1627.999331141517359 ) ) ;
#119 = CARTESIAN_POINT ( 'NONE',  ( -2906.107860918366896, -1014.651842984833706, -1246.293104514497600 ) ) ;
#120 = CARTESIAN_POINT ( 'NONE',  ( -4449.688660646567769, -473.2572637848984982, -2829.476062963787172 ) ) ;
#121 = CARTESIAN_POINT ( 'NONE',  ( -590.9582470226660007, -475.5323231948062244, -57.62613363494966023 ) ) ;
#122 = CARTESIAN_POINT ( 'NONE',  ( -1267.567606043922979, 2602.666967824739459, -193.8696170040842048 ) ) ;
#123 = CARTESIAN_POINT ( 'NONE',  ( -5467.105650694206815, -2932.666475652568806, -4603.512183628794446 ) ) ;
#124 = CARTESIAN_POINT ( 'NONE',  ( -440.8731067694700414, 2626.278922828108080, 29.90614902412454867 ) ) ;
#125 = B_SPLINE_CURVE_WITH_KNOTS ( 'NONE', 3,
 ( #678, #1470, #1652, #638 ),
 .UNSPECIFIED., .F., .F.,
 ( 4, 4 ),
 ( -0.6905276953793046957, 4.816803633275801744 ),
 .UNSPECIFIED. ) ;
#126 = CARTESIAN_POINT ( 'NONE',  ( -5069.952314212753663, 2175.783670483028345, -3752.427922647259038 ) ) ;
#127 = CARTESIAN_POINT ( 'NONE',  ( -446.4786988135387560, 611.2082673296827124, 22.24692189166706768 ) ) ;
#128 =( GEOMETRIC_REPRESENTATION_CONTEXT ( 3 ) GLOBAL_UNCERTAINTY_ASSIGNED_CONTEXT ( ( #2547 ) ) GLOBAL_UNIT_ASSIGNED_CONTEXT ( ( #1722, #736, #2489 ) ) REPRESENTATION_CONTEXT ( 'NONE', 'WORKASPACE' ) );
#129 = CARTESIAN_POINT ( 'NONE',  ( -3110.241770708307740, 2577.152045860916587, -1319.663904128682589 ) ) ;
#130 = CARTESIAN_POINT ( 'NONE',  ( -1330.211625553467456, 1169.344182430424553, -325.0897124424661797 ) ) ;
#131 = CARTESIAN_POINT ( 'NONE',  ( -1478.391845464229391, -2482.612887031873470, -404.1061959205700873 ) ) ;
#132 = CARTESIAN_POINT ( 'NONE',  ( 1792.684203387830848, 1051.122349041530015, -2638.209586857567501 ) ) ;
#133 = CARTESIAN_POINT ( 'NONE',  ( -2387.143637406620201, -2483.492582192783630, -884.3933993818263843 ) ) ;
#134 = CARTESIAN_POINT ( 'NONE',  ( -4448.328095269839650, 617.6500695325181596, -2831.530163966930559 ) ) ;
#135 = CARTESIAN_POINT ( 'NONE',  ( -591.3170855929710115, -1566.365836368735927, -67.00267739399697575 ) ) ;
#136 = CARTESIAN_POINT ( 'NONE',  ( -2368.110720393894553, 2398.992364508412265, -913.6743152032991020 ) ) ;
#137 = CARTESIAN_POINT ( 'NONE',  ( -5419.015683127220655, 1703.983949781396177, -4507.416911110606634 ) ) ;
#138 = CARTESIAN_POINT ( 'NONE',  ( -4828.761318436465444, -1565.518151386480667, -3335.577649733770158 ) ) ;
#139 = CARTESIAN_POINT ( 'NONE',  ( -484.1032937258999027, 612.2380858677048536, 9.724508555330455550 ) ) ;
#140 = CARTESIAN_POINT ( 'NONE',  ( -3020.211948791135001, 2576.663579380775445, -1460.131171810339993 ) ) ;
#141 = CARTESIAN_POINT ( 'NONE',  ( -1374.920884747714126, -1012.612792818960770, -338.3217180089110911 ) ) ;
#142 = CARTESIAN_POINT ( 'NONE',  ( -1896.663991361135231, -1013.199595337139499, -622.0643703891138330 ) ) ;
#143 = CARTESIAN_POINT ( 'NONE',  ( -1244.449884180953177, 2184.723632872828148, -312.8973325902829288 ) ) ;
#144 = CARTESIAN_POINT ( 'NONE',  ( -2508.030761679240641, 1713.265804474731340, -977.2810036604894321 ) ) ;
#145 = CARTESIAN_POINT ( 'NONE',  ( -4155.436275895309336, -2760.155132633094127, -2454.830177531658592 ) ) ;
#146 = CARTESIAN_POINT ( 'NONE',  ( -590.1976480878242910, 615.2896782787513530, -47.99620951370176414 ) ) ;
#147 = CARTESIAN_POINT ( 'NONE',  ( -3145.080775382687079, 2575.944986142144444, -1480.686403338911987 ) ) ;
#148 = CARTESIAN_POINT ( 'NONE',  ( -5273.365745824798068, -1567.828248517498423, -4174.467469464118039 ) ) ;
#149 = CARTESIAN_POINT ( 'NONE',  ( -364.6070631331654113, 63.95371796982605872, 19.25403737182393016 ) ) ;
#150 = CARTESIAN_POINT ( 'NONE',  ( -886.5541929605691394, 622.1348708982154676, -159.0505282205036792 ) ) ;
#151 = CARTESIAN_POINT ( 'NONE',  ( -4991.441988880309509, 1706.465061084360741, -3613.509422791012639 ) ) ;
#152 = CARTESIAN_POINT ( 'NONE',  ( -482.5451140531303054, -2493.531418949470662, -26.56301076380266935 ) ) ;
#153 = CARTESIAN_POINT ( 'NONE',  ( -2930.091827150540212, 2576.223175434256063, -1601.235034916237055 ) ) ;
#154 = CARTESIAN_POINT ( 'NONE',  ( -1326.395955678514838, -2921.519621900934453, -309.8088963521268511 ) ) ;
#155 = CARTESIAN_POINT ( 'NONE',  ( -1252.044418669277320, 624.1045568121350016, -310.5670120268894152 ) ) ;
#156 = CARTESIAN_POINT ( 'NONE',  ( 1808.104370366639159, -619.0288082234043259, -2746.918742442840085 ) ) ;
#157 = CARTESIAN_POINT ( 'NONE',  ( -2513.318347009442732, 76.90235906737461846, -975.4872260495399132 ) ) ;
#158 = CARTESIAN_POINT ( 'NONE',  ( -4255.453398335238489, -1563.506754018833362, -2578.746909160652649 ) ) ;
#159 = CARTESIAN_POINT ( 'NONE',  ( -2368.223136318865727, 2133.488890750448263, -912.8832789728180614 ) ) ;
#160 = CARTESIAN_POINT ( 'NONE',  ( -5403.454090495109995, 1704.085781652972855, -4471.010290007237927 ) ) ;
#161 = CARTESIAN_POINT ( 'NONE',  ( -978.3090685373352926, 623.3707781269923771, -195.9866700347514552 ) ) ;
#162 = CARTESIAN_POINT ( 'NONE',  ( -4829.484499748805320, -2489.757813900273050, -3333.349033473058626 ) ) ;
#163 = CARTESIAN_POINT ( 'NONE',  ( -674.3950614707605382, -2761.436822981758269, -77.23541145220198700 ) ) ;
#164 = CARTESIAN_POINT ( 'NONE',  ( -179.2482265991686745, 2555.016341864349670, 231.9832909561479539 ) ) ;
#165 = CARTESIAN_POINT ( 'NONE',  ( -1334.855639303351154, 78.42538520762775534, -323.5836272762815611 ) ) ;
#166 = CARTESIAN_POINT ( 'NONE',  ( -1317.851423766844391, -2754.910910753140797, -328.4370869570154241 ) ) ;
#167 = CARTESIAN_POINT ( 'NONE',  ( -254.8080241741967313, -2445.415611378175981, 270.4397302664610834 ) ) ;
#168 = CARTESIAN_POINT ( 'NONE',  ( -1980.298718408558898, -2922.338970267802779, -639.5653693656763608 ) ) ;
#169 = CARTESIAN_POINT ( 'NONE',  ( -3613.921079626576102, -470.7837363471460321, -1880.209615485719269 ) ) ;
#170 = CARTESIAN_POINT ( 'NONE',  ( -2368.299939139590151, 1952.139757791761440, -912.3429697822097069 ) ) ;
#171 = CARTESIAN_POINT ( 'NONE',  ( -5308.302221993360035, -2931.656946574001722, -4241.945745966948380 ) ) ;
#172 = CARTESIAN_POINT ( 'NONE',  ( -806.1225491866538277, 2635.587307826442611, -123.5274394616573232 ) ) ;
#173 = CARTESIAN_POINT ( 'NONE',  ( -4739.417927807328851, 1162.107289299689910, -3208.591173846770289 ) ) ;
#174 = ORIENTED_EDGE ( 'NONE', *, *, #845, .T. ) ;
#175 = CARTESIAN_POINT ( 'NONE',  ( -372.3741980669872191, 2169.488670351019664, 70.26745538483106657 ) ) ;
#176 = CARTESIAN_POINT ( 'NONE',  ( -5390.758556548371416, 67.96294627405808342, -4385.853554836107833 ) ) ;
#177 = B_SPLINE_SURFACE_WITH_KNOTS ( 'NONE', 3, 3, ( 
 ( #919, #1510, #1940, #129, #113, #759, #512, #2294 ),
 ( #1358, #906, #1499, #140, #1138, #1709, #2282, #2486 ),
 ( #2131, #1549, #721, #153, #326, #1929, #745, #164 ),
 ( #1303, #2104, #943, #1747, #525, #314, #1123, #2496 ) ),
 .UNSPECIFIED., .F., .F., .F.,
 ( 4, 4 ),
 ( 4, 1, 1, 1, 1, 4 ),
 ( -0.04168573813867841593, 0.4585431195254571768 ),
 ( -0.4391395332820656749, 0.5444412212395222106, 1.773917164391507040, 2.757497918913095258, 3.986973862065079643, 4.970554616586667862 ),
 .UNSPECIFIED. ) ;
#178 = CARTESIAN_POINT ( 'NONE',  ( -1309.498599244331899, 1714.874957193791715, -317.7494519408154474 ) ) ;
#179 = CARTESIAN_POINT ( 'NONE',  ( -1324.401314697911403, 623.8264489435148334, -342.6054358287353807 ) ) ;
#180 = CARTESIAN_POINT ( 'NONE',  ( -2378.946682315563521, 2627.078947209989565, -921.6076063258512931 ) ) ;
#181 = CARTESIAN_POINT ( 'NONE',  ( -2099.914288552758535, 2638.077552625631142, -726.0635319215167556 ) ) ;
#182 = CARTESIAN_POINT ( 'NONE',  ( -3145.726960467276967, -2757.605872743186410, -1455.465123879733255 ) ) ;
#183 = CARTESIAN_POINT ( 'NONE',  ( -2368.162561274512882, 2276.529549479116667, -913.3094468189950703 ) ) ;
#184 = CARTESIAN_POINT ( 'NONE',  ( -5307.596431451168428, -1568.025984571498839, -4245.730747534683360 ) ) ;
#185 = CARTESIAN_POINT ( 'NONE',  ( -440.8377029018061535, 3065.613853840614865, 35.83113643095582290 ) ) ;
#186 = B_SPLINE_CURVE_WITH_KNOTS ( 'NONE', 3,
 ( #2427, #259, #1849, #2234, #2044, #2247, #697, #462, #2031, #475 ),
 .UNSPECIFIED., .F., .F.,
 ( 4, 3, 3, 4 ),
 ( 0.000000000000000000, 1.500042759521108549, 3.000085519042216653, 5.000071638739158608 ),
 .UNSPECIFIED. ) ;
#187 = CARTESIAN_POINT ( 'NONE',  ( -804.4363169406507268, 3074.940958893363586, -121.8420094780906737 ) ) ;
#188 = CARTESIAN_POINT ( 'NONE',  ( -4467.333789763586537, -2033.817240414788557, -2814.131954510413379 ) ) ;
#189 = CARTESIAN_POINT ( 'NONE',  ( -335.0233197074730356, 2168.398560839577840, 83.69704416547337189 ) ) ;
#190 = CARTESIAN_POINT ( 'NONE',  ( -5389.376078918773601, 2628.559311901718047, -4392.802352089240230 ) ) ;
#191 = CARTESIAN_POINT ( 'NONE',  ( -1235.780315780304363, -2754.494898092958465, -269.1969159807213146 ) ) ;
#192 = CARTESIAN_POINT ( 'NONE',  ( -1296.565435189277196, 2639.069956926240593, -337.0598381804419432 ) ) ;
#193 = CARTESIAN_POINT ( 'NONE',  ( 1770.423572069436432, 3246.129067843253779, -2495.186905271435990 ) ) ;
#194 = CARTESIAN_POINT ( 'NONE',  ( -1961.987535594555766, 2638.264534251763052, -647.1524679222129635 ) ) ;
#195 = CARTESIAN_POINT ( 'NONE',  ( -4252.542866469567343, 618.3079691130287756, -2582.809270921987263 ) ) ;
#196 = CARTESIAN_POINT ( 'NONE',  ( -2370.020223635844104, -2109.009315278119630, -900.2426863403403559 ) ) ;
#197 = CARTESIAN_POINT ( 'NONE',  ( -5373.573609001559817, -2038.121309073812654, -4388.159696821594480 ) ) ;
#198 = CARTESIAN_POINT ( 'NONE',  ( -705.9514960173898999, -2927.230595464956423, -107.8124553802463339 ) ) ;
#199 = CARTESIAN_POINT ( 'NONE',  ( -4462.097985740998411, 2178.297122229132583, -2822.086779577217840 ) ) ;
#200 = CARTESIAN_POINT ( 'NONE',  ( -335.9209437113806302, 3062.188420827269510, 98.32578805261402977 ) ) ;
#201 = CARTESIAN_POINT ( 'NONE',  ( -553.3233779170002435, -1567.304805021378570, -56.15667268042778204 ) ) ;
#202 = CARTESIAN_POINT ( 'NONE',  ( -5437.929921530114370, 613.1105446291827548, -4496.458318671475354 ) ) ;
#203 = CARTESIAN_POINT ( 'NONE',  ( -1215.983607752361422, 2184.911025900920322, -279.0030894283539169 ) ) ;
#204 = CARTESIAN_POINT ( 'NONE',  ( -1103.830299887527644, 1169.771101158872398, -249.4939025363177336 ) ) ;
#205 = CARTESIAN_POINT ( 'NONE',  ( -707.6142619714258899, -2429.417517660237081, 155.6797230932569960 ) ) ;
#206 = CARTESIAN_POINT ( 'NONE',  ( -1799.753746179105974, -467.5539994204465870, -549.1797064882099448 ) ) ;
#207 = CARTESIAN_POINT ( 'NONE',  ( -2491.714892040344694, 3076.849023902185309, -994.8798474545992576 ) ) ;
#208 = CARTESIAN_POINT ( 'NONE',  ( -1779.985394057703843, 2183.902459028744033, -569.9650319257611955 ) ) ;
#209 = CARTESIAN_POINT ( 'NONE',  ( -2369.182650984071643, -131.8433730313844592, -906.1337808664125077 ) ) ;
#210 = CARTESIAN_POINT ( 'NONE',  ( -5167.565873157042006, -2764.207718421951085, -3959.420065841809446 ) ) ;
#211 = CARTESIAN_POINT ( 'NONE',  ( -2368.037683341783122, 2576.788011191945316, -914.2006349113405577 ) ) ;
#212 = CARTESIAN_POINT ( 'NONE',  ( -4263.931640259365849, 3072.896416747448257, -2573.713789416736290 ) ) ;
#213 = CARTESIAN_POINT ( 'NONE',  ( -327.3757203956417925, -2936.897950615693844, 1.807868266557717485 ) ) ;
#214 = CARTESIAN_POINT ( 'NONE',  ( -5437.658892836146151, 1158.562891615859371, -4497.986619992055239 ) ) ;
#215 = CARTESIAN_POINT ( 'NONE',  ( -1126.967366762182110, -2921.022355934299412, -222.1236780465133904 ) ) ;
#216 = CARTESIAN_POINT ( 'NONE',  ( -1023.297168037385859, 2638.995999733490407, -220.2206543233531306 ) ) ;
#217 = CARTESIAN_POINT ( 'NONE',  ( -701.1296798205231653, 907.6765972387237298, 161.4754196318859556 ) ) ;
#218 = CARTESIAN_POINT ( 'NONE',  ( -1968.138669812631179, 1168.566375845945231, -645.8729542566052260 ) ) ;
#219 = CARTESIAN_POINT ( 'NONE',  ( -2360.722396479609870, 2637.661630268235513, -907.8786426257631774 ) ) ;
#220 = CARTESIAN_POINT ( 'NONE',  ( -1761.212505138244524, -2482.718079442619910, -544.9320925662727859 ) ) ;
#221 = CARTESIAN_POINT ( 'NONE',  ( -2369.982003664811145, -2018.789945956128577, -900.5115018584733662 ) ) ;
#222 = CARTESIAN_POINT ( 'NONE',  ( -5200.573524144620933, 2174.975552047192195, -4042.354969919986615 ) ) ;
#223 = CARTESIAN_POINT ( 'NONE',  ( -3170.120768584628877, -2424.407580274119937, -1458.795998769108110 ) ) ;
#224 = CARTESIAN_POINT ( 'NONE',  ( -4264.233830169832800, 2906.229758303094513, -2573.500767154978803 ) ) ;
#225 = ORIENTED_EDGE ( 'NONE', *, *, #574, .T. ) ;
#226 = CARTESIAN_POINT ( 'NONE',  ( -133.5718166635301145, -2775.387645418511511, 42.98280504119552603 ) ) ;
#227 = CARTESIAN_POINT ( 'NONE',  ( -5421.540345202351091, 2173.812486828056080, -4464.302772120624468 ) ) ;
#228 = CARTESIAN_POINT ( 'NONE',  ( -1067.657461031805042, -1557.644461395530698, -203.5823553898570992 ) ) ;
#229 = CARTESIAN_POINT ( 'NONE',  ( -1101.077956029727375, 1715.215769609154449, -250.3557395904997236 ) ) ;
#230 = CARTESIAN_POINT ( 'NONE',  ( -722.7328321919367227, 2570.804866231800588, 175.9562670036382315 ) ) ;
#231 = CARTESIAN_POINT ( 'NONE',  ( -1898.697689459280809, 1168.674617594292386, -607.4384800302930216 ) ) ;
#232 = CARTESIAN_POINT ( 'NONE',  ( -2897.722103999761657, -2923.792099468112610, -1258.771857814198711 ) ) ;
#233 = CARTESIAN_POINT ( 'NONE',  ( -1649.903066674402680, -467.4987733366863836, -494.2513945102708703 ) ) ;
#234 = CARTESIAN_POINT ( 'NONE',  ( -2369.878787653258769, -1775.139210965137408, -901.2374786656321248 ) ) ;
#235 = CARTESIAN_POINT ( 'NONE',  ( -5052.886002160325006, 1706.051416493004353, -3761.143632695145698 ) ) ;
#236 = CARTESIAN_POINT ( 'NONE',  ( -62.02032532195555348, 600.7880961316822095, 118.0949912632366789 ) ) ;
#237 = CARTESIAN_POINT ( 'NONE',  ( -4012.762702536948836, -2426.333037540873647, -2295.043864789280633 ) ) ;
#238 = CARTESIAN_POINT ( 'NONE',  ( -724.1744169801304452, -2428.645326559257228, 145.6412608799553539 ) ) ;
#239 = CARTESIAN_POINT ( 'NONE',  ( -5374.492203216759663, 68.06374962764607517, -4349.692382629207714 ) ) ;
#240 = CARTESIAN_POINT ( 'NONE',  ( -1137.808127567712972, 3078.931187179653080, -249.2045326640566714 ) ) ;
#241 = CARTESIAN_POINT ( 'NONE',  ( -1060.154123919375252, -1557.703036360200485, -222.1139633049805013 ) ) ;
#242 = EDGE_CURVE ( 'NONE', #953, #427, #1543, .T. ) ;
#243 = CARTESIAN_POINT ( 'NONE',  ( -718.4232078114665683, 907.7213002444475478, 151.2023523358861894 ) ) ;
#244 = CARTESIAN_POINT ( 'NONE',  ( -1752.092493655975204, 2638.542654577361645, -534.2133595437391023 ) ) ;
#245 = CARTESIAN_POINT ( 'NONE',  ( -2897.442424497387037, -2757.125798084406142, -1259.108329708418296 ) ) ;
#246 = CARTESIAN_POINT ( 'NONE',  ( -1685.167062032816830, -467.5134141771557097, -512.1368930104650872 ) ) ;
#247 = CARTESIAN_POINT ( 'NONE',  ( -2369.888362039497224, -1797.743497624634301, -901.1701265904928277 ) ) ;
#248 = CARTESIAN_POINT ( 'NONE',  ( -4976.844151020896788, -1566.290818812918587, -3616.075715917053458 ) ) ;
#249 = CARTESIAN_POINT ( 'NONE',  ( -329.3289939607208225, 2168.644702384057837, 64.70223850150017597 ) ) ;
#250 = CARTESIAN_POINT ( 'NONE',  ( -54.70820313295210724, -1580.408759009667392, 66.54596553798775460 ) ) ;
#251 = CARTESIAN_POINT ( 'NONE',  ( -3177.677068326143853, -2424.489126570970257, -1491.064491182838083 ) ) ;
#252 = CARTESIAN_POINT ( 'NONE',  ( -72.29654648125473670, 2160.537616918595631, 174.1741703624713296 ) ) ;
#253 = CARTESIAN_POINT ( 'NONE',  ( -5375.578241597090710, -2037.988542321824752, -4343.855630314483278 ) ) ;
#254 = CARTESIAN_POINT ( 'NONE',  ( -1028.376512743021522, 3078.427092468748015, -201.9235345212610753 ) ) ;
#255 = CARTESIAN_POINT ( 'NONE',  ( 1750.168019653567171, 2710.678025013132356, -2537.154684484264180 ) ) ;
#256 = CARTESIAN_POINT ( 'NONE',  ( -1648.222895555624063, 2184.064495536693357, -479.3990181428670780 ) ) ;
#257 = CARTESIAN_POINT ( 'NONE',  ( -2376.898500600738316, -2756.273993432927000, -900.6996246776741373 ) ) ;
#258 = CARTESIAN_POINT ( 'NONE',  ( -1637.033901194058672, 2638.551625297690407, -497.5887540520450898 ) ) ;
#259 = CARTESIAN_POINT ( 'NONE',  ( -4268.483083489436467, -1927.132725270999117, -2564.268456655315276 ) ) ;
#260 = CARTESIAN_POINT ( 'NONE',  ( -5202.347461646000738, -476.5311700261884766, -4035.748649884240422 ) ) ;
#261 = CARTESIAN_POINT ( 'NONE',  ( -330.2396979137208746, 3062.434100225912516, 79.40116886790629280 ) ) ;
#262 = CARTESIAN_POINT ( 'NONE',  ( -4184.192469154354512, 2573.056235191533688, -2508.663223772709898 ) ) ;
#263 = CARTESIAN_POINT ( 'NONE',  ( -2972.715825996842341, -2424.224796833112578, -1325.058369890487711 ) ) ;
#264 = CARTESIAN_POINT ( 'NONE',  ( -74.72725029528028529, 2887.604367288738558, 191.3101549904547767 ) ) ;
#265 = CARTESIAN_POINT ( 'NONE',  ( -5219.473467537439319, 614.4088262680833168, -4029.455490304980231 ) ) ;
#266 = CARTESIAN_POINT ( 'NONE',  ( -978.5311223310802689, 2183.948326829895450, -177.8136739310093333 ) ) ;
#267 = CARTESIAN_POINT ( 'NONE',  ( 1819.777511640211969, -2813.776160042156789, -2880.216926627357680 ) ) ;
#268 = CARTESIAN_POINT ( 'NONE',  ( -1474.623815596285112, 1168.956504979796136, -390.9262287700992715 ) ) ;
#269 = CARTESIAN_POINT ( 'NONE',  ( -1371.646254968715994, -2755.099920994800868, -353.3732236019017137 ) ) ;
#270 = CARTESIAN_POINT ( 'NONE',  ( -3106.722960062011225, 2576.099956640263372, -1423.267172046292671 ) ) ;
#271 = CARTESIAN_POINT ( 'NONE',  ( -2909.058223086489306, -2484.346487949231232, -1243.694922211511084 ) ) ;
#272 = CARTESIAN_POINT ( 'NONE',  ( -4540.516483194314787, 2177.915089713160341, -2961.512175034699339 ) ) ;
#273 = ADVANCED_FACE ( 'NONE', ( #1797 ), #2503, .F. ) ;
#274 = CARTESIAN_POINT ( 'NONE',  ( -722.3861000334926530, 2604.067897248090503, 175.5930985134994273 ) ) ;
#275 = CARTESIAN_POINT ( 'NONE',  ( -5465.249035450510746, 1158.225008021907570, -4615.375135979888000 ) ) ;
#276 = CARTESIAN_POINT ( 'NONE',  ( -58.21875179466191241, -2050.390650995052056, 74.92848195180906146 ) ) ;
#277 = CARTESIAN_POINT ( 'NONE',  ( -5323.088264170930415, 2901.688004026395902, -4249.000977201267233 ) ) ;
#278 = CARTESIAN_POINT ( 'NONE',  ( -902.6583073090939706, -2483.720288957382763, -141.9337673071328538 ) ) ;
#279 = FACE_OUTER_BOUND ( 'NONE', #1854, .T. ) ;
#280 = CARTESIAN_POINT ( 'NONE',  ( -1660.681548605906073, -1012.894449934328918, -475.5557051111857163 ) ) ;
#281 = CARTESIAN_POINT ( 'NONE',  ( -2163.798835960865745, 1168.238914261090031, -782.4638323324148814 ) ) ;
#282 = CARTESIAN_POINT ( 'NONE',  ( -1369.050856976708474, 2638.817537280062879, -369.0869531601776998 ) ) ;
#283 = CARTESIAN_POINT ( 'NONE',  ( -2729.099786913295702, 2576.400102125279773, -1134.324570963058932 ) ) ;
#284 = CARTESIAN_POINT ( 'NONE',  ( -3144.445909154815126, 3075.775999283922829, -1447.842265216009991 ) ) ;
#285 = CARTESIAN_POINT ( 'NONE',  ( -4726.591713027302831, -2928.831857216367553, -3210.652593246323249 ) ) ;
#286 = CARTESIAN_POINT ( 'NONE',  ( -2385.052360271470661, 910.3859454334237853, -895.7765738257779731 ) ) ;
#287 = CARTESIAN_POINT ( 'NONE',  ( -5495.915102722773554, -1023.789560027071616, -4682.365806677476030 ) ) ;
#288 = CARTESIAN_POINT ( 'NONE',  ( -1815.950738766099221, 2578.318419713334151, -559.9522854972558434 ) ) ;
#289 = CARTESIAN_POINT ( 'NONE',  ( -5185.396219424045739, -2930.838740056103234, -3949.725100852744163 ) ) ;
#290 = CARTESIAN_POINT ( 'NONE',  ( -821.3324461086465362, 75.21362906697707729, -113.0294861920453968 ) ) ;
#291 = CARTESIAN_POINT ( 'NONE',  ( -724.1819657530085124, -2428.975702917513445, 145.6393209769487100 ) ) ;
#292 = CARTESIAN_POINT ( 'NONE',  ( -1683.629043387986030, 2184.052050736449473, -497.3961067544099137 ) ) ;
#293 = CARTESIAN_POINT ( 'NONE',  ( -1962.322427870081810, 77.60118758970577346, -662.0383389353302164 ) ) ;
#294 = CARTESIAN_POINT ( 'NONE',  ( -1370.986741114214283, -2482.372221776332935, -353.9211142173422786 ) ) ;
#295 = CARTESIAN_POINT ( 'NONE',  ( -2378.832440154788856, 2576.594227959911223, -897.3679573708761836 ) ) ;
#296 = CARTESIAN_POINT ( 'NONE',  ( -3855.676919788269061, -2925.850547667745559, -2085.871245022000949 ) ) ;
#297 = CARTESIAN_POINT ( 'NONE',  ( -4545.846568860296429, -2488.742887635434727, -2952.262487586181123 ) ) ;
#298 = CARTESIAN_POINT ( 'NONE',  ( -1828.530361265057081, 2575.044093513128246, -540.9102814907400898 ) ) ;
#299 = CARTESIAN_POINT ( 'NONE',  ( -5466.910771186981037, -2493.274458850468818, -4604.797556127054122 ) ) ;
#300 = CARTESIAN_POINT ( 'NONE',  ( -50.69669784099471599, -2777.037590312336761, 38.26564087341254350 ) ) ;
#301 = CARTESIAN_POINT ( 'NONE',  ( -5182.801437950140098, 1160.056454898956645, -3960.236948443710844 ) ) ;
#302 = CARTESIAN_POINT ( 'NONE',  ( -1045.294305032647799, -466.8864822831064885, -198.2832302075885309 ) ) ;
#303 = CARTESIAN_POINT ( 'NONE',  ( -5542.482040868992954, 3066.924860869901295, -4760.562347342547582 ) ) ;
#304 = CARTESIAN_POINT ( 'NONE',  ( -1487.946246620820375, -2921.949100262389493, -385.1950380910756166 ) ) ;
#305 = CARTESIAN_POINT ( 'NONE',  ( -1360.470927505891495, 623.7027576020281003, -358.8679198621181285 ) ) ;
#306 = FILL_AREA_STYLE ('',( #2082 ) ) ;
#307 = CARTESIAN_POINT ( 'NONE',  ( -3630.389677178891816, -2031.338698288187970, -1863.014532295027038 ) ) ;
#308 = CARTESIAN_POINT ( 'NONE',  ( -4539.872558319056225, 2632.460157430735308, -2962.241091475953908 ) ) ;
#309 = CARTESIAN_POINT ( 'NONE',  ( -722.5214020802229697, 2570.803883654185483, 175.6562710572053732 ) ) ;
#310 = CARTESIAN_POINT ( 'NONE',  ( -5496.555531179807076, -2493.480019867944520, -4678.038267859323241 ) ) ;
#311 = CARTESIAN_POINT ( 'NONE',  ( -440.8600514979126501, 2171.792647149783079, 23.82439383909659725 ) ) ;
#312 = CARTESIAN_POINT ( 'NONE',  ( -4741.119077461279630, -474.2530464921669591, -3205.238777029842367 ) ) ;
#313 = CARTESIAN_POINT ( 'NONE',  ( -671.2850539767199507, 617.1534142428055247, -55.71949368609990927 ) ) ;
#314 = CARTESIAN_POINT ( 'NONE',  ( -975.5193841510684933, 2581.208070970919835, -558.7269613811315594 ) ) ;
#315 = CARTESIAN_POINT ( 'NONE',  ( -1303.270582877133620, 2911.858969849769437, -319.0811955625395626 ) ) ;
#316 = CARTESIAN_POINT ( 'NONE',  ( -1537.416234005173465, 1168.887105881755133, -443.2908381085958354 ) ) ;
#317 = CARTESIAN_POINT ( 'NONE',  ( -4816.626327472505182, -2426.854119975737376, -2592.744111808558046 ) ) ;
#318 = CARTESIAN_POINT ( 'NONE',  ( -3631.618024538080135, -2925.276150047843657, -1861.178860342465441 ) ) ;
#319 = CARTESIAN_POINT ( 'NONE',  ( -4451.381156146143439, -2033.859915751935660, -2826.201202485645808 ) ) ;
#320 = CARTESIAN_POINT ( 'NONE',  ( -591.1890696663508606, -1020.947642834208636, -62.34380198602436707 ) ) ;
#321 = CARTESIAN_POINT ( 'NONE',  ( -2368.559886947673021, 1338.383928156248885, -910.5143279700563426 ) ) ;
#322 = CARTESIAN_POINT ( 'NONE',  ( -5494.298665419350982, 2627.709592739315667, -4693.055301400837379 ) ) ;
#323 =( NAMED_UNIT ( * ) SI_UNIT ( $, .STERADIAN. ) SOLID_ANGLE_UNIT ( ) );
#324 = CARTESIAN_POINT ( 'NONE',  ( -5070.349117008200665, 1706.087844163763521, -3751.386861197207054 ) ) ;
#325 = CARTESIAN_POINT ( 'NONE',  ( -597.6704938018682469, -2929.972077317679577, -58.76471571623227419 ) ) ;
#326 = CARTESIAN_POINT ( 'NONE',  ( -1965.488449113671550, 2574.917923384611640, -972.3555124353222254 ) ) ;
#327 = CARTESIAN_POINT ( 'NONE',  ( -1318.877251490968774, -466.9628028234602652, -314.5842588790995933 ) ) ;
#328 = CARTESIAN_POINT ( 'NONE',  ( -1263.938673500096684, -2754.698830056033785, -303.7467250499297506 ) ) ;
#329 = ADVANCED_BREP_SHAPE_REPRESENTATION ( 'PiÞce3', ( #1268, #1080 ), #1494 ) ;
#330 = CARTESIAN_POINT ( 'NONE',  ( -2185.641986574609746, -2922.609138906667795, -759.0621365558847629 ) ) ;
#331 = CARTESIAN_POINT ( 'NONE',  ( -4256.909577877949232, -2927.139788666948789, -2575.764426578255097 ) ) ;
#332 = CARTESIAN_POINT ( 'NONE',  ( -2368.167594433868089, 2264.643422152956646, -913.2740338659391455 ) ) ;
#333 = CARTESIAN_POINT ( 'NONE',  ( -5273.621617361121935, -2037.523423397165516, -4173.187637485470077 ) ) ;
#334 =( NAMED_UNIT ( * ) SI_UNIT ( $, .STERADIAN. ) SOLID_ANGLE_UNIT ( ) );
#335 = B_SPLINE_SURFACE_WITH_KNOTS ( 'NONE', 3, 3, ( 
 ( #1917, #2330, #2318, #2305, #931, #1535, #562, #1520, #1317, #1153, #1719, #2510, #550, #955, #303 ),
 ( #536, #1099, #1111, #1332, #2116, #2090, #1895, #1907, #339, #1733, #1382, #2193, #1973, #810, #966 ),
 ( #2178, #1165, #37, #403, #1758, #771, #1203, #2548, #600, #613, #2383, #797, #24, #2368, #824 ),
 ( #1986, #1017, #784, #2155, #2167, #1785, #1574, #1561, #202, #214, #991, #417, #1004, #1394, #1407 ),
 ( #2356, #1799, #626, #977, #1773, #391, #588, #2533, #1599, #1586, #2342, #227, #1216, #2000, #1814 ),
 ( #2142, #576, #1613, #2396, #365, #379, #1950, #176, #1370, #1176, #1188, #1961, #190, #11, #1266 ),
 ( #1031, #1827, #442, #253, #1641, #1471, #1241, #239, #455, #49, #429, #1253, #1654, #1856, #836 ),
 ( #1627, #2024, #1229, #2012, #2037, #2446, #2411, #1459, #639, #1666, #2052, #1420, #2459, #277, #1432 ),
 ( #2434, #63, #890, #2242, #1843, #651, #101, #877, #862, #2228, #90, #1882, #77, #2422, #2254 ),
 ( #1071, #680, #482, #1681, #1869, #1445, #1278, #2217, #265, #1057, #1045, #2064, #850, #667, #2205 ),
 ( #289, #470, #1084, #2076, #496, #730, #2266, #1150, #1518, #301, #1893, #2303, #1108, #1717, #1731 ),
 ( #1136, #2315, #1343, #1289, #2484, #534, #2129, #1905, #706, #719, #324, #126, #111, #523, #1329 ),
 ( #742, #2114, #929, #2507, #337, #1097, #1938, #1927, #904, #1693, #151, #917, #2494, #1532, #941 ),
 ( #547, #350, #162, #2472, #138, #2280, #1706, #1508, #2291, #1496, #1121, #1315, #952, #1744, #509 ),
 ( #2102, #1300, #691, #2088, #1915, #1482, #312, #1584, #1971, #173, #610, #1200, #1783, #1796, #807 ),
 ( #2140, #1983, #1185, #414, #769, #2380, #8, #363, #1404, #2152, #794, #1213, #1392, #2366, #1572 ),
 ( #1163, #1559, #1367, #188, #21, #2340, #1355, #2353, #1948, #1547, #585, #199, #389, #964, #988 ),
 ( #1379, #1756, #2190, #597, #1001, #2531, #572, #1173, #401, #376, #2327, #1996, #2176, #224, #212 ),
 ( #559, #1596, #1014, #2520, #756, #2164, #1959, #975, #1771, #2544, #780, #1863, #1308, #1889, #1477 ),
 ( #296, #2466, #1103, #107, #1260, #2098, #1092, #2440, #476, #911, #1661, #1610, #2287, #2045, #1273 ),
 ( #318, #2393, #2235, #307, #517, #674, #1687, #1876, #898, #2273, #1700, #2479, #623, #1077, #699 ),
 ( #96, #884, #463, #2261, #1674, #2071, #1490, #1452, #503, #2454, #1466, #1296, #2248, #686, #284 ),
 ( #2083, #1285, #271, #714, #1901, #119, #1503, #1811, #34, #1064, #821, #490, #83, #869, #2059 ),
 ( #1514, #970, #737, #1157, #2346, #2526, #959, #157, #725, #2298, #144, #2500, #1337, #1168, #935 ),
 ( #947, #2490, #133, #1737, #1349, #1541, #529, #2322, #1321, #1723, #923, #1713, #2514, #2147, #2108 ),
 ( #330, #1362, #1750, #1116, #2159, #764, #1128, #1911, #2135, #2309, #580, #1943, #1524, #343, #1374 ),
 ( #554, #1933, #2334, #1566, #357, #2122, #1954, #1143, #1553, #566, #370, #1921, #181, #751, #1763 ),
 ( #168, #2538, #540, #775, #788, #1192, #1631, #2182, #433, #218, #1618, #1777, #194, #421, #1965 ),
 ( #1220, #2, #1578, #2209, #2004, #15, #604, #395, #2414, #231, #28, #407, #1411, #1021, #1233 ),
 ( #2360, #642, #2197, #995, #1590, #2016, #206, #981, #840, #592, #2374, #1436, #384, #1387, #2171 ),
 ( #1819, #1789, #1977, #801, #1805, #1424, #1180, #1398, #41, #1207, #828, #2401, #244, #1035, #1990 ),
 ( #1834, #1008, #814, #1604, #2387, #617, #630, #53, #2067, #2055, #2269, #292, #2449, #1485, #2475 ),
 ( #683, #710, #1060, #1696, #655, #280, #1846, #68, #1645, #1292, #485, #256, #2041, #854, #1088 ),
 ( #1670, #93, #104, #865, #2425, #2079, #1859, #2257, #1872, #2220, #2437, #500, #694, #1049, #445 ),
 ( #304, #1448, #2232, #1885, #893, #1684, #2462, #458, #1256, #268, #670, #1270, #80, #1896, #880 ),
 ( #1657, #1462, #2245, #1100, #473, #2028, #114, #1474, #907, #1244, #1074, #1281, #2132, #2331, #1951 ),
 ( #340, #1918, #945, #1930, #1941, #141, #1112, #563, #1124, #1536, #1139, #967, #1720, #1359, #2523 ),
 ( #1759, #1908, #2143, #2091, #2487, #1346, #354, #165, #1154, #130, #920, #2295, #2497, #537, #1710 ),
 ( #154, #760, #722, #2105, #932, #956, #327, #1304, #366, #747, #178, #1748, #1550, #315, #1166 ),
 ( #2534, #1734, #2511, #734, #1500, #2319, #1521, #2306, #1511, #2283, #551, #513, #1333, #526, #1318 ),
 ( #2118, #191, #1032, #25, #1383, #1974, #2397, #589, #577, #1230, #978, #203, #1828, #772, #1371 ),
 ( #811, #2343, #2013, #1600, #380, #1962, #2384, #1189, #1800, #1815, #1018, #1987, #1217, #1005, #240 ),
 ( #215, #2357, #992, #12, #1587, #1774, #404, #798, #614, #1408, #2156, #2194, #2369, #2168, #418 ),
 ( #601, #1786, #1177, #2001, #228, #2549, #1421, #38, #825, #1614, #627, #1563, #785, #2206, #430 ),
 ( #1575, #392, #1395, #2179, #1204, #2026, #302, #1870, #653, #1254, #1682, #2423, #2412, #497, #254 ),
 ( #1098, #50, #640, #443, #2435, #878, #1446, #1242, #2230, #1460, #1085, #1290, #456, #2447, #78 ),
 ( #483, #2460, #692, #1434, #1857, #681, #1483, #2039, #65, #863, #2243, #266, #1047, #668, #1472 ),
 ( #102, #2255, #278, #1883, #837, #1058, #1072, #1628, #1655, #2077, #1844, #471, #2218, #852, #1642 ),
 ( #1667, #1267, #2053, #91, #1279, #2267, #2065, #290, #891, #524, #1497, #954, #1509, #1928, #1519 ),
 ( #2103, #163, #352, #2473, #2141, #2281, #1746, #707, #313, #1732, #2509, #2317, #1533, #510, #1301 ),
 ( #325, #930, #2089, #1548, #2304, #1152, #1109, #2485, #1316, #549, #720, #1694, #2521, #1137, #2329 ),
 ( #1122, #1357, #152, #2292, #1916, #561, #1344, #1331, #139, #2130, #364, #535, #1718, #1939, #2495 ),
 ( #1894, #2115, #731, #758, #338, #112, #905, #1906, #127, #918, #942, #1707, #744, #10, #1186 ),
 ( #1999, #1560, #1960, #2395, #390, #1215, #990, #2382, #2532, #965, #1202, #175, #1612, #1985, #770 ),
 ( #213, #1573, #2177, #2192, #1406, #2367, #1598, #1393, #625, #2341, #599, #189, #2355, #1972, #200 ),
 ( #796, #1784, #402, #1003, #1757, #1798, #1585, #1772, #23, #2545, #809, #2166, #575, #612, #416 ),
 ( #1813, #226, #1016, #36, #823, #2204, #1369, #1418, #1164, #1949, #976, #2153, #378, #1175, #782 ),
 ( #587, #1381, #1868, #276, #2035, #48, #835, #2023, #1842, #650, #481, #252, #1826, #264, #1626 ) ),
 .UNSPECIFIED., .F., .F., .F.,
 ( 4, 2, 2, 2, 2, 2, 2, 2, 2, 2, 2, 2, 2, 2, 2, 2, 2, 2, 2, 2, 2, 2, 2, 2, 2, 2, 2, 2, 4 ),
 ( 4, 1, 1, 1, 1, 1, 1, 1, 1, 1, 1, 1, 4 ),
 ( 0.000000000000000000, 0.03125000000000000000, 0.04687500000000000000, 0.06250000000000000000, 0.09375000000000000000, 0.1250000000000000000, 0.1875000000000000000, 0.2500000000000000000, 0.3125000000000000000, 0.3750000000000000000, 0.5000000000000000000, 0.6250000000000000000, 0.6875000000000000000, 0.7187500000000000000, 0.7500000000000000000, 0.7656250000000000000, 0.7812500000000000000, 0.8125000000000000000, 0.8203125000000000000, 0.8281250000000000000, 0.8437500000000000000, 0.8593750000000000000, 0.8671875000000000000, 0.8750000000000000000, 0.9062500000000000000, 0.9375000000000000000, 0.9531250000000000000, 0.9687500000000000000, 1.000000000000000000 ),
 ( 0.000000000000000000, 0.08333333333294126732, 0.1363636363630072457, 0.2272727272717208202, 0.3181818181804842438, 0.4090909090893142253, 0.4999999999982302490, 0.5909090909072554076, 0.6818181818164158470, 0.7727272727257410434, 0.8636363636352640816, 0.9166666666659254448, 1.000000000000000000 ),
 .UNSPECIFIED. ) ;
#336 = CARTESIAN_POINT ( 'NONE',  ( -987.0078773424477276, 2638.631318273388842, -204.3143540962083762 ) ) ;
#337 = CARTESIAN_POINT ( 'NONE',  ( -4994.107688943695393, -1566.253436628797544, -3605.970070840801782 ) ) ;
#338 = CARTESIAN_POINT ( 'NONE',  ( -445.0300941030096737, -1570.374374292852963, -5.707670206293435911 ) ) ;
#339 = CARTESIAN_POINT ( 'NONE',  ( -5513.751794695896024, 612.5969147352369646, -4679.711087396094626 ) ) ;
#340 = CARTESIAN_POINT ( 'NONE',  ( -1380.315209872485639, -2921.709114417223645, -334.8233361752083965 ) ) ;
#341 = CARTESIAN_POINT ( 'NONE',  ( -1222.414632366892192, -1012.128943277689245, -291.6323799805569479 ) ) ;
#342 = CARTESIAN_POINT ( 'NONE',  ( -475.9378141885603668, -2932.746919550203984, -50.94278646237874142 ) ) ;
#343 = CARTESIAN_POINT ( 'NONE',  ( -2167.091722048365682, 2910.718850091841432, -766.7349128557118547 ) ) ;
#344 = CARTESIAN_POINT ( 'NONE',  ( -3837.776137636576095, -471.3570014566833493, -2104.492819662268175 ) ) ;
#345 = CARTESIAN_POINT ( 'NONE',  ( -552.8873435122255842, -2764.196892715516697, -67.46984519773837974 ) ) ;
#346 = CARTESIAN_POINT ( 'NONE',  ( -2368.167628985057945, 2264.561832779734232, -913.2737907838537694 ) ) ;
#347 = CARTESIAN_POINT ( 'NONE',  ( -5370.970100247628579, 2901.253532714284574, -4401.705871482571638 ) ) ;
#348 = EDGE_CURVE ( 'NONE', #953, #560, #1668, .T. ) ;
#349 = CARTESIAN_POINT ( 'NONE',  ( -989.3429219119720983, 2184.111471151646128, -204.2331355014648295 ) ) ;
#350 = CARTESIAN_POINT ( 'NONE',  ( -4829.681996622577572, -2762.484203995270491, -3332.666418462260481 ) ) ;
#351 = ORIENTED_EDGE ( 'NONE', *, *, #928, .F. ) ;
#352 = CARTESIAN_POINT ( 'NONE',  ( -674.3316108179654975, -2488.720465419994525, -75.59799934882020978 ) ) ;
#353 = FACE_OUTER_BOUND ( 'NONE', #1380, .T. ) ;
#354 = CARTESIAN_POINT ( 'NONE',  ( -1336.944700510341136, -467.0331903112476652, -322.7390172976211602 ) ) ;
#355 = CARTESIAN_POINT ( 'NONE',  ( -1310.727747646269336, -467.0211329628580188, -332.8463673769724664 ) ) ;
#356 = CARTESIAN_POINT ( 'NONE',  ( -2380.397527489650656, -756.3797597737406022, -911.6229427865350772 ) ) ;
#357 = CARTESIAN_POINT ( 'NONE',  ( -2114.460965960067369, -1558.890041465585909, -721.1291541632434701 ) ) ;
#358 = CARTESIAN_POINT ( 'NONE',  ( -4150.990812574935262, 618.6267605885713010, -2461.341342870536209 ) ) ;
#359 = PRODUCT_DEFINITION_SHAPE ( 'NONE', 'NONE',  #382 ) ;
#360 = CARTESIAN_POINT ( 'NONE',  ( -2368.077673436038367, 2477.030034185705517, -913.9068148010318282 ) ) ;
#361 = CARTESIAN_POINT ( 'NONE',  ( -5405.656348695003544, -2765.593017004909598, -4458.431731912242867 ) ) ;
#362 = CARTESIAN_POINT ( 'NONE',  ( -986.2698043337481977, -1558.356925647971593, -194.1124042013725841 ) ) ;
#363 = CARTESIAN_POINT ( 'NONE',  ( -4559.409444941306901, 71.89912993480774617, -2945.999492416618068 ) ) ;
#364 = CARTESIAN_POINT ( 'NONE',  ( -484.0433277198175119, 1703.025673114691472, 22.85312719979039997 ) ) ;
#365 = CARTESIAN_POINT ( 'NONE',  ( -5391.592539478835533, -1568.394184757078847, -4381.301864581942937 ) ) ;
#366 = CARTESIAN_POINT ( 'NONE',  ( -1314.499492396179676, 623.9550150451186710, -316.2866310295477206 ) ) ;
#367 = COLOUR_RGB ( '',0.7921568627450980005, 0.8196078431372548767, 0.9333333333333333481 ) ;
#368 = CARTESIAN_POINT ( 'NONE',  ( -1220.349712859472675, -466.6732204086839033, -292.7687593042897447 ) ) ;
#369 = SURFACE_STYLE_USAGE ( .BOTH. , #516 ) ;
#370 = CARTESIAN_POINT ( 'NONE',  ( -2103.745134539971332, 1713.834769196570733, -725.3422826642981818 ) ) ;
#371 = CARTESIAN_POINT ( 'NONE',  ( -4146.947636008262634, 2906.504663395683110, -2464.539795758245418 ) ) ;
#372 =( GEOMETRIC_REPRESENTATION_CONTEXT ( 3 ) GLOBAL_UNCERTAINTY_ASSIGNED_CONTEXT ( ( #1708 ) ) GLOBAL_UNIT_ASSIGNED_CONTEXT ( ( #916, #2518, #323 ) ) REPRESENTATION_CONTEXT ( 'NONE', 'WORKASPACE' ) );
#373 = CARTESIAN_POINT ( 'NONE',  ( -2368.261647965250177, 2042.553353429295839, -912.6123475228197321 ) ) ;
#374 = CARTESIAN_POINT ( 'NONE',  ( -5403.209329316852745, 2173.780928405597933, -4472.301144075750926 ) ) ;
#375 = CARTESIAN_POINT ( 'NONE',  ( -967.4505892485478853, 2911.119659515533840, -196.2247280280517430 ) ) ;
#376 = CARTESIAN_POINT ( 'NONE',  ( -4267.183596135609150, 1163.806272065755820, -2571.018910993402642 ) ) ;
#377 = ORIENTED_EDGE ( 'NONE', *, *, #1353, .F. ) ;
#378 = CARTESIAN_POINT ( 'NONE',  ( -148.7309505941560133, 2617.243121078246077, 158.4924151141029540 ) ) ;
#379 = CARTESIAN_POINT ( 'NONE',  ( -5391.318879907903465, -1022.941834883439583, -4382.828823146750437 ) ) ;
#380 = CARTESIAN_POINT ( 'NONE',  ( -1159.422774653064835, -1557.392242915786710, -240.7895982801514378 ) ) ;
#381 = CARTESIAN_POINT ( 'NONE',  ( -1155.814396473225315, -2921.079088601492458, -255.7260675859864136 ) ) ;
#382 = PRODUCT_DEFINITION ( 'UNKNOWN', '', #1327, #1187 ) ;
#383 = CARTESIAN_POINT ( 'NONE',  ( -728.0159971790609461, 2587.585682131634712, 172.2068787219237151 ) ) ;
#384 = CARTESIAN_POINT ( 'NONE',  ( -1787.272830910819039, 2638.504563605479689, -552.6699155214364509 ) ) ;
#385 = CARTESIAN_POINT ( 'NONE',  ( -3840.722777010632399, -2486.505074476107893, -2100.694265047442968 ) ) ;
#386 = CARTESIAN_POINT ( 'NONE',  ( -2370.020755450205343, -2110.264675620091111, -900.2389458975103480 ) ) ;
#387 = CARTESIAN_POINT ( 'NONE',  ( -5372.507210006220703, 67.93088075990463892, -4394.033529524152073 ) ) ;
#388 = CARTESIAN_POINT ( 'NONE',  ( -896.0684947376742002, -2756.488262541084168, -160.7613531125990960 ) ) ;
#389 = CARTESIAN_POINT ( 'NONE',  ( -4461.408116096501544, 2632.842276588703953, -2822.780080977542184 ) ) ;
#390 = CARTESIAN_POINT ( 'NONE',  ( -368.3214455836741195, -1572.416470366700651, 13.98094115022036377 ) ) ;
#391 = CARTESIAN_POINT ( 'NONE',  ( -5423.155318984384394, -1023.144471562443414, -4455.398309444885854 ) ) ;
#392 = CARTESIAN_POINT ( 'NONE',  ( -1052.716420465052806, -2754.707122003024779, -193.9515825669664082 ) ) ;
#393 = CARTESIAN_POINT ( 'NONE',  ( -1130.958452418920160, 2912.206470074200297, -267.4361657810381416 ) ) ;
#394 = CARTESIAN_POINT ( 'NONE',  ( -2374.285365524600365, 910.3315740943089622, -912.5707608715292736 ) ) ;
#395 = CARTESIAN_POINT ( 'NONE',  ( -1902.743844745547676, 77.76532607545429698, -606.1205010298980369 ) ) ;
#396 = CARTESIAN_POINT ( 'NONE',  ( -3132.241964855125843, 2909.057791812522282, -1463.167471060761955 ) ) ;
#397 = CARTESIAN_POINT ( 'NONE',  ( -1550.688500177055630, -2922.008656167552090, -437.3015577632880309 ) ) ;
#398 = CARTESIAN_POINT ( 'NONE',  ( -2368.984266125220984, 336.5240712331064401, -907.5293060654921646 ) ) ;
#399 = CARTESIAN_POINT ( 'NONE',  ( -5167.411713115501698, -2491.481472011907954, -3960.157083284044802 ) ) ;
#400 = CARTESIAN_POINT ( 'NONE',  ( -58.36426246085427039, -489.8103311387556573, 92.32046594643153981 ) ) ;
#401 = CARTESIAN_POINT ( 'NONE',  ( -4268.016536716497285, 618.3522531461488825, -2570.131818112027759 ) ) ;
#402 = CARTESIAN_POINT ( 'NONE',  ( -212.0519489694396498, -2500.643248470522394, 33.39519802067554366 ) ) ;
#403 = CARTESIAN_POINT ( 'NONE',  ( -5485.190525929319847, -2038.700432466663415, -4598.485271507526704 ) ) ;
#404 = CARTESIAN_POINT ( 'NONE',  ( -1118.796200269133578, -466.5070811927769228, -227.9704038843690626 ) ) ;
#405 = CARTESIAN_POINT ( 'NONE',  ( -1118.887897330251008, -2754.417118097885123, -241.0160549040139131 ) ) ;
#406 = CARTESIAN_POINT ( 'NONE',  ( -717.7576544406935000, 2603.915668398792604, 180.3508720336669455 ) ) ;
#407 = CARTESIAN_POINT ( 'NONE',  ( -1894.456177134607287, 2183.826984973817162, -608.4093747326428456 ) ) ;
#408 = CARTESIAN_POINT ( 'NONE',  ( -2886.693018478891645, 1712.567379938192971, -1265.660087986101189 ) ) ;
#409 = CARTESIAN_POINT ( 'NONE',  ( -1742.791250270857972, 2638.485879346001639, -551.9216262281446461 ) ) ;
#410 = CARTESIAN_POINT ( 'NONE',  ( -2369.094078187447394, 77.25006792452496995, -906.7567815973528695 ) ) ;
#411 = CARTESIAN_POINT ( 'NONE',  ( -5200.904625827179188, 1705.279983887560093, -4041.217888510172543 ) ) ;
#412 = CARTESIAN_POINT ( 'NONE',  ( -551.6696894881966955, 2174.789657131365402, -19.02293657354093881 ) ) ;
#413 = CARTESIAN_POINT ( 'NONE',  ( -3810.826153176482876, -2425.545703727533692, -2049.828917725043084 ) ) ;
#414 = CARTESIAN_POINT ( 'NONE',  ( -4561.619122027853336, -2034.156832989102895, -2941.554986898629068 ) ) ;
#415 = ORIENTED_EDGE ( 'NONE', *, *, #2406, .F. ) ;
#416 = CARTESIAN_POINT ( 'NONE',  ( -224.5251379325729033, 3058.832442140105286, 140.6454142184847171 ) ) ;
#417 = CARTESIAN_POINT ( 'NONE',  ( -5437.146746210984929, 2173.710366161476031, -4500.812738186104070 ) ) ;
#418 = CARTESIAN_POINT ( 'NONE',  ( -1101.230875784412092, 3078.883818682637866, -233.6671950729996468 ) ) ;
#419 = CARTESIAN_POINT ( 'NONE',  ( -1038.984205883499499, 3078.513948055203400, -228.4264203253656262 ) ) ;
#420 = CARTESIAN_POINT ( 'NONE',  ( -2368.038252497361555, 2577.034770326083617, -914.2001553824097755 ) ) ;
#421 = CARTESIAN_POINT ( 'NONE',  ( -1960.728671125132905, 2910.992196421651443, -647.3256442402235962 ) ) ;
#422 = CARTESIAN_POINT ( 'NONE',  ( -2896.141805921291507, -2029.854516174973242, -1260.515427458797831 ) ) ;
#423 = CARTESIAN_POINT ( 'NONE',  ( -1651.693205534354547, -1012.951386759289448, -493.4227192278905818 ) ) ;
#424 = CARTESIAN_POINT ( 'NONE',  ( -2369.711946342306419, -1381.140026522863309, -902.4114712866453374 ) ) ;
#425 = CARTESIAN_POINT ( 'NONE',  ( -5167.660082071316538, -2930.873757894739356, -3958.969666293777664 ) ) ;
#426 = CARTESIAN_POINT ( 'NONE',  ( -2985.007869926871990, -2424.165689271123028, -1309.279596356852835 ) ) ;
#427 = VERTEX_POINT ( 'NONE', #1391 ) ;
#428 = CARTESIAN_POINT ( 'NONE',  ( -4253.223489450858324, -2427.138162140754048, -2575.454688277012337 ) ) ;
#429 = CARTESIAN_POINT ( 'NONE',  ( -5373.598729899154023, 1704.421231537638505, -4354.117795082458542 ) ) ;
#430 = CARTESIAN_POINT ( 'NONE',  ( -1046.562642943646097, 3078.572882242495780, -209.9206641000723721 ) ) ;
#431 = CARTESIAN_POINT ( 'NONE',  ( -1045.703569516275820, -2921.428451564333955, -212.1418850455571601 ) ) ;
#432 = CARTESIAN_POINT ( 'NONE',  ( -1821.401581860752458, 2591.609887803822858, -551.8960234683846693 ) ) ;
#433 = CARTESIAN_POINT ( 'NONE',  ( -1970.185184073144910, 623.1117272622711880, -645.2680305056951511 ) ) ;
#434 = CARTESIAN_POINT ( 'NONE',  ( -3142.580869468757555, -1015.184585403264123, -1458.657753417914137 ) ) ;
#435 = CARTESIAN_POINT ( 'NONE',  ( -1749.318321245152902, 1168.790158758481994, -550.5638254508546652 ) ) ;
#436 = CARTESIAN_POINT ( 'NONE',  ( -2369.667769590218995, -1277.020707376435439, -902.7216578508509883 ) ) ;
#437 = CARTESIAN_POINT ( 'NONE',  ( -4977.661816860384533, -2763.256568719934421, -3613.048213116753232 ) ) ;
#438 = CARTESIAN_POINT ( 'NONE',  ( -327.4442092209174007, 608.2892385669355235, 39.27959381938641314 ) ) ;
#439 = CARTESIAN_POINT ( 'NONE',  ( -3311.523405071828620, -2424.588693341211638, -1578.350469217551563 ) ) ;
#440 = VERTEX_POINT ( 'NONE', #211 ) ;
#441 = CARTESIAN_POINT ( 'NONE',  ( -2023.803138297577334, 2577.462087177064859, -691.5108892426857210 ) ) ;
#442 = CARTESIAN_POINT ( 'NONE',  ( -5375.803263151055944, -2492.532144751266515, -4342.575190586276221 ) ) ;
#443 = CARTESIAN_POINT ( 'NONE',  ( -1013.588036626019516, -2027.777063603597981, -181.6279986730117741 ) ) ;
#444 = CARTESIAN_POINT ( 'NONE',  ( -718.4232078114662272, 907.7213002444458425, 151.2023523358860757 ) ) ;
#445 = CARTESIAN_POINT ( 'NONE',  ( -1537.214009662903891, 3078.030145911266118, -426.7436922051754777 ) ) ;
#446 = CARTESIAN_POINT ( 'NONE',  ( -2892.749994309655449, -469.2504451619632846, -1263.077199400123163 ) ) ;
#447 = CARTESIAN_POINT ( 'NONE',  ( -1691.034816641296402, -2482.658761561008760, -508.6582630070304276 ) ) ;
#448 = CARTESIAN_POINT ( 'NONE',  ( -4199.497028004128879, 2573.104013366807067, -2495.785453185159895 ) ) ;
#449 = CARTESIAN_POINT ( 'NONE',  ( -5052.488386915699266, 2175.747246825320872, -3762.183231154484474 ) ) ;
#450 = CARTESIAN_POINT ( 'NONE',  ( -367.0882202143837389, 2896.870640907719007, 62.52463618697942849 ) ) ;
#451 = CARTESIAN_POINT ( 'NONE',  ( -3159.923264748921156, -2424.394529650199274, -1450.371620707102466 ) ) ;
#452 = CARTESIAN_POINT ( 'NONE',  ( -3977.351597531953303, -2426.200798702925567, -2255.912056922646570 ) ) ;
#453 = CARTESIAN_POINT ( 'NONE',  ( -992.4111496904503156, 2576.705082478058557, -21.74378537767611164 ) ) ;
#454 = B_SPLINE_CURVE_WITH_KNOTS ( 'NONE', 3,
 ( #1265, #690, #1481, #1228 ),
 .UNSPECIFIED., .F., .F.,
 ( 4, 4 ),
 ( 4.951868997870817013E-05, 1.000000000000000000 ),
 .UNSPECIFIED. ) ;
#455 = CARTESIAN_POINT ( 'NONE',  ( -5374.199119825599155, 613.5162144382335327, -4351.177985521354458 ) ) ;
#456 = CARTESIAN_POINT ( 'NONE',  ( -994.4249601796998377, 2638.688335985723825, -185.7844238615942629 ) ) ;
#457 = CARTESIAN_POINT ( 'NONE',  ( -727.9210190665105529, 2570.953361518890233, 171.9989131141411747 ) ) ;
#458 = CARTESIAN_POINT ( 'NONE',  ( -1478.993300871103202, 78.04736707241944771, -389.7811317600136363 ) ) ;
#459 = CARTESIAN_POINT ( 'NONE',  ( -2157.957529416842135, 2637.936055625243625, -783.6986669590791053 ) ) ;
#460 = PRODUCT_RELATED_PRODUCT_CATEGORY ( 'part', '', ( #1562 ) ) ;
#461 = CARTESIAN_POINT ( 'NONE',  ( -1355.589531608692141, 1714.620882366033811, -360.1169920001413516 ) ) ;
#462 = CARTESIAN_POINT ( 'NONE',  ( -4267.145564919534991, 1239.586259782102616, -2573.697698695364579 ) ) ;
#463 = CARTESIAN_POINT ( 'NONE',  ( -3157.996623647628439, -2484.827760901353940, -1440.545970758057592 ) ) ;
#464 = CARTESIAN_POINT ( 'NONE',  ( -4811.908579582097445, -1565.557358264471304, -3346.354371454573538 ) ) ;
#465 = CARTESIAN_POINT ( 'NONE',  ( -662.7506044874941153, 1707.954317895269014, -67.05965091878205442 ) ) ;
#466 = CARTESIAN_POINT ( 'NONE',  ( -324.1276623837371744, -1573.201945991877892, 4.161182589578447555 ) ) ;
#467 = CARTESIAN_POINT ( 'NONE',  ( -1828.690693791877038, -2424.918032094538376, -539.7732672843360433 ) ) ;
#468 = ORIENTED_EDGE ( 'NONE', *, *, #2293, .F. ) ;
#469 = CARTESIAN_POINT ( 'NONE',  ( -734.9306677910890357, 907.7303217964498572, 175.2574725975595129 ) ) ;
#470 = CARTESIAN_POINT ( 'NONE',  ( -5185.302068153573600, -2764.172700889861972, -3950.175611528116860 ) ) ;
#471 = CARTESIAN_POINT ( 'NONE',  ( -887.4438471679300164, 2182.677840328463844, -138.3630582782944316 ) ) ;
#472 = CARTESIAN_POINT ( 'NONE',  ( 3381.271081831783704, -2324.362869266773032, -1363.427894593910651 ) ) ;
#473 = CARTESIAN_POINT ( 'NONE',  ( -1394.647325162621883, -1558.118611721344905, -345.7278833787896701 ) ) ;
#474 = CARTESIAN_POINT ( 'NONE',  ( -1477.215615022818611, -2028.068168247637004, -404.8835805567420039 ) ) ;
#475 = CARTESIAN_POINT ( 'NONE',  ( -4266.582408199776182, 2572.904309982637642, -2577.667791016115189 ) ) ;
#476 = CARTESIAN_POINT ( 'NONE',  ( -3850.281568760510709, 619.5985103225885950, -2092.333516288800638 ) ) ;
#477 = CARTESIAN_POINT ( 'NONE',  ( -4812.283925296550478, -2035.252957781859095, -3345.234097079646745 ) ) ;
#478 = CARTESIAN_POINT ( 'NONE',  ( -50.13813409767227114, -2943.656794719310710, 34.32787615484446064 ) ) ;
#479 = CARTESIAN_POINT ( 'NONE',  ( -729.2865044167368751, 907.6032039589241549, 178.8148982425027782 ) ) ;
#480 = CARTESIAN_POINT ( 'NONE',  ( -5465.753037165089154, 67.32055063153896413, -4612.233681133797290 ) ) ;
#481 = CARTESIAN_POINT ( 'NONE',  ( -70.72671778083024208, 1690.973673827751099, 163.1071862553003200 ) ) ;
#482 = CARTESIAN_POINT ( 'NONE',  ( -5221.368516462543084, -2491.640909702879526, -4021.356338359995789 ) ) ;
#483 = CARTESIAN_POINT ( 'NONE',  ( -997.2754674827683630, -2921.897065406206821, -173.5668843381332636 ) ) ;
#484 = CARTESIAN_POINT ( 'NONE',  ( 974.2023224464415989, -2593.991801216692238, 1310.968902847791014 ) ) ;
#485 = CARTESIAN_POINT ( 'NONE',  ( -1650.358739730964771, 1714.369017219546095, -478.9923179131423581 ) ) ;
#486 = CARTESIAN_POINT ( 'NONE',  ( -1964.116935231405023, -467.8531025460905539, -661.2940223284794001 ) ) ;
#487 = CARTESIAN_POINT ( 'NONE',  ( -1335.120498384362691, -2482.252878573352064, -337.3071738979086831 ) ) ;
#488 = CARTESIAN_POINT ( 'NONE',  ( -2103.180417305467927, 2577.232973429648155, -719.8723106575201882 ) ) ;
#489 = B_SPLINE_CURVE_WITH_KNOTS ( 'NONE', 3,
 ( #2227, #1069, #1880, #849 ),
 .UNSPECIFIED., .F., .F.,
 ( 4, 4 ),
 ( -2.423556058890147913, 2.576112810604891834 ),
 .UNSPECIFIED. ) ;
#490 = CARTESIAN_POINT ( 'NONE',  ( -2897.296325313853686, 2182.317212757390735, -1250.126486430180194 ) ) ;
#491 = CARTESIAN_POINT ( 'NONE',  ( -4807.784185396502835, 2631.403370873543281, -3355.155264889333466 ) ) ;
#492 = CARTESIAN_POINT ( 'NONE',  ( -2384.338079283153093, 2577.109913015015081, -900.9294244261972153 ) ) ;
#493 = CARTESIAN_POINT ( 'NONE',  ( -5496.153494259553554, -1569.241694353242337, -4680.761455898365966 ) ) ;
#494 = DIRECTION ( 'NONE',  ( 0.000000000000000000, 0.000000000000000000, 1.000000000000000000 ) ) ;
#495 = PRESENTATION_LAYER_ASSIGNMENT (  '', '', ( #1615 ) ) ;
#496 = CARTESIAN_POINT ( 'NONE',  ( -5184.600443890164570, -1567.207375397769738, -3953.362110199763265 ) ) ;
#497 = CARTESIAN_POINT ( 'NONE',  ( -1029.302083946497532, 2911.768499621076444, -201.8392184037426773 ) ) ;
#498 = CARTESIAN_POINT ( 'NONE',  ( -140.9951149814078235, 1693.594841703923294, 119.4592211968664373 ) ) ;
#499 = CARTESIAN_POINT ( 'NONE',  ( 3388.081117340428591, 2665.455034792530569, -1042.614595905933584 ) ) ;
#500 = CARTESIAN_POINT ( 'NONE',  ( -1541.620205707409468, 2184.092827812033192, -426.1780284658392475 ) ) ;
#501 = CARTESIAN_POINT ( 'NONE',  ( -1466.051344338183981, 1168.899665481048942, -408.9913161621367976 ) ) ;
#502 = CARTESIAN_POINT ( 'NONE',  ( -863.8467478660743382, 2574.619389155599492, 80.44286312409208506 ) ) ;
#503 = CARTESIAN_POINT ( 'NONE',  ( -3151.518067755335778, 621.2293485087037652, -1445.518974841786530 ) ) ;
#504 = CARTESIAN_POINT ( 'NONE',  ( -4724.996144901247135, -1019.746376069239091, -3215.148629797036392 ) ) ;
#505 = CARTESIAN_POINT ( 'NONE',  ( -591.1486694455230690, -2929.924457927056210, -78.41505606180926691 ) ) ;
#506 = CARTESIAN_POINT ( 'NONE',  ( -1881.482643968013917, 2911.044396110291473, -626.4742386537427592 ) ) ;
#507 = CARTESIAN_POINT ( 'NONE',  ( -711.5966664818274694, 2603.763641992406519, 182.9118203220021712 ) ) ;
#508 = CARTESIAN_POINT ( 'NONE',  ( -5494.501773021102053, 2173.166116624507140, -4691.729331672006992 ) ) ;
#509 = CARTESIAN_POINT ( 'NONE',  ( -4824.136394827261029, 3070.835869837204882, -3345.192268120699737 ) ) ;
#510 = CARTESIAN_POINT ( 'NONE',  ( -666.7716681396145759, 2904.828824722381796, -39.35723036299035726 ) ) ;
#511 = UNCERTAINTY_MEASURE_WITH_UNIT (LENGTH_MEASURE( 1.000000000000000082E-05 ), #1692, 'distance_accuracy_value', 'NONE');
#512 = CARTESIAN_POINT ( 'NONE',  ( -629.8055145088451354, 2571.468804158418152, 297.2605123242100831 ) ) ;
#513 = CARTESIAN_POINT ( 'NONE',  ( -1252.514099703288821, 2184.782600530348191, -294.5741415578202123 ) ) ;
#514 = CARTESIAN_POINT ( 'NONE',  ( -2095.704554938487945, 1168.324644684892519, -742.0625486273088427 ) ) ;
#515 = CARTESIAN_POINT ( 'NONE',  ( -1529.278237341221484, 2911.306998623268555, -444.6107116134380135 ) ) ;
#516 = SURFACE_SIDE_STYLE ('',( #1102 ) ) ;
#517 = CARTESIAN_POINT ( 'NONE',  ( -3629.671894214422537, -1561.642570706899050, -1863.908870503387561 ) ) ;
#518 = CARTESIAN_POINT ( 'NONE',  ( -4722.774760086046626, 1162.067215376210243, -3219.688811577348133 ) ) ;
#519 = CARTESIAN_POINT ( 'NONE',  ( -591.2002141986979495, -2763.266479239126056, -77.03344313642575969 ) ) ;
#520 = CARTESIAN_POINT ( 'NONE',  ( -1889.074743882928033, 1168.618268779872778, -624.9730684967030356 ) ) ;
#521 = CARTESIAN_POINT ( 'NONE',  ( -4251.111647962389725, 2572.858475375738635, -2590.342705831450530 ) ) ;
#522 = CARTESIAN_POINT ( 'NONE',  ( -5419.829207020842659, 67.62690593467821998, -4502.833038714053146 ) ) ;
#523 = CARTESIAN_POINT ( 'NONE',  ( -5069.317348840529121, 2903.054728700818032, -3754.002939372499895 ) ) ;
#524 = CARTESIAN_POINT ( 'NONE',  ( -818.1110934366615766, 1166.047637711722473, -109.9035155623702167 ) ) ;
#525 = CARTESIAN_POINT ( 'NONE',  ( -1875.441984175475227, 2574.785001454388748, -1112.940111083500824 ) ) ;
#526 = CARTESIAN_POINT ( 'NONE',  ( -1248.538530384649448, 2912.062376625426623, -295.4913859382024270 ) ) ;
#527 = CARTESIAN_POINT ( 'NONE',  ( -1260.456211702667133, -1557.725914590613229, -306.4586341839088277 ) ) ;
#528 = CARTESIAN_POINT ( 'NONE',  ( -164.0727174459325965, -2444.257126594791771, 124.9989289849935830 ) ) ;
#529 = CARTESIAN_POINT ( 'NONE',  ( -2382.212804499127287, -468.3440930983945805, -887.7854027950107820 ) ) ;
#530 = CARTESIAN_POINT ( 'NONE',  ( -4253.335349451305774, 72.85407998482791925, -2581.872850035826559 ) ) ;
#531 = CARTESIAN_POINT ( 'NONE',  ( -3094.124511118824557, 2576.047041762515164, -1438.800790293687214 ) ) ;
#532 = CARTESIAN_POINT ( 'NONE',  ( -5524.888398796792899, 612.3609788378176972, -4760.527562923693040 ) ) ;
#533 = CARTESIAN_POINT ( 'NONE',  ( -989.5453701777547622, -2755.290640839205935, -192.4769882862978250 ) ) ;
#534 = CARTESIAN_POINT ( 'NONE',  ( -5072.439516896612076, -1021.177190122545539, -3744.957704728093177 ) ) ;
#535 = CARTESIAN_POINT ( 'NONE',  ( -483.9238887491827086, 2172.667077033307123, 28.58296112352794083 ) ) ;
#536 = CARTESIAN_POINT ( 'NONE',  ( -5515.302267376497184, -2932.841964817691405, -4669.285099298153909 ) ) ;
#537 = CARTESIAN_POINT ( 'NONE',  ( -1321.488536300197666, 2911.788464338448648, -327.0031238812674133 ) ) ;
#538 = CARTESIAN_POINT ( 'NONE',  ( -1254.388281217810800, 78.64624432225198802, -309.6345787649945009 ) ) ;
#539 = CARTESIAN_POINT ( 'NONE',  ( -4471.409391114330901, -2426.885575451943623, -2373.190039019419601 ) ) ;
#540 = CARTESIAN_POINT ( 'NONE',  ( -1979.359926473576252, -2482.945951445283754, -640.4476833358368140 ) ) ;
#541 = CARTESIAN_POINT ( 'NONE',  ( -4148.322893397378721, 2179.231942211188198, -2463.628279853596723 ) ) ;
#542 = CARTESIAN_POINT ( 'NONE',  ( -2368.127481779923528, 2359.398984677399767, -913.5563504863112030 ) ) ;
#543 = CARTESIAN_POINT ( 'NONE',  ( -5356.281155855593170, 68.03143440116080853, -4357.961937125098302 ) ) ;
#544 = CARTESIAN_POINT ( 'NONE',  ( -363.2485869815589581, -1026.808881328326606, 2.861224975568775086 ) ) ;
#545 = PRESENTATION_STYLE_ASSIGNMENT (( #1741 ) ) ;
#546 = CARTESIAN_POINT ( 'NONE',  ( -705.8685261189883704, -2760.570276896763971, -106.9645891815260228 ) ) ;
#547 = CARTESIAN_POINT ( 'NONE',  ( -4829.802689156549604, -2929.150331275531698, -3332.249264844551362 ) ) ;
#548 = ORIENTED_EDGE ( 'NONE', *, *, #2371, .T. ) ;
#549 = CARTESIAN_POINT ( 'NONE',  ( -596.1281392682250271, 1160.656348752379245, -23.93302534356685385 ) ) ;
#550 = CARTESIAN_POINT ( 'NONE',  ( -5542.667625644113286, 2627.532908519342527, -4759.254011163858195 ) ) ;
#551 = CARTESIAN_POINT ( 'NONE',  ( -1254.933069499752719, 1715.081383154097011, -293.9269423375336032 ) ) ;
#552 = CARTESIAN_POINT ( 'NONE',  ( -1308.609656119157535, 78.43752138565260168, -333.7270273919769465 ) ) ;
#553 = CARTESIAN_POINT ( 'NONE',  ( -2386.609758672096177, -2422.882287648540569, -909.7617059990960797 ) ) ;
#554 = CARTESIAN_POINT ( 'NONE',  ( -2117.572599808239374, -2922.523613593496066, -718.5814091836211901 ) ) ;
#555 = CARTESIAN_POINT ( 'NONE',  ( -3615.798989997528224, -1561.691390256254408, -1878.336614278706975 ) ) ;
#556 = CARTESIAN_POINT ( 'NONE',  ( -2368.165098431267779, 2270.537698700477449, -913.2915949409809855 ) ) ;
#557 = CARTESIAN_POINT ( 'NONE',  ( -5402.736977057701552, 3067.716895131565707, -4474.742813422833024 ) ) ;
#558 = CARTESIAN_POINT ( 'NONE',  ( -966.5734833829631043, 3077.775534393677390, -196.1722974631427974 ) ) ;
#559 = CARTESIAN_POINT ( 'NONE',  ( -4170.821463704053713, -2926.776257200066539, -2441.464538524918680 ) ) ;
#560 = VERTEX_POINT ( 'NONE', #847 ) ;
#561 = CARTESIAN_POINT ( 'NONE',  ( -483.6175979170521941, -1023.962062587566038, -9.571692175354300502 ) ) ;
#562 = CARTESIAN_POINT ( 'NONE',  ( -5543.979518019948046, -478.5136512037607872, -4750.005427831746601 ) ) ;
#563 = CARTESIAN_POINT ( 'NONE',  ( -1370.973436772910873, 78.30216477471142866, -339.9512840499570530 ) ) ;
#564 = CARTESIAN_POINT ( 'NONE',  ( -1227.883620447388466, -2754.554396827499204, -287.5380084479842822 ) ) ;
#565 = CARTESIAN_POINT ( 'NONE',  ( 1766.384980972797848, 2710.230272539266025, -2522.357257833735275 ) ) ;
#566 = CARTESIAN_POINT ( 'NONE',  ( -2105.839013681483721, 1168.380231128251125, -724.8197070365893069 ) ) ;
#567 = CARTESIAN_POINT ( 'NONE',  ( -4248.445545902003687, 3072.852172644207712, -2586.376069829404969 ) ) ;
#568 = CARTESIAN_POINT ( 'NONE',  ( -2928.610938992115280, 2576.259908157467635, -1308.107507162296997 ) ) ;
#569 = CARTESIAN_POINT ( 'NONE',  ( -5404.012606941685590, 613.1809892998998066, -4467.989061913665864 ) ) ;
#570 = CARTESIAN_POINT ( 'NONE',  ( -552.5336002410783749, 1159.740439776153153, -29.40318952674627795 ) ) ;
#571 = CARTESIAN_POINT ( 'NONE',  ( -705.3993063217375266, -2033.327877056013449, -103.2163712781679692 ) ) ;
#572 = CARTESIAN_POINT ( 'NONE',  ( -4269.554430190582025, -472.5553739078799822, -2568.201519364531123 ) ) ;
#573 = VERTEX_POINT ( 'NONE', #820 ) ;
#574 = EDGE_CURVE ( 'NONE', #1368, #860, #646, .T. ) ;
#575 = CARTESIAN_POINT ( 'NONE',  ( -223.6461650963272234, 2619.531906210016132, 132.1006713980974610 ) ) ;
#576 = CARTESIAN_POINT ( 'NONE',  ( -5392.176759568754278, -2765.358961511101825, -4377.914424039964615 ) ) ;
#577 = CARTESIAN_POINT ( 'NONE',  ( -1223.676000862425326, 624.2985931847180154, -276.4832101999309089 ) ) ;
#578 = CARTESIAN_POINT ( 'NONE',  ( -1294.138967958692319, 3078.469571566522973, -337.5004911059210144 ) ) ;
#579 = CARTESIAN_POINT ( 'NONE',  ( 1764.480722103389326, 3245.444922725806464, -2490.385396309037333 ) ) ;
#580 = CARTESIAN_POINT ( 'NONE',  ( -2172.044841680693480, 1713.748760098948196, -765.8453838068971891 ) ) ;
#581 = CARTESIAN_POINT ( 'NONE',  ( -4250.830022648716294, 1709.216157574268664, -2584.526210193792394 ) ) ;
#582 = CARTESIAN_POINT ( 'NONE',  ( -2368.299897041339591, 1952.239159133681824, -912.3432659384241106 ) ) ;
#583 = CARTESIAN_POINT ( 'NONE',  ( -5305.169701778284434, 2628.928585453094911, -4256.840929366405362 ) ) ;
#584 = CARTESIAN_POINT ( 'NONE',  ( -812.8644520968573488, 620.5943760783216021, -130.2313104455371047 ) ) ;
#585 = CARTESIAN_POINT ( 'NONE',  ( -4462.788802101010333, 1708.600540102728473, -2821.341253797597801 ) ) ;
#586 = EDGE_LOOP ( 'NONE', ( #611, #795, #743, #2165, #822 ) ) ;
#587 = CARTESIAN_POINT ( 'NONE',  ( -55.23102525684201680, -2944.076867291715644, 53.86559649069928923 ) ) ;
#588 = CARTESIAN_POINT ( 'NONE',  ( -5422.887921192234899, -477.6921523615346246, -4456.936457370613425 ) ) ;
#589 = CARTESIAN_POINT ( 'NONE',  ( -1226.054539367698453, 78.84226778286719650, -275.4795784195347892 ) ) ;
#590 = CARTESIAN_POINT ( 'NONE',  ( -1115.215224802572720, -1557.461277650373631, -244.0260519006417610 ) ) ;
#591 = CARTESIAN_POINT ( 'NONE',  ( -722.9343148661524765, 2604.066835571585671, 176.3828581816866006 ) ) ;
#592 = CARTESIAN_POINT ( 'NONE',  ( -1793.722273413976154, 1168.808006637416838, -551.3038186147648503 ) ) ;
#593 = CARTESIAN_POINT ( 'NONE',  ( -3141.408788286264098, -469.7305837660365455, -1459.502600920556233 ) ) ;
#594 = CARTESIAN_POINT ( 'NONE',  ( -2369.833287932754047, -1667.643938204329743, -901.5577933419712053 ) ) ;
#595 = CARTESIAN_POINT ( 'NONE',  ( -5372.220371577379410, 613.3833131289592302, -4395.530913424817300 ) ) ;
#596 = CARTESIAN_POINT ( 'NONE',  ( -2391.139256699275847, -756.3257514836285509, -894.8693743356654977 ) ) ;
#597 = CARTESIAN_POINT ( 'NONE',  ( -4271.451084148807240, -2033.158365251329315, -2565.069594660129042 ) ) ;
#598 = ORIENTED_EDGE ( 'NONE', *, *, #2338, .F. ) ;
#599 = CARTESIAN_POINT ( 'NONE',  ( -334.5051410796671121, 1698.778303229596531, 76.05076657434311471 ) ) ;
#600 = CARTESIAN_POINT ( 'NONE',  ( -5483.984833572131720, 612.8033231128805483, -4606.168464034033605 ) ) ;
#601 = CARTESIAN_POINT ( 'NONE',  ( -1071.665555419451039, -2921.254218406637847, -200.5635360522371116 ) ) ;
#602 = CARTESIAN_POINT ( 'NONE',  ( -1035.625939834227665, 78.49239831003153256, -217.6463846689136119 ) ) ;
#603 = CARTESIAN_POINT ( 'NONE',  ( -1254.369522096142418, -756.6996527736984035, -208.4928841817925331 ) ) ;
#604 = CARTESIAN_POINT ( 'NONE',  ( -1904.569320612906040, -467.6890394804192397, -605.3549767945279427 ) ) ;
#605 = CARTESIAN_POINT ( 'NONE',  ( -2502.196584606510896, 76.84815281746796245, -992.1142485076566118 ) ) ;
#606 = CARTESIAN_POINT ( 'NONE',  ( -1790.410873208596513, -467.6107154430202968, -566.8629502769132387 ) ) ;
#607 = CARTESIAN_POINT ( 'NONE',  ( -2369.055720388952068, 167.8069773454140829, -907.0266002215191747 ) ) ;
#608 = CARTESIAN_POINT ( 'NONE',  ( -5203.011104005729976, -1567.436432643192120, -4032.900267268579228 ) ) ;
#609 = CARTESIAN_POINT ( 'NONE',  ( -3699.166029985759906, -2425.245759554020424, -1937.262379385894747 ) ) ;
#610 = CARTESIAN_POINT ( 'NONE',  ( -4738.799976923158283, 1707.560940579799990, -3209.632230740699924 ) ) ;
#611 = ORIENTED_EDGE ( 'NONE', *, *, #928, .T. ) ;
#612 = CARTESIAN_POINT ( 'NONE',  ( -224.1917344429623711, 2892.201204373434393, 137.4043048728188978 ) ) ;
#613 = CARTESIAN_POINT ( 'NONE',  ( -5483.732128425883275, 1158.255556691708307, -4607.737451432042690 ) ) ;
#614 = CARTESIAN_POINT ( 'NONE',  ( -1114.098381757218704, 624.3854420431700873, -230.0766756448153956 ) ) ;
#615 = CARTESIAN_POINT ( 'NONE',  ( -1039.861910899165650, -1012.383086770969953, -215.9383241612544566 ) ) ;
#616 = CARTESIAN_POINT ( 'NONE',  ( -717.8641590023586332, 2620.545317125833208, 180.5694976039327742 ) ) ;
#617 = CARTESIAN_POINT ( 'NONE',  ( -1696.024512310889577, -1012.909468867830356, -493.4730820631874053 ) ) ;
#618 = CARTESIAN_POINT ( 'NONE',  ( -2366.245808529070018, 1167.964074000845130, -906.6342605813814544 ) ) ;
#619 = CARTESIAN_POINT ( 'NONE',  ( -1744.908998280396418, 2183.940731182815398, -551.5533439098286408 ) ) ;
#620 = CARTESIAN_POINT ( 'NONE',  ( -2369.093564038348177, 78.46381916385064414, -906.7603980091478206 ) ) ;
#621 = CARTESIAN_POINT ( 'NONE',  ( -5055.665667136031516, -2036.361830738126173, -3752.161466024626407 ) ) ;
#622 = CARTESIAN_POINT ( 'NONE',  ( -2389.826633590346773, 2610.466142784582644, -904.6008313231862985 ) ) ;
#623 = CARTESIAN_POINT ( 'NONE',  ( -3621.000955418654939, 2635.325146964619307, -1869.717597128050556 ) ) ;
#624 = ORIENTED_EDGE ( 'NONE', *, *, #56, .T. ) ;
#625 = CARTESIAN_POINT ( 'NONE',  ( -333.1606560873290732, 608.0420800614640484, 58.39771884126512447 ) ) ;
#626 = CARTESIAN_POINT ( 'NONE',  ( -5423.858744127533100, -2492.835331955920083, -4451.214228264070698 ) ) ;
#627 = CARTESIAN_POINT ( 'NONE',  ( -1053.909484190013018, 1714.989639520632636, -208.7307631562218546 ) ) ;
#628 = CARTESIAN_POINT ( 'NONE',  ( -1116.753241267779686, -2027.152578894556427, -242.8880174573012312 ) ) ;
#629 = FACE_OUTER_BOUND ( 'NONE', #1745, .T. ) ;
#630 = CARTESIAN_POINT ( 'NONE',  ( -1694.248359187425649, -467.4564874695684580, -494.3175316416800342 ) ) ;
#631 = CARTESIAN_POINT ( 'NONE',  ( -2503.747185690622246, -468.6059991563403742, -991.3752012091152892 ) ) ;
#632 = CARTESIAN_POINT ( 'NONE',  ( -1691.658356882766157, -2755.385099226474722, -508.0996437995875112 ) ) ;
#633 = CARTESIAN_POINT ( 'NONE',  ( -2369.271065658797397, -340.4542917112539158, -905.5122435709230331 ) ) ;
#634 = CARTESIAN_POINT ( 'NONE',  ( -5273.060922155313165, -1022.375743386156842, -4175.937865680825780 ) ) ;
#635 = CARTESIAN_POINT ( 'NONE',  ( -321.6130295228735463, -2936.647396794157885, -17.59314114507649052 ) ) ;
#636 = CARTESIAN_POINT ( 'NONE',  ( -2391.991980898155816, -2422.847327410455819, -889.3309868870938999 ) ) ;
#637 = CARTESIAN_POINT ( 'NONE',  ( -3456.297078645095553, -2424.857183928017093, -1733.290454142706039 ) ) ;
#638 = CARTESIAN_POINT ( 'NONE',  ( -727.9210190665105529, 2570.953361518890233, 171.9989131141411747 ) ) ;
#639 = CARTESIAN_POINT ( 'NONE',  ( -5324.469786913107782, 613.8171171571956393, -4243.068737666846573 ) ) ;
#640 = CARTESIAN_POINT ( 'NONE',  ( -1014.857956690461378, -2482.309888763480103, -180.8783023164316148 ) ) ;
#641 = CARTESIAN_POINT ( 'NONE',  ( -724.1819657530085124, -2428.975702917513445, 145.6393209769487100 ) ) ;
#642 = CARTESIAN_POINT ( 'NONE',  ( -1806.093084938695711, -2755.428230159954637, -545.1062060875685802 ) ) ;
#643 = CARTESIAN_POINT ( 'NONE',  ( -2173.446331427762289, -2028.727181121170815, -777.9505070141680108 ) ) ;
#644 = CARTESIAN_POINT ( 'NONE',  ( -1671.008859997207765, 2911.266314512358804, -515.7361819747482059 ) ) ;
#645 = CARTESIAN_POINT ( 'NONE',  ( -3918.132753724632039, 2573.757318559785290, -2179.628439398216415 ) ) ;
#646 = B_SPLINE_CURVE_WITH_KNOTS ( 'NONE', 3,
 ( #1403, #2009, #2419, #1781 ),
 .UNSPECIFIED., .F., .F.,
 ( 4, 4 ),
 ( 4.440892098500626162E-16, 0.01999999968231131256 ),
 .UNSPECIFIED. ) ;
#647 = CARTESIAN_POINT ( 'NONE',  ( -5272.748625187931793, -476.9231954789293013, -4177.392835964289588 ) ) ;
#648 = CARTESIAN_POINT ( 'NONE',  ( -3992.136590694828556, -2426.157478230564266, -2242.442858690127650 ) ) ;
#649 = CARTESIAN_POINT ( 'NONE',  ( -3147.198623704819056, -2424.450656016466837, -1465.801492835435283 ) ) ;
#650 = CARTESIAN_POINT ( 'NONE',  ( -68.90369180196100274, 1145.673610730857945, 150.2552110495816180 ) ) ;
#651 = CARTESIAN_POINT ( 'NONE',  ( -5291.063099158445766, -1022.342188031714954, -4167.222198472229138 ) ) ;
#652 = CARTESIAN_POINT ( 'NONE',  ( -697.2282194273991536, 2633.009364247766371, -75.87813049724593384 ) ) ;
#653 = CARTESIAN_POINT ( 'NONE',  ( -1040.762076011931185, 623.9862154984072049, -199.8237383837721666 ) ) ;
#654 = CARTESIAN_POINT ( 'NONE',  ( 1795.318303806399854, -794.7562043307153772, -2744.878723106563484 ) ) ;
#655 = CARTESIAN_POINT ( 'NONE',  ( -1662.324998473036430, -1558.347016298825793, -474.6516146724339933 ) ) ;
#656 = CARTESIAN_POINT ( 'NONE',  ( -2089.758323743633809, 2638.021996244884122, -743.2932973837789632 ) ) ;
#657 = CARTESIAN_POINT ( 'NONE',  ( -1686.948688830572792, -1012.966399595438361, -511.2950036874638613 ) ) ;
#658 = CARTESIAN_POINT ( 'NONE',  ( -2982.586989606820680, 2576.277880671681942, -1324.586165540256843 ) ) ;
#659 = CARTESIAN_POINT ( 'NONE',  ( -4809.381428366524233, 1161.708891945344249, -3352.313219581209523 ) ) ;
#660 = CARTESIAN_POINT ( 'NONE',  ( -663.7493809137578182, 1162.545983093029008, -70.96927288571399117 ) ) ;
#661 = CARTESIAN_POINT ( 'NONE',  ( -478.0174889832837266, 612.3810643041337016, -9.269089096165195940 ) ) ;
#662 = CARTESIAN_POINT ( 'NONE',  ( -211.4740958176647894, -485.5667119661858919, 52.79391969011480512 ) ) ;
#663 = CARTESIAN_POINT ( 'NONE',  ( -1266.937382741236206, 2636.198607495493434, -194.1350886276943299 ) ) ;
#664 = CARTESIAN_POINT ( 'NONE',  ( -3187.811956309553807, -2424.501877058015907, -1499.521247788963819 ) ) ;
#665 = DIRECTION ( 'NONE',  ( 0.6337496882797162279, 0.002035608977751609226, 0.7735355123725428106 ) ) ;
#666 = CARTESIAN_POINT ( 'NONE',  ( -131.7938144944553756, -1578.333211772619961, 49.15204121210655330 ) ) ;
#667 = CARTESIAN_POINT ( 'NONE',  ( -5217.877993529498781, 2902.280693143861299, -4035.028255639216241 ) ) ;
#668 = CARTESIAN_POINT ( 'NONE',  ( -974.8179719955251130, 2911.175697190150458, -177.7013745182108266 ) ) ;
#669 = CARTESIAN_POINT ( 'NONE',  ( 1813.708509148230405, -2814.516002513217700, -2874.526067006516769 ) ) ;
#670 = CARTESIAN_POINT ( 'NONE',  ( -1472.222779359048900, 1714.411376248288207, -391.3983391109233594 ) ) ;
#671 = CARTESIAN_POINT ( 'NONE',  ( -2097.683621491003123, 622.8702566441014596, -741.4733644572767162 ) ) ;
#672 = CARTESIAN_POINT ( 'NONE',  ( -1457.824189949656329, 2911.325843309493393, -410.2346538813146708 ) ) ;
#673 = CARTESIAN_POINT ( 'NONE',  ( -2555.812292348855408, 2576.445667173370566, -1013.332594686251923 ) ) ;
#674 = CARTESIAN_POINT ( 'NONE',  ( -3628.769053385964071, -1016.188832613931027, -1864.880338624177966 ) ) ;
#675 = CARTESIAN_POINT ( 'NONE',  ( -4546.220772175885031, -2928.135537709835262, -2951.215230127171253 ) ) ;
#676 = CARTESIAN_POINT ( 'NONE',  ( -728.5170382494769683, -766.2104216954368212, 171.0227979675236725 ) ) ;
#677 = CARTESIAN_POINT ( 'NONE',  ( -5464.774293170833516, 2173.372251233339284, -4618.284251233943905 ) ) ;
#678 = CARTESIAN_POINT ( 'NONE',  ( 1766.384980972797848, 2710.230272539266025, -2522.357257833735275 ) ) ;
#679 = CARTESIAN_POINT ( 'NONE',  ( -134.9191791392594553, -487.6885215524708315, 72.55719281827317957 ) ) ;
#680 = CARTESIAN_POINT ( 'NONE',  ( -5221.518401472209916, -2764.367138104240439, -4020.612666473542959 ) ) ;
#681 = CARTESIAN_POINT ( 'NONE',  ( -991.8425748706932836, -1012.866136456081563, -176.0909596604808769 ) ) ;
#682 = CARTESIAN_POINT ( 'NONE',  ( 1740.008080317284794, 1052.695909073474695, -2679.280614066346516 ) ) ;
#683 = CARTESIAN_POINT ( 'NONE',  ( -1665.781179894486058, -2921.978222856524098, -472.0576799263569114 ) ) ;
#684 = CARTESIAN_POINT ( 'NONE',  ( -1547.195020989368913, -1558.377106998951376, -439.7577891494684081 ) ) ;
#685 = CARTESIAN_POINT ( 'NONE',  ( -4130.844481239535526, 2573.254714030033938, -2415.271921265301899 ) ) ;
#686 = CARTESIAN_POINT ( 'NONE',  ( -3144.975276628811116, 2909.109152186983010, -1447.724799155467508 ) ) ;
#687 = CARTESIAN_POINT ( 'NONE',  ( -4724.479750389787114, -474.2931360043872928, -3216.342194874079723 ) ) ;
#688 = CARTESIAN_POINT ( 'NONE',  ( -717.9972493986601876, 907.5692245432260279, 185.9293180099141694 ) ) ;
#689 = CARTESIAN_POINT ( 'NONE',  ( -5496.745763320976948, -2932.872004444542199, -4676.741413520842798 ) ) ;
#690 = CARTESIAN_POINT ( 'NONE',  ( -2379.539043970461989, 910.2652681965463444, -892.4017321339289310 ) ) ;
#691 = CARTESIAN_POINT ( 'NONE',  ( -4742.891735342048378, -2489.399190911443839, -3200.625994092594283 ) ) ;
#692 = CARTESIAN_POINT ( 'NONE',  ( -996.2114076829554961, -2482.514688621218738, -174.2408253919772960 ) ) ;
#693 = CARTESIAN_POINT ( 'NONE',  ( -4252.801131798249116, -1427.163389218324482, -2578.432220166795560 ) ) ;
#694 = CARTESIAN_POINT ( 'NONE',  ( -1539.435400200416098, 2638.637183500292394, -426.4931720158769508 ) ) ;
#695 = CARTESIAN_POINT ( 'NONE',  ( -1967.312986978243771, -1558.761126817087870, -659.5869341022041681 ) ) ;
#696 = CARTESIAN_POINT ( 'NONE',  ( -1367.597609689259116, 2911.547415635131529, -369.2894734740329454 ) ) ;
#697 = CARTESIAN_POINT ( 'NONE',  ( -4267.427139756191536, 572.9272346855935893, -2571.712650773215501 ) ) ;
#698 = CARTESIAN_POINT ( 'NONE',  ( -699.4901554385210147, 1708.850073852853939, -81.82051421874997743 ) ) ;
#699 = CARTESIAN_POINT ( 'NONE',  ( -3619.861355425001420, 3074.719446569999036, -1870.102281081081401 ) ) ;
#700 = CARTESIAN_POINT ( 'NONE',  ( -4973.308461574401008, 2630.668173901441151, -3625.543276858739773 ) ) ;
#701 = CARTESIAN_POINT ( 'NONE',  ( -478.0361426494669672, 1157.776170598202043, -2.678955450687373396 ) ) ;
#702 = ADVANCED_FACE ( 'NONE', ( #1609 ), #1131, .T. ) ;
#703 = CARTESIAN_POINT ( 'NONE',  ( -723.2249667922822027, -766.3055555267496857, 174.6979424546826465 ) ) ;
#704 = CARTESIAN_POINT ( 'NONE',  ( -5523.851683846131891, 3066.895333350117653, -4767.836199508094978 ) ) ;
#705 = MECHANICAL_DESIGN_GEOMETRIC_PRESENTATION_REPRESENTATION (  '', ( #1615 ), #128 ) ;
#706 = CARTESIAN_POINT ( 'NONE',  ( -5071.228125624067616, 615.1816189374275154, -3748.892310773347162 ) ) ;
#707 = CARTESIAN_POINT ( 'NONE',  ( -672.0898213381143478, 71.73919456464621192, -59.38446275690610321 ) ) ;
#708 = MECHANICAL_DESIGN_GEOMETRIC_PRESENTATION_REPRESENTATION (  '', ( #1742 ), #372 ) ;
#709 = CARTESIAN_POINT ( 'NONE',  ( -4251.111647962389725, 2572.858475375738635, -2590.342705831450530 ) ) ;
#710 = CARTESIAN_POINT ( 'NONE',  ( -1665.399473125299664, -2755.312199807009165, -472.3954935919707054 ) ) ;
#711 = CARTESIAN_POINT ( 'NONE',  ( -1950.134730423787005, 3077.603087369955119, -664.8532799364967332 ) ) ;
#712 = CARTESIAN_POINT ( 'NONE',  ( -1369.758606989118107, -2027.825660576166683, -354.7775287641635487 ) ) ;
#713 = CARTESIAN_POINT ( 'NONE',  ( -4906.630295620587276, -2426.417821762788208, -2452.459107980483168 ) ) ;
#714 = CARTESIAN_POINT ( 'NONE',  ( -2908.217088736321330, -2029.801884434570411, -1244.552825330988753 ) ) ;
#715 = CARTESIAN_POINT ( 'NONE',  ( -4542.564583996644615, 617.3109557238525440, -2958.785479224201481 ) ) ;
#716 = CARTESIAN_POINT ( 'NONE',  ( -1299.393882829611130, 909.3191644516712131, -180.4633000117725601 ) ) ;
#717 = CARTESIAN_POINT ( 'NONE',  ( -4263.537361426674579, -2427.209377057721213, -2567.004451654641798 ) ) ;
#718 = CARTESIAN_POINT ( 'NONE',  ( -438.5134533420354614, -2039.854800914494717, -30.91932655077577152 ) ) ;
#719 = CARTESIAN_POINT ( 'NONE',  ( -5070.795661308315175, 1160.634696817735403, -3750.152249283391029 ) ) ;
#720 = CARTESIAN_POINT ( 'NONE',  ( -595.5011948435418390, 1706.060840576493092, -19.00376028249457505 ) ) ;
#721 = CARTESIAN_POINT ( 'NONE',  ( -3827.868498591744810, 2573.174817943248399, -2170.576568239821427 ) ) ;
#722 = CARTESIAN_POINT ( 'NONE',  ( -1325.299742867633313, -2482.124552165425484, -310.7685533187269584 ) ) ;
#723 = CARTESIAN_POINT ( 'NONE',  ( -1528.432600400130013, 3077.973299429680537, -444.7036680633292463 ) ) ;
#724 = CARTESIAN_POINT ( 'NONE',  ( -2385.873223300572590, -756.4278952170944876, -915.2969913219754972 ) ) ;
#725 = CARTESIAN_POINT ( 'NONE',  ( -2511.663667252428240, 622.3566731958336504, -976.1569109236763779 ) ) ;
#726 = CARTESIAN_POINT ( 'NONE',  ( -3612.880441808713840, 74.67034057674663927, -1881.047738873911157 ) ) ;
#727 = CARTESIAN_POINT ( 'NONE',  ( -2368.167480889680974, 2264.911546534383888, -913.2748326984527694 ) ) ;
#728 = CARTESIAN_POINT ( 'NONE',  ( -5525.118779896938577, 66.90890005713345090, -4758.903421460495338 ) ) ;
#729 = FILL_AREA_STYLE ('',( #1729 ) ) ;
#730 = CARTESIAN_POINT ( 'NONE',  ( -5184.262187422051284, -1021.754723645072772, -3954.778522689076453 ) ) ;
#731 = CARTESIAN_POINT ( 'NONE',  ( -444.0475885977525650, -2494.528209163306201, -17.36547666984578697 ) ) ;
#732 = CARTESIAN_POINT ( 'NONE',  ( -4251.956377428341511, 572.8848991249418532, -2584.387575798965372 ) ) ;
#733 = B_SPLINE_SURFACE_WITH_KNOTS ( 'NONE', 3, 3, ( 
 ( #553, #724, #1920, #1513, #1336, #2121, #763 ),
 ( #2134, #356, #1552, #1156, #1361, #2146, #180 ),
 ( #1762, #1989, #394, #1232, #27, #2170, #994 ),
 ( #1219, #1206, #14, #420, #2208, #2181, #1976 ),
 ( #1788, #1410, #2003, #1020, #432, #2196, #800 ),
 ( #1776, #603, #1589, #1373, #40, #2158, #1 ),
 ( #1191, #2015, #243, #1565, #383, #2373, #813 ),
 ( #1179, #2359, #1397, #230, #2537, #591, #1603 ),
 ( #2386, #1818, #827, #2400, #2345, #406, #616 ),
 ( #205, #787, #217, #1007, #1804, #1964, #1617 ) ),
 .UNSPECIFIED., .F., .F., .F.,
 ( 4, 3, 3, 4 ),
 ( 4, 3, 4 ),
 ( -2.668243314272986666, -2.648658502585675478, -0.6901773338545624803, -0.6705925221672514036 ),
 ( -2.423556058890147913, 2.576443941109853863, 2.626443941109853686 ),
 .UNSPECIFIED. ) ;
#734 = CARTESIAN_POINT ( 'NONE',  ( -1269.912769033890299, -2027.365408825594386, -287.1194532745776655 ) ) ;
#735 = CARTESIAN_POINT ( 'NONE',  ( -1151.696810955654655, -1557.452000775443821, -259.2134917517223016 ) ) ;
#736 =( NAMED_UNIT ( * ) PLANE_ANGLE_UNIT ( ) SI_UNIT ( $, .RADIAN. ) );
#737 = CARTESIAN_POINT ( 'NONE',  ( -2519.613015370489848, -2483.700314829099170, -971.3598829339539407 ) ) ;
#738 = CARTESIAN_POINT ( 'NONE',  ( -4154.637983202838768, -2032.884181172114722, -2456.417879635709596 ) ) ;
#739 = CARTESIAN_POINT ( 'NONE',  ( -2544.577170281861981, 2576.391572399899815, -1029.880635572743586 ) ) ;
#740 = CARTESIAN_POINT ( 'NONE',  ( -5405.529002829611272, -2492.866898656096055, -4459.215561005080417 ) ) ;
#741 = CARTESIAN_POINT ( 'NONE',  ( -984.6446825570020565, 3077.998942024640655, -204.3060632119535569 ) ) ;
#742 = CARTESIAN_POINT ( 'NONE',  ( -4995.032576686664470, -2929.885272480822096, -3602.509621600625906 ) ) ;
#743 = ORIENTED_EDGE ( 'NONE', *, *, #2263, .T. ) ;
#744 = CARTESIAN_POINT ( 'NONE',  ( -446.8266873637472827, 2626.109096479888649, 48.74588505793934701 ) ) ;
#745 = CARTESIAN_POINT ( 'NONE',  ( -451.9417796957384326, 2568.146954371211450, 31.80671012022818189 ) ) ;
#746 = PRESENTATION_LAYER_ASSIGNMENT (  '', '', ( #1742 ) ) ;
#747 = CARTESIAN_POINT ( 'NONE',  ( -1312.076267546262670, 1169.414727664753400, -317.0471716266151816 ) ) ;
#748 = CARTESIAN_POINT ( 'NONE',  ( -1313.234480154159428, 2911.730493862799449, -345.2311793223423138 ) ) ;
#749 = CARTESIAN_POINT ( 'NONE',  ( -477.4976897152423021, -1023.818942006546195, -28.72995977914175825 ) ) ;
#750 = CARTESIAN_POINT ( 'NONE',  ( -1368.031255945275234, -2419.052364302557180, -372.0053490217363787 ) ) ;
#751 = CARTESIAN_POINT ( 'NONE',  ( -2098.702353571350159, 2910.805038717727257, -726.2291678916982391 ) ) ;
#752 = CARTESIAN_POINT ( 'NONE',  ( -3839.474339654428604, -1562.264507172214508, -2102.544509929191918 ) ) ;
#753 = CARTESIAN_POINT ( 'NONE',  ( -3175.558505433531082, 2575.880010850090002, -1505.948522708948758 ) ) ;
#754 = CARTESIAN_POINT ( 'NONE',  ( -5354.608505678821530, 3068.020364070514916, -4365.998804490875955 ) ) ;
#755 = CARTESIAN_POINT ( 'NONE',  ( -876.3182127375756636, 3076.493714874533907, -155.2781894699382121 ) ) ;
#756 = CARTESIAN_POINT ( 'NONE',  ( -4169.290459883116455, -1563.143118019870371, -2444.401300715908746 ) ) ;
#757 = VERTEX_POINT ( 'NONE', #1505 ) ;
#758 = CARTESIAN_POINT ( 'NONE',  ( -444.5553814768700249, -2040.025613323080734, -11.64221066331477950 ) ) ;
#759 = CARTESIAN_POINT ( 'NONE',  ( -1246.246110850593368, 2583.017627784170145, -132.8325948350153851 ) ) ;
#760 = CARTESIAN_POINT ( 'NONE',  ( -1325.980150819214941, -2754.852526484026839, -310.1729041670440665 ) ) ;
#761 = CARTESIAN_POINT ( 'NONE',  ( -1239.511750931955930, 3078.671749908282436, -314.0141513813018150 ) ) ;
#762 = CARTESIAN_POINT ( 'NONE',  ( -51.61071123915881032, -2504.387983100900328, 44.70925586743363311 ) ) ;
#763 = CARTESIAN_POINT ( 'NONE',  ( -2384.411456349942910, 2627.101148707844004, -925.2368919750714440 ) ) ;
#764 = CARTESIAN_POINT ( 'NONE',  ( -2181.127397657898655, -1013.522001268874988, -762.5049348395846209 ) ) ;
#765 = CARTESIAN_POINT ( 'NONE',  ( -3617.172036804373874, -2485.932060489089963, -1876.538645083839810 ) ) ;
#766 = CARTESIAN_POINT ( 'NONE',  ( -2368.167004097486370, 2266.037457643302787, -913.2781871677782419 ) ) ;
#767 = CARTESIAN_POINT ( 'NONE',  ( -5371.375828769809232, 2173.983477283200045, -4399.761561846378754 ) ) ;
#768 = CARTESIAN_POINT ( 'NONE',  ( -882.3264251100963520, 1712.967995041039330, -157.6748295839543914 ) ) ;
#769 = CARTESIAN_POINT ( 'NONE',  ( -4561.170392228597848, -1564.461061520502199, -2942.607103756121887 ) ) ;
#770 = CARTESIAN_POINT ( 'NONE',  ( -372.9635893444259978, 3063.290326793732675, 83.98952258768714785 ) ) ;
#771 = CARTESIAN_POINT ( 'NONE',  ( -5484.733458095596689, -1023.553311812179572, -4601.438053466988094 ) ) ;
#772 = CARTESIAN_POINT ( 'NONE',  ( -1211.946239091938651, 2912.187168131454655, -279.9994799644395584 ) ) ;
#773 = CARTESIAN_POINT ( 'NONE',  ( -1202.991795303331855, 3078.795160139769905, -298.5857939068516771 ) ) ;
#774 = CARTESIAN_POINT ( 'NONE',  ( 1758.537838457143607, 3244.763366798742481, -2485.583649915916794 ) ) ;
#775 = CARTESIAN_POINT ( 'NONE',  ( -1978.279507013831790, -2028.401295518008055, -641.2992579731585465 ) ) ;
#776 = CARTESIAN_POINT ( 'NONE',  ( -4254.790803447092912, -1018.053282280776671, -2579.841930810491704 ) ) ;
#777 = CARTESIAN_POINT ( 'NONE',  ( -2368.545472309072920, 1372.423932960756019, -910.6157504510906620 ) ) ;
#778 = CARTESIAN_POINT ( 'NONE',  ( -5373.341693264003879, -1568.426253405702255, -4389.482962920714272 ) ) ;
#779 = CARTESIAN_POINT ( 'NONE',  ( -701.7712151654288846, 618.0278639058718682, -88.46876920342080552 ) ) ;
#780 = CARTESIAN_POINT ( 'NONE',  ( -4164.394830985857880, 1709.580167534815246, -2450.016389490708661 ) ) ;
#781 = VERTEX_POINT ( 'NONE', #2289 ) ;
#782 = CARTESIAN_POINT ( 'NONE',  ( -149.9047123427114911, 3056.528136513515165, 167.9412834312439031 ) ) ;
#783 = CARTESIAN_POINT ( 'NONE',  ( -553.2863959784782537, -476.4784662583274439, -45.63278540852411425 ) ) ;
#784 = CARTESIAN_POINT ( 'NONE',  ( -5439.417905734354463, -2492.937177118775708, -4487.624968277988046 ) ) ;
#785 = CARTESIAN_POINT ( 'NONE',  ( -1049.035726097686165, 2639.197170505543454, -209.6076495116094804 ) ) ;
#786 = CARTESIAN_POINT ( 'NONE',  ( -1021.777774222391940, 2911.710028152166160, -220.3536234814407067 ) ) ;
#787 = CARTESIAN_POINT ( 'NONE',  ( -700.9220961728608472, -766.2873357759629016, 151.9632987348586823 ) ) ;
#788 = CARTESIAN_POINT ( 'NONE',  ( -1977.078759480584040, -1558.705032313850779, -642.1320913265062700 ) ) ;
#789 = CARTESIAN_POINT ( 'NONE',  ( -3137.379330477735039, 1166.632463352844297, -1461.614361135326362 ) ) ;
#790 = CARTESIAN_POINT ( 'NONE',  ( -2369.084555132223613, 99.73149361858091311, -906.8237658304900606 ) ) ;
#791 = CARTESIAN_POINT ( 'NONE',  ( -5304.893665808176593, 3068.321070416747716, -4257.957562311155016 ) ) ;
#792 = CARTESIAN_POINT ( 'NONE',  ( -69.68791325837929662, 2888.015351341742644, 172.1499807134641173 ) ) ;
#793 = CARTESIAN_POINT ( 'NONE',  ( -1001.027578699465607, -467.2801781823421265, -202.3703649185503082 ) ) ;
#794 = CARTESIAN_POINT ( 'NONE',  ( -4557.358744072146692, 1708.260389616538532, -2948.992026733640614 ) ) ;
#795 = ORIENTED_EDGE ( 'NONE', *, *, #1196, .F. ) ;
#796 = CARTESIAN_POINT ( 'NONE',  ( -210.9300122351000937, -2939.952389328283061, 24.98171460949695444 ) ) ;
#797 = CARTESIAN_POINT ( 'NONE',  ( -5483.257571616142741, 2173.402798617064946, -4610.647024910429536 ) ) ;
#798 = CARTESIAN_POINT ( 'NONE',  ( -1116.526827927663135, 78.93946054179559724, -229.0615481004566902 ) ) ;
#799 = CARTESIAN_POINT ( 'NONE',  ( -1045.266068867321337, -2754.765187004300060, -212.5080049360797432 ) ) ;
#800 = CARTESIAN_POINT ( 'NONE',  ( -1821.539730808866125, 2624.814394428823107, -551.4204701053978397 ) ) ;
#801 = CARTESIAN_POINT ( 'NONE',  ( -1769.311429973593704, -2028.116978625887668, -528.0752653270582186 ) ) ;
#802 = CARTESIAN_POINT ( 'NONE',  ( -2888.347826918638475, 1167.112665222970691, -1265.120855193420084 ) ) ;
#803 = CARTESIAN_POINT ( 'NONE',  ( -1548.500847994439482, -2028.072451452365613, -438.9622069669355255 ) ) ;
#804 = CARTESIAN_POINT ( 'NONE',  ( -2369.469541939205101, -809.0977203287039856, -904.1158624410761604 ) ) ;
#805 = CARTESIAN_POINT ( 'NONE',  ( -5201.645119475448155, 614.3743031808776323, -4038.520818405518639 ) ) ;
#806 = CARTESIAN_POINT ( 'NONE',  ( -68.77389522599425220, 2615.365744918387009, 165.7063330490932458 ) ) ;
#807 = CARTESIAN_POINT ( 'NONE',  ( -4737.141141677901032, 3071.195529343797716, -3212.064032140923246 ) ) ;
#808 = CARTESIAN_POINT ( 'NONE',  ( -4117.824327935900328, -2426.731063813400851, -2413.464193446148784 ) ) ;
#809 = CARTESIAN_POINT ( 'NONE',  ( -221.7387575657519108, 1695.483459206016505, 114.1757887000295426 ) ) ;
#810 = CARTESIAN_POINT ( 'NONE',  ( -5512.733316455741260, 2900.465717954589763, -4686.394597531065301 ) ) ;
#811 = CARTESIAN_POINT ( 'NONE',  ( -1163.526426535860764, -2921.019309918926865, -237.3167352340916239 ) ) ;
#812 = CARTESIAN_POINT ( 'NONE',  ( -1037.822453648918554, -466.9446371277668391, -216.8355081767655861 ) ) ;
#813 = CARTESIAN_POINT ( 'NONE',  ( -728.2059534041618463, 2620.850323357123216, 172.6228099374888245 ) ) ;
#814 = CARTESIAN_POINT ( 'NONE',  ( -1700.099810653634449, -2482.601822026837453, -490.8315651308652150 ) ) ;
#815 = CARTESIAN_POINT ( 'NONE',  ( -2506.517046158218363, -1559.513785505761234, -989.6758513084632796 ) ) ;
#816 = CARTESIAN_POINT ( 'NONE',  ( -1753.523727625546371, 77.88253438574847110, -549.2222739251646999 ) ) ;
#817 = CARTESIAN_POINT ( 'NONE',  ( -2368.918242810157608, 492.4218047057647709, -907.9938152570764487 ) ) ;
#818 = CARTESIAN_POINT ( 'NONE',  ( -5056.226553123477970, -2930.298088974796428, -3749.830255861337264 ) ) ;
#819 = CARTESIAN_POINT ( 'NONE',  ( -551.1962977791740741, 2629.286419216742161, -14.29533147519244984 ) ) ;
#820 = CARTESIAN_POINT ( 'NONE',  ( 1766.384980972797848, 2710.230272539266025, -2522.357257833735275 ) ) ;
#821 = CARTESIAN_POINT ( 'NONE',  ( -2898.797075473674340, 1712.619958439225456, -1249.719398075028948 ) ) ;
#822 = ORIENTED_EDGE ( 'NONE', *, *, #574, .F. ) ;
#823 = CARTESIAN_POINT ( 'NONE',  ( -137.0636742212217314, -1578.704028442354911, 68.55501876839909414 ) ) ;
#824 = CARTESIAN_POINT ( 'NONE',  ( -5482.835221079414623, 3067.338460472936731, -4613.198174550728254 ) ) ;
#825 = CARTESIAN_POINT ( 'NONE',  ( -1059.109047755048095, 624.1165375703453719, -207.3550978460142176 ) ) ;
#826 = CARTESIAN_POINT ( 'NONE',  ( -1094.471807127982174, 2912.160956123233063, -251.9497543349422131 ) ) ;
#827 = CARTESIAN_POINT ( 'NONE',  ( -706.8941891508376330, 907.6914982406316312, 158.0510638665527097 ) ) ;
#828 = CARTESIAN_POINT ( 'NONE',  ( -1756.297586628878889, 1714.300932897781877, -533.4127003555690862 ) ) ;
#829 = CARTESIAN_POINT ( 'NONE',  ( -3131.710665335643625, 3075.724642826598483, -1463.283347554475995 ) ) ;
#830 = CARTESIAN_POINT ( 'NONE',  ( -1793.760679954978741, -1558.517998207643586, -565.0922891791279881 ) ) ;
#831 = CARTESIAN_POINT ( 'NONE',  ( -2370.015970038959949, -2098.968714395678035, -900.2726030513604201 ) ) ;
#832 = CARTESIAN_POINT ( 'NONE',  ( -5165.815255009253633, 69.11574395305089524, -3966.789950397623215 ) ) ;
#833 = CARTESIAN_POINT ( 'NONE',  ( -2395.344172709253598, 2577.150820331884461, -908.0585163655130145 ) ) ;
#834 = CARTESIAN_POINT ( 'NONE',  ( -3905.648000437536211, -2425.946046873796604, -2178.414422624143754 ) ) ;
#835 = CARTESIAN_POINT ( 'NONE',  ( -63.43461915816649110, -490.2265794568626234, 111.6993227456917879 ) ) ;
#836 = CARTESIAN_POINT ( 'NONE',  ( -5372.821181744333444, 3068.052669274284199, -4357.732847056436185 ) ) ;
#837 = CARTESIAN_POINT ( 'NONE',  ( -900.4855190758839854, -1559.514705761817595, -141.7819270938894078 ) ) ;
#838 = CARTESIAN_POINT ( 'NONE',  ( -1113.261310858931211, -1012.013759035827320, -245.2715894446380958 ) ) ;
#839 = CARTESIAN_POINT ( 'NONE',  ( -733.8091097066718476, -766.1152878641239568, 167.3476534803646985 ) ) ;
#840 = CARTESIAN_POINT ( 'NONE',  ( -1795.867913862615978, 623.3538630094728887, -550.6668244730345805 ) ) ;
#841 = CARTESIAN_POINT ( 'NONE',  ( -2496.890998109530756, 1713.211626447810886, -993.8959781350883986 ) ) ;
#842 = CARTESIAN_POINT ( 'NONE',  ( -1784.358633190288401, 1168.751310391111019, -568.9777893265223838 ) ) ;
#843 = CARTESIAN_POINT ( 'NONE',  ( -2369.614053981228153, -1150.221885225039387, -903.0994632857457418 ) ) ;
#844 = CARTESIAN_POINT ( 'NONE',  ( -5271.425344555657830, 1704.887420087024793, -4183.059832104455381 ) ) ;
#845 = EDGE_CURVE ( 'NONE', #860, #440, #1761, .T. ) ;
#846 = CARTESIAN_POINT ( 'NONE',  ( -328.1477697948329819, 1153.657831268975769, 48.13258780650224367 ) ) ;
#847 = CARTESIAN_POINT ( 'NONE',  ( -2375.612948490881081, -2422.930374064263106, -890.7939442344519421 ) ) ;
#848 = ORIENTED_EDGE ( 'NONE', *, *, #2293, .T. ) ;
#849 = CARTESIAN_POINT ( 'NONE',  ( -724.1744169801304452, -2428.645326559257228, 145.6412608799553539 ) ) ;
#850 = CARTESIAN_POINT ( 'NONE',  ( -5218.077901612031383, 2629.554192623046220, -4034.383068231411016 ) ) ;
#851 = CARTESIAN_POINT ( 'NONE',  ( -439.8865493735535779, -479.4083812995197604, -10.94302939202935399 ) ) ;
#852 = CARTESIAN_POINT ( 'NONE',  ( -884.1852193968023812, 2909.890251204346441, -137.0825598064715507 ) ) ;
#853 = CARTESIAN_POINT ( 'NONE',  ( 1365.491463817084195, -878.5263691627559410, 955.2639653681223990 ) ) ;
#854 = CARTESIAN_POINT ( 'NONE',  ( -1644.716091146290864, 2911.334969945764897, -479.9250016171458242 ) ) ;
#855 = CARTESIAN_POINT ( 'NONE',  ( -1899.456092018773916, -2028.349903389252631, -620.3108565603054103 ) ) ;
#856 = CARTESIAN_POINT ( 'NONE',  ( -1775.750130452632447, 3077.841901179311208, -570.6333499444554036 ) ) ;
#857 = CARTESIAN_POINT ( 'NONE',  ( -4025.517860172147721, 2573.493887594788703, -2296.552438982790136 ) ) ;
#858 = CARTESIAN_POINT ( 'NONE',  ( -5052.094961945638715, 2630.291641329013146, -3763.173772804661894 ) ) ;
#859 = CARTESIAN_POINT ( 'NONE',  ( -3975.232205117299600, 2573.529440824542235, -2270.790685836607281 ) ) ;
#860 = VERTEX_POINT ( 'NONE', #1528 ) ;
#861 = CARTESIAN_POINT ( 'NONE',  ( -859.1082906989277035, 2574.548027458946763, 73.66928348599761023 ) ) ;
#862 = CARTESIAN_POINT ( 'NONE',  ( -5290.104839629100752, 614.0155779668625655, -4171.543012732740863 ) ) ;
#863 = CARTESIAN_POINT ( 'NONE',  ( -983.2991605516989466, 1168.853718779621659, -177.6393481617535599 ) ) ;
#864 = CARTESIAN_POINT ( 'NONE',  ( -1294.911987522304116, -2414.144240980620452, -157.3227686492413397 ) ) ;
#865 = CARTESIAN_POINT ( 'NONE',  ( -1557.218501531439870, -2028.015531932092927, -420.9547536921990627 ) ) ;
#866 = CARTESIAN_POINT ( 'NONE',  ( -1969.599680854509870, -2483.002053406150026, -657.9057596430075137 ) ) ;
#867 = CARTESIAN_POINT ( 'NONE',  ( -1461.442156083759073, 2184.052013133545643, -409.7999867905863880 ) ) ;
#868 = CARTESIAN_POINT ( 'NONE',  ( -3065.548984606507474, 2576.169830559450929, -1390.094837434996634 ) ) ;
#869 = CARTESIAN_POINT ( 'NONE',  ( -2894.837442828116764, 2909.590627932029292, -1250.654865225188587 ) ) ;
#870 = CARTESIAN_POINT ( 'NONE',  ( -4810.966475264958717, -474.6511504617899391, -3348.845823422760532 ) ) ;
#871 = CARTESIAN_POINT ( 'NONE',  ( -660.8302697734387721, 2632.111545121090330, -60.21853550008082578 ) ) ;
#872 = CARTESIAN_POINT ( 'NONE',  ( -215.1457706583776144, 1150.462233554229215, 84.45915355534336300 ) ) ;
#873 = CARTESIAN_POINT ( 'NONE',  ( -2380.946857621562231, -2422.887929463085129, -882.4769139537064575 ) ) ;
#874 = COLOUR_RGB ( '',0.7921568627450980005, 0.8196078431372548767, 0.9333333333333333481 ) ;
#875 = CARTESIAN_POINT ( 'NONE',  ( -5466.250663348318085, -1023.583862549941159, -4609.076474820860312 ) ) ;
#876 = CARTESIAN_POINT ( 'NONE',  ( -1469.703724273080070, 2579.210625107714804, -340.4160313842843379 ) ) ;
#877 = CARTESIAN_POINT ( 'NONE',  ( -5290.431646484943485, 68.56294703122624412, -4170.117984922462711 ) ) ;
#878 = CARTESIAN_POINT ( 'NONE',  ( -1010.369238332544910, -1012.657920089912182, -183.1068273841864311 ) ) ;
#879 = CARTESIAN_POINT ( 'NONE',  ( 874.2266643989040631, 2394.830676862580731, 1727.052169071032949 ) ) ;
#880 = CARTESIAN_POINT ( 'NONE',  ( -1465.571698583529951, 3078.049572100247133, -392.2808273836764670 ) ) ;
#881 = CARTESIAN_POINT ( 'NONE',  ( -2156.762819847583160, 2910.663504094861764, -783.8619999488873873 ) ) ;
#882 = CARTESIAN_POINT ( 'NONE',  ( -1368.389878558776445, -1558.127236395865566, -355.6191495603803219 ) ) ;
#883 = CARTESIAN_POINT ( 'NONE',  ( -3545.207053823344268, 2574.915535385708608, -1805.199543663604572 ) ) ;
#884 = CARTESIAN_POINT ( 'NONE',  ( -3158.419133975668956, -2757.554428508760793, -1439.988455474951479 ) ) ;
#885 = CARTESIAN_POINT ( 'NONE',  ( -4545.432047142889132, -2034.198665556747528, -2953.307943952409005 ) ) ;
#886 = CARTESIAN_POINT ( 'NONE',  ( -716.9261823395227111, 2620.546451535632968, 179.2218746264914557 ) ) ;
#887 = CARTESIAN_POINT ( 'NONE',  ( -5526.385875947746172, -2933.077533236514682, -4749.970643412889331 ) ) ;
#888 = CARTESIAN_POINT ( 'NONE',  ( -793.1088479940569869, 2573.145285112353122, 122.2789922201701813 ) ) ;
#889 = CARTESIAN_POINT ( 'NONE',  ( -136.4594969394500481, 57.63308402141762343, 84.27027990845114402 ) ) ;
#890 = CARTESIAN_POINT ( 'NONE',  ( -5291.866164612922148, -2492.033555621900177, -4163.222588134020953 ) ) ;
#891 = CARTESIAN_POINT ( 'NONE',  ( -819.7847927757337629, 620.6321875959843055, -111.5179114315782698 ) ) ;
#892 = CARTESIAN_POINT ( 'NONE',  ( 1762.779720804306180, -619.4836254482100912, -2758.336025010237336 ) ) ;
#893 = CARTESIAN_POINT ( 'NONE',  ( -1484.448554885871772, -1558.314967192843596, -387.5490752959065617 ) ) ;
#894 = CARTESIAN_POINT ( 'NONE',  ( -2156.032719555258154, 3077.330278159769932, -783.9618145537701821 ) ) ;
#895 = EDGE_CURVE ( 'NONE', #440, #560, #1114, .T. ) ;
#896 = CARTESIAN_POINT ( 'NONE',  ( -1479.022995862082325, -2755.339643015600814, -403.6045146849216394 ) ) ;
#897 = CARTESIAN_POINT ( 'NONE',  ( -3990.017202432082286, 2573.575962497675846, -2257.321503842434140 ) ) ;
#898 = CARTESIAN_POINT ( 'NONE',  ( -3625.656598902561655, 620.1733746584103528, -1867.403944161226718 ) ) ;
#899 = CARTESIAN_POINT ( 'NONE',  ( -4974.173658986943337, 1706.427701397348983, -3623.606832703719647 ) ) ;
#900 = CARTESIAN_POINT ( 'NONE',  ( -733.8091097066718476, -766.1152878641239568, 167.3476534803646985 ) ) ;
#901 = CARTESIAN_POINT ( 'NONE',  ( -5494.953526573578529, 1158.019032820208167, -4688.763420183388916 ) ) ;
#902 = CARTESIAN_POINT ( 'NONE',  ( -477.9818189326562674, 1703.168843649975543, 3.967705954591060014 ) ) ;
#903 = SHAPE_DEFINITION_REPRESENTATION ( #359, #329 ) ;
#904 = CARTESIAN_POINT ( 'NONE',  ( -4992.398401989915328, 615.5585772245885892, -3611.112711551631492 ) ) ;
#905 = CARTESIAN_POINT ( 'NONE',  ( -445.9010714020109845, -479.5784285720731077, 8.185801645955464778 ) ) ;
#906 = CARTESIAN_POINT ( 'NONE',  ( -4538.365323138783424, 2573.756193910060574, -2431.817004527377776 ) ) ;
#907 = CARTESIAN_POINT ( 'NONE',  ( -1386.816084420181596, 623.7085986436525218, -348.8963785657067547 ) ) ;
#908 = CARTESIAN_POINT ( 'NONE',  ( -1950.906983815738386, 2910.936178671353446, -664.7490728849377319 ) ) ;
#909 = CARTESIAN_POINT ( 'NONE',  ( -1535.031268457500346, 1714.340176195393269, -443.7846119756530356 ) ) ;
#910 = CARTESIAN_POINT ( 'NONE',  ( -2940.798971113361404, 2576.314713254937033, -1292.249825286045052 ) ) ;
#911 = CARTESIAN_POINT ( 'NONE',  ( -3849.229846136518063, 1165.052809125792237, -2093.095579273643125 ) ) ;
#912 = CARTESIAN_POINT ( 'NONE',  ( -4446.132458264178240, 2178.254492392103202, -2834.138917815203058 ) ) ;
#913 = CARTESIAN_POINT ( 'NONE',  ( -1835.425877861006484, -751.3812185015692648, -515.9492914039190055 ) ) ;
#914 = CARTESIAN_POINT ( 'NONE',  ( -5464.351755691133803, 3067.307914385492040, -4620.834939010621383 ) ) ;
#915 = AXIS2_PLACEMENT_3D ( 'NONE', #428, #665, #1640 ) ;
#916 =( LENGTH_UNIT ( ) NAMED_UNIT ( * ) SI_UNIT ( .MILLI., .METRE. ) );
#917 = CARTESIAN_POINT ( 'NONE',  ( -4991.008462854211757, 2176.161010063305639, -3614.504081069036147 ) ) ;
#918 = CARTESIAN_POINT ( 'NONE',  ( -446.6623699937879337, 1156.598121661227196, 29.34820194558606943 ) ) ;
#919 = CARTESIAN_POINT ( 'NONE',  ( -4904.504718431060610, 2573.427325757009385, -2467.444009276227462 ) ) ;
#920 = CARTESIAN_POINT ( 'NONE',  ( -1327.658674501838277, 1714.804390297331111, -325.7542799368496844 ) ) ;
#921 = CARTESIAN_POINT ( 'NONE',  ( -1335.794035637041361, -2754.980842794559521, -336.7300887600718511 ) ) ;
#922 = CARTESIAN_POINT ( 'NONE',  ( -514.5264466993641008, -2427.189020739891021, -57.63682840954858477 ) ) ;
#923 = CARTESIAN_POINT ( 'NONE',  ( -2375.104754577905169, 1713.473397949548144, -890.3272630113929154 ) ) ;
#924 = CARTESIAN_POINT ( 'NONE',  ( -4972.879025171036119, 3070.061270131257515, -3626.432862487178681 ) ) ;
#925 = CARTESIAN_POINT ( 'NONE',  ( -3683.348905503203241, 2574.371224008381432, -1965.997913297565447 ) ) ;
#926 = CARTESIAN_POINT ( 'NONE',  ( -5525.579542097230842, -1023.995257504202641, -4755.655138534090838 ) ) ;
#927 = B_SPLINE_CURVE_WITH_KNOTS ( 'NONE', 3,
 ( #2011, #469, #1431, #238 ),
 .UNSPECIFIED., .F., .F.,
 ( 4, 4 ),
 ( -2.423556058890147913, 2.576112894594924985 ),
 .UNSPECIFIED. ) ;
#928 = EDGE_CURVE ( 'NONE', #1368, #757, #1794, .T. ) ;
#929 = CARTESIAN_POINT ( 'NONE',  ( -4994.747574195726884, -2490.492853140868192, -3603.647021926542948 ) ) ;
#930 = CARTESIAN_POINT ( 'NONE',  ( -597.7201507671221634, -2763.313685688633996, -57.40399215152284995 ) ) ;
#931 = CARTESIAN_POINT ( 'NONE',  ( -5544.440280220241220, -1569.417808765074369, -4746.757144905344830 ) ) ;
#932 = CARTESIAN_POINT ( 'NONE',  ( -1322.626713408671321, -1557.878412885757371, -312.6312059644895953 ) ) ;
#933 = CARTESIAN_POINT ( 'NONE',  ( -1215.733736568649419, 624.2391503859889781, -294.8456088944512885 ) ) ;
#934 = CARTESIAN_POINT ( 'NONE',  ( -4291.268978903859534, -2427.774934480687989, -2654.693975786294686 ) ) ;
#935 = CARTESIAN_POINT ( 'NONE',  ( -2502.873674307801593, 3076.903172257322694, -978.2775548137879014 ) ) ;
#936 = CARTESIAN_POINT ( 'NONE',  ( -4249.244800470966766, 2633.458246673209032, -2585.817602654943130 ) ) ;
#937 = CARTESIAN_POINT ( 'NONE',  ( -589.6739262820018439, 1160.696386837333421, -43.07563890257090122 ) ) ;
#938 = CARTESIAN_POINT ( 'NONE',  ( -3903.526019806279692, 2573.711496821868423, -2193.290257249337628 ) ) ;
#939 = CARTESIAN_POINT ( 'NONE',  ( -5308.217800708384857, -2764.990950957288987, -4242.412262505414219 ) ) ;
#940 = CARTESIAN_POINT ( 'NONE',  ( -987.6486272048168757, -2028.038655286806716, -193.5175212595005405 ) ) ;
#941 = CARTESIAN_POINT ( 'NONE',  ( -4990.150325463622721, 3070.098615894907198, -3616.340549948234639 ) ) ;
#942 = CARTESIAN_POINT ( 'NONE',  ( -446.7791531839064874, 1701.985657034458654, 36.50015575698878934 ) ) ;
#943 = CARTESIAN_POINT ( 'NONE',  ( -3737.835053695768693, 2572.857586595231169, -2311.069377661365706 ) ) ;
#944 = B_SPLINE_SURFACE_WITH_KNOTS ( 'NONE', 3, 3, ( 
 ( #1423, #774, #579, #193 ),
 ( #980, #1577, #1386, #1447 ),
 ( #1073, #654, #1255, #1048 ),
 ( #1871, #669, #267, #2054 ) ),
 .UNSPECIFIED., .F., .F., .F.,
 ( 4, 4 ),
 ( 4, 4 ),
 ( -0.5360000000000000320, 5.536000000000001364 ),
 ( -0.001999982989481229999, 0.02199981288429352783 ),
 .UNSPECIFIED. ) ;
#945 = CARTESIAN_POINT ( 'NONE',  ( -1379.254645270022365, -2482.314491241527776, -335.7076011293113993 ) ) ;
#946 = CARTESIAN_POINT ( 'NONE',  ( -1137.576092107194199, 1715.249200365691649, -265.7205528626375326 ) ) ;
#947 = CARTESIAN_POINT ( 'NONE',  ( -2387.995160577388560, -2922.885529262625823, -883.5104079127203249 ) ) ;
#948 = CARTESIAN_POINT ( 'NONE',  ( -4154.076463468293696, -1563.188216974254601, -2457.389270974784722 ) ) ;
#949 = CARTESIAN_POINT ( 'NONE',  ( -2368.290415360766929, 1974.627172183455514, -912.4099687340941500 ) ) ;
#950 = CARTESIAN_POINT ( 'NONE',  ( -5402.970455382244836, 2628.324631836914250, -4473.545698390326834 ) ) ;
#951 = CARTESIAN_POINT ( 'NONE',  ( -968.8858533922310698, 2638.410046078803134, -196.3105234979027500 ) ) ;
#952 = CARTESIAN_POINT ( 'NONE',  ( -4824.645915929417242, 2631.442539481599397, -3344.392671201695066 ) ) ;
#953 = VERTEX_POINT ( 'NONE', #1647 ) ;
#954 = CARTESIAN_POINT ( 'NONE',  ( -814.6681582973267268, 2181.118029248814764, -106.6015960447889199 ) ) ;
#955 = CARTESIAN_POINT ( 'NONE',  ( -5542.552435094039538, 2900.258947909258950, -4760.066081895458410 ) ) ;
#956 = CARTESIAN_POINT ( 'NONE',  ( -1320.830482488717053, -1012.420887068413094, -313.6396160817278087 ) ) ;
#957 = CARTESIAN_POINT ( 'NONE',  ( -1246.879550024245191, 1715.022410803080447, -312.2498797577024447 ) ) ;
#958 = CARTESIAN_POINT ( 'NONE',  ( -3713.081550360999699, -2424.337231212520237, -1882.067906151564557 ) ) ;
#959 = CARTESIAN_POINT ( 'NONE',  ( -2514.864123699986067, -468.5517853177332768, -974.7449420925295271 ) ) ;
#960 = CARTESIAN_POINT ( 'NONE',  ( -3607.101573874778751, 2635.276392637076242, -1884.119680164352758 ) ) ;
#961 = CARTESIAN_POINT ( 'NONE',  ( -2368.344294019879271, 1847.410123501745375, -912.0309384593823552 ) ) ;
#962 = CARTESIAN_POINT ( 'NONE',  ( -5307.844043712443636, -2037.721120250817194, -4244.436578939647916 ) ) ;
#963 = CARTESIAN_POINT ( 'NONE',  ( -815.8113559654289020, -470.2463093640702141, -133.2539786767867440 ) ) ;
#964 = CARTESIAN_POINT ( 'NONE',  ( -4460.977260607312928, 2905.569428581716238, -2823.173718390741669 ) ) ;
#965 = CARTESIAN_POINT ( 'NONE',  ( -371.5372495319893460, 1154.487093458658592, 54.82707363537374334 ) ) ;
#966 = CARTESIAN_POINT ( 'NONE',  ( -5512.658630974204243, 3067.131660671419013, -4686.880260946641101 ) ) ;
#967 = CARTESIAN_POINT ( 'NONE',  ( -1361.614613863783688, 2184.380032996043155, -342.3917365923257421 ) ) ;
#968 = CARTESIAN_POINT ( 'NONE',  ( -1264.371160778636749, -2921.365769837429070, -303.3472014026792181 ) ) ;
#969 = CARTESIAN_POINT ( 'NONE',  ( -4561.471204146244418, -2426.339463376144067, -2232.497240420956587 ) ) ;
#970 = CARTESIAN_POINT ( 'NONE',  ( -2520.123018530988702, -2756.426975458118704, -970.8129066878298090 ) ) ;
#971 = CARTESIAN_POINT ( 'NONE',  ( -4254.084786604521469, -472.5996709143111616, -2580.883900307175736 ) ) ;
#972 = CARTESIAN_POINT ( 'NONE',  ( -2368.526248354808104, 1417.832678236929496, -910.7510491674049717 ) ) ;
#973 = CARTESIAN_POINT ( 'NONE',  ( -5306.694847464968916, 68.33149157899892145, -4250.156943746966135 ) ) ;
#974 = CARTESIAN_POINT ( 'NONE',  ( -896.3950858824100578, -2923.149461473276460, -160.7640076235639697 ) ) ;
#975 = CARTESIAN_POINT ( 'NONE',  ( -4167.052201694793439, 73.21788186731571102, -2447.454478755842501 ) ) ;
#976 = CARTESIAN_POINT ( 'NONE',  ( -146.2327376732910693, 1693.228566516884257, 138.6414874776649526 ) ) ;
#977 = CARTESIAN_POINT ( 'NONE',  ( -5423.643720596844105, -2038.291783318216631, -4452.514151622437566 ) ) ;
#978 = CARTESIAN_POINT ( 'NONE',  ( -1218.442311040619416, 1715.211967488867231, -278.3012351151074313 ) ) ;
#979 = CARTESIAN_POINT ( 'NONE',  ( -1258.594518275776409, -1012.269014152207887, -307.5815024017912265 ) ) ;
#980 = CARTESIAN_POINT ( 'NONE',  ( 1770.943122942945820, 1224.305256527374922, -2610.132893315397268 ) ) ;
#981 = CARTESIAN_POINT ( 'NONE',  ( -1797.878646894755320, 77.89985976726754302, -549.9589481229867260 ) ) ;
#982 = CARTESIAN_POINT ( 'NONE',  ( -3840.127640042630901, -2031.960584111566959, -2101.624000343041189 ) ) ;
#983 = CARTESIAN_POINT ( 'NONE',  ( -2369.622306470442709, -1169.701753355547453, -903.0414219072208653 ) ) ;
#984 = CARTESIAN_POINT ( 'NONE',  ( -5357.725600761671558, -2765.290611415310195, -4350.072885154876531 ) ) ;
#985 = CARTESIAN_POINT ( 'NONE',  ( -552.8739623879192777, 614.3368790322801942, -34.87752310890668639 ) ) ;
#986 = CARTESIAN_POINT ( 'NONE',  ( -2395.336823113280843, 2593.819356767201043, -908.1138487868402080 ) ) ;
#987 = CARTESIAN_POINT ( 'NONE',  ( -985.5410667859647447, 2911.342257153388346, -204.3092080301191800 ) ) ;
#988 = CARTESIAN_POINT ( 'NONE',  ( -4460.713960030585440, 3072.236021466473176, -2823.414274587697037 ) ) ;
#989 = EDGE_LOOP ( 'NONE', ( #2316, #2328, #1430, #225 ) ) ;
#990 = CARTESIAN_POINT ( 'NONE',  ( -369.7829867441794249, -481.6492873246050976, 30.22141404675337739 ) ) ;
#991 = CARTESIAN_POINT ( 'NONE',  ( -5437.385034941465165, 1704.015257259725104, -4499.508254165767539 ) ) ;
#992 = CARTESIAN_POINT ( 'NONE',  ( -1125.764575453869611, -2481.633181791609331, -223.2864872837230621 ) ) ;
#993 = CARTESIAN_POINT ( 'NONE',  ( -1061.653008205372998, -2027.390112580287678, -221.1261338475760283 ) ) ;
#994 = CARTESIAN_POINT ( 'NONE',  ( -2373.481908281184587, 2627.056745712135125, -917.9783206766311423 ) ) ;
#995 = CARTESIAN_POINT ( 'NONE',  ( -1804.351405739662368, -2028.157258161591017, -546.5456338277324448 ) ) ;
#996 = CARTESIAN_POINT ( 'NONE',  ( -2376.368959479744262, -2483.547335039238988, -901.2470777774026374 ) ) ;
#997 = CARTESIAN_POINT ( 'NONE',  ( -1635.672378749151449, 2911.278068516401163, -497.7616151375178219 ) ) ;
#998 = CARTESIAN_POINT ( 'NONE',  ( -2369.604424819791348, -1127.493602274507566, -903.1671831670844313 ) ) ;
#999 = CARTESIAN_POINT ( 'NONE',  ( -5271.767145374377833, 1159.434703384873274, -4181.665734995390267 ) ) ;
#1000 = CARTESIAN_POINT ( 'NONE',  ( -2390.565746289019899, 910.3415611168229589, -899.1509240292947425 ) ) ;
#1001 = CARTESIAN_POINT ( 'NONE',  ( -4270.919959472289520, -1563.462447068595111, -2566.060751449464533 ) ) ;
#1002 = CARTESIAN_POINT ( 'NONE',  ( -2370.153309817651461, -2422.972950361146104, -899.3072597475571683 ) ) ;
#1003 = CARTESIAN_POINT ( 'NONE',  ( -213.1864462151951614, -2046.186279035907774, 42.10636985444764235 ) ) ;
#1004 = CARTESIAN_POINT ( 'NONE',  ( -5436.914418813842531, 2628.254031312970710, -4502.071077018506003 ) ) ;
#1005 = CARTESIAN_POINT ( 'NONE',  ( -1138.774335755771745, 2912.266387161392231, -248.9892644188686290 ) ) ;
#1006 = CARTESIAN_POINT ( 'NONE',  ( -1008.172367985133974, -2755.087157590575316, -199.0099607572327329 ) ) ;
#1007 = CARTESIAN_POINT ( 'NONE',  ( -712.3564584427891759, 2570.507875657620843, 183.8709747826323451 ) ) ;
#1008 = CARTESIAN_POINT ( 'NONE',  ( -1700.722089382605418, -2755.328158456262827, -490.2724575090527424 ) ) ;
#1009 = CARTESIAN_POINT ( 'NONE',  ( -3145.303705080037616, -2484.879203605371004, -1456.022019668295798 ) ) ;
#1010 = CARTESIAN_POINT ( 'NONE',  ( -1788.529595768651689, 77.84314987718990153, -567.6394949581759874 ) ) ;
#1011 = CARTESIAN_POINT ( 'NONE',  ( -2369.089359995099585, 88.38838343769569406, -906.7899685951023230 ) ) ;
#1012 = CARTESIAN_POINT ( 'NONE',  ( -5203.542169340980763, -2491.675443691667169, -4030.425611477458915 ) ) ;
#1013 = CARTESIAN_POINT ( 'NONE',  ( -2396.079132306569136, 910.2971768002221324, -902.5252742328115119 ) ) ;
#1014 = CARTESIAN_POINT ( 'NONE',  ( -4170.363775336892104, -2487.383466445208796, -2442.452707447379908 ) ) ;
#1015 = ORIENTED_EDGE ( 'NONE', *, *, #2451, .F. ) ;
#1016 = CARTESIAN_POINT ( 'NONE',  ( -134.3757587104450977, -2502.725309777870734, 48.80686784480997176 ) ) ;
#1017 = CARTESIAN_POINT ( 'NONE',  ( -5439.543573730818025, -2765.663285655633899, -4486.837605933561463 ) ) ;
#1018 = CARTESIAN_POINT ( 'NONE',  ( -1145.361789776628711, 1715.309034771838697, -247.2756525325899872 ) ) ;
#1019 = CARTESIAN_POINT ( 'NONE',  ( -1098.573333618842071, 2184.903590853856713, -251.0282424262922234 ) ) ;
#1020 = CARTESIAN_POINT ( 'NONE',  ( -1821.332507386695625, 2575.007634491322733, -552.1338001498779704 ) ) ;
#1021 = CARTESIAN_POINT ( 'NONE',  ( -1891.134064724704331, 2911.100711229493754, -608.9537607650462405 ) ) ;
#1022 = CARTESIAN_POINT ( 'NONE',  ( -2509.331819030750012, -2923.147504120040594, -987.1183660831528641 ) ) ;
#1023 = CARTESIAN_POINT ( 'NONE',  ( -1647.971000601172818, 77.95388342458699071, -495.0070198451395527 ) ) ;
#1024 = CARTESIAN_POINT ( 'NONE',  ( -2369.887843737746607, -1796.520006930627233, -901.1737720747082676 ) ) ;
#1025 = CARTESIAN_POINT ( 'NONE',  ( -5051.703611204909066, 3069.684610408522076, -3764.111462996889259 ) ) ;
#1026 = B_SPLINE_SURFACE_WITH_KNOTS ( 'NONE', 3, 3, ( 
 ( #641, #1435, #444, #103 ),
 ( #1630, #853, #2219, #879 ),
 ( #472, #1461, #1473, #2231 ),
 ( #2244, #1243, #2413, #2027 ),
 ( #2040, #1884, #2066, #255 ),
 ( #1845, #892, #67, #1644 ),
 ( #1669, #2256, #682, #2424 ) ),
 .UNSPECIFIED., .F., .F., .F.,
 ( 4, 3, 4 ),
 ( 4, 4 ),
 ( -0.6901773338545624803, 4.816803633275801744, 4.871873442947105559 ),
 ( -2.423556058890147913, 2.576443941109854308 ),
 .UNSPECIFIED. ) ;
#1027 = CARTESIAN_POINT ( 'NONE',  ( -56.53623235700219851, -1035.109544999450463, 79.43321264099807877 ) ) ;
#1028 = CARTESIAN_POINT ( 'NONE',  ( -3923.649073294851405, -2426.008930198054713, -2197.726797861136220 ) ) ;
#1029 = PLANE ( 'NONE',  #915 ) ;
#1030 = CARTESIAN_POINT ( 'NONE',  ( -553.3528999830673456, -1021.890266046197894, -50.92151869566952627 ) ) ;
#1031 = CARTESIAN_POINT ( 'NONE',  ( -5376.016861760310348, -2931.924269619397364, -4341.328766277219984 ) ) ;
#1032 = CARTESIAN_POINT ( 'NONE',  ( -1235.056489964264756, -2481.767763427871614, -269.8899108413424983 ) ) ;
#1033 = CARTESIAN_POINT ( 'NONE',  ( -1043.220816226211355, -2027.508360839205352, -214.0421113490473317 ) ) ;
#1034 = CARTESIAN_POINT ( 'NONE',  ( 1377.466586334687236, -883.3858139011648518, 1001.876454362231584 ) ) ;
#1035 = CARTESIAN_POINT ( 'NONE',  ( -1750.761774683265912, 2911.269789808533460, -534.4028001402418795 ) ) ;
#1036 = CARTESIAN_POINT ( 'NONE',  ( -2364.292919228598748, 1713.418699766224563, -907.1577340514437537 ) ) ;
#1037 = EDGE_CURVE ( 'NONE', #953, #1368, #186, .T. ) ;
#1038 = CARTESIAN_POINT ( 'NONE',  ( -1678.981038184258978, 1168.845976077027444, -514.2278032939265131 ) ) ;
#1039 = CARTESIAN_POINT ( 'NONE',  ( -2370.020679475289398, -2110.085334547678485, -900.2394802581842441 ) ) ;
#1040 = CARTESIAN_POINT ( 'NONE',  ( -4976.022523432530761, -475.3849666816868194, -3618.703706048771892 ) ) ;
#1041 = CARTESIAN_POINT ( 'NONE',  ( -366.5893663406554310, 2169.709897820941478, 51.30809551934364521 ) ) ;
#1042 = CARTESIAN_POINT ( 'NONE',  ( -3251.235249333941738, -2424.511011094686637, -1526.775843717332236 ) ) ;
#1043 = CARTESIAN_POINT ( 'NONE',  ( -3157.370911832103502, -2424.463516689449079, -1474.205043020399444 ) ) ;
#1044 = CARTESIAN_POINT ( 'NONE',  ( 1776.898408020087345, 630.7288467042374123, -2648.637378252779399 ) ) ;
#1045 = CARTESIAN_POINT ( 'NONE',  ( -5218.734078971400777, 1705.314500958796771, -4032.154737566132098 ) ) ;
#1046 = CARTESIAN_POINT ( 'NONE',  ( -437.6497406066697522, -2767.059537030030697, -40.13190807547776728 ) ) ;
#1047 = CARTESIAN_POINT ( 'NONE',  ( -976.2507194204019925, 2638.466081035701336, -177.7776354214813637 ) ) ;
#1048 = CARTESIAN_POINT ( 'NONE',  ( 1807.372194662618767, -793.3126547671290609, -2755.667454181126686 ) ) ;
#1049 = CARTESIAN_POINT ( 'NONE',  ( -1538.056606073684861, 2911.363849824259432, -426.6486673057863754 ) ) ;
#1050 = CARTESIAN_POINT ( 'NONE',  ( -1777.884927536506439, 2638.447888263729055, -570.3325819884898920 ) ) ;
#1051 = CARTESIAN_POINT ( 'NONE',  ( -2370.020820045808250, -2110.417155623173585, -900.2384915714417275 ) ) ;
#1052 = CARTESIAN_POINT ( 'NONE',  ( -5055.355327887797102, -1566.666431309021618, -3753.358159131946650 ) ) ;
#1053 = CARTESIAN_POINT ( 'NONE',  ( -206.5831941247644750, -2500.318309842173221, 13.97384226624927983 ) ) ;
#1054 = CARTESIAN_POINT ( 'NONE',  ( -4115.710110806634475, 2573.207203389878487, -2428.349285861429962 ) ) ;
#1055 = CARTESIAN_POINT ( 'NONE',  ( -2804.751628541353966, -2423.964514408886771, -1197.697122985784745 ) ) ;
#1056 = CARTESIAN_POINT ( 'NONE',  ( -1677.015784077995249, 2578.926591735716556, -472.8170006121932829 ) ) ;
#1057 = CARTESIAN_POINT ( 'NONE',  ( -5219.108461307829202, 1159.861638122863496, -4030.814339685321102 ) ) ;
#1058 = CARTESIAN_POINT ( 'NONE',  ( -898.9954969400073423, -1014.085783125401349, -141.5749881445893834 ) ) ;
#1059 = CARTESIAN_POINT ( 'NONE',  ( 2830.241278429052272, 948.6365550972143410, -629.0317165937906339 ) ) ;
#1060 = CARTESIAN_POINT ( 'NONE',  ( -1664.774862048449222, -2482.585980271413973, -472.9482795902478074 ) ) ;
#1061 = CARTESIAN_POINT ( 'NONE',  ( -2165.743650119517497, 622.7845949435998136, -781.8725922525889018 ) ) ;
#1062 = CARTESIAN_POINT ( 'NONE',  ( -1545.529008427549797, -1012.924394493162026, -440.6078741688110085 ) ) ;
#1063 = CARTESIAN_POINT ( 'NONE',  ( -3249.119043075551872, 2575.789300736911628, -1541.661275745261491 ) ) ;
#1064 = CARTESIAN_POINT ( 'NONE',  ( -2900.446188524208537, 1167.165254222314843, -1249.175838303516230 ) ) ;
#1065 = CARTESIAN_POINT ( 'NONE',  ( -4808.294623178233451, 2176.858616921690555, -3354.302038424652437 ) ) ;
#1066 = CARTESIAN_POINT ( 'NONE',  ( -205.8840768748329424, -2772.992565473245577, 8.732544054309073545 ) ) ;
#1067 = CARTESIAN_POINT ( 'NONE',  ( -1267.882717695266365, 2585.901147989362926, -193.7368811922791281 ) ) ;
#1068 = CARTESIAN_POINT ( 'NONE',  ( -5464.994681417960237, 1703.677253034367368, -4616.940049618950070 ) ) ;
#1069 = CARTESIAN_POINT ( 'NONE',  ( -718.4238368144734750, 907.8314496189096872, 151.2037296110204920 ) ) ;
#1070 = CARTESIAN_POINT ( 'NONE',  ( -133.3640237031351035, -1033.010624329274606, 60.85134365098581100 ) ) ;
#1071 = CARTESIAN_POINT ( 'NONE',  ( -5221.609997867006314, -2931.033166571723541, -4020.158200320710421 ) ) ;
#1072 = CARTESIAN_POINT ( 'NONE',  ( -897.3601344410369620, -468.6596412062228296, -141.2770385618533453 ) ) ;
#1073 = CARTESIAN_POINT ( 'NONE',  ( 1789.291306286837198, -795.4738955450603726, -2739.483990341320350 ) ) ;
#1074 = CARTESIAN_POINT ( 'NONE',  ( -1381.991648802677901, 1714.624893230235784, -350.0996051156453177 ) ) ;
#1075 = CARTESIAN_POINT ( 'NONE',  ( -1389.557397303820608, -2755.147862767196330, -361.7190997994402437 ) ) ;
#1076 = CARTESIAN_POINT ( 'NONE',  ( -1412.563370256648795, 2579.378788278035245, -278.4583411620083666 ) ) ;
#1077 = CARTESIAN_POINT ( 'NONE',  ( -3620.293617491559417, 2908.052643271321813, -1869.956366478208110 ) ) ;
#1078 = CARTESIAN_POINT ( 'NONE',  ( -4725.486432852551843, -1565.199510288641477, -3213.915814398660132 ) ) ;
#1079 = CARTESIAN_POINT ( 'NONE',  ( -2378.835032570102612, 2577.089459356580846, -897.3648784565392589 ) ) ;
#1080 = AXIS2_PLACEMENT_3D ( 'NONE', #2127, #494, #1705 ) ;
#1081 = CARTESIAN_POINT ( 'NONE',  ( -5418.544736429785189, 2628.222726015200351, -4509.978954751632045 ) ) ;
#1082 = CARTESIAN_POINT ( 'NONE',  ( 974.2023224464415989, -2593.991801216692238, 1310.968902847791014 ) ) ;
#1083 = B_SPLINE_CURVE_WITH_KNOTS ( 'NONE', 3,
 ( #1091, #1272, #502, #1259, #82, #2058, #1076, #1875, #1488, #2453, #488, #1888, #2465, #2223 ),
 .UNSPECIFIED., .F., .F.,
 ( 4, 2, 2, 2, 2, 2, 4 ),
 ( 1.144391699630559363E-16, 0.2458789112537094479, 0.4917578225074187848, 0.9835156450148374585, 1.475273467522256299, 1.721152378775965941, 1.967031290029675805 ),
 .UNSPECIFIED. ) ;
#1084 = CARTESIAN_POINT ( 'NONE',  ( -5185.148002438255389, -2491.446454981442002, -3950.912810815089870 ) ) ;
#1085 = CARTESIAN_POINT ( 'NONE',  ( -999.0744525890930845, 1714.496686945783040, -185.5281323154177926 ) ) ;
#1086 = CARTESIAN_POINT ( 'NONE',  ( -219.1150576567080748, 3059.150682514431082, 121.6140506801718004 ) ) ;
#1087 = CARTESIAN_POINT ( 'NONE',  ( 1808.104370366639159, -619.0288082234043259, -2746.918742442840085 ) ) ;
#1088 = CARTESIAN_POINT ( 'NONE',  ( -1643.887176258430600, 3078.001127486149926, -480.0323971630133997 ) ) ;
#1089 = CARTESIAN_POINT ( 'NONE',  ( -1956.163262432979081, 1713.965160763940958, -663.8422642617036900 ) ) ;
#1090 = CARTESIAN_POINT ( 'NONE',  ( -1333.867215502160207, -2027.705805262485683, -338.2128318679721701 ) ) ;
#1091 = CARTESIAN_POINT ( 'NONE',  ( -727.9135435497929620, 2571.305425714385365, 172.0022810463515270 ) ) ;
#1092 = CARTESIAN_POINT ( 'NONE',  ( -3852.210534483205265, -471.3096175498092180, -2090.626885199904791 ) ) ;
#1093 = CARTESIAN_POINT ( 'NONE',  ( -4543.217861527514287, 71.85731404997896732, -2957.746207183904517 ) ) ;
#1094 = CARTESIAN_POINT ( 'NONE',  ( -1882.772689416549156, 2638.316689872004190, -626.2934440680235184 ) ) ;
#1095 = CARTESIAN_POINT ( 'NONE',  ( -2380.242915937741600, -756.2287998565293492, -887.4395687879841716 ) ) ;
#1096 = CARTESIAN_POINT ( 'NONE',  ( -5524.658017696642673, 1157.813057618508310, -4762.151704386895290 ) ) ;
#1097 = CARTESIAN_POINT ( 'NONE',  ( -4993.706067629546851, -1020.800553685623754, -3607.299852091093726 ) ) ;
#1098 = CARTESIAN_POINT ( 'NONE',  ( -1015.956071807025978, -2921.692986815723543, -180.0918308957143665 ) ) ;
#1099 = CARTESIAN_POINT ( 'NONE',  ( -5515.230114627574949, -2766.176039663084339, -4669.777020114341212 ) ) ;
#1100 = CARTESIAN_POINT ( 'NONE',  ( -1396.001559226127938, -2027.816601993717541, -344.9023395914471735 ) ) ;
#1101 = CARTESIAN_POINT ( 'NONE',  ( -1353.289507383406999, 2184.322443252484391, -360.5776238827297107 ) ) ;
#1102 = SURFACE_STYLE_FILL_AREA ( #306 ) ;
#1103 = CARTESIAN_POINT ( 'NONE',  ( -3855.150460825168466, -2486.457672371372155, -2086.821266759263381 ) ) ;
#1104 = CARTESIAN_POINT ( 'NONE',  ( -4723.368875393633061, 616.6136605144239411, -3218.611992507062496 ) ) ;
#1105 = CARTESIAN_POINT ( 'NONE',  ( -591.2845601584386941, -2490.553423204305091, -74.77262198579795438 ) ) ;
#1106 = CARTESIAN_POINT ( 'NONE',  ( -1828.536961040377719, 2608.247600155188138, -540.6291430551431176 ) ) ;
#1107 = CARTESIAN_POINT ( 'NONE',  ( -5495.435908531015230, 67.11472534433629278, -4685.568551297144040 ) ) ;
#1108 = CARTESIAN_POINT ( 'NONE',  ( -5181.721473316016272, 2629.749215993625057, -3963.729286257433159 ) ) ;
#1109 = CARTESIAN_POINT ( 'NONE',  ( -597.4449209022325249, -475.5747331533733018, -38.28213640267734519 ) ) ;
#1110 = CARTESIAN_POINT ( 'NONE',  ( -218.7798282788679387, 2892.519618405963683, 118.3612719633934773 ) ) ;
#1111 = CARTESIAN_POINT ( 'NONE',  ( -5515.112046492975423, -2493.449980319157021, -4670.581981449920022 ) ) ;
#1112 = CARTESIAN_POINT ( 'NONE',  ( -1373.024153217721960, -467.1555686852021836, -339.1686468576941706 ) ) ;
#1113 = CARTESIAN_POINT ( 'NONE',  ( -1470.434364461540781, 77.99049940388040625, -407.8581844971029113 ) ) ;
#1114 = B_SPLINE_CURVE_WITH_KNOTS ( 'NONE', 3,
 ( #2110, #1170, #360, #136, #542, #2492, #1945, #183, #556, #1351, #766, #1340, #727, #2137, #332, #2125, #346, #1568, #159, #373, #1364, #949, #1956, #1913, #2540, #1739, #1159, #2348, #582, #170, #961, #1752, #1555, #2336, #972, #777, #2100, #321, #1837, #1980, #1223, #1621, #31, #1822, #1607, #57, #4, #817, #398, #18, #607, #2186, #790, #1011, #1401, #2390, #620, #1182, #1414, #410, #209, #633, #1634, #804, #2200, #2417, #998, #843, #2363, #1210, #983, #1779, #1580, #436, #424, #1967, #1197, #594, #2007, #2019, #234, #1389, #1236, #1792, #1024, #2173, #1593, #247, #2377, #1993, #221, #1808, #44, #831, #1427, #2404, #196, #2212, #1039, #386, #1376, #2161, #1051, #71, #1451, #1660 ),
 .UNSPECIFIED., .F., .F.,
 ( 4, 2, 1, 1, 1, 1, 1, 1, 1, 1, 1, 1, 2, 2, 1, 1, 1, 1, 1, 1, 1, 1, 1, 2, 2, 2, 1, 1, 1, 1, 1, 1, 1, 1, 2, 2, 2, 2, 1, 1, 1, 1, 1, 1, 1, 1, 2, 2, 2, 1, 1, 1, 1, 1, 1, 1, 2, 2, 2, 2, 1, 1, 1, 1, 1, 1, 1, 2, 2, 1, 1, 1, 1, 1, 1, 1, 1, 1, 1, 1, 2, 2, 4 ),
 ( 5.218684388333515048E-05, 0.03125000061508272087, 0.04687500060537183599, 0.05468750060051638662, 0.05859375059808853009, 0.06054687559687460530, 0.06152343809626777127, 0.06201171934596422242, 0.06225585997081246187, 0.06237793028323656425, 0.06243896543944849747, 0.06246948301755446409, 0.06248474180660743699, 0.06250000059566042376, 0.09375000057582066892, 0.1093750005659009372, 0.1171875005609410575, 0.1210937505584611940, 0.1230468755572212552, 0.1240234380566012096, 0.1245117193062912075, 0.1247558599311362482, 0.1248779302435587824, 0.1249389653997700494, 0.1250000005559813165, 0.1875000005162590633, 0.2187500004963979783, 0.2343750004864673941, 0.2421875004815021160, 0.2460937504790195463, 0.2480468754777782336, 0.2490234379771576190, 0.2495117192268472561, 0.2497558598516921857, 0.2498779301641147199, 0.2500000004765371986, 0.3750000003971376006, 0.4375000003574378571, 0.4687500003375879021, 0.4843750003276629523, 0.4921875003227004775, 0.4960937503202191845, 0.4980468753189786213, 0.4990234378183582287, 0.4995117190680481434, 0.4997558596928931007, 0.4998779300053154961, 0.5000000003177379471, 0.6250000002383477860, 0.6875000001986525389, 0.7187500001788050819, 0.7343750001688813533, 0.7421875001639196556, 0.7460937501614387513, 0.7480468751601984101, 0.7490234376595781285, 0.7495117189092679322, 0.7500000001589578469, 0.8125000001192791421, 0.8437500000994397897, 0.8593750000895199470, 0.8671875000845601367, 0.8710937500820801205, 0.8730468750808401124, 0.8740234375802201638, 0.8745117188299101896, 0.8747558594547550914, 0.8748779297671775979, 0.8750000000796001043, 0.9062500000597530914, 0.9218750000498294739, 0.9296875000448678872, 0.9335937500423869828, 0.9355468750411465306, 0.9365234375405262490, 0.9370117187902159417, 0.9372558594150606215, 0.9373779297274829059, 0.9374389648836940481, 0.9374694824617996192, 0.9374847412508523492, 0.9375000000399049682, 1.000000000000000000 ),
 .UNSPECIFIED. ) ;
#1115 = CARTESIAN_POINT ( 'NONE',  ( -2629.266162505522516, -2424.249358291451244, -995.8755334435988971 ) ) ;
#1116 = CARTESIAN_POINT ( 'NONE',  ( -2183.719968320932367, -2028.671760501214521, -760.7895300043900306 ) ) ;
#1117 = CARTESIAN_POINT ( 'NONE',  ( -4811.449035983730937, -1020.104303314816661, -3347.618169849024071 ) ) ;
#1118 = CARTESIAN_POINT ( 'NONE',  ( -3336.046144662258484, 2575.472997075808053, -1643.025674578316966 ) ) ;
#1119 = CARTESIAN_POINT ( 'NONE',  ( -5524.037268621249495, 2627.503380999569345, -4766.527863329409229 ) ) ;
#1120 = APPLICATION_PROTOCOL_DEFINITION ( 'draft international standard', 'automotive_design', 1998, #2095 ) ;
#1121 = CARTESIAN_POINT ( 'NONE',  ( -4825.667093122044207, 1707.201610674812628, -3342.631597268035875 ) ) ;
#1122 = CARTESIAN_POINT ( 'NONE',  ( -482.0933688044439123, -2932.890917422098482, -31.58948219074034114 ) ) ;
#1123 = CARTESIAN_POINT ( 'NONE',  ( -362.9503234978754449, 2568.602392908607726, -101.3402858510532667 ) ) ;
#1124 = CARTESIAN_POINT ( 'NONE',  ( -1368.769683644420866, 623.7604147816535942, -340.6710737468189905 ) ) ;
#1125 = CARTESIAN_POINT ( 'NONE',  ( -1898.227825568699927, -1558.653584415713340, -621.1567786074691639 ) ) ;
#1126 = CARTESIAN_POINT ( 'NONE',  ( -1306.334129705139276, 623.8967193040791699, -334.5461950835264702 ) ) ;
#1127 = CARTESIAN_POINT ( 'NONE',  ( -345.5017211226506788, -2445.717439414288947, 415.5871885113800772 ) ) ;
#1128 = CARTESIAN_POINT ( 'NONE',  ( -2179.553735042633889, -468.0681645119748282, -763.3182971115272721 ) ) ;
#1129 = CARTESIAN_POINT ( 'NONE',  ( -4256.473298579820948, -2487.747027998786052, -2576.765736839684450 ) ) ;
#1130 = CARTESIAN_POINT ( 'NONE',  ( -590.6267263280609541, 69.88011164600270320, -52.84498092815618264 ) ) ;
#1131 = B_SPLINE_SURFACE_WITH_KNOTS ( 'NONE', 3, 3, ( 
 ( #2175, #46, #1013, #833, #986, #6, #1226 ),
 ( #636, #596, #1000, #20, #2392, #622, #2061 ),
 ( #1456, #2456, #286, #492, #2073, #74, #1287 ),
 ( #873, #1095, #1663, #1079, #1275, #1650, #1891 ),
 ( #467, #913, #1493, #298, #2085, #1106, #1311 ),
 ( #2276, #1479, #716, #1067, #122, #109, #663 ),
 ( #2443, #900, #2049, #2239, #1702, #1263, #2431 ),
 ( #1866, #676, #479, #309, #87, #274, #1878 ),
 ( #1689, #703, #2468, #1468, #2251, #98, #886 ),
 ( #1678, #2481, #688, #1298, #2264, #507, #1903 ) ),
 .UNSPECIFIED., .F., .F., .F.,
 ( 4, 3, 3, 4 ),
 ( 4, 3, 4 ),
 ( -2.668239810657742961, -2.648658502585679031, -0.6905276953793040295, -0.6709463873072403217 ),
 ( -2.423556058890147469, 2.576443941109852975, 2.626443941109852798 ),
 .UNSPECIFIED. ) ;
#1132 = CARTESIAN_POINT ( 'NONE',  ( -3921.527039320697895, 2573.664466569373417, -2212.602543965348104 ) ) ;
#1133 = CARTESIAN_POINT ( 'NONE',  ( -5308.079656787515887, -2492.264776311734749, -4243.175653204723858 ) ) ;
#1134 = SURFACE_SIDE_STYLE ('',( #1530 ) ) ;
#1135 = CARTESIAN_POINT ( 'NONE',  ( -988.8841899081048723, -2482.570553054067204, -192.8913909010219925 ) ) ;
#1136 = CARTESIAN_POINT ( 'NONE',  ( -5073.684802388072967, -2930.261637238085314, -3740.064711879927927 ) ) ;
#1137 = CARTESIAN_POINT ( 'NONE',  ( -593.8026621866131336, 2902.909983792391813, -7.885227431736398174 ) ) ;
#1138 = CARTESIAN_POINT ( 'NONE',  ( -2055.311748333999731, 2575.410017902561776, -833.3441891803277031 ) ) ;
#1139 = CARTESIAN_POINT ( 'NONE',  ( -1363.905896588007181, 1714.678494448656920, -341.9276813309478484 ) ) ;
#1140 = CARTESIAN_POINT ( 'NONE',  ( -1140.329274353188794, 1169.799635505153674, -264.8157391648076668 ) ) ;
#1141 = CARTESIAN_POINT ( 'NONE',  ( -476.1121067162115423, -2766.093421610969472, -49.01907766726439064 ) ) ;
#1142 = CARTESIAN_POINT ( 'NONE',  ( -3623.236579654070738, -2424.680434334861729, -2021.232009519342455 ) ) ;
#1143 = CARTESIAN_POINT ( 'NONE',  ( -2109.660363591874557, 77.47163516905990832, -723.5611678197807350 ) ) ;
#1144 = CARTESIAN_POINT ( 'NONE',  ( -4147.477271136832314, 2633.777350463355560, -2464.214220241171461 ) ) ;
#1145 = CARTESIAN_POINT ( 'NONE',  ( -553.0405270462089220, -2491.485865145965818, -64.91447545722573409 ) ) ;
#1146 = CARTESIAN_POINT ( 'NONE',  ( -1880.694282860574958, 3077.711327700498259, -626.5847242339044669 ) ) ;
#1147 = CARTESIAN_POINT ( 'NONE',  ( -3531.522108143232799, 2574.868696275909770, -1819.786804666776106 ) ) ;
#1148 = CARTESIAN_POINT ( 'NONE',  ( -5355.689723508670795, 1158.936396412583463, -4360.921518055157321 ) ) ;
#1149 = CARTESIAN_POINT ( 'NONE',  ( -996.6421786275442400, 623.5834740079434368, -203.4195043773779048 ) ) ;
#1150 = CARTESIAN_POINT ( 'NONE',  ( -5183.553253098839377, 69.15075190396049720, -3957.548969593064157 ) ) ;
#1151 = ORIENTED_EDGE ( 'NONE', *, *, #1196, .T. ) ;
#1152 = CARTESIAN_POINT ( 'NONE',  ( -597.6850212993804234, -1020.991034689481467, -42.93207293783223122 ) ) ;
#1153 = CARTESIAN_POINT ( 'NONE',  ( -5543.288374719508283, 1157.842585138283539, -4754.877852221347894 ) ) ;
#1154 = CARTESIAN_POINT ( 'NONE',  ( -1332.611158228140084, 623.8845108707877216, -324.3667535084260862 ) ) ;
#1155 = CARTESIAN_POINT ( 'NONE',  ( -1318.268139237201240, -2921.578009015916905, -328.0730345181531220 ) ) ;
#1156 = CARTESIAN_POINT ( 'NONE',  ( -2378.972367399575433, 2577.075313042778816, -921.4414824870602843 ) ) ;
#1157 = CARTESIAN_POINT ( 'NONE',  ( -2518.670842257168260, -2029.155735802212348, -972.2097492252994471 ) ) ;
#1158 = CARTESIAN_POINT ( 'NONE',  ( -3834.786743088561252, 1165.005448758717648, -2106.952373162188451 ) ) ;
#1159 = CARTESIAN_POINT ( 'NONE',  ( -2368.299683609086969, 1952.743110133935261, -912.3447674092993793 ) ) ;
#1160 = CARTESIAN_POINT ( 'NONE',  ( -5403.734995193786744, 1158.633374793735356, -4469.503497187489302 ) ) ;
#1161 = CARTESIAN_POINT ( 'NONE',  ( -360.2759239235938935, -2935.661394117316377, -25.55629741559082646 ) ) ;
#1162 = CARTESIAN_POINT ( 'NONE',  ( -809.4163042174433258, 1711.422801743658283, -126.7960030461459127 ) ) ;
#1163 = CARTESIAN_POINT ( 'NONE',  ( -4468.164981174072636, -2927.754194066493255, -2812.072634968829334 ) ) ;
#1164 = CARTESIAN_POINT ( 'NONE',  ( -143.2338081116444357, 602.5864335354443710, 115.2470571867690836 ) ) ;
#1165 = CARTESIAN_POINT ( 'NONE',  ( -5485.514390509587429, -2765.969986570186848, -4596.360983534252227 ) ) ;
#1166 = CARTESIAN_POINT ( 'NONE',  ( -1302.354155306998337, 3078.527783684011411, -319.2489525499010483 ) ) ;
#1167 = CARTESIAN_POINT ( 'NONE',  ( -1317.169525724441883, -2482.182931777661906, -329.0328091296991602 ) ) ;
#1168 = CARTESIAN_POINT ( 'NONE',  ( -2503.533667713320938, 2910.236337048120731, -978.1753963130938700 ) ) ;
#1169 = CARTESIAN_POINT ( 'NONE',  ( -3606.391743405729358, 2908.003895058714988, -1884.356042357309207 ) ) ;
#1170 = CARTESIAN_POINT ( 'NONE',  ( -2368.056233550608795, 2527.614729830613669, -914.0575119989364339 ) ) ;
#1171 = CARTESIAN_POINT ( 'NONE',  ( -5374.006085313997573, -2932.057004374736607, -4385.621215529235997 ) ) ;
#1172 = CARTESIAN_POINT ( 'NONE',  ( -702.7472400936014765, 72.61218188445025135, -91.65717311639485843 ) ) ;
#1173 = CARTESIAN_POINT ( 'NONE',  ( -4268.806889769646659, 72.89837087814153449, -2569.192791171484259 ) ) ;
#1174 = ORIENTED_EDGE ( 'NONE', *, *, #56, .F. ) ;
#1175 = CARTESIAN_POINT ( 'NONE',  ( -149.4594923691212216, 2889.902785831086476, 164.3572299316368799 ) ) ;
#1176 = CARTESIAN_POINT ( 'NONE',  ( -5390.181035515947769, 1158.867835064417932, -4388.839699636228033 ) ) ;
#1177 = CARTESIAN_POINT ( 'NONE',  ( -1070.496783486432605, -2481.868086330373899, -201.5929416437258226 ) ) ;
#1178 = CARTESIAN_POINT ( 'NONE',  ( -1155.358232362465515, -2754.413540848424873, -256.1726733750262497 ) ) ;
#1179 = CARTESIAN_POINT ( 'NONE',  ( -718.6593978258142670, -2429.122974498421172, 148.9861216823847769 ) ) ;
#1180 = CARTESIAN_POINT ( 'NONE',  ( -1764.676361333312798, -467.5142825192427836, -530.7149400576230391 ) ) ;
#1181 = CARTESIAN_POINT ( 'NONE',  ( -3835.841683355612531, 619.5511412624927061, -2106.193686060839354 ) ) ;
#1182 = CARTESIAN_POINT ( 'NONE',  ( -2369.093821422309702, 77.85621289609721885, -906.7585876262081683 ) ) ;
#1183 = CARTESIAN_POINT ( 'NONE',  ( -5304.998369107182043, 2901.654955430446535, -4257.534011883835774 ) ) ;
#1184 = CARTESIAN_POINT ( 'NONE',  ( -895.5340728644699766, -2483.769937015652886, -160.7570093673838585 ) ) ;
#1185 = CARTESIAN_POINT ( 'NONE',  ( -4562.033019352098563, -2488.701052754304783, -2940.508665003765145 ) ) ;
#1186 = CARTESIAN_POINT ( 'NONE',  ( -446.7820846914576123, 3065.443927515282667, 54.63080637505291293 ) ) ;
#1187 = PRODUCT_DEFINITION_CONTEXT ( 'detailed design', #2351, 'design' ) ;
#1188 = CARTESIAN_POINT ( 'NONE',  ( -5389.885925508192486, 1704.320319185951121, -4390.318529672615114 ) ) ;
#1189 = CARTESIAN_POINT ( 'NONE',  ( -1153.112675777715822, 78.95937540570406554, -244.3534160650210936 ) ) ;
#1190 = CARTESIAN_POINT ( 'NONE',  ( -1106.427308187207245, 624.3257638550830961, -248.5539856735377668 ) ) ;
#1191 = CARTESIAN_POINT ( 'NONE',  ( -724.1819657530083987, -2428.975702917512990, 145.6393209769486816 ) ) ;
#1192 = CARTESIAN_POINT ( 'NONE',  ( -1975.550493171004064, -1013.251118534493457, -643.0245607526621825 ) ) ;
#1193 = CARTESIAN_POINT ( 'NONE',  ( -216.3138382465598681, 1695.803160606196570, 95.04890090533103830 ) ) ;
#1194 = CARTESIAN_POINT ( 'NONE',  ( -2891.377195604085045, 76.20375077922373919, -1263.830170457820032 ) ) ;
#1195 = CARTESIAN_POINT ( 'NONE',  ( -1550.303427886068221, -2755.342591069954779, -437.6223728078143722 ) ) ;
#1196 = EDGE_CURVE ( 'NONE', #1443, #757, #1083, .T. ) ;
#1197 = CARTESIAN_POINT ( 'NONE',  ( -2369.800212750716582, -1589.484135233537700, -901.7906989550748449 ) ) ;
#1198 = CARTESIAN_POINT ( 'NONE',  ( -5164.669926912057235, 1705.474391792897904, -3970.788071598301940 ) ) ;
#1199 = CARTESIAN_POINT ( 'NONE',  ( -4027.635790509057188, -2426.290018961084570, -2281.672005202834043 ) ) ;
#1200 = CARTESIAN_POINT ( 'NONE',  ( -4738.245826723496975, 2177.257229344194911, -3210.495665096003449 ) ) ;
#1201 = ORIENTED_EDGE ( 'NONE', *, *, #2185, .T. ) ;
#1202 = CARTESIAN_POINT ( 'NONE',  ( -372.0115898442930416, 1699.861997935848422, 63.10391354012836729 ) ) ;
#1203 = CARTESIAN_POINT ( 'NONE',  ( -5484.485510065609560, -478.1011112199064996, -4603.018793855435433 ) ) ;
#1204 = CARTESIAN_POINT ( 'NONE',  ( -1049.202548242786861, -1557.764805706940933, -196.4017378358935559 ) ) ;
#1205 = CARTESIAN_POINT ( 'NONE',  ( -1063.729301124985341, -2754.649068834763966, -219.4819873897278342 ) ) ;
#1206 = CARTESIAN_POINT ( 'NONE',  ( -2369.446135867806788, -756.2834888870328314, -904.2748457156543509 ) ) ;
#1207 = CARTESIAN_POINT ( 'NONE',  ( -1758.595130270399068, 1168.846952520616469, -532.8441667578606484 ) ) ;
#1208 = CARTESIAN_POINT ( 'NONE',  ( -2498.767470448486165, 1167.756967534646719, -993.3738521342502281 ) ) ;
#1209 = CARTESIAN_POINT ( 'NONE',  ( -1645.898351293755923, 623.4065822217960431, -495.6901293254204006 ) ) ;
#1210 = CARTESIAN_POINT ( 'NONE',  ( -2369.621274967651971, -1167.266847933279905, -903.0486768634526697 ) ) ;
#1211 = CARTESIAN_POINT ( 'NONE',  ( -5199.924705006986187, 3068.912379917494036, -4044.482400876787324 ) ) ;
#1212 = CARTESIAN_POINT ( 'NONE',  ( -2380.949811539815073, -2422.920374238173736, -882.4719484363397441 ) ) ;
#1213 = CARTESIAN_POINT ( 'NONE',  ( -4556.715213941062757, 2177.956879206718440, -2949.775337352610222 ) ) ;
#1214 = ORIENTED_EDGE ( 'NONE', *, *, #895, .T. ) ;
#1215 = CARTESIAN_POINT ( 'NONE',  ( -369.0822448542937195, -1027.031935881172103, 22.08661380264527452 ) ) ;
#1216 = CARTESIAN_POINT ( 'NONE',  ( -5421.301664843309482, 2628.356189002940937, -4465.547775854086467 ) ) ;
#1217 = CARTESIAN_POINT ( 'NONE',  ( -1140.355403699866656, 2639.542168949918505, -248.6370072903793584 ) ) ;
#1218 = CARTESIAN_POINT ( 'NONE',  ( -1030.773359003219866, 1169.362061957390551, -218.9995569076036475 ) ) ;
#1219 = CARTESIAN_POINT ( 'NONE',  ( -2370.150077553029860, -2422.942618493588270, -899.3121908822755586 ) ) ;
#1220 = CARTESIAN_POINT ( 'NONE',  ( -1911.106093576181365, -2922.231261916180756, -600.9993020661985383 ) ) ;
#1221 = CARTESIAN_POINT ( 'NONE',  ( -2889.909640841873625, 621.6581213021030408, -1264.511233272169193 ) ) ;
#1222 = CARTESIAN_POINT ( 'NONE',  ( -1762.205143848522994, -2922.110768528666085, -544.0247618136758092 ) ) ;
#1223 = CARTESIAN_POINT ( 'NONE',  ( -2368.564090773829321, 1328.458266227369904, -910.4847547971328368 ) ) ;
#1224 = CARTESIAN_POINT ( 'NONE',  ( -5167.145656583763412, -2036.937679551714382, -3961.367882310164987 ) ) ;
#1225 = CARTESIAN_POINT ( 'NONE',  ( -325.8889087073485484, -482.4530307750614497, 21.66611643264021225 ) ) ;
#1226 = CARTESIAN_POINT ( 'NONE',  ( -2395.322123921334423, 2627.156429637834663, -908.2245136294941403 ) ) ;
#1227 = EDGE_LOOP ( 'NONE', ( #1812, #2191, #2203, #1201 ) ) ;
#1228 = CARTESIAN_POINT ( 'NONE',  ( -2380.946857621562231, -2422.887929463085129, -882.4769139537064575 ) ) ;
#1229 = CARTESIAN_POINT ( 'NONE',  ( -5326.166544108500602, -2492.231710000579824, -4234.636242401058553 ) ) ;
#1230 = CARTESIAN_POINT ( 'NONE',  ( -1221.137920883074230, 1169.755172543313620, -277.4233635761399910 ) ) ;
#1231 = CARTESIAN_POINT ( 'NONE',  ( -1108.865987006534851, 78.87980739563171539, -247.5363881768840315 ) ) ;
#1232 = CARTESIAN_POINT ( 'NONE',  ( -2373.505309948468494, 2577.055041684431217, -917.8208189347350299 ) ) ;
#1233 = CARTESIAN_POINT ( 'NONE',  ( -1890.348761895695588, 3077.767639316213717, -609.0657630348326848 ) ) ;
#1234 = CARTESIAN_POINT ( 'NONE',  ( -2359.593461042211402, 2910.389157860226987, -908.0436136720917375 ) ) ;
#1235 = CARTESIAN_POINT ( 'NONE',  ( -1740.638950840760572, 3077.879603175413649, -552.2228484983024828 ) ) ;
#1236 = CARTESIAN_POINT ( 'NONE',  ( -2369.886032278073344, -1792.243757613431853, -901.1865135306238699 ) ) ;
#1237 = CARTESIAN_POINT ( 'NONE',  ( -4977.484769073030293, -2490.530238770270444, -3613.753928011739845 ) ) ;
#1238 = CARTESIAN_POINT ( 'NONE',  ( -3067.972568393745860, -2424.276314626537442, -1374.788135527829127 ) ) ;
#1239 = ORIENTED_EDGE ( 'NONE', *, *, #348, .T. ) ;
#1240 = CARTESIAN_POINT ( 'NONE',  ( 1788.934200531118904, -616.6344374835852022, -2729.156317121959091 ) ) ;
#1241 = CARTESIAN_POINT ( 'NONE',  ( -5374.780497379806548, -477.3886857194092954, -4348.196205358148291 ) ) ;
#1242 = CARTESIAN_POINT ( 'NONE',  ( -1006.297844308597746, 78.20941445524475455, -184.3561197691432199 ) ) ;
#1243 = CARTESIAN_POINT ( 'NONE',  ( 1785.377526631809360, -620.7268127351628664, -2725.803017692838239 ) ) ;
#1244 = CARTESIAN_POINT ( 'NONE',  ( -1384.478665763422669, 1169.166513871617099, -349.5285810189602103 ) ) ;
#1245 = CARTESIAN_POINT ( 'NONE',  ( -2492.377367100774791, 2910.182184827833225, -994.7793415969310900 ) ) ;
#1246 = CARTESIAN_POINT ( 'NONE',  ( -1760.069100704885614, -2028.173803472196141, -545.8096269914721006 ) ) ;
#1247 = CARTESIAN_POINT ( 'NONE',  ( -3772.086866467257551, 2574.173375826999290, -2026.562785830074063 ) ) ;
#1248 = CARTESIAN_POINT ( 'NONE',  ( -5270.538083330907284, 3068.519399125555083, -4186.477530541475062 ) ) ;
#1249 = CARTESIAN_POINT ( 'NONE',  ( -330.0765178640597242, 2895.795664168384519, 76.65474916028118457 ) ) ;
#1250 = CARTESIAN_POINT ( 'NONE',  ( -60.19229344975433804, 55.48888257152133008, 105.2077254912878743 ) ) ;
#1251 = CARTESIAN_POINT ( 'NONE',  ( -3055.475305574164850, -2424.334122443657634, -1390.404883598844435 ) ) ;
#1252 = CARTESIAN_POINT ( 'NONE',  ( -1161.416130981598826, 2578.265978347664259, -137.7171064321652807 ) ) ;
#1253 = CARTESIAN_POINT ( 'NONE',  ( -5373.334110209088976, 2174.116484852814665, -4355.370044269626305 ) ) ;
#1254 = CARTESIAN_POINT ( 'NONE',  ( -1038.268349492341713, 1169.420345554208780, -200.4599206393439204 ) ) ;
#1255 = CARTESIAN_POINT ( 'NONE',  ( 1801.345266683689033, -794.0357906882901489, -2750.273211650103804 ) ) ;
#1256 = CARTESIAN_POINT ( 'NONE',  ( -1476.881288424688137, 623.5018382020813306, -390.3875572029508021 ) ) ;
#1257 = CARTESIAN_POINT ( 'NONE',  ( -2087.798374256179613, 3077.416289786925063, -743.5557008139494428 ) ) ;
#1258 = CARTESIAN_POINT ( 'NONE',  ( -1378.472886409941566, 623.6511061548222870, -367.0722961110663505 ) ) ;
#1259 = CARTESIAN_POINT ( 'NONE',  ( -1000.408123355200473, 2576.807421725362019, -10.19781634735804765 ) ) ;
#1260 = CARTESIAN_POINT ( 'NONE',  ( -3853.904535157861119, -1562.217111882586096, -2088.674156718412178 ) ) ;
#1261 = CARTESIAN_POINT ( 'NONE',  ( -4808.807962313675489, 1707.162431015078255, -3353.398271319931609 ) ) ;
#1262 = CARTESIAN_POINT ( 'NONE',  ( -213.9503660565979999, 605.1202730263869398, 73.88748567808467271 ) ) ;
#1263 = CARTESIAN_POINT ( 'NONE',  ( -727.7808168093253016, 2604.220024875932722, 171.9337376092480838 ) ) ;
#1264 = VERTEX_POINT ( 'NONE', #2272 ) ;
#1265 = CARTESIAN_POINT ( 'NONE',  ( -2378.834446104301151, 2576.841863249208927, -897.3653117218026409 ) ) ;
#1266 = CARTESIAN_POINT ( 'NONE',  ( -5389.129145382830757, 3067.951648346881029, -4393.972991643961905 ) ) ;
#1267 = CARTESIAN_POINT ( 'NONE',  ( -827.1660079660691736, -2757.984316966592360, -119.4180366494631613 ) ) ;
#1268 = MANIFOLD_SOLID_BREP ( 'Flexion3', #1829 ) ;
#1269 = CARTESIAN_POINT ( 'NONE',  ( 2965.021002185458201, -680.5618129238970369, -1097.827701581552446 ) ) ;
#1270 = CARTESIAN_POINT ( 'NONE',  ( -1470.029931714670056, 2184.108816697401380, -391.7471387737387545 ) ) ;
#1271 = CARTESIAN_POINT ( 'NONE',  ( -1389.957004869366074, -2921.814676524996230, -361.3906216689380813 ) ) ;
#1272 = CARTESIAN_POINT ( 'NONE',  ( -795.7598328963234735, 2573.185654120848085, 126.0467933952304236 ) ) ;
#1273 = CARTESIAN_POINT ( 'NONE',  ( -3845.089825939947787, 3074.144087668472366, -2095.283691783237373 ) ) ;
#1274 = CARTESIAN_POINT ( 'NONE',  ( -4812.951249245339568, -2929.189543695407792, -3343.028032005694058 ) ) ;
#1275 = CARTESIAN_POINT ( 'NONE',  ( -2378.827993153264288, 2593.756050652646536, -897.4145050048819030 ) ) ;
#1276 = CARTESIAN_POINT ( 'NONE',  ( -5421.175185258589408, -2765.694599491136614, -4494.748534517267217 ) ) ;
#1277 = CARTESIAN_POINT ( 'NONE',  ( -1059.714485380628048, 2577.458554738212570, -68.54727734149305718 ) ) ;
#1278 = CARTESIAN_POINT ( 'NONE',  ( -5220.174909906539142, -476.4966420382407364, -4026.681548283304892 ) ) ;
#1279 = CARTESIAN_POINT ( 'NONE',  ( -825.1804411732473454, -1561.060921429971586, -116.9997954480105875 ) ) ;
#1280 = CARTESIAN_POINT ( 'NONE',  ( 874.2266643989022441, 2394.830676862581640, 1727.052169071033632 ) ) ;
#1281 = CARTESIAN_POINT ( 'NONE',  ( -1379.719208828307728, 2184.325584151086332, -350.5387851232589469 ) ) ;
#1282 = CARTESIAN_POINT ( 'NONE',  ( -2106.562686012055565, -2483.186327493029239, -736.7211447876982220 ) ) ;
#1283 = CARTESIAN_POINT ( 'NONE',  ( -1382.707043226094811, -467.2634014688674142, -365.6260725354612759 ) ) ;
#1284 = CARTESIAN_POINT ( 'NONE',  ( -3936.178391953717437, 2573.710485963915289, -2198.988585063269966 ) ) ;
#1285 = CARTESIAN_POINT ( 'NONE',  ( -2909.515051819243126, -2757.073161393505870, -1243.143698497635114 ) ) ;
#1286 = CARTESIAN_POINT ( 'NONE',  ( -4544.426989484334626, -1019.049610037592288, -2955.533189254082572 ) ) ;
#1287 = CARTESIAN_POINT ( 'NONE',  ( -2384.316650853503234, 2627.111632042463498, -901.0840099442096971 ) ) ;
#1288 = CARTESIAN_POINT ( 'NONE',  ( -5495.195113415318701, 612.5668763372975718, -4687.166963764357206 ) ) ;
#1289 = CARTESIAN_POINT ( 'NONE',  ( -5073.124398392709736, -2036.325381388712685, -3742.396792163286591 ) ) ;
#1290 = CARTESIAN_POINT ( 'NONE',  ( -996.7544605674553395, 2184.168460262776989, -185.6912364545939624 ) ) ;
#1291 = CARTESIAN_POINT ( 'NONE',  ( -4252.589943210441561, -927.1513171324944551, -2579.921059071012678 ) ) ;
#1292 = CARTESIAN_POINT ( 'NONE',  ( -1652.700457078112095, 1168.916242946220791, -478.4481458866752064 ) ) ;
#1293 = CARTESIAN_POINT ( 'NONE',  ( -1952.170671184385583, 2638.208509892053371, -664.5785522551143458 ) ) ;
#1294 = CARTESIAN_POINT ( 'NONE',  ( -1543.717574008313932, -467.4716231610164527, -441.3860414671780745 ) ) ;
#1295 = CARTESIAN_POINT ( 'NONE',  ( -4266.582408199776182, 2572.904309982637642, -2577.667791016115189 ) ) ;
#1296 = CARTESIAN_POINT ( 'NONE',  ( -3147.218063351474939, 2181.835772930037820, -1447.157237608330888 ) ) ;
#1297 = CARTESIAN_POINT ( 'NONE',  ( -4720.702268765474400, 2904.488999503036666, -3222.866744637537522 ) ) ;
#1298 = CARTESIAN_POINT ( 'NONE',  ( -711.7221681076479172, 2570.504927924776439, 182.9709869433337985 ) ) ;
#1299 = CARTESIAN_POINT ( 'NONE',  ( -5420.357086685892682, -1023.277694526168375, -4499.743019744474623 ) ) ;
#1300 = CARTESIAN_POINT ( 'NONE',  ( -4743.100273347588882, -2762.125609491224623, -3199.954511581534007 ) ) ;
#1301 = CARTESIAN_POINT ( 'NONE',  ( -666.3814377959921558, 3071.478747557349379, -38.10375530057704196 ) ) ;
#1302 = CARTESIAN_POINT ( 'NONE',  ( -218.2312711151299993, 2619.850604410519736, 113.0385431541244117 ) ) ;
#1303 = CARTESIAN_POINT ( 'NONE',  ( -4634.466513081924859, 2572.070745214559793, -2888.484436844868469 ) ) ;
#1304 = CARTESIAN_POINT ( 'NONE',  ( -1316.766613861432006, 78.49583482266808687, -315.4660915190073069 ) ) ;
#1305 = CARTESIAN_POINT ( 'NONE',  ( -2104.353648533877731, -1558.945665061982027, -738.3888773371517118 ) ) ;
#1306 = CARTESIAN_POINT ( 'NONE',  ( -1348.608981206908993, 3078.271670758254913, -361.3403333793219758 ) ) ;
#1307 = CARTESIAN_POINT ( 'NONE',  ( -1188.775065062759495, -2420.016631667929687, -647.2756990413058702 ) ) ;
#1308 = CARTESIAN_POINT ( 'NONE',  ( -4162.709722265268283, 2633.822392659880279, -2451.247929322150867 ) ) ;
#1309 = CARTESIAN_POINT ( 'NONE',  ( -4722.155253995899329, 1707.520872962661770, -3220.727529946159848 ) ) ;
#1310 = CARTESIAN_POINT ( 'NONE',  ( -591.3344733695435025, -2036.034032502831451, -70.96705096185105788 ) ) ;
#1311 = CARTESIAN_POINT ( 'NONE',  ( -1828.540260928037924, 2624.849353476218312, -540.4885738373445747 ) ) ;
#1312 = CARTESIAN_POINT ( 'NONE',  ( -5420.094610177506183, -477.8254039486828333, -4501.291478642348011 ) ) ;
#1313 = CARTESIAN_POINT ( 'NONE',  ( -439.4786491307007736, -1024.804994754904328, -17.96068415296883103 ) ) ;
#1314 = CARTESIAN_POINT ( 'NONE',  ( 1766.384980972797848, 2710.230272539266025, -2522.357257833735275 ) ) ;
#1315 = CARTESIAN_POINT ( 'NONE',  ( -4825.155038473231798, 2176.897791119880367, -3343.537380781410320 ) ) ;
#1316 = CARTESIAN_POINT ( 'NONE',  ( -596.6634280049074732, 615.2489437186865189, -28.78680902827886001 ) ) ;
#1317 = CARTESIAN_POINT ( 'NONE',  ( -5543.518755819653961, 612.3905063575928125, -4753.253710758147463 ) ) ;
#1318 = CARTESIAN_POINT ( 'NONE',  ( -1247.598298737062123, 3078.730714499968144, -295.6908958931259690 ) ) ;
#1319 = CARTESIAN_POINT ( 'NONE',  ( -1263.230967044303043, -2481.971110413726819, -304.4004910181579930 ) ) ;
#1320 = CARTESIAN_POINT ( 'NONE',  ( -4636.622146376767887, -2427.771164543153191, -2873.287645923220680 ) ) ;
#1321 = CARTESIAN_POINT ( 'NONE',  ( -2378.884929866021139, 622.5643262580410919, -889.2004874045935594 ) ) ;
#1322 = CARTESIAN_POINT ( 'NONE',  ( -4256.744092626935526, -2760.473569103172395, -2576.144233918796999 ) ) ;
#1323 = CARTESIAN_POINT ( 'NONE',  ( -2802.639491735384581, 2576.336552921985458, -1212.587777731711185 ) ) ;
#1324 = CARTESIAN_POINT ( 'NONE',  ( -5466.002653759356690, -478.1316615308082305, -4610.657063120940620 ) ) ;
#1325 = CARTESIAN_POINT ( 'NONE',  ( -477.7258799688947875, 2627.300731515729240, 15.37167347727839406 ) ) ;
#1326 = APPLICATION_PROTOCOL_DEFINITION ( 'draft international standard', 'automotive_design', 1998, #2351 ) ;
#1327 = PRODUCT_DEFINITION_FORMATION_WITH_SPECIFIED_SOURCE ( 'ANY', '', #1562, .NOT_KNOWN. ) ;
#1328 = CARTESIAN_POINT ( 'NONE',  ( -891.8775757940696849, -1014.135387252163241, -160.3257940569827440 ) ) ;
#1329 = CARTESIAN_POINT ( 'NONE',  ( -5069.169232456744794, 3069.721025703199757, -3754.359203417915069 ) ) ;
#1330 = B_SPLINE_CURVE_WITH_KNOTS ( 'NONE', 3,
 ( #2010, #2226, #808, #237, #452, #1028, #834, #1841, #1825, #47, #1625, #2409, #2034, #1457, #637, #1639, #2022, #61, #2420, #664, #251, #1043, #649, #1251, #263, #1055, #75, #2240, #2050, #1002 ),
 .UNSPECIFIED., .F., .F.,
 ( 4, 2, 2, 2, 2, 2, 2, 2, 2, 2, 2, 2, 2, 2, 4 ),
 ( 0.000000000000000000, 0.3166085489382930440, 0.4749128234074387334, 0.5540649606420116058, 0.6332170978765844227, 0.7915213723457291684, 0.9498256468148743581, 1.266434195753165737, 1.424738470222311149, 1.503890607456884743, 1.543466676074171096, 1.583042744691457449, 1.899651293629747162, 2.216259842568037097, 2.532868391506327033 ),
 .UNSPECIFIED. ) ;
#1331 = CARTESIAN_POINT ( 'NONE',  ( -484.0205254061050937, 66.84054028969430306, 3.242797494761815891 ) ) ;
#1332 = CARTESIAN_POINT ( 'NONE',  ( -5514.914594937347829, -2038.906543424224537, -4671.921925076449952 ) ) ;
#1333 = CARTESIAN_POINT ( 'NONE',  ( -1250.077091262517797, 2639.332369194582952, -295.1649151028730671 ) ) ;
#1334 = CARTESIAN_POINT ( 'NONE',  ( -1893.134962427409164, 77.70895967254476489, -623.6620155037703626 ) ) ;
#1335 = CARTESIAN_POINT ( 'NONE',  ( -1153.230287804431100, -2027.145733328472033, -258.0621368225614560 ) ) ;
#1336 = CARTESIAN_POINT ( 'NONE',  ( -2384.430102017102399, 2593.764105836698491, -925.1203946846143253 ) ) ;
#1337 = CARTESIAN_POINT ( 'NONE',  ( -2504.613656922350856, 2637.508788524197826, -978.0082278574127486 ) ) ;
#1338 = CARTESIAN_POINT ( 'NONE',  ( -4146.623970096360608, 3073.171354632247130, -2464.738758574234907 ) ) ;
#1339 = CARTESIAN_POINT ( 'NONE',  ( -589.0592556118250513, 1706.100273590174993, -38.07997263868557525 ) ) ;
#1340 = CARTESIAN_POINT ( 'NONE',  ( -2368.167321942237777, 2265.286888052674385, -913.2759509671518572 ) ) ;
#1341 = CARTESIAN_POINT ( 'NONE',  ( -5357.132099353328158, -1568.325785869519450, -4353.442622922021656 ) ) ;
#1342 = CARTESIAN_POINT ( 'NONE',  ( -704.9733289269281613, -1563.653540907539309, -100.7360222172304987 ) ) ;
#1343 = CARTESIAN_POINT ( 'NONE',  ( -5073.415323224334315, -2490.869269831826841, -3741.221755580550507 ) ) ;
#1344 = CARTESIAN_POINT ( 'NONE',  ( -483.8594229119898955, -478.5595089423173363, -3.188147198670557625 ) ) ;
#1345 = CARTESIAN_POINT ( 'NONE',  ( -4251.674803084064479, 1239.542757872822449, -2586.372620248391740 ) ) ;
#1346 = CARTESIAN_POINT ( 'NONE',  ( -1338.877428429897464, -1012.491210440883378, -321.8313994755802696 ) ) ;
#1347 = CARTESIAN_POINT ( 'NONE',  ( -1295.059352080638746, 2911.800752220121467, -337.3333468928081516 ) ) ;
#1348 = CARTESIAN_POINT ( 'NONE',  ( -3802.990737919926687, -2424.082107059499776, -1742.451086365299489 ) ) ;
#1349 = CARTESIAN_POINT ( 'NONE',  ( -2385.082102396600021, -1559.251841757385364, -886.0772289138379847 ) ) ;
#1350 = CARTESIAN_POINT ( 'NONE',  ( -3833.674214433782254, 1710.459911080042048, -2107.650894987540141 ) ) ;
#1351 = CARTESIAN_POINT ( 'NONE',  ( -2368.166368608426183, 2267.538143040762861, -913.2826582218766589 ) ) ;
#1352 = CARTESIAN_POINT ( 'NONE',  ( -5306.381578993363291, 613.7840586282169397, -4251.605347580892158 ) ) ;
#1353 = EDGE_CURVE ( 'NONE', #1264, #573, #1636, .T. ) ;
#1354 = CARTESIAN_POINT ( 'NONE',  ( -819.0813246140265846, -2030.776474392232103, -136.9380717134062593 ) ) ;
#1355 = CARTESIAN_POINT ( 'NONE',  ( -4465.644702932783730, -473.2146004969179103, -2817.411345096144487 ) ) ;
#1356 = ORIENTED_EDGE ( 'NONE', *, *, #242, .T. ) ;
#1357 = CARTESIAN_POINT ( 'NONE',  ( -482.2647204504974070, -2766.237314553180113, -29.68288958052271198 ) ) ;
#1358 = CARTESIAN_POINT ( 'NONE',  ( -4814.491079991312290, 2572.973387611237740, -2607.797186713534302 ) ) ;
#1359 = CARTESIAN_POINT ( 'NONE',  ( -1357.844666016878591, 2911.660639055263346, -343.0262563003254854 ) ) ;
#1360 = CARTESIAN_POINT ( 'NONE',  ( -1227.157740323707685, -2481.827254868614091, -288.2333138679130116 ) ) ;
#1361 = CARTESIAN_POINT ( 'NONE',  ( -2378.963805704904644, 2593.743191098515581, -921.4968570999907342 ) ) ;
#1362 = CARTESIAN_POINT ( 'NONE',  ( -2185.302799132115979, -2755.942872920130867, -759.3957051739807866 ) ) ;
#1363 = CARTESIAN_POINT ( 'NONE',  ( -3608.231378668456728, 2180.730685204276142, -1883.674552607729765 ) ) ;
#1364 = CARTESIAN_POINT ( 'NONE',  ( -2368.280837277484807, 1997.242997194485270, -912.4773502265509251 ) ) ;
#1365 = CARTESIAN_POINT ( 'NONE',  ( -5404.557795008010544, -477.7237165610730472, -4464.936895702966467 ) ) ;
#1366 = CARTESIAN_POINT ( 'NONE',  ( -984.5081952401026228, -1012.922052835794716, -194.7170149567971578 ) ) ;
#1367 = CARTESIAN_POINT ( 'NONE',  ( -4467.771252926583657, -2488.361506445639861, -2813.104513247521936 ) ) ;
#1368 = VERTEX_POINT ( 'NONE', #1295 ) ;
#1369 = CARTESIAN_POINT ( 'NONE',  ( -140.1783880623556513, -488.0577860213523991, 91.88658585954132718 ) ) ;
#1370 = CARTESIAN_POINT ( 'NONE',  ( -5390.471932052948432, 613.4153773032420531, -4387.351419064403672 ) ) ;
#1371 = CARTESIAN_POINT ( 'NONE',  ( -1210.991839044037761, 3078.854635088318446, -280.2163830741197330 ) ) ;
#1372 = CARTESIAN_POINT ( 'NONE',  ( -1314.489276017515294, -1557.936772540720767, -330.8949570979871169 ) ) ;
#1373 = CARTESIAN_POINT ( 'NONE',  ( -1246.739706523886753, 2585.802890227858825, -223.7364758355649315 ) ) ;
#1374 = CARTESIAN_POINT ( 'NONE',  ( -2166.364376374498988, 3077.385620402336372, -766.8364016754245540 ) ) ;
#1375 = CARTESIAN_POINT ( 'NONE',  ( -3841.250062399670242, -2925.897952017831813, -2099.745114624885446 ) ) ;
#1376 = CARTESIAN_POINT ( 'NONE',  ( -2370.020788011034711, -2110.341536495486707, -900.2387168845373253 ) ) ;
#1377 = CARTESIAN_POINT ( 'NONE',  ( -5372.789729279184940, -477.5215245773961215, -4392.526454613229362 ) ) ;
#1378 = CARTESIAN_POINT ( 'NONE',  ( -704.3515026983517373, -1018.228501378848136, -97.78567294324741965 ) ) ;
#1379 = CARTESIAN_POINT ( 'NONE',  ( -4272.373689763747279, -2927.095473803996811, -2563.075264038133355 ) ) ;
#1380 = EDGE_LOOP ( 'NONE', ( #351, #2354, #1239, #2432 ) ) ;
#1381 = CARTESIAN_POINT ( 'NONE',  ( -55.78805888238327526, -2777.457403213399630, 57.79257417899891180 ) ) ;
#1382 = CARTESIAN_POINT ( 'NONE',  ( -5513.267931895001311, 1703.501232479511373, -4682.902297692129650 ) ) ;
#1383 = CARTESIAN_POINT ( 'NONE',  ( -1232.225445666887708, -1557.524849210935145, -272.0794721559969958 ) ) ;
#1384 = CARTESIAN_POINT ( 'NONE',  ( -1129.987782944638639, 3078.871256378586622, -267.6514866712480512 ) ) ;
#1385 = ADVANCED_FACE ( 'NONE', ( #2333 ), #2362, .F. ) ;
#1386 = CARTESIAN_POINT ( 'NONE',  ( 1782.913003504215339, 1225.704570234295261, -2620.329368210781922 ) ) ;
#1387 = CARTESIAN_POINT ( 'NONE',  ( -1785.952944033180529, 2911.231877780648119, -552.8590467700628324 ) ) ;
#1388 = CARTESIAN_POINT ( 'NONE',  ( -3133.111364068823605, 2636.330217426083436, -1462.977854980139455 ) ) ;
#1389 = CARTESIAN_POINT ( 'NONE',  ( -2369.883617190805580, -1786.542161953695313, -901.2035020336114712 ) ) ;
#1390 = CARTESIAN_POINT ( 'NONE',  ( -4977.770012730434246, -2929.922659244713486, -3612.616942903149720 ) ) ;
#1391 = CARTESIAN_POINT ( 'NONE',  ( -4253.223497033369313, -2427.187533380269542, -2575.454537402091773 ) ) ;
#1392 = CARTESIAN_POINT ( 'NONE',  ( -4556.073155811936886, 2632.501940040890076, -2950.506830309381257 ) ) ;
#1393 = CARTESIAN_POINT ( 'NONE',  ( -332.4156223007754534, 62.67136462042959266, 49.61960381525932462 ) ) ;
#1394 = CARTESIAN_POINT ( 'NONE',  ( -5436.773653594173993, 2900.980239426534808, -4502.822855843535763 ) ) ;
#1395 = CARTESIAN_POINT ( 'NONE',  ( -1052.002187105514167, -2481.985411984241182, -194.5504501108356408 ) ) ;
#1396 = CARTESIAN_POINT ( 'NONE',  ( -1049.041710755021768, 1169.495016576410990, -226.6125182970437777 ) ) ;
#1397 = CARTESIAN_POINT ( 'NONE',  ( -712.6586984811521006, 907.7063992425396464, 154.6267081012194637 ) ) ;
#1398 = CARTESIAN_POINT ( 'NONE',  ( -1762.785827511130947, 77.93934033769670577, -531.4960207739119369 ) ) ;
#1399 = CARTESIAN_POINT ( 'NONE',  ( -2500.536487272351224, 622.3024754545579071, -992.7803028077265708 ) ) ;
#1400 = CARTESIAN_POINT ( 'NONE',  ( -1688.589251960492447, -1558.419306795704415, -510.3803356047687885 ) ) ;
#1401 = CARTESIAN_POINT ( 'NONE',  ( -2369.091762329606809, 82.71712875156242717, -906.7730708893330984 ) ) ;
#1402 = CARTESIAN_POINT ( 'NONE',  ( -5166.175600093727553, -476.3370250102934733, -3965.416035179048322 ) ) ;
#1403 = CARTESIAN_POINT ( 'NONE',  ( -4266.582408199776182, 2572.904309982637642, -2577.667791016115189 ) ) ;
#1404 = CARTESIAN_POINT ( 'NONE',  ( -4558.757769862460009, 617.3527656862431741, -2947.040980753445638 ) ) ;
#1405 = ORIENTED_EDGE ( 'NONE', *, *, #1898, .T. ) ;
#1406 = CARTESIAN_POINT ( 'NONE',  ( -329.8732933220055088, -1573.451005439775145, 23.45305494572687977 ) ) ;
#1407 = CARTESIAN_POINT ( 'NONE',  ( -5436.687630404376250, 3067.646255496073081, -4503.282276236609505 ) ) ;
#1408 = CARTESIAN_POINT ( 'NONE',  ( -1111.512467008099065, 1169.830810942871040, -231.0148725588486229 ) ) ;
#1409 = CARTESIAN_POINT ( 'NONE',  ( -1008.589565839276247, -2921.749707119327013, -198.7130523733306688 ) ) ;
#1410 = CARTESIAN_POINT ( 'NONE',  ( -1821.876554775632485, -751.4699445516462220, -536.8699921716142853 ) ) ;
#1411 = CARTESIAN_POINT ( 'NONE',  ( -1892.419105717627190, 2638.373010724176311, -608.7704843235776480 ) ) ;
#1412 = CARTESIAN_POINT ( 'NONE',  ( -2882.136313274233089, 3076.204935261491755, -1266.691263230920185 ) ) ;
#1413 = CARTESIAN_POINT ( 'NONE',  ( -1797.141195028453467, -2922.151201540669263, -562.4526851715352223 ) ) ;
#1414 = CARTESIAN_POINT ( 'NONE',  ( -2369.093993011331804, 77.45114294498908691, -906.7573807069647955 ) ) ;
#1415 = CARTESIAN_POINT ( 'NONE',  ( -5053.333413789839142, 1160.598264861187090, -3759.910583148860951 ) ) ;
#1416 = CARTESIAN_POINT ( 'NONE',  ( -3938.300420256552115, -2425.965139816150440, -2184.112824307955179 ) ) ;
#1417 = ORIENTED_EDGE ( 'NONE', *, *, #2185, .F. ) ;
#1418 = CARTESIAN_POINT ( 'NONE',  ( -141.7133444452056494, 57.26458104394345838, 103.5628837698111937 ) ) ;
#1419 = B_SPLINE_CURVE_WITH_KNOTS ( 'NONE', 3,
 ( #1665, #888, #861, #453, #1277, #1252, #89, #2445, #2253, #1680, #876, #1056, #288, #441, #1855, #76, #2410, #2063 ),
 .UNSPECIFIED., .F., .F.,
 ( 4, 2, 2, 2, 2, 2, 2, 2, 4 ),
 ( 1.241267076623636559E-16, 0.2459174735222132424, 0.4918349470444263738, 0.6147936838055331199, 0.7377524205666400325, 0.9836698940888530807, 1.475504841133279621, 1.721422314655492114, 1.967339788177704829 ),
 .UNSPECIFIED. ) ;
#1420 = CARTESIAN_POINT ( 'NONE',  ( -5323.539534122787700, 2174.417717111988168, -4247.140868938544372 ) ) ;
#1421 = CARTESIAN_POINT ( 'NONE',  ( -1063.698303853165271, -466.7616322773445177, -205.6337144535661707 ) ) ;
#1422 = CARTESIAN_POINT ( 'NONE',  ( -1056.181651486699820, -466.8202509985779898, -224.1655128353017972 ) ) ;
#1423 = CARTESIAN_POINT ( 'NONE',  ( 1752.594921376801949, 3244.084400207218096, -2480.781667824617671 ) ) ;
#1424 = CARTESIAN_POINT ( 'NONE',  ( -1766.428883938758190, -1012.967777822447943, -529.8616860407246349 ) ) ;
#1425 = CARTESIAN_POINT ( 'NONE',  ( -2372.921481527573178, -1013.852791554364899, -903.8163490692930964 ) ) ;
#1426 = CARTESIAN_POINT ( 'NONE',  ( -1674.510463700715945, 2183.995148797776892, -515.1970377880085152 ) ) ;
#1427 = CARTESIAN_POINT ( 'NONE',  ( -2370.018400456805466, -2104.705703884219474, -900.2555092692418839 ) ) ;
#1428 = CARTESIAN_POINT ( 'NONE',  ( -5203.284078908604897, -2037.131684586800702, -4031.648742539965042 ) ) ;
#1429 = CARTESIAN_POINT ( 'NONE',  ( -3773.843724937790739, -2425.438141319571969, -2012.055779378766601 ) ) ;
#1430 = ORIENTED_EDGE ( 'NONE', *, *, #1037, .T. ) ;
#1431 = CARTESIAN_POINT ( 'NONE',  ( -733.8092582476413099, -765.8936541904947717, 167.3487008671960723 ) ) ;
#1432 = CARTESIAN_POINT ( 'NONE',  ( -5322.983704575074626, 3068.354118167023444, -4249.424832024066745 ) ) ;
#1433 = CARTESIAN_POINT ( 'NONE',  ( -477.6049309482316403, 2899.993737743920065, 18.78037445406696193 ) ) ;
#1434 = CARTESIAN_POINT ( 'NONE',  ( -994.9776149162033789, -2027.982775787219907, -174.8739786176577979 ) ) ;
#1435 = CARTESIAN_POINT ( 'NONE',  ( -717.0419241123734082, -766.0080828729825271, 141.4645749605871856 ) ) ;
#1436 = CARTESIAN_POINT ( 'NONE',  ( -1789.365268485319802, 2183.959141096093845, -552.2985902539752487 ) ) ;
#1437 = CARTESIAN_POINT ( 'NONE',  ( -2172.302142095832551, -1559.031095745066978, -778.7773610875771055 ) ) ;
#1438 = CARTESIAN_POINT ( 'NONE',  ( -1792.154572350413218, -1013.064432275191848, -566.0139152552809492 ) ) ;
#1439 = CARTESIAN_POINT ( 'NONE',  ( -3697.410422527862920, 2574.416762543847653, -1951.773302468009661 ) ) ;
#1440 = CARTESIAN_POINT ( 'NONE',  ( -5200.047088832784539, 2902.246183970125458, -4044.088548381179862 ) ) ;
#1441 = CARTESIAN_POINT ( 'NONE',  ( -328.8040532702288488, 1699.024720806981350, 57.01894992697543074 ) ) ;
#1442 = CARTESIAN_POINT ( 'NONE',  ( -70.24647983372616977, 3054.634555267267842, 176.0877653972496830 ) ) ;
#1443 = VERTEX_POINT ( 'NONE', #2107 ) ;
#1444 = FACE_OUTER_BOUND ( 'NONE', #989, .T. ) ;
#1445 = CARTESIAN_POINT ( 'NONE',  ( -5220.511208962751880, -1021.949297717215131, -4025.266176736875877 ) ) ;
#1446 = CARTESIAN_POINT ( 'NONE',  ( -1008.410135705459084, -467.2233541149542475, -183.7762687187463087 ) ) ;
#1447 = CARTESIAN_POINT ( 'NONE',  ( 1788.897892477065170, 1226.408210763292345, -2625.427243956743951 ) ) ;
#1448 = CARTESIAN_POINT ( 'NONE',  ( -1487.561147314065693, -2755.282749043255535, -385.5027847564610397 ) ) ;
#1449 = CARTESIAN_POINT ( 'NONE',  ( -2088.541803372110735, 2910.749488788132112, -743.4561684783674309 ) ) ;
#1450 = CARTESIAN_POINT ( 'NONE',  ( -1656.423046846377019, -2755.369143760333372, -490.2687913956714851 ) ) ;
#1451 = CARTESIAN_POINT ( 'NONE',  ( -2370.111571242688569, -2324.638490963544882, -899.6002018640865572 ) ) ;
#1452 = CARTESIAN_POINT ( 'NONE',  ( -3152.857152343176949, 75.77500769148947768, -1444.811716274686887 ) ) ;
#1453 = CARTESIAN_POINT ( 'NONE',  ( -4450.904997377770087, -1564.164089117620733, -2827.230901732992152 ) ) ;
#1454 = CARTESIAN_POINT ( 'NONE',  ( -144.6807687452171933, 3056.892618890849008, 148.8509080387107133 ) ) ;
#1455 = CARTESIAN_POINT ( 'NONE',  ( -205.4568385554304086, -2939.626832803329307, 5.529528480345909713 ) ) ;
#1456 = CARTESIAN_POINT ( 'NONE',  ( -2386.469419259859023, -2422.867628436770246, -885.9039504204001787 ) ) ;
#1457 = CARTESIAN_POINT ( 'NONE',  ( -3533.631764270115582, -2424.977894510193892, -1804.897044844763514 ) ) ;
#1458 = CARTESIAN_POINT ( 'NONE',  ( 1769.062426015522988, 1878.350822924214071, -2571.687391032350206 ) ) ;
#1459 = CARTESIAN_POINT ( 'NONE',  ( -5324.782741300597081, 68.36455195819999631, -4241.619667902723450 ) ) ;
#1460 = CARTESIAN_POINT ( 'NONE',  ( -1001.626484302350377, 1169.069459490265444, -185.2349324006635243 ) ) ;
#1461 = CARTESIAN_POINT ( 'NONE',  ( 2915.267818006966991, -682.8861770828012823, -1099.152651822892722 ) ) ;
#1462 = CARTESIAN_POINT ( 'NONE',  ( -1397.869571538913760, -2755.090301657254713, -343.5226463462850006 ) ) ;
#1463 = CARTESIAN_POINT ( 'NONE',  ( -2167.567100023093190, 77.33043333405797171, -781.2088462552920873 ) ) ;
#1464 = CARTESIAN_POINT ( 'NONE',  ( -1463.642430131323863, 1714.354554776813075, -409.4569849643352768 ) ) ;
#1465 = CARTESIAN_POINT ( 'NONE',  ( -3157.805540036895763, 2575.997186244533623, -1465.256607388362681 ) ) ;
#1466 = CARTESIAN_POINT ( 'NONE',  ( -3148.588016879503357, 1712.138540512396503, -1446.726372322006000 ) ) ;
#1467 = CARTESIAN_POINT ( 'NONE',  ( -4447.594269159730175, 1163.103924570579693, -2832.486354080348974 ) ) ;
#1468 = CARTESIAN_POINT ( 'NONE',  ( -717.1217850939353866, 2570.654405789480734, 179.3136290002696001 ) ) ;
#1469 = CARTESIAN_POINT ( 'NONE',  ( -5464.560062217447921, 2627.915804479061535, -4619.582739472260982 ) ) ;
#1470 = CARTESIAN_POINT ( 'NONE',  ( 3388.081117340428591, 2665.455034792530569, -1042.614595905933584 ) ) ;
#1471 = CARTESIAN_POINT ( 'NONE',  ( -5375.063959644899114, -1022.841091335074111, -4346.689357697771811 ) ) ;
#1472 = CARTESIAN_POINT ( 'NONE',  ( -973.9424041247659716, 3077.831573729119100, -177.6547706328787797 ) ) ;
#1473 = CARTESIAN_POINT ( 'NONE',  ( 2781.645710620043246, 947.0687421315635675, -638.5217470158908100 ) ) ;
#1474 = CARTESIAN_POINT ( 'NONE',  ( -1389.002217724712636, 78.25113916295632066, -348.2013431804349466 ) ) ;
#1475 = CARTESIAN_POINT ( 'NONE',  ( -1350.970409745460756, 2638.872676705972935, -360.9880320485289076 ) ) ;
#1476 = CARTESIAN_POINT ( 'NONE',  ( -3309.409776319373577, 2575.634395414094797, -1593.237624237589444 ) ) ;
#1477 = CARTESIAN_POINT ( 'NONE',  ( -4161.859219914972527, 3073.216388248289149, -2451.775746321257429 ) ) ;
#1478 = CARTESIAN_POINT ( 'NONE',  ( -4546.078832987212991, -2761.469360095417414, -2951.612465715072176 ) ) ;
#1479 = CARTESIAN_POINT ( 'NONE',  ( -1263.016255426153293, -756.6019047328397846, -200.1667952355324189 ) ) ;
#1480 = CARTESIAN_POINT ( 'NONE',  ( -4258.380440365488539, -2427.223162243137722, -2571.229427756565201 ) ) ;
#1481 = CARTESIAN_POINT ( 'NONE',  ( -2380.242950796011883, -756.3113306332685397, -887.4393230438179216 ) ) ;
#1482 = CARTESIAN_POINT ( 'NONE',  ( -4741.634473601737227, -1019.706282500856446, -3204.043708113281355 ) ) ;
#1483 = CARTESIAN_POINT ( 'NONE',  ( -989.9306330399710987, -467.4331906430698496, -176.6181002169553267 ) ) ;
#1484 = CARTESIAN_POINT ( 'NONE',  ( 1811.867301223467166, -2279.270860543043455, -2842.998702608751501 ) ) ;
#1485 = CARTESIAN_POINT ( 'NONE',  ( -1680.140681249429008, 2911.323208238477037, -497.9420555382390035 ) ) ;
#1486 = CARTESIAN_POINT ( 'NONE',  ( -1960.398031461170604, 623.0556620655069082, -662.7106814526021026 ) ) ;
#1487 = CARTESIAN_POINT ( 'NONE',  ( -1532.854544165713378, 2184.035957664001671, -444.1487983744634107 ) ) ;
#1488 = CARTESIAN_POINT ( 'NONE',  ( -1826.907127999510749, 2578.366756425828498, -543.3490417040396778 ) ) ;
#1489 = CARTESIAN_POINT ( 'NONE',  ( -698.3718714840717894, 2178.505721179378725, -78.83235983017829085 ) ) ;
#1490 = CARTESIAN_POINT ( 'NONE',  ( -3154.111457674370286, -469.6791610269970647, -1444.034639102296296 ) ) ;
#1491 = CARTESIAN_POINT ( 'NONE',  ( -4807.467084844450255, 2904.130269171029340, -3355.650239368039365 ) ) ;
#1492 = CARTESIAN_POINT ( 'NONE',  ( -660.2006183403840396, 2904.811700869644028, -58.13356062984443184 ) ) ;
#1493 = CARTESIAN_POINT ( 'NONE',  ( -1828.200372499027480, 914.8687614101070267, -554.9672032705859692 ) ) ;
#1494 =( GEOMETRIC_REPRESENTATION_CONTEXT ( 3 ) GLOBAL_UNCERTAINTY_ASSIGNED_CONTEXT ( ( #511 ) ) GLOBAL_UNIT_ASSIGNED_CONTEXT ( ( #1692, #2470, #334 ) ) REPRESENTATION_CONTEXT ( 'NONE', 'WORKASPACE' ) );
#1495 = CARTESIAN_POINT ( 'NONE',  ( -5419.560903339243850, 613.0792349497173745, -4504.367762168814807 ) ) ;
#1496 = CARTESIAN_POINT ( 'NONE',  ( -4826.239188003815798, 1161.748077438180189, -3341.544392041389528 ) ) ;
#1497 = CARTESIAN_POINT ( 'NONE',  ( -816.3162400907158371, 1711.460026217737095, -108.1821951020751129 ) ) ;
#1498 = CARTESIAN_POINT ( 'NONE',  ( -142.2734587679879610, 2163.175553724192923, 129.5758673352120525 ) ) ;
#1499 = CARTESIAN_POINT ( 'NONE',  ( -3917.805097517515151, 2573.641334366574029, -2030.766504264534888 ) ) ;
#1500 = CARTESIAN_POINT ( 'NONE',  ( -1268.456275438865305, -1557.666875127829599, -288.1424704586943903 ) ) ;
#1501 = CARTESIAN_POINT ( 'NONE',  ( -1530.662006881188290, 2638.580324576642852, -444.4586010590709293 ) ) ;
#1502 = CARTESIAN_POINT ( 'NONE',  ( -1457.698116193470241, -2419.291763169487695, -234.0968878320024089 ) ) ;
#1503 = CARTESIAN_POINT ( 'NONE',  ( -2904.834293440577767, -469.1978301640323821, -1247.121477654107593 ) ) ;
#1504 = CARTESIAN_POINT ( 'NONE',  ( -4451.819309985519794, -2488.404184226895723, -2825.174680021164022 ) ) ;
#1505 = CARTESIAN_POINT ( 'NONE',  ( -2378.834446104301151, 2576.841863249208927, -897.3653117218026409 ) ) ;
#1506 = CARTESIAN_POINT ( 'NONE',  ( -5526.200291172627658, -2493.685580885420222, -4751.278979591579628 ) ) ;
#1507 = CARTESIAN_POINT ( 'NONE',  ( -438.9961441796187387, -1570.203843696318472, -24.93998212916458357 ) ) ;
#1508 = CARTESIAN_POINT ( 'NONE',  ( -4827.316278892630180, 70.84129587004004236, -3339.264781156583922 ) ) ;
#1509 = CARTESIAN_POINT ( 'NONE',  ( -813.0033583768563403, 2635.623912894362547, -105.0003031008048708 ) ) ;
#1510 = CARTESIAN_POINT ( 'NONE',  ( -4628.384225967399288, 2574.224405079558437, -2291.426714221453494 ) ) ;
#1511 = CARTESIAN_POINT ( 'NONE',  ( -1260.076107442315788, 624.1635466574266502, -292.2453274478380081 ) ) ;
#1512 = CARTESIAN_POINT ( 'NONE',  ( -1145.361197844410071, 78.89960348736182993, -262.7903825559522488 ) ) ;
#1513 = CARTESIAN_POINT ( 'NONE',  ( -2384.439424850682371, 2577.095584401125961, -925.0621460393855386 ) ) ;
#1514 = CARTESIAN_POINT ( 'NONE',  ( -2520.434687129071335, -2923.093268064726090, -970.4786434263097590 ) ) ;
#1515 = CARTESIAN_POINT ( 'NONE',  ( -3609.357247105119768, 1711.033555832983893, -1883.174551613627273 ) ) ;
#1516 = CARTESIAN_POINT ( 'NONE',  ( -3185.693088206979155, 2575.857395553873175, -1514.404924668761169 ) ) ;
#1517 = CARTESIAN_POINT ( 'NONE',  ( -5523.922078071176657, 2900.229420389477127, -4767.339934061006716 ) ) ;
#1518 = CARTESIAN_POINT ( 'NONE',  ( -5183.182671872610626, 614.6035751580453734, -3958.903199823407704 ) ) ;
#1519 = CARTESIAN_POINT ( 'NONE',  ( -811.3073090739245572, 3074.977226089197757, -103.3569358062038788 ) ) ;
#1520 = CARTESIAN_POINT ( 'NONE',  ( -5543.749136919799639, 66.93842757691160728, -4751.629569294947032 ) ) ;
#1521 = CARTESIAN_POINT ( 'NONE',  ( -1264.585854940433137, -466.7526081644617761, -290.3203952706351743 ) ) ;
#1522 = CARTESIAN_POINT ( 'NONE',  ( -1312.687482569553595, -1012.479232677667937, -331.9026713450326156 ) ) ;
#1523 = CARTESIAN_POINT ( 'NONE',  ( -423.5078616693268714, -2427.276371027932782, -205.0746827346299597 ) ) ;
#1524 = CARTESIAN_POINT ( 'NONE',  ( -2168.281924060145229, 2637.991407765804070, -766.5688402416362806 ) ) ;
#1525 = CARTESIAN_POINT ( 'NONE',  ( -4149.167716757569906, 1709.535108956277782, -2462.988939181333080 ) ) ;
#1526 = CARTESIAN_POINT ( 'NONE',  ( -587.1311187468571688, 3069.597270090413986, -25.22202206648703182 ) ) ;
#1527 = CARTESIAN_POINT ( 'NONE',  ( -696.4947288756318358, 2905.710112857222612, -74.05398401033609446 ) ) ;
#1528 = CARTESIAN_POINT ( 'NONE',  ( -4251.111647962389725, 2572.858475375738635, -2590.342705831450530 ) ) ;
#1529 = CARTESIAN_POINT ( 'NONE',  ( -5356.853310696748849, -1022.873409015030916, -4354.959792681656836 ) ) ;
#1530 = SURFACE_STYLE_FILL_AREA ( #729 ) ;
#1531 = CARTESIAN_POINT ( 'NONE',  ( -820.4199871007668889, -2924.684287117886925, -138.7540312117814096 ) ) ;
#1532 = CARTESIAN_POINT ( 'NONE',  ( -4990.312827592158101, 2903.432270864860584, -3616.002456113881635 ) ) ;
#1533 = CARTESIAN_POINT ( 'NONE',  ( -667.4102268837232259, 2632.128950992660975, -41.40837137421044645 ) ) ;
#1534 = CARTESIAN_POINT ( 'NONE',  ( -217.2963849691946052, 2165.401373360052730, 104.1848092623503845 ) ) ;
#1535 = CARTESIAN_POINT ( 'NONE',  ( -5544.209899120094633, -1023.965729984422751, -4748.381286368545261 ) ) ;
#1536 = CARTESIAN_POINT ( 'NONE',  ( -1366.413293061576724, 1169.219190098671561, -341.3292826366626400 ) ) ;
#1537 = CARTESIAN_POINT ( 'NONE',  ( -1315.901420579455134, -2027.635821159961097, -329.9696116291532917 ) ) ;
#1538 = CARTESIAN_POINT ( 'NONE',  ( -477.7505471539224118, -478.4164953106841267, -22.29123328706395313 ) ) ;
#1539 = CARTESIAN_POINT ( 'NONE',  ( 1811.867301223467393, -2279.270860543043455, -2842.998702608751501 ) ) ;
#1540 = ADVANCED_FACE ( 'NONE', ( #2499 ), #733, .F. ) ;
#1541 = CARTESIAN_POINT ( 'NONE',  ( -2383.704898526199031, -1013.798051977242267, -886.9680752135906232 ) ) ;
#1542 = CARTESIAN_POINT ( 'NONE',  ( -4153.375817396834464, -1017.734689905220421, -2458.460312463382252 ) ) ;
#1543 = B_SPLINE_CURVE_WITH_KNOTS ( 'NONE', 3,
 ( #22, #717, #1480, #2444 ),
 .UNSPECIFIED., .F., .F.,
 ( 4, 4 ),
 ( 0.000000000000000000, 0.02000000078215173963 ),
 .UNSPECIFIED. ) ;
#1544 = CARTESIAN_POINT ( 'NONE',  ( -2970.295578157995806, 2576.223444407587522, -1340.363851513991676 ) ) ;
#1545 = CARTESIAN_POINT ( 'NONE',  ( -5307.001774266240318, -477.1210381437923047, -4248.695104647885273 ) ) ;
#1546 = CARTESIAN_POINT ( 'NONE',  ( -814.4026476687769218, 75.17557990270498181, -131.7917144310783328 ) ) ;
#1547 = CARTESIAN_POINT ( 'NONE',  ( -4463.555627218810514, 1163.146569099125600, -2820.428690415032634 ) ) ;
#1548 = CARTESIAN_POINT ( 'NONE',  ( -597.8454748132538725, -2036.079519091814291, -51.42866867980900025 ) ) ;
#1549 = CARTESIAN_POINT ( 'NONE',  ( -4448.316252078523576, 2573.304824023660331, -2572.419974981142786 ) ) ;
#1550 = CARTESIAN_POINT ( 'NONE',  ( -1304.770191628262410, 2639.128183575781350, -318.8066841286754425 ) ) ;
#1551 = CARTESIAN_POINT ( 'NONE',  ( -1261.917331455452086, -2027.424459916406704, -305.4337881587763377 ) ) ;
#1552 = CARTESIAN_POINT ( 'NONE',  ( -2379.828536866616105, 910.2875074690912243, -915.9040211940273366 ) ) ;
#1553 = CARTESIAN_POINT ( 'NONE',  ( -2107.811308161799843, 622.9258524749897106, -724.2263649937605123 ) ) ;
#1554 = CARTESIAN_POINT ( 'NONE',  ( -3611.772597819808652, 620.1245825016715116, -1881.820913566696845 ) ) ;
#1555 = CARTESIAN_POINT ( 'NONE',  ( -2368.454756497871585, 1586.764004044661533, -911.2544070942888084 ) ) ;
#1556 = CARTESIAN_POINT ( 'NONE',  ( -5373.926136484428753, -2765.391031558174745, -4386.096023684631291 ) ) ;
#1557 = CARTESIAN_POINT ( 'NONE',  ( -667.6288968602196974, -2488.738064041157941, -95.10817794971096362 ) ) ;
#1558 = CARTESIAN_POINT ( 'NONE',  ( -705.7327571943309295, -2487.853391966969866, -105.5771717654381376 ) ) ;
#1559 = CARTESIAN_POINT ( 'NONE',  ( -4468.015635976749763, -2761.088002210316972, -2812.464037074540101 ) ) ;
#1560 = CARTESIAN_POINT ( 'NONE',  ( -366.4208989359874522, -2769.239417269166552, -3.713430990837261358 ) ) ;
#1561 = CARTESIAN_POINT ( 'NONE',  ( -5438.198081511277451, 67.65821656236995807, -4494.923256381702231 ) ) ;
#1562 = PRODUCT ( 'Pièce3', 'Pièce3', '', ( #2279 ) ) ;
#1563 = CARTESIAN_POINT ( 'NONE',  ( -1051.477889689173253, 2184.669329996189845, -209.2055286015798288 ) ) ;
#1564 = CARTESIAN_POINT ( 'NONE',  ( -1314.726668027484266, 2638.999662987313059, -344.9769010504368794 ) ) ;
#1565 = CARTESIAN_POINT ( 'NONE',  ( -727.9210190665105529, 2570.953361518890233, 171.9989131141411747 ) ) ;
#1566 = CARTESIAN_POINT ( 'NONE',  ( -2115.620710725723711, -2028.586164130312682, -720.3032350222714513 ) ) ;
#1567 = CARTESIAN_POINT ( 'NONE',  ( -3836.838251097366992, 74.09699086187103489, -2105.373959920792004 ) ) ;
#1568 = CARTESIAN_POINT ( 'NONE',  ( -2368.189899003360097, 2211.973336769831803, -913.1171120425145773 ) ) ;
#1569 = CARTESIAN_POINT ( 'NONE',  ( -5371.633868310884282, 1704.288258121862100, -4398.496909047156805 ) ) ;
#1570 = CARTESIAN_POINT ( 'NONE',  ( -363.9572637309487391, -481.4266437764938473, 11.04175104231035398 ) ) ;
#1571 = CARTESIAN_POINT ( 'NONE',  ( -973.4456397825173326, 1714.222641103389378, -196.3441108004772957 ) ) ;
#1572 = CARTESIAN_POINT ( 'NONE',  ( -4555.427839841941932, 3071.895589437150193, -2951.180018316563746 ) ) ;
#1573 = CARTESIAN_POINT ( 'NONE',  ( -327.6966413846746491, -2770.253982117591022, 4.448112146720171189 ) ) ;
#1574 = CARTESIAN_POINT ( 'NONE',  ( -5438.463356665225547, -477.7940924762765462, -4493.381394463844117 ) ) ;
#1575 = CARTESIAN_POINT ( 'NONE',  ( -1053.152896406993250, -2921.370389236710707, -193.5856079568241341 ) ) ;
#1576 = CARTESIAN_POINT ( 'NONE',  ( -1006.217308820855010, -2027.833813383402230, -200.2411427237692294 ) ) ;
#1577 = CARTESIAN_POINT ( 'NONE',  ( 1776.928080243427303, 1225.003585440110328, -2615.231250742927386 ) ) ;
#1578 = CARTESIAN_POINT ( 'NONE',  ( -1910.148433827345116, -2482.838210914183037, -601.8948449201412814 ) ) ;
#1579 = CARTESIAN_POINT ( 'NONE',  ( -3140.150727651605848, 75.72359262313142381, -1460.276569550881504 ) ) ;
#1580 = CARTESIAN_POINT ( 'NONE',  ( -2369.623337348662062, -1172.135198207311760, -903.0341712990293672 ) ) ;
#1581 = CARTESIAN_POINT ( 'NONE',  ( -5274.093320049801150, -2931.459313912389007, -4170.720281192209768 ) ) ;
#1582 = CARTESIAN_POINT ( 'NONE',  ( -3661.470762701848798, -2425.160488505965532, -1900.242119312802970 ) ) ;
#1583 = CARTESIAN_POINT ( 'NONE',  ( -989.9494247869852188, -2921.952916707885379, -192.2237422439664556 ) ) ;
#1584 = CARTESIAN_POINT ( 'NONE',  ( -4740.577719324569443, 71.20029472802839621, -3206.394829035219573 ) ) ;
#1585 = CARTESIAN_POINT ( 'NONE',  ( -216.9221569665448612, -485.8889925858425727, 72.07384897339082386 ) ) ;
#1586 = CARTESIAN_POINT ( 'NONE',  ( -5422.065620120687527, 1158.664935754290582, -4461.504217380317641 ) ) ;
#1587 = CARTESIAN_POINT ( 'NONE',  ( -1122.850933411218421, -1557.401662537534548, -225.5627227070037009 ) ) ;
#1588 = CARTESIAN_POINT ( 'NONE',  ( -1051.576024032007808, 624.0578504844360168, -225.8836818815024117 ) ) ;
#1589 = CARTESIAN_POINT ( 'NONE',  ( -1294.874140842915949, 909.2114004352364418, -191.2332241974384885 ) ) ;
#1590 = CARTESIAN_POINT ( 'NONE',  ( -1803.093477421495209, -1558.461271447647050, -547.4048586859287298 ) ) ;
#1591 = CARTESIAN_POINT ( 'NONE',  ( -2495.181424103087011, 2182.908839017438822, -994.2834005004959863 ) ) ;
#1592 = CARTESIAN_POINT ( 'NONE',  ( -1681.182169289833382, 623.3927778373355295, -513.6028226700315145 ) ) ;
#1593 = CARTESIAN_POINT ( 'NONE',  ( -2369.888275056134262, -1797.538168146213593, -901.1707383850286988 ) ) ;
#1594 = CARTESIAN_POINT ( 'NONE',  ( -5202.001095695644835, 68.92154043588830348, -4037.144195094390852 ) ) ;
#1595 = CARTESIAN_POINT ( 'NONE',  ( -63.84835807920459416, 1146.087309541423792, 130.9822632746067654 ) ) ;
#1596 = CARTESIAN_POINT ( 'NONE',  ( -4170.647857771681629, -2760.110026224095236, -2441.839361219645070 ) ) ;
#1597 = ORIENTED_EDGE ( 'NONE', *, *, #2338, .T. ) ;
#1598 = CARTESIAN_POINT ( 'NONE',  ( -331.6202175985455369, -482.7010678670122843, 40.87095146481335206 ) ) ;
#1599 = CARTESIAN_POINT ( 'NONE',  ( -5422.343047589849448, 613.2125514570612950, -4459.989354098995136 ) ) ;
#1600 = CARTESIAN_POINT ( 'NONE',  ( -1160.950712917810506, -2027.085971283508343, -239.6429112531580188 ) ) ;
#1601 = CARTESIAN_POINT ( 'NONE',  ( -1058.247850893191981, -1012.261083082910659, -223.1802855930726253 ) ) ;
#1602 = CARTESIAN_POINT ( 'NONE',  ( -143.5025831705621329, 2617.608174664453600, 139.3724381016088216 ) ) ;
#1603 = CARTESIAN_POINT ( 'NONE',  ( -723.0350562032602966, 2620.697820241477984, 176.5961537707107993 ) ) ;
#1604 = CARTESIAN_POINT ( 'NONE',  ( -1698.944802191320377, -2028.057856824530063, -491.7027986546517582 ) ) ;
#1605 = CARTESIAN_POINT ( 'NONE',  ( -3143.666971054008172, -1560.638412092919680, -1457.741960997726210 ) ) ;
#1606 = CARTESIAN_POINT ( 'NONE',  ( -1786.511937292099674, 623.2971597218707984, -568.3442787548731303 ) ) ;
#1607 = CARTESIAN_POINT ( 'NONE',  ( -2368.653328115338809, 1117.770533050119639, -909.8570206270708240 ) ) ;
#1608 = CARTESIAN_POINT ( 'NONE',  ( -5200.247353274998204, 2629.519681511026192, -4043.444062479278728 ) ) ;
#1609 = FACE_OUTER_BOUND ( 'NONE', #1651, .T. ) ;
#1610 = CARTESIAN_POINT ( 'NONE',  ( -3847.115907022649935, 2180.204286007485280, -2094.350341059984657 ) ) ;
#1611 = ORIENTED_EDGE ( 'NONE', *, *, #2406, .T. ) ;
#1612 = CARTESIAN_POINT ( 'NONE',  ( -372.6937504404398851, 2623.964883083622681, 77.22658217489090759 ) ) ;
#1613 = CARTESIAN_POINT ( 'NONE',  ( -5392.045972065112437, -2492.632824412180980, -4378.691467902343902 ) ) ;
#1614 = CARTESIAN_POINT ( 'NONE',  ( -1056.583918577974828, 1169.553747251125060, -208.0869915179372356 ) ) ;
#1615 = STYLED_ITEM ( 'NONE', ( #2478 ), #1268 ) ;
#1616 = CARTESIAN_POINT ( 'NONE',  ( -1046.357517700229664, 1714.930858957793816, -227.2521775744599779 ) ) ;
#1617 = CARTESIAN_POINT ( 'NONE',  ( -712.6932618014570835, 2620.392814010187976, 184.5428414371547774 ) ) ;
#1618 = CARTESIAN_POINT ( 'NONE',  ( -1965.965324677316858, 1714.021205454007031, -646.4079688351498589 ) ) ;
#1619 = CARTESIAN_POINT ( 'NONE',  ( -2509.019565402115859, -2756.481210585814551, -987.4522348720047376 ) ) ;
#1620 = CARTESIAN_POINT ( 'NONE',  ( -1757.178487995386149, -1013.024594396643806, -547.5929193180228367 ) ) ;
#1621 = CARTESIAN_POINT ( 'NONE',  ( -2368.564348145066106, 1327.850612230492743, -910.4829443193390262 ) ) ;
#1622 = CARTESIAN_POINT ( 'NONE',  ( -5166.863692840223848, -1567.242389973788249, -3962.605492871435217 ) ) ;
#1623 = CARTESIAN_POINT ( 'NONE',  ( -366.9162650317808811, 2624.185957240220432, 58.30460820827434532 ) ) ;
#1624 = CARTESIAN_POINT ( 'NONE',  ( -53.13406763086317852, -2049.971971205639420, 55.44861932374934099 ) ) ;
#1625 = CARTESIAN_POINT ( 'NONE',  ( -3759.598645908067738, -2425.483651923693287, -2026.094736274951401 ) ) ;
#1626 = CARTESIAN_POINT ( 'NONE',  ( -75.28428675285032057, 3054.223830886925953, 195.2371526440030038 ) ) ;
#1627 = CARTESIAN_POINT ( 'NONE',  ( -5326.389019787228790, -2931.623879734888760, -4233.406145154625847 ) ) ;
#1628 = CARTESIAN_POINT ( 'NONE',  ( -895.5821152578455440, 76.76371518002960670, -140.8827266879736726 ) ) ;
#1629 = CARTESIAN_POINT ( 'NONE',  ( -1033.275374279184462, 623.9279803983047259, -218.3686403991498253 ) ) ;
#1630 = CARTESIAN_POINT ( 'NONE',  ( 974.2023224464420537, -2593.991801216691329, 1310.968902847790105 ) ) ;
#1631 = CARTESIAN_POINT ( 'NONE',  ( -1973.891969814946606, -467.7970207007490444, -643.8445017576912051 ) ) ;
#1632 = CARTESIAN_POINT ( 'NONE',  ( -2175.032565076460742, -2755.998298012108535, -776.5588244590350087 ) ) ;
#1633 = CARTESIAN_POINT ( 'NONE',  ( -1641.335920621850846, 1714.312101630672032, -496.8405921935894867 ) ) ;
#1634 = CARTESIAN_POINT ( 'NONE',  ( -2369.403421319052541, -652.9528763446069206, -904.5811214940271157 ) ) ;
#1635 = CARTESIAN_POINT ( 'NONE',  ( -4975.132038072380965, 615.5212083133924352, -3621.213498185122262 ) ) ;
#1636 = B_SPLINE_CURVE_WITH_KNOTS ( 'NONE', 3,
 ( #1539, #156, #132, #565 ),
 .UNSPECIFIED., .F., .F.,
 ( 4, 4 ),
 ( 0.000000000000000000, 1.000000000000000000 ),
 .UNSPECIFIED. ) ;
#1637 = CARTESIAN_POINT ( 'NONE',  ( -329.8094959646145412, 2623.114586983570007, 72.16060782053480693 ) ) ;
#1638 = CARTESIAN_POINT ( 'NONE',  ( -3547.316620284170767, -2424.929055059013081, -1790.309706344182359 ) ) ;
#1639 = CARTESIAN_POINT ( 'NONE',  ( -3338.158574991468413, -2424.693498748890761, -1628.137699504036391 ) ) ;
#1640 = DIRECTION ( 'NONE',  ( 0.0004223653889454225940, 0.9999954777643278447, -0.002977592714221887621 ) ) ;
#1641 = CARTESIAN_POINT ( 'NONE',  ( -5375.342588937190158, -1568.293467207942513, -4345.171835665792059 ) ) ;
#1642 = CARTESIAN_POINT ( 'NONE',  ( -883.4161621058834726, 3076.542585427087943, -136.7660738304907682 ) ) ;
#1643 = CARTESIAN_POINT ( 'NONE',  ( -477.9230232594757126, 66.98350709053677576, -15.80539107087659190 ) ) ;
#1644 = CARTESIAN_POINT ( 'NONE',  ( 1733.951058290331048, 2711.125777391553584, -2551.952111103851621 ) ) ;
#1645 = CARTESIAN_POINT ( 'NONE',  ( -1654.905180601501343, 623.4635079056603217, -477.8330774542052950 ) ) ;
#1646 = CARTESIAN_POINT ( 'NONE',  ( -1758.797674023777290, -1558.477964130288910, -546.6693064570993101 ) ) ;
#1647 = CARTESIAN_POINT ( 'NONE',  ( -4268.694259190809134, -2427.144717255353044, -2562.779613642046115 ) ) ;
#1648 = CARTESIAN_POINT ( 'NONE',  ( -5054.185574574355087, 69.69217210569064491, -3757.367735382587853 ) ) ;
#1649 = CARTESIAN_POINT ( 'NONE',  ( -667.1409769013629329, -1564.540983321340264, -89.29502477164267304 ) ) ;
#1650 = CARTESIAN_POINT ( 'NONE',  ( -2378.820953736425963, 2610.422641948712226, -897.4641315532246608 ) ) ;
#1651 = EDGE_LOOP ( 'NONE', ( #1405, #415, #1151, #548 ) ) ;
#1652 = CARTESIAN_POINT ( 'NONE',  ( 874.2266643989022441, 2394.830676862581640, 1727.052169071033632 ) ) ;
#1653 = ADVANCED_FACE ( 'NONE', ( #629 ), #944, .F. ) ;
#1654 = CARTESIAN_POINT ( 'NONE',  ( -5373.075161377724726, 2628.660295996055538, -4356.575577002046884 ) ) ;
#1655 = CARTESIAN_POINT ( 'NONE',  ( -893.6655306838522392, 622.1843038904221430, -140.3874407300261851 ) ) ;
#1656 = CARTESIAN_POINT ( 'NONE',  ( -4253.012321334293119, -1927.175461301440691, -2576.943380485705802 ) ) ;
#1657 = CARTESIAN_POINT ( 'NONE',  ( -1398.268459338051798, -2921.757114423461189, -343.1934471392563069 ) ) ;
#1658 = CARTESIAN_POINT ( 'NONE',  ( -1968.516773990079173, -2028.457394136972880, -658.7558717038680243 ) ) ;
#1659 = CARTESIAN_POINT ( 'NONE',  ( -1384.594199033005452, -1012.719994027742246, -364.8053408503109267 ) ) ;
#1660 = CARTESIAN_POINT ( 'NONE',  ( -2370.153215435442235, -2422.942602585281293, -899.3072978881025392 ) ) ;
#1661 = CARTESIAN_POINT ( 'NONE',  ( -3848.120843475091078, 1710.507261929554716, -2093.797797632375023 ) ) ;
#1662 = CARTESIAN_POINT ( 'NONE',  ( -4539.225307538842571, 3071.853813956445720, -2962.911610674142139 ) ) ;
#1663 = CARTESIAN_POINT ( 'NONE',  ( -2379.538974253921879, 910.4303297500246117, -892.4022236222613174 ) ) ;
#1664 = CARTESIAN_POINT ( 'NONE',  ( -5524.427636596499724, 1703.265136399217454, -4763.775845850094811 ) ) ;
#1665 = CARTESIAN_POINT ( 'NONE',  ( -727.9176009700152008, 2571.305490997609013, 172.0074598460350614 ) ) ;
#1666 = CARTESIAN_POINT ( 'NONE',  ( -5324.150559892674210, 1159.269719268285371, -4244.504521107212895 ) ) ;
#1667 = CARTESIAN_POINT ( 'NONE',  ( -827.3953689858196867, -2924.645576315015660, -119.7314577491744245 ) ) ;
#1668 = B_SPLINE_CURVE_WITH_KNOTS ( 'NONE', 3,
 ( #1795, #1995, #33, #1199, #648, #1416, #2021, #1982, #2379, #413, #1429, #609, #1582, #1638, #1824, #2225, #439, #1042, #2365, #2408, #1840, #223, #451, #1238, #426, #1810, #2215, #2033, #2202, #1212 ),
 .UNSPECIFIED., .F., .F.,
 ( 4, 2, 2, 2, 2, 2, 2, 2, 2, 2, 2, 2, 2, 2, 4 ),
 ( 0.000000000000000000, 0.3173957135370614191, 0.4760935703055926282, 0.5554424986898582883, 0.6347914270741238374, 0.7934892838426561568, 0.9521871406111878100, 1.269582854148251450, 1.428280710916783436, 1.507629639301050428, 1.547304103493183813, 1.586978567685317199, 1.904374281222382725, 2.221769994759448252, 2.539165708296513557 ),
 .UNSPECIFIED. ) ;
#1669 = CARTESIAN_POINT ( 'NONE',  ( 1764.785187805217447, -2277.918100281331135, -2887.385826849197201 ) ) ;
#1670 = CARTESIAN_POINT ( 'NONE',  ( -1559.401862783718570, -2921.951736881657325, -419.2894578997688768 ) ) ;
#1671 = CARTESIAN_POINT ( 'NONE',  ( -2091.687183738510612, 2183.476305449285974, -742.9647638775545602 ) ) ;
#1672 = CARTESIAN_POINT ( 'NONE',  ( -1364.739479458170308, -467.2132611880633704, -357.3722904584262210 ) ) ;
#1673 = CARTESIAN_POINT ( 'NONE',  ( -2467.937010507175273, 2576.482965434926882, -954.5133828335189037 ) ) ;
#1674 = CARTESIAN_POINT ( 'NONE',  ( -3156.363537863482634, -1560.586976868567262, -1442.268941036429396 ) ) ;
#1675 = CARTESIAN_POINT ( 'NONE',  ( -4541.161836356342974, 1708.218593397493805, -2960.731381700331895 ) ) ;
#1676 = CARTESIAN_POINT ( 'NONE',  ( -664.6463494004766517, 617.1346729149788644, -74.79186325718545447 ) ) ;
#1677 = CARTESIAN_POINT ( 'NONE',  ( -366.2192510171212234, 1700.083407157448619, 44.10580917129367862 ) ) ;
#1678 = CARTESIAN_POINT ( 'NONE',  ( -707.0600650999296022, -2429.420646775620298, 154.7281836657344058 ) ) ;
#1679 = CARTESIAN_POINT ( 'NONE',  ( -5526.008306922506563, -2039.142181901567938, -4752.632430810914229 ) ) ;
#1680 = CARTESIAN_POINT ( 'NONE',  ( -1400.783988279785262, 2579.200692757720844, -296.0009846306696772 ) ) ;
#1681 = CARTESIAN_POINT ( 'NONE',  ( -5221.110611602942299, -2037.097151609676985, -4022.579835502953301 ) ) ;
#1682 = CARTESIAN_POINT ( 'NONE',  ( -1035.627541184998563, 1714.852944657016451, -201.0039405782689528 ) ) ;
#1683 = CARTESIAN_POINT ( 'NONE',  ( -2380.946857621562231, -2422.887929463085129, -882.4769139537064575 ) ) ;
#1684 = CARTESIAN_POINT ( 'NONE',  ( -1482.777540925602580, -1012.861026857843285, -388.3623790854363165 ) ) ;
#1685 = CARTESIAN_POINT ( 'NONE',  ( -1541.760817656859217, 77.98121306993289181, -442.0922345002725820 ) ) ;
#1686 = CARTESIAN_POINT ( 'NONE',  ( -4266.582408199776182, 2572.904309982637642, -2577.667791016115189 ) ) ;
#1687 = CARTESIAN_POINT ( 'NONE',  ( -3627.798795171936945, -470.7349286862569784, -1865.786547250741705 ) ) ;
#1688 = CARTESIAN_POINT ( 'NONE',  ( -4445.440523514155757, 2632.799654021960123, -2834.829484631618016 ) ) ;
#1689 = CARTESIAN_POINT ( 'NONE',  ( -712.7673653176225343, -2429.272332156251196, 151.6985627694724883 ) ) ;
#1690 = CARTESIAN_POINT ( 'NONE',  ( -5464.430768511459064, 2900.641941662275258, -4620.359966771932704 ) ) ;
#1691 = CARTESIAN_POINT ( 'NONE',  ( -440.6790110987789149, 1156.767848481431884, 10.37282924954691055 ) ) ;
#1692 =( LENGTH_UNIT ( ) NAMED_UNIT ( * ) SI_UNIT ( .MILLI., .METRE. ) );
#1693 = CARTESIAN_POINT ( 'NONE',  ( -4991.928538973849754, 1161.011780080824110, -3612.325373187184141 ) ) ;
#1694 = CARTESIAN_POINT ( 'NONE',  ( -594.8838067280012183, 2175.712169605670624, -14.68936318511858907 ) ) ;
#1695 = CARTESIAN_POINT ( 'NONE',  ( -4251.393238962436044, 1906.200616649959102, -2588.357656322584262 ) ) ;
#1696 = CARTESIAN_POINT ( 'NONE',  ( -1663.615060851588623, -2028.042242052646088, -473.8090107998465896 ) ) ;
#1697 = CARTESIAN_POINT ( 'NONE',  ( -1965.780448955040583, -1013.307207213069773, -660.4769386542749317 ) ) ;
#1698 = CARTESIAN_POINT ( 'NONE',  ( -1479.408698882992667, -2922.005993894529638, -403.2979317075808581 ) ) ;
#1699 = CARTESIAN_POINT ( 'NONE',  ( -3881.867389459627248, 2573.855673950874461, -2141.102544930521162 ) ) ;
#1700 = CARTESIAN_POINT ( 'NONE',  ( -3623.248971190095290, 1711.082328975889141, -1868.765063459403564 ) ) ;
#1701 = CARTESIAN_POINT ( 'NONE',  ( -4726.255370390550524, -2489.439292464409391, -3211.733875873559555 ) ) ;
#1702 = CARTESIAN_POINT ( 'NONE',  ( -727.8509179379178704, 2587.586693197411478, 171.9663253616946292 ) ) ;
#1703 = CARTESIAN_POINT ( 'NONE',  ( -5421.251997910734644, -2932.360554810707526, -4494.267405307696208 ) ) ;
#1704 = CARTESIAN_POINT ( 'NONE',  ( -440.8511319550579515, 2898.969569663369384, 33.58372741457036170 ) ) ;
#1705 = DIRECTION ( 'NONE',  ( 1.000000000000000000, 0.000000000000000000, 0.000000000000000000 ) ) ;
#1706 = CARTESIAN_POINT ( 'NONE',  ( -4827.820848620097422, -474.6119505506861174, -3338.071673312043004 ) ) ;
#1707 = CARTESIAN_POINT ( 'NONE',  ( -446.8229949434386299, 2171.622886842398202, 42.70584882040940045 ) ) ;
#1708 = UNCERTAINTY_MEASURE_WITH_UNIT (LENGTH_MEASURE( 1.000000000000000082E-05 ), #916, 'distance_accuracy_value', 'NONE');
#1709 = CARTESIAN_POINT ( 'NONE',  ( -1156.065032014919780, 2582.683805980239413, -274.3661944679477074 ) ) ;
#1710 = CARTESIAN_POINT ( 'NONE',  ( -1320.580468668710409, 3078.457298423120392, -327.1593526735368869 ) ) ;
#1711 = CARTESIAN_POINT ( 'NONE',  ( -1332.471081350697432, -1558.006802679512248, -339.1059057323880666 ) ) ;
#1712 = CARTESIAN_POINT ( 'NONE',  ( -605.4223859231883580, -2426.009105740218274, 88.93639419868529217 ) ) ;
#1713 = CARTESIAN_POINT ( 'NONE',  ( -2373.331552925409596, 2183.170566634074021, -890.7198092835492389 ) ) ;
#1714 = CARTESIAN_POINT ( 'NONE',  ( -4809.932510047702635, 616.2554479021458747, -3351.193078935262747 ) ) ;
#1715 = CARTESIAN_POINT ( 'NONE',  ( -3454.187167939652682, 2575.122999089955101, -1748.180309554034238 ) ) ;
#1716 = CARTESIAN_POINT ( 'NONE',  ( -5418.317774753219055, 3067.614951341055075, -4511.189745607261102 ) ) ;
#1717 = CARTESIAN_POINT ( 'NONE',  ( -5181.511350633410984, 2902.475759209737134, -3964.358685946236619 ) ) ;
#1718 = CARTESIAN_POINT ( 'NONE',  ( -483.7659418528761535, 2627.157227909787707, 34.16661261446618170 ) ) ;
#1719 = CARTESIAN_POINT ( 'NONE',  ( -5543.057993619358058, 1703.294663918989727, -4756.501993684549234 ) ) ;
#1720 = CARTESIAN_POINT ( 'NONE',  ( -1359.304528359483811, 2638.930243576348857, -342.8055215948520527 ) ) ;
#1721 = CARTESIAN_POINT ( 'NONE',  ( -1208.006926339687652, 2184.851572748993476, -297.3707563572328922 ) ) ;
#1722 =( LENGTH_UNIT ( ) NAMED_UNIT ( * ) SI_UNIT ( .MILLI., .METRE. ) );
#1723 = CARTESIAN_POINT ( 'NONE',  ( -2377.050734049070343, 1168.018782096805580, -889.7994515856046291 ) ) ;
#1724 = CARTESIAN_POINT ( 'NONE',  ( -4155.151783966416588, -2487.428571588755858, -2455.443040684576317 ) ) ;
#1725 = CARTESIAN_POINT ( 'NONE',  ( -588.4530305230870226, 2175.751160194822660, -33.70876569364685338 ) ) ;
#1726 = CARTESIAN_POINT ( 'NONE',  ( -2717.435624827773154, 2576.345046974096022, -1150.573056239370089 ) ) ;
#1727 = CARTESIAN_POINT ( 'NONE',  ( -5371.929238001834165, 1158.835772374468661, -4397.018661874469217 ) ) ;
#1728 = CARTESIAN_POINT ( 'NONE',  ( -667.6888057430674053, -2761.454073745391270, -96.78550700550951547 ) ) ;
#1729 = FILL_AREA_STYLE_COLOUR ( '', #874 ) ;
#1730 = CARTESIAN_POINT ( 'NONE',  ( -980.5250376916199002, 77.94182053444026792, -195.6578137107979956 ) ) ;
#1731 = CARTESIAN_POINT ( 'NONE',  ( -5181.382942327372803, 3069.141980064165637, -3964.743319089394390 ) ) ;
#1732 = CARTESIAN_POINT ( 'NONE',  ( -670.3733444819066563, 1162.564497519740371, -51.96978136245140689 ) ) ;
#1733 = CARTESIAN_POINT ( 'NONE',  ( -5513.510251572693051, 1158.049070914995582, -4681.307651826691654 ) ) ;
#1734 = CARTESIAN_POINT ( 'NONE',  ( -1271.928442671796120, -2754.639761133867978, -285.4357347718843130 ) ) ;
#1735 = CARTESIAN_POINT ( 'NONE',  ( -1317.087902227904806, 2184.448699326959286, -344.5081793145376992 ) ) ;
#1736 = CARTESIAN_POINT ( 'NONE',  ( -4381.317527535322370, -2427.392771210738374, -2514.094688170035170 ) ) ;
#1737 = CARTESIAN_POINT ( 'NONE',  ( -2386.166351081706125, -2028.948010170252928, -885.2449708128641532 ) ) ;
#1738 = CARTESIAN_POINT ( 'NONE',  ( -3830.633004213048480, 3074.096764281180640, -2109.126120412895489 ) ) ;
#1739 = CARTESIAN_POINT ( 'NONE',  ( -2368.299384794788239, 1953.448663311723976, -912.3468695333824598 ) ) ;
#1740 = CARTESIAN_POINT ( 'NONE',  ( -5357.592980115198770, -2492.564464685370694, -4350.846434506268452 ) ) ;
#1741 = SURFACE_STYLE_USAGE ( .BOTH. , #1134 ) ;
#1742 = STYLED_ITEM ( 'NONE', ( #545 ), #329 ) ;
#1743 = CARTESIAN_POINT ( 'NONE',  ( -994.2269434791752474, 1169.012535910695078, -203.8002707750718514 ) ) ;
#1744 = CARTESIAN_POINT ( 'NONE',  ( -4824.329661452216897, 2904.169434184992951, -3344.888972737629047 ) ) ;
#1745 = EDGE_LOOP ( 'NONE', ( #35, #377 ) ) ;
#1746 = CARTESIAN_POINT ( 'NONE',  ( -672.7842547519826439, -473.6781897763112283, -62.96940705323979159 ) ) ;
#1747 = CARTESIAN_POINT ( 'NONE',  ( -2840.101759246721940, 2575.580559756790535, -1741.422044209409705 ) ) ;
#1748 = CARTESIAN_POINT ( 'NONE',  ( -1307.143812655095417, 2184.577262752004572, -318.3042468074825138 ) ) ;
#1749 = CARTESIAN_POINT ( 'NONE',  ( -1242.001915963765441, 2639.273404389637562, -313.4882223851553817 ) ) ;
#1750 = CARTESIAN_POINT ( 'NONE',  ( -2184.747765135307873, -2483.216255851226379, -759.9415447308655303 ) ) ;
#1751 = CARTESIAN_POINT ( 'NONE',  ( -3841.050057596931765, -2759.231688122704327, -2100.105137198958801 ) ) ;
#1752 = CARTESIAN_POINT ( 'NONE',  ( -2368.388597828461116, 1743.013296393539576, -911.7199529557237838 ) ) ;
#1753 = CARTESIAN_POINT ( 'NONE',  ( -5405.313914428895259, -2038.323349596837716, -4460.515333586997258 ) ) ;
#1754 = CARTESIAN_POINT ( 'NONE',  ( -360.5631673700220290, -2769.014750294451460, -23.08555759399687801 ) ) ;
#1755 = CARTESIAN_POINT ( 'NONE',  ( -805.0759222753418953, 2908.289574005822942, -122.4813105063404208 ) ) ;
#1756 = CARTESIAN_POINT ( 'NONE',  ( -4272.208434521332492, -2760.429254983896953, -2563.455353761359675 ) ) ;
#1757 = CARTESIAN_POINT ( 'NONE',  ( -214.3387732958014453, -1576.581349887299893, 51.11460918331101055 ) ) ;
#1758 = CARTESIAN_POINT ( 'NONE',  ( -5484.979807312764024, -1569.005501318045162, -4599.853363031755180 ) ) ;
#1759 = CARTESIAN_POINT ( 'NONE',  ( -1344.379731026182753, -2921.589780293724289, -318.1289149426264657 ) ) ;
#1760 = CARTESIAN_POINT ( 'NONE',  ( -1210.476889104452539, 1715.152520962654080, -296.6676229462390211 ) ) ;
#1761 = B_SPLINE_CURVE_WITH_KNOTS ( 'NONE', 3,
 ( #521, #262, #1054, #1853, #859, #1132, #938, #2312, #2149, #1923, #925, #1147, #1715, #1118, #1935, #2324, #2516, #1516, #753, #2300, #147, #531, #1766, #1544, #568, #1323, #1726, #739, #2528, #2504 ),
 .UNSPECIFIED., .F., .F.,
 ( 4, 2, 2, 2, 2, 2, 2, 2, 2, 2, 2, 2, 2, 2, 4 ),
 ( 0.000000000000000000, 0.3166184029031955394, 0.4749276043547941417, 0.5540822050805934706, 0.6332368058063927441, 0.9498552087095882834, 1.266473611612783712, 1.424782813064381148, 1.503937413790179756, 1.543514714153078282, 1.583092014515977253, 1.741401215967572691, 1.899710417419168129, 2.216328820322359228, 2.532947223225550104 ),
 .UNSPECIFIED. ) ;
#1762 = CARTESIAN_POINT ( 'NONE',  ( -2375.636637926052117, -2422.922508211905551, -902.7953625878824369 ) ) ;
#1763 = CARTESIAN_POINT ( 'NONE',  ( -2097.961726638266555, 3077.471835774145802, -726.3303898734756103 ) ) ;
#1764 = CARTESIAN_POINT ( 'NONE',  ( -4150.102246647055836, 1164.080864386373605, -2462.192039456499970 ) ) ;
#1765 = ADVANCED_FACE ( 'NONE', ( #279 ), #1026, .F. ) ;
#1766 = CARTESIAN_POINT ( 'NONE',  ( -3053.052364718762419, 2576.116367590972459, -1405.710491665021664 ) ) ;
#1767 = CARTESIAN_POINT ( 'NONE',  ( -5306.062003960352740, 1159.236662788995091, -4253.040393288130872 ) ) ;
#1768 = CARTESIAN_POINT ( 'NONE',  ( -361.0332021005408478, -2496.320242220647287, -19.04252879502459095 ) ) ;
#1769 = CARTESIAN_POINT ( 'NONE',  ( -553.1257875111282374, 68.93057857706295977, -40.28608123258798202 ) ) ;
#1770 = CARTESIAN_POINT ( 'NONE',  ( -818.2246515082061933, -1561.099466826566868, -135.9053840358417347 ) ) ;
#1771 = CARTESIAN_POINT ( 'NONE',  ( -4166.212543944800018, 618.6718357152576573, -2448.362472097027421 ) ) ;
#1772 = CARTESIAN_POINT ( 'NONE',  ( -218.1690464015308351, 59.45567799903660955, 82.57448825717911234 ) ) ;
#1773 = CARTESIAN_POINT ( 'NONE',  ( -5423.419346674246299, -1568.596768883939603, -4453.852335492506427 ) ) ;
#1774 = CARTESIAN_POINT ( 'NONE',  ( -1120.904434342244258, -1011.954137209971805, -226.8037771119697084 ) ) ;
#1775 = CARTESIAN_POINT ( 'NONE',  ( -1149.748028658469138, -1012.001315719499189, -260.4774235019803541 ) ) ;
#1776 = CARTESIAN_POINT ( 'NONE',  ( -1276.438758472427935, -2414.248544826718444, -189.0407495666621003 ) ) ;
#1777 = CARTESIAN_POINT ( 'NONE',  ( -1963.983181763981293, 2183.718578310949852, -646.8078832720482296 ) ) ;
#1778 = CARTESIAN_POINT ( 'NONE',  ( -2362.513245305708551, 2183.115877660875867, -907.5462153675858872 ) ) ;
#1779 = CARTESIAN_POINT ( 'NONE',  ( -2369.622994132451822, -1171.325015137026185, -903.0365852931450945 ) ) ;
#1780 = CARTESIAN_POINT ( 'NONE',  ( -5356.569662453800447, -477.4210022539963916, -4356.466229300645864 ) ) ;
#1781 = CARTESIAN_POINT ( 'NONE',  ( -4251.111647962389725, 2572.858475375738635, -2590.342705831450530 ) ) ;
#1782 = CARTESIAN_POINT ( 'NONE',  ( -971.1704890143113289, 2183.892300613270891, -196.3612350048082078 ) ) ;
#1783 = CARTESIAN_POINT ( 'NONE',  ( -4737.694141184097134, 2631.802087194129854, -3211.308147491492036 ) ) ;
#1784 = CARTESIAN_POINT ( 'NONE',  ( -211.3555744446771882, -2773.317887623624301, 28.17303590339209762 ) ) ;
#1785 = CARTESIAN_POINT ( 'NONE',  ( -5438.725721106486162, -1023.246382314144626, -4491.832671276652945 ) ) ;
#1786 = CARTESIAN_POINT ( 'NONE',  ( -1071.222228134512989, -2754.590513136340178, -200.9540002421121301 ) ) ;
#1787 = CARTESIAN_POINT ( 'NONE',  ( -1053.956788394851628, 78.61940917178071686, -225.0672591576580430 ) ) ;
#1788 = CARTESIAN_POINT ( 'NONE',  ( -1821.494040250837770, -2424.953646661860148, -550.9950203215853435 ) ) ;
#1789 = CARTESIAN_POINT ( 'NONE',  ( -1771.066919122160243, -2755.387746404830978, -526.6332428153103820 ) ) ;
#1790 = CARTESIAN_POINT ( 'NONE',  ( -2375.389450519250204, -2029.002759591248832, -902.0972850528748950 ) ) ;
#1791 = CARTESIAN_POINT ( 'NONE',  ( -1761.828625717037994, -2755.444576116726694, -544.3689217543160339 ) ) ;
#1792 = CARTESIAN_POINT ( 'NONE',  ( -2369.887239903934187, -1795.094585484666595, -901.1780192340534086 ) ) ;
#1793 = CARTESIAN_POINT ( 'NONE',  ( -5203.783786381861319, -2931.067701300143199, -4029.227741075762879 ) ) ;
#1794 = B_SPLINE_CURVE_WITH_KNOTS ( 'NONE', 3,
 ( #1686, #448, #685, #857, #897, #1284, #645, #1699, #2070, #1247, #1439, #883, #1862, #118, #1476, #1063, #2439, #1900, #106, #95, #1465, #270, #868, #658, #910, #2260, #283, #673, #1673, #295 ),
 .UNSPECIFIED., .F., .F.,
 ( 4, 2, 2, 2, 2, 2, 2, 2, 2, 2, 2, 2, 2, 2, 4 ),
 ( 0.000000000000000000, 0.3174055457992699947, 0.4761083186989046312, 0.5554597051487218939, 0.6348110915985393232, 0.9522166373978058207, 1.269622183197072207, 1.428324956096705067, 1.507676342546521386, 1.547352035771429213, 1.587027728996337261, 1.745730501895971454, 1.904433274795605646, 2.221838820594873365, 2.539244366394140862 ),
 .UNSPECIFIED. ) ;
#1795 = CARTESIAN_POINT ( 'NONE',  ( -4268.694259190809134, -2427.144717255353044, -2562.779613642046115 ) ) ;
#1796 = CARTESIAN_POINT ( 'NONE',  ( -4737.350900111287046, 2904.529051286941467, -3211.777317273898007 ) ) ;
#1797 = FACE_OUTER_BOUND ( 'NONE', #2394, .T. ) ;
#1798 = CARTESIAN_POINT ( 'NONE',  ( -215.6455433955181888, -1031.234676863957702, 61.58768439097360670 ) ) ;
#1799 = CARTESIAN_POINT ( 'NONE',  ( -5423.986060561519480, -2765.561450113443698, -4450.430330753859380 ) ) ;
#1800 = CARTESIAN_POINT ( 'NONE',  ( -1150.687138019877466, 624.4095408775900751, -245.3988842984197163 ) ) ;
#1801 = CARTESIAN_POINT ( 'NONE',  ( -1063.001977066224754, -2481.926643330652496, -220.1220807085251465 ) ) ;
#1802 = CARTESIAN_POINT ( 'NONE',  ( -667.7254167270299376, -2928.113857453518449, -97.81054142849743016 ) ) ;
#1803 = CARTESIAN_POINT ( 'NONE',  ( -139.4970643687910581, 1148.274771547826731, 107.7207084149750500 ) ) ;
#1804 = CARTESIAN_POINT ( 'NONE',  ( -712.4687262290120771, 2587.136188441809281, 184.0949303341398036 ) ) ;
#1805 = CARTESIAN_POINT ( 'NONE',  ( -1768.043367731326043, -1558.421142892889975, -528.9361967919721792 ) ) ;
#1806 = CARTESIAN_POINT ( 'NONE',  ( -2885.186932302503465, 2182.264644075585693, -1266.063127210186849 ) ) ;
#1807 = CARTESIAN_POINT ( 'NONE',  ( -1782.071526506739701, 1714.205596931650234, -569.5410934445907287 ) ) ;
#1808 = CARTESIAN_POINT ( 'NONE',  ( -2370.001399444069648, -2064.574594344442175, -900.3750829259439570 ) ) ;
#1809 = CARTESIAN_POINT ( 'NONE',  ( -5165.062315673472767, 1160.021452916872249, -3969.475765213750947 ) ) ;
#1810 = CARTESIAN_POINT ( 'NONE',  ( -2816.627041344989721, -2423.904186617906817, -1181.602447358955715 ) ) ;
#1811 = CARTESIAN_POINT ( 'NONE',  ( -2903.465670570511975, 76.25635804448361910, -1247.877630733734577 ) ) ;
#1812 = ORIENTED_EDGE ( 'NONE', *, *, #1898, .F. ) ;
#1813 = CARTESIAN_POINT ( 'NONE',  ( -133.0805187459709771, -2942.014628309998898, 39.42365555009812539 ) ) ;
#1814 = CARTESIAN_POINT ( 'NONE',  ( -5421.068387098232051, 3067.748450995930398, -4466.745356491267557 ) ) ;
#1815 = CARTESIAN_POINT ( 'NONE',  ( -1148.102650395993351, 1169.859443213059194, -246.3728759279031522 ) ) ;
#1816 = CARTESIAN_POINT ( 'NONE',  ( -1044.550158714487452, -2482.043481360582064, -213.1071102114802898 ) ) ;
#1817 = ADVANCED_FACE ( 'NONE', ( #92 ), #2117, .T. ) ;
#1818 = CARTESIAN_POINT ( 'NONE',  ( -706.2953721526985191, -766.1942514749699740, 148.4637241434348596 ) ) ;
#1819 = CARTESIAN_POINT ( 'NONE',  ( -1771.442662755188167, -2922.053937795814818, -526.2888604716655436 ) ) ;
#1820 = CARTESIAN_POINT ( 'NONE',  ( -3138.807425908911227, 621.1779420445784581, -1460.980340527122280 ) ) ;
#1821 = CARTESIAN_POINT ( 'NONE',  ( -1755.420494893055775, -467.5710939913329867, -548.4438873619253627 ) ) ;
#1822 = CARTESIAN_POINT ( 'NONE',  ( -2368.564604746451550, 1327.244778155792346, -910.4811392645203796 ) ) ;
#1823 = CARTESIAN_POINT ( 'NONE',  ( -5166.525080096501370, -1021.789736327822766, -3964.021218988722467 ) ) ;
#1824 = CARTESIAN_POINT ( 'NONE',  ( -3469.789952011702098, -2424.807038361022023, -1718.525342989951923 ) ) ;
#1825 = CARTESIAN_POINT ( 'NONE',  ( -3851.291758750276131, -2425.763749505214946, -2120.859003329193911 ) ) ;
#1826 = CARTESIAN_POINT ( 'NONE',  ( -73.81573609198461838, 2614.954335946476476, 184.8841588301084187 ) ) ;
#1827 = CARTESIAN_POINT ( 'NONE',  ( -5375.935841598178740, -2765.258291221150103, -4341.801547911689340 ) ) ;
#1828 = CARTESIAN_POINT ( 'NONE',  ( -1213.507984624866140, 2639.458585838629915, -279.6445476031450994 ) ) ;
#1829 = CLOSED_SHELL ( 'NONE', ( #1653, #1817, #1765, #702, #1540, #2075, #1998, #1385, #273, #2154 ) ) ;
#1830 = CARTESIAN_POINT ( 'NONE',  ( -1041.742804245697698, -1557.822903861468603, -214.9577145716997961 ) ) ;
#1831 = B_SPLINE_CURVE_WITH_KNOTS ( 'NONE', 3,
 ( #79, #1656, #693, #1291, #52, #2522, #732, #1345, #1695, #709 ),
 .UNSPECIFIED., .F., .F.,
 ( 4, 3, 3, 4 ),
 ( 0.000000000000000000, 1.500042999804074961, 3.000085999608149923, 5.000068620243384387 ),
 .UNSPECIFIED. ) ;
#1832 = CARTESIAN_POINT ( 'NONE',  ( -144.2338707686236603, 2890.267484873852936, 145.2556263384287831 ) ) ;
#1833 = CARTESIAN_POINT ( 'NONE',  ( 3381.271081831783704, -2324.362869266772577, -1363.427894593912697 ) ) ;
#1834 = CARTESIAN_POINT ( 'NONE',  ( -1701.102370828087714, -2921.994252940895876, -489.9307806290562439 ) ) ;
#1835 = CARTESIAN_POINT ( 'NONE',  ( -3144.526132564872114, -2030.334607855822014, -1456.890518861719784 ) ) ;
#1836 = CARTESIAN_POINT ( 'NONE',  ( -1656.805509338262709, -2922.035167275649655, -489.9313721148529908 ) ) ;
#1837 = CARTESIAN_POINT ( 'NONE',  ( -2368.562289156266161, 1332.711973534821482, -910.4974285489954582 ) ) ;
#1838 = CARTESIAN_POINT ( 'NONE',  ( -5056.124259691283441, -2763.632018196883564, -3750.268995116025053 ) ) ;
#1839 = CARTESIAN_POINT ( 'NONE',  ( -322.4644788526184698, -2497.313807851129241, -10.59729880988443007 ) ) ;
#1840 = CARTESIAN_POINT ( 'NONE',  ( -3190.477259343762398, -2424.433574562673584, -1475.697230554530506 ) ) ;
#1841 = CARTESIAN_POINT ( 'NONE',  ( -3869.470011466330561, -2425.823459009560793, -2139.981278291593298 ) ) ;
#1842 = CARTESIAN_POINT ( 'NONE',  ( -67.08066670289608169, 600.3735474848564309, 137.4032420462966115 ) ) ;
#1843 = CARTESIAN_POINT ( 'NONE',  ( -5291.367677754386932, -1567.794691758974977, -4165.751295946059145 ) ) ;
#1844 = CARTESIAN_POINT ( 'NONE',  ( -889.4326884990706503, 1713.017229723463061, -139.0755712343240589 ) ) ;
#1845 = CARTESIAN_POINT ( 'NONE',  ( 1780.479225611300762, -2278.369020368568727, -2872.590118769048786 ) ) ;
#1846 = CARTESIAN_POINT ( 'NONE',  ( -1658.896819522477472, -467.4418397316740652, -476.3872720898596071 ) ) ;
#1847 = CARTESIAN_POINT ( 'NONE',  ( -1901.156543441000622, -2755.621329248795064, -618.8911998249794806 ) ) ;
#1848 = CARTESIAN_POINT ( 'NONE',  ( -1634.840337255040367, 3077.944228261309945, -497.8672524675289992 ) ) ;
#1849 = CARTESIAN_POINT ( 'NONE',  ( -4268.271893992794503, -1427.120733281827142, -2565.757296093352124 ) ) ;
#1850 = CARTESIAN_POINT ( 'NONE',  ( -5270.829291235171695, 2629.126842182522978, -4185.387223276681652 ) ) ;
#1851 = CARTESIAN_POINT ( 'NONE',  ( -365.7363344279655166, 1154.708752003378777, 35.78380453032859521 ) ) ;
#1852 = CARTESIAN_POINT ( 'NONE',  ( -207.7223026757805542, -2045.861963050127088, 22.71691298538281245 ) ) ;
#1853 = CARTESIAN_POINT ( 'NONE',  ( -4010.644768940023823, 2573.447073666196502, -2309.924281612682080 ) ) ;
#1854 = EDGE_LOOP ( 'NONE', ( #598, #1417, #468, #1015 ) ) ;
#1855 = CARTESIAN_POINT ( 'NONE',  ( -2092.996106820870409, 2577.186182691297290, -735.5065262863682847 ) ) ;
#1856 = CARTESIAN_POINT ( 'NONE',  ( -5372.917518846654275, 2901.386596651422224, -4357.293882553048206 ) ) ;
#1857 = CARTESIAN_POINT ( 'NONE',  ( -993.6010183439275352, -1558.301029620783083, -175.4765755902035664 ) ) ;
#1858 = CARTESIAN_POINT ( 'NONE',  ( 1766.384981016803295, 2710.230272634710673, -2522.357257864676740 ) ) ;
#1859 = CARTESIAN_POINT ( 'NONE',  ( -1552.447803921564400, -467.4147114724990502, -423.3893687240432655 ) ) ;
#1860 = CARTESIAN_POINT ( 'NONE',  ( -1970.183505551614189, -2755.728756231377702, -657.3587902818389921 ) ) ;
#1861 = CARTESIAN_POINT ( 'NONE',  ( -1456.968327567235974, 3077.992808247588073, -410.3221047186543160 ) ) ;
#1862 = CARTESIAN_POINT ( 'NONE',  ( -3467.680127599038769, 2575.170789381898885, -1733.415269343773389 ) ) ;
#1863 = CARTESIAN_POINT ( 'NONE',  ( -4163.552644416416115, 2179.276992693327884, -2450.658823287986706 ) ) ;
#1864 = CARTESIAN_POINT ( 'NONE',  ( -4544.982555095356474, -1564.502891265060498, -2954.359004579555403 ) ) ;
#1865 = CARTESIAN_POINT ( 'NONE',  ( -661.8044859091186254, 2177.608907941251800, -63.61278126925420651 ) ) ;
#1866 = CARTESIAN_POINT ( 'NONE',  ( -718.4746655353154665, -2429.124017536882093, 148.6689418732105992 ) ) ;
#1867 = CARTESIAN_POINT ( 'NONE',  ( -5418.777231051513809, 2173.679059760672317, -4508.721010082509565 ) ) ;
#1868 = CARTESIAN_POINT ( 'NONE',  ( -56.69956845145085822, -2504.807371085220439, 64.21853766894433591 ) ) ;
#1869 = CARTESIAN_POINT ( 'NONE',  ( -5220.837863217334416, -1567.401900900732471, -4023.831807012385070 ) ) ;
#1870 = CARTESIAN_POINT ( 'NONE',  ( -1043.104905397800621, 78.55059041265528208, -199.0972959114222647 ) ) ;
#1871 = CARTESIAN_POINT ( 'NONE',  ( 1807.639471408028385, -2815.253056010303226, -2868.834958902580638 ) ) ;
#1872 = CARTESIAN_POINT ( 'NONE',  ( -1548.402806821373360, 623.4910197158686742, -424.7398897714978716 ) ) ;
#1873 = CARTESIAN_POINT ( 'NONE',  ( -2102.874342875516504, -1013.491930453432474, -739.2701175322038125 ) ) ;
#1874 = CARTESIAN_POINT ( 'NONE',  ( -1468.315958370084445, 623.4449833190558365, -408.4587852253737879 ) ) ;
#1875 = CARTESIAN_POINT ( 'NONE',  ( -1688.643020404977051, 2578.979629350952564, -455.2858827422515446 ) ) ;
#1876 = CARTESIAN_POINT ( 'NONE',  ( -3626.761118063362119, 74.71914093114496325, -1866.627544598860823 ) ) ;
#1877 = CARTESIAN_POINT ( 'NONE',  ( -4812.830434717525350, -2762.523415894394475, -3343.444993428985072 ) ) ;
#1878 = CARTESIAN_POINT ( 'NONE',  ( -722.3184490101276651, 2620.699904045043240, 175.5615122416464828 ) ) ;
#1879 = CARTESIAN_POINT ( 'NONE',  ( -5494.711159007228161, 1703.471194716792752, -4690.357947734521986 ) ) ;
#1880 = CARTESIAN_POINT ( 'NONE',  ( -717.0421071020391537, -765.7863937767020843, 141.4658647991456348 ) ) ;
#1881 = CARTESIAN_POINT ( 'NONE',  ( -127.7974863265513505, -2941.641813761320464, 19.92870231759517807 ) ) ;
#1882 = CARTESIAN_POINT ( 'NONE',  ( -5289.129108510751394, 2174.616393716646598, -4175.536220353036697 ) ) ;
#1883 = CARTESIAN_POINT ( 'NONE',  ( -901.6375474127770531, -2029.192069203838855, -141.8847232653341166 ) ) ;
#1884 = CARTESIAN_POINT ( 'NONE',  ( 1774.078623718057770, -620.1052190916864220, -2742.069521351537787 ) ) ;
#1885 = CARTESIAN_POINT ( 'NONE',  ( -1485.757047523603887, -2028.011274701621232, -386.7872344209519042 ) ) ;
#1886 = CARTESIAN_POINT ( 'NONE',  ( -1970.540287310955591, -2922.395074624556855, -657.0245312277916128 ) ) ;
#1887 = CARTESIAN_POINT ( 'NONE',  ( -1326.653859502890100, 78.36730432445796168, -341.8244764767213724 ) ) ;
#1888 = CARTESIAN_POINT ( 'NONE',  ( -2241.134184667366753, 2576.816181972763843, -808.4202030610546217 ) ) ;
#1889 = CARTESIAN_POINT ( 'NONE',  ( -4162.181824254740604, 2906.549700266393302, -2451.575539873320395 ) ) ;
#1890 = CARTESIAN_POINT ( 'NONE',  ( -4449.026289173179066, 72.19633982836903385, -2830.526827328386389 ) ) ;
#1891 = CARTESIAN_POINT ( 'NONE',  ( -2378.813914319587639, 2627.089233244777915, -897.5137581015674186 ) ) ;
#1892 = CARTESIAN_POINT ( 'NONE',  ( -5466.497065321726950, -1569.036052421628938, -4607.491914725846073 ) ) ;
#1893 = CARTESIAN_POINT ( 'NONE',  ( -5182.409696591289503, 1705.509390338989988, -3961.550500604185345 ) ) ;
#1894 = CARTESIAN_POINT ( 'NONE',  ( -443.4933155016307182, -2933.882499125896629, -22.87501002535932670 ) ) ;
#1895 = CARTESIAN_POINT ( 'NONE',  ( -5514.232514042777439, -478.3073812118335582, -4676.512110843585106 ) ) ;
#1896 = CARTESIAN_POINT ( 'NONE',  ( -1466.424542181831384, 2911.382615001229624, -392.1911798249303729 ) ) ;
#1897 = CARTESIAN_POINT ( 'NONE',  ( -2107.472271205256675, -2922.579246214775594, -735.8457174459711041 ) ) ;
#1898 = EDGE_CURVE ( 'NONE', #560, #781, #66, .T. ) ;
#1899 = CARTESIAN_POINT ( 'NONE',  ( -1336.205641735900826, -2921.647932040837532, -336.3774256202826791 ) ) ;
#1900 = CARTESIAN_POINT ( 'NONE',  ( -3198.518489551681796, 2575.909013985008642, -1499.058674491755710 ) ) ;
#1901 = CARTESIAN_POINT ( 'NONE',  ( -2907.286375848599164, -1560.105680202425901, -1245.392439113510363 ) ) ;
#1902 = CARTESIAN_POINT ( 'NONE',  ( -4452.213542952965327, -2927.796873635042630, -2824.143473582261777 ) ) ;
#1903 = CARTESIAN_POINT ( 'NONE',  ( -711.5339156689176434, 2620.392999026222242, 182.8822370113364002 ) ) ;
#1904 = CARTESIAN_POINT ( 'NONE',  ( -5494.176423291319225, 2900.435681025876875, -4693.849950416471984 ) ) ;
#1905 = CARTESIAN_POINT ( 'NONE',  ( -5071.646316121345990, 69.72861150760220994, -3747.606687446454089 ) ) ;
#1906 = CARTESIAN_POINT ( 'NONE',  ( -446.2255878097260506, 65.81608081661636334, 15.19382214493225547 ) ) ;
#1907 = CARTESIAN_POINT ( 'NONE',  ( -5513.992550349416888, 67.14476401591424803, -4678.112577433145816 ) ) ;
#1908 = CARTESIAN_POINT ( 'NONE',  ( -1343.968973170051868, -2754.922693398878437, -318.4817841668332221 ) ) ;
#1909 = CARTESIAN_POINT ( 'NONE',  ( -1459.224692029978996, 2638.598082501933732, -410.0915525111226998 ) ) ;
#1910 = CARTESIAN_POINT ( 'NONE',  ( -2448.821041693737698, -2425.647823216452707, -1279.527604606278828 ) ) ;
#1911 = CARTESIAN_POINT ( 'NONE',  ( -2177.857657572545577, 77.38583131688072569, -764.0583366633040896 ) ) ;
#1912 = CARTESIAN_POINT ( 'NONE',  ( -4725.885518779807171, -2034.895171031698283, -3212.819469569034482 ) ) ;
#1913 = CARTESIAN_POINT ( 'NONE',  ( -2368.297591683043265, 1957.682520409210611, -912.3594838801928972 ) ) ;
#1914 = CARTESIAN_POINT ( 'NONE',  ( -5466.707821527355009, -2038.730983830894274, -4606.123916069651386 ) ) ;
#1915 = CARTESIAN_POINT ( 'NONE',  ( -4742.123906184069710, -1565.159413243542076, -3202.809603762242205 ) ) ;
#1916 = CARTESIAN_POINT ( 'NONE',  ( -483.2934932878262657, -1569.367097372309445, -15.91161719835086608 ) ) ;
#1917 = CARTESIAN_POINT ( 'NONE',  ( -5545.016232970607234, -2933.048005716731950, -4742.696791247343754 ) ) ;
#1918 = CARTESIAN_POINT ( 'NONE',  ( -1379.912926747413394, -2755.042188385072222, -335.1587470198681444 ) ) ;
#1919 = CARTESIAN_POINT ( 'NONE',  ( -1301.313562880720610, 1714.816698706106536, -336.0057723917191765 ) ) ;
#1920 = CARTESIAN_POINT ( 'NONE',  ( -2385.371708208631389, 910.2434408438734863, -919.2372815165255133 ) ) ;
#1921 = CARTESIAN_POINT ( 'NONE',  ( -2101.836023013427621, 2183.531871822768153, -725.7306832233887235 ) ) ;
#1922 = CARTESIAN_POINT ( 'NONE',  ( -4250.037518684132920, 2178.912915027035979, -2585.198430115701285 ) ) ;
#1923 = CARTESIAN_POINT ( 'NONE',  ( -3757.840764153040709, 2574.128207553224911, -2040.602525722346400 ) ) ;
#1924 = CARTESIAN_POINT ( 'NONE',  ( -5404.286879787846374, 67.72862547328095673, -4466.466876302265518 ) ) ;
#1925 = CARTESIAN_POINT ( 'NONE',  ( -477.5310176578265100, 3066.639463772400632, 20.86346949543951723 ) ) ;
#1926 = CARTESIAN_POINT ( 'NONE',  ( -894.5153855153349696, -2029.241713198786556, -160.6860426646222493 ) ) ;
#1927 = CARTESIAN_POINT ( 'NONE',  ( -4992.851348468496326, 70.10545362501291322, -3609.871032766880035 ) ) ;
#1928 = CARTESIAN_POINT ( 'NONE',  ( -811.9506381198647205, 2908.325969360036197, -103.9802820213976844 ) ) ;
#1929 = CARTESIAN_POINT ( 'NONE',  ( -1065.555897998212231, 2582.383819266444334, -418.2125187297318689 ) ) ;
#1930 = CARTESIAN_POINT ( 'NONE',  ( -1378.029281478083703, -2027.767935610344239, -336.5658980309466415 ) ) ;
#1931 = CARTESIAN_POINT ( 'NONE',  ( -1135.068651058632213, 2184.941551739507759, -266.4362112752376675 ) ) ;
#1932 = CARTESIAN_POINT ( 'NONE',  ( -476.3973126705499794, -2493.387697710378234, -45.87119054798606754 ) ) ;
#1933 = CARTESIAN_POINT ( 'NONE',  ( -2117.228239235404089, -2755.857334892476956, -718.9139105750878116 ) ) ;
#1934 = CARTESIAN_POINT ( 'NONE',  ( -3832.665974527319122, 2180.156944066133292, -2108.199978108669256 ) ) ;
#1935 = CARTESIAN_POINT ( 'NONE',  ( -3296.309184325682963, 2575.584394985570270, -1608.350174555218018 ) ) ;
#1936 = CARTESIAN_POINT ( 'NONE',  ( -5355.386890267257513, 1704.388921187975029, -4362.385599365848066 ) ) ;
#1937 = CARTESIAN_POINT ( 'NONE',  ( -982.5925881508374005, -467.4891279945043152, -195.2334820557603337 ) ) ;
#1938 = CARTESIAN_POINT ( 'NONE',  ( -4993.287286825867341, -475.3475902554675372, -3608.600168537644549 ) ) ;
#1939 = CARTESIAN_POINT ( 'NONE',  ( -483.6385007169808432, 2899.850101430478844, 37.54888357456174930 ) ) ;
#1940 = CARTESIAN_POINT ( 'NONE',  ( -4007.808940196681306, 2574.070766991670098, -1890.482384950344112 ) ) ;
#1941 = CARTESIAN_POINT ( 'NONE',  ( -1376.663971124052750, -1558.069518833941402, -337.4096641808400818 ) ) ;
#1942 = CARTESIAN_POINT ( 'NONE',  ( -1319.429904079010157, 1714.746370197513443, -343.9881545058617007 ) ) ;
#1943 = CARTESIAN_POINT ( 'NONE',  ( -2170.169471746100498, 2183.445795379310312, -766.2350013293655593 ) ) ;
#1944 = CARTESIAN_POINT ( 'NONE',  ( -3610.597900440023750, 1165.578988382795160, -1882.529541415910899 ) ) ;
#1945 = CARTESIAN_POINT ( 'NONE',  ( -2368.157499702090718, 2288.484208873267107, -913.3450643044790240 ) ) ;
#1946 = CARTESIAN_POINT ( 'NONE',  ( -5402.825537801492828, 2901.050864226610429, -4474.288735307053685 ) ) ;
#1947 = CARTESIAN_POINT ( 'NONE',  ( -975.9478180511224537, 1168.797721004861387, -196.2163620868974760 ) ) ;
#1948 = CARTESIAN_POINT ( 'NONE',  ( -4464.287488801561267, 617.6927209900557045, -2819.469894604465480 ) ) ;
#1949 = CARTESIAN_POINT ( 'NONE',  ( -144.7401183423415034, 1147.907763024369842, 126.9397474887498873 ) ) ;
#1950 = CARTESIAN_POINT ( 'NONE',  ( -5391.040885267621888, -477.4894578696162171, -4384.346052027797668 ) ) ;
#1951 = CARTESIAN_POINT ( 'NONE',  ( -1375.096076706542135, 3078.273056326630012, -351.2576723057750314 ) ) ;
#1952 = CARTESIAN_POINT ( 'NONE',  ( -1213.184574751556056, 1169.695729640634909, -295.7879236112792114 ) ) ;
#1953 = EDGE_CURVE ( 'NONE', #427, #860, #1831, .T. ) ;
#1954 = CARTESIAN_POINT ( 'NONE',  ( -2111.385529004466662, -467.9824201606720067, -722.8236171290450329 ) ) ;
#1955 = CARTESIAN_POINT ( 'NONE',  ( -3145.985616537256647, -2924.272170549613747, -1455.124798675612055 ) ) ;
#1956 = CARTESIAN_POINT ( 'NONE',  ( -2368.295200264705272, 1963.329097954527697, -912.3763072819925810 ) ) ;
#1957 = CARTESIAN_POINT ( 'NONE',  ( -5357.367865546896610, -2038.020861682833129, -4352.126668572728704 ) ) ;
#1958 = CARTESIAN_POINT ( 'NONE',  ( -888.4685224302673987, 76.71420942475104710, -159.5760361823009532 ) ) ;
#1959 = CARTESIAN_POINT ( 'NONE',  ( -4167.845275245320408, -472.2359290613367762, -2446.491879461160806 ) ) ;
#1960 = CARTESIAN_POINT ( 'NONE',  ( -366.8873188225746844, -2496.544621639208799, 0.3065697118124022236 ) ) ;
#1961 = CARTESIAN_POINT ( 'NONE',  ( -5389.628129188234197, 2174.015536824787432, -4391.583728291232546 ) ) ;
#1962 = CARTESIAN_POINT ( 'NONE',  ( -1157.481486438725369, -1011.941558072431349, -242.0486353476282773 ) ) ;
#1963 = CARTESIAN_POINT ( 'NONE',  ( -1321.992784501550886, 1169.286140849368394, -343.3260611863890404 ) ) ;
#1964 = CARTESIAN_POINT ( 'NONE',  ( -712.5809940152345234, 2603.764501225999538, 184.3188858856472905 ) ) ;
#1965 = CARTESIAN_POINT ( 'NONE',  ( -1959.959365060484743, 3077.659101081165318, -647.4314742123412998 ) ) ;
#1966 = CARTESIAN_POINT ( 'NONE',  ( -4255.985536059519291, -2033.202675472782857, -2577.756994676536578 ) ) ;
#1967 = CARTESIAN_POINT ( 'NONE',  ( -2369.778157606784134, -1537.389318860597541, -901.9459279992316851 ) ) ;
#1968 = CARTESIAN_POINT ( 'NONE',  ( -5370.876337932003480, 3067.919591978424705, -4402.149687610339242 ) ) ;
#1969 = CARTESIAN_POINT ( 'NONE',  ( -361.7643652472985991, -2041.830851530023892, -12.28662400455323933 ) ) ;
#1970 = CARTESIAN_POINT ( 'NONE',  ( -807.7777459735500543, 2181.081107316882481, -125.1715964601263806 ) ) ;
#1971 = CARTESIAN_POINT ( 'NONE',  ( -4740.010623791627950, 616.6537401961832074, -3207.512219586364608 ) ) ;
#1972 = CARTESIAN_POINT ( 'NONE',  ( -335.7602178113587001, 2895.549903349081433, 95.59243400789762291 ) ) ;
#1973 = CARTESIAN_POINT ( 'NONE',  ( -5512.855529061893321, 2627.739629872729438, -4685.599875578306637 ) ) ;
#1974 = CARTESIAN_POINT ( 'NONE',  ( -1230.329759363665744, -1012.069483490322114, -273.2785158675812340 ) ) ;
#1975 = CARTESIAN_POINT ( 'NONE',  ( -1093.503726214569724, 3078.823942385916325, -252.1455369100946200 ) ) ;
#1976 = CARTESIAN_POINT ( 'NONE',  ( -2368.017134246805199, 2627.034544214280686, -914.3490350274109915 ) ) ;
#1977 = CARTESIAN_POINT ( 'NONE',  ( -1770.452065904477422, -2482.661251401377740, -527.1967775594565637 ) ) ;
#1978 = CARTESIAN_POINT ( 'NONE',  ( -2882.719069917248362, 2909.538075742286310, -1266.584701442465757 ) ) ;
#1979 = CARTESIAN_POINT ( 'NONE',  ( -1549.673309591724546, -2482.616302728406936, -438.1473428806755237 ) ) ;
#1980 = CARTESIAN_POINT ( 'NONE',  ( -2368.563490238263512, 1329.876144029033867, -910.4889793035168850 ) ) ;
#1981 = CARTESIAN_POINT ( 'NONE',  ( -5164.322825207616006, 2175.170026857337234, -3971.900414111510145 ) ) ;
#1982 = CARTESIAN_POINT ( 'NONE',  ( -3883.987117173212937, -2425.779173207882650, -2126.224255080272997 ) ) ;
#1983 = CARTESIAN_POINT ( 'NONE',  ( -4562.265000265466369, -2761.427524164253100, -2939.858250315315672 ) ) ;
#1984 = EDGE_LOOP ( 'NONE', ( #1356, #624, #2381 ) ) ;
#1985 = CARTESIAN_POINT ( 'NONE',  ( -372.8612366567070922, 2896.649641248432999, 81.42426932765967251 ) ) ;
#1986 = CARTESIAN_POINT ( 'NONE',  ( -5439.620370839767929, -2932.329240872588343, -4486.356440056412794 ) ) ;
#1987 = CARTESIAN_POINT ( 'NONE',  ( -1142.865717998786067, 2185.001414683104031, -247.9901253316787972 ) ) ;
#1988 = CARTESIAN_POINT ( 'NONE',  ( -1025.715416776723032, 2184.471237482584456, -219.9155329364735110 ) ) ;
#1989 = CARTESIAN_POINT ( 'NONE',  ( -2374.921831678728722, -756.3316243303867168, -907.9488942510946572 ) ) ;
#1990 = CARTESIAN_POINT ( 'NONE',  ( -1749.948557533275789, 3077.936372449942610, -534.5185693936603002 ) ) ;
#1991 = CARTESIAN_POINT ( 'NONE',  ( -2368.086311323136670, 622.5096090407871543, -906.0392530067381358 ) ) ;
#1992 = CARTESIAN_POINT ( 'NONE',  ( -1692.039409252553241, -2922.051194466466313, -507.7582653950389613 ) ) ;
#1993 = CARTESIAN_POINT ( 'NONE',  ( -2369.943320272502206, -1927.474974939288131, -900.7835820783686813 ) ) ;
#1994 = CARTESIAN_POINT ( 'NONE',  ( -5165.444140505490395, 614.5685700389433350, -3968.143153949599309 ) ) ;
#1995 = CARTESIAN_POINT ( 'NONE',  ( -4201.609643045351731, -2426.956105776098866, -2480.898148081185354 ) ) ;
#1996 = CARTESIAN_POINT ( 'NONE',  ( -4265.518559454712886, 2178.957175354886658, -2572.529983984007231 ) ) ;
#1997 = ORIENTED_EDGE ( 'NONE', *, *, #1353, .T. ) ;
#1998 = ADVANCED_FACE ( 'NONE', ( #2474 ), #177, .F. ) ;
#1999 = CARTESIAN_POINT ( 'NONE',  ( -366.1358645608507913, -2935.886236820792419, -6.170098086900719814 ) ) ;
#2000 = CARTESIAN_POINT ( 'NONE',  ( -5421.156871760159447, 2901.082420584710690, -4466.291101766820248 ) ) ;
#2001 = CARTESIAN_POINT ( 'NONE',  ( -1069.151725018675052, -2027.331548601757049, -202.5955728075321645 ) ) ;
#2002 = CARTESIAN_POINT ( 'NONE',  ( -1020.849255779894975, 3078.368601074831986, -220.4348824113832563 ) ) ;
#2003 = CARTESIAN_POINT ( 'NONE',  ( -1814.425059981027061, 914.7823032413024293, -575.9114682992172902 ) ) ;
#2004 = CARTESIAN_POINT ( 'NONE',  ( -1907.821104648972323, -1558.597197422737509, -603.6077286025808917 ) ) ;
#2005 = CARTESIAN_POINT ( 'NONE',  ( -2894.027216692582897, -1014.704464760768587, -1262.251613649898445 ) ) ;
#2006 = CARTESIAN_POINT ( 'NONE',  ( -1796.767608531086807, -2755.484966024728237, -562.7962532068022483 ) ) ;
#2007 = CARTESIAN_POINT ( 'NONE',  ( -2369.849825764643811, -1706.728234295711445, -901.4413263857031779 ) ) ;
#2008 = CARTESIAN_POINT ( 'NONE',  ( -5163.980476362100489, 2629.714223958415459, -3972.964496548237548 ) ) ;
#2009 = CARTESIAN_POINT ( 'NONE',  ( -4261.425481548196331, 2572.909324816677781, -2581.892830468311331 ) ) ;
#2010 = CARTESIAN_POINT ( 'NONE',  ( -4253.223497033369313, -2427.187533380269542, -2575.454537402091773 ) ) ;
#2011 = CARTESIAN_POINT ( 'NONE',  ( -727.9210190665105529, 2570.953361518890233, 171.9989131141411747 ) ) ;
#2012 = CARTESIAN_POINT ( 'NONE',  ( -5325.931053517583678, -2037.688054661814249, -4235.897428037702412 ) ) ;
#2013 = CARTESIAN_POINT ( 'NONE',  ( -1162.327502463473820, -2481.628330270583774, -238.4890870467312993 ) ) ;
#2014 = CARTESIAN_POINT ( 'NONE',  ( -1039.925613331866543, 2911.854215894577919, -228.3099599441917178 ) ) ;
#2015 = CARTESIAN_POINT ( 'NONE',  ( -717.0419241123739766, -766.0080828729842324, 141.4645749605872709 ) ) ;
#2016 = CARTESIAN_POINT ( 'NONE',  ( -1801.492025893442360, -1013.007710621181445, -548.3283760902444328 ) ) ;
#2017 = CARTESIAN_POINT ( 'NONE',  ( -2896.984767129863940, -2484.399123092860918, -1259.658920080777307 ) ) ;
#2018 = CARTESIAN_POINT ( 'NONE',  ( -1689.877044574009687, -2028.114793943082304, -509.5283331595708205 ) ) ;
#2019 = CARTESIAN_POINT ( 'NONE',  ( -2369.869130959473296, -1752.334270311423552, -901.3054303270768060 ) ) ;
#2020 = CARTESIAN_POINT ( 'NONE',  ( -4977.175206539812280, -2035.986287533873565, -3614.905232362701554 ) ) ;
#2021 = CARTESIAN_POINT ( 'NONE',  ( -3920.254627131565940, -2425.902096575875021, -2164.752482758369752 ) ) ;
#2022 = CARTESIAN_POINT ( 'NONE',  ( -3298.422893270933855, -2424.641875863426321, -1593.463076792970469 ) ) ;
#2023 = CARTESIAN_POINT ( 'NONE',  ( -65.25764248888032171, 55.07348408885058433, 124.5512792824434030 ) ) ;
#2024 = CARTESIAN_POINT ( 'NONE',  ( -5326.304632460814901, -2764.957884318436300, -4233.872733765341764 ) ) ;
#2025 = CARTESIAN_POINT ( 'NONE',  ( -437.4368351175055523, -2933.711033455899269, -42.23770890824149404 ) ) ;
#2026 = CARTESIAN_POINT ( 'NONE',  ( -1047.327336799171007, -1012.324963264408666, -197.3837774011732336 ) ) ;
#2027 = CARTESIAN_POINT ( 'NONE',  ( 1766.384981016803295, 2710.230272634710673, -2522.357257864676740 ) ) ;
#2028 = CARTESIAN_POINT ( 'NONE',  ( -1392.918209470606143, -1012.662456001941905, -346.6180897106735870 ) ) ;
#2029 = CARTESIAN_POINT ( 'NONE',  ( -2377.222109063568041, -2922.940284673499264, -900.3650700056177811 ) ) ;
#2030 = CARTESIAN_POINT ( 'NONE',  ( -1672.363291393042573, 2638.539612739761196, -515.5555052586290685 ) ) ;
#2031 = CARTESIAN_POINT ( 'NONE',  ( -4266.864000194687833, 1906.245284907550740, -2575.682738333086945 ) ) ;
#2032 = CARTESIAN_POINT ( 'NONE',  ( -5203.692138538769541, -2764.401672552110540, -4029.682105710889118 ) ) ;
#2033 = CARTESIAN_POINT ( 'NONE',  ( -2557.922288068436501, -2423.382781525774590, -998.4433379614689557 ) ) ;
#2034 = CARTESIAN_POINT ( 'NONE',  ( -3647.503483259907625, -2425.207630682500621, -1914.557481392457703 ) ) ;
#2035 = CARTESIAN_POINT ( 'NONE',  ( -59.78857514664203876, -1580.826706997410611, 85.99542835348718484 ) ) ;
#2036 = B_SPLINE_CURVE_WITH_KNOTS ( 'NONE', 3,
 ( #2458, #2051, #2216, #1240, #62, #1044, #2421, #1458, #2112, #1314 ),
 .UNSPECIFIED., .F., .F.,
 ( 4, 2, 2, 2, 4 ),
 ( 0.000000000000000000, 1.250016990812401918, 2.500033981624803836, 3.750050972437205754, 5.000067963249607672 ),
 .UNSPECIFIED. ) ;
#2037 = CARTESIAN_POINT ( 'NONE',  ( -5325.683590762404492, -1567.992919863842417, -4237.191913831279635 ) ) ;
#2038 = CARTESIAN_POINT ( 'NONE',  ( -440.4847012785528477, 611.3780488224583678, 3.220658511781213651 ) ) ;
#2039 = CARTESIAN_POINT ( 'NONE',  ( -987.8671819559068581, 77.99777890585433227, -177.0541031777057412 ) ) ;
#2040 = CARTESIAN_POINT ( 'NONE',  ( 1796.173263417383851, -2278.819940455805863, -2857.794410688899916 ) ) ;
#2041 = CARTESIAN_POINT ( 'NONE',  ( -1646.072497326424354, 2638.608530334451643, -479.7492634511810365 ) ) ;
#2042 = CARTESIAN_POINT ( 'NONE',  ( -2093.603252281949153, 1713.779193092826290, -742.5805907774217758 ) ) ;
#2043 = CARTESIAN_POINT ( 'NONE',  ( -1372.049291213133984, -2921.766848294960255, -353.0384015591325237 ) ) ;
#2044 = CARTESIAN_POINT ( 'NONE',  ( -4267.849516883544311, -427.0967492980909128, -2568.734973425868702 ) ) ;
#2045 = CARTESIAN_POINT ( 'NONE',  ( -3845.476191795116392, 2907.477321884252433, -2095.118658715156016 ) ) ;
#2046 = CARTESIAN_POINT ( 'NONE',  ( -4721.599646880653381, 2177.217167631531538, -3221.588774678973550 ) ) ;
#2047 = CARTESIAN_POINT ( 'NONE',  ( -666.6876482104609067, -1019.117474406265160, -85.77774177128968347 ) ) ;
#2048 = CARTESIAN_POINT ( 'NONE',  ( -323.2995994764950183, -2042.832066400335179, -3.345394245679699008 ) ) ;
#2049 = CARTESIAN_POINT ( 'NONE',  ( -734.9311319257752757, 907.6201936667731616, 175.2576883587970826 ) ) ;
#2050 = CARTESIAN_POINT ( 'NONE',  ( -2459.037710213258833, -2423.212553010207102, -956.3081435637565164 ) ) ;
#2051 = CARTESIAN_POINT ( 'NONE',  ( 1805.229653279792501, -1863.687625743864828, -2813.632920316886157 ) ) ;
#2052 = CARTESIAN_POINT ( 'NONE',  ( -5323.825146092806790, 1704.722357777866364, -4245.927202892124114 ) ) ;
#2053 = CARTESIAN_POINT ( 'NONE',  ( -826.7906899337499453, -2485.265892578238436, -118.9051657590265165 ) ) ;
#2054 = CARTESIAN_POINT ( 'NONE',  ( 1825.846478626388944, -2813.033528747877881, -2885.907535944318624 ) ) ;
#2055 = CARTESIAN_POINT ( 'NONE',  ( -1688.083282806497436, 1168.902888483592278, -496.4186397114276019 ) ) ;
#2056 = CARTESIAN_POINT ( 'NONE',  ( -2159.852084150880273, 2183.390433708468208, -783.3690953676654090 ) ) ;
#2057 = CARTESIAN_POINT ( 'NONE',  ( -1386.328010374935957, -1558.176159899379627, -363.9183806434917869 ) ) ;
#2058 = CARTESIAN_POINT ( 'NONE',  ( -1274.747995715807292, 2579.165413655556677, -189.6950574408382977 ) ) ;
#2059 = CARTESIAN_POINT ( 'NONE',  ( -2894.256834606837856, 3076.257483509832127, -1250.763053708866892 ) ) ;
#2060 = CARTESIAN_POINT ( 'NONE',  ( -4807.273301173752770, 3070.796707019634596, -3355.952723771694309 ) ) ;
#2061 = CARTESIAN_POINT ( 'NONE',  ( -2389.819387387418828, 2627.134030840149080, -904.6542617868519756 ) ) ;
#2062 = CARTESIAN_POINT ( 'NONE',  ( -5421.049491827807287, -2492.968490786359780, -4495.535836860201925 ) ) ;
#2063 = CARTESIAN_POINT ( 'NONE',  ( -2368.038592098064328, 2576.541226421727060, -914.1987726516392740 ) ) ;
#2064 = CARTESIAN_POINT ( 'NONE',  ( -5218.403518435608021, 2175.010066173620089, -4033.292884724740816 ) ) ;
#2065 = CARTESIAN_POINT ( 'NONE',  ( -822.7501826931155620, -470.2080590089818770, -114.4434879701015859 ) ) ;
#2066 = CARTESIAN_POINT ( 'NONE',  ( 1760.234053721221699, 1050.644896123146509, -2639.654228298376893 ) ) ;
#2067 = CARTESIAN_POINT ( 'NONE',  ( -1690.276689849647710, 623.4496953711044398, -495.7898421892738270 ) ) ;
#2068 = CARTESIAN_POINT ( 'NONE',  ( -2101.269386528706946, -468.0380318508148321, -740.0777721717374789 ) ) ;
#2069 = CARTESIAN_POINT ( 'NONE',  ( -1376.127364522699509, 1169.109041586068770, -367.7002656507060578 ) ) ;
#2070 = CARTESIAN_POINT ( 'NONE',  ( -3863.645141638429322, 2573.907060095995803, -2121.934030869174421 ) ) ;
#2071 = CARTESIAN_POINT ( 'NONE',  ( -3155.280252056857080, -1015.133155943106317, -1443.187068427337408 ) ) ;
#2072 = CARTESIAN_POINT ( 'NONE',  ( -4726.464134785775968, -2762.165711965634273, -3211.062734932515923 ) ) ;
#2073 = CARTESIAN_POINT ( 'NONE',  ( -2384.330936473269958, 2593.777152690831372, -900.9809529322013759 ) ) ;
#2074 = CARTESIAN_POINT ( 'NONE',  ( -5467.031730881121803, -2766.000538244885320, -4603.999738714341220 ) ) ;
#2075 = ADVANCED_FACE ( 'NONE', ( #353 ), #335, .T. ) ;
#2076 = CARTESIAN_POINT ( 'NONE',  ( -5184.882153830491916, -2036.902663626644653, -3952.124010571650160 ) ) ;
#2077 = CARTESIAN_POINT ( 'NONE',  ( -891.6141111266080088, 1167.602132291982571, -139.7863120773652952 ) ) ;
#2078 = CARTESIAN_POINT ( 'NONE',  ( 1431.435412739639105, 786.7916944161897845, 986.1052241224169848 ) ) ;
#2079 = CARTESIAN_POINT ( 'NONE',  ( -1554.254113327023333, -1012.867478797677904, -422.6070452305320373 ) ) ;
#2080 = CARTESIAN_POINT ( 'NONE',  ( -1366.641936280113441, -1012.670499142952963, -356.5284145541775729 ) ) ;
#2081 = CARTESIAN_POINT ( 'NONE',  ( -550.8744253799053467, 2901.983162259758956, -11.42015937193856345 ) ) ;
#2082 = FILL_AREA_STYLE_COLOUR ( '', #367 ) ;
#2083 = CARTESIAN_POINT ( 'NONE',  ( -2909.794224933703390, -2923.739461831657991, -1242.806839561377956 ) ) ;
#2084 = CARTESIAN_POINT ( 'NONE',  ( -4543.838757588060616, -473.5962082418640193, -2956.662248612494750 ) ) ;
#2085 = CARTESIAN_POINT ( 'NONE',  ( -1828.533661152717514, 2591.645846834157965, -540.7697122729415469 ) ) ;
#2086 = CARTESIAN_POINT ( 'NONE',  ( -5525.349160997083345, -478.5431787235384604, -4757.279279997293088 ) ) ;
#2087 = CARTESIAN_POINT ( 'NONE',  ( -130.4281851533220049, -2047.916967127883481, 39.08276615456606606 ) ) ;
#2088 = CARTESIAN_POINT ( 'NONE',  ( -4742.522382831018149, -2034.855071509005256, -3201.712340432398378 ) ) ;
#2089 = CARTESIAN_POINT ( 'NONE',  ( -597.8014076193557003, -2490.599953931989603, -55.17735359108903737 ) ) ;
#2090 = CARTESIAN_POINT ( 'NONE',  ( -5514.471678607846115, -1023.759520898301048, -4674.909669917768042 ) ) ;
#2091 = CARTESIAN_POINT ( 'NONE',  ( -1342.046606821779733, -2027.647667964098218, -319.9656970478338280 ) ) ;
#2092 = CARTESIAN_POINT ( 'NONE',  ( -2099.538784818342720, 77.41603091955317950, -740.8119404188133785 ) ) ;
#2093 = CARTESIAN_POINT ( 'NONE',  ( -1475.904255457411409, -1558.371858223877325, -405.6415929392106250 ) ) ;
#2094 = CARTESIAN_POINT ( 'NONE',  ( -476.8007712385384593, -2038.880114464859162, -40.59774329705410167 ) ) ;
#2095 = APPLICATION_CONTEXT ( 'automotive_design' ) ;
#2096 = CARTESIAN_POINT ( 'NONE',  ( -73.40160522189756875, -2442.119090053065520, -19.98931625466730466 ) ) ;
#2097 = B_SPLINE_CURVE_WITH_KNOTS ( 'NONE', 3,
 ( #2433, #1082, #2241, #100 ),
 .UNSPECIFIED., .F., .F.,
 ( 4, 4 ),
 ( -0.6905276953793046957, 4.816803633275801744 ),
 .UNSPECIFIED. ) ;
#2098 = CARTESIAN_POINT ( 'NONE',  ( -3853.086968133148730, -1016.763444143040033, -2089.681370742657236 ) ) ;
#2099 = CARTESIAN_POINT ( 'NONE',  ( -4720.491923857381153, 3071.155479934298000, -3223.152578893238569 ) ) ;
#2100 = CARTESIAN_POINT ( 'NONE',  ( -2368.555082342868445, 1349.729019838508520, -910.5481305267128391 ) ) ;
#2101 = CARTESIAN_POINT ( 'NONE',  ( -5496.673606301912514, -2766.206079260324714, -4677.233323787163499 ) ) ;
#2102 = CARTESIAN_POINT ( 'NONE',  ( -4743.227713239863078, -2928.791754178853807, -3199.544161158109091 ) ) ;
#2103 = CARTESIAN_POINT ( 'NONE',  ( -674.4338368696910493, -2928.096819269487241, -78.23605218204632195 ) ) ;
#2104 = CARTESIAN_POINT ( 'NONE',  ( -4358.310629746252744, 2572.786683469775198, -2712.716640266085960 ) ) ;
#2105 = CARTESIAN_POINT ( 'NONE',  ( -1324.034893637464847, -2027.577450819144588, -311.7055079770904626 ) ) ;
#2106 = CARTESIAN_POINT ( 'NONE',  ( -1228.327213856304297, -2921.220983580135908, -287.1130995802500365 ) ) ;
#2107 = CARTESIAN_POINT ( 'NONE',  ( -727.9168502016748334, 2571.129387194724586, 171.9999603536461734 ) ) ;
#2108 = CARTESIAN_POINT ( 'NONE',  ( -2369.735357602039585, 3077.110650232300031, -891.3264996234518094 ) ) ;
#2109 = CARTESIAN_POINT ( 'NONE',  ( -4251.707565366116796, 1163.761995630284218, -2583.693477372407415 ) ) ;
#2110 = CARTESIAN_POINT ( 'NONE',  ( -2368.037683341783122, 2576.788011191945316, -914.2006349113405577 ) ) ;
#2111 = CARTESIAN_POINT ( 'NONE',  ( -5273.864550315610359, -2492.067114200626293, -4171.939418004620165 ) ) ;
#2112 = CARTESIAN_POINT ( 'NONE',  ( 1767.377493148222356, 2294.275218192588454, -2546.775226236584331 ) ) ;
#2113 = CARTESIAN_POINT ( 'NONE',  ( -890.2443719581452797, -468.7092036673367943, -159.9995562190375722 ) ) ;
#2114 = CARTESIAN_POINT ( 'NONE',  ( -4994.924472293550934, -2763.219182386366356, -3602.941049310456492 ) ) ;
#2115 = CARTESIAN_POINT ( 'NONE',  ( -443.7035570208494164, -2767.230871898716487, -20.78518702844051802 ) ) ;
#2116 = CARTESIAN_POINT ( 'NONE',  ( -5514.710043766499439, -1569.211655041560107, -4673.305253968545912 ) ) ;
#2117 = B_SPLINE_SURFACE_WITH_KNOTS ( 'NONE', 3, 3, ( 
 ( #291, #839, #2448, #457 ),
 ( #484, #1034, #2078, #1280 ),
 ( #1833, #1269, #1059, #499 ),
 ( #1484, #1087, #2436, #1858 ) ),
 .UNSPECIFIED., .F., .F., .F.,
 ( 4, 4 ),
 ( 4, 4 ),
 ( -0.6905276953793046957, 4.816803633275801744 ),
 ( -2.423556058890147913, 2.576443941109854308 ),
 .UNSPECIFIED. ) ;
#2118 = CARTESIAN_POINT ( 'NONE',  ( -1236.222653778995209, -2921.161480388273503, -268.7734191214528892 ) ) ;
#2119 = CARTESIAN_POINT ( 'NONE',  ( -1225.812332898267414, -2027.281673839397172, -289.3350221732989667 ) ) ;
#2120 = CARTESIAN_POINT ( 'NONE',  ( -550.6777255803519893, 3068.631171897299282, -9.663109753281922565 ) ) ;
#2121 = CARTESIAN_POINT ( 'NONE',  ( -2384.420779183522427, 2610.432627272271475, -925.1786433298428847 ) ) ;
#2122 = CARTESIAN_POINT ( 'NONE',  ( -2112.985730339461497, -1013.436312313048347, -722.0129778313540783 ) ) ;
#2123 = CARTESIAN_POINT ( 'NONE',  ( -4444.744227017804405, 3072.193406429633342, -2835.460845777576196 ) ) ;
#2124 = CARTESIAN_POINT ( 'NONE',  ( -552.7937313525690115, -2930.853631785782909, -69.03146003916263851 ) ) ;
#2125 = CARTESIAN_POINT ( 'NONE',  ( -2368.167617143629741, 2264.589795183322167, -913.2738740932220480 ) ) ;
#2126 = CARTESIAN_POINT ( 'NONE',  ( -5355.987833963399680, 613.4839006801154255, -4359.447013050411442 ) ) ;
#2127 = CARTESIAN_POINT ( 'NONE',  ( 0.000000000000000000, 0.000000000000000000, 0.000000000000000000 ) ) ;
#2128 = CARTESIAN_POINT ( 'NONE',  ( -703.6086042817105408, -472.8065952497158833, -94.76121425037858614 ) ) ;
#2129 = CARTESIAN_POINT ( 'NONE',  ( -5072.050155308616922, -475.7243250619794708, -3746.295230697345687 ) ) ;
#2130 = CARTESIAN_POINT ( 'NONE',  ( -484.1099431180135184, 1157.633123582172402, 16.26038040010856989 ) ) ;
#2131 = CARTESIAN_POINT ( 'NONE',  ( -4724.482282586317524, 2572.516721773840345, -2748.116235799725473 ) ) ;
#2132 = CARTESIAN_POINT ( 'NONE',  ( -1377.428298916776839, 2638.874942668266158, -350.9275314785978708 ) ) ;
#2133 = CARTESIAN_POINT ( 'NONE',  ( -1249.540900684262851, 1169.563289429835550, -311.4382714292609649 ) ) ;
#2134 = CARTESIAN_POINT ( 'NONE',  ( -2381.123198299074375, -2422.902397930223287, -906.2785342934892014 ) ) ;
#2135 = CARTESIAN_POINT ( 'NONE',  ( -2176.040223105540008, 622.8399848157253018, -764.7257761140772345 ) ) ;
#2136 = CARTESIAN_POINT ( 'NONE',  ( -3614.893929182784177, -1016.237646675344195, -1879.305924192952489 ) ) ;
#2137 = CARTESIAN_POINT ( 'NONE',  ( -2368.167560369672628, 2264.723861594494338, -913.2742735220081158 ) ) ;
#2138 = CARTESIAN_POINT ( 'NONE',  ( -5405.089461326971104, -1568.628334648070904, -4461.853333439509697 ) ) ;
#2139 = CARTESIAN_POINT ( 'NONE',  ( -811.2006914156673929, 1166.010100958686280, -128.5674572171381840 ) ) ;
#2140 = CARTESIAN_POINT ( 'NONE',  ( -4562.406766379192049, -2928.093701136984691, -2939.460774672374100 ) ) ;
#2141 = CARTESIAN_POINT ( 'NONE',  ( -673.8286169933493284, -1564.522564053619362, -69.91856801635162810 ) ) ;
#2142 = CARTESIAN_POINT ( 'NONE',  ( -5392.256685265423584, -2932.024934182649304, -4377.439563901843940 ) ) ;
#2143 = CARTESIAN_POINT ( 'NONE',  ( -1343.296823950928911, -2482.194733025469304, -319.0592065337169743 ) ) ;
#2144 = CARTESIAN_POINT ( 'NONE',  ( -1891.170861199944284, 623.1635212949630613, -624.3530516912737767 ) ) ;
#2145 = CARTESIAN_POINT ( 'NONE',  ( -1224.317304405702089, -1557.584319245563847, -290.4297828933558208 ) ) ;
#2146 = CARTESIAN_POINT ( 'NONE',  ( -2378.955244010234310, 2610.411069154252800, -921.5522317129209569 ) ) ;
#2147 = CARTESIAN_POINT ( 'NONE',  ( -2370.422657781881753, 2910.443831472461625, -891.2240477093752133 ) ) ;
#2148 = CARTESIAN_POINT ( 'NONE',  ( -4155.610132074077228, -2926.821364382396496, -2454.455650049319956 ) ) ;
#2149 = CARTESIAN_POINT ( 'NONE',  ( -3849.172922974359153, 2573.861615594874365, -2135.738260773207003 ) ) ;
#2150 = CARTESIAN_POINT ( 'NONE',  ( -5373.067890742076088, -1022.973902636352477, -4391.009600392892935 ) ) ;
#2151 = CARTESIAN_POINT ( 'NONE',  ( -877.0861277341729192, 2909.841329972457970, -155.6057085170939729 ) ) ;
#2152 = CARTESIAN_POINT ( 'NONE',  ( -4558.074059105239940, 1162.806519469656905, -2948.038285009325591 ) ) ;
#2153 = CARTESIAN_POINT ( 'NONE',  ( -147.5063848672613460, 2162.809902123698976, 148.7264754461086227 ) ) ;
#2154 = ADVANCED_FACE ( 'NONE', ( #1444 ), #1029, .F. ) ;
#2155 = CARTESIAN_POINT ( 'NONE',  ( -5439.206014409001909, -2038.393646759598823, -4488.931474597240594 ) ) ;
#2156 = CARTESIAN_POINT ( 'NONE',  ( -1108.772026971769947, 1715.275517720038806, -231.8757771724986867 ) ) ;
#2157 = CARTESIAN_POINT ( 'NONE',  ( -1205.519808865571122, 2639.399123560717271, -298.0132422745625149 ) ) ;
#2158 = CARTESIAN_POINT ( 'NONE',  ( -1245.777017837506037, 2619.334720023711270, -224.3865408683275007 ) ) ;
#2159 = CARTESIAN_POINT ( 'NONE',  ( -2182.578638623226198, -1558.975678919207894, -761.6181674546234035 ) ) ;
#2160 = CARTESIAN_POINT ( 'NONE',  ( -4151.832787789081522, 73.17279960813900175, -2460.436073634169134 ) ) ;
#2161 = CARTESIAN_POINT ( 'NONE',  ( -2370.020809718288547, -2110.392777171482066, -900.2385642089433304 ) ) ;
#2162 = CARTESIAN_POINT ( 'NONE',  ( -5354.704951895096201, 2901.354290776487233, -4365.560080869785452 ) ) ;
#2163 = CARTESIAN_POINT ( 'NONE',  ( -991.6685608948311028, 1714.439728037889608, -204.0815044459949661 ) ) ;
#2164 = CARTESIAN_POINT ( 'NONE',  ( -4168.591361290496025, -1017.689595723209550, -2445.474164464395471 ) ) ;
#2165 = ORIENTED_EDGE ( 'NONE', *, *, #845, .F. ) ;
#2166 = CARTESIAN_POINT ( 'NONE',  ( -222.7162232532676569, 2165.082187328801410, 123.2787805297460864 ) ) ;
#2167 = CARTESIAN_POINT ( 'NONE',  ( -5438.985174023720901, -1568.698652944208789, -4490.277084345546427 ) ) ;
#2168 = CARTESIAN_POINT ( 'NONE',  ( -1102.194723712315408, 2912.220814685302685, -233.4709548470602840 ) ) ;
#2169 = CARTESIAN_POINT ( 'NONE',  ( -1111.144689679179237, -466.5667156184263149, -246.4420659591754657 ) ) ;
#2170 = CARTESIAN_POINT ( 'NONE',  ( -2373.489708836945738, 2610.389511036233671, -917.9258200959991427 ) ) ;
#2171 = CARTESIAN_POINT ( 'NONE',  ( -1785.146346496844444, 3077.898569776722070, -552.9746269775567953 ) ) ;
#2172 = CARTESIAN_POINT ( 'NONE',  ( -2493.461417199660900, 2637.454629979124547, -994.6148774662018468 ) ) ;
#2173 = CARTESIAN_POINT ( 'NONE',  ( -2369.888102528175750, -1797.130903445397962, -901.1719518612120510 ) ) ;
#2174 = CARTESIAN_POINT ( 'NONE',  ( -4976.441964223823561, -1020.837933212339408, -3617.404524490282711 ) ) ;
#2175 = CARTESIAN_POINT ( 'NONE',  ( -2397.514542536452609, -2422.827026384140936, -892.7580233537876211 ) ) ;
#2176 = CARTESIAN_POINT ( 'NONE',  ( -4264.728322750592270, 2633.502499030742001, -2573.152185272102997 ) ) ;
#2177 = CARTESIAN_POINT ( 'NONE',  ( -328.2217848212738431, -2497.563851847943170, 8.768511223350035522 ) ) ;
#2178 = CARTESIAN_POINT ( 'NONE',  ( -5485.588301782389863, -2932.635923918650860, -4595.873407348973160 ) ) ;
#2179 = CARTESIAN_POINT ( 'NONE',  ( -1050.676372741073919, -2027.450279210830786, -195.4855694099926495 ) ) ;
#2180 = CARTESIAN_POINT ( 'NONE',  ( -1028.123785385700558, 1714.794607419151816, -219.5371612638273859 ) ) ;
#2181 = CARTESIAN_POINT ( 'NONE',  ( -2368.024173663657166, 2610.367952918214996, -914.2994084790772149 ) ) ;
#2182 = CARTESIAN_POINT ( 'NONE',  ( -1972.103168365592637, 77.65726160177005966, -644.5920634580924116 ) ) ;
#2183 = CARTESIAN_POINT ( 'NONE',  ( -2371.424948275483530, -468.3988260791076073, -904.6309068239421549 ) ) ;
#2184 = CARTESIAN_POINT ( 'NONE',  ( -1655.797199132381365, -2482.642923462517956, -490.8209320370108344 ) ) ;
#2185 = EDGE_CURVE ( 'NONE', #1443, #781, #489, .T. ) ;
#2186 = CARTESIAN_POINT ( 'NONE',  ( -2369.074944621808754, 122.4201172148505208, -906.8913675907175502 ) ) ;
#2187 = CARTESIAN_POINT ( 'NONE',  ( -5270.648541501490399, 2901.853256836730452, -4186.063965716898565 ) ) ;
#2188 = CARTESIAN_POINT ( 'NONE',  ( -552.1081153006838349, 1705.141290910633870, -23.85997492227293648 ) ) ;
#2189 = CARTESIAN_POINT ( 'NONE',  ( -65.67639171625600625, 1691.386522801650017, 143.8695414884017225 ) ) ;
#2190 = CARTESIAN_POINT ( 'NONE',  ( -4271.938016851924658, -2487.702715096435441, -2564.077318763003404 ) ) ;
#2191 = ORIENTED_EDGE ( 'NONE', *, *, #895, .F. ) ;
#2192 = CARTESIAN_POINT ( 'NONE',  ( -329.0512101313391895, -2043.081614362316941, 15.98403678387644256 ) ) ;
#2193 = CARTESIAN_POINT ( 'NONE',  ( -5513.058590755184923, 2173.196154076258154, -4684.273792427471562 ) ) ;
#2194 = CARTESIAN_POINT ( 'NONE',  ( -1106.278320196138793, 2184.963378094716063, -232.5482133644699729 ) ) ;
#2195 = CARTESIAN_POINT ( 'NONE',  ( -1007.489680587446514, -2482.366621998047322, -199.4958108399816297 ) ) ;
#2196 = CARTESIAN_POINT ( 'NONE',  ( -1821.470656334809291, 2608.212141116322982, -551.6582467868912545 ) ) ;
#2197 = CARTESIAN_POINT ( 'NONE',  ( -1805.483014349580117, -2482.701664716380492, -545.6687845070806588 ) ) ;
#2198 = CARTESIAN_POINT ( 'NONE',  ( -2358.903556052689510, 3077.055980277696563, -908.1444293115149549 ) ) ;
#2199 = CARTESIAN_POINT ( 'NONE',  ( -1653.341300071190517, -1558.403955879056184, -492.5210934291259264 ) ) ;
#2200 = CARTESIAN_POINT ( 'NONE',  ( -2369.546627921246454, -991.0839204324724960, -903.5736181685248312 ) ) ;
#2201 = CARTESIAN_POINT ( 'NONE',  ( -5053.766669711507348, 615.1451830678936403, -3758.652071064538177 ) ) ;
#2202 = CARTESIAN_POINT ( 'NONE',  ( -2470.054951296272066, -2423.157331313633676, -939.6144380317654168 ) ) ;
#2203 = ORIENTED_EDGE ( 'NONE', *, *, #2263, .F. ) ;
#2204 = CARTESIAN_POINT ( 'NONE',  ( -138.6285700540105097, -1033.380660008269160, 80.21752841967351344 ) ) ;
#2205 = CARTESIAN_POINT ( 'NONE',  ( -5217.755827479059008, 3068.946887906719439, -4035.422536832874812 ) ) ;
#2206 = CARTESIAN_POINT ( 'NONE',  ( -1047.500708967593027, 2911.913129514601223, -209.8019344285864065 ) ) ;
#2207 = CARTESIAN_POINT ( 'NONE',  ( -1118.139050395696813, -2481.692798817801759, -241.7408289783332975 ) ) ;
#2208 = CARTESIAN_POINT ( 'NONE',  ( -2368.031213080509588, 2593.701361622149307, -914.2497819307434384 ) ) ;
#2209 = CARTESIAN_POINT ( 'NONE',  ( -1909.046190009949669, -2028.293511942960095, -602.7603295417482059 ) ) ;
#2210 = CARTESIAN_POINT ( 'NONE',  ( -2895.208862809223319, -1560.158307793867152, -1261.353338006943432 ) ) ;
#2211 = CARTESIAN_POINT ( 'NONE',  ( -1776.559881070654001, 2911.175206625036481, -570.5192655473649666 ) ) ;
#2212 = CARTESIAN_POINT ( 'NONE',  ( -2370.020527526887690, -2109.726656283553439, -900.2405489678311596 ) ) ;
#2213 = CARTESIAN_POINT ( 'NONE',  ( -5054.979968516601730, -1021.213635427152326, -3754.720904274673558 ) ) ;
#2214 = CARTESIAN_POINT ( 'NONE',  ( -325.0345187978567196, -1027.826671787631540, 12.90125576535419150 ) ) ;
#2215 = CARTESIAN_POINT ( 'NONE',  ( -2731.210723262786814, -2423.753549388801275, -1119.434093009174603 ) ) ;
#2216 = CARTESIAN_POINT ( 'NONE',  ( 1799.322010499801308, -1448.039694233862065, -2785.019658481089209 ) ) ;
#2217 = CARTESIAN_POINT ( 'NONE',  ( -5219.828967842546263, 68.95606611487859539, -4028.077929061639679 ) ) ;
#2218 = CARTESIAN_POINT ( 'NONE',  ( -885.4436767819411216, 2637.186431567359250, -137.6004459489850547 ) ) ;
#2219 = CARTESIAN_POINT ( 'NONE',  ( 1419.815767090044574, 791.6327895026500983, 936.9895885033454306 ) ) ;
#2220 = CARTESIAN_POINT ( 'NONE',  ( -1546.166294904494407, 1168.943996648476968, -425.3090436923178572 ) ) ;
#2221 = CARTESIAN_POINT ( 'NONE',  ( -3135.867579287072203, 1712.087153997338646, -1462.179649206466593 ) ) ;
#2222 = CARTESIAN_POINT ( 'NONE',  ( -1751.489415010863695, 623.3362866200858434, -549.9287703923696427 ) ) ;
#2223 = CARTESIAN_POINT ( 'NONE',  ( -2378.835330832629552, 2576.594242103756642, -897.3634616055899187 ) ) ;
#2224 = CARTESIAN_POINT ( 'NONE',  ( -5272.428856791537328, 68.52939518612519976, -4178.832386644754479 ) ) ;
#2225 = CARTESIAN_POINT ( 'NONE',  ( -3351.357877347371868, -2424.641105423943372, -1613.111294822458603 ) ) ;
#2226 = CARTESIAN_POINT ( 'NONE',  ( -4186.305082412283809, -2426.997578647577029, -2493.775938473985661 ) ) ;
#2227 = CARTESIAN_POINT ( 'NONE',  ( -727.9210190665105529, 2570.953361518890233, 171.9989131141411747 ) ) ;
#2228 = CARTESIAN_POINT ( 'NONE',  ( -5289.770708234215817, 1159.468250803013234, -4172.952929696015417 ) ) ;
#2229 = CARTESIAN_POINT ( 'NONE',  ( -440.2211978247562456, 65.98596867295039203, -3.883600604733395301 ) ) ;
#2230 = CARTESIAN_POINT ( 'NONE',  ( -1004.035660314520669, 623.6403628785237743, -184.8434423911337774 ) ) ;
#2231 = CARTESIAN_POINT ( 'NONE',  ( 3388.081117340426317, 2665.455034792531023, -1042.614595905931765 ) ) ;
#2232 = CARTESIAN_POINT ( 'NONE',  ( -1486.930984812103361, -2482.555992502830577, -386.0063702089098570 ) ) ;
#2233 = CARTESIAN_POINT ( 'NONE',  ( -1358.106173452750454, 1169.161554299334966, -359.5224392268489737 ) ) ;
#2234 = CARTESIAN_POINT ( 'NONE',  ( -4268.060705438168952, -927.1087412899588571, -2567.246134759610413 ) ) ;
#2235 = CARTESIAN_POINT ( 'NONE',  ( -3631.042064718225447, -2485.883233821007252, -1862.108102090746570 ) ) ;
#2236 = CARTESIAN_POINT ( 'NONE',  ( -4446.825291350352018, 1708.557903162022967, -2833.396063805235372 ) ) ;
#2237 = CARTESIAN_POINT ( 'NONE',  ( -665.4373145485062651, 71.72034095454040425, -78.53105582241357752 ) ) ;
#2238 = CARTESIAN_POINT ( 'NONE',  ( -212.7267004291452963, 59.77728547131385284, 63.33283432561451320 ) ) ;
#2239 = CARTESIAN_POINT ( 'NONE',  ( -727.9210190665105529, 2570.953361518890233, 171.9989131141411747 ) ) ;
#2240 = CARTESIAN_POINT ( 'NONE',  ( -2546.687331632236692, -2423.440522476938895, -1014.991462178867209 ) ) ;
#2241 = CARTESIAN_POINT ( 'NONE',  ( 3381.271081831783704, -2324.362869266772577, -1363.427894593912697 ) ) ;
#2242 = CARTESIAN_POINT ( 'NONE',  ( -5291.623374696937390, -2037.489865638188121, -4164.471103208541535 ) ) ;
#2243 = CARTESIAN_POINT ( 'NONE',  ( -980.8019221915066055, 1714.278655676605695, -177.7822889058115550 ) ) ;
#2244 = CARTESIAN_POINT ( 'NONE',  ( 1811.867301223467166, -2279.270860543043455, -2842.998702608751501 ) ) ;
#2245 = CARTESIAN_POINT ( 'NONE',  ( -1397.216846049415153, -2482.362789857982989, -344.0613359577865822 ) ) ;
#2246 = CARTESIAN_POINT ( 'NONE',  ( -1380.666267902184472, 78.19362897959655356, -366.3812821511227185 ) ) ;
#2247 = CARTESIAN_POINT ( 'NONE',  ( -4267.638328369365809, 72.91524269389316260, -2570.223812058988187 ) ) ;
#2248 = CARTESIAN_POINT ( 'NONE',  ( -3145.841514313530297, 2636.381584210398159, -1447.532581965488816 ) ) ;
#2249 = CARTESIAN_POINT ( 'NONE',  ( -4974.661236944481971, 1160.974415572046155, -3622.424548242582659 ) ) ;
#2250 = CARTESIAN_POINT ( 'NONE',  ( -1884.817537092988914, 2183.770655019931837, -625.9361906709881396 ) ) ;
#2251 = CARTESIAN_POINT ( 'NONE',  ( -717.0565841757977523, 2587.285087704865418, 179.2830442090101712 ) ) ;
#2252 = CARTESIAN_POINT ( 'NONE',  ( -5494.101719768632393, 3067.101623867805301, -4694.335569259360454 ) ) ;
#2253 = CARTESIAN_POINT ( 'NONE',  ( -1297.890437575996202, 2578.947253635377820, -228.6361130243419382 ) ) ;
#2254 = CARTESIAN_POINT ( 'NONE',  ( -5288.543377725201935, 3068.552936635010610, -4177.768298594381122 ) ) ;
#2255 = CARTESIAN_POINT ( 'NONE',  ( -903.1940907387462403, -2756.438617997474466, -141.9252034837220151 ) ) ;
#2256 = CARTESIAN_POINT ( 'NONE',  ( 1751.480817890554590, -618.8620318047337605, -2774.602528668936884 ) ) ;
#2257 = CARTESIAN_POINT ( 'NONE',  ( -1550.496923614296747, 78.03811932338184931, -424.1001225481270467 ) ) ;
#2258 = CARTESIAN_POINT ( 'NONE',  ( -2161.734297264301858, 1713.693389135486768, -782.9836516238470949 ) ) ;
#2259 = CARTESIAN_POINT ( 'NONE',  ( -1349.504695480153032, 2911.603086807301679, -361.2067018400555298 ) ) ;
#2260 = CARTESIAN_POINT ( 'NONE',  ( -2814.515061054146827, 2576.391885851045572, -1196.493167261308827 ) ) ;
#2261 = CARTESIAN_POINT ( 'NONE',  ( -3157.220693863212546, -2030.283168521380276, -1441.415834350289970 ) ) ;
#2262 = CARTESIAN_POINT ( 'NONE',  ( -4541.879097351362361, 1162.764716066959409, -2959.780328564694628 ) ) ;
#2263 = EDGE_CURVE ( 'NONE', #1443, #440, #1419, .T. ) ;
#2264 = CARTESIAN_POINT ( 'NONE',  ( -711.6594172947377501, 2587.134284958592161, 182.9414036326679422 ) ) ;
#2265 = CARTESIAN_POINT ( 'NONE',  ( -5526.315481722700497, -2766.411620275764108, -4750.466908859978503 ) ) ;
#2266 = CARTESIAN_POINT ( 'NONE',  ( -5183.913123213455947, -476.3020145365737221, -3956.174139739902330 ) ) ;
#2267 = CARTESIAN_POINT ( 'NONE',  ( -824.0338006068860750, -1015.632907943972100, -115.7649856603120213 ) ) ;
#2268 = CARTESIAN_POINT ( 'NONE',  ( -1828.690693791877038, -2424.918032094538376, -539.7732672843360433 ) ) ;
#2269 = CARTESIAN_POINT ( 'NONE',  ( -1685.753717627933611, 1714.356143093323908, -496.9769121958954088 ) ) ;
#2270 = CARTESIAN_POINT ( 'NONE',  ( -1954.173808253148309, 2183.662543667540831, -664.2381147480915615 ) ) ;
#2271 = CARTESIAN_POINT ( 'NONE',  ( -1474.229125048977494, -1012.917912543194234, -406.4500864129335014 ) ) ;
#2272 = CARTESIAN_POINT ( 'NONE',  ( 1811.867301223467393, -2279.270860543043455, -2842.998702608751501 ) ) ;
#2273 = CARTESIAN_POINT ( 'NONE',  ( -3624.485586440229781, 1165.627771462668761, -1868.116143184889779 ) ) ;
#2274 = CARTESIAN_POINT ( 'NONE',  ( -4723.937251670990918, 71.16020984765575008, -3217.496529529429154 ) ) ;
#2275 = CARTESIAN_POINT ( 'NONE',  ( -659.8158313535170691, 3071.461796049457462, -56.85940932025444994 ) ) ;
#2276 = CARTESIAN_POINT ( 'NONE',  ( -1294.911987522304116, -2414.144240980620452, -157.3227686492413397 ) ) ;
#2277 = CARTESIAN_POINT ( 'NONE',  ( -5418.403863665020253, 2900.948934838056630, -4510.730480110299141 ) ) ;
#2278 = CARTESIAN_POINT ( 'NONE',  ( -440.8066628757699732, 1702.155379068856519, 17.57538911504240176 ) ) ;
#2279 = PRODUCT_CONTEXT ( 'NONE', #2095, 'mechanical' ) ;
#2280 = CARTESIAN_POINT ( 'NONE',  ( -4828.302529050168232, -1020.065099652276672, -3336.842634988713144 ) ) ;
#2281 = CARTESIAN_POINT ( 'NONE',  ( -673.3646893078315543, -1019.098774374787922, -66.47899552326543926 ) ) ;
#2282 = CARTESIAN_POINT ( 'NONE',  ( -540.8421742632331188, 2569.161354858340474, 164.3117356057794041 ) ) ;
#2283 = CARTESIAN_POINT ( 'NONE',  ( -1257.583007982260369, 1169.622269603378300, -293.1158478553220448 ) ) ;
#2284 = CARTESIAN_POINT ( 'NONE',  ( -1901.520519795964219, -2922.287660046692963, -618.5518188521040202 ) ) ;
#2285 = CARTESIAN_POINT ( 'NONE',  ( -1387.685542019534978, -2027.874156708428245, -363.0953653964978685 ) ) ;
#2286 = CARTESIAN_POINT ( 'NONE',  ( -2539.088959198422799, -2425.020216618476297, -1137.381810203343093 ) ) ;
#2287 = CARTESIAN_POINT ( 'NONE',  ( -3846.108426830843655, 2634.749886964845246, -2094.848604603749209 ) ) ;
#2288 = CARTESIAN_POINT ( 'NONE',  ( -4812.632738217464066, -2489.797024947255977, -3344.127293939825904 ) ) ;
#2289 = CARTESIAN_POINT ( 'NONE',  ( -724.1744169801304452, -2428.645326559257228, 145.6412608799553539 ) ) ;
#2290 = CARTESIAN_POINT ( 'NONE',  ( -5419.289715433566016, 1158.531582986870262, -4505.895688112947028 ) ) ;
#2291 = CARTESIAN_POINT ( 'NONE',  ( -4826.789018294412017, 616.2946387210195098, -3340.422285190482853 ) ) ;
#2292 = CARTESIAN_POINT ( 'NONE',  ( -482.9402264980816426, -2039.023602933556276, -21.33609117069758554 ) ) ;
#2293 = EDGE_CURVE ( 'NONE', #573, #1443, #125, .T. ) ;
#2294 = CARTESIAN_POINT ( 'NONE',  ( -357.9790453047273786, 2553.853753712098296, 503.5498760330037271 ) ) ;
#2295 = CARTESIAN_POINT ( 'NONE',  ( -1325.326046143267831, 2184.506700205475681, -326.2765363999471333 ) ) ;
#2296 = CARTESIAN_POINT ( 'NONE',  ( -1142.925181327614155, 624.3497539074630822, -263.8390957177752512 ) ) ;
#2297 = CARTESIAN_POINT ( 'NONE',  ( -2358.683855253290403, -2425.872283888365018, -1420.751771768160097 ) ) ;
#2298 = CARTESIAN_POINT ( 'NONE',  ( -2509.900654587230292, 1167.811155861194948, -976.7544791578682180 ) ) ;
#2299 = CARTESIAN_POINT ( 'NONE',  ( -3605.957958119087380, 3074.670702094302214, -1884.500485919671746 ) ) ;
#2300 = CARTESIAN_POINT ( 'NONE',  ( -3155.252829960872987, 2575.923805024972353, -1489.089666119036337 ) ) ;
#2301 = CARTESIAN_POINT ( 'NONE',  ( -5495.675907378218653, -478.3374201271734592, -4683.968171559112307 ) ) ;
#2302 = CARTESIAN_POINT ( 'NONE',  ( -477.8731999756094524, 2172.810400608844702, 9.743643192830770516 ) ) ;
#2303 = CARTESIAN_POINT ( 'NONE',  ( -5182.063201292098711, 2175.205022185992675, -3962.664009681367133 ) ) ;
#2304 = CARTESIAN_POINT ( 'NONE',  ( -597.8215118864937949, -1566.410307337680933, -47.52298367015212932 ) ) ;
#2305 = CARTESIAN_POINT ( 'NONE',  ( -5544.638663945371263, -2039.112654381786342, -4745.358578645369562 ) ) ;
#2306 = CARTESIAN_POINT ( 'NONE',  ( -1262.410555107627488, 78.70524529612148967, -291.3138728094838825 ) ) ;
#2307 = CARTESIAN_POINT ( 'NONE',  ( -1298.949055852465108, 2184.519020529555291, -336.5589931119610583 ) ) ;
#2308 = CARTESIAN_POINT ( 'NONE',  ( -4726.629082418255166, -2427.298811819700404, -2732.981719125607469 ) ) ;
#2309 = CARTESIAN_POINT ( 'NONE',  ( -2174.102075497734404, 1168.294295121772620, -765.3210996966959101 ) ) ;
#2310 = CARTESIAN_POINT ( 'NONE',  ( -3838.654834086422397, -1016.810834178361233, -2103.549684361398704 ) ) ;
#2311 = CARTESIAN_POINT ( 'NONE',  ( -587.3901208184051939, 2902.948418695046712, -26.81734023744065354 ) ) ;
#2312 = CARTESIAN_POINT ( 'NONE',  ( -3867.350178399313336, 2573.810135565650853, -2154.859451659936440 ) ) ;
#2313 = CARTESIAN_POINT ( 'NONE',  ( -5373.795311126953493, -2492.664894221958093, -4386.872982484369459 ) ) ;
#2314 = CARTESIAN_POINT ( 'NONE',  ( -817.0863264154351100, -1015.671323489141514, -134.6232384205626431 ) ) ;
#2315 = CARTESIAN_POINT ( 'NONE',  ( -5073.582586153551347, -2763.595566842617245, -3740.503590524991523 ) ) ;
#2316 = ORIENTED_EDGE ( 'NONE', *, *, #1953, .F. ) ;
#2317 = CARTESIAN_POINT ( 'NONE',  ( -668.3986539342710103, 2177.626722596743548, -44.74510605116756068 ) ) ;
#2318 = CARTESIAN_POINT ( 'NONE',  ( -5544.830648195487811, -2493.656053365637945, -4744.005127426032232 ) ) ;
#2319 = CARTESIAN_POINT ( 'NONE',  ( -1266.600980192124780, -1012.209988045754244, -289.2635381518755935 ) ) ;
#2320 = CARTESIAN_POINT ( 'NONE',  ( -1312.322587564904325, 3078.399334953515336, -345.3865715996179802 ) ) ;
#2321 = CARTESIAN_POINT ( 'NONE',  ( -696.4025849055320805, -2423.491650515005858, 236.1036279986202828 ) ) ;
#2322 = CARTESIAN_POINT ( 'NONE',  ( -2380.605819546987277, 77.11003383766252739, -888.5292985572204998 ) ) ;
#2323 = CARTESIAN_POINT ( 'NONE',  ( -3616.518354124462348, -2031.387521749658163, -1877.443814429174836 ) ) ;
#2324 = CARTESIAN_POINT ( 'NONE',  ( -3236.168043510767802, 2575.738419340107157, -1556.901789200425128 ) ) ;
#2325 = CARTESIAN_POINT ( 'NONE',  ( -5354.862772976272026, 2628.627989022855218, -4364.842169489820662 ) ) ;
#2326 = CARTESIAN_POINT ( 'NONE',  ( -893.3653805995473931, -1559.564337529403247, -160.5602058857617465 ) ) ;
#2327 = CARTESIAN_POINT ( 'NONE',  ( -4266.308640081882004, 1709.260425690215015, -2571.854804758532737 ) ) ;
#2328 = ORIENTED_EDGE ( 'NONE', *, *, #242, .F. ) ;
#2329 = CARTESIAN_POINT ( 'NONE',  ( -593.5393640910193653, 3069.558946316774382, -6.309824308480211918 ) ) ;
#2330 = CARTESIAN_POINT ( 'NONE',  ( -5544.945838745562469, -2766.382092755981830, -4743.193056694432926 ) ) ;
#2331 = CARTESIAN_POINT ( 'NONE',  ( -1375.980712717321694, 2911.604806318199280, -351.1324464747768275 ) ) ;
#2332 = CARTESIAN_POINT ( 'NONE',  ( -1256.571991289428752, -466.8116213395406930, -308.6398674800136064 ) ) ;
#2333 = FACE_OUTER_BOUND ( 'NONE', #1984, .T. ) ;
#2334 = CARTESIAN_POINT ( 'NONE',  ( -2116.664740116219036, -2483.130697018058072, -719.4580037611241323 ) ) ;
#2335 = CARTESIAN_POINT ( 'NONE',  ( -4248.748711428162096, 2906.185511068913456, -2586.164237452885118 ) ) ;
#2336 = CARTESIAN_POINT ( 'NONE',  ( -2368.487780176550586, 1508.725844922232682, -911.0218790535831204 ) ) ;
#2337 = CARTESIAN_POINT ( 'NONE',  ( -5404.825322497410525, -1023.176036604508568, -4463.399049128295701 ) ) ;
#2338 = EDGE_CURVE ( 'NONE', #781, #1264, #2097, .T. ) ;
#2339 = CARTESIAN_POINT ( 'NONE',  ( -998.9100493343652261, 78.15255896673470204, -202.9417379834708299 ) ) ;
#2340 = CARTESIAN_POINT ( 'NONE',  ( -4466.269557934476325, -1018.668071956855215, -2816.310876693685259 ) ) ;
#2341 = CARTESIAN_POINT ( 'NONE',  ( -333.8565961874306822, 1153.411059951597508, 67.20750437310728387 ) ) ;
#2342 = CARTESIAN_POINT ( 'NONE',  ( -5421.784917301873975, 1704.117341302823888, -4463.011479023189167 ) ) ;
#2343 = CARTESIAN_POINT ( 'NONE',  ( -1163.071662232541485, -2754.353765914392625, -237.7614204044031965 ) ) ;
#2344 = CARTESIAN_POINT ( 'NONE',  ( -1303.901544217905894, 1169.356450341057325, -335.3051892370098130 ) ) ;
#2345 = CARTESIAN_POINT ( 'NONE',  ( -717.6511498790283667, 2587.286019671751092, 180.1322464634011169 ) ) ;
#2346 = CARTESIAN_POINT ( 'NONE',  ( -2517.626143934010543, -1559.459559307378868, -973.0403241700672652 ) ) ;
#2347 = CARTESIAN_POINT ( 'NONE',  ( -4445.008339481937583, 2905.526810688704245, -2835.221363963592012 ) ) ;
#2348 = CARTESIAN_POINT ( 'NONE',  ( -2368.299811668900475, 1952.440738435760750, -912.3438665235045164 ) ) ;
#2349 = CARTESIAN_POINT ( 'NONE',  ( -5305.450239818818773, 2174.384664980147136, -4255.675176333856143 ) ) ;
#2350 = CARTESIAN_POINT ( 'NONE',  ( -365.1995919465953193, 609.3321892454133604, 27.50055706787020782 ) ) ;
#2351 = APPLICATION_CONTEXT ( 'automotive_design' ) ;
#2352 = CARTESIAN_POINT ( 'NONE',  ( -700.6840480883265627, 1163.440476880310825, -85.19114473416365740 ) ) ;
#2353 = CARTESIAN_POINT ( 'NONE',  ( -4464.983910055923843, 72.23899754194016509, -2818.464205492175097 ) ) ;
#2354 = ORIENTED_EDGE ( 'NONE', *, *, #1037, .F. ) ;
#2355 = CARTESIAN_POINT ( 'NONE',  ( -335.4972117931409912, 2622.868692930454017, 91.11967284381995569 ) ) ;
#2356 = CARTESIAN_POINT ( 'NONE',  ( -5424.063865048956359, -2932.227411209693400, -4449.951282275397716 ) ) ;
#2357 = CARTESIAN_POINT ( 'NONE',  ( -1126.511135576270362, -2754.357496776736753, -222.5647436192480484 ) ) ;
#2358 = CARTESIAN_POINT ( 'NONE',  ( -1041.466098247375385, 2639.138290541057813, -228.1193884113618537 ) ) ;
#2359 = CARTESIAN_POINT ( 'NONE',  ( -711.6686481325363047, -766.1011671739771600, 144.9641495520110652 ) ) ;
#2360 = CARTESIAN_POINT ( 'NONE',  ( -1806.465905854267021, -2922.094464597678780, -544.7624081645333263 ) ) ;
#2361 = CARTESIAN_POINT ( 'NONE',  ( -2508.508604918895799, -2483.754548438873826, -987.9985656173984125 ) ) ;
#2362 = B_SPLINE_SURFACE_WITH_KNOTS ( 'NONE', 3, 3, ( 
 ( #1320, #934, #2525, #2297, #1307, #1523, #2096 ),
 ( #2308, #1736, #1142, #1910, #2513, #922, #528 ),
 ( #317, #539, #958, #2286, #750, #1712, #167 ),
 ( #713, #969, #1348, #1115, #1502, #2321, #1127 ) ),
 .UNSPECIFIED., .F., .F., .F.,
 ( 4, 4 ),
 ( 4, 1, 1, 1, 4 ),
 ( -0.4585431195254580650, 0.04168573813867709754 ),
 ( -0.4391395332284565578, 0.7903364097855000159, 2.265707541402247838, 3.741078673018995548, 4.970554616032951678 ),
 .UNSPECIFIED. ) ;
#2363 = CARTESIAN_POINT ( 'NONE',  ( -2369.618868060169916, -1161.585312697648533, -903.0656053410149298 ) ) ;
#2364 = CARTESIAN_POINT ( 'NONE',  ( -5274.006545323039063, -2764.793307125178217, -4171.182712396917850 ) ) ;
#2365 = CARTESIAN_POINT ( 'NONE',  ( -3231.049780913828727, -2424.485276725278254, -1509.678746465237282 ) ) ;
#2366 = CARTESIAN_POINT ( 'NONE',  ( -4555.672614865045034, 2905.229032769517744, -2950.924671141426188 ) ) ;
#2367 = CARTESIAN_POINT ( 'NONE',  ( -330.7730583851675306, -1028.075201822158306, 32.14957358283169242 ) ) ;
#2368 = CARTESIAN_POINT ( 'NONE',  ( -5482.914197817442982, 2900.672487999918758, -4612.723113166668554 ) ) ;
#2369 = CARTESIAN_POINT ( 'NONE',  ( -1103.771929412518830, 2639.499535417160587, -233.1498344773415852 ) ) ;
#2370 = CARTESIAN_POINT ( 'NONE',  ( -1043.917083151755378, 2184.610500911675445, -227.7224040569270187 ) ) ;
#2371 = EDGE_CURVE ( 'NONE', #757, #560, #454, .T. ) ;
#2372 = CARTESIAN_POINT ( 'NONE',  ( -696.0464846495515303, 3072.360570340920276, -72.93922782389024917 ) ) ;
#2373 = CARTESIAN_POINT ( 'NONE',  ( -728.1109752916113393, 2604.218002744378737, 172.4148443297062840 ) ) ;
#2374 = CARTESIAN_POINT ( 'NONE',  ( -1791.443553485448547, 1714.262285732949977, -551.8709896862307005 ) ) ;
#2375 = CARTESIAN_POINT ( 'NONE',  ( -2505.187340247530301, -1014.059978687439752, -990.5624312814165933 ) ) ;
#2376 = CARTESIAN_POINT ( 'NONE',  ( -1796.156285171759919, -2482.758398816799854, -563.3584554463301401 ) ) ;
#2377 = CARTESIAN_POINT ( 'NONE',  ( -2369.910347388978153, -1849.640986798536687, -901.0154942098547508 ) ) ;
#2378 = CARTESIAN_POINT ( 'NONE',  ( -5201.279585907177534, 1159.827117906807871, -4039.878628735891652 ) ) ;
#2379 = CARTESIAN_POINT ( 'NONE',  ( -3865.763872992522920, -2425.719287438639640, -2107.054659560660639 ) ) ;
#2380 = CARTESIAN_POINT ( 'NONE',  ( -4560.615896765134494, -1019.007784254385911, -2943.782770609886029 ) ) ;
#2381 = ORIENTED_EDGE ( 'NONE', *, *, #348, .F. ) ;
#2382 = CARTESIAN_POINT ( 'NONE',  ( -370.4246787476806730, 63.73144340596853397, 38.38809683893560987 ) ) ;
#2383 = CARTESIAN_POINT ( 'NONE',  ( -5483.477870170633651, 1703.707801040033246, -4609.302601699688239 ) ) ;
#2384 = CARTESIAN_POINT ( 'NONE',  ( -1155.378030581197436, -466.4910053117703228, -243.2367060346586811 ) ) ;
#2385 = CARTESIAN_POINT ( 'NONE',  ( -1132.546820649561823, 2639.482274303617032, -267.0838225061494882 ) ) ;
#2386 = CARTESIAN_POINT ( 'NONE',  ( -713.1368298986200216, -2429.270246079329354, 152.3329223878209007 ) ) ;
#2387 = CARTESIAN_POINT ( 'NONE',  ( -1697.660371977734485, -1558.362372441538128, -492.5562736412368849 ) ) ;
#2388 = CARTESIAN_POINT ( 'NONE',  ( -2374.302490172505713, -1559.306587050184817, -902.9278677438468321 ) ) ;
#2389 = CARTESIAN_POINT ( 'NONE',  ( -1676.643029076641142, 1714.299236155615517, -514.7818462350496702 ) ) ;
#2390 = CARTESIAN_POINT ( 'NONE',  ( -2369.092963472768588, 79.88157650957444389, -906.7646222645217904 ) ) ;
#2391 = CARTESIAN_POINT ( 'NONE',  ( -5055.956870438600163, -2490.905720560273494, -3750.986932078242717 ) ) ;
#2392 = CARTESIAN_POINT ( 'NONE',  ( -2389.833879793275628, 2593.798254729016207, -904.5474008595207351 ) ) ;
#2393 = CARTESIAN_POINT ( 'NONE',  ( -3631.399557020203702, -2758.609871479053254, -1861.531331350434357 ) ) ;
#2394 = EDGE_LOOP ( 'NONE', ( #2508, #174, #1214, #1174 ) ) ;
#2395 = CARTESIAN_POINT ( 'NONE',  ( -367.6122950111592900, -2042.054788586018958, 7.024149641025054791 ) ) ;
#2396 = CARTESIAN_POINT ( 'NONE',  ( -5391.824353375197461, -2038.089239786968392, -4379.978369697499147 ) ) ;
#2397 = CARTESIAN_POINT ( 'NONE',  ( -1228.272857916846988, -466.6137687976130906, -274.4117017277917512 ) ) ;
#2398 = CARTESIAN_POINT ( 'NONE',  ( -1002.991397015446069, -1012.714715246513720, -201.7084104544744037 ) ) ;
#2399 = CARTESIAN_POINT ( 'NONE',  ( -137.9853456892766417, 602.9541845790346315, 95.99123847066071846 ) ) ;
#2400 = CARTESIAN_POINT ( 'NONE',  ( -717.5446453173630061, 2570.656370944710488, 179.9136208931352883 ) ) ;
#2401 = CARTESIAN_POINT ( 'NONE',  ( -1754.202159545624454, 2183.997512363701389, -533.8412666077445010 ) ) ;
#2402 = CARTESIAN_POINT ( 'NONE',  ( -2507.564321165680667, -2029.209966072372026, -988.8470104055114689 ) ) ;
#2403 = CARTESIAN_POINT ( 'NONE',  ( -1670.181151921975015, 3077.932632262421521, -515.8465955234878493 ) ) ;
#2404 = CARTESIAN_POINT ( 'NONE',  ( -2370.019615877234628, -2107.574695358488952, -900.2469608984999923 ) ) ;
#2405 = CARTESIAN_POINT ( 'NONE',  ( -5051.852054589323416, 2903.018311792068289, -3763.755787406733816 ) ) ;
#2406 = EDGE_CURVE ( 'NONE', #1443, #781, #927, .T. ) ;
#2407 = CARTESIAN_POINT ( 'NONE',  ( -367.1933039370856022, 3063.511280926887139, 65.10354217396805154 ) ) ;
#2408 = CARTESIAN_POINT ( 'NONE',  ( -3200.637278495845749, -2424.446519538125358, -1484.174953177855969 ) ) ;
#2409 = CARTESIAN_POINT ( 'NONE',  ( -3685.105534864721449, -2425.292372293054086, -1951.486196075533599 ) ) ;
#2410 = CARTESIAN_POINT ( 'NONE',  ( -2299.665012716477122, 2576.631130586568815, -868.9194282786413623 ) ) ;
#2411 = CARTESIAN_POINT ( 'NONE',  ( -5325.089388347692875, -477.0879761163010926, -4240.157235558976936 ) ) ;
#2412 = CARTESIAN_POINT ( 'NONE',  ( -1030.816655006729434, 2639.054438597839635, -201.7012465750762260 ) ) ;
#2413 = CARTESIAN_POINT ( 'NONE',  ( 1770.347040423190265, 1049.619389647982416, -2619.841035414392081 ) ) ;
#2414 = CARTESIAN_POINT ( 'NONE',  ( -1900.786413996847841, 623.2198792655145780, -606.8148147714383640 ) ) ;
#2415 = CARTESIAN_POINT ( 'NONE',  ( -2174.476469852376340, -2483.271679560009034, -777.1039904610089479 ) ) ;
#2416 = CARTESIAN_POINT ( 'NONE',  ( -1639.192273724325105, 2184.007585097040646, -497.2429604843220545 ) ) ;
#2417 = CARTESIAN_POINT ( 'NONE',  ( -2369.585162902048978, -1082.031324352866477, -903.3026391651721951 ) ) ;
#2418 = CARTESIAN_POINT ( 'NONE',  ( -5163.769954330911787, 2902.440769292215919, -3973.593128382419764 ) ) ;
#2419 = CARTESIAN_POINT ( 'NONE',  ( -4256.268561628953648, 2572.893526372508859, -2586.117800336631717 ) ) ;
#2420 = CARTESIAN_POINT ( 'NONE',  ( -3218.148959007795838, -2424.540046358211384, -1524.961737835699296 ) ) ;
#2421 = CARTESIAN_POINT ( 'NONE',  ( 1773.822896150930546, 1046.577616612500378, -2622.618497974870479 ) ) ;
#2422 = CARTESIAN_POINT ( 'NONE',  ( -5288.653668093477791, 2901.886795306146269, -4177.354387573710483 ) ) ;
#2423 = CARTESIAN_POINT ( 'NONE',  ( -1033.227065778032966, 2184.529625030219904, -201.3889219457206536 ) ) ;
#2424 = CARTESIAN_POINT ( 'NONE',  ( 1717.734096927094924, 2711.573529769975266, -2566.749537723439062 ) ) ;
#2425 = CARTESIAN_POINT ( 'NONE',  ( -1555.915758536291150, -1558.320188643582242, -421.7532087888366732 ) ) ;
#2426 = CARTESIAN_POINT ( 'NONE',  ( -1741.455340279763277, 2911.213018274514980, -552.1085917751391889 ) ) ;
#2427 = CARTESIAN_POINT ( 'NONE',  ( -4268.694259190809134, -2427.144717255353044, -2562.779613642046115 ) ) ;
#2428 = CARTESIAN_POINT ( 'NONE',  ( -5272.101683160629364, 613.9820282220296122, -4180.256657075058683 ) ) ;
#2429 = CARTESIAN_POINT ( 'NONE',  ( -666.1189457205462077, -473.6970324190883161, -82.19149139485314493 ) ) ;
#2430 = CARTESIAN_POINT ( 'NONE',  ( -210.1918150492676318, -1030.911703659099430, 42.26947466097361428 ) ) ;
#2431 = CARTESIAN_POINT ( 'NONE',  ( -727.7107156807326191, 2620.853356554453967, 171.9011498568015099 ) ) ;
#2432 = ORIENTED_EDGE ( 'NONE', *, *, #2371, .F. ) ;
#2433 = CARTESIAN_POINT ( 'NONE',  ( -724.1819657530085124, -2428.975702917513445, 145.6393209769487100 ) ) ;
#2434 = CARTESIAN_POINT ( 'NONE',  ( -5292.094829795042642, -2931.425754734354086, -4162.003235219215640 ) ) ;
#2435 = CARTESIAN_POINT ( 'NONE',  ( -1012.173325792023320, -1558.094249064783526, -182.3513544864146354 ) ) ;
#2436 = CARTESIAN_POINT ( 'NONE',  ( 1792.684203387830848, 1051.122349041530015, -2638.209586857567501 ) ) ;
#2437 = CARTESIAN_POINT ( 'NONE',  ( -1543.789381593001053, 1714.397056732164174, -425.8085617464176380 ) ) ;
#2438 = CARTESIAN_POINT ( 'NONE',  ( -1539.660087013846351, 623.4341204051482919, -442.7270408727577546 ) ) ;
#2439 = CARTESIAN_POINT ( 'NONE',  ( -3228.932606467283222, 2575.838757986325618, -1524.563536607162632 ) ) ;
#2440 = CARTESIAN_POINT ( 'NONE',  ( -3851.275233259354991, 74.14436777233660791, -2091.510741859057362 ) ) ;
#2441 = CARTESIAN_POINT ( 'NONE',  ( -4450.314897372546511, -1018.710740126767405, -2828.377430104828363 ) ) ;
#2442 = CARTESIAN_POINT ( 'NONE',  ( -321.9359930617422947, -2770.003621677846240, -14.93954577655551574 ) ) ;
#2443 = CARTESIAN_POINT ( 'NONE',  ( -724.1819657530083987, -2428.975702917512990, 145.6393209769486816 ) ) ;
#2444 = CARTESIAN_POINT ( 'NONE',  ( -4253.223497033369313, -2427.187533380269542, -2575.454537402091773 ) ) ;
#2445 = CARTESIAN_POINT ( 'NONE',  ( -1263.673618676204569, 2578.823060512157554, -206.0574044322844429 ) ) ;
#2446 = CARTESIAN_POINT ( 'NONE',  ( -5325.389671947131319, -1022.540466728522006, -4238.681319234918192 ) ) ;
#2447 = CARTESIAN_POINT ( 'NONE',  ( -992.9614988153971353, 2911.399291071331845, -185.7871858345785938 ) ) ;
#2448 = CARTESIAN_POINT ( 'NONE',  ( -734.9311319257752757, 907.6201936667731616, 175.2576883587970826 ) ) ;
#2449 = CARTESIAN_POINT ( 'NONE',  ( -1681.489936804548279, 2638.596509642183264, -497.7587012166774230 ) ) ;
#2450 = CARTESIAN_POINT ( 'NONE',  ( -1958.344405790012388, 1168.510320431062382, -663.3116084437277777 ) ) ;
#2451 = EDGE_CURVE ( 'NONE', #1264, #573, #2036, .T. ) ;
#2452 = CARTESIAN_POINT ( 'NONE',  ( -1388.903494014746684, -2482.420349345317391, -362.2566094675347586 ) ) ;
#2453 = CARTESIAN_POINT ( 'NONE',  ( -2034.133281869198754, 2577.508642223619063, -675.7083772461245417 ) ) ;
#2454 = CARTESIAN_POINT ( 'NONE',  ( -3150.094646216039564, 1166.683860292340114, -1446.156856966503256 ) ) ;
#2455 = CARTESIAN_POINT ( 'NONE',  ( -4721.046469524170789, 2631.762031524840040, -3222.399015855482503 ) ) ;
#2456 = CARTESIAN_POINT ( 'NONE',  ( -2385.691086318508951, -756.2772756700790069, -891.1544715618248347 ) ) ;
#2457 = CARTESIAN_POINT ( 'NONE',  ( -5496.358064224930786, -2038.936582866231447, -4679.378173440281898 ) ) ;
#2458 = CARTESIAN_POINT ( 'NONE',  ( 1811.867301223467393, -2279.270860543043455, -2842.998702608751501 ) ) ;
#2459 = CARTESIAN_POINT ( 'NONE',  ( -5323.259361691420054, 2628.961635432866387, -4248.307396582142246 ) ) ;
#2460 = CARTESIAN_POINT ( 'NONE',  ( -996.8718585931842426, -2755.234784556737850, -173.8225171516602927 ) ) ;
#2461 = CARTESIAN_POINT ( 'NONE',  ( -724.1819657530083987, -2428.975702917512990, 145.6393209769486816 ) ) ;
#2462 = CARTESIAN_POINT ( 'NONE',  ( -1480.959129851477428, -467.4069184380923616, -389.1063405895115466 ) ) ;
#2463 = CARTESIAN_POINT ( 'NONE',  ( -2107.127256131973809, -2755.912966699639583, -736.1777760928331418 ) ) ;
#2464 = CARTESIAN_POINT ( 'NONE',  ( -1373.631392511393187, 1714.567443629249283, -368.2668711660266467 ) ) ;
#2465 = CARTESIAN_POINT ( 'NONE',  ( -2310.040760736145330, 2576.681371812095676, -852.8042805683865026 ) ) ;
#2466 = CARTESIAN_POINT ( 'NONE',  ( -3855.477228457437832, -2759.184284624303018, -2086.231598094755554 ) ) ;
#2467 = CARTESIAN_POINT ( 'NONE',  ( -4452.064006310140940, -2761.130681100927632, -2824.534620852190073 ) ) ;
#2468 = CARTESIAN_POINT ( 'NONE',  ( -723.6418769076985882, 907.5862142510751482, 182.3721081262084738 ) ) ;
#2469 = CARTESIAN_POINT ( 'NONE',  ( -5420.616635638589287, -1568.729965790099413, -4498.187659312921824 ) ) ;
#2470 =( NAMED_UNIT ( * ) PLANE_ANGLE_UNIT ( ) SI_UNIT ( $, .RADIAN. ) );
#2471 = CARTESIAN_POINT ( 'NONE',  ( -129.0969526819616817, -2502.353146471536547, 29.34154906684144137 ) ) ;
#2472 = CARTESIAN_POINT ( 'NONE',  ( -4829.136126916153444, -2035.213748612512518, -3334.456529623009374 ) ) ;
#2473 = CARTESIAN_POINT ( 'NONE',  ( -674.1227603966092374, -2034.195886975018766, -72.82369919524597890 ) ) ;
#2474 = FACE_OUTER_BOUND ( 'NONE', #586, .T. ) ;
#2475 = CARTESIAN_POINT ( 'NONE',  ( -1679.316136187966322, 3077.989524047461600, -498.0541054014155407 ) ) ;
#2476 = CARTESIAN_POINT ( 'NONE',  ( -2169.268534243010890, -468.1235696968213347, -780.4721046005773815 ) ) ;
#2477 = CARTESIAN_POINT ( 'NONE',  ( -1362.682160841469567, 78.24448867010276842, -358.1516349564713551 ) ) ;
#2478 = PRESENTATION_STYLE_ASSIGNMENT (( #369 ) ) ;
#2479 = CARTESIAN_POINT ( 'NONE',  ( -3622.126886016784283, 2180.779449047368871, -1869.268724357436213 ) ) ;
#2480 = CARTESIAN_POINT ( 'NONE',  ( -4973.739170120517883, 2176.123654891136539, -3624.599838136848120 ) ) ;
#2481 = CARTESIAN_POINT ( 'NONE',  ( -717.9328953350874372, -766.4006893580625501, 178.3730869418416205 ) ) ;
#2482 = CARTESIAN_POINT ( 'NONE',  ( -5420.837544444917512, -2038.424960057126327, -4496.842210948655520 ) ) ;
#2483 = CARTESIAN_POINT ( 'NONE',  ( -128.2903873579138576, -2775.015077892790941, 23.49909246386079786 ) ) ;
#2484 = CARTESIAN_POINT ( 'NONE',  ( -5072.814399072964079, -1566.629983642583966, -3743.594098698127709 ) ) ;
#2485 = CARTESIAN_POINT ( 'NONE',  ( -597.1033347044001403, 69.83858693059588063, -33.56843978776038995 ) ) ;
#2486 = CARTESIAN_POINT ( 'NONE',  ( -268.6105360443172003, 2554.023323606231315, 367.7447308453228061 ) ) ;
#2487 = CARTESIAN_POINT ( 'NONE',  ( -1340.654224950580328, -1557.948675285498211, -320.8598241417128065 ) ) ;
#2488 = CARTESIAN_POINT ( 'NONE',  ( -1330.688993239221872, -1012.549324221768188, -340.0759752113448258 ) ) ;
#2489 =( NAMED_UNIT ( * ) SI_UNIT ( $, .STERADIAN. ) SOLID_ANGLE_UNIT ( ) );
#2490 = CARTESIAN_POINT ( 'NONE',  ( -2387.672169029855468, -2756.219238994764055, -883.8453357113468201 ) ) ;
#2491 = CARTESIAN_POINT ( 'NONE',  ( -3617.530116512653876, -2758.658699603007790, -1875.962446764780680 ) ) ;
#2492 = CARTESIAN_POINT ( 'NONE',  ( -2368.147427150076055, 2312.277359009557131, -913.4159539688132554 ) ) ;
#2493 = CARTESIAN_POINT ( 'NONE',  ( -5405.734171168300236, -2932.258978218057564, -4457.952725244398607 ) ) ;
#2494 = CARTESIAN_POINT ( 'NONE',  ( -4990.578740166123680, 2630.705524452284408, -3615.449211657667092 ) ) ;
#2495 = CARTESIAN_POINT ( 'NONE',  ( -483.5606200228224907, 3066.495746359928035, 39.61582693906630936 ) ) ;
#2496 = CARTESIAN_POINT ( 'NONE',  ( -89.88095173106083280, 2556.846540088672100, 96.18684359422212538 ) ) ;
#2497 = CARTESIAN_POINT ( 'NONE',  ( -1322.974465151720551, 2639.057644927392175, -326.7474767666447519 ) ) ;
#2498 = CARTESIAN_POINT ( 'NONE',  ( -1154.611781999404457, -2481.688099070651788, -256.9034828480006354 ) ) ;
#2499 = FACE_OUTER_BOUND ( 'NONE', #1227, .T. ) ;
#2500 = CARTESIAN_POINT ( 'NONE',  ( -2506.327351737962090, 2182.963007412364277, -977.6725412325608886 ) ) ;
#2501 = CARTESIAN_POINT ( 'NONE',  ( -4152.627925055368905, -472.2810176764670587, -2459.475901658587190 ) ) ;
#2502 = CARTESIAN_POINT ( 'NONE',  ( -587.8139423900290694, 2630.250298230132557, -29.42786088081710005 ) ) ;
#2503 = B_SPLINE_SURFACE_WITH_KNOTS ( 'NONE', 3, 3, ( 
 ( #887, #2265, #1506, #1679, #88, #926, #2086, #728, #532, #1096, #1664, #99, #1119, #1517, #704 ),
 ( #689, #2101, #310, #2457, #493, #287, #2301, #1107, #1288, #901, #1879, #508, #322, #1904, #2252 ),
 ( #123, #2074, #299, #1914, #1892, #875, #1324, #480, #110, #275, #1068, #677, #1469, #1690, #914 ),
 ( #1703, #1276, #2062, #2482, #2469, #1299, #1312, #522, #1495, #2290, #137, #1867, #1081, #2277, #1716 ),
 ( #2493, #361, #740, #1753, #2138, #2337, #1365, #1924, #569, #1160, #160, #374, #950, #1946, #557 ),
 ( #1171, #1556, #2313, #197, #778, #2150, #1377, #387, #595, #1727, #1569, #767, #5, #347, #1968 ),
 ( #2505, #984, #1740, #1957, #1341, #1529, #1780, #543, #2126, #1148, #1936, #2517, #2325, #2162, #754 ),
 ( #171, #939, #1133, #962, #184, #2529, #1545, #973, #1352, #1767, #2541, #2349, #583, #1183, #791 ),
 ( #1581, #2364, #2111, #333, #148, #634, #647, #2224, #2428, #999, #844, #45, #1850, #2187, #1248 ),
 ( #1793, #2032, #1012, #1428, #608, #19, #260, #1594, #805, #2378, #411, #222, #1608, #1440, #1211 ),
 ( #425, #210, #399, #1224, #1622, #1823, #1402, #832, #1994, #1809, #1198, #1981, #2008, #2418, #32 ),
 ( #818, #1838, #2391, #621, #1052, #2213, #72, #1648, #2201, #1415, #235, #449, #858, #2405, #1025 ),
 ( #1390, #437, #1237, #2020, #248, #2174, #1040, #58, #1635, #2249, #899, #2480, #700, #84, #924 ),
 ( #1274, #1877, #2288, #477, #464, #1117, #870, #97, #1714, #659, #1261, #1065, #491, #1491, #2060 ),
 ( #285, #2072, #1701, #1912, #1078, #504, #687, #2274, #1104, #518, #1309, #2046, #2455, #1297, #2099 ),
 ( #675, #1478, #297, #885, #1864, #1286, #2084, #1093, #715, #2262, #1675, #272, #308, #108, #1662 ),
 ( #1902, #2467, #1504, #319, #1453, #2441, #120, #1890, #134, #1467, #2236, #912, #1688, #2347, #2123 ),
 ( #331, #1322, #1129, #1966, #158, #776, #971, #530, #195, #2109, #581, #1922, #936, #2335, #567 ),
 ( #2148, #145, #1724, #738, #948, #1542, #2501, #2160, #358, #1764, #1525, #541, #1144, #371, #1338 ),
 ( #1375, #1751, #385, #982, #752, #2310, #344, #1567, #1181, #1158, #1350, #1934, #2539, #2527, #1738 ),
 ( #2515, #2491, #765, #2323, #555, #2136, #169, #726, #1554, #1944, #1515, #1363, #960, #1169, #2299 ),
 ( #1955, #182, #1009, #1835, #1605, #434, #593, #1579, #1820, #789, #2221, #42, #1388, #396, #829 ),
 ( #232, #245, #2017, #422, #2210, #2005, #446, #1194, #1221, #802, #408, #1806, #29, #1978, #1412 ),
 ( #1022, #1619, #2361, #2402, #815, #2375, #631, #605, #1399, #1208, #841, #1591, #2172, #1245, #207 ),
 ( #2029, #257, #996, #1790, #2388, #1425, #2183, #16, #1991, #618, #1036, #1778, #219, #1234, #2198 ),
 ( #54, #1632, #2415, #643, #1437, #3, #2476, #1463, #1061, #281, #2258, #2056, #459, #881, #894 ),
 ( #1897, #2463, #1282, #115, #1305, #1873, #2068, #2092, #671, #514, #2042, #1671, #656, #1449, #1257 ),
 ( #1886, #1860, #866, #1658, #695, #1697, #486, #293, #1486, #2450, #1089, #2270, #1293, #908, #711 ),
 ( #2284, #1847, #69, #855, #1125, #142, #2535, #1334, #2144, #520, #85, #2250, #1094, #506, #1146 ),
 ( #1413, #2006, #2376, #70, #830, #1438, #606, #1010, #1606, #842, #1807, #208, #1050, #2211, #856 ),
 ( #1222, #1791, #220, #1246, #1646, #1620, #1821, #816, #2222, #435, #30, #619, #409, #2426, #1235 ),
 ( #1992, #632, #447, #2018, #1400, #657, #246, #17, #1592, #1038, #2389, #1426, #2030, #644, #2403 ),
 ( #1836, #1450, #2184, #55, #2199, #423, #233, #1023, #1209, #43, #1633, #2416, #258, #997, #1848 ),
 ( #397, #1195, #1979, #803, #684, #1062, #1294, #1685, #2438, #316, #909, #1487, #1501, #515, #723 ),
 ( #1698, #896, #131, #474, #2093, #2271, #81, #1113, #1874, #501, #1464, #867, #1909, #672, #1861 ),
 ( #1271, #1075, #2452, #2285, #2057, #1659, #1283, #2246, #1258, #2069, #2464, #105, #282, #696, #94 ),
 ( #2043, #269, #294, #712, #882, #2080, #1672, #2477, #305, #2233, #461, #1101, #1475, #2259, #1306 ),
 ( #1899, #921, #487, #1090, #1711, #2488, #116, #1887, #179, #1963, #1942, #1735, #1564, #748, #2320 ),
 ( #1155, #166, #1167, #1537, #1372, #1522, #355, #552, #1126, #2344, #1919, #2307, #192, #1347, #578 ),
 ( #968, #328, #1319, #1551, #527, #979, #2332, #538, #155, #2133, #957, #143, #1749, #2524, #761 ),
 ( #2106, #564, #1360, #2119, #2145, #341, #368, #2512, #933, #1952, #1760, #1721, #2157, #2536, #773 ),
 ( #381, #1178, #2498, #1335, #735, #1775, #2550, #1512, #2296, #1140, #946, #1931, #2385, #393, #1384 ),
 ( #51, #405, #2207, #628, #590, #838, #2169, #1231, #1190, #204, #229, #1019, #39, #826, #1975 ),
 ( #13, #1205, #1801, #993, #241, #1601, #1422, #1787, #1588, #1396, #1616, #2370, #2358, #2014, #419 ),
 ( #431, #799, #1816, #1033, #1830, #615, #812, #602, #1629, #1218, #2180, #1988, #216, #786, #2002 ),
 ( #1409, #1006, #2195, #1576, #26, #2398, #793, #2339, #1149, #1743, #2163, #349, #336, #987, #741 ),
 ( #1583, #533, #1135, #940, #362, #1366, #1937, #1730, #161, #1947, #1571, #1782, #951, #375, #558 ),
 ( #974, #388, #1184, #1926, #2326, #1328, #2113, #1958, #150, #2506, #768, #2519, #7, #2151, #755 ),
 ( #1531, #2543, #2530, #1354, #1770, #2314, #963, #1546, #584, #2139, #1162, #1970, #172, #1755, #187 ),
 ( #198, #546, #1558, #571, #1342, #1378, #2128, #1172, #779, #2352, #698, #1489, #652, #1527, #2372 ),
 ( #1802, #1728, #1557, #73, #1649, #2047, #2429, #2237, #1676, #660, #465, #1865, #871, #1492, #2275 ),
 ( #505, #519, #1105, #1310, #135, #320, #121, #1130, #146, #937, #1339, #1725, #2502, #2311, #1526 ),
 ( #2124, #345, #1145, #2546, #201, #1030, #783, #1769, #985, #570, #2188, #412, #819, #2081, #2120 ),
 ( #342, #1141, #1932, #2094, #117, #749, #1538, #1643, #661, #701, #902, #2302, #1325, #1433, #1925 ),
 ( #2025, #1046, #64, #718, #1507, #1313, #851, #2229, #2038, #1691, #2278, #311, #124, #1704, #185 ),
 ( #1161, #1754, #1768, #1969, #2542, #544, #1570, #149, #2350, #1851, #1677, #1041, #1623, #450, #2407 ),
 ( #635, #2442, #1839, #2048, #466, #2214, #1225, #59, #438, #846, #1441, #249, #1637, #1249, #261 ),
 ( #1455, #1066, #1053, #1852, #86, #2430, #662, #2238, #1262, #872, #1193, #1534, #1302, #1110, #1086 ),
 ( #1881, #2483, #2471, #2087, #666, #1070, #679, #889, #2399, #1803, #498, #1498, #1602, #1832, #1454 ),
 ( #478, #300, #762, #1624, #250, #1027, #400, #1250, #236, #1595, #2189, #60, #806, #792, #1442 ) ),
 .UNSPECIFIED., .F., .F., .F.,
 ( 4, 2, 2, 2, 2, 2, 2, 2, 2, 2, 2, 2, 2, 2, 2, 2, 2, 2, 2, 2, 2, 2, 2, 2, 2, 2, 2, 2, 2, 4 ),
 ( 4, 1, 1, 1, 1, 1, 1, 1, 1, 1, 1, 1, 4 ),
 ( 0.000000000000000000, 0.03125000000000000000, 0.04687500000000000000, 0.06250000000000000000, 0.09375000000000000000, 0.1250000000000000000, 0.1875000000000000000, 0.2500000000000000000, 0.3125000000000000000, 0.3750000000000000000, 0.5000000000000000000, 0.6250000000000000000, 0.6875000000000000000, 0.7187500000000000000, 0.7500000000000000000, 0.7656250000000000000, 0.7812500000000000000, 0.8125000000000000000, 0.8203125000000000000, 0.8281250000000000000, 0.8437500000000000000, 0.8593750000000000000, 0.8671875000000000000, 0.8750000000000000000, 0.9062500000000000000, 0.9218750000000000000, 0.9375000000000000000, 0.9531250000000000000, 0.9687500000000000000, 1.000000000000000000 ),
 ( 0.000000000000000000, 0.08333333333293493905, 0.1363636363629970316, 0.2272727272717045000, 0.3181818181804624834, 0.4090909090892879130, 0.4999999999982009391, 0.5909090909072247655, 0.6818181818163863150, 0.7727272727257152862, 0.8636363636352455408, 0.9166666666659127882, 1.000000000000000000 ),
 .UNSPECIFIED. ) ;
#2504 = CARTESIAN_POINT ( 'NONE',  ( -2368.035628158779673, 2576.541211959139218, -914.2033560317322554 ) ) ;
#2505 = CARTESIAN_POINT ( 'NONE',  ( -5357.806646712293514, -2931.956589972479833, -4349.600160551248337 ) ) ;
#2506 = CARTESIAN_POINT ( 'NONE',  ( -884.5051913542645252, 1167.552789296958508, -158.4180733107876620 ) ) ;
#2507 = CARTESIAN_POINT ( 'NONE',  ( -4994.438341647363814, -2035.948903456132030, -3604.798894194887907 ) ) ;
#2508 = ORIENTED_EDGE ( 'NONE', *, *, #1953, .T. ) ;
#2509 = CARTESIAN_POINT ( 'NONE',  ( -669.3589494831160209, 1707.972500709961651, -48.13165049411815488 ) ) ;
#2510 = CARTESIAN_POINT ( 'NONE',  ( -5542.859609894232563, 2172.989509535452726, -4757.900559944524502 ) ) ;
#2511 = CARTESIAN_POINT ( 'NONE',  ( -1271.222550455451255, -2481.912048106182738, -286.0881348729454317 ) ) ;
#2512 = CARTESIAN_POINT ( 'NONE',  ( -1218.122344950048046, 78.78282195067205862, -293.8394778500075972 ) ) ;
#2513 = CARTESIAN_POINT ( 'NONE',  ( -1278.502903982331645, -2419.161823489480412, -508.9373531015934873 ) ) ;
#2514 = CARTESIAN_POINT ( 'NONE',  ( -2371.547330803440218, 2637.716309865679705, -891.0563991227046472 ) ) ;
#2515 = CARTESIAN_POINT ( 'NONE',  ( -3617.748943001046428, -2925.324979061497288, -1875.610325569799897 ) ) ;
#2516 = CARTESIAN_POINT ( 'NONE',  ( -3216.031705268066162, 2575.787580783156500, -1539.846479875987370 ) ) ;
#2517 = CARTESIAN_POINT ( 'NONE',  ( -5355.121999419514395, 2174.084176171647414, -4363.637249739203071 ) ) ;
#2518 =( NAMED_UNIT ( * ) PLANE_ANGLE_UNIT ( ) SI_UNIT ( $, .RADIAN. ) );
#2519 = CARTESIAN_POINT ( 'NONE',  ( -880.3401551336451121, 2182.628716231194630, -156.9332257065705107 ) ) ;
#2520 = CARTESIAN_POINT ( 'NONE',  ( -4169.850877414075512, -2032.839078816270558, -2443.428610685063632 ) ) ;
#2521 = CARTESIAN_POINT ( 'NONE',  ( -594.2335136157662419, 2630.211681479990148, -10.46315981524437788 ) ) ;
#2522 = CARTESIAN_POINT ( 'NONE',  ( -4252.167566075532704, 72.87282703928188710, -2582.898736846097108 ) ) ;
#2523 = CARTESIAN_POINT ( 'NONE',  ( -1356.952527918618898, 3078.329214070294256, -343.1611497314480630 ) ) ;
#2524 = CARTESIAN_POINT ( 'NONE',  ( -1240.456296288849444, 2912.003411952846818, -313.8146610724185734 ) ) ;
#2525 = CARTESIAN_POINT ( 'NONE',  ( -3533.299051294979108, -2425.295730661267498, -2161.048625423302838 ) ) ;
#2526 = CARTESIAN_POINT ( 'NONE',  ( -2516.300055625988534, -1014.005758196668808, -973.9293362225830606 ) ) ;
#2527 = CARTESIAN_POINT ( 'NONE',  ( -3831.020700083205611, 2907.429994916801206, -2108.962478365739571 ) ) ;
#2528 = CARTESIAN_POINT ( 'NONE',  ( -2456.919431986325890, 2576.429549988080907, -971.2072263837443415 ) ) ;
#2529 = CARTESIAN_POINT ( 'NONE',  ( -5307.302302775431599, -1022.573530199259608, -4247.219707763718361 ) ) ;
#2530 = CARTESIAN_POINT ( 'NONE',  ( -819.8214555593938258, -2485.304575965689310, -137.8902022561868819 ) ) ;
#2531 = CARTESIAN_POINT ( 'NONE',  ( -4270.258786876233899, -1018.008979920311617, -2567.157516277859031 ) ) ;
#2532 = CARTESIAN_POINT ( 'NONE',  ( -371.0089356648786634, 609.1102426931363425, 46.58914783517544578 ) ) ;
#2533 = CARTESIAN_POINT ( 'NONE',  ( -5422.617154117067912, 67.76018871058144555, -4458.466782142237207 ) ) ;
#2534 = CARTESIAN_POINT ( 'NONE',  ( -1272.359821248451453, -2921.306696872993598, -285.0370458212358926 ) ) ;
#2535 = CARTESIAN_POINT ( 'NONE',  ( -1894.966379356646030, -467.7454135543700886, -622.8993909274703356 ) ) ;
#2536 = CARTESIAN_POINT ( 'NONE',  ( -1203.950696999354022, 2912.127697989007174, -298.3686191497763502 ) ) ;
#2537 = CARTESIAN_POINT ( 'NONE',  ( -722.8335735290446564, 2587.435850901692902, 176.1695625926624302 ) ) ;
#2538 = CARTESIAN_POINT ( 'NONE',  ( -1979.942624915979195, -2755.672652783408921, -639.9000401819441777 ) ) ;
#2539 = CARTESIAN_POINT ( 'NONE',  ( -3831.655111507097445, 2634.702554138956202, -2108.694700470393400 ) ) ;
#2540 = CARTESIAN_POINT ( 'NONE',  ( -2368.298787133913720, 1954.859846528836215, -912.3510740104520664 ) ) ;
#2541 = CARTESIAN_POINT ( 'NONE',  ( -5305.736208893868934, 1704.689303543675123, -4254.462266998183622 ) ) ;
#2542 = CARTESIAN_POINT ( 'NONE',  ( -362.4800314522878466, -1572.192962177741720, -5.290281930407591204 ) ) ;
#2543 = CARTESIAN_POINT ( 'NONE',  ( -820.1929578954183171, -2758.023017370510843, -138.4263719527627927 ) ) ;
#2544 = CARTESIAN_POINT ( 'NONE',  ( -4165.326546404098735, 1164.125931614095407, -2449.216185794271496 ) ) ;
#2545 = CARTESIAN_POINT ( 'NONE',  ( -220.5765448827221462, 1150.141915317882422, 103.6242839279181709 ) ) ;
#2546 = CARTESIAN_POINT ( 'NONE',  ( -553.2112812522927925, -2036.969730259026164, -60.62160550259174840 ) ) ;
#2547 = UNCERTAINTY_MEASURE_WITH_UNIT (LENGTH_MEASURE( 1.000000000000000082E-05 ), #1722, 'distance_accuracy_value', 'NONE');
#2548 = CARTESIAN_POINT ( 'NONE',  ( -5484.235963779029589, 67.35110045491705932, -4604.595585571328229 ) ) ;
#2549 = CARTESIAN_POINT ( 'NONE',  ( -1065.757438241586897, -1012.202489266231623, -204.6481913280245237 ) ) ;
#2550 = CARTESIAN_POINT ( 'NONE',  ( -1147.636062054348486, -466.5507675481267142, -261.6698585438708164 ) ) ;
ENDSEC;
END-ISO-10303-21;
