ISO-10303-21;
HEADER;
FILE_DESCRIPTION (( 'STEP AP203' ),
    '1' );
FILE_NAME ('Radome gauche V4.STEP',
    '2025-06-19T06:56:48',
    ( '' ),
    ( '' ),
    'SwSTEP 2.0',
    'SolidWorks 2023',
    '' );
FILE_SCHEMA (( 'CONFIG_CONTROL_DESIGN' ));
ENDSEC;

DATA;
#1 = CARTESIAN_POINT ( 'NONE',  ( 118.2706973987852734, -13.97604585517059839, 6.514539901189491999 ) ) ;
#2 = ORIENTED_EDGE ( 'NONE', *, *, #1636, .F. ) ;
#3 = FACE_OUTER_BOUND ( 'NONE', #1384, .T. ) ;
#4 = CARTESIAN_POINT ( 'NONE',  ( 281.6801476363883694, -4.554382070398983018, 6.500056005588577435 ) ) ;
#5 = CARTESIAN_POINT ( 'NONE',  ( 279.9612233395461089, -4.531019722953755213, 23.24999999818318486 ) ) ;
#6 = CIRCLE ( 'NONE', #4036, 0.4999999999999798495 ) ;
#7 = CARTESIAN_POINT ( 'NONE',  ( 152.8216890188534762, -12.21288314819104137, 5.999999999999993783 ) ) ;
#8 = CARTESIAN_POINT ( 'NONE',  ( 390.3109526179629256, -0.04999999999999504147, 310.5253352666349542 ) ) ;
#9 = CARTESIAN_POINT ( 'NONE',  ( 283.0681082334207304, -2.361073522583116979, 6.499999998183644934 ) ) ;
#10 = CIRCLE ( 'NONE', #3656, 2.000000000000000444 ) ;
#11 = ADVANCED_FACE ( 'NONE', ( #4894 ), #677, .F. ) ;
#12 = CARTESIAN_POINT ( 'NONE',  ( 328.3754000125882726, -3.773742164865901749, 338.5612318293294152 ) ) ;
#13 = ORIENTED_EDGE ( 'NONE', *, *, #2885, .T. ) ;
#14 = CARTESIAN_POINT ( 'NONE',  ( 284.1865592359131369, -2.016292417281407623, 23.24999999818381369 ) ) ;
#15 = CARTESIAN_POINT ( 'NONE',  ( 387.3961418388878428, -1.148546907791171190, 371.7300000000000750 ) ) ;
#16 = CARTESIAN_POINT ( 'NONE',  ( 139.5464095432502916, -13.46833350823628983, 21.54133012070460040 ) ) ;
#17 = AXIS2_PLACEMENT_3D ( 'NONE', #2208, #5976, #3563 ) ;
#18 = CARTESIAN_POINT ( 'NONE',  ( 281.2113039415556841, -2.398918195374635687, 23.24999999818360408 ) ) ;
#19 = SPHERICAL_SURFACE ( 'NONE', #7022, 0.5000000000000000000 ) ;
#20 = CARTESIAN_POINT ( 'NONE',  ( 285.2403783468918732, -3.691089787544995726, 20.82039284044225269 ) ) ;
#21 = CARTESIAN_POINT ( 'NONE',  ( 359.5877389442613321, -2.737507917153649384, 371.2299893998429638 ) ) ;
#22 = CARTESIAN_POINT ( 'NONE',  ( 259.9750966459839105, -6.973210109666571732, 6.500047648296151337 ) ) ;
#23 = CARTESIAN_POINT ( 'NONE',  ( 338.6120148109752677, -2.004508376494537281, 339.7299999999996203 ) ) ;
#24 = CARTESIAN_POINT ( 'NONE',  ( 134.1295261815390631, -13.04912935072023927, 7.223923209733733586 ) ) ;
#25 = CARTESIAN_POINT ( 'NONE',  ( 366.2454702206231900, -2.426126488518280055, 371.2299999281618170 ) ) ;
#26 = CARTESIAN_POINT ( 'NONE',  ( 298.0398903655106437, -6.647474658846727280, 127.9099999999999966 ) ) ;
#27 = CARTESIAN_POINT ( 'NONE',  ( 411.6679213980314671, 0.2688038476564192925, 371.7300000000000182 ) ) ;
#28 = CARTESIAN_POINT ( 'NONE',  ( 336.7820430718791727, -4.308034646506005316, 345.4379250910733390 ) ) ;
#29 = CARTESIAN_POINT ( 'NONE',  ( 278.9727310064357653, -5.114794558853433593, 233.5796742633445717 ) ) ;
#30 = DIRECTION ( 'NONE',  ( -0.000000000000000000, -1.000000000000000000, -0.000000000000000000 ) ) ;
#31 = CARTESIAN_POINT ( 'NONE',  ( 277.8178308891469328, -4.487806038947380394, 7.512038833254768733 ) ) ;
#32 = CYLINDRICAL_SURFACE ( 'NONE', #894, 1.000000000000000888 ) ;
#33 = CARTESIAN_POINT ( 'NONE',  ( 408.7365703903743679, -1.489069024501215921, 371.2300000000001887 ) ) ;
#34 = CARTESIAN_POINT ( 'NONE',  ( 219.9940646615101798, -4.514987558110150623, 249.8200000000000216 ) ) ;
#35 = ORIENTED_EDGE ( 'NONE', *, *, #1028, .F. ) ;
#36 = CARTESIAN_POINT ( 'NONE',  ( 201.0758506805182151, -10.51700405971292973, 127.9099999999999397 ) ) ;
#37 = CARTESIAN_POINT ( 'NONE',  ( 205.7638147893911196, -9.393697457901424741, 7.241475605009846106 ) ) ;
#38 = CARTESIAN_POINT ( 'NONE',  ( 163.8759738565270538, -12.61164617343620087, 6.499999998183635164 ) ) ;
#39 = EDGE_LOOP ( 'NONE', ( #3206, #3216, #1362, #7135 ) ) ;
#40 = CARTESIAN_POINT ( 'NONE',  ( 303.8965787984188864, -3.931567390363479131, 273.0001188197857687 ) ) ;
#41 = CARTESIAN_POINT ( 'NONE',  ( 281.5877096597678815, -4.601597055025458793, 6.500056003241994951 ) ) ;
#42 = CARTESIAN_POINT ( 'NONE',  ( 282.2258911915703834, -4.358141461593245225, 23.24999999818361474 ) ) ;
#43 = CARTESIAN_POINT ( 'NONE',  ( 280.3462701284803984, -6.189554731988302194, 249.8200000000001637 ) ) ;
#44 = CARTESIAN_POINT ( 'NONE',  ( 314.6102380227460458, -0.04999999999998656214, 93.53539460012258644 ) ) ;
#45 = CARTESIAN_POINT ( 'NONE',  ( 340.1646375205762070, -0.8554549908967215011, 206.5028492463161172 ) ) ;
#46 = EDGE_CURVE ( 'NONE', #1873, #120, #119, .T. ) ;
#47 = CARTESIAN_POINT ( 'NONE',  ( 282.6623337197517003, -4.301144364751647409, 21.21890901518092676 ) ) ;
#48 = ORIENTED_EDGE ( 'NONE', *, *, #5485, .F. ) ;
#49 = CARTESIAN_POINT ( 'NONE',  ( 283.0634197745055758, -2.252646691016982672, 23.24999999818358631 ) ) ;
#50 = CARTESIAN_POINT ( 'NONE',  ( 260.3215210281426835, -8.022203932226101841, 6.261710535853875825 ) ) ;
#51 = CARTESIAN_POINT ( 'NONE',  ( 365.9841020065570092, -2.439266049149735771, 371.2842540097900041 ) ) ;
#52 = EDGE_CURVE ( 'NONE', #7995, #2905, #1758, .T. ) ;
#53 = CARTESIAN_POINT ( 'NONE',  ( 154.2183317721688525, -12.13058007861625498, 7.509848272816307180 ) ) ;
#54 = VERTEX_POINT ( 'NONE', #4391 ) ;
#55 = CARTESIAN_POINT ( 'NONE',  ( 282.5774698548962078, -0.05000000000024066443, 7.812607182617054669 ) ) ;
#56 = CARTESIAN_POINT ( 'NONE',  ( 286.7345481387980044, -0.7339042797214965219, 20.63315285522201137 ) ) ;
#57 =( BOUNDED_SURFACE ( )  B_SPLINE_SURFACE ( 2, 3, ( 
 ( #126, #6289, #3716, #724, #1378, #7584, #687, #767, #6896, #6213, #5710, #5099, #3262, #3752, #2608, #1993, #3179, #5014, #4484, #6936, #5755, #1301, #6977, #166, #4940, #7541, #7430, #5669, #6250, #1259, #610, #649, #3792, #84, #6822, #2563, #1838, #4328, #1874, #14, #1221, #3102, #5591, #4365, #2490, #7502, #4977, #1911, #7466, #4400, #3142, #6857, #5630, #5053, #1953, #49, #2523, #4443, #1339, #933, #2071, #2806, #5835, #5919, #204, #3300, #3384, #246, #4567, #2726, #7062, #1584, #5259, #7102, #325, #3995, #1418, #1544, #7182, #5299, #6488, #4078, #4609, #3910, #6531, #7789, #6570, #1461, #3424, #4039, #888, #5220, #2192, #4649, #973, #1503, #4692, #3464, #5962, #7747, #2648, #5878, #3953, #6445, #6404, #849, #287, #2765, #4523, #2153, #5141, #7622, #7662, #5794, #2031, #809, #7015, #3342, #2686, #7708, #5180, #2111, #7140, #5426, #7262, #3632, #7346, #3592, #6697, #4158 ),
 ( #7915, #7959, #7998, #7385, #1060, #1665, #492, #2236, #1624, #4118, #2318, #5341, #6125, #1749, #6006, #6776, #7875, #1180, #6657, #6612, #1015, #2898, #2275, #3673, #4814, #5510, #3550, #6048, #7305, #1139, #453, #4202, #4772, #2937, #1709, #533, #1101, #6086, #2850, #367, #2976, #5468, #2363, #4859, #4244, #7835, #3022, #3505, #2404, #6738, #4897, #1791, #4283, #4731, #7220, #412, #5383, #3746, #2443, #1215, #5622, #7421, #5549, #604, #6888, #1292, #3710, #1830, #4475, #6851, #2557, #5702, #3172, #5662, #2517, #6282, #3786, #1253, #6244, #5089, #42, #7495, #4322, #4970, #6167, #3209, #6205, #680, #3096, #6815, #116, #5007, #1868, #5585, #3061, #5, #78, #2597, #641, #717, #4932, #2481, #569, #7574, #5047, #1905, #7534, #8035, #7459, #4436, #1985, #4359, #6966, #3135, #4394, #1944, #6930, #1332, #3822, #6318, #1369, #2103, #877, #2756, #278, #3944, #7093, #840, #3332, #5250 ),
 ( #2715, #3414, #7738, #2144, #3292, #4028, #7053, #7131, #1408, #4514, #4600, #1452, #5785, #6435, #197, #2797, #6478, #235, #1534, #5211, #2640, #4640, #317, #6519, #7699, #5290, #5825, #5133, #922, #5909, #7780, #2677, #2183, #4680, #1493, #3985, #7171, #5866, #3861, #3371, #6352, #757, #3252, #5747, #158, #7613, #2022, #7008, #3899, #6396, #801, #5171, #7652, #2061, #4556, #7947, #482, #2926, #1655, #2966, #3580, #3011, #3539, #5458, #7988, #2392, #4191, #3622, #5415, #399, #5995, #357, #2886, #6037, #7905, #3455, #441, #4887, #4069, #6603, #4721, #522, #2841, #5500, #1004, #1575, #4147, #2352, #6646, #6561, #1049, #5371, #4849, #7335, #4804, #2307, #7864, #3495, #1615, #7294, #4109, #1698, #1090, #1129, #963, #2265, #4762, #6687, #5953, #5330, #7823, #6075, #2225, #1738, #4233, #7211, #7252, #6726, #6115, #3084, #5537, #559, #1818, #1205, #5691, #6841, #4422, #5574, #2470, #1243 ) ),
 .UNSPECIFIED., .F., .F., .T. ) 
 B_SPLINE_SURFACE_WITH_KNOTS ( ( 3, 3 ),
 ( 4, 2, 2, 2, 2, 2, 2, 2, 2, 2, 2, 2, 2, 2, 2, 2, 2, 2, 2, 2, 2, 2, 2, 2, 2, 2, 2, 2, 2, 2, 2, 2, 2, 2, 2, 2, 2, 2, 2, 2, 2, 2, 2, 2, 2, 2, 2, 2, 2, 2, 2, 2, 2, 2, 2, 2, 2, 2, 2, 2, 2, 2, 2, 2, 4 ),
 ( 0.000000000000000000, 1.000000000000000000 ),
 ( -0.06061214745275787102, -0.01894129607898683426, -0.008523583235544075071, -0.003314726813822696343, -0.0007102986029620069787, 0.0005919155024683377033, 0.001894129607898682385, 0.02272955529478419903, 0.04356498098166971394, 0.05398269382511247660, 0.06440040666855523233, 0.08523583235544074377, 0.09565354519888349949, 0.1008624016206048912, 0.1021646157260352322, 0.1034668298314655732, 0.1060712580423262691, 0.1164889708857690387, 0.1216978273074904165, 0.1243022555183511124, 0.1269066837292117944, 0.1477421094160973059, 0.1685775351029828173, 0.1789952479464255730, 0.1842041043681469370, 0.1868085325790076467, 0.1894129607898683287, 0.2310838121636393794, 0.2415015250070821351, 0.2467103814288035268, 0.2493148096396642088, 0.2499659166923793863, 0.2506170237450945359, 0.2519192378505248908, 0.2727546635374104023, 0.2935900892242959137, 0.3040078020677386972, 0.3092166584894600612, 0.3118210867003207154, 0.3124721937530359206, 0.3131233008057510703, 0.3144255149111814251, 0.3560963662849524480, 0.3769317919718379595, 0.3977672176587234709, 0.4394380690324945493, 0.4811089204062656277, 0.4915266332497084112, 0.4967354896714297752, 0.4993399178822904849, 0.5019443460931511947, 0.5227797717800366506, 0.6061214745275786964, 0.6894631772751207421, 0.7311340286488917650, 0.7415517414923344930, 0.7467605979140559125, 0.7493650261249166222, 0.7519694543357773320, 0.7728048800226627879, 0.8561465827702048337, 0.9394882855177469905, 1.022829988265289147, 1.106171691012831193, 1.272855096507915285 ),
 .UNSPECIFIED. ) 
 GEOMETRIC_REPRESENTATION_ITEM ( )  RATIONAL_B_SPLINE_SURFACE ( (
 ( 1.000000000000000000, 1.000000000000000000, 1.000000000000000000, 1.000000000000000000, 1.000000000000000000, 1.000000000000000000, 1.000000000000000000, 1.000000000000000000, 1.000000000000000000, 1.000000000000000000, 1.000000000000000000, 1.000000000000000000, 1.000000000000000000, 1.000000000000000000, 1.000000000000000000, 1.000000000000000000, 1.000000000000000000, 1.000000000000000000, 1.000000000000000000, 1.000000000000000000, 1.000000000000000000, 1.000000000000000000, 1.000000000000000000, 1.000000000000000000, 1.000000000000000000, 1.000000000000000000, 1.000000000000000000, 1.000000000000000000, 1.000000000000000000, 1.000000000000000000, 1.000000000000000000, 1.000000000000000000, 1.000000000000000000, 1.000000000000000000, 1.000000000000000000, 1.000000000000000000, 1.000000000000000000, 1.000000000000000000, 1.000000000000000000, 1.000000000000000000, 1.000000000000000000, 1.000000000000000000, 1.000000000000000000, 1.000000000000000000, 1.000000000000000000, 1.000000000000000000, 1.000000000000000000, 1.000000000000000000, 1.000000000000000000, 1.000000000000000000, 1.000000000000000000, 1.000000000000000000, 1.000000000000000000, 1.000000000000000000, 1.000000000000000000, 1.000000000000000000, 1.000000000000000000, 1.000000000000000000, 1.000000000000000000, 1.000000000000000000, 1.000000000000000000, 1.000000000000000000, 1.000000000000000000, 1.000000000000000000, 1.000000000000000000, 1.000000000000000000, 1.000000000000000000, 1.000000000000000000, 1.000000000000000000, 1.000000000000000000, 1.000000000000000000, 1.000000000000000000, 1.000000000000000000, 1.000000000000000000, 1.000000000000000000, 1.000000000000000000, 1.000000000000000000, 1.000000000000000000, 1.000000000000000000, 1.000000000000000000, 1.000000000000000000, 1.000000000000000000, 1.000000000000000000, 1.000000000000000000, 1.000000000000000000, 1.000000000000000000, 1.000000000000000000, 1.000000000000000000, 1.000000000000000000, 1.000000000000000000, 1.000000000000000000, 1.000000000000000000, 1.000000000000000000, 1.000000000000000000, 1.000000000000000000, 1.000000000000000000, 1.000000000000000000, 1.000000000000000000, 1.000000000000000000, 1.000000000000000000, 1.000000000000000000, 1.000000000000000000, 1.000000000000000000, 1.000000000000000000, 1.000000000000000000, 1.000000000000000000, 1.000000000000000000, 1.000000000000000000, 1.000000000000000000, 1.000000000000000000, 1.000000000000000000, 1.000000000000000000, 1.000000000000000000, 1.000000000000000000, 1.000000000000000000, 1.000000000000000000, 1.000000000000000000, 1.000000000000000000, 1.000000000000000000, 1.000000000000000000, 1.000000000000000000, 1.000000000000000000, 1.000000000000000000, 1.000000000000000000, 1.000000000000000000, 1.000000000000000000, 1.000000000000000000, 1.000000000000000000, 1.000000000000000000, 1.000000000000000000),
 ( 0.6563738825027074508, 0.6563969346816346251, 0.6564199865654009036, 0.6564488010484930136, 0.6564545639266319288, 0.6564632082160649640, 0.6564660896412018998, 0.6564704117719345478, 0.6564718524810423395, 0.6564740135429315560, 0.6564745846940416296, 0.6564752084068246063, 0.6564755213269054535, 0.6564808592909023854, 0.6564861595582343057, 0.6564974223476329751, 0.6565033848358702295, 0.6565129006973360326, 0.6565161679380200344, 0.6565229048055210015, 0.6565265829857181989, 0.6565358996792335367, 0.6565427230808601466, 0.6565538793682110796, 0.6565577516559130133, 0.6565637906798288403, 0.6565658421195273986, 0.6565684544885186380, 0.6569055855689435175, 0.6573407070713709333, 0.6575585478682797191, 0.6582127182128897358, 0.6586496968428142695, 0.6608363715924253645, 0.6625910796520485535, 0.6651853675690121426, 0.6660439049293970237, 0.6673175277743192968, 0.6677397128214773714, 0.6685786577736848590, 0.6689045961473403246, 0.6719822731119085013, 0.6747149213073602159, 0.6798777197536087780, 0.6823086566274780829, 0.6856225328274851982, 0.6866728465774309953, 0.6881613081811317478, 0.6886430029217160964, 0.6893434831832430110, 0.6895733015501257501, 0.6900255464622624402, 0.6901733642927265766, 0.6929102315221762343, 0.6952222950876160157, 0.6975340664827487380, 0.6979788257384830219, 0.6986133398004583661, 0.6988194154102647104, 0.6991196749629843277, 0.6992182863469740273, 0.6993396358392215406, 0.6993683109095656381, 0.6994074642871526137, 0.6994027553194691604, 0.6994216299053961361, 0.6994349587994368456, 0.6996732524500181016, 0.7000665819271454371, 0.7009612114768695168, 0.7014659764308963652, 0.7021253098242911106, 0.7023228294849500619, 0.7025919357091605644, 0.7026778093439853823, 0.7027987107362207997, 0.7028376924873093179, 0.7028845410442926545, 0.7028945588311934500, 0.7029114327116048333, 0.7029147285379443444, 0.7029314207718114771, 0.7029423424608982618, 0.7032959771745898037, 0.7034292290528464386, 0.7033551707230136785, 0.7032705151545698419, 0.7030836168001871611, 0.7029905971912784324, 0.7027129587645930542, 0.7025297596117788812, 0.7021678685692124278, 0.7019891768033211799, 0.7017690935318724454, 0.7017252409963183890, 0.7016597172144055650, 0.7016379184574523808, 0.7016052851881117158, 0.7015944182425417619, 0.7015727061588894475, 0.7015659147517796512, 0.7014974499891141191, 0.7014352521991172873, 0.7011180606934485082, 0.7008459986435194855, 0.7003590338974526874, 0.7001378201299695014, 0.6998858883745483483, 0.6998161105507646473, 0.6997387906647806188, 0.6997239549846716589, 0.6997027141900061808, 0.6996958027286362958, 0.6996856976848411236, 0.6996823730285905985, 0.6996758126045981019, 0.6996734971765999900, 0.6996511459746953543, 0.6996332890765417645, 0.6995541105128816328, 0.6995227251067440699, 0.6995274384107802446, 0.6995776483133815393, 0.6997767696604133558, 0.6999306971390727439, 0.7003256159392797775, 0.7005431920579854310, 0.7012569361270442059, 0.7018418518539917272, 0.7023232917354426119),
 ( 1.000000000000000000, 1.000000000000000000, 1.000000000000000000, 1.000000000000000000, 1.000000000000000000, 1.000000000000000000, 1.000000000000000000, 1.000000000000000000, 1.000000000000000000, 1.000000000000000000, 1.000000000000000000, 1.000000000000000000, 1.000000000000000000, 1.000000000000000000, 1.000000000000000000, 1.000000000000000000, 1.000000000000000000, 1.000000000000000000, 1.000000000000000000, 1.000000000000000000, 1.000000000000000000, 1.000000000000000000, 1.000000000000000000, 1.000000000000000000, 1.000000000000000000, 1.000000000000000000, 1.000000000000000000, 1.000000000000000000, 1.000000000000000000, 1.000000000000000000, 1.000000000000000000, 1.000000000000000000, 1.000000000000000000, 1.000000000000000000, 1.000000000000000000, 1.000000000000000000, 1.000000000000000000, 1.000000000000000000, 1.000000000000000000, 1.000000000000000000, 1.000000000000000000, 1.000000000000000000, 1.000000000000000000, 1.000000000000000000, 1.000000000000000000, 1.000000000000000000, 1.000000000000000000, 1.000000000000000000, 1.000000000000000000, 1.000000000000000000, 1.000000000000000000, 1.000000000000000000, 1.000000000000000000, 1.000000000000000000, 1.000000000000000000, 1.000000000000000000, 1.000000000000000000, 1.000000000000000000, 1.000000000000000000, 1.000000000000000000, 1.000000000000000000, 1.000000000000000000, 1.000000000000000000, 1.000000000000000000, 1.000000000000000000, 1.000000000000000000, 1.000000000000000000, 1.000000000000000000, 1.000000000000000000, 1.000000000000000000, 1.000000000000000000, 1.000000000000000000, 1.000000000000000000, 1.000000000000000000, 1.000000000000000000, 1.000000000000000000, 1.000000000000000000, 1.000000000000000000, 1.000000000000000000, 1.000000000000000000, 1.000000000000000000, 1.000000000000000000, 1.000000000000000000, 1.000000000000000000, 1.000000000000000000, 1.000000000000000000, 1.000000000000000000, 1.000000000000000000, 1.000000000000000000, 1.000000000000000000, 1.000000000000000000, 1.000000000000000000, 1.000000000000000000, 1.000000000000000000, 1.000000000000000000, 1.000000000000000000, 1.000000000000000000, 1.000000000000000000, 1.000000000000000000, 1.000000000000000000, 1.000000000000000000, 1.000000000000000000, 1.000000000000000000, 1.000000000000000000, 1.000000000000000000, 1.000000000000000000, 1.000000000000000000, 1.000000000000000000, 1.000000000000000000, 1.000000000000000000, 1.000000000000000000, 1.000000000000000000, 1.000000000000000000, 1.000000000000000000, 1.000000000000000000, 1.000000000000000000, 1.000000000000000000, 1.000000000000000000, 1.000000000000000000, 1.000000000000000000, 1.000000000000000000, 1.000000000000000000, 1.000000000000000000, 1.000000000000000000, 1.000000000000000000, 1.000000000000000000, 1.000000000000000000, 1.000000000000000000, 1.000000000000000000, 1.000000000000000000) ) ) 
 REPRESENTATION_ITEM ( '' )  SURFACE ( )  );
#58 = CARTESIAN_POINT ( 'NONE',  ( 265.1599126408542020, -5.912849905103584547, 6.794094770534227834 ) ) ;
#59 = CARTESIAN_POINT ( 'NONE',  ( 210.6368257216255699, -7.969971250628602455, 127.9099999999999397 ) ) ;
#60 = CARTESIAN_POINT ( 'NONE',  ( 135.8852281456483695, -13.37222367905915377, 6.693409608213841011 ) ) ;
#61 = CARTESIAN_POINT ( 'NONE',  ( 367.3976192029929280, -2.769195165863672425, 249.8200000000000216 ) ) ;
#62 = CARTESIAN_POINT ( 'NONE',  ( 326.6033955102670916, -0.3824602352004120576, 127.9099999999999966 ) ) ;
#63 = CARTESIAN_POINT ( 'NONE',  ( 125.7769215797537043, -12.90305485876706726, 16.59999999818358418 ) ) ;
#64 = CARTESIAN_POINT ( 'NONE',  ( 130.1521552837170361, -13.89739297744995206, 6.518876745243135318 ) ) ;
#65 = CARTESIAN_POINT ( 'NONE',  ( 362.7454704894915380, -4.488564762862277568, 371.7300000000000182 ) ) ;
#66 = B_SPLINE_CURVE_WITH_KNOTS ( 'NONE', 3,
 ( #1707, #5424, #1098, #4770, #7419, #3548 ),
 .UNSPECIFIED., .F., .F.,
 ( 4, 2, 4 ),
 ( 0.000000000000000000, 0.0003909473864948622606, 0.0007818947729897245211 ),
 .UNSPECIFIED. ) ;
#67 = CARTESIAN_POINT ( 'NONE',  ( 278.2521771716379249, -4.528619147044093296, 7.126351284495456184 ) ) ;
#68 = CARTESIAN_POINT ( 'NONE',  ( 318.0024919043322598, -3.062697335180787572, 145.4142392031079964 ) ) ;
#69 = CARTESIAN_POINT ( 'NONE',  ( 139.6706799482083454, -12.14095956021365375, 23.41845880906851818 ) ) ;
#70 = CARTESIAN_POINT ( 'NONE',  ( 115.5269558391749882, -15.22514643558251635, 5.999999999999992006 ) ) ;
#71 = ORIENTED_EDGE ( 'NONE', *, *, #1533, .T. ) ;
#72 = CARTESIAN_POINT ( 'NONE',  ( 267.7438687475993788, -7.103873081969666714, 249.8200000000000784 ) ) ;
#73 = CARTESIAN_POINT ( 'NONE',  ( 198.7952587549097814, -10.14903506574150782, 6.698052830258151680 ) ) ;
#74 = CARTESIAN_POINT ( 'NONE',  ( 362.2454704894916517, -2.596278760377950245, 371.2300000000000182 ) ) ;
#75 = DIRECTION ( 'NONE',  ( -0.000000000000000000, -1.000000000000000000, -0.000000000000000000 ) ) ;
#76 = CARTESIAN_POINT ( 'NONE',  ( 399.8291328250672336, -0.1670951290370180919, 371.2098149807294476 ) ) ;
#77 = CARTESIAN_POINT ( 'NONE',  ( 281.1487246007586123, -3.970342249780151267, 6.840001999414019096 ) ) ;
#78 = CARTESIAN_POINT ( 'NONE',  ( 279.9390196456039916, -4.532966834746043894, 23.24999999818438923 ) ) ;
#79 = CARTESIAN_POINT ( 'NONE',  ( 362.5413375708978947, -2.406445355390085528, 371.7300000000002456 ) ) ;
#80 = CARTESIAN_POINT ( 'NONE',  ( 313.7189676904184239, -3.887097834686787046, 319.3991469893244926 ) ) ;
#81 = CARTESIAN_POINT ( 'NONE',  ( 340.1636027076426672, -0.6082465939135039967, 206.4999999981835686 ) ) ;
#82 = CARTESIAN_POINT ( 'NONE',  ( 274.3076105122798367, -5.038336235435980193, 21.20838454818419905 ) ) ;
#83 = ORIENTED_EDGE ( 'NONE', *, *, #7563, .T. ) ;
#84 = CARTESIAN_POINT ( 'NONE',  ( 284.3254440834133447, -1.958681293475225349, 23.24999999818374974 ) ) ;
#85 = CARTESIAN_POINT ( 'NONE',  ( 321.8148301210064233, -2.004822264246006736, 127.9099999999999966 ) ) ;
#86 = CARTESIAN_POINT ( 'NONE',  ( 326.7089776200913889, -4.593093947613963834, 339.9447059660590185 ) ) ;
#87 = CARTESIAN_POINT ( 'NONE',  ( 280.7104864618776787, -3.919395746109485934, 7.625751394229411062 ) ) ;
#88 = B_SPLINE_CURVE_WITH_KNOTS ( 'NONE', 3,
 ( #4312, #2432, #6308, #8023, #106, #3699, #2586, #629, #3161, #3121 ),
 .UNSPECIFIED., .F., .F.,
 ( 4, 2, 2, 2, 4 ),
 ( 0.000000000000000000, 0.0002461201505998700397, 0.0004922403011997400794, 0.0007383604517996100649, 0.0009844806023994801588 ),
 .UNSPECIFIED. ) ;
#89 = CARTESIAN_POINT ( 'NONE',  ( 273.6400629295588942, -3.476854484295155867, 23.21515934332837716 ) ) ;
#90 = CARTESIAN_POINT ( 'NONE',  ( 144.0112733741389661, -12.60880294144652147, 20.21977900146225338 ) ) ;
#91 = EDGE_CURVE ( 'NONE', #5228, #4644, #4678, .T. ) ;
#92 = ADVANCED_FACE ( 'NONE', ( #754 ), #1501, .F. ) ;
#93 = CARTESIAN_POINT ( 'NONE',  ( 286.7879024741331477, -0.2242081323354388755, 20.62600798411383352 ) ) ;
#94 = CARTESIAN_POINT ( 'NONE',  ( 350.5598180463415474, -3.071353248663601487, 371.2299892700862074 ) ) ;
#95 = CARTESIAN_POINT ( 'NONE',  ( 268.6131315987100834, -5.391309193135516153, 7.129116111784873588 ) ) ;
#96 = CARTESIAN_POINT ( 'NONE',  ( 332.5781388050951364, -3.050000000000000266, 174.9529778597707548 ) ) ;
#97 = CARTESIAN_POINT ( 'NONE',  ( 134.1417478285531786, -13.64660338951794927, 6.571905285797972951 ) ) ;
#98 = CARTESIAN_POINT ( 'NONE',  ( 280.8986724580399823, -3.829700865578159696, 7.639238760967258735 ) ) ;
#99 = CARTESIAN_POINT ( 'NONE',  ( 364.5579725737369472, -3.221257650371083248, 249.8200000000000500 ) ) ;
#100 = CARTESIAN_POINT ( 'NONE',  ( 141.2848142245213410, -12.08801962231952842, 24.77911939191632840 ) ) ;
#101 = CARTESIAN_POINT ( 'NONE',  ( 351.6451757985437894, -3.618400016869443014, 369.8170532921982385 ) ) ;
#102 =( BOUNDED_SURFACE ( )  B_SPLINE_SURFACE ( 3, 2, ( 
 ( #1522, #7768, #6508 ),
 ( #4711, #6550, #5360 ),
 ( #5941, #2213, #7121 ),
 ( #4138, #7854, #2828 ) ),
 .UNSPECIFIED., .F., .F., .T. ) 
 B_SPLINE_SURFACE_WITH_KNOTS ( ( 4, 4 ),
 ( 3, 3 ),
 ( 0.000000000000000000, 0.3675539677361630564 ),
 ( 0.000000000000000000, 1.000000000000000000 ),
 .UNSPECIFIED. ) 
 GEOMETRIC_REPRESENTATION_ITEM ( )  RATIONAL_B_SPLINE_SURFACE ( (
 ( 1.000000000000000000, 0.7050291982075085340, 1.000000000000000000),
 ( 1.000000000000000000, 0.7041788742664563117, 1.000000000000000000),
 ( 1.000000000000000000, 0.7032226062665850597, 1.000000000000000000),
 ( 1.000000000000000000, 0.7007304273917470683, 1.000000000000000000) ) ) 
 REPRESENTATION_ITEM ( '' )  SURFACE ( )  );
#103 = EDGE_CURVE ( 'NONE', #1771, #7703, #4751, .T. ) ;
#104 = CARTESIAN_POINT ( 'NONE',  ( 130.1521552837170361, -13.89739297744995206, 6.518876745243135318 ) ) ;
#105 = CARTESIAN_POINT ( 'NONE',  ( 278.7650429026652432, -5.414548131230981554, 6.500048751851474904 ) ) ;
#106 = CARTESIAN_POINT ( 'NONE',  ( 345.6104054746868428, -1.987758759414446796, 339.5227713798581135 ) ) ;
#107 = CARTESIAN_POINT ( 'NONE',  ( 362.7454704894916517, -4.488564762862295332, 371.2299999999999613 ) ) ;
#108 = CARTESIAN_POINT ( 'NONE',  ( 94.90825043812401418, -14.39996994382406292, 5.999999999999998224 ) ) ;
#109 = ORIENTED_EDGE ( 'NONE', *, *, #5786, .T. ) ;
#110 = CARTESIAN_POINT ( 'NONE',  ( 325.6835268016837404, -3.548929996572745438, 338.3228088018998960 ) ) ;
#111 = CARTESIAN_POINT ( 'NONE',  ( 212.7947676795786833, -9.703261251136336085, 6.524040150579567765 ) ) ;
#112 = CARTESIAN_POINT ( 'NONE',  ( 255.8765722997754608, -7.212802829035690699, 6.499999998183584538 ) ) ;
#113 = CARTESIAN_POINT ( 'NONE',  ( 330.0970847010676721, -3.292507122252624541, 337.7160052916398740 ) ) ;
#114 = CARTESIAN_POINT ( 'NONE',  ( 343.6816505301923712, -2.076979995158866110, 339.6880004704094063 ) ) ;
#115 = CARTESIAN_POINT ( 'NONE',  ( 280.9847101949110311, -3.763329917615783948, 7.497247394938396425 ) ) ;
#116 = CARTESIAN_POINT ( 'NONE',  ( 280.8137632884678396, -4.459084358897923650, 23.24999999818092178 ) ) ;
#117 = CARTESIAN_POINT ( 'NONE',  ( 166.5792787631485510, -8.879803568352349075, 127.9099999999999682 ) ) ;
#118 = CARTESIAN_POINT ( 'NONE',  ( 134.2681880196487896, -13.70635439551682389, 13.27004814166026136 ) ) ;
#119 = CIRCLE ( 'NONE', #7663, 1.902709655758838547 ) ;
#120 = VERTEX_POINT ( 'NONE', #4025 ) ;
#121 = CARTESIAN_POINT ( 'NONE',  ( 326.4250364967160749, -3.364691783536665426, 337.7110725623028316 ) ) ;
#122 = CARTESIAN_POINT ( 'NONE',  ( 283.1922222598561234, -4.250159697067489972, 21.20097415667207841 ) ) ;
#123 = VECTOR ( 'NONE', #5319, 1000.000000000000000 ) ;
#124 = ORIENTED_EDGE ( 'NONE', *, *, #2475, .T. ) ;
#125 = CARTESIAN_POINT ( 'NONE',  ( 399.8282636310088378, -0.2192432753936330025, 371.2300000000000182 ) ) ;
#126 = CARTESIAN_POINT ( 'NONE',  ( 285.6576771485385962, -1.287640284427001625, 23.24999999818361118 ) ) ;
#127 = CARTESIAN_POINT ( 'NONE',  ( 259.8759738565271391, -8.051380683095096913, 6.499999998183606742 ) ) ;
#128 = CARTESIAN_POINT ( 'NONE',  ( 286.4171954882800151, -1.906478789073934754, 20.67321416463250117 ) ) ;
#129 = AXIS2_PLACEMENT_3D ( 'NONE', #5389, #5474, #1714 ) ;
#130 = CARTESIAN_POINT ( 'NONE',  ( 262.9812346501278171, -7.853188158671398078, 5.999999998183607630 ) ) ;
#131 = VERTEX_POINT ( 'NONE', #2712 ) ;
#132 = FACE_OUTER_BOUND ( 'NONE', #7068, .T. ) ;
#133 = CARTESIAN_POINT ( 'NONE',  ( 387.3773797958142495, -1.149814781992675616, 371.2300021615108108 ) ) ;
#134 = CARTESIAN_POINT ( 'NONE',  ( 286.7769646438223390, -0.3792677673863339427, 20.62757587676124160 ) ) ;
#135 = CARTESIAN_POINT ( 'NONE',  ( 350.5548788906935442, -2.890262171501347233, 371.1337014275741240 ) ) ;
#136 = VECTOR ( 'NONE', #6609, 1000.000000000000000 ) ;
#137 = CARTESIAN_POINT ( 'NONE',  ( 265.1527135796105199, -5.819366001862523063, 6.888169320929005579 ) ) ;
#138 = CARTESIAN_POINT ( 'NONE',  ( 332.4076030960305843, -3.463316687372464564, 337.8718709095810482 ) ) ;
#139 = CARTESIAN_POINT ( 'NONE',  ( 139.3698257031724950, -12.89495793508106836, 7.489938720715763942 ) ) ;
#140 = CARTESIAN_POINT ( 'NONE',  ( 389.7473867740608284, -2.884964336886252312, 371.7299999999999613 ) ) ;
#141 = CARTESIAN_POINT ( 'NONE',  ( 408.9185100898086489, -1.481935392074440028, 371.7300000000001319 ) ) ;
#142 = EDGE_CURVE ( 'NONE', #1300, #566, #919, .T. ) ;
#143 = CARTESIAN_POINT ( 'NONE',  ( 366.2454702206231900, -2.426126488518280055, 371.2299999281618170 ) ) ;
#144 = CARTESIAN_POINT ( 'NONE',  ( 352.0758881513436904, -3.598415885711455431, 370.5235266329132173 ) ) ;
#145 = FACE_OUTER_BOUND ( 'NONE', #6311, .T. ) ;
#146 = CARTESIAN_POINT ( 'NONE',  ( 263.8759738565269686, -6.708925725483937619, 6.499999998183600525 ) ) ;
#147 = CARTESIAN_POINT ( 'NONE',  ( 277.3797943385947065, -4.516368508919288871, 7.378208927330544675 ) ) ;
#148 = CARTESIAN_POINT ( 'NONE',  ( 394.5610800381003287, -0.05000000000001016132, 356.3874999998864155 ) ) ;
#149 = CARTESIAN_POINT ( 'NONE',  ( 131.1689849647477502, -12.70310328752717410, 23.13338840350381886 ) ) ;
#150 = CARTESIAN_POINT ( 'NONE',  ( 78.39819226383443151, -13.83995547544157034, 5.999999999999991118 ) ) ;
#151 = ADVANCED_FACE ( 'NONE', ( #3941 ), #6984, .T. ) ;
#152 = ORIENTED_EDGE ( 'NONE', *, *, #1881, .F. ) ;
#153 = CARTESIAN_POINT ( 'NONE',  ( 205.8207752546836673, -10.37681657407193292, 6.500047585740006184 ) ) ;
#154 = CARTESIAN_POINT ( 'NONE',  ( 243.8831999524040839, -8.024958735892811390, 6.499999998183611183 ) ) ;
#155 = CARTESIAN_POINT ( 'NONE',  ( 327.6802129362498022, -3.794978462466103597, 338.5666954342286203 ) ) ;
#156 = CARTESIAN_POINT ( 'NONE',  ( 253.8144499956543996, -6.277003808791524975, 193.8157410355800891 ) ) ;
#157 = CARTESIAN_POINT ( 'NONE',  ( 280.9115770576539148, -3.905387450839938879, 7.076081437624167414 ) ) ;
#158 = CARTESIAN_POINT ( 'NONE',  ( 284.3430854454317114, -4.054082859000759598, 21.11216088664196988 ) ) ;
#159 = CARTESIAN_POINT ( 'NONE',  ( 243.5282565104806167, -5.580528205378611162, 249.8200000000001637 ) ) ;
#160 = CARTESIAN_POINT ( 'NONE',  ( 126.9204953570701520, -12.11509557757083044, 23.95064072437522285 ) ) ;
#161 = CARTESIAN_POINT ( 'NONE',  ( 327.7260082193603239, -2.319546688355998310, 339.2213430845029052 ) ) ;
#162 = ORIENTED_EDGE ( 'NONE', *, *, #4782, .F. ) ;
#163 = CARTESIAN_POINT ( 'NONE',  ( 281.0743934029567299, -4.413800735422073629, 21.22577561769157484 ) ) ;
#164 = ORIENTED_EDGE ( 'NONE', *, *, #3785, .F. ) ;
#165 = CARTESIAN_POINT ( 'NONE',  ( 400.3083562693223030, 0.06210713527271739115, 371.1085414296294971 ) ) ;
#166 = CARTESIAN_POINT ( 'NONE',  ( 284.4868344722583515, -1.878584257006742364, 23.24999999818361118 ) ) ;
#167 = CARTESIAN_POINT ( 'NONE',  ( 347.0077427502884007, -2.465828429113209985, 249.8199999999999363 ) ) ;
#168 = CARTESIAN_POINT ( 'NONE',  ( 332.5811423848787740, -2.212375200970306821, 339.2241598617641785 ) ) ;
#169 = CARTESIAN_POINT ( 'NONE',  ( 275.5289273451004419, -2.907379800263757641, 23.24999999818360408 ) ) ;
#170 = ORIENTED_EDGE ( 'NONE', *, *, #1089, .F. ) ;
#171 = CARTESIAN_POINT ( 'NONE',  ( 281.7559856018606297, -5.554276915708305395, 6.499999998183597860 ) ) ;
#172 = EDGE_LOOP ( 'NONE', ( #6510, #7980, #710, #5759, #3393, #1177, #239, #3019, #3382, #244, #3101, #486, #6665, #7244, #4607, #405, #7327 ) ) ;
#173 = CARTESIAN_POINT ( 'NONE',  ( 282.2619633176726666, -4.096130409333720301, 6.498537542671609657 ) ) ;
#174 = CARTESIAN_POINT ( 'NONE',  ( 340.1722542965998173, -2.440976508242405085, 206.5238498794507223 ) ) ;
#175 = CARTESIAN_POINT ( 'NONE',  ( 265.1431394002669322, -5.695084935710420737, 7.124207968023008597 ) ) ;
#176 = DIRECTION ( 'NONE',  ( 0.000000000000000000, 1.000000000000000000, 0.000000000000000000 ) ) ;
#177 = CARTESIAN_POINT ( 'NONE',  ( 125.3893799437895638, -13.55027702816552448, 6.691346622209530359 ) ) ;
#178 = CARTESIAN_POINT ( 'NONE',  ( 410.0503103176015429, -1.393769119959966218, 371.7300000000000182 ) ) ;
#179 = CARTESIAN_POINT ( 'NONE',  ( 352.7454704894915949, -4.871882550236166232, 371.2300000000000182 ) ) ;
#180 = CARTESIAN_POINT ( 'NONE',  ( 346.7737230672018427, -3.844425493235677393, 361.8266833547247643 ) ) ;
#181 = CARTESIAN_POINT ( 'NONE',  ( 284.6194906620565916, -1.244152809425459250, 23.24999999818362539 ) ) ;
#182 = CARTESIAN_POINT ( 'NONE',  ( 144.3595645912802752, -11.37232892797746153, 22.03890632943126349 ) ) ;
#183 = CARTESIAN_POINT ( 'NONE',  ( 278.3314610609941155, -5.463011650099182326, 6.500048207710552362 ) ) ;
#184 = ADVANCED_FACE ( 'NONE', ( #2573 ), #1961, .T. ) ;
#185 = CARTESIAN_POINT ( 'NONE',  ( 295.8319152429459109, -1.097283711740494994, 84.33159359626534979 ) ) ;
#186 = DIRECTION ( 'NONE',  ( 0.000000000000000000, 1.000000000000000000, 0.000000000000000000 ) ) ;
#187 = CARTESIAN_POINT ( 'NONE',  ( 184.7487555918765452, -11.53840912537019037, 127.9099999999999966 ) ) ;
#188 = ORIENTED_EDGE ( 'NONE', *, *, #6189, .F. ) ;
#189 = CARTESIAN_POINT ( 'NONE',  ( 399.0021791073218651, -0.1059927797393664384, 369.2023212890757691 ) ) ;
#190 = CARTESIAN_POINT ( 'NONE',  ( 177.8427146370280241, -11.65161731291914826, 6.523952358410047836 ) ) ;
#191 = LINE ( 'NONE', #4471, #4557 ) ;
#192 = CARTESIAN_POINT ( 'NONE',  ( 163.7884464213224476, -13.70634695222176624, 6.494254929670661092 ) ) ;
#193 = CARTESIAN_POINT ( 'NONE',  ( 163.3759789073122022, -12.63589517206786539, 6.499999998183606742 ) ) ;
#194 = EDGE_CURVE ( 'NONE', #6844, #7742, #3574, .T. ) ;
#195 = CARTESIAN_POINT ( 'NONE',  ( 281.2029203904795054, -4.475779323214628569, 6.528341560881236738 ) ) ;
#196 = EDGE_CURVE ( 'NONE', #330, #5139, #5028, .T. ) ;
#197 = CARTESIAN_POINT ( 'NONE',  ( 285.8198767731205976, -3.424627283452355453, 20.97389630882375755 ) ) ;
#198 = CARTESIAN_POINT ( 'NONE',  ( 325.9715475896918520, -2.290232274338751317, 371.7300000000000182 ) ) ;
#199 = CARTESIAN_POINT ( 'NONE',  ( 362.6912532971197720, -4.490983309859990946, 371.4686940846228254 ) ) ;
#200 = ORIENTED_EDGE ( 'NONE', *, *, #4369, .T. ) ;
#201 = CARTESIAN_POINT ( 'NONE',  ( 274.1290073527014215, -5.055913718731331663, 21.20874529489255877 ) ) ;
#202 = ORIENTED_EDGE ( 'NONE', *, *, #4338, .F. ) ;
#203 = CARTESIAN_POINT ( 'NONE',  ( 283.9830709650373706, -0.05000000000024066443, 12.08337688930415865 ) ) ;
#204 = CARTESIAN_POINT ( 'NONE',  ( 282.8546310362164036, -2.275285149401023332, 23.24999999818356500 ) ) ;
#205 = CARTESIAN_POINT ( 'NONE',  ( 320.5495631038375564, -2.565783184512013815, 127.9099999999999966 ) ) ;
#206 = CARTESIAN_POINT ( 'NONE',  ( 286.4310155072411703, -1.871444211315296924, 20.67149228561990881 ) ) ;
#207 = B_SPLINE_SURFACE_WITH_KNOTS ( 'NONE', 3, 3, ( 
 ( #4771, #173, #4157, #6656, #5148, #6046, #212, #7629, #2039, #4532, #1427, #816, #3308 ),
 ( #4896, #4858, #1790, #4321, #1252, #6243, #639, #4282, #5548, #7345, #3672, #4813, #7304 ),
 ( #532, #7997, #6814, #8034, #568, #1099, #2975, #6850, #1748, #5509, #7458, #4931, #1867 ),
 ( #3060, #1214, #6775, #3709, #1708, #3591, #3745, #2441, #2403, #7420, #3134, #1829, #6737 ),
 ( #4, #6204, #6166, #603, #4242, #3095, #4358, #2480, #5583, #5621, #4969, #3021, #7383 ),
 ( #41, #1179, #1138, #4201, #6085, #491, #5467, #7958, #2362, #3631, #6124, #7612, #7007 ),
 ( #1407, #1904, #5661, #5006, #1943, #3821, #77, #1983, #3784, #4393, #6317, #5170, #7494 ),
 ( #4474, #3898, #3208, #839, #2060, #2021, #4513, #6965, #2639, #5746, #5701, #115, #5784 ),
 ( #6887, #1368, #1331, #2516, #7651, #2556, #6281, #7051, #800, #3251, #2596, #5824, #5088 ),
 ( #7533, #3171, #6928, #1291, #4555, #679, #5046, #4435, #3943, #7573, #6395, #1451, #716 ),
 ( #3291, #6434, #195, #2675, #3329, #3860, #6351, #756, #157, #5131, #5288, #1614, #5908 ),
 ( #5370, #6602, #7130, #316, #4108, #4146, #5951, #7092, #962, #2796, #1003, #6645, #7210 ),
 ( #1492, #2143, #2102, #4677, #1048, #2714, #5865, #921, #7779, #3494, #3538, #3413, #2840 ),
 ( #7863, #5329, #7821, #7170, #356, #3454, #2182, #1574, #5994, #2224, #5210, #4068, #1532 ),
 ( #2264, #277, #3983, #4761, #398, #4720, #6560, #234, #2884, #7251, #5249, #876, #4639 ),
 ( #1654, #6476, #3370, #7697, #4599, #2755, #7737, #4027, #6518, #6074, #4311, #8060, #3049 ),
 ( #1855, #1242, #2469, #7448, #4348, #5499, #6764, #481, #4886, #6035, #440, #5572, #1737 ),
 ( #5536, #1168, #1777, #2306, #4190, #4959, #2965, #6725, #592, #6156, #3083, #4231, #4270 ),
 ( #3010, #8022, #2925, #4803, #6840, #3661, #1128, #558, #5413, #2430, #7946, #7904, #1204 ),
 ( #7372, #4920, #5457, #6805, #7293, #3698, #7408, #6193, #1697, #1817, #6686, #1088, #2351 ),
 ( #2391, #3579, #4848, #7334, #3621, #521, #6114, #7987, #4421, #6341, #5159, #5119, #3810 ),
 ( #105, #3850, #6955, #6917, #1320, #6996, #1358, #6231, #3198, #2544, #3734, #790, #3771 ),
 ( #183, #2011, #4462, #6307, #7038, #706, #5690, #668, #4383, #67, #627, #6384, #2506 ),
 ( #3120, #7639, #2585, #746, #3280, #5611, #6270, #4502, #5773, #3241, #1397, #2049, #31 ),
 ( #4543, #4996, #5075, #5734, #3160, #7561, #7484, #1894, #2664, #7522, #1972, #147, #2627 ),
 ( #6876, #1278, #5649, #5036, #7601, #1930, #3888, #4096, #5237, #7765, #3442, #6505, #5938 ),
 ( #5812, #3481, #7156, #4626, #2168, #5357, #4664, #3357, #7850, #4708, #6547, #304, #1562 ),
 ( #7117, #4012, #2251, #5896, #7725, #4056, #950, #2784, #5978, #2090, #222, #5852, #6590 ),
 ( #265, #1519, #5315, #4748, #343, #2703, #2825, #907, #5198, #384, #7806, #3401, #2210 ),
 ( #7198, #2743, #1440, #1602, #991, #5274, #2871, #6463, #3932, #6422, #826, #3317, #7685 ),
 ( #2130, #4587, #7079, #1479, #3970, #863, #5526, #6631, #4911, #7892, #7321, #2294, #8050 ),
 ( #7975, #4834, #8013, #3073, #6146, #6754, #428, #1076, #1033, #3610, #5562, #1642, #4789 ),
 ( #1724, #550, #2457, #7932, #1766, #582, #3038, #4219, #4135, #6713, #6063, #2419, #7399 ),
 ( #6796, #7239, #3525, #1806, #1117, #7281, #6103, #1157, #2337, #4302, #2378, #510, #3566 ),
 ( #4176, #3651, #1683, #469, #2997, #4260, #6673, #6023, #2953, #2913, #1194, #3689, #6183 ),
 ( #5444, #5399, #5488, #4874, #7361, #7474, #1311, #3724, #1884, #95, #2574, #2618, #5062 ),
 ( #7552, #5109, #1962, #4411, #5025, #1389, #3879, #7593, #7512, #6333, #4452, #4373, #3801 ),
 ( #4949, #618, #6946, #3271, #6866, #2003, #58, #137, #5765, #175, #6298, #659, #3189 ),
 ( #696, #6988, #5601, #1230, #1268, #4493, #3231, #3761, #1920, #735, #779, #1348, #6221 ),
 ( #2534, #5721, #7439, #3840, #6373, #3109, #6261, #6831, #5680, #1846, #4336, #2497, #5640 ),
 ( #22, #4987, #6907, #3151, #4089, #4049, #2737, #7631, #7718, #1471, #5929, #1554, #5889 ),
 ( #7027, #334, #5231, #2695, #2122, #2163, #3351, #6541, #297, #4619, #7071, #7758, #7676 ),
 ( #214, #3963, #1513, #5267, #5191, #984, #2083, #3473, #2202, #4702, #943, #258, #4578 ),
 ( #7112, #7798, #7192, #6455, #4005, #1430, #858, #2776, #4658, #2817, #7149, #5845, #3433 ),
 ( #5308, #6498, #899, #1595, #6580, #5971, #3395, #2657, #5150, #2041, #4534, #3922, #6413 ),
 ( #818, #3310, #5803, #7314, #5393, #4824, #6096, #4781, #1069, #2907, #6057, #2327, #7231 ),
 ( #6016, #7925, #502, #4212, #2245, #5436, #6706, #1718, #7885, #2286, #3602, #7273, #463 ),
 ( #5351, #4128, #1111, #376, #2947, #2862, #7844, #4742, #1634, #6622, #1024, #3516, #422 ),
 ( #1674, #4169, #6667, #3559, #3379, #2761, #7176, #2802, #3420, #3949, #5830, #1620, #4605 ),
 ( #2230, #7785, #4727, #5874, #5915, #1580, #4645, #4074, #4563, #6441, #4114, #5295, #5255 ),
 ( #3500, #2189, #1498, #6001, #2846, #4686, #6527, #6566, #7098, #5958, #7216, #5336, #927 ),
 ( #322, #969, #3460, #6608, #242, #845, #3991, #1010, #362, #6483, #7743, #7830, #406 ),
 ( #3337, #2892, #2149, #7658, #2066, #7058, #1457, #2721, #883, #5216, #4033, #7704, #2107 ),
 ( #283, #7136, #1539, #1210, #6081, #7993, #6811, #6771, #5463, #2270, #2358, #4197, #564 ),
 ( #487, #3055, #528, #7870, #4854, #6693, #5376, #2437, #5421, #6651, #1824, #3668, #6120 ),
 ( #599, #7954, #2971, #2313, #6042, #1704, #4767, #8030, #4153, #1055, #7257, #7341, #7910 ),
 ( #1660, #5544, #446, #1744, #2932, #6200, #3545, #2399, #1784, #4317, #4278, #4809, #7300 ),
 ( #1095, #3585, #4238, #6731, #1134, #3627, #3017, #4926, #5505, #4892, #7379, #1174, #6162 ),
 ( #7416, #3705, #111, #7529, #3204, #6313, #3779, #6276, #6347, #712, #5579, #2551, #1900 ),
 ( #153, #3128, #4354, #7607, #1364, #3817, #675, #6391, #5656, #3167, #37, #3741, #7490 ),
 ( #5742, #1863, #6846, #3091, #4509, #73, #2592, #2635, #2476, #5617, #3856, #5127, #5084 ),
 ( #1248, #2512, #5697, #7569, #752, #1979, #4389, #4469, #3247, #6961, #5042, #1939, #2017 ),
 ( #7002, #4430, #1403, #3894, #5002, #6924, #1326, #8068, #6239, #4965, #7454, #6883, #635 ),
 ( #1287, #7205, #2750, #4019, #1487, #5903, #1569, #1447, #5324, #2097, #4672, #4103, #351 ),
 ( #7773, #7816, #3449, #3978, #3364, #1609, #5244, #4594, #7125, #3408, #2139, #2834, #3939 ),
 ( #4063, #796, #7732, #6513, #6470, #311, #6554, #6430, #2218, #7087, #7164, #3287, #4715 ),
 ( #2177, #5781, #190, #2670, #957, #4634, #5166, #5946, #870, #5860, #272, #7647, #1526 ),
 ( #2056, #4551, #7047, #834, #915, #3324, #5819, #229, #2791, #5283, #2710, #5206, #7693 ),
 ( #7858, #435, #393, #2960, #5020, #998, #4142, #7289, #1083, #5495, #2530, #1692, #1124 ),
 ( #7983, #6681, #3489, #3573, #5407, #1773, #2387, #1732, #6256, #7509, #2878, #4266, #6070 ),
 ( #476, #6110, #4185, #4882, #4226, #5452, #2919, #3617, #3533, #517, #6640, #7899, #7941 ),
 ( #1263, #5364, #2259, #6597, #1916, #2345, #3006, #655, #5989, #1043, #7368, #3147, #6862 ),
 ( #4756, #7246, #5636, #1649, #6030, #4842, #7329, #2301, #6721, #4798, #3758, #4710, #865 ),
 ( #4666, #306, #909, #1442, #3319, #7200, #2092, #5854, #7809, #5277, #2212, #3359, #3403 ),
 ( #1604, #2786, #267, #5898, #993, #7767, #7081, #3483, #345, #2170, #7687, #6507, #7641 ),
 ( #4098, #2827, #7158, #5980, #6549, #2745, #5239, #2133, #952, #7727, #5200, #3444, #4545 ),
 ( #5814, #4628, #224, #386, #3934, #1564, #4058, #6592, #5940, #7040, #2705, #2051, #4589 ),
 ( #1481, #7119, #6424, #828, #6465, #5161, #3972, #5317, #1521, #4014, #3568, #1197, #2421 ),
 ( #7977, #7323, #3000, #6105, #6065, #471, #6149, #512, #5359, #2339, #1685, #2873, #8015 ),
 ( #4137, #7401, #1160, #3612, #2955, #6185, #5446, #7935, #7894, #3527, #7283, #7852, #5528 ),
 ( #6633, #2254, #4304, #4836, #2380, #4913, #4750, #2915, #3653, #1808, #4876, #552, #6798 ),
 ( #3691, #7241, #1726, #5490, #5402, #4221, #1644, #1035, #6025, #6675, #6715, #7363, #1768 ),
 ( #430, #2296, #4792, #4178, #1119, #1078, #4262, #6756, #3040, #6909, #2576, #5642, #5064 ),
 ( #3763, #1313, #4495, #3803, #2499, #6990, #3842, #5683, #3111, #1922, #3075, #1391, #139 ),
 ( #4413, #3882, #1964, #6868, #6263, #60, #4454, #661, #620, #6948, #8052, #6334, #1232 ),
 ( #3726, #584, #4951, #97, #7554, #7595, #1350, #2459, #6224, #5564, #24, #1886, #5603 ),
 ( #1848, #7441, #4375, #3233, #4339, #6300, #2537, #738, #1270, #6833, #2620, #5723, #5111 ),
 ( #698, #3191, #3153, #5027, #2005, #4989, #7477, #7514, #5193, #6375, #3435, #6415, #7633 ),
 ( #4659, #7113, #1473, #1596, #859, #7072, #3312, #7030, #2697, #781, #944, #5152, #2043 ),
 ( #7799, #3965, #3396, #5930, #5767, #820, #7150, #335, #5890, #1555, #2204, #3273, #2818 ),
 ( #4703, #5846, #1514, #5805, #5233, #177, #2659, #5309, #2086, #6457, #299, #4006, #2123 ),
 ( #216, #7719, #3352, #4536, #1432, #900, #7193, #7678, #6542, #259, #4050, #3924, #2738 ),
 ( #4620, #2777, #4580, #6499, #5268, #7759, #2164, #6668, #4784, #1025, #4743, #423, #7393 ),
 ( #2864, #7845, #4090, #5519, #7274, #1112, #3642, #3474, #4129, #2372, #6137, #3603, #7356 ),
 ( #6583, #541, #8006, #2412, #3560, #4825, #6623, #2948, #985, #5972, #3030, #7886, #1675 ),
 ( #4170, #5480, #7315, #3517, #5437, #1070, #377, #2246, #6707, #4905, #6017, #4253, #6058 ),
 ( #5352, #464, #1719, #7927, #6097, #4868, #7232, #1637, #5394, #7968, #2908, #2287, #2328 ) ),
 .UNSPECIFIED., .F., .F., .F.,
 ( 4, 3, 3, 3, 3, 3, 3, 3, 3, 3, 3, 3, 3, 3, 3, 3, 3, 3, 3, 3, 3, 3, 3, 3, 3, 3, 3, 3, 3, 3, 3, 3, 4 ),
 ( 4, 3, 3, 3, 4 ),
 ( 0.07184229480203228879, 0.07246439407629345908, 0.07277544371342403728, 0.07293096853198932639, 0.07300873094127197094, 0.07308649335055461549, 0.07433069189907692831, 0.07557489044759925501, 0.07681908899612158170, 0.07806328754464389452, 0.07930748609316622122, 0.08179588319021086074, 0.08677267738430013977, 0.09174947157838941880, 0.09672626577247869784, 0.1017030599665679769, 0.1066798541606572559, 0.1116566483547465349, 0.1216102367429250930, 0.1315638251311036511, 0.1514710019074607672, 0.1614245902956393253, 0.1713781786838178833, 0.1813317670719964414, 0.1863085612660857204, 0.1912853554601749995, 0.1962621496542642785, 0.2012389438483535575, 0.2111925322365321156, 0.2161693264306213946, 0.2211461206247106737, 0.2261229148187999805, 0.2310997090128892595 ),
 ( -0.006187103224894708112, 0.2453596725813289858, 0.4969064483875526572, 0.7484532241937763564, 1.000000000000000000 ),
 .UNSPECIFIED. ) ;
#208 = CARTESIAN_POINT ( 'NONE',  ( 289.9181388050951682, -2.860467191248591945, 53.24999837350245713 ) ) ;
#209 = VERTEX_POINT ( 'NONE', #4492 ) ;
#210 = CARTESIAN_POINT ( 'NONE',  ( 123.7442219124844343, -13.84717441704246532, 11.59999999818355221 ) ) ;
#211 = VERTEX_POINT ( 'NONE', #3878 ) ;
#212 = CARTESIAN_POINT ( 'NONE',  ( 281.9806174650288995, -3.545311417405542453, 6.840122406170757507 ) ) ;
#213 = CARTESIAN_POINT ( 'NONE',  ( 136.4496552471703126, -15.07433349482206708, 6.499999998183599637 ) ) ;
#214 = CARTESIAN_POINT ( 'NONE',  ( 256.4809018723369718, -7.186538954153959047, 6.500047724531107463 ) ) ;
#215 = CARTESIAN_POINT ( 'NONE',  ( 173.5066711489580200, -13.22852539094353475, 6.499999998183604077 ) ) ;
#216 = CARTESIAN_POINT ( 'NONE',  ( 123.6437844720705073, -14.17873365618382309, 6.500045782193559774 ) ) ;
#217 = CARTESIAN_POINT ( 'NONE',  ( 280.5516975984972419, -6.072019532930380770, 6.000000000000000000 ) ) ;
#218 = CARTESIAN_POINT ( 'NONE',  ( 127.5104061998389398, -12.80027718235020195, 20.24336869281002649 ) ) ;
#219 = CARTESIAN_POINT ( 'NONE',  ( 280.9144959316963082, -3.833786134133570833, 7.716304959613533576 ) ) ;
#220 = CARTESIAN_POINT ( 'NONE',  ( 284.8986611377927716, 0.2572108171463964865, 23.24999999818358631 ) ) ;
#221 = CARTESIAN_POINT ( 'NONE',  ( 330.2716080077940433, -3.738828665599545076, 338.5629566750324102 ) ) ;
#222 = CARTESIAN_POINT ( 'NONE',  ( 276.0508420074635865, -4.634854398982218626, 7.247352571828155732 ) ) ;
#223 = CARTESIAN_POINT ( 'NONE',  ( 396.9787456972316022, -0.05000000000001026540, 363.0491666666287642 ) ) ;
#224 = CARTESIAN_POINT ( 'NONE',  ( 155.1164051233180317, -12.82866900634689600, 6.524101479945296767 ) ) ;
#225 = CARTESIAN_POINT ( 'NONE',  ( 401.6603460072423673, 0.05932664737791856074, 371.7300000000002456 ) ) ;
#226 = CARTESIAN_POINT ( 'NONE',  ( 347.1116907784795558, -5.000844284072706536, 371.7300000000001887 ) ) ;
#227 = EDGE_LOOP ( 'NONE', ( #8004, #5699, #3028, #4113 ) ) ;
#228 = CARTESIAN_POINT ( 'NONE',  ( 398.5425391026052466, -0.1252247210104110164, 368.0384847927046508 ) ) ;
#229 = CARTESIAN_POINT ( 'NONE',  ( 174.3189021941046803, -11.29395566296021869, 6.883546587830051244 ) ) ;
#230 = CARTESIAN_POINT ( 'NONE',  ( 263.8759738565269686, -6.708925725483937619, 6.499999998183600525 ) ) ;
#231 = LOCAL_TIME ( 8, 56, 48.00000000000000000, #4707 ) ;
#232 = CARTESIAN_POINT ( 'NONE',  ( 325.2556470992735740, -3.825868053608172836, 338.5656403651562414 ) ) ;
#233 = CARTESIAN_POINT ( 'NONE',  ( 261.9102204792798148, -6.841236153918504925, 5.999999998183606742 ) ) ;
#234 = CARTESIAN_POINT ( 'NONE',  ( 280.8685240775433272, -4.008456241583784774, 6.944591903659620868 ) ) ;
#235 = CARTESIAN_POINT ( 'NONE',  ( 285.6459375334848687, -3.512439247375202189, 20.97403675327162631 ) ) ;
#236 = CARTESIAN_POINT ( 'NONE',  ( 103.3565576868786167, -12.50880550224404963, 6.000000000000008882 ) ) ;
#237 = CARTESIAN_POINT ( 'NONE',  ( 130.9375882907831965, -13.86093841673073790, 7.807154290735965674 ) ) ;
#238 = FACE_OUTER_BOUND ( 'NONE', #2161, .T. ) ;
#239 = ORIENTED_EDGE ( 'NONE', *, *, #6487, .T. ) ;
#240 = CC_DESIGN_PERSON_AND_ORGANIZATION_ASSIGNMENT ( #2418, #6630, ( #5838 ) ) ;
#241 = ADVANCED_FACE ( 'NONE', ( #7592 ), #5673, .T. ) ;
#242 = CARTESIAN_POINT ( 'NONE',  ( 240.7296283212581898, -7.724368802110128662, 6.624218233265175115 ) ) ;
#243 = CARTESIAN_POINT ( 'NONE',  ( 260.3759738565270254, -8.016869531283024486, 5.999999998183607630 ) ) ;
#244 = ORIENTED_EDGE ( 'NONE', *, *, #5729, .T. ) ;
#245 = CARTESIAN_POINT ( 'NONE',  ( 397.9404454778212994, -0.1500008943680485318, 366.4840887765818707 ) ) ;
#246 = CARTESIAN_POINT ( 'NONE',  ( 282.8201299261307327, -2.278764092867205271, 23.24999999818349394 ) ) ;
#247 = CARTESIAN_POINT ( 'NONE',  ( 395.4019832381234778, -0.3989932395734084314, 371.7299999999997908 ) ) ;
#248 = PLANE ( 'NONE',  #1031 ) ;
#249 = CARTESIAN_POINT ( 'NONE',  ( 118.2033237786995414, -13.13656641600501729, 7.457008172143159364 ) ) ;
#250 = ORIENTED_EDGE ( 'NONE', *, *, #2126, .F. ) ;
#251 = EDGE_CURVE ( 'NONE', #6565, #637, #5970, .T. ) ;
#252 = CIRCLE ( 'NONE', #633, 0.2000000000000057288 ) ;
#253 = B_SPLINE_CURVE_WITH_KNOTS ( 'NONE', 3,
 ( #7050, #2713, #3412, #5907 ),
 .UNSPECIFIED., .F., .F.,
 ( 4, 4 ),
 ( 0.000000000000000000, 0.0005000280894780691774 ),
 .UNSPECIFIED. ) ;
#254 = CARTESIAN_POINT ( 'NONE',  ( 345.2583032187751542, -2.204437299126486671, 339.2299999999998477 ) ) ;
#255 = ORIENTED_EDGE ( 'NONE', *, *, #2931, .T. ) ;
#256 = CARTESIAN_POINT ( 'NONE',  ( 125.8734238269724415, -11.18395954564393158, 22.29454731174899607 ) ) ;
#257 = DIRECTION ( 'NONE',  ( -1.000000000000000000, 0.000000000000000000, 0.000000000000000000 ) ) ;
#258 = CARTESIAN_POINT ( 'NONE',  ( 256.4171158641015040, -6.177719176093203757, 7.375898398546139489 ) ) ;
#259 = CARTESIAN_POINT ( 'NONE',  ( 123.6377422871586731, -13.25334559575866145, 7.098442956054574537 ) ) ;
#260 = TOROIDAL_SURFACE ( 'NONE', #7544, 2.239792913342995018, 0.2000000000000000111 ) ;
#261 = CARTESIAN_POINT ( 'NONE',  ( 140.6163200190765394, -12.32057605001513068, 23.29619512582478791 ) ) ;
#262 = AXIS2_PLACEMENT_3D ( 'NONE', #355, #7778, #4638 ) ;
#263 = CARTESIAN_POINT ( 'NONE',  ( 362.7454704894915380, -4.488390848306498704, 371.7300000000000182 ) ) ;
#264 = CARTESIAN_POINT ( 'NONE',  ( 173.7424496140601207, -9.708741014282020743, 68.08430023464757141 ) ) ;
#265 = CARTESIAN_POINT ( 'NONE',  ( 275.6853012275809078, -5.651842997890783593, 6.500048104442059937 ) ) ;
#266 = CARTESIAN_POINT ( 'NONE',  ( 273.6581388050950068, -1.322922695713787844, 23.24999999818361118 ) ) ;
#267 = CARTESIAN_POINT ( 'NONE',  ( 158.6129445091804655, -12.62368316094942422, 6.523995984654349378 ) ) ;
#268 = CARTESIAN_POINT ( 'NONE',  ( 390.7454694554818957, -0.9197078007659618137, 371.2300000000000182 ) ) ;
#269 = CARTESIAN_POINT ( 'NONE',  ( 356.8783607929146910, -4.731321165502144765, 371.7299999999998477 ) ) ;
#270 = ORIENTED_EDGE ( 'NONE', *, *, #4981, .T. ) ;
#271 = CARTESIAN_POINT ( 'NONE',  ( 399.7889188758548471, -0.07220978171720913996, 371.1295824955443550 ) ) ;
#272 = CARTESIAN_POINT ( 'NONE',  ( 177.8045598536834291, -10.93263438521797148, 7.239552494858575216 ) ) ;
#273 = CARTESIAN_POINT ( 'NONE',  ( 340.1636027076426672, -0.6082465939135039967, 206.4999999981835686 ) ) ;
#274 = CARTESIAN_POINT ( 'NONE',  ( 271.2354824156706741, -6.054652756638673416, 6.499999998183607630 ) ) ;
#275 = CARTESIAN_POINT ( 'NONE',  ( 393.4016749689316157, -0.6311603134219475608, 371.2095233802212988 ) ) ;
#276 = CARTESIAN_POINT ( 'NONE',  ( 346.1358767467505118, -3.165030616955522458, 338.7033106754614096 ) ) ;
#277 = CARTESIAN_POINT ( 'NONE',  ( 281.1781610286111004, -4.648985703318536444, 6.498549270415285406 ) ) ;
#278 = CARTESIAN_POINT ( 'NONE',  ( 273.7277763768905174, -5.136642286481727382, 23.24999999818783536 ) ) ;
#279 = CARTESIAN_POINT ( 'NONE',  ( 337.0481223623423830, -2.925933729953754892, 371.7300000000000182 ) ) ;
#280 = CARTESIAN_POINT ( 'NONE',  ( 281.5959023349220729, -4.533028587989774039, 6.499999998183557004 ) ) ;
#281 = CARTESIAN_POINT ( 'NONE',  ( 343.6909306594772602, -2.076550885494010235, 339.6880016119094421 ) ) ;
#282 = VERTEX_POINT ( 'NONE', #6454 ) ;
#283 = CARTESIAN_POINT ( 'NONE',  ( 233.7752278765203187, -8.679242071416636506, 6.500047722464339373 ) ) ;
#284 = CARTESIAN_POINT ( 'NONE',  ( 145.4931793249973850, -12.55329235546878408, 21.69260602281396544 ) ) ;
#285 = VERTEX_POINT ( 'NONE', #2816 ) ;
#286 = CARTESIAN_POINT ( 'NONE',  ( 382.4961663423876530, -0.7644352532944008738, 324.7645718587024248 ) ) ;
#287 = CARTESIAN_POINT ( 'NONE',  ( 277.8870095312203716, -2.676134926883956489, 23.24999999818359342 ) ) ;
#288 = EDGE_CURVE ( 'NONE', #6861, #500, #8062, .T. ) ;
#289 = CARTESIAN_POINT ( 'NONE',  ( 394.0143866466857503, -0.4978480152963487559, 371.7299999999997908 ) ) ;
#290 = CARTESIAN_POINT ( 'NONE',  ( 285.3135295945126018, -3.617148726109417733, 20.81136188649533381 ) ) ;
#291 = CARTESIAN_POINT ( 'NONE',  ( 399.9278208450190277, -0.05001110886589831689, 371.1030068976302232 ) ) ;
#292 = LINE ( 'NONE', #4044, #5594 ) ;
#293 = ORIENTED_EDGE ( 'NONE', *, *, #2641, .T. ) ;
#294 = CARTESIAN_POINT ( 'NONE',  ( 272.7359078172332829, -4.760099213342732227, 22.48610909204721509 ) ) ;
#295 = ORIENTED_EDGE ( 'NONE', *, *, #545, .F. ) ;
#296 = CARTESIAN_POINT ( 'NONE',  ( 277.4650925581037200, -3.156136164740310779, 33.73728118132716958 ) ) ;
#297 = CARTESIAN_POINT ( 'NONE',  ( 258.1742408739913230, -6.193162206418039162, 6.997724164937097591 ) ) ;
#298 = ADVANCED_FACE ( 'NONE', ( #7111 ), #2775, .F. ) ;
#299 = CARTESIAN_POINT ( 'NONE',  ( 125.3859384317819945, -13.18439866278963812, 7.218607800689929022 ) ) ;
#300 = CARTESIAN_POINT ( 'NONE',  ( 326.2501999236189931, -2.332726588100188181, 339.2190834091007332 ) ) ;
#301 = CARTESIAN_POINT ( 'NONE',  ( 126.2891628360967360, -12.86307352136980420, 22.95209802780968644 ) ) ;
#302 = CARTESIAN_POINT ( 'NONE',  ( 284.8957914636047235, 0.04447070638299471107, 23.24999999818363960 ) ) ;
#303 = CARTESIAN_POINT ( 'NONE',  ( 328.0519885721388391, -3.784969540122327114, 338.5595194834561426 ) ) ;
#304 = CARTESIAN_POINT ( 'NONE',  ( 276.4929503834161437, -4.576375476241919316, 7.379273633828225876 ) ) ;
#305 = CARTESIAN_POINT ( 'NONE',  ( 394.5808221832662639, -0.1061080830929879565, 356.3817844916761146 ) ) ;
#306 = CARTESIAN_POINT ( 'NONE',  ( 160.3686953295126045, -12.66345831816630607, 6.498762618821719350 ) ) ;
#307 = CARTESIAN_POINT ( 'NONE',  ( 128.1116448211261911, -13.76313593437719085, 14.26468175955948503 ) ) ;
#308 = CARTESIAN_POINT ( 'NONE',  ( 218.6014155841391471, -10.68901045340776435, 6.000000000000010658 ) ) ;
#309 = ORIENTED_EDGE ( 'NONE', *, *, #448, .F. ) ;
#310 = CARTESIAN_POINT ( 'NONE',  ( 356.9959471959348889, -2.858842242636823183, 371.2299999999999613 ) ) ;
#311 = CARTESIAN_POINT ( 'NONE',  ( 181.3189771684529603, -11.10962464082519396, 6.697803212109596060 ) ) ;
#312 = CARTESIAN_POINT ( 'NONE',  ( 212.0803474449707267, -8.234247535005090768, 127.8282019637621261 ) ) ;
#313 = CARTESIAN_POINT ( 'NONE',  ( 286.3310244572964507, -0.04999999999999850397, 22.67642775886270456 ) ) ;
#314 = CARTESIAN_POINT ( 'NONE',  ( 359.5793122245405584, -2.535625265846631393, 371.0294820390952282 ) ) ;
#315 = CARTESIAN_POINT ( 'NONE',  ( 332.5781388050951364, -0.2395328087514111970, 173.2499941109628310 ) ) ;
#316 = CARTESIAN_POINT ( 'NONE',  ( 281.1230514233499775, -4.369961772404471922, 6.586568944210853260 ) ) ;
#317 = CARTESIAN_POINT ( 'NONE',  ( 285.4519541901527191, -3.610370306759043135, 20.97419338688594692 ) ) ;
#318 = CARTESIAN_POINT ( 'NONE',  ( 314.3348245954479125, -0.5272767266093476568, 371.7300000000001319 ) ) ;
#319 = CARTESIAN_POINT ( 'NONE',  ( 281.7643640673608729, -2.822624165810132979, 7.765903778236407540 ) ) ;
#320 = CARTESIAN_POINT ( 'NONE',  ( 400.2660037509816675, -0.05000000000000000971, 371.2082911379613392 ) ) ;
#321 = ORIENTED_EDGE ( 'NONE', *, *, #2831, .F. ) ;
#322 = CARTESIAN_POINT ( 'NONE',  ( 240.7624789631586850, -8.233630125823671264, 6.500047751524240525 ) ) ;
#323 = LINE ( 'NONE', #2190, #136 ) ;
#324 = ORIENTED_EDGE ( 'NONE', *, *, #7339, .T. ) ;
#325 = CARTESIAN_POINT ( 'NONE',  ( 282.1874732798833065, -2.331842747349363698, 23.24999999818361829 ) ) ;
#326 = CARTESIAN_POINT ( 'NONE',  ( 270.1649210579608393, -5.126609562273479526, 5.999999999999992895 ) ) ;
#327 = PLANE ( 'NONE',  #2068 ) ;
#328 = DIRECTION ( 'NONE',  ( 0.9997671064802003960, 0.02156961311381938584, 0.0006961252242726994992 ) ) ;
#329 = DIRECTION ( 'NONE',  ( 0.000000000000000000, 0.000000000000000000, 1.000000000000000000 ) ) ;
#330 = VERTEX_POINT ( 'NONE', #4004 ) ;
#331 = CARTESIAN_POINT ( 'NONE',  ( 272.5017126934424709, -4.904425730385252535, 22.31284404233718988 ) ) ;
#332 = ORIENTED_EDGE ( 'NONE', *, *, #5883, .F. ) ;
#333 = CARTESIAN_POINT ( 'NONE',  ( 270.4170023619576568, -5.284838453872835018, 14.32117240760743293 ) ) ;
#334 = CARTESIAN_POINT ( 'NONE',  ( 258.2197429968349525, -6.944008403944961216, 6.498755702484826813 ) ) ;
#335 = CARTESIAN_POINT ( 'NONE',  ( 127.1366756706639762, -13.34666396346217176, 6.872776194352114842 ) ) ;
#336 = CARTESIAN_POINT ( 'NONE',  ( 274.2633875031942239, -4.621901679682665076, 256.9945026444294740 ) ) ;
#337 = EDGE_CURVE ( 'NONE', #7992, #1771, #7151, .T. ) ;
#338 = B_SPLINE_SURFACE_WITH_KNOTS ( 'NONE', 3, 1, ( 
 ( #2013, #107 ),
 ( #7525, #3774 ),
 ( #2587, #1933 ),
 ( #5651, #6272 ),
 ( #1399, #3890 ),
 ( #5038, #2706 ),
 ( #792, #3935 ) ),
 .UNSPECIFIED., .F., .F., .F.,
 ( 4, 3, 4 ),
 ( 2, 2 ),
 ( 0.2574456082720442129, 0.2697697711581883429, 0.2712240224691297441 ),
 ( 0.000000000000000000, 1.000000000000000000 ),
 .UNSPECIFIED. ) ;
#339 = EDGE_CURVE ( 'NONE', #3865, #6719, #7275, .T. ) ;
#340 = CARTESIAN_POINT ( 'NONE',  ( 387.6020508696020102, -3.030566004923159085, 371.2299998774210508 ) ) ;
#341 = FACE_OUTER_BOUND ( 'NONE', #2035, .T. ) ;
#342 = CARTESIAN_POINT ( 'NONE',  ( 284.8932932747229074, -0.06395160594284493571, 23.24999999818361118 ) ) ;
#343 = CARTESIAN_POINT ( 'NONE',  ( 275.6446296730945846, -5.141397579302803500, 6.625119921605979734 ) ) ;
#344 = CARTESIAN_POINT ( 'NONE',  ( 349.8631962041764041, -2.050095749838479087, 233.1377873920262971 ) ) ;
#345 = CARTESIAN_POINT ( 'NONE',  ( 158.5785370014056070, -12.00535250567148182, 6.996411165465807436 ) ) ;
#346 = CARTESIAN_POINT ( 'NONE',  ( 280.6082734132499468, -3.600421853335392885, 6.000000000000000000 ) ) ;
#347 = CARTESIAN_POINT ( 'NONE',  ( 376.5636127972633744, -3.744597619241029740, 371.7299999999996771 ) ) ;
#348 = ORIENTED_EDGE ( 'NONE', *, *, #7029, .T. ) ;
#349 = CARTESIAN_POINT ( 'NONE',  ( 362.2454704894934139, -2.619310307942285920, 371.2299999999999613 ) ) ;
#350 = EDGE_CURVE ( 'NONE', #3615, #282, #3309, .T. ) ;
#351 = CARTESIAN_POINT ( 'NONE',  ( 188.2886401528088811, -10.34079916796001264, 7.504427078000857065 ) ) ;
#352 = FACE_OUTER_BOUND ( 'NONE', #4237, .T. ) ;
#353 = CARTESIAN_POINT ( 'NONE',  ( 286.8438598861603737, -0.05000000000000013461, 20.77580408283644786 ) ) ;
#354 = CARTESIAN_POINT ( 'NONE',  ( 386.6451016708057864, -1.148520281225535511, 371.2305245763189419 ) ) ;
#355 = CARTESIAN_POINT ( 'NONE',  ( 159.8759738565269970, -13.87621618035440996, 5.999999998183607630 ) ) ;
#356 = CARTESIAN_POINT ( 'NONE',  ( 281.0229948211840565, -4.274446150098913932, 6.644385854895693555 ) ) ;
#357 = CARTESIAN_POINT ( 'NONE',  ( 282.5316342275619377, -4.311334922123942093, 21.22191960775081299 ) ) ;
#358 = LINE ( 'NONE', #2927, #3004 ) ;
#359 = CARTESIAN_POINT ( 'NONE',  ( 281.9512242481705471, -2.503911756787313259, 7.776220479056962454 ) ) ;
#360 = CARTESIAN_POINT ( 'NONE',  ( 310.9549667892351295, -1.848735199147282682, 371.7299999999999613 ) ) ;
#361 = ORIENTED_EDGE ( 'NONE', *, *, #6427, .F. ) ;
#362 = CARTESIAN_POINT ( 'NONE',  ( 240.7055065859692888, -7.350425824657969009, 6.998553811533249736 ) ) ;
#363 = CARTESIAN_POINT ( 'NONE',  ( 284.3347220546315270, -4.057205282688506109, 21.11351062710870607 ) ) ;
#364 = ORIENTED_EDGE ( 'NONE', *, *, #1785, .T. ) ;
#365 =( BOUNDED_SURFACE ( )  B_SPLINE_SURFACE ( 3, 2, ( 
 ( #1213, #4200, #2361 ),
 ( #3094, #3630, #490 ),
 ( #6774, #6123, #7260 ),
 ( #451, #6084, #2935 ),
 ( #6696, #531, #2974 ),
 ( #567, #3020, #5466 ),
 ( #2402, #3059, #5547 ),
 ( #1290, #2555, #6350 ),
 ( #114, #1251, #3207 ),
 ( #3250, #6394, #1367 ) ),
 .UNSPECIFIED., .F., .F., .T. ) 
 B_SPLINE_SURFACE_WITH_KNOTS ( ( 4, 2, 2, 2, 4 ),
 ( 3, 3 ),
 ( 0.006515529485817253552, 0.01121583053242458834, 0.01591613157903192313, 0.02061643262563925966, 0.02531673367224659271 ),
 ( 0.000000000000000000, 1.000000000000000000 ),
 .UNSPECIFIED. ) 
 GEOMETRIC_REPRESENTATION_ITEM ( )  RATIONAL_B_SPLINE_SURFACE ( (
 ( 1.000000000000000000, 0.8360522553503062504, 1.000000000000000000),
 ( 1.000000000000000000, 0.8361355357584037140, 1.000000000000000000),
 ( 1.000000000000000000, 0.8363640489061371364, 1.000000000000000000),
 ( 1.000000000000000000, 0.8365512036924879213, 1.000000000000000000),
 ( 1.000000000000000000, 0.8363935004889829772, 1.000000000000000000),
 ( 1.000000000000000000, 0.8361404817710843540, 1.000000000000000000),
 ( 1.000000000000000000, 0.8364713167390692705, 1.000000000000000000),
 ( 1.000000000000000000, 0.8367429100396134301, 1.000000000000000000),
 ( 1.000000000000000000, 0.8365729571520378327, 1.000000000000000000),
 ( 1.000000000000000000, 0.8365671961058822603, 1.000000000000000000) ) ) 
 REPRESENTATION_ITEM ( '' )  SURFACE ( )  );
#366 = CARTESIAN_POINT ( 'NONE',  ( 390.6406159996998326, -0.04999999995238158662, 345.5850035898923238 ) ) ;
#367 = CARTESIAN_POINT ( 'NONE',  ( 284.9735930492308853, -4.096975820809110935, 23.24999999818361118 ) ) ;
#368 = DIRECTION ( 'NONE',  ( 1.000000000000000000, -0.000000000000000000, 1.224646799147353207E-16 ) ) ;
#369 = CARTESIAN_POINT ( 'NONE',  ( 250.0669442311815942, -7.500846195713449127, 127.9100000000000534 ) ) ;
#370 = CARTESIAN_POINT ( 'NONE',  ( 365.7454704894915949, -4.344293382648878321, 371.7300000000000182 ) ) ;
#371 = CARTESIAN_POINT ( 'NONE',  ( 398.2973502597362199, -0.1438412880403305838, 368.0837134862034077 ) ) ;
#372 = CARTESIAN_POINT ( 'NONE',  ( 113.3115738041958309, -13.81211005636862410, 5.999999999999999112 ) ) ;
#373 = CARTESIAN_POINT ( 'NONE',  ( 272.4039768789095888, -4.955621810350427481, 22.24130570437525023 ) ) ;
#374 = ORIENTED_EDGE ( 'NONE', *, *, #6370, .F. ) ;
#375 = CARTESIAN_POINT ( 'NONE',  ( 139.3781720480978095, -13.66927954248489385, 21.64958775898412568 ) ) ;
#376 = CARTESIAN_POINT ( 'NONE',  ( 247.7226738950291178, -7.386696580215943442, 6.574275998269668797 ) ) ;
#377 = CARTESIAN_POINT ( 'NONE',  ( 116.6667128974991954, -13.40368217445068844, 6.771993270063863868 ) ) ;
#378 = AXIS2_PLACEMENT_3D ( 'NONE', #4823, #4780, #5555 ) ;
#379 = CARTESIAN_POINT ( 'NONE',  ( 346.6450378414757552, -3.141109442937876750, 341.0983962064898378 ) ) ;
#380 = CARTESIAN_POINT ( 'NONE',  ( 125.9098591688994304, -13.31420237809319040, 22.35217501722819478 ) ) ;
#381 = CARTESIAN_POINT ( 'NONE',  ( 144.9062839604683006, -11.05463885067554486, 22.49164558135044700 ) ) ;
#382 = CARTESIAN_POINT ( 'NONE',  ( 286.2994500855658657, -3.443222102990453948, 23.24999999818358631 ) ) ;
#383 = VECTOR ( 'NONE', #8061, 1000.000000000000000 ) ;
#384 = CARTESIAN_POINT ( 'NONE',  ( 275.6108844419860588, -4.717896693398468955, 7.125161919650828679 ) ) ;
#385 = CARTESIAN_POINT ( 'NONE',  ( 349.8607852989663343, -1.883421104018904169, 233.1385273314535596 ) ) ;
#386 = CARTESIAN_POINT ( 'NONE',  ( 155.1088283953953635, -12.70630194495953802, 6.574136646331202094 ) ) ;
#387 = EDGE_CURVE ( 'NONE', #4632, #1873, #760, .T. ) ;
#388 = CARTESIAN_POINT ( 'NONE',  ( 128.1118630722853027, -13.77097088680059045, 13.93866547931457056 ) ) ;
#389 = CARTESIAN_POINT ( 'NONE',  ( 181.4811945322208544, -12.79815268015758178, 5.999999999999993783 ) ) ;
#390 = ORIENTED_EDGE ( 'NONE', *, *, #1727, .T. ) ;
#391 = TOROIDAL_SURFACE ( 'NONE', #5204, 2.239792913342995018, 0.2000000000000000111 ) ;
#392 = CARTESIAN_POINT ( 'NONE',  ( 395.5970312455096405, -0.2595142777129142431, 361.4667564666560793 ) ) ;
#393 = CARTESIAN_POINT ( 'NONE',  ( 170.8515067387183421, -12.01593655401112493, 6.523906852035757709 ) ) ;
#394 = CARTESIAN_POINT ( 'NONE',  ( 162.3758999453013416, -13.77539254807198965, 5.999999998183607630 ) ) ;
#395 = CARTESIAN_POINT ( 'NONE',  ( 140.5352484608939676, -12.28228855775859962, 23.44015127642452256 ) ) ;
#396 = CARTESIAN_POINT ( 'NONE',  ( 364.0911540989628747, -2.347295775021930098, 371.0303038085874050 ) ) ;
#397 = CARTESIAN_POINT ( 'NONE',  ( 333.1001397121849550, -4.138756158620463310, 339.0077680709994752 ) ) ;
#398 = CARTESIAN_POINT ( 'NONE',  ( 281.0022158180233873, -4.285016175870397070, 6.644145148366606968 ) ) ;
#399 = CARTESIAN_POINT ( 'NONE',  ( 282.8038436888483602, -4.288762911032347525, 21.21538567773778539 ) ) ;
#400 = VECTOR ( 'NONE', #5793, 1000.000000000000000 ) ;
#401 = EDGE_CURVE ( 'NONE', #4685, #1329, #648, .T. ) ;
#402 = CARTESIAN_POINT ( 'NONE',  ( 221.9090859528027977, -2.726942963325823310, 249.8200000000000784 ) ) ;
#403 = CARTESIAN_POINT ( 'NONE',  ( 283.0683174285076689, -2.360789768108648268, 6.499999998183602301 ) ) ;
#404 = CARTESIAN_POINT ( 'NONE',  ( 311.4153750227083606, -1.988394329513084369, 371.7300000000000750 ) ) ;
#405 = ORIENTED_EDGE ( 'NONE', *, *, #4424, .T. ) ;
#406 = CARTESIAN_POINT ( 'NONE',  ( 240.6974796719920562, -7.225989996287405681, 7.508745797269272160 ) ) ;
#407 = B_SPLINE_CURVE_WITH_KNOTS ( 'NONE', 3,
 ( #2746, #4914, #4837, #1810, #5447, #4222, #6757, #2422, #7936, #6225 ),
 .UNSPECIFIED., .F., .F.,
 ( 4, 2, 2, 2, 4 ),
 ( 9.813077866773594792E-18, 0.0005617515834184819102, 0.001123503166836953846, 0.001685254750255425890, 0.002247006333673898151 ),
 .UNSPECIFIED. ) ;
#408 = CARTESIAN_POINT ( 'NONE',  ( 146.8849062023633394, -12.51665101217930953, 21.28251409516838777 ) ) ;
#409 = ORIENTED_EDGE ( 'NONE', *, *, #6322, .T. ) ;
#410 = CARTESIAN_POINT ( 'NONE',  ( 393.4712366020767149, -0.05000000002389006631, 353.3845315530193147 ) ) ;
#411 = DIRECTION ( 'NONE',  ( 1.000000000000000000, 0.000000000000000000, 1.143066709278450520E-14 ) ) ;
#412 = CARTESIAN_POINT ( 'NONE',  ( 283.3022887582367275, -4.293257672050863505, 23.24999999818221852 ) ) ;
#413 = CARTESIAN_POINT ( 'NONE',  ( 267.8652034305226266, -6.202714924166091492, 233.4866666666667072 ) ) ;
#414 = CARTESIAN_POINT ( 'NONE',  ( 253.7117085016701310, -6.339760507120688615, 5.999999999999986677 ) ) ;
#415 = CARTESIAN_POINT ( 'NONE',  ( 142.3627925978138364, -12.64628752396899714, 20.22150676833035376 ) ) ;
#416 = CARTESIAN_POINT ( 'NONE',  ( 309.1609214016473288, -1.868801229040539358, 121.0590609105575766 ) ) ;
#417 = CARTESIAN_POINT ( 'NONE',  ( 285.2675678610997920, -3.703880489334910653, 20.97749754621454343 ) ) ;
#418 =( BOUNDED_SURFACE ( )  B_SPLINE_SURFACE ( 3, 2, ( 
 ( #3876, #3186, #3837 ),
 ( #4945, #5677, #90 ),
 ( #6330, #2571, #732 ),
 ( #1879, #7471, #3225 ) ),
 .UNSPECIFIED., .F., .F., .F. ) 
 B_SPLINE_SURFACE_WITH_KNOTS ( ( 4, 4 ),
 ( 3, 3 ),
 ( 0.004170541950406754864, 0.006976530406622515057 ),
 ( 0.000000000000000000, 1.000000000000000000 ),
 .UNSPECIFIED. ) 
 GEOMETRIC_REPRESENTATION_ITEM ( )  RATIONAL_B_SPLINE_SURFACE ( (
 ( 1.000000000000000000, 0.8363941040075348887, 1.000000000000000000),
 ( 1.000000000000000000, 0.8359960543617939166, 1.000000000000000000),
 ( 1.000000000000000000, 0.8359217224571778848, 1.000000000000000000),
 ( 1.000000000000000000, 0.8359849443282868497, 1.000000000000000000) ) ) 
 REPRESENTATION_ITEM ( '' )  SURFACE ( )  );
#419 = CARTESIAN_POINT ( 'NONE',  ( 271.8545978443422655, -5.177569745669475587, 21.84458237906211053 ) ) ;
#420 = VERTEX_POINT ( 'NONE', #421 ) ;
#421 = CARTESIAN_POINT ( 'NONE',  ( 325.2946637024971892, -3.375024205215533257, 337.7077661821123229 ) ) ;
#422 = CARTESIAN_POINT ( 'NONE',  ( 247.6807488705398441, -6.766360674775320661, 7.509947680492700783 ) ) ;
#423 = CARTESIAN_POINT ( 'NONE',  ( 121.8918933702952643, -13.18366489602831670, 7.342287588131020115 ) ) ;
#424 = CARTESIAN_POINT ( 'NONE',  ( 345.3019268650119216, -3.202749641271347425, 341.5222861891572848 ) ) ;
#425 = DIRECTION ( 'NONE',  ( -0.000000000000000000, -1.000000000000000000, -0.000000000000000000 ) ) ;
#426 = CARTESIAN_POINT ( 'NONE',  ( 163.7680972807913236, -13.70732138067249650, 6.500000000372553544 ) ) ;
#427 = CARTESIAN_POINT ( 'NONE',  ( 287.6537729490256652, -0.1841918814283913242, 23.24999999817845264 ) ) ;
#428 = CARTESIAN_POINT ( 'NONE',  ( 273.8652167865042202, -5.084491237181292256, 6.796202625925296559 ) ) ;
#429 = CARTESIAN_POINT ( 'NONE',  ( 366.0747647232377062, -4.327815994367786523, 371.2600430430696292 ) ) ;
#430 = CARTESIAN_POINT ( 'NONE',  ( 142.8992137558772981, -13.78667532372151427, 6.500046946477669785 ) ) ;
#431 = CARTESIAN_POINT ( 'NONE',  ( 321.1473624401307916, -2.026997047033156196, 127.9099999999999113 ) ) ;
#432 = CARTESIAN_POINT ( 'NONE',  ( 158.1261444923840997, -13.97834652212800322, 5.999999999999996447 ) ) ;
#433 = VERTEX_POINT ( 'NONE', #6174 ) ;
#434 = DIRECTION ( 'NONE',  ( -1.616521140035806834E-18, 0.000000000000000000, 1.000000000000000000 ) ) ;
#435 = CARTESIAN_POINT ( 'NONE',  ( 170.8581389345280002, -12.14785678333306329, 6.498763835182626458 ) ) ;
#436 = CARTESIAN_POINT ( 'NONE',  ( 126.7203943362521272, -13.04073702332309459, 11.85327600813693216 ) ) ;
#437 = FACE_OUTER_BOUND ( 'NONE', #632, .T. ) ;
#438 = CARTESIAN_POINT ( 'NONE',  ( 377.6238603329268813, -1.647668832641339565, 371.1727028471768222 ) ) ;
#439 = LINE ( 'NONE', #1696, #4432 ) ;
#440 = CARTESIAN_POINT ( 'NONE',  ( 280.4794384187946434, -4.026851878003843588, 7.325130939956938647 ) ) ;
#441 = CARTESIAN_POINT ( 'NONE',  ( 282.2624039301292669, -4.331529329289313779, 21.22592328048854426 ) ) ;
#442 = CARTESIAN_POINT ( 'NONE',  ( 312.3000018664313302, -0.06185897918927355660, 371.7300000000000182 ) ) ;
#443 = CARTESIAN_POINT ( 'NONE',  ( 283.2839295675543667, -1.739272629021986427, 6.499999998183595196 ) ) ;
#444 = CARTESIAN_POINT ( 'NONE',  ( 311.6723726725367101, -2.058289681001101545, 371.7300000000001319 ) ) ;
#445 = ORIENTED_EDGE ( 'NONE', *, *, #4877, .T. ) ;
#446 = CARTESIAN_POINT ( 'NONE',  ( 223.2771954317818484, -9.068545097895583496, 6.524071033075458104 ) ) ;
#447 = ADVANCED_FACE ( 'NONE', ( #575 ), #7272, .F. ) ;
#448 = EDGE_CURVE ( 'NONE', #5969, #3336, #2613, .T. ) ;
#449 = DIRECTION ( 'NONE',  ( 0.000000000000000000, 0.000000000000000000, 1.000000000000000000 ) ) ;
#450 = ORIENTED_EDGE ( 'NONE', *, *, #2382, .F. ) ;
#451 = CARTESIAN_POINT ( 'NONE',  ( 332.7101508700977774, -2.503013090368122917, 339.6856243323359763 ) ) ;
#452 = CARTESIAN_POINT ( 'NONE',  ( 125.9876185812804295, -11.15431805044013025, 22.47516265170397531 ) ) ;
#453 = CARTESIAN_POINT ( 'NONE',  ( 285.3925774703708385, -3.988107814804934925, 23.24999999818398067 ) ) ;
#454 = CARTESIAN_POINT ( 'NONE',  ( 201.3217636985633874, -9.218125116902863070, 128.2433333333331973 ) ) ;
#455 = CARTESIAN_POINT ( 'NONE',  ( 297.6476612093314884, -4.585993545671167126, 127.9100000000000250 ) ) ;
#456 = DIRECTION ( 'NONE',  ( 0.000000000000000000, 1.000000000000000000, 0.000000000000000000 ) ) ;
#457 = CARTESIAN_POINT ( 'NONE',  ( 310.2539792305813648, -1.824394278905070443, 124.0708067688219955 ) ) ;
#458 = CARTESIAN_POINT ( 'NONE',  ( 190.9717276327298237, -10.46897199854556604, 127.9100000000000250 ) ) ;
#459 = EDGE_CURVE ( 'NONE', #6324, #996, #4464, .T. ) ;
#460 = CARTESIAN_POINT ( 'NONE',  ( 271.4677340328845503, -5.275800720913161435, 21.56843998378916538 ) ) ;
#461 = VERTEX_POINT ( 'NONE', #3066 ) ;
#462 = CARTESIAN_POINT ( 'NONE',  ( 119.0379950887956255, -13.75805997856240559, 11.38542292691496094 ) ) ;
#463 = CARTESIAN_POINT ( 'NONE',  ( 249.4257529620072091, -6.646585888564884748, 7.510436543535569776 ) ) ;
#464 = CARTESIAN_POINT ( 'NONE',  ( 114.8998094071066589, -13.89276715431508791, 6.498853374009630812 ) ) ;
#465 = CARTESIAN_POINT ( 'NONE',  ( 140.9733807818981290, -12.31048449571224879, 23.88184546905608840 ) ) ;
#466 = CARTESIAN_POINT ( 'NONE',  ( 282.6254255912468238, -0.04999999999999999584, 7.040352299932829183 ) ) ;
#467 = CARTESIAN_POINT ( 'NONE',  ( 163.7680972807913236, -13.70732138067249650, 5.999999998183599637 ) ) ;
#468 = CARTESIAN_POINT ( 'NONE',  ( 287.6595051429977161, 0.01383958609692739761, 23.24999999818355079 ) ) ;
#469 = CARTESIAN_POINT ( 'NONE',  ( 270.4054049000596933, -5.755377604078529608, 6.575414465332681146 ) ) ;
#470 = CARTESIAN_POINT ( 'NONE',  ( 139.8522841115743915, -13.31049016187764344, 22.35047801043510418 ) ) ;
#471 = CARTESIAN_POINT ( 'NONE',  ( 151.6000335599153743, -12.69131930726357815, 6.698831804505634757 ) ) ;
#472 = CARTESIAN_POINT ( 'NONE',  ( 140.4974691155948108, -13.43248237589771499, 22.63191890202845258 ) ) ;
#473 = CARTESIAN_POINT ( 'NONE',  ( 356.9765021052135694, -3.855338764071781110, 249.8200000000000500 ) ) ;
#474 = VERTEX_POINT ( 'NONE', #8042 ) ;
#475 = PLANE ( 'NONE',  #1556 ) ;
#476 = CARTESIAN_POINT ( 'NONE',  ( 165.6201014242519136, -12.53712462034429365, 6.500047295702874095 ) ) ;
#477 = CARTESIAN_POINT ( 'NONE',  ( 126.4176459503601535, -13.04573729279342587, 11.72778796296618786 ) ) ;
#478 = CARTESIAN_POINT ( 'NONE',  ( 280.8935146180486413, -3.822479564539544850, 7.350527186176011973 ) ) ;
#479 = CARTESIAN_POINT ( 'NONE',  ( 377.6201693376824551, -1.588335798760472706, 371.0840289484820005 ) ) ;
#480 = CARTESIAN_POINT ( 'NONE',  ( 332.9536355480915972, -4.291388675533822195, 338.7674722364568538 ) ) ;
#481 = CARTESIAN_POINT ( 'NONE',  ( 280.5371771666759741, -4.175721394685538712, 6.932710702653600343 ) ) ;
#482 = CARTESIAN_POINT ( 'NONE',  ( 283.2436081625930342, -4.244466748390366639, 21.19869704715872061 ) ) ;
#483 = CARTESIAN_POINT ( 'NONE',  ( 37.66900517959741279, -7.469420039782014520, 5.999999999999994671 ) ) ;
#484 = CARTESIAN_POINT ( 'NONE',  ( 365.7454704894915949, -4.344293382648878321, 371.7300000000000182 ) ) ;
#485 = CARTESIAN_POINT ( 'NONE',  ( 329.1866440067134931, -3.753596370337390020, 341.5399883239246037 ) ) ;
#486 = ORIENTED_EDGE ( 'NONE', *, *, #1635, .T. ) ;
#487 = CARTESIAN_POINT ( 'NONE',  ( 230.2813684489319428, -8.898390720005680876, 6.500047709134160634 ) ) ;
#488 = CARTESIAN_POINT ( 'NONE',  ( 332.5781388050951364, -2.850000000000000089, 173.2499941109628310 ) ) ;
#489 = EDGE_LOOP ( 'NONE', ( #1510, #527, #6345 ) ) ;
#490 = CARTESIAN_POINT ( 'NONE',  ( 328.0152842470311043, -3.771441703990701111, 341.5442471264740334 ) ) ;
#491 = CARTESIAN_POINT ( 'NONE',  ( 281.2842164517936681, -4.007418111039357633, 6.732259218339445184 ) ) ;
#492 = CARTESIAN_POINT ( 'NONE',  ( 286.0934336712196000, -3.642073872706747206, 23.24999999818329144 ) ) ;
#493 = CARTESIAN_POINT ( 'NONE',  ( 126.0860050305566915, -12.13814766688945745, 23.00000000000000000 ) ) ;
#494 = CARTESIAN_POINT ( 'NONE',  ( 388.4632883259162099, -0.8830686628734276677, 371.7300000000001887 ) ) ;
#495 = CARTESIAN_POINT ( 'NONE',  ( 40.76885432934362541, -43.07938103743692437, 6.499999998183606742 ) ) ;
#496 = CARTESIAN_POINT ( 'NONE',  ( 331.2682464942161005, -0.9701755845402699752, 181.9798807303725141 ) ) ;
#497 = ADVANCED_FACE ( 'NONE', ( #4252 ), #5102, .F. ) ;
#498 = CARTESIAN_POINT ( 'NONE',  ( 349.9676703421197317, -2.133091602483559335, 238.8629015731007712 ) ) ;
#499 = CARTESIAN_POINT ( 'NONE',  ( 364.7455494986667190, -2.501530834601220832, 371.7300000000000182 ) ) ;
#500 = VERTEX_POINT ( 'NONE', #1799 ) ;
#501 = CARTESIAN_POINT ( 'NONE',  ( 119.1070106496225804, -13.75795533940578252, 11.43563551423608615 ) ) ;
#502 = CARTESIAN_POINT ( 'NONE',  ( 249.4768861433766460, -7.389193162432546202, 6.524163148849330796 ) ) ;
#503 = CARTESIAN_POINT ( 'NONE',  ( 367.3477380395200953, -4.263278122635452583, 371.2300000000003024 ) ) ;
#504 = ADVANCED_FACE ( 'NONE', ( #4293 ), #1186, .F. ) ;
#505 = B_SPLINE_CURVE_WITH_KNOTS ( 'NONE', 3,
 ( #5911, #5292, #5997, #3542 ),
 .UNSPECIFIED., .F., .F.,
 ( 4, 4 ),
 ( 0.000000000000000000, 1.000000000000000000 ),
 .UNSPECIFIED. ) ;
#506 = CARTESIAN_POINT ( 'NONE',  ( 281.9329187395699705, -2.349929083226932391, 23.24999999818360408 ) ) ;
#507 = CARTESIAN_POINT ( 'NONE',  ( 138.4859679911446051, -12.15124325061204047, 23.98051561957056066 ) ) ;
#508 = CARTESIAN_POINT ( 'NONE',  ( 163.3759738565270254, -13.72649416499977093, 5.999999998183599637 ) ) ;
#509 = CARTESIAN_POINT ( 'NONE',  ( 283.8555503824094330, -2.312499347760879065, 23.24999999818347973 ) ) ;
#510 = CARTESIAN_POINT ( 'NONE',  ( 272.0887467885250430, -4.964448414883298355, 7.387544360776773011 ) ) ;
#511 = CARTESIAN_POINT ( 'NONE',  ( 340.1636027076426672, -0.05000000000000807965, 206.4999999981835970 ) ) ;
#512 = CARTESIAN_POINT ( 'NONE',  ( 151.5884565041448013, -12.50428851250838846, 6.885956014560379757 ) ) ;
#513 = CARTESIAN_POINT ( 'NONE',  ( 346.4723354446094277, -3.862604251442061098, 360.9408165405291697 ) ) ;
#514 = CARTESIAN_POINT ( 'NONE',  ( 315.9461755135577619, -5.347330403623066886, 127.9100000000000250 ) ) ;
#515 = ORIENTED_EDGE ( 'NONE', *, *, #5820, .T. ) ;
#516 = CARTESIAN_POINT ( 'NONE',  ( 391.1135809299540256, -0.8942380359822189595, 371.2300000167211351 ) ) ;
#517 = CARTESIAN_POINT ( 'NONE',  ( 165.5748798332350020, -11.60520585287192219, 7.115894582871016283 ) ) ;
#518 = CARTESIAN_POINT ( 'NONE',  ( 125.9876185812804295, -11.15431805044013025, 22.47516265170397531 ) ) ;
#519 = CARTESIAN_POINT ( 'NONE',  ( 280.0634740891981664, -5.195304213600784315, 6.499999998183577432 ) ) ;
#520 = CARTESIAN_POINT ( 'NONE',  ( 332.7974319689236040, -4.069352191505010374, 338.5112674408671296 ) ) ;
#521 = CARTESIAN_POINT ( 'NONE',  ( 279.1116994749935998, -4.740330241347593621, 6.705189849802639657 ) ) ;
#522 = CARTESIAN_POINT ( 'NONE',  ( 282.2155983914692001, -4.334892540208895362, 21.22645032692159006 ) ) ;
#523 = LINE ( 'NONE', #594, #5079 ) ;
#524 = CARTESIAN_POINT ( 'NONE',  ( 280.7797768650797821, -3.963924518243390871, 7.716204289785311587 ) ) ;
#525 = CONICAL_SURFACE ( 'NONE', #5071, 2.050000000000017142, 0.05235987755983000091 ) ;
#526 = CARTESIAN_POINT ( 'NONE',  ( 39.35181682649132995, -9.947403586866956360, 5.999999999999999112 ) ) ;
#527 = ORIENTED_EDGE ( 'NONE', *, *, #5022, .T. ) ;
#528 = CARTESIAN_POINT ( 'NONE',  ( 230.2647815277397285, -8.633949164939840770, 6.524089083063841166 ) ) ;
#529 = FACE_OUTER_BOUND ( 'NONE', #6485, .T. ) ;
#530 = VERTEX_POINT ( 'NONE', #7924 ) ;
#531 = CARTESIAN_POINT ( 'NONE',  ( 334.3125291838221642, -3.653537185247417884, 340.2230381132814614 ) ) ;
#532 = CARTESIAN_POINT ( 'NONE',  ( 281.9574615686560719, -4.412737121833989029, 6.500056012628443014 ) ) ;
#533 = CARTESIAN_POINT ( 'NONE',  ( 285.1059215135102818, -4.066812713381189326, 23.24999999818323815 ) ) ;
#534 = CARTESIAN_POINT ( 'NONE',  ( 124.7285977792900837, -12.07905100077099014, 23.00000000000000000 ) ) ;
#535 = CARTESIAN_POINT ( 'NONE',  ( 222.8384184463398583, -8.337157091430288602, 5.999999999999988454 ) ) ;
#536 = CARTESIAN_POINT ( 'NONE',  ( 284.6173892741156806, -0.04999999999997922079, 7.566225793153120271 ) ) ;
#537 = CARTESIAN_POINT ( 'NONE',  ( 132.2323861596521510, -12.68744638141392223, 23.14315913766779076 ) ) ;
#538 = CARTESIAN_POINT ( 'NONE',  ( 366.2694683251293668, -2.424920050503900804, 371.2299999281618170 ) ) ;
#539 = ORIENTED_EDGE ( 'NONE', *, *, #91, .F. ) ;
#540 = CARTESIAN_POINT ( 'NONE',  ( 391.1784647622679358, -2.786058452072405878, 371.2345101085589931 ) ) ;
#541 = CARTESIAN_POINT ( 'NONE',  ( 118.3931853601187356, -14.02114250675639617, 6.498832112373158942 ) ) ;
#542 = CARTESIAN_POINT ( 'NONE',  ( 365.7454704895042141, -4.344293367408164741, 371.2299999999999613 ) ) ;
#543 = CARTESIAN_POINT ( 'NONE',  ( 276.3576471424742635, -2.824897373250418564, 23.24999999818360408 ) ) ;
#544 = CARTESIAN_POINT ( 'NONE',  ( 362.2454706486059308, -2.619400744615926424, 371.2299999846942455 ) ) ;
#545 = EDGE_CURVE ( 'NONE', #5391, #4002, #3680, .T. ) ;
#546 = CARTESIAN_POINT ( 'NONE',  ( 398.1875785267973811, -0.05000000000001032091, 366.3799999993478878 ) ) ;
#547 = EDGE_CURVE ( 'NONE', #7546, #6524, #5981, .T. ) ;
#548 = CARTESIAN_POINT ( 'NONE',  ( 286.8795389258511932, -2.669086818408574757, 23.24999999817118734 ) ) ;
#549 = CALENDAR_DATE ( 2025, 19, 6 ) ;
#550 = CARTESIAN_POINT ( 'NONE',  ( 273.0469348834868129, -5.753080154856887063, 6.498734984939087411 ) ) ;
#551 = CARTESIAN_POINT ( 'NONE',  ( 144.4185803098156953, -11.07272363630968570, 21.99999999999997513 ) ) ;
#552 = CARTESIAN_POINT ( 'NONE',  ( 148.0877311477213709, -12.51474655375815104, 7.372587289933692389 ) ) ;
#553 = CARTESIAN_POINT ( 'NONE',  ( 140.4978232284192927, -13.45005010937683920, 21.64621640692610427 ) ) ;
#554 = CARTESIAN_POINT ( 'NONE',  ( 312.7307371327987084, -5.646510116808534541, 127.9100000000000250 ) ) ;
#555 = CARTESIAN_POINT ( 'NONE',  ( 283.9563127412078529, -1.596752035673433268, 6.000000000000007105 ) ) ;
#556 = CARTESIAN_POINT ( 'NONE',  ( 127.9835159831316247, -12.99737933486166419, 13.29300121544499191 ) ) ;
#557 = CARTESIAN_POINT ( 'NONE',  ( 366.1868098070022484, -4.322090177425314650, 371.2300000000000182 ) ) ;
#558 = CARTESIAN_POINT ( 'NONE',  ( 279.8395912100781970, -4.393729908356283964, 6.913073622622684766 ) ) ;
#559 = CARTESIAN_POINT ( 'NONE',  ( 275.1000540884870702, -4.959672765351797352, 21.20735454652254504 ) ) ;
#560 = CARTESIAN_POINT ( 'NONE',  ( 119.6626087957955207, -12.97904558478317405, 11.59999999818354510 ) ) ;
#561 = CARTESIAN_POINT ( 'NONE',  ( 391.2118187238091878, -0.8874368731008459577, 371.2299999790939751 ) ) ;
#562 = CARTESIAN_POINT ( 'NONE',  ( 155.2396762274592845, -10.47487477964322444, 127.9100000000000250 ) ) ;
#563 = ORIENTED_EDGE ( 'NONE', *, *, #3540, .F. ) ;
#564 = CARTESIAN_POINT ( 'NONE',  ( 233.7114710699715943, -7.671521273129644491, 7.508265144611363517 ) ) ;
#565 = CARTESIAN_POINT ( 'NONE',  ( 113.9184464328338606, -13.83884224209943170, 6.000000000000000000 ) ) ;
#566 = VERTEX_POINT ( 'NONE', #3869 ) ;
#567 = CARTESIAN_POINT ( 'NONE',  ( 337.4178302042367932, -2.348683398458178306, 339.6872598079814338 ) ) ;
#568 = CARTESIAN_POINT ( 'NONE',  ( 281.7076894421051634, -3.923733240348246998, 6.645262409342788779 ) ) ;
#569 = CARTESIAN_POINT ( 'NONE',  ( 279.7304679301983583, -4.551423945300475893, 23.24999999818020413 ) ) ;
#570 = CARTESIAN_POINT ( 'NONE',  ( 192.2874093380717113, -9.739547686650483982, 127.9099999999999397 ) ) ;
#571 = CARTESIAN_POINT ( 'NONE',  ( 331.8153473599912786, -0.04999999999998798461, 142.8511501443817053 ) ) ;
#572 = CARTESIAN_POINT ( 'NONE',  ( 326.3666196405980600, -2.352898283829048420, 339.4032178458099906 ) ) ;
#573 = CARTESIAN_POINT ( 'NONE',  ( 325.7893468940001753, -4.598269952183557052, 340.0882597286118312 ) ) ;
#574 = ORIENTED_EDGE ( 'NONE', *, *, #6322, .F. ) ;
#575 = FACE_OUTER_BOUND ( 'NONE', #6610, .T. ) ;
#576 = CARTESIAN_POINT ( 'NONE',  ( 146.7815728685943952, -12.52141118578748724, 21.11927486599302028 ) ) ;
#577 = CARTESIAN_POINT ( 'NONE',  ( 365.7454704894915949, -2.451262585523691584, 371.7300000000000182 ) ) ;
#578 = CARTESIAN_POINT ( 'NONE',  ( 279.1440431145230150, -2.561951180109772075, 23.24999999818359697 ) ) ;
#579 = CARTESIAN_POINT ( 'NONE',  ( 283.5274020174841212, -0.05000000000000000278, 6.499999998183607630 ) ) ;
#580 = CARTESIAN_POINT ( 'NONE',  ( 289.9181388050951682, -0.04999999999999999584, 51.01020546015946167 ) ) ;
#581 = CARTESIAN_POINT ( 'NONE',  ( 285.3047609046480488, -3.626425670315906125, 20.81245807950923776 ) ) ;
#582 = CARTESIAN_POINT ( 'NONE',  ( 272.9993006545154230, -5.261969205664982496, 6.701794146386230722 ) ) ;
#583 = CARTESIAN_POINT ( 'NONE',  ( 276.3378451458882523, -4.898904245808853197, 233.8199999999999932 ) ) ;
#584 = CARTESIAN_POINT ( 'NONE',  ( 134.1468922125673942, -13.89813849955979741, 6.498791875409904328 ) ) ;
#585 = CC_DESIGN_PERSON_AND_ORGANIZATION_ASSIGNMENT ( #1032, #3524, ( #5838 ) ) ;
#586 = CARTESIAN_POINT ( 'NONE',  ( 243.3827557043692309, -9.134441471449727956, 6.000000000000005329 ) ) ;
#587 = ADVANCED_FACE ( 'NONE', ( #6362 ), #57, .T. ) ;
#588 = CARTESIAN_POINT ( 'NONE',  ( 326.5047028775638296, -1.212091845088889563, 127.9099999999999397 ) ) ;
#589 = CARTESIAN_POINT ( 'NONE',  ( 284.2172721231423225, -2.190014367290837871, 23.24252833654352557 ) ) ;
#590 = CARTESIAN_POINT ( 'NONE',  ( 277.8667283335665843, -5.487231895233200873, 6.499999998183615624 ) ) ;
#591 = CARTESIAN_POINT ( 'NONE',  ( 387.5943209038324540, -3.031086502008403460, 371.2299999387094545 ) ) ;
#592 = CARTESIAN_POINT ( 'NONE',  ( 280.1806525282889879, -4.229170014381775644, 7.043646038414421717 ) ) ;
#593 = CARTESIAN_POINT ( 'NONE',  ( 340.1636027076426672, -2.434022975237049025, 206.4999999981835970 ) ) ;
#594 = CARTESIAN_POINT ( 'NONE',  ( 289.9181388050951682, -0.05000000000000000278, 51.19999837350243865 ) ) ;
#595 = CARTESIAN_POINT ( 'NONE',  ( 391.1445153307972760, -0.8920963968989603643, 371.2299999854956809 ) ) ;
#596 = CARTESIAN_POINT ( 'NONE',  ( 315.6071749345196054, -2.908220810342437623, 371.7300000000000182 ) ) ;
#597 = EDGE_CURVE ( 'NONE', #5659, #3459, #6716, .T. ) ;
#598 = ORIENTED_EDGE ( 'NONE', *, *, #2138, .F. ) ;
#599 = CARTESIAN_POINT ( 'NONE',  ( 226.7875090213435385, -9.117539368594725246, 6.500047695803981007 ) ) ;
#600 = B_SPLINE_CURVE_WITH_KNOTS ( 'NONE', 3,
 ( #7839, #2280, #6052, #3468, #6743, #5345, #3427, #7963, #2367, #4818 ),
 .UNSPECIFIED., .F., .F.,
 ( 4, 2, 2, 2, 4 ),
 ( 4.770489558936219510E-18, 0.0006470332126037827607, 0.001294066425207560751, 0.001941099637811338850, 0.002588132850415116731 ),
 .UNSPECIFIED. ) ;
#601 = CARTESIAN_POINT ( 'NONE',  ( 204.3975256523135329, -10.45782777530600249, 127.9100000000000250 ) ) ;
#602 = EDGE_LOOP ( 'NONE', ( #6356, #853, #4740, #7418, #1425, #3951, #4725, #5057, #1688, #5829, #1647, #2342, #6529, #2973, #7215, #4967, #6094, #5004, #3447 ) ) ;
#603 = CARTESIAN_POINT ( 'NONE',  ( 281.4899711675719800, -4.182054604975486534, 6.586795309050887504 ) ) ;
#604 = CARTESIAN_POINT ( 'NONE',  ( 283.0597289921656170, -4.308764723432791932, 23.24999999818354723 ) ) ;
#605 = CARTESIAN_POINT ( 'NONE',  ( 301.0439598735873119, -5.244319788385142012, 249.8200000000000500 ) ) ;
#606 = CARTESIAN_POINT ( 'NONE',  ( 321.4922936466891201, -0.05000000000001078582, 113.2616926700163162 ) ) ;
#607 = CARTESIAN_POINT ( 'NONE',  ( 281.5586153972823240, -4.569038292137319601, 6.499999998183606742 ) ) ;
#608 = CARTESIAN_POINT ( 'NONE',  ( 363.7455482537743023, -2.549940729968015241, 371.7300000000000182 ) ) ;
#609 = ORIENTED_EDGE ( 'NONE', *, *, #2774, .F. ) ;
#610 = CARTESIAN_POINT ( 'NONE',  ( 284.3782869387263759, -1.933287195009910642, 23.24999999818368934 ) ) ;
#611 = CARTESIAN_POINT ( 'NONE',  ( 160.2093071504656905, -12.79589976604943402, 6.499999998993294170 ) ) ;
#612 = CARTESIAN_POINT ( 'NONE',  ( 144.0603171306108550, -11.95929646811033820, 29.33153176474719359 ) ) ;
#613 = CARTESIAN_POINT ( 'NONE',  ( 284.0389947118861187, -2.068268693586075901, 23.24999999818360763 ) ) ;
#614 = CARTESIAN_POINT ( 'NONE',  ( 331.2810749562357842, -4.517521111881821483, 340.0894500197110801 ) ) ;
#615 = CARTESIAN_POINT ( 'NONE',  ( 285.4318957119996867, -4.244953884365590291, 23.24999999818397001 ) ) ;
#616 = CARTESIAN_POINT ( 'NONE',  ( 329.0587852611130302, -2.981928470164968648, 181.2429795363668177 ) ) ;
#617 =( BOUNDED_SURFACE ( )  B_SPLINE_SURFACE ( 3, 2, ( 
 ( #7407, #5456, #6724 ),
 ( #4919, #6113, #7945 ),
 ( #1816, #2350, #1047 ),
 ( #6804, #6073, #5498 ),
 ( #7862, #2924, #6763 ),
 ( #7986, #397, #3537 ),
 ( #480, #4847, #7333 ),
 ( #520, #1736, #4230 ),
 ( #2390, #3240, #7483 ),
 ( #2584, #667, #5074 ) ),
 .UNSPECIFIED., .F., .F., .T. ) 
 B_SPLINE_SURFACE_WITH_KNOTS ( ( 4, 2, 2, 2, 4 ),
 ( 3, 3 ),
 ( 0.000000000000000000, 0.0005569902081358243766, 0.001113980416271648753, 0.001670970624407473130, 0.002227960832543297506 ),
 ( 0.000000000000000000, 1.000000000000000000 ),
 .UNSPECIFIED. ) 
 GEOMETRIC_REPRESENTATION_ITEM ( )  RATIONAL_B_SPLINE_SURFACE ( (
 ( 1.000000000000000000, 0.7008464880604230451, 1.000000000000000000),
 ( 1.000000000000000000, 0.6859377851223810163, 1.000000000000000000),
 ( 1.000000000000000000, 0.6708663793325542191, 1.000000000000000000),
 ( 1.000000000000000000, 0.6403081950563234148, 1.000000000000000000),
 ( 1.000000000000000000, 0.6246093414224503926, 1.000000000000000000),
 ( 1.000000000000000000, 0.5938879594069829126, 1.000000000000000000),
 ( 1.000000000000000000, 0.5789786039325447442, 1.000000000000000000),
 ( 1.000000000000000000, 0.5505465874875604682, 1.000000000000000000),
 ( 1.000000000000000000, 0.5369398765095578785, 1.000000000000000000),
 ( 1.000000000000000000, 0.5254174841046176381, 1.000000000000000000) ) ) 
 REPRESENTATION_ITEM ( '' )  SURFACE ( )  );
#618 = CARTESIAN_POINT ( 'NONE',  ( 265.2048479503936278, -6.496449988916592311, 6.498746402873588401 ) ) ;
#619 = CARTESIAN_POINT ( 'NONE',  ( 343.3274827813453385, -1.791182528654427397, 339.7299999999999613 ) ) ;
#620 = CARTESIAN_POINT ( 'NONE',  ( 135.8790219027428918, -13.11025478965211022, 6.985544186753437579 ) ) ;
#621 = CARTESIAN_POINT ( 'NONE',  ( 134.2268831645752414, -13.54260972315418776, 21.64529069833502106 ) ) ;
#622 = CARTESIAN_POINT ( 'NONE',  ( 360.4901596229530583, -3.580347011714975380, 249.8200000000000500 ) ) ;
#623 = CARTESIAN_POINT ( 'NONE',  ( 260.3759738565270254, -8.020603716006320383, 5.999999998183607630 ) ) ;
#624 = CARTESIAN_POINT ( 'NONE',  ( 333.5208673737463982, -4.459354248331362847, 340.0888180109033101 ) ) ;
#625 = CARTESIAN_POINT ( 'NONE',  ( 344.8788225284019404, -1.721603169546251477, 338.6666971930847012 ) ) ;
#626 = CARTESIAN_POINT ( 'NONE',  ( 391.0495571868602838, -2.794967622578814925, 371.7300000000000182 ) ) ;
#627 = CARTESIAN_POINT ( 'NONE',  ( 278.2479530059905528, -4.479053102768309813, 7.249790104814726632 ) ) ;
#628 = ADVANCED_FACE ( 'NONE', ( #6919 ), #4349, .F. ) ;
#629 = CARTESIAN_POINT ( 'NONE',  ( 345.7037663258974476, -1.982740958098803574, 339.1349503182233320 ) ) ;
#630 = CARTESIAN_POINT ( 'NONE',  ( 398.8798360329602133, -2.236441638640950025, 371.2300000000000182 ) ) ;
#631 = CARTESIAN_POINT ( 'NONE',  ( 57.76215611411700479, -12.70520730537380771, 6.000000000000009770 ) ) ;
#632 = EDGE_LOOP ( 'NONE', ( #7343, #6881, #4116, #2215, #7299, #647, #2860, #2439, #7605, #3348, #4140, #4866, #7107 ) ) ;
#633 = AXIS2_PLACEMENT_3D ( 'NONE', #6299, #368, #3880 ) ;
#634 = CARTESIAN_POINT ( 'NONE',  ( 113.7047950199171140, -13.82943109224322598, 6.000000000000010658 ) ) ;
#635 = CARTESIAN_POINT ( 'NONE',  ( 191.7838811382051745, -10.14987067167075807, 7.504589912539753271 ) ) ;
#636 = CARTESIAN_POINT ( 'NONE',  ( 171.8802556824095120, -12.21960969411816222, 6.499999998183613847 ) ) ;
#637 = VERTEX_POINT ( 'NONE', #5612 ) ;
#638 = CARTESIAN_POINT ( 'NONE',  ( 287.2017093212214149, -4.711404743974626719, 246.6057855809985995 ) ) ;
#639 = CARTESIAN_POINT ( 'NONE',  ( 281.7957523778102313, -3.639762700008918994, 6.840095648413391238 ) ) ;
#640 = EDGE_CURVE ( 'NONE', #4155, #7540, #88, .T. ) ;
#641 = CARTESIAN_POINT ( 'NONE',  ( 279.8945523485349440, -4.536879075654499438, 23.24999999818355434 ) ) ;
#642 = CARTESIAN_POINT ( 'NONE',  ( 227.6023568008657776, -8.658602551859212682, 127.9100000000000534 ) ) ;
#643 = CARTESIAN_POINT ( 'NONE',  ( 340.4178582941349873, -0.04999999999999201611, 167.5090431744043826 ) ) ;
#644 = CARTESIAN_POINT ( 'NONE',  ( 281.6370930623983782, -4.494076807324218770, 6.499999998183569438 ) ) ;
#645 = AXIS2_PLACEMENT_3D ( 'NONE', #315, #5950, #2795 ) ;
#646 = CARTESIAN_POINT ( 'NONE',  ( 146.8249977421901065, -10.51765224400929988, 21.26214497014138161 ) ) ;
#647 = ORIENTED_EDGE ( 'NONE', *, *, #1935, .T. ) ;
#648 = B_SPLINE_CURVE_WITH_KNOTS ( 'NONE', 3,
 ( #5802, #4577, #7230, #6095, #2985, #1148 ),
 .UNSPECIFIED., .F., .F.,
 ( 4, 2, 4 ),
 ( 1.301042606982605321E-17, 0.0001724896223837333719, 0.0003449792447674537334 ),
 .UNSPECIFIED. ) ;
#649 = CARTESIAN_POINT ( 'NONE',  ( 284.3678764532922401, -1.938400728205238899, 23.24999999818368934 ) ) ;
#650 = CARTESIAN_POINT ( 'NONE',  ( 390.7454704894822726, -0.9197229228646647270, 371.7300000000000750 ) ) ;
#651 = CARTESIAN_POINT ( 'NONE',  ( 326.4394497151732821, -4.518947673433068246, 339.5184090273846209 ) ) ;
#652 = CIRCLE ( 'NONE', #4829, 0.1999999999999931000 ) ;
#653 = CARTESIAN_POINT ( 'NONE',  ( 274.0878420824967066, -4.764350235446213944, 7.518889951393073368 ) ) ;
#654 = ORIENTED_EDGE ( 'NONE', *, *, #5985, .T. ) ;
#655 = CARTESIAN_POINT ( 'NONE',  ( 163.8328439044793754, -11.81394732667747149, 6.882617988128229669 ) ) ;
#656 = CARTESIAN_POINT ( 'NONE',  ( 123.1061912209946314, -13.57942444343168908, 17.80785358881778535 ) ) ;
#657 = CARTESIAN_POINT ( 'NONE',  ( 285.1037376535366548, -3.821307522074624430, 20.82115181584306640 ) ) ;
#658 = CARTESIAN_POINT ( 'NONE',  ( 362.7454704894915949, -2.596298789815725705, 371.2300000000000182 ) ) ;
#659 = CARTESIAN_POINT ( 'NONE',  ( 265.1373773739067019, -5.620339787712603119, 7.380393164084501301 ) ) ;
#660 = CARTESIAN_POINT ( 'NONE',  ( 258.2400081405880314, -5.254789538522480541, 233.8199999999999932 ) ) ;
#661 = CARTESIAN_POINT ( 'NONE',  ( 135.8808044956313097, -13.18549900525176888, 6.875844786362756977 ) ) ;
#662 = FACE_OUTER_BOUND ( 'NONE', #2191, .T. ) ;
#663 = CARTESIAN_POINT ( 'NONE',  ( 409.5034130912439423, -1.436400094583795584, 371.7300000000000182 ) ) ;
#664 = CARTESIAN_POINT ( 'NONE',  ( 326.5103399415147578, 1.228982052367449951, 127.9099999999999397 ) ) ;
#665 = CARTESIAN_POINT ( 'NONE',  ( 127.6006990460585371, -12.94103459977391424, 15.62336251034949441 ) ) ;
#666 = CARTESIAN_POINT ( 'NONE',  ( 40.76885432934362541, -43.07938103743692437, 6.499999998183606742 ) ) ;
#667 = CARTESIAN_POINT ( 'NONE',  ( 332.7975370980610705, -3.588692494020574664, 338.5114398734664860 ) ) ;
#668 = CARTESIAN_POINT ( 'NONE',  ( 278.2627272736670534, -4.652611810516203761, 6.889582362322142828 ) ) ;
#669 = CARTESIAN_POINT ( 'NONE',  ( 346.7579915238205785, -3.714084845230399168, 371.2300000000001319 ) ) ;
#670 = FACE_OUTER_BOUND ( 'NONE', #4151, .T. ) ;
#671 = CARTESIAN_POINT ( 'NONE',  ( 218.0373408641559934, -4.048264354567551848, 249.8200000000000216 ) ) ;
#672 = ORIENTED_EDGE ( 'NONE', *, *, #6036, .T. ) ;
#673 = CARTESIAN_POINT ( 'NONE',  ( 289.9181388050951682, -0.05000000000000000278, 53.24999837350245713 ) ) ;
#674 = B_SPLINE_CURVE_WITH_KNOTS ( 'NONE', 3,
 ( #8009, #6180, #2415, #6142 ),
 .UNSPECIFIED., .F., .F.,
 ( 4, 4 ),
 ( 0.3969776178920877419, 0.4318673840953973775 ),
 .UNSPECIFIED. ) ;
#675 = CARTESIAN_POINT ( 'NONE',  ( 205.7793878888289498, -9.662479400513531047, 6.791567191220973854 ) ) ;
#676 = CARTESIAN_POINT ( 'NONE',  ( 167.8781533072419450, -12.41642166849215023, 6.499999998183575656 ) ) ;
#677 = PLANE ( 'NONE',  #2583 ) ;
#678 = CARTESIAN_POINT ( 'NONE',  ( 178.6896323341559594, -9.791746803055641379, 75.04009848219794776 ) ) ;
#679 = CARTESIAN_POINT ( 'NONE',  ( 281.0531350385575138, -4.125482104817340456, 6.732235630847998031 ) ) ;
#680 = CARTESIAN_POINT ( 'NONE',  ( 281.3242631921347083, -4.419057043579187827, 23.24999999818435370 ) ) ;
#681 = CARTESIAN_POINT ( 'NONE',  ( 161.0593817100906051, -11.74407775141084898, 5.999999999999996447 ) ) ;
#682 = CARTESIAN_POINT ( 'NONE',  ( 371.3864237053771262, -0.04999999999999182182, 256.2776234304662921 ) ) ;
#683 = DIRECTION ( 'NONE',  ( 0.8451250117708427601, 0.000000000000000000, -0.5345687182012552885 ) ) ;
#684 = ADVANCED_FACE ( 'NONE', ( #6157 ), #32, .T. ) ;
#685 = CARTESIAN_POINT ( 'NONE',  ( 274.4541762849805195, -5.023864641597498348, 21.20813173658755701 ) ) ;
#686 = EDGE_LOOP ( 'NONE', ( #4224, #6108, #2724, #3431 ) ) ;
#687 = CARTESIAN_POINT ( 'NONE',  ( 285.0578984695185909, -1.590358726243432885, 23.24999999818363250 ) ) ;
#688 = CARTESIAN_POINT ( 'NONE',  ( 391.0948028927609812, -0.8955380701597944748, 371.2299999744381012 ) ) ;
#689 = CARTESIAN_POINT ( 'NONE',  ( 391.2454704433743586, -0.8850733223980031816, 371.2299999914793602 ) ) ;
#690 = CARTESIAN_POINT ( 'NONE',  ( 143.9410568216377726, -12.73217902665992263, 7.497767585093740195 ) ) ;
#691 = VERTEX_POINT ( 'NONE', #7485 ) ;
#692 = EDGE_CURVE ( 'NONE', #4574, #6719, #4921, .T. ) ;
#693 = CARTESIAN_POINT ( 'NONE',  ( 119.4950087212057070, -12.97417316988381231, 11.58941329562216360 ) ) ;
#694 = CARTESIAN_POINT ( 'NONE',  ( 286.7950524237168679, -0.004530716699286335171, 20.62475348349845916 ) ) ;
#695 = DIRECTION ( 'NONE',  ( 0.000000000000000000, 1.000000000000000000, 0.000000000000000000 ) ) ;
#696 = CARTESIAN_POINT ( 'NONE',  ( 263.4688382943714373, -6.751190224651799632, 6.500047808334694643 ) ) ;
#697 = CARTESIAN_POINT ( 'NONE',  ( 163.8759738565267412, -13.70208738245041324, 6.499999998183605854 ) ) ;
#698 = CARTESIAN_POINT ( 'NONE',  ( 130.6482534402833551, -14.09216532865459115, 6.500046154142506083 ) ) ;
#699 = CARTESIAN_POINT ( 'NONE',  ( 400.1003240738647833, -0.05000202929122692791, 371.2011049153924773 ) ) ;
#700 = CARTESIAN_POINT ( 'NONE',  ( 365.1537655791108250, -3.179625166203801978, 249.8200000000000500 ) ) ;
#701 = B_SPLINE_CURVE_WITH_KNOTS ( 'NONE', 3,
 ( #7056, #5789, #199, #761, #2644, #2680 ),
 .UNSPECIFIED., .F., .F.,
 ( 4, 2, 4 ),
 ( 1.110256905426074607E-16, 0.0003907452315356937890, 0.0007814904630712765556 ),
 .UNSPECIFIED. ) ;
#702 = FACE_OUTER_BOUND ( 'NONE', #6164, .T. ) ;
#703 = CARTESIAN_POINT ( 'NONE',  ( 333.6596408307333945, -4.452915089753916256, 340.3164395739940460 ) ) ;
#704 = CARTESIAN_POINT ( 'NONE',  ( 342.5632296386124267, -1.829670177193695402, 335.0055322325300153 ) ) ;
#705 = CARTESIAN_POINT ( 'NONE',  ( 263.8759737797606135, -6.709012795358176184, 6.499999998183607630 ) ) ;
#706 = CARTESIAN_POINT ( 'NONE',  ( 278.2786013590038579, -4.839600379381154838, 6.700778479896869477 ) ) ;
#707 = CARTESIAN_POINT ( 'NONE',  ( 351.8667156738160884, -3.597280847035935203, 371.2300000000001319 ) ) ;
#708 = CARTESIAN_POINT ( 'NONE',  ( 132.3829362167467707, -12.70320496387330955, 23.13394514686164882 ) ) ;
#709 = CARTESIAN_POINT ( 'NONE',  ( 136.1532351676603412, -15.08831532779784901, 5.999999999999995559 ) ) ;
#710 = ORIENTED_EDGE ( 'NONE', *, *, #1891, .F. ) ;
#711 = CARTESIAN_POINT ( 'NONE',  ( 325.7683208203856680, -3.660094851427321050, 338.4569226726009674 ) ) ;
#712 = CARTESIAN_POINT ( 'NONE',  ( 212.7553267127487686, -9.034561359657034885, 7.119541523504093306 ) ) ;
#713 = CARTESIAN_POINT ( 'NONE',  ( 140.2201805250328732, -13.88905343968326278, 6.499999998183585426 ) ) ;
#714 = VERTEX_POINT ( 'NONE', #4271 ) ;
#715 = CARTESIAN_POINT ( 'NONE',  ( 312.7491425820464883, -4.709736872152381792, 285.9236505652723395 ) ) ;
#716 = CARTESIAN_POINT ( 'NONE',  ( 280.9013564780431125, -3.828330091259094292, 7.639239791372423483 ) ) ;
#717 = CARTESIAN_POINT ( 'NONE',  ( 279.8722949387070571, -4.538842243777784446, 23.24999999818362184 ) ) ;
#718 = CARTESIAN_POINT ( 'NONE',  ( 321.1633070917083614, -1.701464237334030072, 371.7300000000001319 ) ) ;
#719 = CARTESIAN_POINT ( 'NONE',  ( 395.4719820891756967, -0.04999999999999504147, 325.3202375205268027 ) ) ;
#720 = CARTESIAN_POINT ( 'NONE',  ( 289.9181388050951682, -0.05000000000000000278, 53.24999837350245713 ) ) ;
#721 = CARTESIAN_POINT ( 'NONE',  ( 273.9606948814953284, -5.072373824913410267, 21.20915300121772162 ) ) ;
#722 = ORIENTED_EDGE ( 'NONE', *, *, #7178, .F. ) ;
#723 = CARTESIAN_POINT ( 'NONE',  ( 400.0477485839072642, -0.007007153225621129758, 371.0984600121768722 ) ) ;
#724 = CARTESIAN_POINT ( 'NONE',  ( 285.1703569760545065, -1.533599026776024665, 23.24999999818359342 ) ) ;
#725 = ADVANCED_FACE ( 'NONE', ( #4960 ), #2203, .T. ) ;
#726 = CARTESIAN_POINT ( 'NONE',  ( 146.2242929265295857, -12.54338507556088800, 20.59584718866136299 ) ) ;
#727 = CARTESIAN_POINT ( 'NONE',  ( 286.4716336179183713, -1.763895673601338920, 20.66641103935193158 ) ) ;
#728 = CARTESIAN_POINT ( 'NONE',  ( 181.6324358901167670, -10.70352240230082863, 7.504181205143400035 ) ) ;
#729 = ORIENTED_EDGE ( 'NONE', *, *, #7982, .T. ) ;
#730 = B_SPLINE_CURVE_WITH_KNOTS ( 'NONE', 3,
 ( #6569, #7833, #6004, #7219, #2725, #3383, #5219, #5258, #931, #3423, #5918, #2805, #5298, #7788, #1623, #1583, #4117, #6611, #5381, #7873, #2273, #4857, #1663, #1747, #3590, #8033, #3671, #7996, #4320, #6203, #1058, #2440, #7344, #4812 ),
 .UNSPECIFIED., .F., .F.,
 ( 4, 3, 3, 3, 3, 3, 3, 3, 3, 3, 3, 4 ),
 ( 0.000000000000000000, 2.969867969599916480E-06, 0.0002112909746755760527, 0.0004196130273659847993, 0.0005937774556010683505, 0.0006838939655916981579, 0.0007056645004740492999, 0.0007274350353634909073, 0.0007492055702506900594, 0.0007709761051399370525, 0.0007927466400311408137, 0.0007975017997394554794 ),
 .UNSPECIFIED. ) ;
#731 = CARTESIAN_POINT ( 'NONE',  ( 121.6904097678091432, -13.82544999778882122, 11.59999999818355043 ) ) ;
#732 = CARTESIAN_POINT ( 'NONE',  ( 143.0725560908778959, -12.63099351589132802, 20.22075449026245408 ) ) ;
#733 = CARTESIAN_POINT ( 'NONE',  ( 285.2314168785973152, -3.699785625956837798, 20.82095133409137588 ) ) ;
#734 = CARTESIAN_POINT ( 'NONE',  ( 350.5569234381112551, -2.965283095100648580, 371.2088817123883473 ) ) ;
#735 = CARTESIAN_POINT ( 'NONE',  ( 263.4060866713398923, -5.817798857003064761, 7.121773597549530876 ) ) ;
#737 = ADVANCED_FACE ( 'NONE', ( #7080 ), #970, .T. ) ;
#736 = CARTESIAN_POINT ( 'NONE',  ( 332.4417175846400028, -3.229834856974733714, 337.9278254250172040 ) ) ;
#738 = CARTESIAN_POINT ( 'NONE',  ( 132.3837444954583873, -13.26194583663310311, 6.874608997903221663 ) ) ;
#739 = B_SPLINE_CURVE_WITH_KNOTS ( 'NONE', 3,
 ( #38, #676, #636, #5698, #5167, #1249, #4390, #4431, #1328, #5743, #2672, #6925, #3857, #7648, #154, #6314, #3742, #112, #5658, #2018 ),
 .UNSPECIFIED., .F., .F.,
 ( 4, 2, 2, 2, 2, 2, 2, 2, 2, 4 ),
 ( 0.03353232056580850856, 0.04555313456699053992, 0.05757394856817257128, 0.06959476256935459570, 0.08161557657053664094, 0.09363639057171865843, 0.1056572045729007037, 0.1176780185740827211, 0.1236884255746736883, 0.1296988325752646831 ),
 .UNSPECIFIED. ) ;
#740 = CARTESIAN_POINT ( 'NONE',  ( 136.4562549250855170, -13.81281952131183921, 16.47286474683569679 ) ) ;
#741 = CARTESIAN_POINT ( 'NONE',  ( 345.6744366654430110, -1.984052847115044926, 339.0570617668224145 ) ) ;
#742 = CARTESIAN_POINT ( 'NONE',  ( 130.4351543348266773, -12.81686638869999229, 20.23207440204580720 ) ) ;
#743 = CARTESIAN_POINT ( 'NONE',  ( 126.7211646413887962, -12.91906207460094080, 16.34635216544603864 ) ) ;
#744 = CARTESIAN_POINT ( 'NONE',  ( 116.4210454177965346, -13.07839767649578278, 7.344258657040825256 ) ) ;
#745 = CARTESIAN_POINT ( 'NONE',  ( 387.4431713181733130, -3.041286561583778525, 371.2299999387094545 ) ) ;
#746 = CARTESIAN_POINT ( 'NONE',  ( 277.8625564128321344, -5.107451646850257987, 6.574470141410493795 ) ) ;
#747 = CARTESIAN_POINT ( 'NONE',  ( 318.0036573967786353, -1.693289455552067002, 145.4138556968927674 ) ) ;
#748 = CARTESIAN_POINT ( 'NONE',  ( 401.3059932098195759, 0.03284453700730089604, 371.7299999999997340 ) ) ;
#749 = CARTESIAN_POINT ( 'NONE',  ( 103.1621189477064888, -14.59379589061767568, 5.999999999999995559 ) ) ;
#750 = VERTEX_POINT ( 'NONE', #2872 ) ;
#751 = CARTESIAN_POINT ( 'NONE',  ( 144.7718349792206141, -11.05736089688413060, 22.49165109180254518 ) ) ;
#752 = CARTESIAN_POINT ( 'NONE',  ( 195.3066891489699515, -10.45770074187504584, 6.623604354285311580 ) ) ;
#753 = CARTESIAN_POINT ( 'NONE',  ( 332.5781388050951364, -0.05000000000000000278, 173.2499941109628310 ) ) ;
#754 = FACE_OUTER_BOUND ( 'NONE', #4521, .T. ) ;
#755 = CARTESIAN_POINT ( 'NONE',  ( 288.8108979202788760, -5.828427191262337992, 245.6216421131688037 ) ) ;
#756 = CARTESIAN_POINT ( 'NONE',  ( 280.9439084255146781, -3.968685791226385096, 6.947723903320087047 ) ) ;
#757 = CARTESIAN_POINT ( 'NONE',  ( 284.7688682163563954, -3.923582299680482777, 21.05621076278199766 ) ) ;
#758 = CARTESIAN_POINT ( 'NONE',  ( 334.2685770279583153, -2.850754550998661596, 371.7299999999999045 ) ) ;
#759 = CARTESIAN_POINT ( 'NONE',  ( 253.9014801413321720, -6.527442658117294627, 224.7892332992292950 ) ) ;
#760 = CIRCLE ( 'NONE', #5323, 0.2000000000000057288 ) ;
#761 = CARTESIAN_POINT ( 'NONE',  ( 362.5068636903305901, -4.499495550658696885, 371.2842683682493430 ) ) ;
#762 = ORIENTED_EDGE ( 'NONE', *, *, #7415, .F. ) ;
#763 = CARTESIAN_POINT ( 'NONE',  ( 283.3768716567269053, -4.229609257087984631, 21.19273928941800023 ) ) ;
#764 = AXIS2_PLACEMENT_3D ( 'NONE', #6574, #328, #4776 ) ;
#765 = VERTEX_POINT ( 'NONE', #951 ) ;
#766 = CARTESIAN_POINT ( 'NONE',  ( 400.0542284668147772, -0.02976748339288195003, 371.1452567114057501 ) ) ;
#767 = CARTESIAN_POINT ( 'NONE',  ( 285.0297838425867099, -1.604548650518442532, 23.24999999818363250 ) ) ;
#768 = CARTESIAN_POINT ( 'NONE',  ( 257.8284397169843487, -6.078985501167910144, 5.999999999999994671 ) ) ;
#769 = CARTESIAN_POINT ( 'NONE',  ( 286.7876674069366345, -0.3360369338715657461, 20.62624379213840342 ) ) ;
#770 = CIRCLE ( 'NONE', #7297, 1.999999999999977351 ) ;
#771 = CARTESIAN_POINT ( 'NONE',  ( 256.9844651596554286, -6.141058785743154225, 7.508046150266342700 ) ) ;
#772 = ORIENTED_EDGE ( 'NONE', *, *, #5478, .F. ) ;
#773 = EDGE_CURVE ( 'NONE', #1459, #2732, #7776, .T. ) ;
#774 = DIRECTION ( 'NONE',  ( 0.5343907334460233916, 0.02496771989430122615, 0.8448687217374666325 ) ) ;
#775 = CARTESIAN_POINT ( 'NONE',  ( 387.2454787295369556, -1.158728201412323244, 371.2299999877693040 ) ) ;
#776 = CARTESIAN_POINT ( 'NONE',  ( 125.7738797097925669, -11.28923279721575668, 22.13710405024428240 ) ) ;
#777 = CARTESIAN_POINT ( 'NONE',  ( 271.3476634515831165, -5.327894390882952358, 22.26485971707730727 ) ) ;
#778 = AXIS2_PLACEMENT_3D ( 'NONE', #2542, #6874, #4957 ) ;
#779 = CARTESIAN_POINT ( 'NONE',  ( 263.4027240977904967, -5.767788120492595816, 7.244450725403563496 ) ) ;
#780 = CARTESIAN_POINT ( 'NONE',  ( 410.6881819915337815, -1.260703807742915350, 371.2299999999997908 ) ) ;
#781 = CARTESIAN_POINT ( 'NONE',  ( 128.8837925633117720, -13.19496498320174460, 7.101867353842063579 ) ) ;
#782 = CARTESIAN_POINT ( 'NONE',  ( 362.7760317851995069, -3.371606481317649617, 249.8200000000000500 ) ) ;
#783 = CARTESIAN_POINT ( 'NONE',  ( 141.0072639228376943, -12.10089195148466246, 24.32387816177388729 ) ) ;
#784 = B_SPLINE_CURVE_WITH_KNOTS ( 'NONE', 3,
 ( #4235, #5613, #5576, #595, #6077, #561, #2472 ),
 .UNSPECIFIED., .F., .F.,
 ( 4, 3, 4 ),
 ( 0.000000000000000000, 0.0004000000000000043018, 0.0005011967401357564789 ),
 .UNSPECIFIED. ) ;
#785 = EDGE_CURVE ( 'NONE', #7714, #3589, #1932, .T. ) ;
#786 = EDGE_CURVE ( 'NONE', #7229, #2760, #7322, .T. ) ;
#787 = CARTESIAN_POINT ( 'NONE',  ( 126.4182394959985913, -12.91331240754468013, 16.47201830929024879 ) ) ;
#788 = FACE_OUTER_BOUND ( 'NONE', #815, .T. ) ;
#789 = CARTESIAN_POINT ( 'NONE',  ( 387.4342272158788774, -3.041890138337585370, 371.2516589279771893 ) ) ;
#790 = CARTESIAN_POINT ( 'NONE',  ( 278.6523964942235807, -4.407901839086569851, 7.391421162788270216 ) ) ;
#791 = CARTESIAN_POINT ( 'NONE',  ( 340.1636027076426672, -0.05000000000000808659, 206.4999999981835970 ) ) ;
#792 = CARTESIAN_POINT ( 'NONE',  ( 366.0944870945754133, -4.326829116563517985, 371.7300000000000182 ) ) ;
#793 = CARTESIAN_POINT ( 'NONE',  ( 99.03487680864456877, -14.51412529607153168, 5.999999999999998224 ) ) ;
#794 = EDGE_LOOP ( 'NONE', ( #4604, #2832, #5450, #3547 ) ) ;
#795 = CARTESIAN_POINT ( 'NONE',  ( 399.6835711694698148, -0.08065861690019103525, 371.1818983733882078 ) ) ;
#796 = CARTESIAN_POINT ( 'NONE',  ( 181.3454022575198792, -11.59809261166355654, 6.498760663453259312 ) ) ;
#797 = CARTESIAN_POINT ( 'NONE',  ( 154.9626689213017130, -13.09566409846375912, 6.499999998183595196 ) ) ;
#798 = CARTESIAN_POINT ( 'NONE',  ( 332.5341495196466326, -3.681729806042896680, 338.5678434066615523 ) ) ;
#799 = CARTESIAN_POINT ( 'NONE',  ( 332.3761161613159629, -3.429420068820257850, 338.3324171658759951 ) ) ;
#800 = CARTESIAN_POINT ( 'NONE',  ( 280.9809018856390708, -3.869969038214372326, 7.076097725340819267 ) ) ;
#801 = CARTESIAN_POINT ( 'NONE',  ( 283.9522451859212424, -4.139807834599794845, 21.15204514649943945 ) ) ;
#802 = CARTESIAN_POINT ( 'NONE',  ( 332.8812209057081191, -2.794622416857970304, 371.7300000000001887 ) ) ;
#803 = CARTESIAN_POINT ( 'NONE',  ( 332.5781388050951364, -2.850000000000000089, 173.2499941109628310 ) ) ;
#804 = CARTESIAN_POINT ( 'NONE',  ( 329.3188932045095498, -2.287719987276816358, 339.2220654235728148 ) ) ;
#805 = ORIENTED_EDGE ( 'NONE', *, *, #448, .T. ) ;
#806 = CARTESIAN_POINT ( 'NONE',  ( 330.9614863741914519, -3.719645294494060561, 338.5636852582883876 ) ) ;
#807 = ORIENTED_EDGE ( 'NONE', *, *, #4034, .F. ) ;
#808 = CARTESIAN_POINT ( 'NONE',  ( 400.3247316140949579, 0.003916360019423244070, 371.1823914292764925 ) ) ;
#809 = CARTESIAN_POINT ( 'NONE',  ( 276.5654116152874735, -2.804376820112782553, 23.24999999818365382 ) ) ;
#810 = CARTESIAN_POINT ( 'NONE',  ( 306.1998277497121990, -4.032738956989106782, 127.9099999999999113 ) ) ;
#811 = CARTESIAN_POINT ( 'NONE',  ( 285.2949907962981229, -3.636181879456754196, 20.81365614737820025 ) ) ;
#812 = CARTESIAN_POINT ( 'NONE',  ( 260.9811517943763874, -7.983225243403233584, 5.999999998183607630 ) ) ;
#813 = ORIENTED_EDGE ( 'NONE', *, *, #841, .F. ) ;
#814 = CARTESIAN_POINT ( 'NONE',  ( 125.6117545069074311, -13.84284638018644387, 11.59999999818359484 ) ) ;
#815 = EDGE_LOOP ( 'NONE', ( #2773, #6568, #7660, #374 ) ) ;
#816 = CARTESIAN_POINT ( 'NONE',  ( 281.8628679243593638, -3.314781332522115154, 7.497563046286736643 ) ) ;
#817 = DIRECTION ( 'NONE',  ( 0.000000000000000000, 0.000000000000000000, -1.000000000000000000 ) ) ;
#818 = CARTESIAN_POINT ( 'NONE',  ( 251.2414039734098878, -7.534479401915929131, 6.500047843226530730 ) ) ;
#819 = CARTESIAN_POINT ( 'NONE',  ( 411.1365867868184409, -0.9190444344905835949, 371.2300000000003593 ) ) ;
#820 = CARTESIAN_POINT ( 'NONE',  ( 127.1389667619798587, -13.53322501304125680, 6.691766506545345550 ) ) ;
#821 = CARTESIAN_POINT ( 'NONE',  ( 407.9821174146464955, -1.554675995229238605, 371.7300000000001319 ) ) ;
#822 = CARTESIAN_POINT ( 'NONE',  ( 126.0481258568748615, -12.77215048885568471, 20.25005225242645324 ) ) ;
#823 = CARTESIAN_POINT ( 'NONE',  ( 163.8999753770691825, -12.60992858470378231, 6.500000142427190042 ) ) ;
#824 = CARTESIAN_POINT ( 'NONE',  ( 284.1024677861911982, -2.060556378719451409, 23.24999999818364671 ) ) ;
#825 = CARTESIAN_POINT ( 'NONE',  ( 365.8561465974070757, -4.338755301397687170, 371.2300001093677224 ) ) ;
#826 = CARTESIAN_POINT ( 'NONE',  ( 275.1643139740227753, -4.704085528581086528, 7.249399568476029287 ) ) ;
#827 = CARTESIAN_POINT ( 'NONE',  ( 396.9823985141948697, -0.06070421050187274625, 363.0481472358463293 ) ) ;
#828 = CARTESIAN_POINT ( 'NONE',  ( 153.3611621591443281, -12.81761868696621676, 6.574214965429066027 ) ) ;
#829 = EDGE_CURVE ( 'NONE', #897, #1040, #6126, .T. ) ;
#830 = CARTESIAN_POINT ( 'NONE',  ( 321.9434675413871219, -0.6909265280973547751, 127.9099999999999113 ) ) ;
#831 = CARTESIAN_POINT ( 'NONE',  ( 270.0131267374268305, -8.457534147490120446, 249.8200000000001069 ) ) ;
#832 = ORIENTED_EDGE ( 'NONE', *, *, #6880, .T. ) ;
#833 = CARTESIAN_POINT ( 'NONE',  ( 338.4564570130406764, -2.600427808133769947, 207.1486065250937543 ) ) ;
#834 = CARTESIAN_POINT ( 'NONE',  ( 174.3408184455468870, -11.71512096319173857, 6.573639832463932464 ) ) ;
#835 = B_SPLINE_CURVE_WITH_KNOTS ( 'NONE', 3,
 ( #4366, #6214, #6175, #3753, #3831, #726, #4330, #7504, #576, #6823 ),
 .UNSPECIFIED., .F., .F.,
 ( 4, 2, 2, 2, 4 ),
 ( 0.000000000000000000, 0.0005733756164641375412, 0.001146751232928275082, 0.001720126849392412515, 0.002293502465856550165 ),
 .UNSPECIFIED. ) ;
#836 = CARTESIAN_POINT ( 'NONE',  ( 286.0847609966910454, -0.04999999999994798883, 22.88751937889883692 ) ) ;
#837 = CARTESIAN_POINT ( 'NONE',  ( 327.6722962512989170, -3.342855508069864978, 337.7131219977277965 ) ) ;
#838 = CARTESIAN_POINT ( 'NONE',  ( 262.9101149790054706, -6.775213687265598139, 6.500000041270943107 ) ) ;
#839 = CARTESIAN_POINT ( 'NONE',  ( 281.2588855989952776, -4.300110445966399020, 6.586786351581818799 ) ) ;
#840 = CARTESIAN_POINT ( 'NONE',  ( 271.6141952537520865, -5.323929574519120855, 23.24999999819569751 ) ) ;
#841 = EDGE_CURVE ( 'NONE', #3336, #3867, #5931, .T. ) ;
#842 = CARTESIAN_POINT ( 'NONE',  ( 322.0773577924990150, -1.828444416765851344, 371.7300000000001319 ) ) ;
#843 = CARTESIAN_POINT ( 'NONE',  ( 337.9789975729506182, -3.519567054860297972, 341.5291216401998895 ) ) ;
#844 = ORIENTED_EDGE ( 'NONE', *, *, #1280, .T. ) ;
#845 = CARTESIAN_POINT ( 'NONE',  ( 240.7223865804938896, -7.612104983984553819, 6.698927063721669128 ) ) ;
#846 = CARTESIAN_POINT ( 'NONE',  ( 283.1899717511773815, -4.250408554197325550, 21.20107340997448020 ) ) ;
#847 = VERTEX_POINT ( 'NONE', #6714 ) ;
#848 = CARTESIAN_POINT ( 'NONE',  ( 378.7259368432103770, -0.9131120233331632141, 314.3337482457543501 ) ) ;
#849 = CARTESIAN_POINT ( 'NONE',  ( 278.2531171230129416, -2.641837132792852039, 23.24999999818363250 ) ) ;
#850 = CARTESIAN_POINT ( 'NONE',  ( 397.4832416630684406, -0.2488249598518312844, 371.7299999999999045 ) ) ;
#851 = CARTESIAN_POINT ( 'NONE',  ( 337.3276362201142433, -2.054350408786746129, 339.2280474318530423 ) ) ;
#852 = CARTESIAN_POINT ( 'NONE',  ( 265.3926821909345222, -7.125884086760029490, 249.8199999999997090 ) ) ;
#853 = ORIENTED_EDGE ( 'NONE', *, *, #3729, .T. ) ;
#854 = CARTESIAN_POINT ( 'NONE',  ( 263.8759738565269117, -7.790403373020946098, 6.499999998183606742 ) ) ;
#855 = VERTEX_POINT ( 'NONE', #429 ) ;
#856 = CARTESIAN_POINT ( 'NONE',  ( 308.2446208495719588, -3.828088991573789457, 123.8964871105550714 ) ) ;
#857 = CARTESIAN_POINT ( 'NONE',  ( 272.1785848271888426, -3.370767300168811431, 19.17417674581516707 ) ) ;
#858 = CARTESIAN_POINT ( 'NONE',  ( 254.6869604068329238, -6.581830956556380841, 6.792721186007466549 ) ) ;
#859 = CARTESIAN_POINT ( 'NONE',  ( 128.8900766616725946, -13.61988549190960818, 6.619939795515657366 ) ) ;
#860 = CARTESIAN_POINT ( 'NONE',  ( 387.7454704894916517, -3.020887588268743151, 371.2300000000001887 ) ) ;
#861 = CARTESIAN_POINT ( 'NONE',  ( 281.9871484559820374, -2.434240992208644094, 7.778232845388648009 ) ) ;
#862 = CARTESIAN_POINT ( 'NONE',  ( 284.7148705874478196, -0.9989942762186029279, 23.24999999818375684 ) ) ;
#863 = CARTESIAN_POINT ( 'NONE',  ( 274.7542216803685733, -5.102367158108439327, 6.700939776166567441 ) ) ;
#864 = CARTESIAN_POINT ( 'NONE',  ( 397.0006625990113207, -0.1142252630111850326, 363.0430500819343820 ) ) ;
#865 = CARTESIAN_POINT ( 'NONE',  ( 162.0732055411049544, -11.69932789513110016, 7.501978495393054835 ) ) ;
#866 = CARTESIAN_POINT ( 'NONE',  ( 125.9422214730667235, -13.84110676609568635, 11.61656333718472034 ) ) ;
#867 = CARTESIAN_POINT ( 'NONE',  ( 127.9037892101636231, -15.24570961037636607, 5.999999999999992006 ) ) ;
#868 = ORIENTED_EDGE ( 'NONE', *, *, #5927, .T. ) ;
#869 = CARTESIAN_POINT ( 'NONE',  ( 399.7509935200998257, -0.05000000000044839410, 370.6878535312988561 ) ) ;
#870 = CARTESIAN_POINT ( 'NONE',  ( 177.8099105909640798, -11.03346286380311980, 6.995596055137131231 ) ) ;
#871 = CARTESIAN_POINT ( 'NONE',  ( 343.1896794306111360, -0.4772500559073743487, 214.8316038228583693 ) ) ;
#872 = EDGE_CURVE ( 'NONE', #1771, #285, #7670, .T. ) ;
#873 = CARTESIAN_POINT ( 'NONE',  ( 259.8759738866971247, -6.967389556440934051, 6.500000012546049533 ) ) ;
#874 = CARTESIAN_POINT ( 'NONE',  ( 397.9053446784610060, -0.2719127569092672503, 371.1728190818185453 ) ) ;
#875 = CARTESIAN_POINT ( 'NONE',  ( 260.3759738565270254, -6.936670124549390692, 6.500000041270943107 ) ) ;
#876 = CARTESIAN_POINT ( 'NONE',  ( 280.7961195299465089, -3.858682807882478194, 7.491190768231184016 ) ) ;
#877 = CARTESIAN_POINT ( 'NONE',  ( 274.7645996720809762, -5.036683805702772077, 23.24999999818114205 ) ) ;
#878 =( BOUNDED_SURFACE ( )  B_SPLINE_SURFACE ( 3, 2, ( 
 ( #6573, #5429, #6660 ),
 ( #1712, #6089, #6533 ),
 ( #7838, #2194, #4734 ),
 ( #2979, #7750, #2855 ) ),
 .UNSPECIFIED., .F., .F., .T. ) 
 B_SPLINE_SURFACE_WITH_KNOTS ( ( 4, 4 ),
 ( 3, 3 ),
 ( -6.393496843060120227E-14, 0.03753926150443603893 ),
 ( 0.000000000000000000, 1.000000000000000000 ),
 .UNSPECIFIED. ) 
 GEOMETRIC_REPRESENTATION_ITEM ( )  RATIONAL_B_SPLINE_SURFACE ( (
 ( 1.000000000000000000, 0.7301499066997303444, 1.000000000000000000),
 ( 1.000000000000000000, 0.7331468176012514437, 1.000000000000000000),
 ( 1.000000000000000000, 0.7354022968016260542, 1.000000000000000000),
 ( 1.000000000000000000, 0.7372558753037647961, 1.000000000000000000) ) ) 
 REPRESENTATION_ITEM ( '' )  SURFACE ( )  );
#879 = CARTESIAN_POINT ( 'NONE',  ( 324.5953765161765432, -2.141711305341195359, 371.7300000000000182 ) ) ;
#880 = CARTESIAN_POINT ( 'NONE',  ( 280.9423115589456756, -3.807232047630175309, 7.717887928381583329 ) ) ;
#881 = CARTESIAN_POINT ( 'NONE',  ( 334.1026322130244353, -2.470802471742482798, 339.6891217868089257 ) ) ;
#882 = ORIENTED_EDGE ( 'NONE', *, *, #2231, .T. ) ;
#883 = CARTESIAN_POINT ( 'NONE',  ( 237.2130835882188080, -7.575869063489560240, 6.998286383846966885 ) ) ;
#884 = ADVANCED_FACE ( 'NONE', ( #6104 ), #7812, .T. ) ;
#885 = CARTESIAN_POINT ( 'NONE',  ( 123.2431549092777487, -13.56795010818731129, 18.13440074790968382 ) ) ;
#886 = ORIENTED_EDGE ( 'NONE', *, *, #339, .F. ) ;
#887 = CARTESIAN_POINT ( 'NONE',  ( 398.1875785267973242, -0.05000000000008253398, 366.3799999999999955 ) ) ;
#888 = CARTESIAN_POINT ( 'NONE',  ( 280.6628538580029613, -2.438733667564018326, 23.24999999818363250 ) ) ;
#889 = CARTESIAN_POINT ( 'NONE',  ( 311.0049149202897638, -3.654755774926811807, 127.9099999999999682 ) ) ;
#890 = CARTESIAN_POINT ( 'NONE',  ( 285.8045793648052495, -3.028796785513935941, 20.74909201971738781 ) ) ;
#891 = CARTESIAN_POINT ( 'NONE',  ( 391.2454704894914244, -0.8850057447819885681, 371.2300000000000750 ) ) ;
#892 = CARTESIAN_POINT ( 'NONE',  ( 336.0503117373077089, -3.842982712132303025, 371.7300000000000182 ) ) ;
#893 = EDGE_LOOP ( 'NONE', ( #3065, #4387, #5147, #7270 ) ) ;
#894 = AXIS2_PLACEMENT_3D ( 'NONE', #4997, #6271, #1279 ) ;
#895 = B_SPLINE_CURVE_WITH_KNOTS ( 'NONE', 3,
 ( #5921, #2808, #7184, #1586, #5965, #6616, #1018 ),
 .UNSPECIFIED., .F., .F.,
 ( 4, 3, 4 ),
 ( 0.000000000000000000, 0.0003999999999999784435, 0.0005011320884046586467 ),
 .UNSPECIFIED. ) ;
#896 = CARTESIAN_POINT ( 'NONE',  ( 273.4210986228573006, -4.058729305497110751, 23.01630724208926182 ) ) ;
#897 = VERTEX_POINT ( 'NONE', #5641 ) ;
#898 = CARTESIAN_POINT ( 'NONE',  ( 158.9289475823634348, -13.95135591274967091, 6.499999998183601413 ) ) ;
#899 = CARTESIAN_POINT ( 'NONE',  ( 252.9697079173996883, -7.150335286790431510, 6.524152309475033107 ) ) ;
#900 = CARTESIAN_POINT ( 'NONE',  ( 123.6397931255992688, -13.56732904328979394, 6.690926737873715169 ) ) ;
#901 = VECTOR ( 'NONE', #6029, 1000.000000000000000 ) ;
#902 = CARTESIAN_POINT ( 'NONE',  ( 345.3900883302450211, -3.199495878455878461, 340.2124869252722874 ) ) ;
#903 = VECTOR ( 'NONE', #6392, 1000.000000000000000 ) ;
#904 = CARTESIAN_POINT ( 'NONE',  ( 362.7454704894915949, -4.488564076302264283, 371.2300000000000750 ) ) ;
#905 = CARTESIAN_POINT ( 'NONE',  ( 284.8979437285724430, 0.2040257891897520326, 23.24999999818358631 ) ) ;
#906 = CARTESIAN_POINT ( 'NONE',  ( 387.7012202666537064, -3.023872589614328366, 371.4921184491087160 ) ) ;
#907 = CARTESIAN_POINT ( 'NONE',  ( 275.6207762261306016, -4.842033135533713839, 6.888799612356982571 ) ) ;
#908 = CARTESIAN_POINT ( 'NONE',  ( 381.2639189128773296, -0.05000000000000966172, 319.7483333328034973 ) ) ;
#909 = CARTESIAN_POINT ( 'NONE',  ( 160.3618648529266011, -12.53148288043014702, 6.523930700720481646 ) ) ;
#910 = CARTESIAN_POINT ( 'NONE',  ( 127.7811586838085418, -13.73719778233772182, 15.35327529144807990 ) ) ;
#911 = AXIS2_PLACEMENT_3D ( 'NONE', #4310, #1087, #6155 ) ;
#912 = CARTESIAN_POINT ( 'NONE',  ( 331.4883583194533117, -5.572121960118826323, 249.8200000000000500 ) ) ;
#913 = VERTEX_POINT ( 'NONE', #511 ) ;
#914 = CARTESIAN_POINT ( 'NONE',  ( 332.8640953884299165, -4.213327396998330698, 339.1179131175737211 ) ) ;
#915 = CARTESIAN_POINT ( 'NONE',  ( 174.3344655280978373, -11.59303647565915441, 6.623343988959827122 ) ) ;
#916 = CARTESIAN_POINT ( 'NONE',  ( 387.7454704894915380, -3.020886442433027952, 371.7300000000000182 ) ) ;
#917 = UNCERTAINTY_MEASURE_WITH_UNIT (LENGTH_MEASURE( 1.000000000000000082E-05 ), #7037, 'distance_accuracy_value', 'NONE');
#918 = CARTESIAN_POINT ( 'NONE',  ( 362.2789465684838888, -2.617894879054655011, 371.2299999700618969 ) ) ;
#919 = LINE ( 'NONE', #5129, #4152 ) ;
#920 = CARTESIAN_POINT ( 'NONE',  ( 345.6354065176329300, -1.985858367089923249, 338.9850176486758642 ) ) ;
#921 = CARTESIAN_POINT ( 'NONE',  ( 280.9072388897898236, -3.988377064916132753, 6.945993282604683294 ) ) ;
#922 = CARTESIAN_POINT ( 'NONE',  ( 285.2759095865762902, -3.699507717520861050, 20.97609960228616188 ) ) ;
#923 = CARTESIAN_POINT ( 'NONE',  ( 129.9059215400707501, -5.114447418964042313, 127.9100000000000250 ) ) ;
#924 = CARTESIAN_POINT ( 'NONE',  ( 281.8452059301225177, -4.279602387424927379, 6.499999998183661809 ) ) ;
#925 = CARTESIAN_POINT ( 'NONE',  ( 23.59686371517160097, -6.029010837995876670, 6.000000000000002665 ) ) ;
#926 = VERTEX_POINT ( 'NONE', #4412 ) ;
#927 = CARTESIAN_POINT ( 'NONE',  ( 242.4436235484511144, -7.113354476713148244, 7.508977327975593141 ) ) ;
#928 = CARTESIAN_POINT ( 'NONE',  ( 145.1665856189981127, -11.35243231739141656, 22.11518282483691777 ) ) ;
#929 = ORIENTED_EDGE ( 'NONE', *, *, #3129, .F. ) ;
#930 =( BOUNDED_SURFACE ( )  B_SPLINE_SURFACE ( 3, 2, ( 
 ( #4537, #2622, #6265 ),
 ( #3805, #7556, #6950 ),
 ( #1353, #6336, #741 ),
 ( #3193, #2660, #3235 ),
 ( #7596, #3883, #5726 ),
 ( #2006, #5644, #2539 ),
 ( #5154, #4497, #1392 ),
 ( #2044, #6416, #1433 ),
 ( #5030, #3925, #1924 ),
 ( #4416, #4744, #7194 ),
 ( #2205, #7234, #4704 ),
 ( #3519, #6018, #1638 ),
 ( #379, #1597, #4008 ),
 ( #4660, #7073, #2740 ),
 ( #5395, #6500, #4130 ),
 ( #2247, #7887, #946 ),
 ( #7760, #902, #2166 ),
 ( #424, #4092, #3437 ) ),
 .UNSPECIFIED., .F., .F., .T. ) 
 B_SPLINE_SURFACE_WITH_KNOTS ( ( 4, 2, 2, 2, 2, 2, 2, 2, 4 ),
 ( 3, 3 ),
 ( 0.005104133570945751028, 0.005712149656091040570, 0.006320165741236330112, 0.006928181826381619654, 0.007536197911526908329, 0.008144213996672197003, 0.008752230081817486546, 0.009360246166962776088, 0.009968262252108065630 ),
 ( 0.000000000000000000, 1.000000000000000000 ),
 .UNSPECIFIED. ) 
 GEOMETRIC_REPRESENTATION_ITEM ( )  RATIONAL_B_SPLINE_SURFACE ( (
 ( 1.000000000000000000, 0.8362218017640723478, 1.000000000000000000),
 ( 1.000000000000000000, 0.8362161724357060066, 1.000000000000000000),
 ( 1.000000000000000000, 0.8362215970718291924, 1.000000000000000000),
 ( 1.000000000000000000, 0.8362522047891536303, 1.000000000000000000),
 ( 1.000000000000000000, 0.8362778147570519849, 1.000000000000000000),
 ( 1.000000000000000000, 0.8363422111678868731, 1.000000000000000000),
 ( 1.000000000000000000, 0.8363805790699546661, 1.000000000000000000),
 ( 1.000000000000000000, 0.8364618399570932228, 1.000000000000000000),
 ( 1.000000000000000000, 0.8365036602955394640, 1.000000000000000000),
 ( 1.000000000000000000, 0.8365778556723332260, 1.000000000000000000),
 ( 1.000000000000000000, 0.8366099646789099120, 1.000000000000000000),
 ( 1.000000000000000000, 0.8366567846689428878, 1.000000000000000000),
 ( 1.000000000000000000, 0.8366704764972122677, 1.000000000000000000),
 ( 1.000000000000000000, 0.8366752370160587260, 1.000000000000000000),
 ( 1.000000000000000000, 0.8366659468304814551, 1.000000000000000000),
 ( 1.000000000000000000, 0.8366267080928239119, 1.000000000000000000),
 ( 1.000000000000000000, 0.8365964760114564802, 1.000000000000000000),
 ( 1.000000000000000000, 0.8365671961058642747, 1.000000000000000000) ) ) 
 REPRESENTATION_ITEM ( '' )  SURFACE ( )  );
#931 = CARTESIAN_POINT ( 'NONE',  ( 400.2772275450365100, -0.1445506091423250095, 371.2300000000000182 ) ) ;
#932 = B_SPLINE_CURVE_WITH_KNOTS ( 'NONE', 3,
 ( #3239, #2009, #625, #6268, #5116, #5034, #704, #4500, #5273, #5313, #4706, #6462, #7077, #2089, #2782, #2701, #7763, #264, #4095 ),
 .UNSPECIFIED., .F., .F.,
 ( 4, 3, 3, 3, 3, 3, 4 ),
 ( 1.241638249685001250E-16, 0.001000000000000159832, 0.005000000000000283731, 0.02100000000000037947, 0.08500000000000328126, 0.2130000000000271676, 0.3748895748351895318 ),
 .UNSPECIFIED. ) ;
#933 = CARTESIAN_POINT ( 'NONE',  ( 282.8897787157227413, -2.271691468101416866, 23.24999999818354368 ) ) ;
#934 = CARTESIAN_POINT ( 'NONE',  ( 279.7227653696025413, -4.171971867099959042, 6.000000000000000000 ) ) ;
#935 = CYLINDRICAL_SURFACE ( 'NONE', #6253, 1.000000000000000888 ) ;
#936 = EDGE_CURVE ( 'NONE', #2760, #4644, #6613, .T. ) ;
#937 = CARTESIAN_POINT ( 'NONE',  ( 125.6117545069074311, -43.07938103743692437, 16.59999999818359484 ) ) ;
#938 = ADVANCED_FACE ( 'NONE', ( #7028 ), #1026, .F. ) ;
#939 = CARTESIAN_POINT ( 'NONE',  ( 347.4843307233936684, -3.100170917007896154, 339.9657919488230391 ) ) ;
#940 = ORIENTED_EDGE ( 'NONE', *, *, #6982, .T. ) ;
#941 = CARTESIAN_POINT ( 'NONE',  ( 272.0114800922139580, -5.125085975070232891, 21.95696425988574774 ) ) ;
#942 = CARTESIAN_POINT ( 'NONE',  ( 131.0266886990045236, -15.18320836721745160, 6.499999998183605854 ) ) ;
#943 = CARTESIAN_POINT ( 'NONE',  ( 256.4187273594944259, -6.203206088813605135, 7.243330930897331044 ) ) ;
#944 = CARTESIAN_POINT ( 'NONE',  ( 128.8830264583440908, -13.14317266009669360, 7.221213390568319568 ) ) ;
#945 = ADVANCED_FACE ( 'NONE', ( #7677 ), #2547, .F. ) ;
#946 = CARTESIAN_POINT ( 'NONE',  ( 345.3306949091883098, -2.000812562556341323, 339.6827030160148979 ) ) ;
#947 = CARTESIAN_POINT ( 'NONE',  ( 163.8999753770691825, -12.60992858470378231, 5.999999998183607630 ) ) ;
#948 = CARTESIAN_POINT ( 'NONE',  ( 284.6605018400825315, -1.147166908328968837, 23.24999999818375684 ) ) ;
#949 = CARTESIAN_POINT ( 'NONE',  ( 387.5443036821260421, -3.034461824798569740, 371.3116769016444323 ) ) ;
#950 = CARTESIAN_POINT ( 'NONE',  ( 276.0711266261722585, -4.902384858157669001, 6.794122763273196419 ) ) ;
#951 = CARTESIAN_POINT ( 'NONE',  ( 347.2425905981147025, -3.109099263109657230, 338.0016465117053599 ) ) ;
#952 = CARTESIAN_POINT ( 'NONE',  ( 156.8283155476705701, -12.10764824310624554, 6.997395808071774859 ) ) ;
#953 = CARTESIAN_POINT ( 'NONE',  ( 280.3485272896697893, -3.851892572666048231, 6.000000000000000000 ) ) ;
#954 = CARTESIAN_POINT ( 'NONE',  ( 218.6146341650129443, -11.27166731545766787, 127.9099999999999113 ) ) ;
#955 = ORIENTED_EDGE ( 'NONE', *, *, #6487, .F. ) ;
#956 = CARTESIAN_POINT ( 'NONE',  ( 280.9144959316963082, -3.833786134133570833, 7.716304959613533576 ) ) ;
#957 = CARTESIAN_POINT ( 'NONE',  ( 177.8297541009767144, -11.40739094500636064, 6.623427293374560598 ) ) ;
#958 = CARTESIAN_POINT ( 'NONE',  ( 333.0378562894289871, -4.382419928104071438, 338.9056109265795840 ) ) ;
#959 = CARTESIAN_POINT ( 'NONE',  ( 362.2454707281618198, -2.619445962942569484, 371.2299999540825866 ) ) ;
#960 = CARTESIAN_POINT ( 'NONE',  ( 377.6294327442432746, -1.737237883061012456, 371.2305257612237597 ) ) ;
#961 = CARTESIAN_POINT ( 'NONE',  ( 260.3759738565270254, -6.936670124549390692, 5.999999998183606742 ) ) ;
#962 = CARTESIAN_POINT ( 'NONE',  ( 280.8946451939771123, -3.914669067952856185, 7.074790659258713532 ) ) ;
#963 = CARTESIAN_POINT ( 'NONE',  ( 279.0979256939050970, -4.573041201464215888, 21.21474021631147977 ) ) ;
#964 = CARTESIAN_POINT ( 'NONE',  ( 33.62513260925722847, -6.569957819751820693, 5.999999999999998224 ) ) ;
#965 = CARTESIAN_POINT ( 'NONE',  ( 126.4035373801088440, -12.59736336921759126, 23.13299773090160016 ) ) ;
#966 = CARTESIAN_POINT ( 'NONE',  ( 311.0211032442325063, -1.870684453865560926, 371.7300000000000182 ) ) ;
#967 = B_SPLINE_CURVE_WITH_KNOTS ( 'NONE', 3,
 ( #7035, #7682, #2207, #4009 ),
 .UNSPECIFIED., .F., .F.,
 ( 4, 4 ),
 ( 0.000000000000000000, 0.01762642446988434836 ),
 .UNSPECIFIED. ) ;
#968 = EDGE_LOOP ( 'NONE', ( #7057, #1593, #4101, #3756, #3406 ) ) ;
#969 = CARTESIAN_POINT ( 'NONE',  ( 240.7539536669550557, -8.101468214258538580, 6.498753435177379245 ) ) ;
#970 = B_SPLINE_SURFACE_WITH_KNOTS ( 'NONE', 3, 3, ( 
 ( #791, #4627, #5160, #908, #5121, #148, #223, #7640 ),
 ( #3402, #7602, #2704, #2012, #3281, #1974, #827, #3933 ),
 ( #5775, #3358, #2050, #5853, #5897, #305, #5199, #6342 ),
 ( #4588, #7562, #1480, #4544, #6464, #4463, #864, #6956 ),
 ( #1359, #5276, #7766, #4177, #5316, #3567, #5445, #4749 ),
 ( #1077, #385, #7157, #5939, #2253, #4057, #2169, #7808 ),
 ( #3526, #344, #6548, #1118, #3482, #7282, #2338, #7893 ) ),
 .UNSPECIFIED., .F., .F., .F.,
 ( 4, 1, 1, 1, 4 ),
 ( 4, 1, 1, 1, 1, 4 ),
 ( 0.000000000000000000, 0.03742126629060896909, 0.07484253258121793817, 0.1122637988718269281, 0.1496850651624358763 ),
 ( 0.000000000000000000, 0.5000000000000004441, 0.7500000000000000000, 0.8749999999999996669, 0.9374999999999997780, 1.000000000000000000 ),
 .UNSPECIFIED. ) ;
#971 = ORIENTED_EDGE ( 'NONE', *, *, #7415, .T. ) ;
#972 = PLANE ( 'NONE',  #1041 ) ;
#973 = CARTESIAN_POINT ( 'NONE',  ( 279.8629336516547141, -2.501342410207214595, 23.24999999818360408 ) ) ;
#974 = CARTESIAN_POINT ( 'NONE',  ( 411.4005102446997171, -0.4876119713706090208, 371.2299999999997340 ) ) ;
#975 = CARTESIAN_POINT ( 'NONE',  ( 372.7288675128810382, -1.877066377634724281, 371.7300000000003024 ) ) ;
#976 = CARTESIAN_POINT ( 'NONE',  ( 119.6626087957955775, -43.07938103743692437, 10.59999999818356287 ) ) ;
#977 = CARTESIAN_POINT ( 'NONE',  ( 263.7440762679266300, -6.718248158844873252, 6.499999971368344731 ) ) ;
#978 = CARTESIAN_POINT ( 'NONE',  ( 336.7096782261743897, -3.834674791205417765, 371.7299999999999613 ) ) ;
#979 = ORIENTED_EDGE ( 'NONE', *, *, #4974, .F. ) ;
#980 = CARTESIAN_POINT ( 'NONE',  ( 271.3999273272839332, -5.288694646504904284, 21.52029061952211109 ) ) ;
#981 = ORIENTED_EDGE ( 'NONE', *, *, #5033, .F. ) ;
#982 = EDGE_CURVE ( 'NONE', #4592, #2269, #2858, .T. ) ;
#983 = CARTESIAN_POINT ( 'NONE',  ( 275.7167548192832101, -3.227120359947236228, 28.92100331444660810 ) ) ;
#984 = CARTESIAN_POINT ( 'NONE',  ( 256.4416103880335527, -6.565116990761344695, 6.698817523132777119 ) ) ;
#985 = CARTESIAN_POINT ( 'NONE',  ( 118.4096683640976693, -13.28261293443069668, 6.969605212990471088 ) ) ;
#986 = LINE ( 'NONE', #6458, #2598 ) ;
#987 = CARTESIAN_POINT ( 'NONE',  ( 160.0266418976189584, -12.80544596418775427, 6.500000142427190042 ) ) ;
#988 = CARTESIAN_POINT ( 'NONE',  ( 399.8823287866431997, -0.05001624374785693800, 371.0498925881553873 ) ) ;
#989 = EDGE_CURVE ( 'NONE', #7546, #7414, #252, .T. ) ;
#990 = CARTESIAN_POINT ( 'NONE',  ( 284.7767880479577798, -0.8006945181265231470, 23.24999999818362539 ) ) ;
#991 = CARTESIAN_POINT ( 'NONE',  ( 275.2037335514529559, -5.177026063577478965, 6.625311273218126296 ) ) ;
#992 = CARTESIAN_POINT ( 'NONE',  ( 212.1832433591355027, -7.925188227507403482, 127.9099999999999966 ) ) ;
#993 = CARTESIAN_POINT ( 'NONE',  ( 158.5993461890703031, -12.37930475234789363, 6.623645148333705102 ) ) ;
#994 = CARTESIAN_POINT ( 'NONE',  ( 125.7769233756335439, -13.69066451421952912, 16.59999999818357708 ) ) ;
#995 = CARTESIAN_POINT ( 'NONE',  ( 358.8069838412554304, -4.657681036852955536, 371.7299999999997908 ) ) ;
#996 = VERTEX_POINT ( 'NONE', #5151 ) ;
#997 = DIRECTION ( 'NONE',  ( -2.927400355171387738E-14, -1.000000000000000000, -0.000000000000000000 ) ) ;
#998 = CARTESIAN_POINT ( 'NONE',  ( 170.8336031154525472, -11.65981841350096815, 6.697309962658736460 ) ) ;
#999 = CARTESIAN_POINT ( 'NONE',  ( 387.2921521876456268, -3.051439250414045290, 371.2316382689605234 ) ) ;
#1000 = CARTESIAN_POINT ( 'NONE',  ( 362.7454704894915949, -2.596298789815725705, 371.2300000000000182 ) ) ;
#1001 = CARTESIAN_POINT ( 'NONE',  ( 377.6201437496784479, -1.587918106621294623, 371.0315957177753035 ) ) ;
#1002 = DIRECTION ( 'NONE',  ( -0.9239690858443430077, 0.000000000000000000, 0.3824671599026109314 ) ) ;
#1003 = CARTESIAN_POINT ( 'NONE',  ( 280.8576416382637717, -3.840910838897499513, 7.349135999871399427 ) ) ;
#1004 = CARTESIAN_POINT ( 'NONE',  ( 281.8422543639081255, -4.360735811171612575, 21.22925070956197757 ) ) ;
#1005 = CARTESIAN_POINT ( 'NONE',  ( 219.6572190946297667, -2.224776963966234700, 249.8200000000000216 ) ) ;
#1006 = CARTESIAN_POINT ( 'NONE',  ( 281.4363962104145003, -3.268434241879685676, 7.746726775863225889 ) ) ;
#1007 = CARTESIAN_POINT ( 'NONE',  ( 118.6436759139612604, -4.299196703345275594, 127.9099999999999966 ) ) ;
#1008 = ORIENTED_EDGE ( 'NONE', *, *, #5331, .T. ) ;
#1009 = SECURITY_CLASSIFICATION ( '', '', #7197 ) ;
#1010 = CARTESIAN_POINT ( 'NONE',  ( 240.7103232261663663, -7.425094945889914477, 6.886133442697047968 ) ) ;
#1011 = CARTESIAN_POINT ( 'NONE',  ( 126.9204953570701520, -12.11509557757083044, 23.95064072437522285 ) ) ;
#1012 = VERTEX_POINT ( 'NONE', #96 ) ;
#1013 = DIRECTION ( 'NONE',  ( -0.5344007497260974127, 0.000000000000000000, -0.8452312338598148012 ) ) ;
#1014 = CARTESIAN_POINT ( 'NONE',  ( 230.3987091168767449, -8.620132264869406313, 153.2296246843110907 ) ) ;
#1015 = CARTESIAN_POINT ( 'NONE',  ( 285.6997641984666529, -3.840348580681415491, 23.24999999818341223 ) ) ;
#1016 = CARTESIAN_POINT ( 'NONE',  ( 128.6735227671867676, -12.22273483093569801, 22.99999999999999645 ) ) ;
#1017 = CARTESIAN_POINT ( 'NONE',  ( 310.2404970500685408, -4.754523830982645194, 249.8200000000000784 ) ) ;
#1018 = CARTESIAN_POINT ( 'NONE',  ( 387.2454787295369556, -1.158728201412323244, 371.2299999877693040 ) ) ;
#1019 = CARTESIAN_POINT ( 'NONE',  ( 305.7365195831409892, -2.007847865958730438, 111.6238575111368618 ) ) ;
#1020 = CARTESIAN_POINT ( 'NONE',  ( 347.6021507919739975, -3.093595451960053921, 339.3638241381536318 ) ) ;
#1021 = CARTESIAN_POINT ( 'NONE',  ( 272.2595639125707976, -5.024617879026123113, 22.13619105434238321 ) ) ;
#1022 = ORIENTED_EDGE ( 'NONE', *, *, #2641, .F. ) ;
#1023 = CARTESIAN_POINT ( 'NONE',  ( 119.2533304551084399, -13.75896568851966961, 11.51622445516101756 ) ) ;
#1024 = CARTESIAN_POINT ( 'NONE',  ( 247.6823710307005513, -6.790361659434969610, 7.244662653629876381 ) ) ;
#1025 = CARTESIAN_POINT ( 'NONE',  ( 121.8918670495375096, -13.26505014590246034, 7.095510569380838461 ) ) ;
#1026 = TOROIDAL_SURFACE ( 'NONE', #1415, 1.702983748807918918, 0.2000000000000000111 ) ;
#1027 = CARTESIAN_POINT ( 'NONE',  ( 311.5198831767486922, -2.981323283373955135, 315.9209802431068397 ) ) ;
#1028 = EDGE_CURVE ( 'NONE', #530, #6565, #8066, .T. ) ;
#1029 = CARTESIAN_POINT ( 'NONE',  ( 352.7454704894915949, -4.871882550236166232, 371.2300000000000182 ) ) ;
#1030 = CARTESIAN_POINT ( 'NONE',  ( 287.6324566179570184, -0.4554035958333391143, 23.24999999818655638 ) ) ;
#1031 = AXIS2_PLACEMENT_3D ( 'NONE', #4611, #2728, #7791 ) ;
#1032 = PERSON_AND_ORGANIZATION ( #6784, #6357 ) ;
#1033 = CARTESIAN_POINT ( 'NONE',  ( 273.8495573667631220, -4.916787257154433988, 7.004589948180344194 ) ) ;
#1034 = CARTESIAN_POINT ( 'NONE',  ( 279.1747205443399480, -4.793275614461571799, 233.8199999999999932 ) ) ;
#1035 = CARTESIAN_POINT ( 'NONE',  ( 146.3551087977462544, -12.80472699269961190, 6.882867900587056553 ) ) ;
#1036 = CARTESIAN_POINT ( 'NONE',  ( 127.9848309247843048, -13.78707592068004928, 13.29668653966303182 ) ) ;
#1037 = ADVANCED_FACE ( 'NONE', ( #4579 ), #2863, .F. ) ;
#1038 = CARTESIAN_POINT ( 'NONE',  ( 232.0825443435672639, -10.54021168219898641, 127.9100000000001103 ) ) ;
#1039 = EDGE_CURVE ( 'NONE', #7024, #4076, #5998, .T. ) ;
#1040 = VERTEX_POINT ( 'NONE', #7306 ) ;
#1041 = AXIS2_PLACEMENT_3D ( 'NONE', #3952, #5834, #1013 ) ;
#1042 = CARTESIAN_POINT ( 'NONE',  ( 163.4995233723235515, -13.72045323995785360, 6.499999992393449944 ) ) ;
#1043 = CARTESIAN_POINT ( 'NONE',  ( 163.8267874035007594, -11.68847445077580893, 7.115791436418579252 ) ) ;
#1044 = CARTESIAN_POINT ( 'NONE',  ( 285.2758903512367397, -3.716618442741277395, 21.56596297690017749 ) ) ;
#1045 = CARTESIAN_POINT ( 'NONE',  ( 0.000000000000000000, -0.05000000000000000278, 0.000000000000000000 ) ) ;
#1046 = CARTESIAN_POINT ( 'NONE',  ( 388.8926786868016165, -0.9081666748168591985, 371.1728572453842503 ) ) ;
#1047 = CARTESIAN_POINT ( 'NONE',  ( 333.3260967949390761, -4.450726267450514584, 339.8011348795475328 ) ) ;
#1048 = CARTESIAN_POINT ( 'NONE',  ( 281.0436874867779125, -4.263727530496328022, 6.644626949710148445 ) ) ;
#1049 = CARTESIAN_POINT ( 'NONE',  ( 280.8118615648404557, -4.433010662787304490, 21.22419211977741682 ) ) ;
#1050 = VECTOR ( 'NONE', #1357, 1000.000000000000000 ) ;
#1051 = CARTESIAN_POINT ( 'NONE',  ( 116.7667191812556382, -0.7191995730414028065, 127.9100000000000250 ) ) ;
#1052 = CARTESIAN_POINT ( 'NONE',  ( 280.9840327897222210, -3.766734614671463532, 7.720273395878233025 ) ) ;
#1053 = CARTESIAN_POINT ( 'NONE',  ( 120.7247501816371056, -5.088376745581834726, 127.9100000000000250 ) ) ;
#1054 = EDGE_LOOP ( 'NONE', ( #35, #5615, #4433, #3245 ) ) ;
#1055 = CARTESIAN_POINT ( 'NONE',  ( 226.7294854185359441, -8.184389208639126778, 7.120484304004619958 ) ) ;
#1056 = CARTESIAN_POINT ( 'NONE',  ( 115.1200042416828921, -13.89176976757465098, 6.000000000000000000 ) ) ;
#1057 = VERTEX_POINT ( 'NONE', #4284 ) ;
#1058 = CARTESIAN_POINT ( 'NONE',  ( 399.8516099045428973, -0.2658816727434022975, 371.2300000000000182 ) ) ;
#1059 = CARTESIAN_POINT ( 'NONE',  ( 305.4950593309467308, -5.046357413638118850, 272.0218333684709364 ) ) ;
#1060 = CARTESIAN_POINT ( 'NONE',  ( 286.1684382522041119, -3.604297228936151232, 23.24999999818280472 ) ) ;
#1061 = CARTESIAN_POINT ( 'NONE',  ( 324.5367595169787478, -3.354228289709848987, 338.7299999999999613 ) ) ;
#1062 = CARTESIAN_POINT ( 'NONE',  ( 239.3060858187966744, -7.303299530421022645, 6.000000000000003553 ) ) ;
#1063 = CARTESIAN_POINT ( 'NONE',  ( 298.5990092148857116, -43.07938103743692437, 371.2300000000000182 ) ) ;
#1064 = CARTESIAN_POINT ( 'NONE',  ( 273.6581388050951773, -3.310698935283581168, 23.24999999818360408 ) ) ;
#1065 = CARTESIAN_POINT ( 'NONE',  ( 113.9184464328338606, -13.83884224209943170, 6.000000000000000000 ) ) ;
#1066 = CARTESIAN_POINT ( 'NONE',  ( 271.9755563373398104, -5.137877391312026809, 21.93116824642036278 ) ) ;
#1067 = ORIENTED_EDGE ( 'NONE', *, *, #1626, .T. ) ;
#1068 = CARTESIAN_POINT ( 'NONE',  ( 332.5781388050951364, -0.04999999999999999584, 173.2499941109628310 ) ) ;
#1069 = CARTESIAN_POINT ( 'NONE',  ( 251.1809707989373521, -6.650974191984031947, 6.999429514587423462 ) ) ;
#1070 = CARTESIAN_POINT ( 'NONE',  ( 116.6633396002810628, -13.49642109167944426, 6.684606664692211986 ) ) ;
#1071 = CARTESIAN_POINT ( 'NONE',  ( 281.6547079456229881, -2.368965853051780091, 23.24999999818360763 ) ) ;
#1072 = CARTESIAN_POINT ( 'NONE',  ( 162.3758999453053491, -13.77539254807179070, 6.499999998183606742 ) ) ;
#1073 = CARTESIAN_POINT ( 'NONE',  ( 284.2618154882999875, -1.871860871882572885, 23.24999999818360763 ) ) ;
#1074 = CARTESIAN_POINT ( 'NONE',  ( 287.2744422383705682, -1.890768668212416070, 23.24999999818338381 ) ) ;
#1075 = APPROVAL_DATE_TIME ( #5487, #2883 ) ;
#1076 = CARTESIAN_POINT ( 'NONE',  ( 273.8564935118599237, -4.991066841613909233, 6.890911501721463495 ) ) ;
#1077 = CARTESIAN_POINT ( 'NONE',  ( 340.1636027076426103, -2.235354393967295739, 206.4999999981835970 ) ) ;
#1078 = CARTESIAN_POINT ( 'NONE',  ( 142.8748623369803283, -13.16891675143853924, 6.695659013104744872 ) ) ;
#1079 = CARTESIAN_POINT ( 'NONE',  ( 399.9003936819361229, -0.05000366700660188735, 371.0784382152702960 ) ) ;
#1080 = CARTESIAN_POINT ( 'NONE',  ( 379.8533957634372769, -3.541121170372494298, 371.7299999999999045 ) ) ;
#1081 = ORIENTED_EDGE ( 'NONE', *, *, #1531, .T. ) ;
#1082 = CARTESIAN_POINT ( 'NONE',  ( 387.6125557661255812, -0.5911535862218659787, 340.8272825079621953 ) ) ;
#1083 = CARTESIAN_POINT ( 'NONE',  ( 170.8204384377977476, -11.39796371462262492, 6.994745755291781997 ) ) ;
#1084 = CARTESIAN_POINT ( 'NONE',  ( 284.3556183589489024, -2.392343190402858255, 23.20717810480569554 ) ) ;
#1085 = CARTESIAN_POINT ( 'NONE',  ( 280.9834023192827317, -3.948328011230011647, 6.948339106384108455 ) ) ;
#1086 = CARTESIAN_POINT ( 'NONE',  ( 373.1144521640907783, -1.909744558567188166, 371.1725725324289442 ) ) ;
#1087 = DIRECTION ( 'NONE',  ( 1.000000000000000000, -0.000000000000000000, 1.224646799147353207E-16 ) ) ;
#1088 = CARTESIAN_POINT ( 'NONE',  ( 279.4426298560293844, -4.300423106728453959, 7.412501962827841240 ) ) ;
#1089 = EDGE_CURVE ( 'NONE', #3865, #6844, #4460, .T. ) ;
#1090 = CARTESIAN_POINT ( 'NONE',  ( 279.7277608288018769, -4.519067969031885568, 21.21804563419315315 ) ) ;
#1091 = CARTESIAN_POINT ( 'NONE',  ( 134.6411182646022269, -6.052810774649249659, 127.9100000000000534 ) ) ;
#1092 = CARTESIAN_POINT ( 'NONE',  ( 405.7338719732322261, -1.721501993532226438, 371.2300000000001887 ) ) ;
#1093 = CARTESIAN_POINT ( 'NONE',  ( 20.05041648037812152, -4.264590051302914020, 5.999999999999999112 ) ) ;
#1094 = ORIENTED_EDGE ( 'NONE', *, *, #7834, .T. ) ;
#1095 = CARTESIAN_POINT ( 'NONE',  ( 219.7990536782132267, -9.544440573781503900, 6.500047653764100986 ) ) ;
#1096 = CARTESIAN_POINT ( 'NONE',  ( 347.5883395322243246, -3.691547334590842944, 371.7299999999997908 ) ) ;
#1097 = ORIENTED_EDGE ( 'NONE', *, *, #1437, .F. ) ;
#1098 = CARTESIAN_POINT ( 'NONE',  ( 263.4302758959813104, -7.819397520158715587, 6.261456321256049229 ) ) ;
#1099 = CARTESIAN_POINT ( 'NONE',  ( 281.6539467209186682, -3.818515738200297438, 6.732296959312860984 ) ) ;
#1100 = EDGE_CURVE ( 'NONE', #3141, #5145, #6892, .T. ) ;
#1101 = CARTESIAN_POINT ( 'NONE',  ( 285.0728320533718261, -4.074702082228541578, 23.24999999818341934 ) ) ;
#1102 = CARTESIAN_POINT ( 'NONE',  ( 160.0333862347403624, -13.89381503768476023, 6.474574906041176803 ) ) ;
#1103 = CARTESIAN_POINT ( 'NONE',  ( 330.9258976846374480, -3.528465308578899950, 249.8200000000000216 ) ) ;
#1104 = CARTESIAN_POINT ( 'NONE',  ( 119.1117545069074168, -43.07938103743692437, 11.59999999818355576 ) ) ;
#1105 = CARTESIAN_POINT ( 'NONE',  ( 326.0544186887607907, -1.182174128046199035, 167.6108980600034783 ) ) ;
#1106 = CARTESIAN_POINT ( 'NONE',  ( 190.4486248401530304, -10.46960286641305515, 127.9100000000001387 ) ) ;
#1107 = CARTESIAN_POINT ( 'NONE',  ( 362.5708032800254159, -2.604371865487339566, 371.7300000000000182 ) ) ;
#1108 = ORIENTED_EDGE ( 'NONE', *, *, #6821, .T. ) ;
#1109 = B_SPLINE_CURVE_WITH_KNOTS ( 'NONE', 3,
 ( #6418, #5070, #6303, #783, #100, #2579, #1261, #3754, #612, #4367, #7469, #4942, #7433, #7505, #1877, #6748, #3718, #3068, #4254, #1303, #4295, #3181 ),
 .UNSPECIFIED., .F., .F.,
 ( 4, 3, 3, 3, 3, 3, 3, 4 ),
 ( 1.387778780781445676E-17, 0.0003999999999999919961, 0.001999999999999983128, 0.008399999999999976930, 0.03400000000000074490, 0.1364000000000736845, 0.2388000000002365453, 0.3675539694116617406 ),
 .UNSPECIFIED. ) ;
#1110 = CARTESIAN_POINT ( 'NONE',  ( 131.8736874303430113, -12.80644967672616552, 20.23034464268396349 ) ) ;
#1111 = CARTESIAN_POINT ( 'NONE',  ( 247.7309475195929451, -7.509116248842726549, 6.524148000682051141 ) ) ;
#1112 = CARTESIAN_POINT ( 'NONE',  ( 120.1477816537177432, -13.56171473697369478, 6.688286021771521206 ) ) ;
#1113 = CARTESIAN_POINT ( 'NONE',  ( 283.5787083257049517, -2.177398524947556258, 23.24999999818360763 ) ) ;
#1114 = CARTESIAN_POINT ( 'NONE',  ( 160.3217345947652746, -12.79002423886108275, 6.261343078295076303 ) ) ;
#1115 = CARTESIAN_POINT ( 'NONE',  ( 142.1068813665617654, -11.42256910003058756, 22.03696781467110810 ) ) ;
#1116 = CARTESIAN_POINT ( 'NONE',  ( 286.4485093786880725, -3.270078514555991855, 23.24999999818732022 ) ) ;
#1117 = CARTESIAN_POINT ( 'NONE',  ( 272.1377507747250206, -5.460490301471924823, 6.626116118675697386 ) ) ;
#1118 = CARTESIAN_POINT ( 'NONE',  ( 381.3710922127271488, -0.8023322672931194610, 319.7157674022337233 ) ) ;
#1119 = CARTESIAN_POINT ( 'NONE',  ( 142.8792702809574280, -13.28071268201753519, 6.622160632399271663 ) ) ;
#1120 = CARTESIAN_POINT ( 'NONE',  ( 125.3764534744037178, -13.41763820605815383, 22.64244278788627085 ) ) ;
#1121 = CARTESIAN_POINT ( 'NONE',  ( 358.1570911962554078, -3.770526335872188994, 249.8200000000000500 ) ) ;
#1122 = ORIENTED_EDGE ( 'NONE', *, *, #3685, .F. ) ;
#1123 = CARTESIAN_POINT ( 'NONE',  ( 368.7153070731246203, 1.702147248447105632, 249.8200000000000500 ) ) ;
#1124 = CARTESIAN_POINT ( 'NONE',  ( 170.8140609837547004, -11.27111684093909005, 7.502143112852796669 ) ) ;
#1125 = CARTESIAN_POINT ( 'NONE',  ( 284.1162715072481433, -2.041649675551807430, 23.24999999818360408 ) ) ;
#1126 = CARTESIAN_POINT ( 'NONE',  ( 139.3511133494908734, -11.16611164098702069, 22.49078637787935619 ) ) ;
#1127 = DIRECTION ( 'NONE',  ( 0.8538241078602809564, 0.000000000000000000, -0.5205616129110898216 ) ) ;
#1128 = CARTESIAN_POINT ( 'NONE',  ( 279.8618378964897033, -4.485373008366730474, 6.813255019003175761 ) ) ;
#1129 = CARTESIAN_POINT ( 'NONE',  ( 279.3953004043401620, -4.547094968987949848, 21.21626588075620390 ) ) ;
#1130 = CYLINDRICAL_SURFACE ( 'NONE', #3123, 0.5000000000000004441 ) ;
#1131 = CARTESIAN_POINT ( 'NONE',  ( 395.7138505802989812, -2.466251073072851963, 371.2300000000000750 ) ) ;
#1132 = CARTESIAN_POINT ( 'NONE',  ( 317.5565934613633203, -3.256011890743952808, 371.7299999999999045 ) ) ;
#1133 = ORIENTED_EDGE ( 'NONE', *, *, #3284, .F. ) ;
#1134 = CARTESIAN_POINT ( 'NONE',  ( 219.7682470954313203, -9.035535647381786717, 6.623968420229513043 ) ) ;
#1135 = CARTESIAN_POINT ( 'NONE',  ( 352.3073513545198239, -3.579427544357211222, 371.7299999999999613 ) ) ;
#1136 = ORIENTED_EDGE ( 'NONE', *, *, #7563, .F. ) ;
#1137 = DIRECTION ( 'NONE',  ( 0.5344024221794788643, 0.02494137424320916688, 0.8448621065118060436 ) ) ;
#1138 = CARTESIAN_POINT ( 'NONE',  ( 281.4571172998519728, -4.345923357991330782, 6.528344879672212109 ) ) ;
#1139 = CARTESIAN_POINT ( 'NONE',  ( 285.4006325197610181, -3.985614419914325079, 23.24999999818331631 ) ) ;
#1140 = B_SPLINE_CURVE_WITH_KNOTS ( 'NONE', 3,
 ( #3288, #5246, #7127, #3451, #395, #7734, #7167, #5991, #5948, #4636 ),
 .UNSPECIFIED., .F., .F.,
 ( 4, 2, 2, 2, 4 ),
 ( 4.229062292355100565E-16, 0.0002699174688220648804, 0.0005398349376437069219, 0.0008097524064653488550, 0.001079669875286990788 ),
 .UNSPECIFIED. ) ;
#1141 = CARTESIAN_POINT ( 'NONE',  ( 332.2167175482243238, -3.225604968702490360, 338.7300000000000182 ) ) ;
#1142 = CARTESIAN_POINT ( 'NONE',  ( 387.0753333170077894, -0.9766995768211771400, 371.7300000000001887 ) ) ;
#1143 = CARTESIAN_POINT ( 'NONE',  ( 297.4050405445342449, -0.05000000000001456751, 44.21966980625187205 ) ) ;
#1144 = CARTESIAN_POINT ( 'NONE',  ( 127.5688929571682451, -12.63698178197104660, 23.13528125701418503 ) ) ;
#1145 = ADVANCED_FACE ( 'NONE', ( #4860 ), #7999, .F. ) ;
#1146 = CARTESIAN_POINT ( 'NONE',  ( 362.5708032800254159, -2.604371865487339566, 371.2299999281618170 ) ) ;
#1147 = ORIENTED_EDGE ( 'NONE', *, *, #7715, .F. ) ;
#1148 = CARTESIAN_POINT ( 'NONE',  ( 346.3604993014764659, -2.934258134765002968, 371.0263987340678113 ) ) ;
#1149 = LOCAL_TIME ( 8, 56, 48.00000000000000000, #6753 ) ;
#1150 = CARTESIAN_POINT ( 'NONE',  ( 379.6047424771351757, -3.552541831653006188, 371.2299999999999613 ) ) ;
#1151 = CARTESIAN_POINT ( 'NONE',  ( 124.5962156179064522, -12.88578390791572836, 16.59999999818357352 ) ) ;
#1152 = CARTESIAN_POINT ( 'NONE',  ( 277.2631665117052080, -2.736129557955388147, 23.24999999818360052 ) ) ;
#1153 = CARTESIAN_POINT ( 'NONE',  ( 259.2899513628410091, -9.220803536614072371, 217.9444459678555575 ) ) ;
#1154 = CARTESIAN_POINT ( 'NONE',  ( 286.7942047811385464, -0.05000981429671453454, 20.62493881542693686 ) ) ;
#1155 = CARTESIAN_POINT ( 'NONE',  ( 287.6611071258171251, 0.1135602061563711490, 23.24999999818334828 ) ) ;
#1156 = DATE_AND_TIME ( #3037, #3224 ) ;
#1157 = CARTESIAN_POINT ( 'NONE',  ( 272.1081826842456621, -5.161187887085603165, 6.891742826825721480 ) ) ;
#1158 = CARTESIAN_POINT ( 'NONE',  ( 231.2086545581641985, -9.914834237994174515, 6.499999998183599637 ) ) ;
#1159 = B_SPLINE_CURVE_WITH_KNOTS ( 'NONE', 3,
 ( #273, #871, #2260, #4595, #4757, #2751, #1650, #3409, #4716, #5904 ),
 .UNSPECIFIED., .F., .F.,
 ( 4, 3, 3, 4 ),
 ( 0.000000000000000000, 0.02659528479440257179, 0.03195546517512268259, 0.03731566590088280372 ),
 .UNSPECIFIED. ) ;
#1160 = CARTESIAN_POINT ( 'NONE',  ( 149.8753281195584748, -13.15658208514155092, 6.524069907408643232 ) ) ;
#1161 = CARTESIAN_POINT ( 'NONE',  ( 346.2958668326645579, -3.866595723993449862, 361.0428798648966335 ) ) ;
#1162 = CARTESIAN_POINT ( 'NONE',  ( 391.1429747787275915, -2.794155792652448067, 371.7300000000000182 ) ) ;
#1163 = CARTESIAN_POINT ( 'NONE',  ( 410.3064288044893146, -1.373792748795512608, 371.7300000000000182 ) ) ;
#1164 = AXIS2_PLACEMENT_3D ( 'NONE', #7105, #7751, #2621 ) ;
#1165 = CARTESIAN_POINT ( 'NONE',  ( 284.1973268561313830, -2.160757441281764724, 23.24521915268618955 ) ) ;
#1166 = CARTESIAN_POINT ( 'NONE',  ( 136.6010699279624134, -11.21042126719894938, 22.48998794903148735 ) ) ;
#1167 = CARTESIAN_POINT ( 'NONE',  ( 332.3306831496038285, -3.436786686003743263, 337.7457069685496549 ) ) ;
#1168 = CARTESIAN_POINT ( 'NONE',  ( 280.4059883164919711, -4.968910480668356833, 6.498629144646266731 ) ) ;
#1169 = CARTESIAN_POINT ( 'NONE',  ( 295.8311149351139875, -3.191851135230892034, 84.33185687159064514 ) ) ;
#1170 = CARTESIAN_POINT ( 'NONE',  ( 160.1469966589966987, -13.88797882668203876, 6.490959331676281252 ) ) ;
#1171 = CARTESIAN_POINT ( 'NONE',  ( 280.7204084596068014, -3.646616615973383269, 6.499999998183739081 ) ) ;
#1172 = CARTESIAN_POINT ( 'NONE',  ( 323.9724504728579291, -4.174017466563123335, 371.7300000000001319 ) ) ;
#1173 = ORIENTED_EDGE ( 'NONE', *, *, #5185, .T. ) ;
#1174 = CARTESIAN_POINT ( 'NONE',  ( 219.7379838909504883, -8.535606980902130658, 7.374824276828157110 ) ) ;
#1175 = CARTESIAN_POINT ( 'NONE',  ( 201.0758506805182151, -10.51700405971292973, 127.9099999999999397 ) ) ;
#1176 = TOROIDAL_SURFACE ( 'NONE', #1298, 1.702983748807918918, 0.2000000000000000111 ) ;
#1177 = ORIENTED_EDGE ( 'NONE', *, *, #3276, .T. ) ;
#1178 = CARTESIAN_POINT ( 'NONE',  ( 123.0939509134853580, -12.79072930682509934, 17.80642792956965437 ) ) ;
#1179 = CARTESIAN_POINT ( 'NONE',  ( 281.5224704090424552, -4.473871662548909001, 6.498538032731010716 ) ) ;
#1180 = CARTESIAN_POINT ( 'NONE',  ( 285.7888045191947981, -3.795502727048709168, 23.24999999818371776 ) ) ;
#1181 = CARTESIAN_POINT ( 'NONE',  ( 287.2465988445318885, -5.926316602882924833, 249.8199999999998226 ) ) ;
#1182 = CARTESIAN_POINT ( 'NONE',  ( 287.0818864193489617, -0.05000000000001404710, 14.63024736338301679 ) ) ;
#1183 = CARTESIAN_POINT ( 'NONE',  ( 335.9695596427166038, -0.7789193578916718819, 194.9382591883769464 ) ) ;
#1184 = CARTESIAN_POINT ( 'NONE',  ( 289.9181388050951682, -0.04999999999999999584, 53.24999837350245713 ) ) ;
#1185 = VERTEX_POINT ( 'NONE', #1610 ) ;
#1186 = PLANE ( 'NONE',  #2851 ) ;
#1187 = EDGE_CURVE ( 'NONE', #131, #7742, #2217, .T. ) ;
#1188 = CARTESIAN_POINT ( 'NONE',  ( 384.4733927026899778, -3.238975867622803317, 371.2300000000000750 ) ) ;
#1189 = CARTESIAN_POINT ( 'NONE',  ( 391.2454704894914244, -0.8850057447819885681, 371.2300000000000750 ) ) ;
#1190 = CARTESIAN_POINT ( 'NONE',  ( 281.7250687252327452, -2.364197707462785569, 23.24999999818360408 ) ) ;
#1191 = CARTESIAN_POINT ( 'NONE',  ( 163.3759738565269970, -13.72649416499977093, 5.999999998183607630 ) ) ;
#1192 = CARTESIAN_POINT ( 'NONE',  ( 400.0463916752037790, -0.002273252620948394177, 371.0494829418216796 ) ) ;
#1193 = CARTESIAN_POINT ( 'NONE',  ( 285.5696231471899864, -4.114322290223187295, 23.24999999818450291 ) ) ;
#1194 = CARTESIAN_POINT ( 'NONE',  ( 270.3445378013646518, -5.160886957971339228, 7.254554188494926947 ) ) ;
#1196 = EDGE_CURVE ( 'NONE', #7540, #4047, #5439, .T. ) ;
#1195 = CARTESIAN_POINT ( 'NONE',  ( 210.5866096946926405, -11.16948580201677999, 6.499999998183596972 ) ) ;
#1197 = CARTESIAN_POINT ( 'NONE',  ( 153.3216813371111016, -12.19573226811862909, 7.376807192680060687 ) ) ;
#1198 = CARTESIAN_POINT ( 'NONE',  ( 127.9202077811327740, -12.64668325216860545, 23.13633779185823869 ) ) ;
#1199 = CARTESIAN_POINT ( 'NONE',  ( 306.2260457295539027, -6.093503451545942085, 127.9099999999999966 ) ) ;
#1200 = CARTESIAN_POINT ( 'NONE',  ( 368.1270088152149356, -2.325097854633149108, 249.8199999999999648 ) ) ;
#1201 = CARTESIAN_POINT ( 'NONE',  ( 284.9618874735921850, -3.267802886962985820, 22.62175591221517124 ) ) ;
#1202 = CARTESIAN_POINT ( 'NONE',  ( 132.4790382994721369, -11.25181077638451477, 22.15119164892821502 ) ) ;
#1203 = CARTESIAN_POINT ( 'NONE',  ( 366.2454704894915949, -4.319118456025197617, 371.2299999999999613 ) ) ;
#1204 = CARTESIAN_POINT ( 'NONE',  ( 279.7979407382911177, -4.222154767642915196, 7.566875997982575264 ) ) ;
#1205 = CARTESIAN_POINT ( 'NONE',  ( 274.0710057127506047, -5.061716905380078124, 21.20875006795844087 ) ) ;
#1206 = CARTESIAN_POINT ( 'NONE',  ( 369.1755906172199957, -0.05000000000000919681, 286.4399999990918104 ) ) ;
#1207 = CARTESIAN_POINT ( 'NONE',  ( 127.5464274141330208, -12.16570921645242898, 23.40303265097108465 ) ) ;
#1208 = CARTESIAN_POINT ( 'NONE',  ( 51.60132163932774318, -11.97156216305561216, 6.000000000000007994 ) ) ;
#1209 = ORIENTED_EDGE ( 'NONE', *, *, #4182, .F. ) ;
#1210 = CARTESIAN_POINT ( 'NONE',  ( 233.7507548378815443, -8.292428182589222985, 6.574119941787563981 ) ) ;
#1211 = CARTESIAN_POINT ( 'NONE',  ( 345.0782900325217497, -3.729231511437831159, 371.7300000000000182 ) ) ;
#1212 = VERTEX_POINT ( 'NONE', #6471 ) ;
#1213 = CARTESIAN_POINT ( 'NONE',  ( 326.4312095595510073, -2.619929413376475669, 339.6833463120692045 ) ) ;
#1214 = CARTESIAN_POINT ( 'NONE',  ( 281.7073436331168637, -4.379436342454408937, 6.498537910219992497 ) ) ;
#1215 = CARTESIAN_POINT ( 'NONE',  ( 283.1005455704655560, -4.306247168864138608, 23.24999999818268392 ) ) ;
#1216 = CARTESIAN_POINT ( 'NONE',  ( 199.7823365765796950, -9.758525228151155417, 127.9100000000000534 ) ) ;
#1217 = CARTESIAN_POINT ( 'NONE',  ( 381.7089881030078118, -0.04999999999999371614, 285.8672516109943444 ) ) ;
#1218 = CARTESIAN_POINT ( 'NONE',  ( 281.4805927738447053, -4.644425970880947219, 6.499999998183606742 ) ) ;
#1219 = DIRECTION ( 'NONE',  ( -0.000000000000000000, 1.000000000000000000, -0.000000000000000000 ) ) ;
#1220 = ORIENTED_EDGE ( 'NONE', *, *, #6821, .F. ) ;
#1221 = CARTESIAN_POINT ( 'NONE',  ( 284.1801912733464519, -2.018685673152740723, 23.24999999818374263 ) ) ;
#1222 = CARTESIAN_POINT ( 'NONE',  ( 361.6791824369706774, -0.9771549495767768434, 249.8200000000000216 ) ) ;
#1223 = CARTESIAN_POINT ( 'NONE',  ( 140.2793086983015201, -12.86998890942368767, 22.97965631287908295 ) ) ;
#1224 = CARTESIAN_POINT ( 'NONE',  ( 283.0155259835231618, -2.258076879475127807, 23.24999999818359697 ) ) ;
#1225 = EDGE_CURVE ( 'NONE', #2398, #8067, #1159, .T. ) ;
#1226 = CARTESIAN_POINT ( 'NONE',  ( 329.0409834810158145, -4.562115528517404428, 340.0920170020618230 ) ) ;
#1227 = CARTESIAN_POINT ( 'NONE',  ( 400.5948953008093554, 0.03783036325862153965, 371.2142641544436401 ) ) ;
#1228 = CARTESIAN_POINT ( 'NONE',  ( 285.2745832994602893, -3.657128407965273720, 20.81619278450914479 ) ) ;
#1229 = CARTESIAN_POINT ( 'NONE',  ( 364.0922154065170844, -2.369237072976338787, 371.1352426646731715 ) ) ;
#1230 = CARTESIAN_POINT ( 'NONE',  ( 263.4428177457047013, -6.364142568220213292, 6.574251634027689306 ) ) ;
#1231 = CARTESIAN_POINT ( 'NONE',  ( 345.9084562651560759, -1.673549377046954056, 339.7299999999999613 ) ) ;
#1232 = CARTESIAN_POINT ( 'NONE',  ( 135.8758835973140151, -12.97778521017334441, 7.486114553402476446 ) ) ;
#1233 = B_SPLINE_CURVE_WITH_KNOTS ( 'NONE', 3,
 ( #5410, #4800, #6154, #6683, #4187, #1085, #3576, #478, #5073, #4459 ),
 .UNSPECIFIED., .F., .F.,
 ( 4, 2, 2, 2, 4 ),
 ( -1.171055358880684625E-05, 0.0004152808680427425253, 0.0008422722896742919612, 0.001269263711305841343, 0.001696255132937390725 ),
 .UNSPECIFIED. ) ;
#1234 = CARTESIAN_POINT ( 'NONE',  ( 127.9148844221283952, -13.53807734831461396, 21.65161856162412946 ) ) ;
#1235 = CARTESIAN_POINT ( 'NONE',  ( 346.1350683447461734, -4.606452555580639263, 249.8200000000000216 ) ) ;
#1236 = CARTESIAN_POINT ( 'NONE',  ( 284.0711325663848470, -0.5326982761973689806, 6.000000000000000000 ) ) ;
#1237 = ADVANCED_FACE ( 'NONE', ( #4143 ), #5706, .F. ) ;
#1238 = CARTESIAN_POINT ( 'NONE',  ( 352.7454704894904580, -3.775447749326924285, 371.2299999999982560 ) ) ;
#1239 =( BOUNDED_SURFACE ( )  B_SPLINE_SURFACE ( 3, 2, ( 
 ( #2340, #472, #553 ),
 ( #1728, #3001, #6717 ),
 ( #7402, #4263, #3077 ),
 ( #6677, #6799, #4340 ),
 ( #5491, #2381, #621 ),
 ( #8016, #6834, #7442 ),
 ( #4305, #5565, #3569 ),
 ( #1198, #3692, #1234 ),
 ( #6186, #3727, #5529 ),
 ( #3113, #1120, #7895 ) ),
 .UNSPECIFIED., .F., .F., .T. ) 
 B_SPLINE_SURFACE_WITH_KNOTS ( ( 4, 2, 2, 2, 4 ),
 ( 3, 3 ),
 ( 0.01535511953518891443, 0.01911179503517936723, 0.02286847053516981657, 0.02662514603516026590, 0.03038182153515071870 ),
 ( 0.000000000000000000, 1.000000000000000000 ),
 .UNSPECIFIED. ) 
 GEOMETRIC_REPRESENTATION_ITEM ( )  RATIONAL_B_SPLINE_SURFACE ( (
 ( 1.000000000000000000, 0.8770665401886960089, 1.000000000000000000),
 ( 1.000000000000000000, 0.8769567006738174797, 1.000000000000000000),
 ( 1.000000000000000000, 0.8771398939214698487, 1.000000000000000000),
 ( 1.000000000000000000, 0.8770437956835692717, 1.000000000000000000),
 ( 1.000000000000000000, 0.8767195486460904741, 1.000000000000000000),
 ( 1.000000000000000000, 0.8765115456351441070, 1.000000000000000000),
 ( 1.000000000000000000, 0.8767758123769401335, 1.000000000000000000),
 ( 1.000000000000000000, 0.8766992860092973627, 1.000000000000000000),
 ( 1.000000000000000000, 0.8766372203740007141, 1.000000000000000000),
 ( 1.000000000000000000, 0.8767805679767891602, 1.000000000000000000) ) ) 
 REPRESENTATION_ITEM ( '' )  SURFACE ( )  );
#1240 = CARTESIAN_POINT ( 'NONE',  ( 116.1690750692455225, -13.22272448636263853, 6.945731505439667330 ) ) ;
#1241 = CARTESIAN_POINT ( 'NONE',  ( 390.8975138381759393, -2.805475772418032143, 371.2299999387094545 ) ) ;
#1242 = CARTESIAN_POINT ( 'NONE',  ( 280.7911036964807181, -4.835900338058953807, 6.498591223096601865 ) ) ;
#1243 = CARTESIAN_POINT ( 'NONE',  ( 270.1979801054531549, -5.404980961552265484, 21.22303202264002309 ) ) ;
#1244 = CARTESIAN_POINT ( 'NONE',  ( 406.4428512260047341, -1.666925116798167572, 371.2300000000001887 ) ) ;
#1245 = CARTESIAN_POINT ( 'NONE',  ( 134.3602512078056179, -8.149473367155399828, 127.9099999999999966 ) ) ;
#1246 = ORIENTED_EDGE ( 'NONE', *, *, #5728, .T. ) ;
#1247 = CARTESIAN_POINT ( 'NONE',  ( 353.0503117373036162, -3.557191007506847580, 371.7300000000000182 ) ) ;
#1248 = CARTESIAN_POINT ( 'NONE',  ( 195.3348118891832144, -10.96605486308586563, 6.500047511305584003 ) ) ;
#1249 = CARTESIAN_POINT ( 'NONE',  ( 191.8864154490887017, -11.14591257061004193, 6.499999998183613847 ) ) ;
#1250 = VERTEX_POINT ( 'NONE', #5245 ) ;
#1251 = CARTESIAN_POINT ( 'NONE',  ( 343.7334456965574532, -3.275464270353217078, 340.2133850737964735 ) ) ;
#1252 = CARTESIAN_POINT ( 'NONE',  ( 281.8925558775894729, -3.829284608268608725, 6.645274328195843516 ) ) ;
#1253 = CARTESIAN_POINT ( 'NONE',  ( 282.2411190446854334, -4.357222687667502647, 23.24999999818363250 ) ) ;
#1254 = CARTESIAN_POINT ( 'NONE',  ( 119.8575496797492548, -13.22488428130627902, 6.000000000000012434 ) ) ;
#1255 = CARTESIAN_POINT ( 'NONE',  ( 399.6632107287800295, -0.05063281359817721483, 369.6101725453245308 ) ) ;
#1256 = CARTESIAN_POINT ( 'NONE',  ( 283.2815938956159130, -1.747017686994595476, 6.499999998183771055 ) ) ;
#1257 = CARTESIAN_POINT ( 'NONE',  ( 325.7859746456637140, -3.808675665736369620, 338.5577580930778367 ) ) ;
#1258 = ORIENTED_EDGE ( 'NONE', *, *, #2580, .T. ) ;
#1259 = CARTESIAN_POINT ( 'NONE',  ( 284.3817390974020896, -1.931578918460687966, 23.24999999818354368 ) ) ;
#1260 = CARTESIAN_POINT ( 'NONE',  ( 160.3759751290884878, -12.78721587180886843, 6.499999998183606742 ) ) ;
#1261 = CARTESIAN_POINT ( 'NONE',  ( 141.8399148184166734, -12.06227497574425378, 25.68960185830848886 ) ) ;
#1262 = CARTESIAN_POINT ( 'NONE',  ( 261.9809051937028244, -7.920547886153565642, 5.999999998183607630 ) ) ;
#1263 = CARTESIAN_POINT ( 'NONE',  ( 163.8717676459208121, -12.62036250027241735, 6.500047286713566130 ) ) ;
#1264 = CC_DESIGN_APPROVAL ( #2429, ( #7970 ) ) ;
#1265 = CARTESIAN_POINT ( 'NONE',  ( 273.6538656112278431, -3.310872425588506474, 23.23822828152758646 ) ) ;
#1266 = CARTESIAN_POINT ( 'NONE',  ( 285.2019524442699208, -3.727829142789426342, 20.82099759799081795 ) ) ;
#1267 = CARTESIAN_POINT ( 'NONE',  ( 274.0011044294735711, -5.220067798500966916, 29.57318996676234590 ) ) ;
#1268 = CARTESIAN_POINT ( 'NONE',  ( 263.4345885396891163, -6.241736270703532874, 6.624363402549917623 ) ) ;
#1269 = CARTESIAN_POINT ( 'NONE',  ( 267.1618626944248831, -5.198009801195778046, 233.8200000000000784 ) ) ;
#1270 = CARTESIAN_POINT ( 'NONE',  ( 132.3823086774386013, -13.18664470619544282, 6.983980495676012978 ) ) ;
#1271 = CARTESIAN_POINT ( 'NONE',  ( 366.2119688123422065, -2.427810678720675241, 371.2299999461766902 ) ) ;
#1272 = B_SPLINE_CURVE_WITH_KNOTS ( 'NONE', 3,
 ( #5665, #1144, #6130, #7537, #537, #3026, #2408, #4901 ),
 .UNSPECIFIED., .F., .F.,
 ( 4, 2, 2, 4 ),
 ( 0.001497873677813840254, 0.004995966879775979620, 0.008494060081738119203, 0.01549024648566239837 ),
 .UNSPECIFIED. ) ;
#1273 = CARTESIAN_POINT ( 'NONE',  ( 410.3064288044893146, -1.373792748795512608, 371.7300000000000182 ) ) ;
#1274 = CARTESIAN_POINT ( 'NONE',  ( 399.1561195552116033, -0.05284766119287467867, 366.3798713041492761 ) ) ;
#1275 = CARTESIAN_POINT ( 'NONE',  ( 127.1378070060918475, -12.92815764162364367, 16.08687737020460062 ) ) ;
#1276 = CARTESIAN_POINT ( 'NONE',  ( 116.0112566199782975, -13.45026323944045288, 6.696119051362175334 ) ) ;
#1277 = CARTESIAN_POINT ( 'NONE',  ( 140.9733807818981575, -12.31048449571224879, 23.88184546905607064 ) ) ;
#1278 = CARTESIAN_POINT ( 'NONE',  ( 276.9987337150251960, -5.423184482056716327, 6.498752092277312542 ) ) ;
#1279 = DIRECTION ( 'NONE',  ( 0.000000000000000000, 0.000000000000000000, -1.000000000000000000 ) ) ;
#1280 = EDGE_CURVE ( 'NONE', #2269, #420, #1835, .T. ) ;
#1281 = EDGE_CURVE ( 'NONE', #1250, #5175, #4079, .T. ) ;
#1282 = CARTESIAN_POINT ( 'NONE',  ( 140.8855730941841387, -12.10901958557910874, 23.98251949003902439 ) ) ;
#1283 = CARTESIAN_POINT ( 'NONE',  ( 316.8886614474761814, -3.140784947626874324, 371.7299999999999045 ) ) ;
#1284 = ORIENTED_EDGE ( 'NONE', *, *, #3033, .T. ) ;
#1285 = CIRCLE ( 'NONE', #5065, 2.000000000000008882 ) ;
#1286 = CARTESIAN_POINT ( 'NONE',  ( 113.7606283767497501, -13.83189050068313541, 5.999999999999994671 ) ) ;
#1287 = CARTESIAN_POINT ( 'NONE',  ( 188.3437153638738550, -11.34903214956144524, 6.500047490747008716 ) ) ;
#1288 = CARTESIAN_POINT ( 'NONE',  ( 259.8759739017804122, -6.967487591077031972, 6.500000041270940443 ) ) ;
#1289 = ORIENTED_EDGE ( 'NONE', *, *, #1039, .T. ) ;
#1290 = CARTESIAN_POINT ( 'NONE',  ( 342.1179464194767093, -2.145816193710596842, 339.6880187989148681 ) ) ;
#1291 = CARTESIAN_POINT ( 'NONE',  ( 281.1664513725752954, -4.347332784572698117, 6.586782768655367271 ) ) ;
#1292 = CARTESIAN_POINT ( 'NONE',  ( 283.0576787351636199, -4.308890377175438324, 23.24999999818352237 ) ) ;
#1293 = CIRCLE ( 'NONE', #5338, 0.5000000000000008882 ) ;
#1294 = EDGE_CURVE ( 'NONE', #2732, #2200, #6223, .T. ) ;
#1295 = CARTESIAN_POINT ( 'NONE',  ( 266.5386407243907456, -6.280124875874850687, 249.8200000000000500 ) ) ;
#1296 = CARTESIAN_POINT ( 'NONE',  ( 400.0529236974743412, -0.04999999999998896300, 371.2300000000000182 ) ) ;
#1297 = LINE ( 'NONE', #7498, #1421 ) ;
#1298 = AXIS2_PLACEMENT_3D ( 'NONE', #488, #4893, #449 ) ;
#1299 = CARTESIAN_POINT ( 'NONE',  ( 278.1141406702282666, -4.663508433629563577, 21.21101596032899295 ) ) ;
#1300 = VERTEX_POINT ( 'NONE', #6514 ) ;
#1301 = CARTESIAN_POINT ( 'NONE',  ( 284.6037922340778437, -1.819553732711798988, 23.24999999818361118 ) ) ;
#1302 = CARTESIAN_POINT ( 'NONE',  ( 282.7514530627280465, -2.622788082039833046, 6.000000000000000000 ) ) ;
#1303 = CARTESIAN_POINT ( 'NONE',  ( 287.4066423246575255, -5.311633692349880143, 264.4508016061897138 ) ) ;
#1304 = CIRCLE ( 'NONE', #911, 0.1999999999999987899 ) ;
#1305 = CARTESIAN_POINT ( 'NONE',  ( 279.2238018543532689, -4.347218228833271247, 7.538668134728098380 ) ) ;
#1306 = ORIENTED_EDGE ( 'NONE', *, *, #350, .T. ) ;
#1307 = DIRECTION ( 'NONE',  ( 0.000000000000000000, 1.000000000000000000, 0.000000000000000000 ) ) ;
#1308 = FACE_OUTER_BOUND ( 'NONE', #1957, .T. ) ;
#1309 = CARTESIAN_POINT ( 'NONE',  ( 285.4543344951761128, -3.470374882219562362, 20.79382936749740907 ) ) ;
#1310 = CARTESIAN_POINT ( 'NONE',  ( 346.0395912978487445, -2.959794966431136931, 371.1329949889596946 ) ) ;
#1311 = CARTESIAN_POINT ( 'NONE',  ( 268.6341615394848645, -5.608202127462683428, 6.796587082612964181 ) ) ;
#1312 = CARTESIAN_POINT ( 'NONE',  ( 128.7161368655985143, -11.26582213843383862, 22.00000000000003553 ) ) ;
#1313 = CARTESIAN_POINT ( 'NONE',  ( 139.3963211718926800, -13.77332993119252791, 6.498782950399248470 ) ) ;
#1314 = CARTESIAN_POINT ( 'NONE',  ( 399.9434677583672624, -0.05001474612833774896, 371.1125104752507013 ) ) ;
#1315 = CARTESIAN_POINT ( 'NONE',  ( 277.0303702414022382, -6.621223098796668260, 6.000000000000003553 ) ) ;
#1316 = CARTESIAN_POINT ( 'NONE',  ( 324.5334601528609255, 4.118149705737226718, 127.9099999999999966 ) ) ;
#1317 = CARTESIAN_POINT ( 'NONE',  ( 333.5902541026676431, -4.456134668548497935, 340.2026287921739822 ) ) ;
#1318 = CARTESIAN_POINT ( 'NONE',  ( 278.9765218672936271, -4.800768519129273493, 233.8391451788340873 ) ) ;
#1319 = LINE ( 'NONE', #5117, #1050 ) ;
#1320 = CARTESIAN_POINT ( 'NONE',  ( 278.7077449618565765, -4.902514410312388549, 6.626773385944691341 ) ) ;
#1321 = CARTESIAN_POINT ( 'NONE',  ( 273.6581388050951773, -5.141690782855130593, 23.24999999818360763 ) ) ;
#1322 = CARTESIAN_POINT ( 'NONE',  ( 289.9181388050951682, -3.050000000000000266, 53.24999837350245713 ) ) ;
#1323 = CARTESIAN_POINT ( 'NONE',  ( 242.7003821429640880, -7.555906421994463606, 249.8200000000001069 ) ) ;
#1324 = ORIENTED_EDGE ( 'NONE', *, *, #1426, .T. ) ;
#1325 = DIRECTION ( 'NONE',  ( 0.000000000000000000, 0.000000000000000000, 1.000000000000000000 ) ) ;
#1326 = CARTESIAN_POINT ( 'NONE',  ( 191.8000514259042575, -10.44413510254532618, 6.791072240686214734 ) ) ;
#1327 = EDGE_CURVE ( 'NONE', #4442, #5833, #4673, .T. ) ;
#1328 = CARTESIAN_POINT ( 'NONE',  ( 207.8890679205226206, -10.24295606237046030, 6.499999998183591643 ) ) ;
#1329 = VERTEX_POINT ( 'NONE', #5947 ) ;
#1330 = CARTESIAN_POINT ( 'NONE',  ( 262.1611108181033956, -5.885204856074752300, 207.0133359739948276 ) ) ;
#1331 = CARTESIAN_POINT ( 'NONE',  ( 281.2722468199062860, -4.440364059088858006, 6.528342465995286226 ) ) ;
#1332 = CARTESIAN_POINT ( 'NONE',  ( 276.6588802019867899, -4.847468280979577493, 23.24999999818798813 ) ) ;
#1333 = CARTESIAN_POINT ( 'NONE',  ( 173.4173718413537415, -11.13714925705825820, 5.999999999999990230 ) ) ;
#1334 = CARTESIAN_POINT ( 'NONE',  ( 135.9703926965577807, -13.62734959545811186, 16.06202698972657217 ) ) ;
#1335 = CARTESIAN_POINT ( 'NONE',  ( 327.7230566915105214, -2.313786385228141729, 339.5557062886935000 ) ) ;
#1336 = ADVANCED_FACE ( 'NONE', ( #352 ), #2835, .F. ) ;
#1337 = CARTESIAN_POINT ( 'NONE',  ( 282.9385049444179572, -4.276356528897762743, 21.21086452737645800 ) ) ;
#1338 = ORIENTED_EDGE ( 'NONE', *, *, #1100, .T. ) ;
#1339 = CARTESIAN_POINT ( 'NONE',  ( 282.9256050823595956, -2.267949729938332215, 23.24999999818354368 ) ) ;
#1340 = CARTESIAN_POINT ( 'NONE',  ( 387.2214775135859099, -1.160350120858401279, 371.2299999744381012 ) ) ;
#1341 = CARTESIAN_POINT ( 'NONE',  ( 286.0325757949711942, -2.681845389111877420, 20.72050648050227295 ) ) ;
#1342 = CARTESIAN_POINT ( 'NONE',  ( 251.8486494309923387, -6.480737391433497585, 7.510326173226386182 ) ) ;
#1343 = ORIENTED_EDGE ( 'NONE', *, *, #6135, .F. ) ;
#1344 = CARTESIAN_POINT ( 'NONE',  ( 332.5781388050951364, -0.05000000000000000278, 171.1999941109628196 ) ) ;
#1345 = CARTESIAN_POINT ( 'NONE',  ( 260.3759738565270254, -8.020603716006320383, 5.999999998183607630 ) ) ;
#1346 = CARTESIAN_POINT ( 'NONE',  ( 285.8645230356921729, -2.943012740686229645, 20.74148689519119060 ) ) ;
#1347 = CARTESIAN_POINT ( 'NONE',  ( 346.0392746998043663, -2.939373207132481181, 371.0263093365129521 ) ) ;
#1348 = CARTESIAN_POINT ( 'NONE',  ( 263.4010197531578683, -5.742444787484870972, 7.377169985005623154 ) ) ;
#1349 = CARTESIAN_POINT ( 'NONE',  ( 190.8650727849986026, -9.159461892209304068, 128.2433333333333110 ) ) ;
#1350 = CARTESIAN_POINT ( 'NONE',  ( 134.1350871920352006, -13.32095106816669983, 6.783963238914373584 ) ) ;
#1351 = B_SPLINE_CURVE_WITH_KNOTS ( 'NONE', 3,
 ( #2910, #1072, #7235, #7396 ),
 .UNSPECIFIED., .F., .F.,
 ( 4, 4 ),
 ( 0.4209372247930316391, 0.4264148707683941275 ),
 .UNSPECIFIED. ) ;
#1352 = CARTESIAN_POINT ( 'NONE',  ( 130.2708910525362569, -14.09990080033303173, 6.327643394961909529 ) ) ;
#1353 = CARTESIAN_POINT ( 'NONE',  ( 347.4377434356236449, -3.100071560548230742, 338.3618657522179660 ) ) ;
#1354 = CARTESIAN_POINT ( 'NONE',  ( 131.8976260818978687, -12.80626329533016872, 20.23033185228636910 ) ) ;
#1355 = CARTESIAN_POINT ( 'NONE',  ( 345.3019268650118079, -3.202749641271359415, 341.5222861891572279 ) ) ;
#1356 = CARTESIAN_POINT ( 'NONE',  ( 352.7454704894904580, -3.775447749326924285, 371.2299999999982560 ) ) ;
#1357 = DIRECTION ( 'NONE',  ( -0.000000000000000000, 1.000000000000000000, -0.000000000000000000 ) ) ;
#1358 = CARTESIAN_POINT ( 'NONE',  ( 278.6847080419536269, -4.696648725612632802, 6.798333782271749115 ) ) ;
#1359 = CARTESIAN_POINT ( 'NONE',  ( 340.1636027076428945, -1.838017231427789389, 206.4999999981835117 ) ) ;
#1360 = CARTESIAN_POINT ( 'NONE',  ( 402.2509226189596347, 0.1036091933270054249, 371.7299999999999613 ) ) ;
#1361 = CARTESIAN_POINT ( 'NONE',  ( 119.6524281182461920, -15.31370147755217204, 6.000000000000005329 ) ) ;
#1362 = ORIENTED_EDGE ( 'NONE', *, *, #6782, .F. ) ;
#1363 = CARTESIAN_POINT ( 'NONE',  ( 398.2403717535998453, -0.1376950856387907096, 367.2611315944830608 ) ) ;
#1364 = CARTESIAN_POINT ( 'NONE',  ( 205.7913052143708796, -9.868168835858785570, 6.623794585266162827 ) ) ;
#1365 = CARTESIAN_POINT ( 'NONE',  ( 387.3152392339741823, -3.049919829579462949, 371.2348916055108248 ) ) ;
#1366 = CARTESIAN_POINT ( 'NONE',  ( 332.5212038734479734, -3.227884413727998059, 337.7191030973357897 ) ) ;
#1367 = CARTESIAN_POINT ( 'NONE',  ( 345.3019268650121489, -3.202749641271277703, 341.5222861891576258 ) ) ;
#1368 = CARTESIAN_POINT ( 'NONE',  ( 281.3375971876401422, -4.568306988528894941, 6.498538155238702707 ) ) ;
#1369 = CARTESIAN_POINT ( 'NONE',  ( 275.7962674999059232, -4.933928155556649209, 23.24999999817391227 ) ) ;
#1370 = CARTESIAN_POINT ( 'NONE',  ( 248.1239684954707343, -5.782126348836377439, 249.8200000000001637 ) ) ;
#1371 = CARTESIAN_POINT ( 'NONE',  ( 147.9838331799607829, -11.18939516989581229, 57.26532268612970000 ) ) ;
#1372 = CARTESIAN_POINT ( 'NONE',  ( 387.2454759828552255, -1.158705018304056811, 371.2299999959229808 ) ) ;
#1373 = EDGE_CURVE ( 'NONE', #5751, #3626, #5542, .T. ) ;
#1374 = VERTEX_POINT ( 'NONE', #5365 ) ;
#1375 = CARTESIAN_POINT ( 'NONE',  ( 277.5101623056067979, -4.721153329801465404, 21.20936401199872989 ) ) ;
#1376 = ORIENTED_EDGE ( 'NONE', *, *, #3986, .T. ) ;
#1377 = DIRECTION ( 'NONE',  ( -0.3131561458468081205, -0.01001847467297782741, -0.9496488079725048381 ) ) ;
#1378 = CARTESIAN_POINT ( 'NONE',  ( 285.1328708074472615, -1.552518927071876886, 23.24999999818359697 ) ) ;
#1379 = CARTESIAN_POINT ( 'NONE',  ( 321.1821966124219898, -2.285302724379010275, 127.9099999999999966 ) ) ;
#1380 = CARTESIAN_POINT ( 'NONE',  ( 285.3159522535439692, -3.614648500787465135, 20.81106110775686702 ) ) ;
#1381 = EDGE_CURVE ( 'NONE', #433, #7582, #3593, .T. ) ;
#1382 = EDGE_CURVE ( 'NONE', #7180, #7013, #2117, .T. ) ;
#1383 = CARTESIAN_POINT ( 'NONE',  ( 276.3033350026922221, -2.830273603290766715, 23.24999999818360408 ) ) ;
#1384 = EDGE_LOOP ( 'NONE', ( #5857, #5052, #3782, #3222 ) ) ;
#1385 = CARTESIAN_POINT ( 'NONE',  ( 118.8173775619357571, -12.97344128288252385, 11.13440074790962697 ) ) ;
#1386 = CARTESIAN_POINT ( 'NONE',  ( 123.1582896028617284, -13.57279332746687217, 17.97792909998690192 ) ) ;
#1387 = FACE_OUTER_BOUND ( 'NONE', #1798, .T. ) ;
#1388 = CARTESIAN_POINT ( 'NONE',  ( 268.6917762678498320, -5.435815409588133917, 14.94977570604583050 ) ) ;
#1389 = CARTESIAN_POINT ( 'NONE',  ( 266.9051643255542672, -5.853972307523650720, 6.700891360808504338 ) ) ;
#1390 = DIRECTION ( 'NONE',  ( 0.8538241078602877288, 0.000000000000000000, -0.5205616129110787194 ) ) ;
#1391 = CARTESIAN_POINT ( 'NONE',  ( 139.3698686360969816, -12.89627519273455825, 7.359078454494849098 ) ) ;
#1392 = CARTESIAN_POINT ( 'NONE',  ( 345.7034385946508337, -1.983006968267142955, 339.2971773214097766 ) ) ;
#1393 = CARTESIAN_POINT ( 'NONE',  ( 356.5878738831717669, -4.745083199634016147, 371.2299999999999045 ) ) ;
#1394 = CARTESIAN_POINT ( 'NONE',  ( 125.6117545069074311, -12.90098504193865026, 16.59999999818359484 ) ) ;
#1395 = CARTESIAN_POINT ( 'NONE',  ( 345.6420571222289482, -2.002252473153768086, 338.9812948779572253 ) ) ;
#1396 = CALENDAR_DATE ( 2025, 19, 6 ) ;
#1397 = CARTESIAN_POINT ( 'NONE',  ( 277.8195286333737499, -4.511313444760799207, 7.246352765982853938 ) ) ;
#1398 = CARTESIAN_POINT ( 'NONE',  ( 273.6581388050953478, -2.595845391427567872, 23.24999999818360052 ) ) ;
#1399 = CARTESIAN_POINT ( 'NONE',  ( 365.8618093578529056, -4.338471960620425172, 371.7300000000000182 ) ) ;
#1400 = CARTESIAN_POINT ( 'NONE',  ( 272.6673280799070653, -8.432688447320819236, 249.8200000000001069 ) ) ;
#1401 = ORIENTED_EDGE ( 'NONE', *, *, #6871, .F. ) ;
#1402 = CARTESIAN_POINT ( 'NONE',  ( 399.3250770228289639, -0.05000000000400324496, 369.5142778046599119 ) ) ;
#1403 = CARTESIAN_POINT ( 'NONE',  ( 191.8247778464139515, -10.89410344410609888, 6.523982320739004415 ) ) ;
#1404 = CARTESIAN_POINT ( 'NONE',  ( 140.8943805285545352, -12.31414837992516453, 23.75226941281432502 ) ) ;
#1405 = CARTESIAN_POINT ( 'NONE',  ( 138.2160740391383627, -13.48885649032787093, 21.64688921607795891 ) ) ;
#1406 = CARTESIAN_POINT ( 'NONE',  ( 212.0796838199178183, -8.232710993910920649, 127.8285824137609978 ) ) ;
#1407 = CARTESIAN_POINT ( 'NONE',  ( 281.4952716839492837, -4.648812041423522778, 6.500056000895450659 ) ) ;
#1408 = CARTESIAN_POINT ( 'NONE',  ( 285.9129371934063215, -3.377646395342488450, 20.97382117057486184 ) ) ;
#1409 = CARTESIAN_POINT ( 'NONE',  ( 338.4393057662794035, -2.947362890791186629, 371.7300000000001319 ) ) ;
#1410 = CARTESIAN_POINT ( 'NONE',  ( 281.7559856018606297, -5.554276915708305395, 6.499999998183597860 ) ) ;
#1411 = B_SPLINE_CURVE_WITH_KNOTS ( 'NONE', 3,
 ( #3920, #5843, #4576, #6986, #2655, #1511, #5425, #6411, #7261, #7069, #2274, #7914, #856, #2120, #1469, #4003, #7874 ),
 .UNSPECIFIED., .F., .F.,
 ( 4, 2, 2, 1, 1, 1, 1, 1, 2, 2, 4 ),
 ( 0.000000000000000000, 0.2499999999999854561, 0.3749999999999780176, 0.4374999999999743538, 0.4687499999999726330, 0.4843749999999715783, 0.4921874999999709122, 0.4960937499999706901, 0.4980468749999705791, 0.4999999999999704681, 1.000000000000000000 ),
 .UNSPECIFIED. ) ;
#1412 = CARTESIAN_POINT ( 'NONE',  ( 337.2873017658228036, -2.358725284678643952, 339.6893477668602941 ) ) ;
#1413 = ORIENTED_EDGE ( 'NONE', *, *, #3033, .F. ) ;
#1414 = CARTESIAN_POINT ( 'NONE',  ( 280.5466224987399073, -4.453143973560366398, 21.22261940462482954 ) ) ;
#1415 = AXIS2_PLACEMENT_3D ( 'NONE', #4453, #176, #3272 ) ;
#1416 = VERTEX_POINT ( 'NONE', #6031 ) ;
#1417 = CARTESIAN_POINT ( 'NONE',  ( 282.5774698548962078, -0.05000000000024066443, 7.812607182617054669 ) ) ;
#1418 = CARTESIAN_POINT ( 'NONE',  ( 282.1184369570473791, -2.336862875531430017, 23.24999999818357921 ) ) ;
#1419 = CARTESIAN_POINT ( 'NONE',  ( 361.2148906774879720, -1.128414372967378121, 249.8200000000000216 ) ) ;
#1420 = CARTESIAN_POINT ( 'NONE',  ( 285.5284478168957776, -3.381431204146235991, 20.78431762970452823 ) ) ;
#1421 = VECTOR ( 'NONE', #3749, 1000.000000000000000 ) ;
#1422 = CARTESIAN_POINT ( 'NONE',  ( 258.6970687580002846, -6.038200599034818872, 7.507188345767934479 ) ) ;
#1423 = ORIENTED_EDGE ( 'NONE', *, *, #1739, .T. ) ;
#1424 = CARTESIAN_POINT ( 'NONE',  ( 144.9124754464032776, -11.36044218631860225, 22.03919734193823032 ) ) ;
#1425 = ORIENTED_EDGE ( 'NONE', *, *, #2172, .T. ) ;
#1426 = EDGE_CURVE ( 'NONE', #500, #3937, #3015, .T. ) ;
#1427 = CARTESIAN_POINT ( 'NONE',  ( 281.8678773839367295, -3.324588853935842359, 7.351219259889703928 ) ) ;
#1428 = CARTESIAN_POINT ( 'NONE',  ( 320.1026145801345137, -1.424237233467469332, 151.2066267498396996 ) ) ;
#1429 = VECTOR ( 'NONE', #5217, 1000.000000000000000 ) ;
#1430 = CARTESIAN_POINT ( 'NONE',  ( 254.6931181370249533, -6.675335089545320955, 6.699060458733821832 ) ) ;
#1431 = CARTESIAN_POINT ( 'NONE',  ( 332.5492840436692177, -3.587202131868300725, 338.1042557142191072 ) ) ;
#1432 = CARTESIAN_POINT ( 'NONE',  ( 123.6405174939325491, -13.67827778335767341, 6.619182354352854958 ) ) ;
#1433 = CARTESIAN_POINT ( 'NONE',  ( 345.6842983067653563, -1.984045190437244699, 339.3771230445172478 ) ) ;
#1434 = CARTESIAN_POINT ( 'NONE',  ( 366.2454703998699870, -2.426013323151864132, 371.2300000000000182 ) ) ;
#1435 = B_SPLINE_SURFACE_WITH_KNOTS ( 'NONE', 3, 1, ( 
 ( #5243, #5165 ),
 ( #7645, #5695 ),
 ( #2709, #5205 ),
 ( #2055, #3977 ),
 ( #2591, #7692 ) ),
 .UNSPECIFIED., .F., .F., .F.,
 ( 4, 1, 4 ),
 ( 2, 2 ),
 ( 0.2386402917148617575, 0.2407926697095624791, 0.2440930029658287537 ),
 ( 0.000000000000000000, 1.000000000000000000 ),
 .UNSPECIFIED. ) ;
#1436 = CARTESIAN_POINT ( 'NONE',  ( 163.5506410300410778, -12.62710077489660243, 5.999999998183607630 ) ) ;
#1437 = EDGE_CURVE ( 'NONE', #4616, #6468, #2922, .T. ) ;
#1438 = CARTESIAN_POINT ( 'NONE',  ( 284.8350268085645780, -0.5592068523883361175, 23.24999999818362539 ) ) ;
#1439 = CARTESIAN_POINT ( 'NONE',  ( 387.3152392339741823, -3.049919829579462949, 371.2348916055108248 ) ) ;
#1440 = CARTESIAN_POINT ( 'NONE',  ( 275.2241797610986396, -5.422339185521682481, 6.524329823299468423 ) ) ;
#1441 = CARTESIAN_POINT ( 'NONE',  ( 273.2146579409526339, -0.4758118251311508895, 22.02836988139080887 ) ) ;
#1442 = CARTESIAN_POINT ( 'NONE',  ( 160.3555467157631540, -12.40940702765028725, 6.573624923973287792 ) ) ;
#1443 = CARTESIAN_POINT ( 'NONE',  ( 281.9812328497866361, -0.3564883957969491868, 6.000000000000000000 ) ) ;
#1444 = CARTESIAN_POINT ( 'NONE',  ( 161.7338564459068380, -10.76355063893715247, 127.9100000000000250 ) ) ;
#1445 = VERTEX_POINT ( 'NONE', #5032 ) ;
#1446 = CARTESIAN_POINT ( 'NONE',  ( 325.3962025635348709, -3.370530930441604678, 337.8683644163843383 ) ) ;
#1447 = CARTESIAN_POINT ( 'NONE',  ( 188.2996102484787571, -10.54162295150637085, 6.884161687452869494 ) ) ;
#1448 = PLANE ( 'NONE',  #7825 ) ;
#1449 = CARTESIAN_POINT ( 'NONE',  ( 133.5808860802265770, -13.54909779820528293, 21.64503749821125567 ) ) ;
#1450 = CARTESIAN_POINT ( 'NONE',  ( 263.5506383387596543, -6.731537161595507968, 6.500000041270943107 ) ) ;
#1451 = CARTESIAN_POINT ( 'NONE',  ( 280.8922725447343396, -3.810545569752439299, 7.497214166903706456 ) ) ;
#1452 = CARTESIAN_POINT ( 'NONE',  ( 285.8911085994718633, -3.388666405417823935, 20.97383879519444250 ) ) ;
#1453 = CARTESIAN_POINT ( 'NONE',  ( 327.3496174594697550, -2.422882093619491695, 371.7299999999999045 ) ) ;
#1454 = CARTESIAN_POINT ( 'NONE',  ( 272.5492681444878826, -6.998015519774972049, 6.499999998183605854 ) ) ;
#1455 = CARTESIAN_POINT ( 'NONE',  ( 342.3729075301014291, -3.333236693794893402, 341.5220830298408714 ) ) ;
#1456 = ORIENTED_EDGE ( 'NONE', *, *, #46, .F. ) ;
#1457 = CARTESIAN_POINT ( 'NONE',  ( 237.2237351690535263, -7.744059609530049570, 6.792367626550940507 ) ) ;
#1458 = CARTESIAN_POINT ( 'NONE',  ( 280.7845203275395534, -4.434977032930131458, 21.22401757872856365 ) ) ;
#1459 = VERTEX_POINT ( 'NONE', #1238 ) ;
#1460 = CARTESIAN_POINT ( 'NONE',  ( 388.7533988811387076, -0.05000000002751653350, 340.3849415699854717 ) ) ;
#1461 = CARTESIAN_POINT ( 'NONE',  ( 281.1828554310793038, -2.401181154124449879, 23.24999999818361829 ) ) ;
#1462 = CARTESIAN_POINT ( 'NONE',  ( 275.9824807527770645, -4.593608429595763987, 5.999999999999994671 ) ) ;
#1463 = CARTESIAN_POINT ( 'NONE',  ( 286.1809981981440956, -2.422569228789005269, 20.70230011569638862 ) ) ;
#1464 = B_SPLINE_CURVE_WITH_KNOTS ( 'NONE', 3,
 ( #6690, #3736, #6728, #7412, #1131, #2355, #630, #1780, #1896, #3664, #7376, #3624, #1741, #5502, #1092, #1244, #5460, #4851, #3582, #33, #4273, #6767, #7990, #4998, #6159, #6235 ),
 .UNSPECIFIED., .F., .F.,
 ( 4, 1, 1, 1, 1, 1, 1, 1, 1, 1, 1, 1, 1, 1, 1, 1, 1, 1, 1, 1, 1, 1, 1, 4 ),
 ( 0.04194703491329563466, 0.04312466012362803358, 0.04460444352637945448, 0.04608422692913086149, 0.04756401033188228239, 0.04904379373463368941, 0.05052357713738510336, 0.05126346883876080340, 0.05200336054013651732, 0.05274325224151224512, 0.05348314394288793128, 0.05422303564426364519, 0.05496292734563933829, 0.05570281904701503833, 0.05644271074839077307, 0.05718260244976645923, 0.05792249415114216621, 0.05866238585251788706, 0.05903233170320575096, 0.05940227755389358710, 0.05977222340458146488, 0.06014216925526928714, 0.06051211510595713022, 0.06088206095664499412 ),
 .UNSPECIFIED. ) ;
#1465 = CARTESIAN_POINT ( 'NONE',  ( 113.3778905859253427, -13.81503125011274236, 6.000000000000010658 ) ) ;
#1466 = ORIENTED_EDGE ( 'NONE', *, *, #2829, .T. ) ;
#1467 = CARTESIAN_POINT ( 'NONE',  ( 273.5609265991438406, -3.768937146008820793, 23.13667594526012650 ) ) ;
#1468 = ORIENTED_EDGE ( 'NONE', *, *, #288, .F. ) ;
#1469 = CARTESIAN_POINT ( 'NONE',  ( 296.9505009968000309, -4.287244542290916449, 92.78259548560068026 ) ) ;
#1470 = CARTESIAN_POINT ( 'NONE',  ( 268.6377693740712402, -3.514516658956575057, 9.420051749686415121 ) ) ;
#1471 = CARTESIAN_POINT ( 'NONE',  ( 259.9192304838549035, -6.040150356414124566, 7.119940033169169347 ) ) ;
#1472 = CARTESIAN_POINT ( 'NONE',  ( 190.6860049579853467, -9.153999776929550691, 128.2433333333333110 ) ) ;
#1473 = CARTESIAN_POINT ( 'NONE',  ( 128.8936485303720758, -13.86143343010677675, 6.523254580437425787 ) ) ;
#1474 = CARTESIAN_POINT ( 'NONE',  ( 280.8890991411876144, -3.834590120101757371, 7.639235085731926667 ) ) ;
#1475 = EDGE_CURVE ( 'NONE', #6922, #4442, #6910, .T. ) ;
#1476 = CARTESIAN_POINT ( 'NONE',  ( 282.2654499524999778, -1.782342256953007853, 7.794165532768025706 ) ) ;
#1477 = CARTESIAN_POINT ( 'NONE',  ( 284.0295789963105335, -2.141330751221234951, 23.24999999818373198 ) ) ;
#1478 = CARTESIAN_POINT ( 'NONE',  ( 332.4907998483079155, -3.678023756228558483, 338.5646034714834514 ) ) ;
#1479 = CARTESIAN_POINT ( 'NONE',  ( 274.7746063238093939, -5.337513535093565409, 6.574925256633829207 ) ) ;
#1480 = CARTESIAN_POINT ( 'NONE',  ( 364.3759590545734000, -0.7621024558707255592, 273.1057262428814170 ) ) ;
#1481 = CARTESIAN_POINT ( 'NONE',  ( 153.3857336722433047, -13.20466643029705978, 6.500047784424817898 ) ) ;
#1482 = CARTESIAN_POINT ( 'NONE',  ( 125.6117545069074311, -43.07938103743692437, 11.59999999818359484 ) ) ;
#1483 = CARTESIAN_POINT ( 'NONE',  ( 326.9163568175610521, -4.482367525254082885, 371.7300000000001319 ) ) ;
#1484 = ADVANCED_FACE ( 'NONE', ( #4458 ), #6304, .F. ) ;
#1485 = VERTEX_POINT ( 'NONE', #4419 ) ;
#1486 = CARTESIAN_POINT ( 'NONE',  ( 144.5029370137750391, -11.06280484332201297, 22.49166195666791879 ) ) ;
#1487 = CARTESIAN_POINT ( 'NONE',  ( 188.3159507861879831, -10.84076059868029596, 6.623551811062759143 ) ) ;
#1488 = CARTESIAN_POINT ( 'NONE',  ( 278.8542795472168336, -5.101323188369212502, 233.4086268110544324 ) ) ;
#1489 = CARTESIAN_POINT ( 'NONE',  ( 265.3496568987692967, -6.605073066005664018, 6.499999998183589867 ) ) ;
#1490 = CARTESIAN_POINT ( 'NONE',  ( 127.7863542801546970, -13.54891548584478045, 21.65238956297538309 ) ) ;
#1491 = CARTESIAN_POINT ( 'NONE',  ( 162.3759188700252878, -12.68512285546329110, 6.499999998183630723 ) ) ;
#1492 = CARTESIAN_POINT ( 'NONE',  ( 281.2870006207280653, -4.754728436286499438, 6.500055762421383498 ) ) ;
#1493 = CARTESIAN_POINT ( 'NONE',  ( 285.0942928895266846, -3.789658667202987719, 21.00609578845743286 ) ) ;
#1494 = CARTESIAN_POINT ( 'NONE',  ( 150.5379260717790828, -8.134729995315989726, 127.9099999999999682 ) ) ;
#1495 = DIRECTION ( 'NONE',  ( 0.000000000000000000, 0.000000000000000000, -1.000000000000000000 ) ) ;
#1496 = CARTESIAN_POINT ( 'NONE',  ( 334.3402979716441905, -2.456371151800548880, 339.6861473181770066 ) ) ;
#1497 = EDGE_LOOP ( 'NONE', ( #3892, #4017, #1209, #4319, #1619 ) ) ;
#1498 = CARTESIAN_POINT ( 'NONE',  ( 242.4919916399878161, -7.856397863890425270, 6.524117950192456661 ) ) ;
#1499 = CARTESIAN_POINT ( 'NONE',  ( 261.7405853614779971, -7.163228906577473687, 249.8200000000000500 ) ) ;
#1500 = ORIENTED_EDGE ( 'NONE', *, *, #3086, .T. ) ;
#1501 =( BOUNDED_SURFACE ( )  B_SPLINE_SURFACE ( 3, 2, ( 
 ( #1366, #7005, #798 ),
 ( #5783, #5744, #6516 ),
 ( #113, #5247, #5822 ),
 ( #837, #7571, #155 ),
 ( #4637, #3249, #7735 ),
 ( #4553, #6432, #232 ) ),
 .UNSPECIFIED., .F., .F., .T. ) 
 B_SPLINE_SURFACE_WITH_KNOTS ( ( 4, 2, 4 ),
 ( 3, 3 ),
 ( 0.009985749508669561694, 0.01363117395452641267, 0.01727659840038326192 ),
 ( 0.000000000000000000, 0.6282820890993190410 ),
 .UNSPECIFIED. ) 
 GEOMETRIC_REPRESENTATION_ITEM ( )  RATIONAL_B_SPLINE_SURFACE ( (
 ( 1.000000000000000000, 0.8135532635720177375, 0.8613888172814812005),
 ( 1.000000000000000000, 0.8132470351167643274, 0.8611611560781908814),
 ( 1.000000000000000000, 0.8128609394624342066, 0.8608741187381200310),
 ( 1.000000000000000000, 0.8122154684494606869, 0.8603942524651411183),
 ( 1.000000000000000000, 0.8118588829604480583, 0.8601291540390745283),
 ( 1.000000000000000000, 0.8109854830215095234, 0.8594798372377083773) ) ) 
 REPRESENTATION_ITEM ( '' )  SURFACE ( )  );
#1502 = CARTESIAN_POINT ( 'NONE',  ( 381.7414679045845105, -0.8333907998788953053, 325.3031150520729966 ) ) ;
#1503 = CARTESIAN_POINT ( 'NONE',  ( 279.7952728690505637, -2.506877305526038047, 23.24999999818360408 ) ) ;
#1504 = CARTESIAN_POINT ( 'NONE',  ( 314.2033873913534876, -3.346714208102269605, 127.9099999999999682 ) ) ;
#1505 = CARTESIAN_POINT ( 'NONE',  ( 285.3443197773806901, -3.585179390714690939, 20.80753181935105545 ) ) ;
#1506 = DIRECTION ( 'NONE',  ( -0.000000000000000000, 1.000000000000000000, -0.000000000000000000 ) ) ;
#1507 = FACE_OUTER_BOUND ( 'NONE', #2299, .T. ) ;
#1508 = ORIENTED_EDGE ( 'NONE', *, *, #5318, .F. ) ;
#1509 = CARTESIAN_POINT ( 'NONE',  ( 163.7439999495191216, -12.61759585169336795, 6.500000115710507842 ) ) ;
#1510 = ORIENTED_EDGE ( 'NONE', *, *, #7226, .F. ) ;
#1511 = CARTESIAN_POINT ( 'NONE',  ( 314.9610907128456461, -3.555042735940125542, 142.4002437784153585 ) ) ;
#1512 = CARTESIAN_POINT ( 'NONE',  ( 268.6466091055987704, -5.357022415634756562, 9.444014298484573189 ) ) ;
#1513 = CARTESIAN_POINT ( 'NONE',  ( 256.4641794976842561, -6.922063048661648565, 6.524096964979766433 ) ) ;
#1514 = CARTESIAN_POINT ( 'NONE',  ( 125.3926924451017868, -13.90243984577980463, 6.523155999149772732 ) ) ;
#1515 = CARTESIAN_POINT ( 'NONE',  ( 140.5132500708051566, -12.62586461629372714, 23.12714000450763763 ) ) ;
#1516 = CARTESIAN_POINT ( 'NONE',  ( 282.4210994904575500, -1.274417256779766472, 7.803183645809664171 ) ) ;
#1517 = CARTESIAN_POINT ( 'NONE',  ( 284.2893231683652289, -1.820442061505426423, 23.24999999818363250 ) ) ;
#1518 = CARTESIAN_POINT ( 'NONE',  ( 142.5618224184322287, -11.41003902266774261, 22.03835680835753408 ) ) ;
#1519 = CARTESIAN_POINT ( 'NONE',  ( 275.6747433642079841, -5.519336895251503172, 6.498744222614875277 ) ) ;
#1520 = CARTESIAN_POINT ( 'NONE',  ( 295.8323153968619863, -0.04999999999529717437, 84.33146195860280159 ) ) ;
#1521 = CARTESIAN_POINT ( 'NONE',  ( 153.3296478744227045, -12.32121342737502445, 6.998868085212516021 ) ) ;
#1522 = CARTESIAN_POINT ( 'NONE',  ( 140.7991011959843206, -12.11054619909142538, 23.98244723954785229 ) ) ;
#1523 = CARTESIAN_POINT ( 'NONE',  ( 352.9726673136912609, -4.861163742180645286, 371.7300000000002456 ) ) ;
#1524 = VERTEX_POINT ( 'NONE', #1355 ) ;
#1525 = CARTESIAN_POINT ( 'NONE',  ( 332.6240075704296828, -3.932595601605886504, 338.7622859569835327 ) ) ;
#1526 = CARTESIAN_POINT ( 'NONE',  ( 177.8032073604909158, -10.90714820943512287, 7.503618915239996134 ) ) ;
#1527 = CARTESIAN_POINT ( 'NONE',  ( 332.7254230370977552, -3.937366155811130142, 338.3931585360819554 ) ) ;
#1528 = CARTESIAN_POINT ( 'NONE',  ( 362.3458982491279130, -2.614792711278824289, 371.2299999870604097 ) ) ;
#1529 = CARTESIAN_POINT ( 'NONE',  ( 163.7458209887737439, -13.70841057482932968, 6.482763119207443303 ) ) ;
#1530 = DIRECTION ( 'NONE',  ( -0.3824148215705416298, -0.01654295176222546696, -0.9238426462283303442 ) ) ;
#1531 = EDGE_CURVE ( 'NONE', #1212, #5659, #4285, .T. ) ;
#1532 = CARTESIAN_POINT ( 'NONE',  ( 280.8234277643257428, -3.866715498480371327, 7.634242464934483330 ) ) ;
#1533 = EDGE_CURVE ( 'NONE', #8067, #4766, #1285, .T. ) ;
#1534 = CARTESIAN_POINT ( 'NONE',  ( 285.6246854673084954, -3.523168197437005045, 20.97405391319547618 ) ) ;
#1535 = CARTESIAN_POINT ( 'NONE',  ( 90.98400282383310866, -12.17836803300519222, 6.000000000000000888 ) ) ;
#1536 = CARTESIAN_POINT ( 'NONE',  ( 282.5760251102549319, -0.3869872184794754810, 7.812251434231378688 ) ) ;
#1537 = CARTESIAN_POINT ( 'NONE',  ( 115.6601879985344539, -2.600084348227148734, 127.9099999999999397 ) ) ;
#1538 = ORIENTED_EDGE ( 'NONE', *, *, #692, .T. ) ;
#1539 = CARTESIAN_POINT ( 'NONE',  ( 233.7584953514064807, -8.414772522052109238, 6.524095906942402046 ) ) ;
#1540 = CARTESIAN_POINT ( 'NONE',  ( 145.1111906136347045, -12.56415165828958358, 21.53067236737425816 ) ) ;
#1541 = ORIENTED_EDGE ( 'NONE', *, *, #2943, .F. ) ;
#1542 = CARTESIAN_POINT ( 'NONE',  ( 392.5684951292857932, -0.3859933799391216946, 353.7405387013888003 ) ) ;
#1543 = EDGE_CURVE ( 'NONE', #2449, #5792, #2132, .T. ) ;
#1544 = CARTESIAN_POINT ( 'NONE',  ( 282.0962099513511703, -2.338460110080490928, 23.24999999818357921 ) ) ;
#1545 = CLOSED_SHELL ( 'NONE', ( #5221, #7233, #4888, #6626, #5831, #3644, #298, #4691, #4329, #6676, #2384, #5573, #6233, #4622, #1336, #5626, #4232, #3227, #3637, #504, #6148, #884, #1037, #92, #2281, #2485, #5438, #6136, #6918, #3076, #7177, #628, #4584, #6477, #4737, #684, #2525, #7722, #945, #2397, #3331, #4518, #2729, #6526, #2184, #6972, #1691, #2568, #3826, #2072, #7519, #3927, #4126, #4023, #725, #737, #3085, #4575, #7881, #6047, #938, #5627, #3586, #7926, #4791, #151, #7016, #6381, #587, #241, #4679, #7166, #3772, #7971, #6582, #1237, #2288, #5431, #11, #6286, #4726, #4289, #6791, #1145, #447, #7476, #1484, #2326, #184, #6234, #1984, #7324, #3228, #7373, #5541, #2125, #497 ) ) ;
#1546 = CARTESIAN_POINT ( 'NONE',  ( 396.7895071261410749, -0.2991307062786854321, 371.7299999999999045 ) ) ;
#1547 = CYLINDRICAL_SURFACE ( 'NONE', #6783, 0.5000000000000004441 ) ;
#1548 = CARTESIAN_POINT ( 'NONE',  ( 387.2454704894922202, -1.158658652084596286, 371.2300000000000182 ) ) ;
#1549 = DIRECTION ( 'NONE',  ( 0.000000000000000000, 1.000000000000000000, 0.000000000000000000 ) ) ;
#1550 = ORIENTED_EDGE ( 'NONE', *, *, #2085, .T. ) ;
#1551 = CARTESIAN_POINT ( 'NONE',  ( 272.6484427572503932, -4.816829036429261635, 22.42118561720054970 ) ) ;
#1552 = ORIENTED_EDGE ( 'NONE', *, *, #2536, .T. ) ;
#1553 = CARTESIAN_POINT ( 'NONE',  ( 148.8059508148069199, -14.56509719855754525, 6.499999998183594307 ) ) ;
#1554 = CARTESIAN_POINT ( 'NONE',  ( 259.9146905717458935, -5.964340929322760942, 7.374741655755542524 ) ) ;
#1555 = CARTESIAN_POINT ( 'NONE',  ( 127.1351123748182204, -13.21940466800611347, 7.100832584578557594 ) ) ;
#1556 = AXIS2_PLACEMENT_3D ( 'NONE', #4141, #4102, #434 ) ;
#1557 = CARTESIAN_POINT ( 'NONE',  ( 146.8849062023617478, -12.51665101217935216, 21.28251409516936121 ) ) ;
#1558 = CIRCLE ( 'NONE', #17, 0.1999999999999987899 ) ;
#1559 = CARTESIAN_POINT ( 'NONE',  ( 163.7253082035551301, -12.61851467980019237, 5.999999998183607630 ) ) ;
#1560 = CARTESIAN_POINT ( 'NONE',  ( 284.8147114169093470, -0.6552067190347462544, 23.24999999818362539 ) ) ;
#1561 = CARTESIAN_POINT ( 'NONE',  ( 0.000000000000000000, 0.000000000000000000, 0.000000000000000000 ) ) ;
#1562 = CARTESIAN_POINT ( 'NONE',  ( 276.4930638141291297, -4.577960970785718509, 7.511978191885677170 ) ) ;
#1563 = CARTESIAN_POINT ( 'NONE',  ( 116.8694584750788579, -13.84868319111899915, 8.053488054416979125 ) ) ;
#1564 = CARTESIAN_POINT ( 'NONE',  ( 155.0943001247298412, -12.47166598322764308, 6.698853350821242891 ) ) ;
#1565 = CARTESIAN_POINT ( 'NONE',  ( 126.8639159623839987, -13.71022430335108133, 16.26997204508312223 ) ) ;
#1566 = CARTESIAN_POINT ( 'NONE',  ( 148.5184593268917865, -14.57866045476002625, 5.999999999999991118 ) ) ;
#1567 = ORIENTED_EDGE ( 'NONE', *, *, #7770, .F. ) ;
#1568 = DIRECTION ( 'NONE',  ( 0.000000000000000000, 0.9986295347545739443, 0.05233595624294395260 ) ) ;
#1569 = CARTESIAN_POINT ( 'NONE',  ( 188.3047179425558681, -10.63512682609758109, 6.791015177983017459 ) ) ;
#1570 = DIRECTION ( 'NONE',  ( -5.855773569466677571E-14, -1.000000000000000000, -0.000000000000000000 ) ) ;
#1571 = CARTESIAN_POINT ( 'NONE',  ( 262.9812346501278171, -7.853188158671398078, 6.499999998183606742 ) ) ;
#1572 = CARTESIAN_POINT ( 'NONE',  ( 393.4090413644591422, -0.7354611143604169454, 371.2299895819595577 ) ) ;
#1573 = CARTESIAN_POINT ( 'NONE',  ( 383.7469795852163656, -1.394109116025047612, 371.2299999999999613 ) ) ;
#1574 = CARTESIAN_POINT ( 'NONE',  ( 280.8879255162451614, -3.998483954186909717, 6.945292134890800995 ) ) ;
#1575 = CARTESIAN_POINT ( 'NONE',  ( 281.5790546911246679, -4.378524632464547039, 21.22883398048451298 ) ) ;
#1576 = CARTESIAN_POINT ( 'NONE',  ( 20.03745601645342944, -1.821024651899506352, 6.000000000000006217 ) ) ;
#1577 = CARTESIAN_POINT ( 'NONE',  ( 213.7635794817854844, -2.526836339332980241, 249.8200000000000216 ) ) ;
#1578 = ORIENTED_EDGE ( 'NONE', *, *, #5485, .T. ) ;
#1579 = EDGE_CURVE ( 'NONE', #461, #1185, #5156, .T. ) ;
#1580 = CARTESIAN_POINT ( 'NONE',  ( 244.2149398508154832, -7.385112351740669823, 6.699052735224335642 ) ) ;
#1581 = CARTESIAN_POINT ( 'NONE',  ( 145.2981225776586029, -11.34710373985753584, 22.25242899402810082 ) ) ;
#1582 = ORIENTED_EDGE ( 'NONE', *, *, #5935, .F. ) ;
#1583 = CARTESIAN_POINT ( 'NONE',  ( 399.9562397517906902, -0.2358566988379917906, 371.2300000000000182 ) ) ;
#1584 = CARTESIAN_POINT ( 'NONE',  ( 282.3757590981868475, -2.317612388127972434, 23.24999999818363250 ) ) ;
#1585 = CARTESIAN_POINT ( 'NONE',  ( 384.2992148337803542, -1.160730357067096596, 371.7300000000001319 ) ) ;
#1586 = CARTESIAN_POINT ( 'NONE',  ( 387.3463806913936196, -1.151909594621058686, 371.2299999949365770 ) ) ;
#1587 = CARTESIAN_POINT ( 'NONE',  ( 398.9373754703982513, -0.1153363274335590521, 369.5655239870400237 ) ) ;
#1588 = B_SPLINE_CURVE_WITH_KNOTS ( 'NONE', 3,
 ( #4550, #6960, #5083, #2137 ),
 .UNSPECIFIED., .F., .F.,
 ( 4, 4 ),
 ( 0.000000000000000000, 0.0005006088165688960933 ),
 .UNSPECIFIED. ) ;
#1589 = FACE_OUTER_BOUND ( 'NONE', #4183, .T. ) ;
#1590 = ORIENTED_EDGE ( 'NONE', *, *, #7339, .F. ) ;
#1591 = EDGE_CURVE ( 'NONE', #3285, #4167, #1751, .T. ) ;
#1592 = CARTESIAN_POINT ( 'NONE',  ( 271.5207296099263203, -5.264962084736869663, 21.60614967917436857 ) ) ;
#1593 = ORIENTED_EDGE ( 'NONE', *, *, #3488, .T. ) ;
#1594 = CARTESIAN_POINT ( 'NONE',  ( 302.2075485877645065, -2.151331070023430492, 101.9004661925395965 ) ) ;
#1595 = CARTESIAN_POINT ( 'NONE',  ( 252.9613894676370762, -7.027909588144650499, 6.574288904991895777 ) ) ;
#1596 = CARTESIAN_POINT ( 'NONE',  ( 128.8918625960223494, -13.74065946100819247, 6.571597187976541576 ) ) ;
#1597 = CARTESIAN_POINT ( 'NONE',  ( 345.8793924807679332, -3.176619174771488474, 340.0305830072352364 ) ) ;
#1598 = CARTESIAN_POINT ( 'NONE',  ( 281.4081507864028708, -3.317470401559033277, 7.745138866471687145 ) ) ;
#1599 = CARTESIAN_POINT ( 'NONE',  ( 399.8140744282775358, -0.06928976233277363284, 371.0466020943271133 ) ) ;
#1600 = CARTESIAN_POINT ( 'NONE',  ( 284.3907766703040352, -1.670018021265736730, 23.24999999818404817 ) ) ;
#1601 = COORDINATED_UNIVERSAL_TIME_OFFSET ( 1, 0, .AHEAD. ) ;
#1602 = CARTESIAN_POINT ( 'NONE',  ( 275.2139566562757977, -5.299682624549580723, 6.574820548258797359 ) ) ;
#1603 = CARTESIAN_POINT ( 'NONE',  ( 140.2768753594671693, -12.87585326961278653, 22.97608018415520448 ) ) ;
#1604 = CARTESIAN_POINT ( 'NONE',  ( 158.6276372028107460, -12.88773135909879208, 6.500047527263715708 ) ) ;
#1605 = CARTESIAN_POINT ( 'NONE',  ( 127.2643136848817278, -13.72004909822908303, 15.98298752378640053 ) ) ;
#1606 = CARTESIAN_POINT ( 'NONE',  ( 280.6995232650143066, -8.270214270719714378, 249.8200000000001069 ) ) ;
#1607 = ORIENTED_EDGE ( 'NONE', *, *, #1187, .T. ) ;
#1608 = CARTESIAN_POINT ( 'NONE',  ( 333.1365054731842292, -4.390810668816346407, 339.5209011987588497 ) ) ;
#1609 = CARTESIAN_POINT ( 'NONE',  ( 184.8144616444994028, -10.91962194426978527, 6.697828811759919176 ) ) ;
#1610 = CARTESIAN_POINT ( 'NONE',  ( 399.8823864791102096, -0.04999999999996850714, 371.0498953603457721 ) ) ;
#1611 = CARTESIAN_POINT ( 'NONE',  ( 286.9005562391774333, -0.05000000000000000971, 21.24227721324535523 ) ) ;
#1612 = CARTESIAN_POINT ( 'NONE',  ( 391.1459998489811483, -0.7529627108527050527, 371.1728932394635763 ) ) ;
#1613 = CARTESIAN_POINT ( 'NONE',  ( 263.5506383387596543, -6.731537161595507968, 5.999999998183606742 ) ) ;
#1614 = CARTESIAN_POINT ( 'NONE',  ( 280.8691631322868147, -3.822349482988462999, 7.497205859867647426 ) ) ;
#1615 = CARTESIAN_POINT ( 'NONE',  ( 279.8919577201894526, -4.505438665914799579, 21.21893890854852671 ) ) ;
#1616 = CARTESIAN_POINT ( 'NONE',  ( 133.0609287132193685, -5.756343643710136071, 127.9100000000000250 ) ) ;
#1617 = CARTESIAN_POINT ( 'NONE',  ( 281.0839006318734619, -3.215350710239953891, 6.499999998172398818 ) ) ;
#1618 = CARTESIAN_POINT ( 'NONE',  ( 213.2435484177734679, -2.201526969462815675, 249.8199999999999079 ) ) ;
#1619 = ORIENTED_EDGE ( 'NONE', *, *, #2931, .F. ) ;
#1620 = CARTESIAN_POINT ( 'NONE',  ( 245.9350613967056915, -6.881514405546517388, 7.377094127748543784 ) ) ;
#1621 = CARTESIAN_POINT ( 'NONE',  ( 145.2529736582702071, -11.34909181733405958, 22.19015682914249155 ) ) ;
#1622 = EDGE_LOOP ( 'NONE', ( #7531, #1289 ) ) ;
#1623 = CARTESIAN_POINT ( 'NONE',  ( 399.9851181984493564, -0.2275882728072284311, 371.2300000000000182 ) ) ;
#1624 = CARTESIAN_POINT ( 'NONE',  ( 286.0559314424550053, -3.660962163489815957, 23.24999999818357566 ) ) ;
#1625 = CARTESIAN_POINT ( 'NONE',  ( 124.3262519866210312, -12.06153430123120707, 22.99999999999997158 ) ) ;
#1626 = EDGE_CURVE ( 'NONE', #7992, #4574, #967, .T. ) ;
#1627 = CARTESIAN_POINT ( 'NONE',  ( 333.2236548866484895, -3.382165367851658111, 249.8200000000000784 ) ) ;
#1628 = CARTESIAN_POINT ( 'NONE',  ( 362.7454704894917086, -2.596278760377979999, 371.7300000000000182 ) ) ;
#1629 = CARTESIAN_POINT ( 'NONE',  ( 287.4356486863900955, -2.750888404935665665, 61.20412800967644529 ) ) ;
#1630 = DIRECTION ( 'NONE',  ( -0.000000000000000000, -1.000000000000000000, -0.000000000000000000 ) ) ;
#1631 = CARTESIAN_POINT ( 'NONE',  ( 272.9893318289049375, -4.564406144049098835, 22.67692036237303199 ) ) ;
#1632 = ORIENTED_EDGE ( 'NONE', *, *, #2739, .T. ) ;
#1633 = CARTESIAN_POINT ( 'NONE',  ( 142.1346589340490709, -12.65120335597621981, 20.22174856708550905 ) ) ;
#1634 = CARTESIAN_POINT ( 'NONE',  ( 247.6891286045754441, -6.890348486522846372, 6.999248082424569972 ) ) ;
#1635 = EDGE_CURVE ( 'NONE', #7703, #2148, #6141, .T. ) ;
#1636 = EDGE_CURVE ( 'NONE', #7714, #433, #2329, .T. ) ;
#1637 = CARTESIAN_POINT ( 'NONE',  ( 114.9293875352226166, -13.23471583952527020, 6.857038480500304622 ) ) ;
#1638 = CARTESIAN_POINT ( 'NONE',  ( 345.5488941661137119, -1.990697059984388506, 339.5786500932761101 ) ) ;
#1639 = CARTESIAN_POINT ( 'NONE',  ( 263.8759736262052229, -6.709186935099790361, 6.500000032126006744 ) ) ;
#1640 = CARTESIAN_POINT ( 'NONE',  ( 390.7454704894916517, -0.9197229228633323483, 371.7300000000000182 ) ) ;
#1641 = CARTESIAN_POINT ( 'NONE',  ( 285.5991361133652617, -4.086329858454385011, 23.24999999818411212 ) ) ;
#1642 = CARTESIAN_POINT ( 'NONE',  ( 273.8380679744150825, -4.793776625146923820, 7.385882684763398487 ) ) ;
#1643 = CARTESIAN_POINT ( 'NONE',  ( 131.1736227480347452, -11.56155071136218737, 22.03629576817510838 ) ) ;
#1644 = CARTESIAN_POINT ( 'NONE',  ( 146.3597999400839456, -12.89821495185431743, 6.790021176624820853 ) ) ;
#1645 = CARTESIAN_POINT ( 'NONE',  ( 281.0680470552863994, -3.056917839053384434, 5.999999999999994671 ) ) ;
#1646 = CARTESIAN_POINT ( 'NONE',  ( 275.0448869517962294, -8.130566206763294446, 127.9100000000000250 ) ) ;
#1647 = ORIENTED_EDGE ( 'NONE', *, *, #3238, .F. ) ;
#1648 = CARTESIAN_POINT ( 'NONE',  ( 393.5702594274716262, -0.3443596533388913472, 356.3189257342334031 ) ) ;
#1649 = CARTESIAN_POINT ( 'NONE',  ( 162.1043547905821640, -12.32215855112501757, 6.573538256371056043 ) ) ;
#1650 = CARTESIAN_POINT ( 'NONE',  ( 351.0653048582911424, -0.1311916591381279418, 236.5345985974152825 ) ) ;
#1651 = FACE_BOUND ( 'NONE', #5215, .T. ) ;
#1652 = CARTESIAN_POINT ( 'NONE',  ( 368.6018254120687629, -2.112301396321663916, 371.0308475645045974 ) ) ;
#1653 = CARTESIAN_POINT ( 'NONE',  ( 366.0747647232377062, -4.327815994367786523, 371.2600430430696292 ) ) ;
#1654 = CARTESIAN_POINT ( 'NONE',  ( 281.2168954342278084, -4.788800559725246764, 6.500055478206274273 ) ) ;
#1655 = CARTESIAN_POINT ( 'NONE',  ( 283.1366375280658758, -4.256241889452676119, 21.20339413932791217 ) ) ;
#1656 = CARTESIAN_POINT ( 'NONE',  ( 317.0599102614092430, -1.048996393430048801, 371.7300000000001319 ) ) ;
#1657 = CARTESIAN_POINT ( 'NONE',  ( 281.1308247548662962, -3.618069127491061021, 7.728756018279898221 ) ) ;
#1658 = CARTESIAN_POINT ( 'NONE',  ( 20.65870600259176015, -4.614703553085834464, 5.999999999999996447 ) ) ;
#1659 = ORIENTED_EDGE ( 'NONE', *, *, #1591, .T. ) ;
#1660 = CARTESIAN_POINT ( 'NONE',  ( 223.2934041970814292, -9.332911970322868456, 6.500047673873979193 ) ) ;
#1661 = CARTESIAN_POINT ( 'NONE',  ( 284.0321967297895753, -4.124591854168999205, 21.14477850311627449 ) ) ;
#1662 = ORIENTED_EDGE ( 'NONE', *, *, #6782, .T. ) ;
#1663 = CARTESIAN_POINT ( 'NONE',  ( 399.9074079458515598, -0.2498525180191487893, 371.2300000000000182 ) ) ;
#1664 = CARTESIAN_POINT ( 'NONE',  ( 163.5893773479426443, -11.74713957007711151, 47.67114295411325742 ) ) ;
#1665 = CARTESIAN_POINT ( 'NONE',  ( 286.1121847547383368, -3.632629742856334332, 23.24999999818400198 ) ) ;
#1666 = DIRECTION ( 'NONE',  ( 0.000000000000000000, 0.000000000000000000, 1.000000000000000000 ) ) ;
#1667 = CARTESIAN_POINT ( 'NONE',  ( 218.7210291704636518, -8.587970497369061817, 6.000000000000015099 ) ) ;
#1668 = CARTESIAN_POINT ( 'NONE',  ( 362.2454704894934139, -2.619310307942285920, 371.2299999999999613 ) ) ;
#1669 = CARTESIAN_POINT ( 'NONE',  ( 280.8088770857621057, -3.020384246864810329, 42.94859621532619798 ) ) ;
#1670 = CARTESIAN_POINT ( 'NONE',  ( 190.0991157928274617, -10.47189802872373221, 127.9100000000000250 ) ) ;
#1671 = CARTESIAN_POINT ( 'NONE',  ( 273.0366867790767742, -4.522203507939625666, 22.71303923781615097 ) ) ;
#1672 = ORIENTED_EDGE ( 'NONE', *, *, #3973, .F. ) ;
#1673 = CARTESIAN_POINT ( 'NONE',  ( 124.5204239160278661, -11.42111579260485499, 22.03172007541895638 ) ) ;
#1674 = CARTESIAN_POINT ( 'NONE',  ( 246.0023430259337260, -7.890277491327125858, 6.500047803358460108 ) ) ;
#1675 = CARTESIAN_POINT ( 'NONE',  ( 118.4128034870908124, -13.14089503291048011, 7.458112340126144879 ) ) ;
#1676 = B_SPLINE_CURVE_WITH_KNOTS ( 'NONE', 3,
 ( #1410, #5049, #3988, #5788, #2679, #7536, #7654, #2063, #1454, #4559, #7055, #6437, #3946, #3334, #854 ),
 .UNSPECIFIED., .F., .F.,
 ( 4, 1, 1, 1, 1, 1, 1, 1, 1, 1, 1, 1, 4 ),
 ( 0.000000000000000000, 0.001104291938599971483, 0.002208583877199877480, 0.003312875815799718859, 0.004417167754399722868, 0.005521459692999597206, 0.006625751631599568689, 0.008834335508799478695, 0.01104291938599935574, 0.01325150326319916860, 0.01546008714039911157, 0.01766867101759895739, 0.01807873298121491501 ),
 .UNSPECIFIED. ) ;
#1677 = CARTESIAN_POINT ( 'NONE',  ( 281.6619543633676699, -2.368476079337995532, 23.24999999818361474 ) ) ;
#1678 = EDGE_CURVE ( 'NONE', #2529, #2917, #5741, .T. ) ;
#1679 = CARTESIAN_POINT ( 'NONE',  ( 157.7205511202110699, -13.92855797148058983, 51.35052048973671646 ) ) ;
#1680 = CARTESIAN_POINT ( 'NONE',  ( 399.8141128730706555, -0.06927887467586930914, 371.0466039535768914 ) ) ;
#1681 = CARTESIAN_POINT ( 'NONE',  ( 286.4651588671466698, -3.249892610279355942, 23.24999999818321683 ) ) ;
#1682 = VECTOR ( 'NONE', #3246, 1000.000000000000000 ) ;
#1683 = CARTESIAN_POINT ( 'NONE',  ( 270.4179830818926575, -5.878231850896430188, 6.524528211119938526 ) ) ;
#1684 = CARTESIAN_POINT ( 'NONE',  ( 140.3937905292385722, -12.59408858523001484, 23.14790229443705627 ) ) ;
#1685 = CARTESIAN_POINT ( 'NONE',  ( 151.5776301237272889, -12.32938510235498164, 7.243377955352077180 ) ) ;
#1686 = CARTESIAN_POINT ( 'NONE',  ( 399.8928408502716820, -0.05000166819759486320, 371.0701012393819269 ) ) ;
#1687 = CARTESIAN_POINT ( 'NONE',  ( 283.3795497080041059, -8.186789867298022827, 249.8200000000000216 ) ) ;
#1688 = ORIENTED_EDGE ( 'NONE', *, *, #6326, .F. ) ;
#1689 = CIRCLE ( 'NONE', #6260, 2.000000000000028422 ) ;
#1690 = PLANE ( 'NONE',  #1821 ) ;
#1691 = ADVANCED_FACE ( 'NONE', ( #3477 ), #3984, .F. ) ;
#1692 = CARTESIAN_POINT ( 'NONE',  ( 170.8140468905401406, -11.27083457250881082, 7.370254107223122908 ) ) ;
#1693 = CARTESIAN_POINT ( 'NONE',  ( 125.7769344467380392, -13.05234867512368879, 11.59999999818360017 ) ) ;
#1694 = CARTESIAN_POINT ( 'NONE',  ( 163.7458209887737439, -13.70841057482932968, 6.482763119207443303 ) ) ;
#1695 = CARTESIAN_POINT ( 'NONE',  ( 386.6486010563274363, -1.200776159940720955, 371.2299895653512749 ) ) ;
#1696 = CARTESIAN_POINT ( 'NONE',  ( 159.8759738565269970, -13.87621618035440996, 6.499999998183606742 ) ) ;
#1697 = CARTESIAN_POINT ( 'NONE',  ( 279.4638932737480559, -4.415607561945238402, 7.021433634239536481 ) ) ;
#1698 = CARTESIAN_POINT ( 'NONE',  ( 279.7922936226671595, -4.513680469562038944, 21.21839467273493085 ) ) ;
#1699 = VECTOR ( 'NONE', #30, 1000.000000000000000 ) ;
#1700 = CARTESIAN_POINT ( 'NONE',  ( 318.4258047819384956, -1.282302955661641430, 371.7300000000000182 ) ) ;
#1701 = CARTESIAN_POINT ( 'NONE',  ( 283.5257222521638028, -0.4593969587242341390, 6.499999998183583649 ) ) ;
#1702 = CARTESIAN_POINT ( 'NONE',  ( 22.34811025924327765, -5.480574414935970751, 5.999999999999995559 ) ) ;
#1703 = ORIENTED_EDGE ( 'NONE', *, *, #786, .F. ) ;
#1704 = CARTESIAN_POINT ( 'NONE',  ( 226.7488764458182402, -8.496240289417434255, 6.698700942638336819 ) ) ;
#1705 = CARTESIAN_POINT ( 'NONE',  ( 124.2117116690849343, -13.97762606423085430, 6.517689624014659344 ) ) ;
#1706 = ORIENTED_EDGE ( 'NONE', *, *, #3476, .T. ) ;
#1707 = CARTESIAN_POINT ( 'NONE',  ( 263.3759738565270254, -7.820406923981320091, 5.999999998183607630 ) ) ;
#1708 = CARTESIAN_POINT ( 'NONE',  ( 281.5228230102828775, -4.018181880400700123, 6.645250490824755829 ) ) ;
#1709 = CARTESIAN_POINT ( 'NONE',  ( 285.2051600775189399, -4.042099878147635827, 23.24999999818454555 ) ) ;
#1710 = CARTESIAN_POINT ( 'NONE',  ( 159.8759738565254906, -13.90206711046382715, 6.499999998183606742 ) ) ;
#1711 = CARTESIAN_POINT ( 'NONE',  ( 266.1096332671546065, -6.586303187924734459, 127.9099999999998829 ) ) ;
#1712 = CARTESIAN_POINT ( 'NONE',  ( 346.9209103437623867, -2.256510588886433410, 230.4592677506120992 ) ) ;
#1713 = CARTESIAN_POINT ( 'NONE',  ( 325.9946109491812081, -1.184605943828103580, 167.4460717591153411 ) ) ;
#1714 = DIRECTION ( 'NONE',  ( 0.000000000000000000, 0.000000000000000000, 1.000000000000000000 ) ) ;
#1715 = CARTESIAN_POINT ( 'NONE',  ( 362.3961360705590664, -2.612464970596699576, 371.2299999281618170 ) ) ;
#1716 = ORIENTED_EDGE ( 'NONE', *, *, #6929, .F. ) ;
#1717 = CARTESIAN_POINT ( 'NONE',  ( 127.4555751606714864, -11.52428476132550372, 22.03385610183726229 ) ) ;
#1718 = CARTESIAN_POINT ( 'NONE',  ( 249.4394152516132692, -6.845002963869836421, 6.886906455321899934 ) ) ;
#1719 = CARTESIAN_POINT ( 'NONE',  ( 114.9055211452559604, -13.76569296002740295, 6.522153014608041310 ) ) ;
#1720 = CARTESIAN_POINT ( 'NONE',  ( 284.2419161459742440, -0.5654496529484560607, 6.499999998183611183 ) ) ;
#1721 = CARTESIAN_POINT ( 'NONE',  ( 283.4480000994267357, -0.05000000000000000278, 6.499999998183607630 ) ) ;
#1722 = CARTESIAN_POINT ( 'NONE',  ( 160.3759738565270538, -13.87621618035495352, 6.500000000372553544 ) ) ;
#1723 = CARTESIAN_POINT ( 'NONE',  ( 285.6091433059254427, -4.077813360198087267, 23.24999999818370711 ) ) ;
#1724 = CARTESIAN_POINT ( 'NONE',  ( 273.0598145507720460, -5.885870226597173627, 6.500048458321971090 ) ) ;
#1725 = CARTESIAN_POINT ( 'NONE',  ( 259.8759738565270254, -8.020603716006320383, 6.499999998183606742 ) ) ;
#1726 = CARTESIAN_POINT ( 'NONE',  ( 146.3823559103520324, -13.34772414925539685, 6.523889769851661136 ) ) ;
#1727 = EDGE_CURVE ( 'NONE', #3499, #5751, #6625, .T. ) ;
#1728 = CARTESIAN_POINT ( 'NONE',  ( 139.2291514501526422, -12.61407362620707673, 23.14788171612108059 ) ) ;
#1729 = CARTESIAN_POINT ( 'NONE',  ( 401.4293687197451277, -2.053781909851549514, 371.7299999999999613 ) ) ;
#1730 = ORIENTED_EDGE ( 'NONE', *, *, #1891, .T. ) ;
#1731 = CARTESIAN_POINT ( 'NONE',  ( 411.6039710550687687, 0.5998781967603106224, 371.7299999999998477 ) ) ;
#1732 = CARTESIAN_POINT ( 'NONE',  ( 167.3287126191915775, -11.64471958658659467, 6.882830822231918333 ) ) ;
#1733 = CARTESIAN_POINT ( 'NONE',  ( 127.8588374401009844, -13.00539144083309040, 12.99224649365606332 ) ) ;
#1734 = CARTESIAN_POINT ( 'NONE',  ( 126.9840959102495503, -11.51644023447041754, 22.03153082564157117 ) ) ;
#1735 = CARTESIAN_POINT ( 'NONE',  ( 368.6070657420430052, -2.209200039285148964, 371.2093377317625027 ) ) ;
#1736 = CARTESIAN_POINT ( 'NONE',  ( 332.8998485134969201, -3.837592479226618281, 338.6792508507680850 ) ) ;
#1737 = CARTESIAN_POINT ( 'NONE',  ( 280.4791447323192415, -4.027452513885148022, 7.608357287304486682 ) ) ;
#1738 = CARTESIAN_POINT ( 'NONE',  ( 276.8030758439628016, -4.790206432026882233, 21.20824030031658225 ) ) ;
#1739 = EDGE_CURVE ( 'NONE', #5543, #7060, #3306, .T. ) ;
#1740 = CARTESIAN_POINT ( 'NONE',  ( 227.5596748177766244, -3.827623980258284320, 249.8200000000000784 ) ) ;
#1741 = CARTESIAN_POINT ( 'NONE',  ( 404.2717060344314746, -1.833240554757613383, 371.2300000000001887 ) ) ;
#1742 = CARTESIAN_POINT ( 'NONE',  ( 235.6340171269677626, -7.018820324774037722, 249.8200000000000216 ) ) ;
#1743 = ORIENTED_EDGE ( 'NONE', *, *, #5820, .F. ) ;
#1744 = CARTESIAN_POINT ( 'NONE',  ( 223.2696966016565057, -8.946238346669296959, 6.574045421652574106 ) ) ;
#1745 = CARTESIAN_POINT ( 'NONE',  ( 270.8286078540622270, -7.118979632804102842, 249.8199999999998226 ) ) ;
#1746 = ORIENTED_EDGE ( 'NONE', *, *, #6370, .T. ) ;
#1747 = CARTESIAN_POINT ( 'NONE',  ( 399.9004326211278908, -0.2518541793395042139, 371.2300000000000182 ) ) ;
#1748 = CARTESIAN_POINT ( 'NONE',  ( 281.5355005250584668, -3.586621770194903469, 7.076228027948727295 ) ) ;
#1749 = CARTESIAN_POINT ( 'NONE',  ( 285.9973189748887421, -3.690482791113543826, 23.24999999818385632 ) ) ;
#1750 = CARTESIAN_POINT ( 'NONE',  ( 326.6983161734096939, -3.341084684930592186, 338.7299999999996203 ) ) ;
#1751 = B_SPLINE_CURVE_WITH_KNOTS ( 'NONE', 3,
 ( #7636, #7721, #7847, #1516, #5235, #1476, #5196, #861, #4539, #1598, #3315, #219 ),
 .UNSPECIFIED., .F., .F.,
 ( 4, 2, 2, 2, 2, 4 ),
 ( 0.000000000000000000, 0.001070165461889581796, 0.001605248192834354696, 0.002140330923779128029, 0.003210496385668673829, 0.004280661847558219629 ),
 .UNSPECIFIED. ) ;
#1752 = CARTESIAN_POINT ( 'NONE',  ( 294.9760492052440668, -4.770586010974081859, 127.9100000000000534 ) ) ;
#1753 = CARTESIAN_POINT ( 'NONE',  ( 399.5114112595306892, -0.05189844079455036008, 367.9893776958529088 ) ) ;
#1754 = CARTESIAN_POINT ( 'NONE',  ( 263.6150597732672054, -6.727111469984468073, 6.446017756309256441 ) ) ;
#1755 = CARTESIAN_POINT ( 'NONE',  ( 365.9201364347123899, -2.442481740516726507, 371.7300000000000182 ) ) ;
#1756 = ORIENTED_EDGE ( 'NONE', *, *, #3685, .T. ) ;
#1757 = CARTESIAN_POINT ( 'NONE',  ( 125.9874214418595102, -11.48272223751739141, 22.03261678286520819 ) ) ;
#1758 = B_SPLINE_CURVE_WITH_KNOTS ( 'NONE', 3,
 ( #1788, #4280, #6773, #3670 ),
 .UNSPECIFIED., .F., .F.,
 ( 4, 4 ),
 ( 0.000000000000000000, 1.000000000000000000 ),
 .UNSPECIFIED. ) ;
#1759 = CARTESIAN_POINT ( 'NONE',  ( 372.9518722020673636, -3.955540476309454156, 371.2299999999997340 ) ) ;
#1760 = CARTESIAN_POINT ( 'NONE',  ( 281.6884518828720161, -2.366682616719211651, 23.24999999818360408 ) ) ;
#1761 = CARTESIAN_POINT ( 'NONE',  ( 369.1755906172199957, -0.05000000000000919681, 286.4399999990918104 ) ) ;
#1762 = CARTESIAN_POINT ( 'NONE',  ( 143.0420555711195334, -11.40389026112881865, 22.03699212093333770 ) ) ;
#1763 = CARTESIAN_POINT ( 'NONE',  ( 286.4230662205035287, -3.300432010919809311, 23.24999999818084007 ) ) ;
#1764 = PERSON_AND_ORGANIZATION ( #6784, #6357 ) ;
#1765 =( BOUNDED_SURFACE ( )  B_SPLINE_SURFACE ( 3, 2, ( 
 ( #7568, #3203, #6346 ),
 ( #7046, #1363, #1978 ),
 ( #4508, #228, #3363 ),
 ( #3323, #189, #3938 ),
 ( #1402, #3893, #7085 ),
 ( #6312, #3286, #2634 ),
 ( #869, #3855, #6429 ),
 ( #4468, #271, #795 ) ),
 .UNSPECIFIED., .F., .F., .F. ) 
 B_SPLINE_SURFACE_WITH_KNOTS ( ( 4, 2, 2, 4 ),
 ( 3, 3 ),
 ( 0.008924651719563485644, 0.01142933935341645425, 0.01268168317034293856, 0.01393402698726942286 ),
 ( 0.000000000000000000, 1.000000000000000000 ),
 .UNSPECIFIED. ) 
 GEOMETRIC_REPRESENTATION_ITEM ( )  RATIONAL_B_SPLINE_SURFACE ( (
 ( 1.000000000000000000, 0.9899159350590701623, 1.000000000000000000),
 ( 1.000000000000000000, 0.9913109548163868689, 1.000000000000000000),
 ( 1.000000000000000000, 0.9927031769015967066, 1.000000000000000000),
 ( 1.000000000000000000, 0.9947922553424849434, 1.000000000000000000),
 ( 1.000000000000000000, 0.9954887315318345919, 1.000000000000000000),
 ( 1.000000000000000000, 0.9968798938721370462, 1.000000000000000000),
 ( 1.000000000000000000, 0.9975747248996197358, 1.000000000000000000),
 ( 1.000000000000000000, 0.9982662103447249580, 1.000000000000000000) ) ) 
 REPRESENTATION_ITEM ( '' )  SURFACE ( )  );
#1766 = CARTESIAN_POINT ( 'NONE',  ( 273.0102128029740811, -5.374473773577573610, 6.626023818240834196 ) ) ;
#1767 = CARTESIAN_POINT ( 'NONE',  ( 259.8759738565271391, -8.051380683095096913, 6.499999998183606742 ) ) ;
#1768 = CARTESIAN_POINT ( 'NONE',  ( 146.3449768291028477, -12.60281091288348421, 7.501588561127647381 ) ) ;
#1769 = CARTESIAN_POINT ( 'NONE',  ( 352.8600109296635878, -3.770133386834752631, 371.4178689990162070 ) ) ;
#1770 = CARTESIAN_POINT ( 'NONE',  ( 317.5699461557525751, -5.188536967406059297, 127.9100000000000250 ) ) ;
#1771 = VERTEX_POINT ( 'NONE', #7317 ) ;
#1772 = CARTESIAN_POINT ( 'NONE',  ( 281.5800000000000978, -5.559999999999991616, 6.000000000000000000 ) ) ;
#1773 = CARTESIAN_POINT ( 'NONE',  ( 167.3378950921489832, -11.83170324028797715, 6.697154560324709571 ) ) ;
#1774 = CARTESIAN_POINT ( 'NONE',  ( 284.3966227070496871, -2.452151991812562493, 23.19217039229119237 ) ) ;
#1775 = FACE_BOUND ( 'NONE', #1622, .T. ) ;
#1776 = DIRECTION ( 'NONE',  ( 0.5204099696436172984, 0.02413564249904294814, 0.8535753828787988606 ) ) ;
#1777 = CARTESIAN_POINT ( 'NONE',  ( 280.3654241947108403, -4.835594948175589103, 6.526551321447584542 ) ) ;
#1778 = CARTESIAN_POINT ( 'NONE',  ( 340.1636027076431219, -1.838017231427788944, 206.4999999981835970 ) ) ;
#1779 = CARTESIAN_POINT ( 'NONE',  ( 160.0333862347403624, -13.89381503768476023, 6.474574906041176803 ) ) ;
#1780 = CARTESIAN_POINT ( 'NONE',  ( 400.1891171449913713, -2.139767718900055904, 371.2299999999999613 ) ) ;
#1781 = CARTESIAN_POINT ( 'NONE',  ( 312.8704312779066186, -2.348458987076295301, 371.7300000000000182 ) ) ;
#1782 = VERTEX_POINT ( 'NONE', #2992 ) ;
#1783 = B_SPLINE_CURVE_WITH_KNOTS ( 'NONE', 3,
 ( #577, #5632, #3682, #51, #6176, #5557 ),
 .UNSPECIFIED., .F., .F.,
 ( 4, 2, 4 ),
 ( 0.000000000000000000, 0.0003907861653546408501, 0.0007815723307092817002 ),
 .UNSPECIFIED. ) ;
#1784 = CARTESIAN_POINT ( 'NONE',  ( 223.2392700984654539, -8.449979328879095419, 6.997812066566535094 ) ) ;
#1785 = EDGE_CURVE ( 'NONE', #4647, #1782, #2427, .T. ) ;
#1786 = EDGE_CURVE ( 'NONE', #5175, #131, #5483, .T. ) ;
#1787 = CARTESIAN_POINT ( 'NONE',  ( 113.9835316668731338, -13.84170918729117261, 6.000000000000002665 ) ) ;
#1788 = CARTESIAN_POINT ( 'NONE',  ( 163.8759738565270538, -12.61164617343620087, 6.499999998183635164 ) ) ;
#1789 = CARTESIAN_POINT ( 'NONE',  ( 144.9164037865245405, -11.55446661381961171, 22.50000000000049383 ) ) ;
#1790 = CARTESIAN_POINT ( 'NONE',  ( 282.0117287529553778, -4.062601283839137878, 6.528352121057911184 ) ) ;
#1791 = CARTESIAN_POINT ( 'NONE',  ( 283.9418940749422973, -4.243628005235000167, 23.24999999818318486 ) ) ;
#1792 = CARTESIAN_POINT ( 'NONE',  ( 324.1863906343417625, -3.354870456728035411, 338.7299999999998477 ) ) ;
#1793 = CARTESIAN_POINT ( 'NONE',  ( 344.0038886065718202, -2.951278704541897113, 371.7300000000000182 ) ) ;
#1794 = CARTESIAN_POINT ( 'NONE',  ( 144.6730064219274254, -12.59096122943497598, 20.21986267917607805 ) ) ;
#1795 = CARTESIAN_POINT ( 'NONE',  ( 282.2147887481829116, -3.846858576507098615, 6.499999998183671579 ) ) ;
#1796 = EDGE_CURVE ( 'NONE', #1250, #5304, #3605, .T. ) ;
#1797 = CARTESIAN_POINT ( 'NONE',  ( 159.8759739321952509, -12.81331996446211896, 6.500000020639289389 ) ) ;
#1798 = EDGE_LOOP ( 'NONE', ( #3678, #1823, #4656, #7842 ) ) ;
#1799 = CARTESIAN_POINT ( 'NONE',  ( 125.6117545069074311, -13.05297305455576584, 11.59999999818359484 ) ) ;
#1800 = CARTESIAN_POINT ( 'NONE',  ( 411.4860530572921107, -0.05000000000000198730, 371.2300000000000750 ) ) ;
#1801 = CARTESIAN_POINT ( 'NONE',  ( 124.0883861431375976, -12.87433606669052999, 16.59999999818357352 ) ) ;
#1802 = CARTESIAN_POINT ( 'NONE',  ( 283.1779076341443897, -2.238792292124461181, 23.24999999818360408 ) ) ;
#1803 = CARTESIAN_POINT ( 'NONE',  ( 136.1726684959309921, -12.18413349329152240, 23.97932731316814525 ) ) ;
#1804 = CARTESIAN_POINT ( 'NONE',  ( 356.6673848952351591, -0.04999999994297485428, 251.9747310712976969 ) ) ;
#1805 = CARTESIAN_POINT ( 'NONE',  ( 283.8751979809239856, -2.293808603147548641, 23.24999999818347973 ) ) ;
#1806 = CARTESIAN_POINT ( 'NONE',  ( 272.1498842256059447, -5.583310919395227501, 6.575303655331889097 ) ) ;
#1807 = CARTESIAN_POINT ( 'NONE',  ( 214.7090891479161883, -10.92574932055743986, 6.499999998183604077 ) ) ;
#1808 = CARTESIAN_POINT ( 'NONE',  ( 148.0919663427652040, -12.59094774047134457, 7.118313562432502017 ) ) ;
#1809 = B_SPLINE_CURVE_WITH_KNOTS ( 'NONE', 3,
 ( #1260, #611, #6789, #6937 ),
 .UNSPECIFIED., .F., .F.,
 ( 4, 4 ),
 ( 0.000000000000000000, 0.0005006821545244554209 ),
 .UNSPECIFIED. ) ;
#1810 = CARTESIAN_POINT ( 'NONE',  ( 140.2898142779631883, -13.22684841847202541, 22.76066106761388852 ) ) ;
#1811 = CARTESIAN_POINT ( 'NONE',  ( 402.2005181431654819, -1.996088678302052610, 371.7300000000000182 ) ) ;
#1812 = CARTESIAN_POINT ( 'NONE',  ( 410.8634606884135110, -1.256320338313335672, 371.7299999999999045 ) ) ;
#1813 = B_SPLINE_CURVE_WITH_KNOTS ( 'NONE', 3,
 ( #3931, #5851, #182, #6421, #4625, #7115, #7155, #1518, #5811, #4011 ),
 .UNSPECIFIED., .F., .F.,
 ( 4, 3, 3, 4 ),
 ( 2.775557561562891351E-17, 0.0008295580232435148483, 0.002123626265686890877, 0.002806276815816467242 ),
 .UNSPECIFIED. ) ;
#1814 = CARTESIAN_POINT ( 'NONE',  ( 132.7010331509653724, -11.24201924141209119, 22.48747055917883131 ) ) ;
#1815 = CARTESIAN_POINT ( 'NONE',  ( 274.1783641144058379, -5.769841033660282115, 6.499999998183647598 ) ) ;
#1816 = CARTESIAN_POINT ( 'NONE',  ( 333.5022814503233803, -4.649086488789820670, 339.6673601390331783 ) ) ;
#1817 = CARTESIAN_POINT ( 'NONE',  ( 279.4552486464261278, -4.368587964676623692, 7.148524235862310228 ) ) ;
#1818 = CARTESIAN_POINT ( 'NONE',  ( 274.7602655018190489, -4.993629834033747272, 21.20763550261426289 ) ) ;
#1819 = CARTESIAN_POINT ( 'NONE',  ( 284.5693985516802513, -1.348985993352601831, 23.24999999818360408 ) ) ;
#1820 = FACE_OUTER_BOUND ( 'NONE', #4572, .T. ) ;
#1821 = AXIS2_PLACEMENT_3D ( 'NONE', #4184, #6596, #6680 ) ;
#1822 = CARTESIAN_POINT ( 'NONE',  ( 312.4283502431817396, -2.246212819069131506, 371.7300000000000750 ) ) ;
#1823 = ORIENTED_EDGE ( 'NONE', *, *, #7075, .T. ) ;
#1824 = CARTESIAN_POINT ( 'NONE',  ( 230.2196912674685336, -7.915085283798280358, 7.243125179510027323 ) ) ;
#1825 = CARTESIAN_POINT ( 'NONE',  ( 343.8246177669595909, -3.745027597872897740, 371.7300000000004161 ) ) ;
#1826 = AXIS2_PLACEMENT_3D ( 'NONE', #7775, #2793, #2179 ) ;
#1827 = ORIENTED_EDGE ( 'NONE', *, *, #1785, .F. ) ;
#1828 = CARTESIAN_POINT ( 'NONE',  ( 124.0883861431375976, -12.87433606669052999, 16.59999999818357352 ) ) ;
#1829 = CARTESIAN_POINT ( 'NONE',  ( 281.3082419792280575, -3.598075153303776919, 7.497363690592267815 ) ) ;
#1830 = CARTESIAN_POINT ( 'NONE',  ( 283.0211478500879707, -4.311126967561782486, 23.24999999818453489 ) ) ;
#1831 = CARTESIAN_POINT ( 'NONE',  ( 144.5842299048257473, -12.69688390796661537, 5.999999999999992006 ) ) ;
#1832 = CARTESIAN_POINT ( 'NONE',  ( 343.8588506664831357, -0.05000000000000277139, 177.3722045733736365 ) ) ;
#1833 = CARTESIAN_POINT ( 'NONE',  ( 126.9204953570701520, -12.11509557757083044, 23.95064072437522285 ) ) ;
#1834 = EDGE_CURVE ( 'NONE', #6810, #3629, #1351, .T. ) ;
#1835 = B_SPLINE_CURVE_WITH_KNOTS ( 'NONE', 3,
 ( #3979, #7774, #2792, #7817, #121, #7733 ),
 .UNSPECIFIED., .F., .F.,
 ( 4, 2, 4 ),
 ( 0.0002387047258424244782, 0.003630004004574636286, 0.007021303283306848039 ),
 .UNSPECIFIED. ) ;
#1836 = DIRECTION ( 'NONE',  ( -0.000000000000000000, -1.000000000000000000, -0.000000000000000000 ) ) ;
#1837 = ORIENTED_EDGE ( 'NONE', *, *, #1880, .T. ) ;
#1838 = CARTESIAN_POINT ( 'NONE',  ( 284.2344746883991888, -1.997617547875485178, 23.24999999818387764 ) ) ;
#1839 = CARTESIAN_POINT ( 'NONE',  ( 289.9181388050951682, -2.850000000000000089, 53.24999837350245713 ) ) ;
#1840 = CARTESIAN_POINT ( 'NONE',  ( 140.5132500708040482, -12.62586461629204848, 23.12714000450582219 ) ) ;
#1841 = EDGE_CURVE ( 'NONE', #913, #8067, #7358, .T. ) ;
#1842 = DIRECTION ( 'NONE',  ( -0.000000000000000000, -1.000000000000000000, -0.000000000000000000 ) ) ;
#1843 = FACE_OUTER_BOUND ( 'NONE', #4352, .T. ) ;
#1844 = CARTESIAN_POINT ( 'NONE',  ( 399.8823864791102096, -0.04999999999996850714, 371.0498953603457721 ) ) ;
#1845 = CARTESIAN_POINT ( 'NONE',  ( 286.7952260715017019, 0.008874657125467044078, 20.62471561923020857 ) ) ;
#1846 = CARTESIAN_POINT ( 'NONE',  ( 261.6626585775974263, -5.928974606708594663, 7.120856815359350556 ) ) ;
#1847 = CARTESIAN_POINT ( 'NONE',  ( 124.2572503713210210, -11.11143995465128320, 22.00000000000000000 ) ) ;
#1848 = CARTESIAN_POINT ( 'NONE',  ( 132.3990083615980780, -14.06253663811035537, 6.500046230070669395 ) ) ;
#1849 = CARTESIAN_POINT ( 'NONE',  ( 399.8823864791102096, -0.04999999999996850714, 371.0498953603457721 ) ) ;
#1850 = CARTESIAN_POINT ( 'NONE',  ( 359.3278609549146267, -3.679973291604627494, 249.8200000000000500 ) ) ;
#1851 = CARTESIAN_POINT ( 'NONE',  ( 367.6498541195804819, -2.646863265806794097, 249.8200000000000216 ) ) ;
#1852 = CARTESIAN_POINT ( 'NONE',  ( 284.3103144181999937, -2.326692131956600740, 23.22198044405519468 ) ) ;
#1853 = CARTESIAN_POINT ( 'NONE',  ( 116.3562059824224519, -13.09754516650809109, 7.241705814455839274 ) ) ;
#1854 = CARTESIAN_POINT ( 'NONE',  ( 390.7454704894915949, -2.815983922257249361, 371.7300000000000182 ) ) ;
#1855 = CARTESIAN_POINT ( 'NONE',  ( 280.8417521886560735, -4.967746112255581714, 6.500053965602920591 ) ) ;
#1856 = CARTESIAN_POINT ( 'NONE',  ( 346.4892269972840495, -3.718554131717218159, 371.2299999999999613 ) ) ;
#1857 = B_SPLINE_CURVE_WITH_KNOTS ( 'NONE', 3,
 ( #2093, #994, #6593, #2173, #7810, #7159, #1565, #3484, #1605, #4059, #4015, #910, #4099, #7242, #5982, #6634, #307, #388, #2874, #2255, #1036, #3529, #7728, #2787, #6026, #4629, #5403, #4590, #3974, #6466, #4667, #866, #3360, #5855 ),
 .UNSPECIFIED., .F., .F.,
 ( 4, 2, 2, 2, 2, 2, 2, 2, 2, 2, 2, 2, 2, 2, 2, 2, 4 ),
 ( 0.000000000000000000, 0.0004885096895748473455, 0.0009770193791496946910, 0.001465529068724542036, 0.001954038758299389382, 0.002442548447874236944, 0.002931058137449079736, 0.003419567827023922962, 0.003908077516598765754, 0.004396587206173608112, 0.004885096895748452205, 0.005373606585323294563, 0.005862116274898137788, 0.006350625964472980146, 0.006839135654047824239, 0.007327645343622666597, 0.007816155033197508956 ),
 .UNSPECIFIED. ) ;
#1858 = DIRECTION ( 'NONE',  ( 0.3411499447229086046, -1.314746587259335086E-17, 0.9400088910300564704 ) ) ;
#1859 = CARTESIAN_POINT ( 'NONE',  ( 363.7591835300403886, -4.441857581066217087, 371.7300000000000182 ) ) ;
#1860 = CARTESIAN_POINT ( 'NONE',  ( 129.6886626452320286, -7.247450182463865964, 127.9099999999999966 ) ) ;
#1861 = ORIENTED_EDGE ( 'NONE', *, *, #1543, .T. ) ;
#1862 = CARTESIAN_POINT ( 'NONE',  ( 194.0688761759000158, -10.54641193101736363, 127.9099999999999113 ) ) ;
#1863 = CARTESIAN_POINT ( 'NONE',  ( 198.8227193964310402, -10.63771265196231752, 6.498759058164440994 ) ) ;
#1864 = CARTESIAN_POINT ( 'NONE',  ( 268.0250088326257583, -7.099101754991698598, 249.8200000000000500 ) ) ;
#1865 = ORIENTED_EDGE ( 'NONE', *, *, #3986, .F. ) ;
#1866 = FACE_OUTER_BOUND ( 'NONE', #5986, .T. ) ;
#1867 = CARTESIAN_POINT ( 'NONE',  ( 281.5022175071698598, -3.521460276155092384, 7.639470454004873012 ) ) ;
#1868 = CARTESIAN_POINT ( 'NONE',  ( 280.2926524632345604, -4.502290261768498780, 23.24999999819013752 ) ) ;
#1869 = CARTESIAN_POINT ( 'NONE',  ( 291.8456798060050232, -5.683750589606170855, 249.8200000000000500 ) ) ;
#1870 = CARTESIAN_POINT ( 'NONE',  ( 333.5358525833063936, -0.04999999999998798461, 147.7827276910315391 ) ) ;
#1871 = CARTESIAN_POINT ( 'NONE',  ( 283.5233170186638745, -0.4844793521373859102, 6.499999998183604966 ) ) ;
#1872 = DIRECTION ( 'NONE',  ( -0.9997951000498326302, -0.02024247801889123011, -0.000000000000000000 ) ) ;
#1873 = VERTEX_POINT ( 'NONE', #3606 ) ;
#1874 = CARTESIAN_POINT ( 'NONE',  ( 284.2026912462243899, -2.010123276360092692, 23.24999999818381369 ) ) ;
#1875 = B_SPLINE_CURVE_WITH_KNOTS ( 'NONE', 3,
 ( #4388, #3165, #498, #2323, #4208, #6702, #7964, #2368, #2511, #6845, #6882, #2550, #833 ),
 .UNSPECIFIED., .F., .F.,
 ( 4, 3, 3, 3, 4 ),
 ( 0.000000000000000000, 0.005359985182349958320, 0.01071997108776311450, 0.02143994495643741782, 0.03731532952871983305 ),
 .UNSPECIFIED. ) ;
#1876 = CARTESIAN_POINT ( 'NONE',  ( 387.5708061641897189, -1.136743694723940878, 371.7300000000000750 ) ) ;
#1877 = CARTESIAN_POINT ( 'NONE',  ( 194.0193348979378243, -9.642322597325280853, 111.2749767485577621 ) ) ;
#1878 = CARTESIAN_POINT ( 'NONE',  ( 195.3378366525981278, -9.954546986232346129, 7.504775258314498210 ) ) ;
#1879 = CARTESIAN_POINT ( 'NONE',  ( 142.1068173319708023, -11.41935113149125058, 22.03829245808515580 ) ) ;
#1880 = EDGE_CURVE ( 'NONE', #5145, #1991, #2524, .T. ) ;
#1881 = EDGE_CURVE ( 'NONE', #6719, #1998, #2814, .T. ) ;
#1882 = CARTESIAN_POINT ( 'NONE',  ( 286.7956990712801826, 0.04543975095988879442, 20.62465414435942890 ) ) ;
#1883 = CARTESIAN_POINT ( 'NONE',  ( 346.0424066349586951, -3.141394751478553626, 371.2299891850030349 ) ) ;
#1884 = CARTESIAN_POINT ( 'NONE',  ( 268.6179085884169240, -5.440560496580332916, 7.005221711448578858 ) ) ;
#1885 = CARTESIAN_POINT ( 'NONE',  ( 207.6039156007535098, -8.055940100414900940, 127.9099999999999966 ) ) ;
#1886 = CARTESIAN_POINT ( 'NONE',  ( 134.1289554754799838, -13.02125847482605536, 7.353833580988564655 ) ) ;
#1887 = CARTESIAN_POINT ( 'NONE',  ( 130.2683646505760464, -13.89902949193115944, 6.323499595560863717 ) ) ;
#1888 = CARTESIAN_POINT ( 'NONE',  ( 338.8245525125481095, -5.096704810340090930, 249.8200000000000216 ) ) ;
#1889 = CARTESIAN_POINT ( 'NONE',  ( 326.0725545382042014, -2.377435901887105629, 127.9100000000001671 ) ) ;
#1890 = CARTESIAN_POINT ( 'NONE',  ( 342.3329784403998133, -4.050471659738454910, 354.5427894843624017 ) ) ;
#1891 = EDGE_CURVE ( 'NONE', #3819, #1329, #674, .T. ) ;
#1892 = CARTESIAN_POINT ( 'NONE',  ( 116.0601859106568838, -13.36226029005977090, 6.773507724101401450 ) ) ;
#1893 = CARTESIAN_POINT ( 'NONE',  ( 390.7454704894915949, -2.815983922257249361, 371.2299999387094545 ) ) ;
#1894 = CARTESIAN_POINT ( 'NONE',  ( 277.3934782393457112, -4.716078936348691464, 6.887080870412073175 ) ) ;
#1895 = CARTESIAN_POINT ( 'NONE',  ( 295.8307147811979121, -4.239134846976087445, 84.33198850925325019 ) ) ;
#1896 = CARTESIAN_POINT ( 'NONE',  ( 401.2274293485343719, -2.062503894961909001, 371.2300000000000182 ) ) ;
#1897 = CARTESIAN_POINT ( 'NONE',  ( 318.9307881693833906, -3.480717134741588836, 371.7299999999999045 ) ) ;
#1898 = EDGE_LOOP ( 'NONE', ( #7066, #7567, #5957, #3919, #7588 ) ) ;
#1899 = CARTESIAN_POINT ( 'NONE',  ( 352.3073513545198239, -3.579427544357211222, 371.7299999999999613 ) ) ;
#1900 = CARTESIAN_POINT ( 'NONE',  ( 212.7508997813819178, -8.959510517923840567, 7.506462349220723418 ) ) ;
#1901 = CARTESIAN_POINT ( 'NONE',  ( 140.5663348260164582, -12.69875000828043277, 23.21420951296750346 ) ) ;
#1902 = CARTESIAN_POINT ( 'NONE',  ( 332.5781388050951364, -2.860467191248591945, 173.2499941109628310 ) ) ;
#1903 = CARTESIAN_POINT ( 'NONE',  ( 328.9401130268126963, -2.764693508128564403, 312.5909240733706156 ) ) ;
#1904 = CARTESIAN_POINT ( 'NONE',  ( 281.4300337982385258, -4.521089325312541263, 6.498538093984984165 ) ) ;
#1905 = CARTESIAN_POINT ( 'NONE',  ( 278.4414238788606326, -4.671481238991472829, 23.24999999817728025 ) ) ;
#1906 = CARTESIAN_POINT ( 'NONE',  ( 221.1839216385835130, -9.008805340341327295, 127.9099999999999682 ) ) ;
#1907 = CARTESIAN_POINT ( 'NONE',  ( 352.4612899747544361, -0.05000000000000778128, 202.0301225917238810 ) ) ;
#1908 = CARTESIAN_POINT ( 'NONE',  ( 345.2583032187750973, -2.204437299126492888, 339.2299999999999613 ) ) ;
#1909 = CARTESIAN_POINT ( 'NONE',  ( 330.9793434947919764, -4.539180151263423113, 339.1066753373922893 ) ) ;
#1910 = VERTEX_POINT ( 'NONE', #6793 ) ;
#1911 = CARTESIAN_POINT ( 'NONE',  ( 283.6494612809304954, -2.163960421047447014, 23.24999999818359342 ) ) ;
#1912 = FACE_OUTER_BOUND ( 'NONE', #7923, .T. ) ;
#1913 = CARTESIAN_POINT ( 'NONE',  ( 326.6184448442850226, -4.579904965933170757, 339.8015154300453560 ) ) ;
#1914 = CARTESIAN_POINT ( 'NONE',  ( 276.2288098148407016, -4.597358665974426550, 7.512768984226601887 ) ) ;
#1915 = EDGE_LOOP ( 'NONE', ( #6704, #348, #563, #5306 ) ) ;
#1916 = CARTESIAN_POINT ( 'NONE',  ( 163.8472754714448740, -12.11293577908840113, 6.623030311247771529 ) ) ;
#1917 = CARTESIAN_POINT ( 'NONE',  ( 268.4925478412642974, -6.396457748663855192, 233.0385261560756760 ) ) ;
#1918 = CARTESIAN_POINT ( 'NONE',  ( 285.8810107987320066, -2.918803363339301349, 20.73940272765927162 ) ) ;
#1919 = CARTESIAN_POINT ( 'NONE',  ( 302.2140313416767299, -3.987628890911885549, 101.9206258920298751 ) ) ;
#1920 = CARTESIAN_POINT ( 'NONE',  ( 263.4094492448893448, -5.867809593513533706, 6.999096469695499145 ) ) ;
#1921 = CARTESIAN_POINT ( 'NONE',  ( 276.8535947423041534, -4.880103752685855056, 233.8199999999999932 ) ) ;
#1922 = CARTESIAN_POINT ( 'NONE',  ( 139.3722425256157749, -12.97485384256174079, 7.108132132955426563 ) ) ;
#1923 = CARTESIAN_POINT ( 'NONE',  ( 399.6104117055496658, -0.08417582102638221375, 371.0325224452980137 ) ) ;
#1924 = CARTESIAN_POINT ( 'NONE',  ( 345.6693434958604598, -1.984816330817995800, 339.4156747443634004 ) ) ;
#1925 = EDGE_CURVE ( 'NONE', #4929, #996, #1952, .T. ) ;
#1926 = CARTESIAN_POINT ( 'NONE',  ( 160.3759738565269970, -13.87621618035439752, 5.999999998183607630 ) ) ;
#1927 = CARTESIAN_POINT ( 'NONE',  ( 125.9421941164643783, -12.90545255210365383, 16.58343975673578896 ) ) ;
#1928 = CARTESIAN_POINT ( 'NONE',  ( 115.9082460250446047, -13.76832724180476930, 6.533193059396327662 ) ) ;
#1929 = CARTESIAN_POINT ( 'NONE',  ( 124.1383558297404477, -12.74036417875673521, 19.55028906569917524 ) ) ;
#1930 = CARTESIAN_POINT ( 'NONE',  ( 276.9669800450723187, -4.933607356113211218, 6.699135832372817845 ) ) ;
#1931 = CARTESIAN_POINT ( 'NONE',  ( 273.2146846178803230, -4.733930076441660972, 22.02836110554663307 ) ) ;
#1932 = B_SPLINE_CURVE_WITH_KNOTS ( 'NONE', 3,
 ( #5979, #4097, #7933, #4709, #1643, #4220, #7240, #6024 ),
 .UNSPECIFIED., .F., .F.,
 ( 4, 2, 2, 4 ),
 ( 0.000000000000000000, 0.008200838231889426289, 0.01230125734783413943, 0.01640167646377885258 ),
 .UNSPECIFIED. ) ;
#1933 = CARTESIAN_POINT ( 'NONE',  ( 364.7595479375319769, -4.393627464569840768, 371.2299999999999613 ) ) ;
#1934 = CARTESIAN_POINT ( 'NONE',  ( 334.5944820448465293, -4.953906745758733798, 371.7300000000001887 ) ) ;
#1935 = EDGE_CURVE ( 'NONE', #6000, #3285, #6739, .T. ) ;
#1936 = ORIENTED_EDGE ( 'NONE', *, *, #3881, .T. ) ;
#1937 = AXIS2_PLACEMENT_3D ( 'NONE', #6920, #5078, #5777 ) ;
#1938 = CARTESIAN_POINT ( 'NONE',  ( 277.8167136650683915, -7.029282097473755542, 249.8200000000000216 ) ) ;
#1939 = CARTESIAN_POINT ( 'NONE',  ( 195.2790023838993534, -9.957230398697365814, 7.372660145918979779 ) ) ;
#1940 = CARTESIAN_POINT ( 'NONE',  ( 273.6552900234852927, -3.310814595496268886, 23.24215220188184716 ) ) ;
#1941 = ORIENTED_EDGE ( 'NONE', *, *, #7618, .T. ) ;
#1942 = CARTESIAN_POINT ( 'NONE',  ( 254.3068458233284161, -7.487630365637055085, 193.5284994353678201 ) ) ;
#1943 = CARTESIAN_POINT ( 'NONE',  ( 281.2455233652958668, -4.159854846458925337, 6.645232613299058677 ) ) ;
#1944 = CARTESIAN_POINT ( 'NONE',  ( 276.7657460386347452, -4.836788664762218914, 23.24999999818339091 ) ) ;
#1945 = VECTOR ( 'NONE', #997, 1000.000000000000000 ) ;
#1946 = CARTESIAN_POINT ( 'NONE',  ( 130.8490736741414651, -13.11176737065827247, 6.000000000000007105 ) ) ;
#1947 = CARTESIAN_POINT ( 'NONE',  ( 404.0734332461850045, -0.04999999999999441697, 349.9785002544472263 ) ) ;
#1948 = CARTESIAN_POINT ( 'NONE',  ( 390.7454704894915949, -2.815983922258062044, 371.7300000000000182 ) ) ;
#1949 = AXIS2_PLACEMENT_3D ( 'NONE', #1045, #6762, #3535 ) ;
#1950 = CARTESIAN_POINT ( 'NONE',  ( 278.1206742833720682, -4.662892709160405325, 21.21103613886873163 ) ) ;
#1951 = ORIENTED_EDGE ( 'NONE', *, *, #1834, .T. ) ;
#1952 = B_SPLINE_CURVE_WITH_KNOTS ( 'NONE', 3,
 ( #3070, #4173, #5559, #2331 ),
 .UNSPECIFIED., .F., .F.,
 ( 4, 4 ),
 ( 5.564820138878016293E-17, 6.732140014477271876E-05 ),
 .UNSPECIFIED. ) ;
#1953 = CARTESIAN_POINT ( 'NONE',  ( 283.2801308830916014, -2.226429878588574773, 23.24999999818358631 ) ) ;
#1954 = CARTESIAN_POINT ( 'NONE',  ( 401.2475847425540110, 0.02847397844425371069, 371.7299999999999613 ) ) ;
#1955 = CARTESIAN_POINT ( 'NONE',  ( 285.7651458660790809, -3.083537747942443286, 20.75411338965829700 ) ) ;
#1956 = CARTESIAN_POINT ( 'NONE',  ( 279.8552961331315601, -4.211687616244875088, 7.569320803368053241 ) ) ;
#1957 = EDGE_LOOP ( 'NONE', ( #1662, #3090, #2522, #4689 ) ) ;
#1958 = LINE ( 'NONE', #1344, #2723 ) ;
#1959 = CARTESIAN_POINT ( 'NONE',  ( 140.9733807818981575, -12.31048449571224879, 23.88184546905607064 ) ) ;
#1960 = CARTESIAN_POINT ( 'NONE',  ( 286.7953550717962230, 0.01884695543736971193, 20.62469885316659557 ) ) ;
#1961 = SPHERICAL_SURFACE ( 'NONE', #7800, 0.5000000000000000000 ) ;
#1962 = CARTESIAN_POINT ( 'NONE',  ( 266.9362827760278378, -6.211769719342937535, 6.524358681895917833 ) ) ;
#1963 = CARTESIAN_POINT ( 'NONE',  ( 332.3739226999579159, -3.426058352592089573, 338.3279600370929643 ) ) ;
#1964 = CARTESIAN_POINT ( 'NONE',  ( 135.8936054576717822, -13.72583457705588827, 6.523415543882540746 ) ) ;
#1965 = B_SPLINE_CURVE_WITH_KNOTS ( 'NONE', 3,
 ( #1385, #3223, #7672, #3305, #7627, #3959, #5841, #693, #2078, #4489 ),
 .UNSPECIFIED., .F., .F.,
 ( 4, 2, 2, 2, 4 ),
 ( 1.844036349440735311E-17, 0.0002505777258966934316, 0.0005011554517933684318, 0.0007517331776900434319, 0.001002310903586718432 ),
 .UNSPECIFIED. ) ;
#1966 = CARTESIAN_POINT ( 'NONE',  ( 139.5489368696697738, -13.66927954248487787, 21.54547543640193297 ) ) ;
#1967 = CARTESIAN_POINT ( 'NONE',  ( 274.2702598478056188, -6.828585459901828969, 5.999999999999996447 ) ) ;
#1968 = CARTESIAN_POINT ( 'NONE',  ( 365.7454704895042141, -4.344293367408164741, 371.2299999999999613 ) ) ;
#1969 = CARTESIAN_POINT ( 'NONE',  ( 128.0319781379760116, -12.96203129612011473, 14.74747770024043803 ) ) ;
#1970 = FACE_OUTER_BOUND ( 'NONE', #4032, .T. ) ;
#1971 = FACE_OUTER_BOUND ( 'NONE', #686, .T. ) ;
#1972 = CARTESIAN_POINT ( 'NONE',  ( 277.3815229638071855, -4.541597022800740291, 7.245365891326774666 ) ) ;
#1973 = EDGE_CURVE ( 'NONE', #4592, #7771, #3417, .T. ) ;
#1974 = CARTESIAN_POINT ( 'NONE',  ( 394.5676607531556783, -0.06870269436433606991, 356.3855948304830576 ) ) ;
#1975 = CARTESIAN_POINT ( 'NONE',  ( 402.0146939278303080, 0.08587125303233399121, 371.7299999999997908 ) ) ;
#1976 = CARTESIAN_POINT ( 'NONE',  ( 249.8448806446236006, -7.916979130052864022, 249.8200000000000216 ) ) ;
#1977 = ORIENTED_EDGE ( 'NONE', *, *, #1579, .T. ) ;
#1978 = CARTESIAN_POINT ( 'NONE',  ( 397.9960599351929886, -0.1569862882711036689, 367.3649153071658020 ) ) ;
#1979 = CARTESIAN_POINT ( 'NONE',  ( 195.3004853455462921, -10.34555927002419118, 6.697952120444294444 ) ) ;
#1980 = DIRECTION ( 'NONE',  ( 0.5204098263482903608, 0.02414704163492883970, 0.8535751478460602559 ) ) ;
#1981 = CARTESIAN_POINT ( 'NONE',  ( 395.6520809609369849, -0.4347523286491684069, 371.1729304867535006 ) ) ;
#1982 = CARTESIAN_POINT ( 'NONE',  ( 229.2397058126870775, -8.677851752421133824, 153.9148507009074365 ) ) ;
#1983 = CARTESIAN_POINT ( 'NONE',  ( 281.1056653153087836, -3.886040791639219005, 6.947754215521302790 ) ) ;
#1984 = ADVANCED_FACE ( 'NONE', ( #1843 ), #19, .T. ) ;
#1985 = CARTESIAN_POINT ( 'NONE',  ( 276.9579531740026255, -4.817601717382630433, 23.24999999818302499 ) ) ;
#1986 = CARTESIAN_POINT ( 'NONE',  ( 330.1116954215835904, -2.639853631434734282, 371.7300000000001887 ) ) ;
#1987 = CARTESIAN_POINT ( 'NONE',  ( 130.4139662885674227, -13.88524145411141930, 6.948302592131934574 ) ) ;
#1988 = CARTESIAN_POINT ( 'NONE',  ( 332.5028161280296786, -2.214485538761754579, 339.2240978397562685 ) ) ;
#1989 = ORIENTED_EDGE ( 'NONE', *, *, #7761, .F. ) ;
#1990 = CARTESIAN_POINT ( 'NONE',  ( 280.0848362311599544, -4.489288875263376610, 21.21996801166526581 ) ) ;
#1991 = VERTEX_POINT ( 'NONE', #3268 ) ;
#1992 = CARTESIAN_POINT ( 'NONE',  ( 124.0883861431375976, -43.07938103743692437, 16.59999999818357708 ) ) ;
#1993 = CARTESIAN_POINT ( 'NONE',  ( 284.8540843121716648, -1.693227147444462899, 23.24999999818361829 ) ) ;
#1994 = CARTESIAN_POINT ( 'NONE',  ( 400.9516347321729768, 0.006435591796055188836, 371.7299999999999613 ) ) ;
#1995 = CARTESIAN_POINT ( 'NONE',  ( 285.3103126061300259, -3.620462770468208635, 20.81176084236912871 ) ) ;
#1996 = B_SPLINE_CURVE_WITH_KNOTS ( 'NONE', 3,
 ( #3887, #825, #2702, #4542 ),
 .UNSPECIFIED., .F., .F.,
 ( 4, 4 ),
 ( 0.000000000000000000, 0.0003310721683097414330 ),
 .UNSPECIFIED. ) ;
#1997 = CARTESIAN_POINT ( 'NONE',  ( 275.0094008379762727, -2.959226827489659595, 23.24999999818360763 ) ) ;
#1998 = VERTEX_POINT ( 'NONE', #6368 ) ;
#1999 = CARTESIAN_POINT ( 'NONE',  ( 273.6019240630093918, -3.644050717324501143, 23.17517803847670166 ) ) ;
#2000 = PLANE ( 'NONE',  #5469 ) ;
#2001 = CARTESIAN_POINT ( 'NONE',  ( 286.7974190417505724, 0.1784037290997911585, 20.62443061475447337 ) ) ;
#2002 = CARTESIAN_POINT ( 'NONE',  ( 270.4623901051447206, -5.363867804516073257, 19.82656248379417363 ) ) ;
#2003 = CARTESIAN_POINT ( 'NONE',  ( 265.1671117020978841, -6.006333808344645142, 6.700020220139450089 ) ) ;
#2004 = CARTESIAN_POINT ( 'NONE',  ( 181.7433179571507083, -12.78604714094704775, 6.499999998183595196 ) ) ;
#2005 = CARTESIAN_POINT ( 'NONE',  ( 130.6397510099951660, -13.58989196916752462, 6.620134044839464771 ) ) ;
#2006 = CARTESIAN_POINT ( 'NONE',  ( 347.6023168912708456, -3.093582965847384791, 339.3609474551914786 ) ) ;
#2007 = CARTESIAN_POINT ( 'NONE',  ( 353.3764752751588958, -4.853061989365118123, 371.2300000000001887 ) ) ;
#2008 = DIRECTION ( 'NONE',  ( -0.9401066464872445128, 0.000000000000000000, 0.3408804676576628334 ) ) ;
#2009 = CARTESIAN_POINT ( 'NONE',  ( 345.0569450590809311, -1.713290327997770035, 338.9483252666871635 ) ) ;
#2010 = CARTESIAN_POINT ( 'NONE',  ( 280.8890813714933188, -3.834599195384630566, 7.639235078910036059 ) ) ;
#2011 = CARTESIAN_POINT ( 'NONE',  ( 278.3202167764939077, -5.330369631870754077, 6.498741526894273868 ) ) ;
#2012 = CARTESIAN_POINT ( 'NONE',  ( 381.2728500211915161, -0.1126943556078838088, 319.7456195052560588 ) ) ;
#2013 = CARTESIAN_POINT ( 'NONE',  ( 362.7454704894916517, -4.488564762862295332, 371.7300000000000182 ) ) ;
#2014 = CARTESIAN_POINT ( 'NONE',  ( 331.4400234350058554, -4.815569530023459777, 371.7300000000000750 ) ) ;
#2015 = ORIENTED_EDGE ( 'NONE', *, *, #5232, .T. ) ;
#2016 = CARTESIAN_POINT ( 'NONE',  ( 159.8759738565254906, -13.90206711046382715, 6.499999998183606742 ) ) ;
#2017 = CARTESIAN_POINT ( 'NONE',  ( 195.2790371296488559, -9.957859328210455274, 7.504768035564889139 ) ) ;
#2018 = CARTESIAN_POINT ( 'NONE',  ( 259.8759738565270254, -6.967193487159883070, 6.499999998183620065 ) ) ;
#2019 = CARTESIAN_POINT ( 'NONE',  ( 400.1599388657996315, -0.1412536434073893843, 371.2095790485273028 ) ) ;
#2020 = CARTESIAN_POINT ( 'NONE',  ( 399.8121150009937992, -0.07192666136228477447, 371.0908614646118053 ) ) ;
#2021 = CARTESIAN_POINT ( 'NONE',  ( 281.1455676034158842, -4.078256506361946698, 6.732245065790380956 ) ) ;
#2022 = CARTESIAN_POINT ( 'NONE',  ( 284.1208721827152885, -4.105827033319073394, 21.13607445238263693 ) ) ;
#2023 = CARTESIAN_POINT ( 'NONE',  ( 156.9448175993776715, -8.521202779322488041, 127.9100000000000819 ) ) ;
#2024 = CARTESIAN_POINT ( 'NONE',  ( 332.5781388050951364, -2.860467191248591945, 173.2499941109628310 ) ) ;
#2025 = CARTESIAN_POINT ( 'NONE',  ( 345.2490021215730849, -2.004506224199804176, 339.6881932505716009 ) ) ;
#2026 = ORIENTED_EDGE ( 'NONE', *, *, #7564, .T. ) ;
#2027 = EDGE_CURVE ( 'NONE', #913, #1300, #2347, .T. ) ;
#2028 = CARTESIAN_POINT ( 'NONE',  ( 278.9837251124276349, -4.582450077904814734, 21.21425054608704741 ) ) ;
#2029 = ORIENTED_EDGE ( 'NONE', *, *, #7564, .F. ) ;
#2030 = DIRECTION ( 'NONE',  ( -0.9999956777709615441, 0.002940142750827898742, -6.307400109312708273E-10 ) ) ;
#2031 = CARTESIAN_POINT ( 'NONE',  ( 276.5932218636498874, -2.801636344211309915, 23.24999999818365382 ) ) ;
#2032 = CARTESIAN_POINT ( 'NONE',  ( 272.2166021633133255, -4.920935645639291423, 6.000000000000012434 ) ) ;
#2033 = CARTESIAN_POINT ( 'NONE',  ( 286.4578792833875127, -1.801145743496584295, 20.66813540135147775 ) ) ;
#2034 = CARTESIAN_POINT ( 'NONE',  ( 276.2949562671412309, -2.831103461441766722, 23.24999999818359697 ) ) ;
#2035 = EDGE_LOOP ( 'NONE', ( #1008, #729, #5629, #164 ) ) ;
#2036 = EDGE_CURVE ( 'NONE', #5297, #2095, #7940, .T. ) ;
#2037 = LINE ( 'NONE', #4407, #7427 ) ;
#2038 = ORIENTED_EDGE ( 'NONE', *, *, #1533, .F. ) ;
#2039 = CARTESIAN_POINT ( 'NONE',  ( 281.9052329702281554, -3.397723631614591788, 7.076314897410878935 ) ) ;
#2040 = CARTESIAN_POINT ( 'NONE',  ( 350.5543150247866038, -2.869353570400168252, 371.0275594214818966 ) ) ;
#2041 = CARTESIAN_POINT ( 'NONE',  ( 252.9242676181338538, -6.481573888627659485, 7.122051732699253179 ) ) ;
#2042 = CARTESIAN_POINT ( 'NONE',  ( 332.0813789076721037, -3.440427939755779985, 337.7209990922212342 ) ) ;
#2043 = CARTESIAN_POINT ( 'NONE',  ( 128.8825720143861986, -13.11248519482892405, 7.480826482071475603 ) ) ;
#2044 = CARTESIAN_POINT ( 'NONE',  ( 347.4852309937693917, -3.100123963586997711, 339.9631588559959141 ) ) ;
#2045 = CARTESIAN_POINT ( 'NONE',  ( 358.5194923522959130, -4.671244293104707346, 371.2299999999998477 ) ) ;
#2046 = CARTESIAN_POINT ( 'NONE',  ( 261.5993857190630365, -6.861265209478286664, 5.999999998183607630 ) ) ;
#2047 = CARTESIAN_POINT ( 'NONE',  ( 284.2797916231484123, -1.833753239222676079, 23.24999999818388829 ) ) ;
#2048 = CARTESIAN_POINT ( 'NONE',  ( 163.8759738565270538, -12.61164617343620087, 6.499999998183635164 ) ) ;
#2049 = CARTESIAN_POINT ( 'NONE',  ( 277.8177164648415669, -4.486212475440455094, 7.379329300138484982 ) ) ;
#2050 = CARTESIAN_POINT ( 'NONE',  ( 364.3581091767651401, -0.4060512279353672982, 273.1111964542439523 ) ) ;
#2051 = CARTESIAN_POINT ( 'NONE',  ( 155.0703107777599428, -12.08426506970074144, 7.376032930244722507 ) ) ;
#2052 = CARTESIAN_POINT ( 'NONE',  ( 322.1104299110355669, 0.03749617195207985421, 127.9100000000000250 ) ) ;
#2053 = CARTESIAN_POINT ( 'NONE',  ( 337.9303183697450663, -5.031554911661387131, 371.7300000000001319 ) ) ;
#2054 = VERTEX_POINT ( 'NONE', #1265 ) ;
#2055 = CARTESIAN_POINT ( 'NONE',  ( 260.9811517943763874, -7.983225243403233584, 5.999999998183607630 ) ) ;
#2056 = CARTESIAN_POINT ( 'NONE',  ( 174.3608971690688918, -12.10097557174914940, 6.500047409434293044 ) ) ;
#2057 = CARTESIAN_POINT ( 'NONE',  ( 140.9733807818981575, -12.31048449571224879, 23.88184546905607064 ) ) ;
#2058 = CARTESIAN_POINT ( 'NONE',  ( 397.9027544019963898, -0.2345984308699962662, 371.1361514009129223 ) ) ;
#2059 = CARTESIAN_POINT ( 'NONE',  ( 326.8005423993662930, -4.589046839752424667, 340.0895287631904012 ) ) ;
#2060 = CARTESIAN_POINT ( 'NONE',  ( 281.1993067582557160, -4.183467008465225234, 6.645229633753348075 ) ) ;
#2061 = CARTESIAN_POINT ( 'NONE',  ( 283.7389372745494711, -4.178963974870731235, 21.17047181318615046 ) ) ;
#2062 = CARTESIAN_POINT ( 'NONE',  ( 176.2188246499218849, -9.192019304753767273, 127.9100000000000534 ) ) ;
#2063 = CARTESIAN_POINT ( 'NONE',  ( 274.4537845408334533, -6.821319191978767016, 6.499999998183601413 ) ) ;
#2064 = CARTESIAN_POINT ( 'NONE',  ( 338.8665190762994825, -1.989274078702544246, 339.5592210803748685 ) ) ;
#2065 = ORIENTED_EDGE ( 'NONE', *, *, #2829, .F. ) ;
#2066 = CARTESIAN_POINT ( 'NONE',  ( 237.2367658189531312, -7.949816712372579808, 6.624146686228691294 ) ) ;
#2067 = CARTESIAN_POINT ( 'NONE',  ( 278.0901354283883506, -4.665772161789576877, 21.21094221802096413 ) ) ;
#2068 = AXIS2_PLACEMENT_3D ( 'NONE', #495, #4041, #7266 ) ;
#2069 = ORIENTED_EDGE ( 'NONE', *, *, #7761, .T. ) ;
#2070 = LINE ( 'NONE', #546, #6653 ) ;
#2071 = CARTESIAN_POINT ( 'NONE',  ( 282.8777454967406015, -2.272933031802770731, 23.24999999818371066 ) ) ;
#2072 = ADVANCED_FACE ( 'NONE', ( #6295 ), #2000, .F. ) ;
#2073 = CARTESIAN_POINT ( 'NONE',  ( 280.3485272896697893, -3.851892572666048231, 6.000000000000000000 ) ) ;
#2074 = FACE_OUTER_BOUND ( 'NONE', #4856, .T. ) ;
#2075 = TOROIDAL_SURFACE ( 'NONE', #7681, 2.239792913342995018, 0.2000000000000000111 ) ;
#2076 = CARTESIAN_POINT ( 'NONE',  ( 260.3759738565270254, -8.020603716006320383, 5.999999998183607630 ) ) ;
#2077 = EDGE_LOOP ( 'NONE', ( #1246, #4488, #6654, #2175, #1508 ) ) ;
#2078 = CARTESIAN_POINT ( 'NONE',  ( 119.5779241191744688, -12.97636592173689962, 11.59999999818353977 ) ) ;
#2079 = ORIENTED_EDGE ( 'NONE', *, *, #4423, .T. ) ;
#2080 = CARTESIAN_POINT ( 'NONE',  ( 330.5414670318041317, -3.886928580953127543, 311.6111423318359357 ) ) ;
#2081 = DIRECTION ( 'NONE',  ( 0.000000000000000000, 0.000000000000000000, -1.000000000000000000 ) ) ;
#2082 = CONICAL_SURFACE ( 'NONE', #7689, 2.050000000000023803, 0.05235987755983000091 ) ;
#2083 = CARTESIAN_POINT ( 'NONE',  ( 256.4356981008571097, -6.471610085372976329, 6.792373468417596705 ) ) ;
#2085 = EDGE_CURVE ( 'NONE', #5504, #7938, #7501, .T. ) ;
#2084 = CARTESIAN_POINT ( 'NONE',  ( 332.2495862675933722, -3.236863648227927825, 337.6126920261962709 ) ) ;
#2086 = CARTESIAN_POINT ( 'NONE',  ( 125.3869162301948990, -13.28835160097513679, 6.980667739943203109 ) ) ;
#2087 = CARTESIAN_POINT ( 'NONE',  ( 409.2154632479650900, -1.458826199907369281, 371.7300000000001319 ) ) ;
#2088 = DIRECTION ( 'NONE',  ( -0.01989512619166025620, 0.9998020723892394601, 0.000000000000000000 ) ) ;
#2089 = CARTESIAN_POINT ( 'NONE',  ( 277.0141445361401793, -4.888843542158994637, 231.3663986407055688 ) ) ;
#2090 = CARTESIAN_POINT ( 'NONE',  ( 276.0546151738933531, -4.684618062869219557, 7.124262297792696152 ) ) ;
#2091 = CARTESIAN_POINT ( 'NONE',  ( 273.4363983730239056, -0.4750596951845418303, 22.63918493978721003 ) ) ;
#2092 = CARTESIAN_POINT ( 'NONE',  ( 160.3385887694720395, -12.08175575300178650, 6.790486103988146560 ) ) ;
#2093 = CARTESIAN_POINT ( 'NONE',  ( 125.6117545069074311, -13.68860880958751736, 16.59999999818359484 ) ) ;
#2094 = CARTESIAN_POINT ( 'NONE',  ( 349.0541988531562083, -4.962691745594112191, 371.7300000000003024 ) ) ;
#2095 = VERTEX_POINT ( 'NONE', #5637 ) ;
#2096 = CARTESIAN_POINT ( 'NONE',  ( 144.6373859969880584, -11.06008289427353652, 22.49165654645824119 ) ) ;
#2097 = CARTESIAN_POINT ( 'NONE',  ( 188.2927731173964503, -10.41645918139270499, 7.118133242887347834 ) ) ;
#2098 = CARTESIAN_POINT ( 'NONE',  ( 312.2440153833517797, -3.541648627822292283, 286.1972883577038260 ) ) ;
#2099 = CARTESIAN_POINT ( 'NONE',  ( 362.7454704894917086, -2.596278760377979999, 371.7300000000000182 ) ) ;
#2100 = CARTESIAN_POINT ( 'NONE',  ( 125.4698723339296720, -13.46986883871283780, 21.65627289584416815 ) ) ;
#2101 = CARTESIAN_POINT ( 'NONE',  ( 263.7253028209922832, -6.719537876890466777, 6.500000041270943107 ) ) ;
#2102 = CARTESIAN_POINT ( 'NONE',  ( 281.1598002009695847, -4.498040602364962837, 6.528221032380808531 ) ) ;
#2103 = CARTESIAN_POINT ( 'NONE',  ( 275.1043862378242579, -5.003021505292148952, 23.24999999819319996 ) ) ;
#2104 = CARTESIAN_POINT ( 'NONE',  ( 86.85932500949303403, -12.03591907016384432, 6.000000000000000000 ) ) ;
#2105 = CARTESIAN_POINT ( 'NONE',  ( 330.6522607071801758, -3.724516469276437647, 341.5376900983534938 ) ) ;
#2106 = EDGE_LOOP ( 'NONE', ( #1951, #1108, #5254, #2385, #5507, #2812 ) ) ;
#2107 = CARTESIAN_POINT ( 'NONE',  ( 237.2051919190739682, -7.451261035435919666, 7.508282735856631085 ) ) ;
#2108 = CARTESIAN_POINT ( 'NONE',  ( 146.7835953948959684, -12.52131801570103775, 21.12246991985881550 ) ) ;
#2109 = ORIENTED_EDGE ( 'NONE', *, *, #350, .F. ) ;
#2110 = CARTESIAN_POINT ( 'NONE',  ( 366.3562351267200938, -1.465797715483905916, 283.8022378262640473 ) ) ;
#2111 = CARTESIAN_POINT ( 'NONE',  ( 274.9012692127137143, -2.970033114674412555, 23.24999999818356500 ) ) ;
#2112 = CARTESIAN_POINT ( 'NONE',  ( 320.0553181752559340, -2.784908543990922691, 127.9099999999999966 ) ) ;
#2113 = CARTESIAN_POINT ( 'NONE',  ( 286.7942047811385464, -0.05000981429671453454, 20.62493881542693686 ) ) ;
#2114 = CARTESIAN_POINT ( 'NONE',  ( 400.0154592092316079, -0.05002779778572763458, 371.1469648929748928 ) ) ;
#2115 = CARTESIAN_POINT ( 'NONE',  ( 345.2350675899082830, -1.704977487556001980, 339.2299533402286329 ) ) ;
#2116 = ORIENTED_EDGE ( 'NONE', *, *, #5270, .F. ) ;
#2117 = B_SPLINE_CURVE_WITH_KNOTS ( 'NONE', 3,
 ( #1125, #5453, #6153, #6190, #1165, #589, #4843, #7369, #3045, #6111, #5533, #7445, #1852, #3080, #8019, #4227, #5568, #1084, #1774, #3575, #6682, #2388, #7900, #2425, #8056, #2466, #4883, #4956, #5496, #2302, #4917, #1201, #4344, #7942, #3658, #6802, #7290, #1044, #4309, #3534 ),
 .UNSPECIFIED., .F., .F.,
 ( 4, 2, 2, 2, 2, 2, 2, 1, 2, 2, 2, 1, 2, 2, 2, 2, 1, 1, 2, 2, 2, 4 ),
 ( 0.000000000000000000, 0.03125000000002049055, 0.04687500000001728478, 0.06250000000001408595, 0.07812500000001088019, 0.09375000000000767442, 0.1093750000000044825, 0.1171874999999903133, 0.1210937499999941575, 0.1249999999999980155, 0.1875000000000774103, 0.2187500000001168510, 0.2343750000001237899, 0.2500000000001307288, 0.3750000000002108869, 0.4375000000002613465, 0.4687500000002874923, 0.4843750000002996492, 0.4921875000003057554, 0.5000000000003117506, 0.7500000000001558753, 1.000000000000000000 ),
 .UNSPECIFIED. ) ;
#2118 = CARTESIAN_POINT ( 'NONE',  ( 273.0884550432636502, -4.473845931296251521, 22.75270311591900807 ) ) ;
#2119 = ORIENTED_EDGE ( 'NONE', *, *, #547, .T. ) ;
#2120 = CARTESIAN_POINT ( 'NONE',  ( 308.2018447859959451, -3.829828025893097010, 123.7786443128499485 ) ) ;
#2121 = CARTESIAN_POINT ( 'NONE',  ( 298.5990092148857116, -43.07938103743692437, 371.2300000000000182 ) ) ;
#2122 = CARTESIAN_POINT ( 'NONE',  ( 258.1969035955194727, -6.567124094278060653, 6.623996286750064577 ) ) ;
#2123 = CARTESIAN_POINT ( 'NONE',  ( 125.3856429703439943, -13.15298719372329295, 7.477577828484155198 ) ) ;
#2124 = CARTESIAN_POINT ( 'NONE',  ( 280.8891169108819099, -3.834581044818868634, 7.639235092553800399 ) ) ;
#2125 = ADVANCED_FACE ( 'NONE', ( #1308 ), #418, .F. ) ;
#2126 = EDGE_CURVE ( 'NONE', #4085, #4442, #5655, .T. ) ;
#2127 = CARTESIAN_POINT ( 'NONE',  ( 362.7454704894917654, -4.488527461156536447, 371.3966666726472567 ) ) ;
#2128 = CARTESIAN_POINT ( 'NONE',  ( 284.4742575070098951, -1.530162229495210413, 23.24999999818361829 ) ) ;
#2129 = MECHANICAL_CONTEXT ( 'NONE', #4983, 'mechanical' ) ;
#2130 = CARTESIAN_POINT ( 'NONE',  ( 274.8082549502917118, -5.725666147661479854, 6.500048247643675836 ) ) ;
#2131 = CARTESIAN_POINT ( 'NONE',  ( 273.6581388050952341, -0.05000000000000552614, 23.24999999818360763 ) ) ;
#2132 = B_SPLINE_CURVE_WITH_KNOTS ( 'NONE', 3,
 ( #2624, #2662, #7598, #6267 ),
 .UNSPECIFIED., .F., .F.,
 ( 4, 4 ),
 ( 0.009124933372457639386, 0.01213196482546988197 ),
 .UNSPECIFIED. ) ;
#2133 = CARTESIAN_POINT ( 'NONE',  ( 156.8327088436736574, -12.18238505701543062, 6.885217106200058446 ) ) ;
#2134 = CARTESIAN_POINT ( 'NONE',  ( 320.7621005305077233, -2.395204039796853035, 127.9100000000000250 ) ) ;
#2135 = CARTESIAN_POINT ( 'NONE',  ( 152.6357275159820972, -14.31885767964546119, 6.000000000000003553 ) ) ;
#2136 = ORIENTED_EDGE ( 'NONE', *, *, #5378, .F. ) ;
#2137 = CARTESIAN_POINT ( 'NONE',  ( 163.3759789073122022, -12.63589517206786539, 6.499999998183606742 ) ) ;
#2138 = EDGE_CURVE ( 'NONE', #5380, #1212, #7116, .T. ) ;
#2139 = CARTESIAN_POINT ( 'NONE',  ( 184.7947749017918966, -10.55706348816705820, 7.240073201350938348 ) ) ;
#2140 = CARTESIAN_POINT ( 'NONE',  ( 333.6971561198894847, -4.659264862464730150, 339.9869931791191107 ) ) ;
#2141 = CARTESIAN_POINT ( 'NONE',  ( 362.4790886872276587, -2.608621408614767212, 371.2300000139804865 ) ) ;
#2142 = CARTESIAN_POINT ( 'NONE',  ( 161.3758927381850015, -12.73505079815274676, 6.499999998183633387 ) ) ;
#2143 = CARTESIAN_POINT ( 'NONE',  ( 281.2234556948831710, -4.626496081371253233, 6.498544319092038890 ) ) ;
#2144 = CARTESIAN_POINT ( 'NONE',  ( 286.0628743418088789, -3.301951685454675545, 20.97370011164323955 ) ) ;
#2145 = CARTESIAN_POINT ( 'NONE',  ( 53.93964764967910952, -10.17433390572205099, 6.000000000000007105 ) ) ;
#2146 = CARTESIAN_POINT ( 'NONE',  ( 280.9170710425548805, -3.831358127160983340, 7.716450975800048795 ) ) ;
#2147 = CARTESIAN_POINT ( 'NONE',  ( 332.7812765416564957, -2.501090890672510891, 339.6856400974472194 ) ) ;
#2148 = VERTEX_POINT ( 'NONE', #965 ) ;
#2149 = CARTESIAN_POINT ( 'NONE',  ( 237.2522620761390328, -8.194506867705362296, 6.524096449559302791 ) ) ;
#2150 = CARTESIAN_POINT ( 'NONE',  ( 338.3822597121682065, -3.813600510112843178, 371.7300000000007572 ) ) ;
#2151 = ORIENTED_EDGE ( 'NONE', *, *, #4631, .T. ) ;
#2152 = CARTESIAN_POINT ( 'NONE',  ( 389.5807607949881231, -0.5098970971824406950, 345.9981742613147162 ) ) ;
#2153 = CARTESIAN_POINT ( 'NONE',  ( 276.8128235781934450, -2.780050675656031700, 23.24999999818364671 ) ) ;
#2154 = CARTESIAN_POINT ( 'NONE',  ( 304.5961846865660050, -4.135106494912025532, 127.9099999999999113 ) ) ;
#2155 = FACE_OUTER_BOUND ( 'NONE', #2272, .T. ) ;
#2156 = PRODUCT ( 'Radome gauche V4', 'Radome gauche V4', '', ( #2129 ) ) ;
#2157 = CARTESIAN_POINT ( 'NONE',  ( 377.4397910962773040, -1.598833561604700471, 371.0315837666162224 ) ) ;
#2158 = CARTESIAN_POINT ( 'NONE',  ( 261.7405853614779971, -7.163228906577473687, 249.8200000000000500 ) ) ;
#2159 = ORIENTED_EDGE ( 'NONE', *, *, #3928, .T. ) ;
#2160 = CARTESIAN_POINT ( 'NONE',  ( 271.5619095571106527, -5.256052580562178278, 21.63548358317578391 ) ) ;
#2161 = EDGE_LOOP ( 'NONE', ( #7203, #5184, #270, #4822 ) ) ;
#2162 = CARTESIAN_POINT ( 'NONE',  ( 340.1636027076426672, -0.6082020445524853880, 206.4999999981835117 ) ) ;
#2163 = CARTESIAN_POINT ( 'NONE',  ( 258.1901026390421521, -6.454898891977368436, 6.698574587531732405 ) ) ;
#2164 = CARTESIAN_POINT ( 'NONE',  ( 121.8917704774333970, -13.48606488547284421, 6.779588550916588297 ) ) ;
#2165 = B_SPLINE_CURVE_WITH_KNOTS ( 'NONE', 3,
 ( #7878, #4081, #2901, #7919, #5387, #1628 ),
 .UNSPECIFIED., .F., .F.,
 ( 4, 2, 4 ),
 ( 0.000000000000000000, 0.0003907494112101505884, 0.0007814988224203011768 ),
 .UNSPECIFIED. ) ;
#2166 = CARTESIAN_POINT ( 'NONE',  ( 345.2896451517559058, -2.002672784297169439, 339.6882182687572254 ) ) ;
#2167 = CARTESIAN_POINT ( 'NONE',  ( 284.8956137118653373, 0.03117440586468595703, 23.24999999818358631 ) ) ;
#2168 = CARTESIAN_POINT ( 'NONE',  ( 276.5288426644135029, -5.075115453895325146, 6.624718070833766070 ) ) ;
#2169 = CARTESIAN_POINT ( 'NONE',  ( 397.0189266838273170, -0.1677463155204975409, 363.0379529280218094 ) ) ;
#2170 = CARTESIAN_POINT ( 'NONE',  ( 158.5757362931550745, -11.95502867576182382, 7.118552439992706482 ) ) ;
#2171 = PRODUCT_RELATED_PRODUCT_CATEGORY ( 'detail', '', ( #2156 ) ) ;
#2172 = EDGE_CURVE ( 'NONE', #5304, #7366, #505, .T. ) ;
#2173 = CARTESIAN_POINT ( 'NONE',  ( 126.2588328223209544, -13.69823190184900419, 16.52029309713368477 ) ) ;
#2174 = CARTESIAN_POINT ( 'NONE',  ( 369.7875240569658217, -4.136677553541467489, 371.7300000000000182 ) ) ;
#2175 = ORIENTED_EDGE ( 'NONE', *, *, #692, .F. ) ;
#2176 = CARTESIAN_POINT ( 'NONE',  ( 289.9181388050951682, -0.04999999999999999584, 55.48979128684545259 ) ) ;
#2177 = CARTESIAN_POINT ( 'NONE',  ( 177.8567163666814679, -11.91546377453346395, 6.500047442027718780 ) ) ;
#2178 = CARTESIAN_POINT ( 'NONE',  ( 333.5989221948572663, -4.663822921436000968, 339.8258700933554906 ) ) ;
#2179 = DIRECTION ( 'NONE',  ( 0.000000000000000000, 0.000000000000000000, 1.000000000000000000 ) ) ;
#2180 = CARTESIAN_POINT ( 'NONE',  ( 364.0940285018235159, -2.406643323918941757, 371.1722527226212378 ) ) ;
#2181 = CARTESIAN_POINT ( 'NONE',  ( 259.8519693944476785, -6.968967107413415185, 5.999999998183606742 ) ) ;
#2182 = CARTESIAN_POINT ( 'NONE',  ( 280.9295363927366793, -4.083499595731518106, 6.838100584494486434 ) ) ;
#2183 = CARTESIAN_POINT ( 'NONE',  ( 285.2209571733472444, -3.727915246818777284, 20.98527692577157566 ) ) ;
#2184 = ADVANCED_FACE ( 'NONE', ( #2799 ), #5153, .T. ) ;
#2185 = CARTESIAN_POINT ( 'NONE',  ( 27.57946460144273360, -5.077172963062019484, 6.000000000000007105 ) ) ;
#2186 = CARTESIAN_POINT ( 'NONE',  ( 281.7701690732935731, -4.359235692498827142, 6.499999998183652039 ) ) ;
#2187 = CARTESIAN_POINT ( 'NONE',  ( 17.53283290415870965, -2.615507467773061201, 5.999999999999997335 ) ) ;
#2188 = ORIENTED_EDGE ( 'NONE', *, *, #1281, .T. ) ;
#2189 = CARTESIAN_POINT ( 'NONE',  ( 242.5006089607844899, -7.988779659317528647, 6.498753069724702236 ) ) ;
#2190 = CARTESIAN_POINT ( 'NONE',  ( 118.8173775619357428, -43.07938103743692437, 11.13440074790966783 ) ) ;
#2191 = EDGE_LOOP ( 'NONE', ( #3544, #5423, #2510, #3296, #4447 ) ) ;
#2192 = CARTESIAN_POINT ( 'NONE',  ( 280.1324274343446632, -2.479568081739523588, 23.24999999818367513 ) ) ;
#2193 = CARTESIAN_POINT ( 'NONE',  ( 374.5805088706112542, -1.768625982880074998, 371.7300000000001319 ) ) ;
#2194 = CARTESIAN_POINT ( 'NONE',  ( 344.3872777278014610, -2.268936227732496480, 218.0993373781148250 ) ) ;
#2195 = CARTESIAN_POINT ( 'NONE',  ( 323.9554759992009281, -1.267504626349916563, 161.8264274397109546 ) ) ;
#2196 = CARTESIAN_POINT ( 'NONE',  ( 130.2179785641275203, -13.09146949156018636, 7.481871117063089827 ) ) ;
#2197 = ORIENTED_EDGE ( 'NONE', *, *, #2382, .T. ) ;
#2198 = CIRCLE ( 'NONE', #6777, 0.2000000000000216049 ) ;
#2199 = CARTESIAN_POINT ( 'NONE',  ( 272.1135919651350150, -5.087057775849926244, 22.03045166332541882 ) ) ;
#2200 = VERTEX_POINT ( 'NONE', #2508 ) ;
#2201 = CARTESIAN_POINT ( 'NONE',  ( 156.6098170958181015, -14.07675594064117952, 6.499999998183602301 ) ) ;
#2202 = CARTESIAN_POINT ( 'NONE',  ( 256.4250636389441524, -6.303418724860716083, 6.998295984998519792 ) ) ;
#2203 = B_SPLINE_SURFACE_WITH_KNOTS ( 'NONE', 3, 3, ( 
 ( #593, #7374, #1895, #1321, #4384, #6877, #3773 ),
 ( #5650, #68, #2545, #5037, #7523, #1931, #3811 ),
 ( #1778, #6765, #1169, #3662, #7409, #3318, #6997 ),
 ( #5238, #747, #7118, #1398, #5076, #3242, #7686 ),
 ( #4503, #7726, #185, #266, #2628, #5735, #5813 ),
 ( #3889, #2665, #6385, #4013, #2091, #1441, #2744 ),
 ( #3851, #3971, #1520, #2131, #6423, #6506, #7039 ) ),
 .UNSPECIFIED., .F., .F., .F.,
 ( 4, 1, 1, 1, 4 ),
 ( 4, 3, 4 ),
 ( 0.000000000000000000, 0.2499999999999997224, 0.4999999999999998335, 0.7499999999999998890, 1.000000000000000000 ),
 ( 0.000000000000000000, 1.000000000000000000, 1.010000000000000009 ),
 .UNSPECIFIED. ) ;
#2204 = CARTESIAN_POINT ( 'NONE',  ( 127.1344749532869258, -13.16752624025117591, 7.220004243309956493 ) ) ;
#2205 = CARTESIAN_POINT ( 'NONE',  ( 347.0919012300405484, -3.119761142263962839, 340.6771096209357665 ) ) ;
#2206 = CIRCLE ( 'NONE', #2343, 2.239792913343002567 ) ;
#2207 = CARTESIAN_POINT ( 'NONE',  ( 133.4336281889186466, -13.95310848118995217, 11.51515846885961203 ) ) ;
#2208 = CARTESIAN_POINT ( 'NONE',  ( 289.9181388050951682, -0.2500000000000000000, 55.48979128684545259 ) ) ;
#2209 = CARTESIAN_POINT ( 'NONE',  ( 284.8952756435454035, 0.009512235687455124905, 23.24999999818361118 ) ) ;
#2210 = CARTESIAN_POINT ( 'NONE',  ( 275.6051001478721787, -4.645322435155793350, 7.514571987113767726 ) ) ;
#2211 = CARTESIAN_POINT ( 'NONE',  ( 289.9181388050951682, -2.860467191248591945, 53.24999837350245713 ) ) ;
#2212 = CARTESIAN_POINT ( 'NONE',  ( 160.3246525237401272, -11.81249515841503595, 7.238986097003937026 ) ) ;
#2213 = CARTESIAN_POINT ( 'NONE',  ( 268.7159683237484273, -6.183879205051206362, 233.4049799344071232 ) ) ;
#2214 = CARTESIAN_POINT ( 'NONE',  ( 245.3921282307970273, -9.846580099123370289, 127.9099999999998829 ) ) ;
#2215 = ORIENTED_EDGE ( 'NONE', *, *, #4828, .F. ) ;
#2216 = CARTESIAN_POINT ( 'NONE',  ( 358.7450638715723699, -1.776778300592708693, 263.0213976990939386 ) ) ;
#2217 = B_SPLINE_CURVE_WITH_KNOTS ( 'NONE', 3,
 ( #3214, #394, #5861, #4064 ),
 .UNSPECIFIED., .F., .F.,
 ( 4, 4 ),
 ( 0.4209372247930301958, 0.4264148707684178308 ),
 .UNSPECIFIED. ) ;
#2218 = CARTESIAN_POINT ( 'NONE',  ( 181.3048134326940044, -10.84780925636013293, 6.995907722300572118 ) ) ;
#2219 = CARTESIAN_POINT ( 'NONE',  ( 161.2420564775473508, -12.74192765285387985, 5.999999998183607630 ) ) ;
#2220 = EDGE_CURVE ( 'NONE', #4929, #530, #1464, .T. ) ;
#2221 = FACE_OUTER_BOUND ( 'NONE', #7302, .T. ) ;
#2222 = CARTESIAN_POINT ( 'NONE',  ( 386.6366108644807582, -1.021728150786302081, 371.1361616732032189 ) ) ;
#2223 = CARTESIAN_POINT ( 'NONE',  ( 261.1431249882136854, -6.889386811625135998, 6.500000041270943107 ) ) ;
#2224 = CARTESIAN_POINT ( 'NONE',  ( 280.8383587896468043, -3.897215522309228852, 7.209881573710636538 ) ) ;
#2225 = CARTESIAN_POINT ( 'NONE',  ( 276.8444322636522656, -4.786135781190823835, 21.20829686342722908 ) ) ;
#2226 = CARTESIAN_POINT ( 'NONE',  ( 365.9782618995692474, -4.332644850548221349, 371.2950964415076669 ) ) ;
#2227 = CARTESIAN_POINT ( 'NONE',  ( 280.7520425992888704, -3.613002184149791685, 6.499999998183546346 ) ) ;
#2228 = CARTESIAN_POINT ( 'NONE',  ( 213.9867833529494590, -2.654020149865826461, 249.8199999999999648 ) ) ;
#2229 = VERTEX_POINT ( 'NONE', #3088 ) ;
#2230 = CARTESIAN_POINT ( 'NONE',  ( 244.2558505602214893, -8.006761433776565795, 6.500047782493130200 ) ) ;
#2231 = EDGE_CURVE ( 'NONE', #2449, #2549, #784, .T. ) ;
#2232 = EDGE_CURVE ( 'NONE', #7794, #4614, #7410, .T. ) ;
#2233 = CARTESIAN_POINT ( 'NONE',  ( 285.2675678610997920, -3.703880489334910653, 20.97749754621454343 ) ) ;
#2234 = ORIENTED_EDGE ( 'NONE', *, *, #4195, .F. ) ;
#2235 = CARTESIAN_POINT ( 'NONE',  ( 393.5702877677776996, -0.3443584707733606254, 356.3189981305019955 ) ) ;
#2236 = CARTESIAN_POINT ( 'NONE',  ( 286.0653069842150558, -3.656240098566942542, 23.24999999818383500 ) ) ;
#2237 = CARTESIAN_POINT ( 'NONE',  ( 323.9427143817537171, -3.355317074165495850, 338.7299999999999613 ) ) ;
#2238 = CARTESIAN_POINT ( 'NONE',  ( 196.7583940125576589, -9.868361912222466614, 5.999999999999993783 ) ) ;
#2239 = DIRECTION ( 'NONE',  ( 0.000000000000000000, -1.000000000000000000, 0.000000000000000000 ) ) ;
#2240 = LINE ( 'NONE', #4735, #6376 ) ;
#2241 = CARTESIAN_POINT ( 'NONE',  ( 289.9181388050951682, -0.2500000000000000000, 53.24999837350245713 ) ) ;
#2242 = CARTESIAN_POINT ( 'NONE',  ( 273.3070884369164446, -4.226142829895763953, 22.92392187273755866 ) ) ;
#2243 = ORIENTED_EDGE ( 'NONE', *, *, #2630, .T. ) ;
#2244 = CARTESIAN_POINT ( 'NONE',  ( 332.5781388050951364, -2.850000000000000089, 171.5470103621549072 ) ) ;
#2245 = CARTESIAN_POINT ( 'NONE',  ( 249.4600245041052915, -7.144311332727752983, 6.624479598795574020 ) ) ;
#2246 = CARTESIAN_POINT ( 'NONE',  ( 116.6700861947173138, -13.31094325722193084, 6.859379875435516638 ) ) ;
#2247 = CARTESIAN_POINT ( 'NONE',  ( 345.7112594060113224, -3.184242314291212406, 341.4943439622678056 ) ) ;
#2248 = CARTESIAN_POINT ( 'NONE',  ( 160.3759738565269686, -12.78718966177712524, 6.132145347429232451 ) ) ;
#2249 = CARTESIAN_POINT ( 'NONE',  ( 399.8527834289261591, -0.05834541274664985927, 371.0484708352641405 ) ) ;
#2250 = CARTESIAN_POINT ( 'NONE',  ( 286.5471079735567059, -3.148990063623214652, 23.24999999818345131 ) ) ;
#2251 = CARTESIAN_POINT ( 'NONE',  ( 276.1053222431963263, -5.353385158217652595, 6.524251199695812353 ) ) ;
#2252 = B_SPLINE_CURVE_WITH_KNOTS ( 'NONE', 3,
 ( #4448, #2691, #6451, #1424 ),
 .UNSPECIFIED., .F., .F.,
 ( 4, 4 ),
 ( 8.887813025444320779E-17, 0.0004614496851131799529 ),
 .UNSPECIFIED. ) ;
#2253 = CARTESIAN_POINT ( 'NONE',  ( 389.8226321304360908, -0.4316962829817919123, 343.0352136029165990 ) ) ;
#2254 = CARTESIAN_POINT ( 'NONE',  ( 148.1364389583327466, -13.39167096277294355, 6.498759834623487386 ) ) ;
#2255 = CARTESIAN_POINT ( 'NONE',  ( 128.0319733279123113, -13.78305993046431155, 13.45250440422088190 ) ) ;
#2256 = CARTESIAN_POINT ( 'NONE',  ( 268.4694115624076289, -8.529606408645292959, 127.9099999999999966 ) ) ;
#2257 = ORIENTED_EDGE ( 'NONE', *, *, #3086, .F. ) ;
#2258 = CARTESIAN_POINT ( 'NONE',  ( 163.7458209887737439, -13.70841057482932968, 6.482763119207443303 ) ) ;
#2259 = CARTESIAN_POINT ( 'NONE',  ( 163.8590502593574456, -12.35688437011109109, 6.523872866289876171 ) ) ;
#2260 = CARTESIAN_POINT ( 'NONE',  ( 346.2146185001178083, -0.3453341272772202375, 223.1636058667217526 ) ) ;
#2261 = CARTESIAN_POINT ( 'NONE',  ( 163.3759738565269970, -13.72649416499976915, 6.109998991432024518 ) ) ;
#2262 = CARTESIAN_POINT ( 'NONE',  ( 382.1295669409070683, -1.323478171645213086, 371.1360596477389890 ) ) ;
#2263 = CARTESIAN_POINT ( 'NONE',  ( 332.5781388050951364, -2.850000000000000089, 174.9529778597707548 ) ) ;
#2264 = CARTESIAN_POINT ( 'NONE',  ( 281.2403418870760561, -4.777616462692099830, 6.500055572743983490 ) ) ;
#2265 = CARTESIAN_POINT ( 'NONE',  ( 278.4379624191811331, -4.632919032822939265, 21.21201086649205436 ) ) ;
#2266 = CARTESIAN_POINT ( 'NONE',  ( 125.1868977149367907, -4.030815273382096997, 127.9100000000000250 ) ) ;
#2267 = CARTESIAN_POINT ( 'NONE',  ( 282.5854341776770298, -3.332361506883405156, 6.499999998183502825 ) ) ;
#2268 = CARTESIAN_POINT ( 'NONE',  ( 327.7207023626996261, -3.767687971285828219, 341.5448933777713023 ) ) ;
#2269 = VERTEX_POINT ( 'NONE', #6117 ) ;
#2270 = CARTESIAN_POINT ( 'NONE',  ( 233.7161849962664064, -7.746027613845074988, 7.120789783841266818 ) ) ;
#2271 = CARTESIAN_POINT ( 'NONE',  ( 146.2260443939532877, -12.54332174116664156, 20.59697613517117887 ) ) ;
#2272 = EDGE_LOOP ( 'NONE', ( #2945, #6536, #1827, #6895, #2603, #5887, #188, #2065 ) ) ;
#2273 = CARTESIAN_POINT ( 'NONE',  ( 399.9213590729419252, -0.2458508609768574604, 371.2300000000000182 ) ) ;
#2274 = CARTESIAN_POINT ( 'NONE',  ( 308.4608527471971229, -3.819298221742979838, 124.4921800354003523 ) ) ;
#2275 = CARTESIAN_POINT ( 'NONE',  ( 285.5947291190443025, -3.893250319515130897, 23.24999999818609808 ) ) ;
#2276 = CARTESIAN_POINT ( 'NONE',  ( 289.9181388050951682, -0.04999999999999999584, 53.24999837350245713 ) ) ;
#2277 = CARTESIAN_POINT ( 'NONE',  ( 235.1893268929374301, -7.565146962479378345, 6.000000000000000888 ) ) ;
#2278 = CARTESIAN_POINT ( 'NONE',  ( 260.3759738565270254, -6.936670124549383587, 5.999999998183607630 ) ) ;
#2279 = CC_DESIGN_PERSON_AND_ORGANIZATION_ASSIGNMENT ( #5772, #7684, ( #2156 ) ) ;
#2280 = CARTESIAN_POINT ( 'NONE',  ( 327.6034745440522897, -3.772917645148507138, 341.3594808126716771 ) ) ;
#2281 = ADVANCED_FACE ( 'NONE', ( #1820 ), #4007, .F. ) ;
#2282 = CARTESIAN_POINT ( 'NONE',  ( 344.6240372879624942, -3.734955029308913765, 371.7300000000001319 ) ) ;
#2283 = CARTESIAN_POINT ( 'NONE',  ( 273.1301046061826696, -4.431852627010463230, 22.78487591498496201 ) ) ;
#2284 = ORIENTED_EDGE ( 'NONE', *, *, #1225, .T. ) ;
#2285 = DIRECTION ( 'NONE',  ( -0.000000000000000000, -1.000000000000000000, -0.000000000000000000 ) ) ;
#2286 = CARTESIAN_POINT ( 'NONE',  ( 249.4308376804633838, -6.720430944781647042, 7.122294157962032912 ) ) ;
#2287 = CARTESIAN_POINT ( 'NONE',  ( 114.9390408019659731, -13.01995090079807937, 7.317309766330960308 ) ) ;
#2288 = ADVANCED_FACE ( 'NONE', ( #670 ), #338, .F. ) ;
#2289 = CARTESIAN_POINT ( 'NONE',  ( 244.3720532319997858, -5.938422611473986201, 209.7170814194271316 ) ) ;
#2290 = CARTESIAN_POINT ( 'NONE',  ( 283.2176208842340657, -0.05000000000000000278, 6.545956748224482702 ) ) ;
#2291 = CARTESIAN_POINT ( 'NONE',  ( 163.6373894727032337, -13.71371230878158798, 6.500000000372553544 ) ) ;
#2292 = CARTESIAN_POINT ( 'NONE',  ( 287.6222819437625731, -0.5454569455560364100, 23.24999999817743301 ) ) ;
#2293 = DATE_TIME_ROLE ( 'classification_date' ) ;
#2294 = CARTESIAN_POINT ( 'NONE',  ( 274.7208590361253187, -4.717513484154754799, 7.383819004657364182 ) ) ;
#2295 = CARTESIAN_POINT ( 'NONE',  ( 139.5690908494336497, -13.44371109976872880, 21.93280569713684258 ) ) ;
#2296 = CARTESIAN_POINT ( 'NONE',  ( 142.8940417966187795, -13.65545298900633320, 6.498774450106949985 ) ) ;
#2297 = CARTESIAN_POINT ( 'NONE',  ( 333.5208673737464551, -4.459354248331364623, 340.0888180109033101 ) ) ;
#2298 = CARTESIAN_POINT ( 'NONE',  ( 140.2766540427668644, -14.96156570076079717, 5.999999999999996447 ) ) ;
#2299 = EDGE_LOOP ( 'NONE', ( #1147, #2136, #832, #574 ) ) ;
#2300 = CARTESIAN_POINT ( 'NONE',  ( 333.5208673737463982, -4.459354248331362847, 340.0888180109033101 ) ) ;
#2301 = CARTESIAN_POINT ( 'NONE',  ( 162.0832967648080967, -11.90110237073803745, 6.883045529875049695 ) ) ;
#2302 = CARTESIAN_POINT ( 'NONE',  ( 284.9120478852973974, -3.196449509387897070, 22.70764269555050063 ) ) ;
#2303 = CARTESIAN_POINT ( 'NONE',  ( 281.1311106686604262, -4.818220551931486462, 6.499999998183621841 ) ) ;
#2304 = CARTESIAN_POINT ( 'NONE',  ( 388.8886295274491545, -0.8488197445524214846, 371.0843973478610565 ) ) ;
#2305 = CARTESIAN_POINT ( 'NONE',  ( 260.3216978065449325, -6.940015425559322715, 6.261404440660748527 ) ) ;
#2306 = CARTESIAN_POINT ( 'NONE',  ( 280.3282095980866870, -4.713337090637114812, 6.581457900669969163 ) ) ;
#2307 = CARTESIAN_POINT ( 'NONE',  ( 279.9586771534602576, -4.499954581904320960, 21.21930543132069147 ) ) ;
#2308 = CARTESIAN_POINT ( 'NONE',  ( 365.7777794334548389, -4.342676691677465506, 371.5259538569884512 ) ) ;
#2309 = CARTESIAN_POINT ( 'NONE',  ( 282.2495362413003477, -1.826344740130017019, 7.793246162258574472 ) ) ;
#2310 = CARTESIAN_POINT ( 'NONE',  ( 19.47315047716822889, -3.914774540103884704, 6.000000000000007105 ) ) ;
#2311 = ORIENTED_EDGE ( 'NONE', *, *, #3528, .F. ) ;
#2312 = APPROVAL_PERSON_ORGANIZATION ( #6022, #6178, #7238 ) ;
#2313 = CARTESIAN_POINT ( 'NONE',  ( 226.7634615659393376, -8.730801930530278199, 6.574079054574931469 ) ) ;
#2314 = CARTESIAN_POINT ( 'NONE',  ( 125.6117545069074311, -13.68860880958751736, 16.59999999818359484 ) ) ;
#2315 = ORIENTED_EDGE ( 'NONE', *, *, #2781, .F. ) ;
#2316 = CARTESIAN_POINT ( 'NONE',  ( 123.4273895241148011, -12.84775117312502424, 16.82901005545237894 ) ) ;
#2317 = CARTESIAN_POINT ( 'NONE',  ( 281.4805927738447053, -4.644425970880947219, 6.499999998183606742 ) ) ;
#2318 = CARTESIAN_POINT ( 'NONE',  ( 286.0381512890688782, -3.669917276779496973, 23.24999999818344065 ) ) ;
#2319 = CARTESIAN_POINT ( 'NONE',  ( 191.3313183585196384, -9.170776763750609462, 128.2433333333333110 ) ) ;
#2320 = CARTESIAN_POINT ( 'NONE',  ( 340.1163142784861293, -2.934108196130242874, 249.8200000000001637 ) ) ;
#2321 = PLANE ( 'NONE',  #5730 ) ;
#2322 = CARTESIAN_POINT ( 'NONE',  ( 325.5388028991007445, -1.203138484967988253, 166.1898984616661608 ) ) ;
#2323 = CARTESIAN_POINT ( 'NONE',  ( 349.3585542713130394, -2.157784062259534341, 237.1834588015096301 ) ) ;
#2324 = CARTESIAN_POINT ( 'NONE',  ( 366.2694683251293668, -2.424920050503900804, 371.7300000000000182 ) ) ;
#2325 = ORIENTED_EDGE ( 'NONE', *, *, #459, .T. ) ;
#2326 = ADVANCED_FACE ( 'NONE', ( #4425 ), #3282, .F. ) ;
#2327 = CARTESIAN_POINT ( 'NONE',  ( 251.1724050388121725, -6.525746719429021958, 7.377698590256115629 ) ) ;
#2328 = CARTESIAN_POINT ( 'NONE',  ( 114.9393594418480546, -13.01286183172224931, 7.444134254688378860 ) ) ;
#2329 = CIRCLE ( 'NONE', #5988, 0.4999999999999992784 ) ;
#2330 = CARTESIAN_POINT ( 'NONE',  ( 280.5647665197913625, -2.445577792506798076, 23.24999999818360763 ) ) ;
#2331 = CARTESIAN_POINT ( 'NONE',  ( 391.1784647622679358, -2.786058452072405878, 371.2345101085589931 ) ) ;
#2332 = CARTESIAN_POINT ( 'NONE',  ( 399.8109965187547346, -0.06551665629380559741, 371.0397619447724651 ) ) ;
#2333 = EDGE_CURVE ( 'NONE', #4632, #1012, #3506, .T. ) ;
#2334 = CARTESIAN_POINT ( 'NONE',  ( 287.6032910514579157, -0.6817793636355052866, 23.24999999818660612 ) ) ;
#2335 = AXIS2_PLACEMENT_3D ( 'NONE', #3750, #1219, #7428 ) ;
#2336 = PERSON_AND_ORGANIZATION_ROLE ( 'creator' ) ;
#2337 = CARTESIAN_POINT ( 'NONE',  ( 272.1008525111763561, -5.086988354348572550, 7.005639699860423342 ) ) ;
#2338 = CARTESIAN_POINT ( 'NONE',  ( 397.0225795007959846, -0.1784505260204523602, 363.0369334972393176 ) ) ;
#2339 = CARTESIAN_POINT ( 'NONE',  ( 151.5807317059557988, -12.37949208989055450, 7.120853777792254036 ) ) ;
#2340 = CARTESIAN_POINT ( 'NONE',  ( 140.4829854838846757, -12.59256182375585631, 23.14790519061440222 ) ) ;
#2341 = CARTESIAN_POINT ( 'NONE',  ( 354.5953183920843230, -4.016072986076533624, 249.8200000000000216 ) ) ;
#2342 = ORIENTED_EDGE ( 'NONE', *, *, #6179, .F. ) ;
#2343 = AXIS2_PLACEMENT_3D ( 'NONE', #4596, #3410, #4552 ) ;
#2344 = LINE ( 'NONE', #2959, #901 ) ;
#2345 = CARTESIAN_POINT ( 'NONE',  ( 163.8418690389281664, -12.00092644378768902, 6.697040367985389153 ) ) ;
#2346 = CARTESIAN_POINT ( 'NONE',  ( 127.4949664985801689, -13.02097579807162120, 12.44769740441358508 ) ) ;
#2347 = B_SPLINE_CURVE_WITH_KNOTS ( 'NONE', 3,
 ( #5718, #3720, #6985, #6943 ),
 .UNSPECIFIED., .F., .F.,
 ( 4, 4 ),
 ( 0.000000000000000000, 1.000000000000000000 ),
 .UNSPECIFIED. ) ;
#2348 = CARTESIAN_POINT ( 'NONE',  ( 163.3759738565269970, -13.72649416499977093, 5.999999998183607630 ) ) ;
#2349 = CARTESIAN_POINT ( 'NONE',  ( 368.6127374863231125, -2.314056907314343547, 371.2299894916553171 ) ) ;
#2350 = CARTESIAN_POINT ( 'NONE',  ( 333.5129397754265597, -4.427974016711722527, 339.6848419023767178 ) ) ;
#2351 = CARTESIAN_POINT ( 'NONE',  ( 279.4436465265293350, -4.306866971843989589, 7.548115413203481339 ) ) ;
#2352 = CARTESIAN_POINT ( 'NONE',  ( 281.3226701192509722, -4.396159737692853398, 21.22730625210420641 ) ) ;
#2353 = AXIS2_PLACEMENT_3D ( 'NONE', #6954, #3770, #3849 ) ;
#2354 = CARTESIAN_POINT ( 'NONE',  ( 224.1658631610046086, -3.198375187312842094, 249.8200000000000500 ) ) ;
#2355 = CARTESIAN_POINT ( 'NONE',  ( 397.3005112028716894, -2.351743613427960344, 371.2300000000000750 ) ) ;
#2356 = CARTESIAN_POINT ( 'NONE',  ( 145.5270253575099559, -9.736502536981440414, 127.9099999999999966 ) ) ;
#2357 = ORIENTED_EDGE ( 'NONE', *, *, #1925, .T. ) ;
#2358 = CARTESIAN_POINT ( 'NONE',  ( 233.7130147243757960, -7.695919368465196087, 7.243303321408626871 ) ) ;
#2359 = CARTESIAN_POINT ( 'NONE',  ( 124.0979996644335159, -13.66265442888269988, 16.59999999818361260 ) ) ;
#2360 = ORIENTED_EDGE ( 'NONE', *, *, #196, .T. ) ;
#2361 = CARTESIAN_POINT ( 'NONE',  ( 326.4279964450067268, -3.775701416462238669, 341.5489418668336157 ) ) ;
#2362 = CARTESIAN_POINT ( 'NONE',  ( 281.1657680957320622, -3.775519942406889928, 7.076141159372167699 ) ) ;
#2363 = CARTESIAN_POINT ( 'NONE',  ( 284.7250736144455914, -4.146019662968596364, 23.24999999819227625 ) ) ;
#2364 = CARTESIAN_POINT ( 'NONE',  ( 263.3759738565270254, -6.743589163812838017, 6.499999998183606742 ) ) ;
#2365 = CARTESIAN_POINT ( 'NONE',  ( 282.1480949395166817, -5.603600378636219403, 127.9100000000000534 ) ) ;
#2366 = CARTESIAN_POINT ( 'NONE',  ( 318.0512689276080209, -0.05000000000001078582, 103.3985425560321971 ) ) ;
#2367 = CARTESIAN_POINT ( 'NONE',  ( 326.6006754097174394, -2.811916927688532297, 339.7734105272877514 ) ) ;
#2368 = CARTESIAN_POINT ( 'NONE',  ( 346.3123876398550465, -2.281322774295465372, 228.7864567268903500 ) ) ;
#2369 = CARTESIAN_POINT ( 'NONE',  ( 326.8005423993662930, -4.589046839752424667, 340.0895287631904012 ) ) ;
#2370 = EDGE_LOOP ( 'NONE', ( #6255, #3715, #7912, #7579 ) ) ;
#2371 = CARTESIAN_POINT ( 'NONE',  ( 124.4798918575815492, -12.71698869718082214, 20.25882020401427042 ) ) ;
#2372 = CARTESIAN_POINT ( 'NONE',  ( 120.1513567169079550, -13.24731899663615309, 7.090914592916023551 ) ) ;
#2373 = CARTESIAN_POINT ( 'NONE',  ( 276.4206600263309497, -2.818666656859432074, 23.24999999818360763 ) ) ;
#2374 = CARTESIAN_POINT ( 'NONE',  ( 160.1373312600454426, -12.79966127022401423, 6.445752338506087753 ) ) ;
#2375 = CARTESIAN_POINT ( 'NONE',  ( 399.8724793940614859, -0.05278940658366498145, 371.0494193131539760 ) ) ;
#2376 = CARTESIAN_POINT ( 'NONE',  ( 287.6577360975841771, -0.06921287216660185204, 23.24999999818490792 ) ) ;
#2377 = PERSON_AND_ORGANIZATION ( #6784, #6357 ) ;
#2378 = CARTESIAN_POINT ( 'NONE',  ( 272.0911324970899727, -4.988597702914259635, 7.253593175395895543 ) ) ;
#2379 = CARTESIAN_POINT ( 'NONE',  ( 345.3925441254465341, -1.697721703436219753, 339.7300000000000750 ) ) ;
#2380 = CARTESIAN_POINT ( 'NONE',  ( 148.1155333907001364, -13.01523424601133350, 6.623591778613168835 ) ) ;
#2381 = CARTESIAN_POINT ( 'NONE',  ( 134.2238036849568630, -13.52161132613507810, 22.63261481574585332 ) ) ;
#2382 = EDGE_CURVE ( 'NONE', #2095, #5297, #4159, .T. ) ;
#2383 = CARTESIAN_POINT ( 'NONE',  ( 314.3482221109851480, -5.501648907846331760, 127.9100000000000250 ) ) ;
#2384 = ADVANCED_FACE ( 'NONE', ( #5162 ), #3330, .F. ) ;
#2385 = ORIENTED_EDGE ( 'NONE', *, *, #1187, .F. ) ;
#2386 = CARTESIAN_POINT ( 'NONE',  ( 283.4534756583394710, 3.061663413668970435, 5.999999999999991118 ) ) ;
#2387 = CARTESIAN_POINT ( 'NONE',  ( 167.3333038556702661, -11.73821141343728591, 6.789992691278314396 ) ) ;
#2388 = CARTESIAN_POINT ( 'NONE',  ( 284.5232065278450477, -2.636087192497003073, 23.12398219061066484 ) ) ;
#2389 = CARTESIAN_POINT ( 'NONE',  ( 125.6207259487088237, -11.15803069971244099, 22.14594826330435495 ) ) ;
#2390 = CARTESIAN_POINT ( 'NONE',  ( 332.7251418081127099, -3.936674995825899526, 338.3926972648677065 ) ) ;
#2391 = CARTESIAN_POINT ( 'NONE',  ( 279.1986247443363709, -5.366084612362781670, 6.500049295992397447 ) ) ;
#2392 = CARTESIAN_POINT ( 'NONE',  ( 283.0532373323836737, -4.264931576002303437, 21.20676246305214718 ) ) ;
#2393 = DIRECTION ( 'NONE',  ( 0.000000000000000000, 0.000000000000000000, 1.000000000000000000 ) ) ;
#2394 = CARTESIAN_POINT ( 'NONE',  ( 280.8191219160194123, -3.925917263329170126, 7.716233691660256078 ) ) ;
#2395 = B_SPLINE_CURVE_WITH_KNOTS ( 'NONE', 3,
 ( #7110, #1664, #2693, #5229, #1014, #3961, #3504, #3877, #3269, #1059, #4617, #2080, #7716, #2936 ),
 .UNSPECIFIED., .F., .F.,
 ( 4, 2, 2, 2, 2, 2, 4 ),
 ( 0.000000000000000000, 0.09372256895369839025, 0.1874451379073967805, 0.2343064223842459826, 0.2811677068610951569, 0.3280289913379443867, 0.3748902758147935610 ),
 .UNSPECIFIED. ) ;
#2396 = CARTESIAN_POINT ( 'NONE',  ( 31.26232383585946550, -8.151559160136223170, 5.999999999999996447 ) ) ;
#2397 = ADVANCED_FACE ( 'NONE', ( #3404 ), #102, .F. ) ;
#2398 = VERTEX_POINT ( 'NONE', #5899 ) ;
#2399 = CARTESIAN_POINT ( 'NONE',  ( 223.2438507507598047, -8.524690020964166948, 6.885546481153659748 ) ) ;
#2400 = CARTESIAN_POINT ( 'NONE',  ( 265.3926821909345222, -7.125884086760029490, 249.8199999999997090 ) ) ;
#2401 = ORIENTED_EDGE ( 'NONE', *, *, #1294, .T. ) ;
#2402 = CARTESIAN_POINT ( 'NONE',  ( 338.9859384757597809, -2.283714055959179756, 339.6877089509083589 ) ) ;
#2403 = CARTESIAN_POINT ( 'NONE',  ( 281.3506343097859030, -3.681070855007370302, 7.076184593626280162 ) ) ;
#2404 = CARTESIAN_POINT ( 'NONE',  ( 284.0292293688988252, -4.235478973267190028, 23.24999999818572505 ) ) ;
#2405 = CARTESIAN_POINT ( 'NONE',  ( 136.5738523019589366, -12.19641319246230005, 22.99999999999998934 ) ) ;
#2406 = CARTESIAN_POINT ( 'NONE',  ( 204.0639135145838736, -9.687521768098573460, 127.9100000000001103 ) ) ;
#2407 = CARTESIAN_POINT ( 'NONE',  ( 366.2250627098545124, -0.04999999999999182182, 241.4828368293004814 ) ) ;
#2408 = CARTESIAN_POINT ( 'NONE',  ( 138.0621261321867905, -12.63390747811895132, 23.14779454262918179 ) ) ;
#2409 = CARTESIAN_POINT ( 'NONE',  ( 125.3446297716513413, -12.28200417023233726, 21.45818386715080450 ) ) ;
#2410 = ORIENTED_EDGE ( 'NONE', *, *, #459, .F. ) ;
#2411 = CARTESIAN_POINT ( 'NONE',  ( 136.2550436788095567, -11.52580635289485222, 22.03769225448237279 ) ) ;
#2412 = CARTESIAN_POINT ( 'NONE',  ( 118.3987159178807502, -13.77352699503211220, 6.569538633031804409 ) ) ;
#2413 = CARTESIAN_POINT ( 'NONE',  ( 139.9086723097527454, -13.41445348097969870, 22.13551277987977883 ) ) ;
#2414 = CARTESIAN_POINT ( 'NONE',  ( 283.6185111365832654, -2.169951285864212487, 23.24999999818360763 ) ) ;
#2415 = CARTESIAN_POINT ( 'NONE',  ( 340.1472421494075320, -3.212737832814785754, 361.1992437167456842 ) ) ;
#2416 = CARTESIAN_POINT ( 'NONE',  ( 352.8924156472384084, -0.05000000000001591366, 241.5731328553407025 ) ) ;
#2417 = CARTESIAN_POINT ( 'NONE',  ( 287.6592068036404726, -0.005166064860174396714, 23.24999999818363250 ) ) ;
#2418 = PERSON_AND_ORGANIZATION ( #6784, #6357 ) ;
#2419 = CARTESIAN_POINT ( 'NONE',  ( 272.9620812073862908, -4.878239768419441624, 7.386999414075464898 ) ) ;
#2420 = CARTESIAN_POINT ( 'NONE',  ( 218.8329120617152057, -10.67851728534382083, 6.499999998183612071 ) ) ;
#2421 = CARTESIAN_POINT ( 'NONE',  ( 153.3217591195864884, -12.19696056733181244, 7.509290092658016391 ) ) ;
#2422 = CARTESIAN_POINT ( 'NONE',  ( 139.7447278423689738, -13.64079066836461784, 21.86661139503925000 ) ) ;
#2423 = CARTESIAN_POINT ( 'NONE',  ( 336.3812975442630773, -5.257228313909160455, 249.8200000000000500 ) ) ;
#2424 = CARTESIAN_POINT ( 'NONE',  ( 345.2490021215730849, -2.004506224199804176, 339.6881932505716009 ) ) ;
#2425 = CARTESIAN_POINT ( 'NONE',  ( 284.5717049825311165, -2.706323807569921414, 23.09008346538054468 ) ) ;
#2426 = CARTESIAN_POINT ( 'NONE',  ( 131.1050576060779349, -11.24882901172325234, 22.48568203970016910 ) ) ;
#2427 = B_SPLINE_CURVE_WITH_KNOTS ( 'NONE', 3,
 ( #4908, #4215, #544, #3034 ),
 .UNSPECIFIED., .F., .F.,
 ( 4, 4 ),
 ( 0.000000000000000000, 1.000000000000000000 ),
 .UNSPECIFIED. ) ;
#2428 = CARTESIAN_POINT ( 'NONE',  ( 116.4877466588568353, -13.07547633429417644, 7.449756211657421190 ) ) ;
#2429 = APPROVAL ( #6546, 'UNSPECIFIED' ) ;
#2430 = CARTESIAN_POINT ( 'NONE',  ( 279.8113160725012563, -4.277253179514645787, 7.161767740454169306 ) ) ;
#2431 = EDGE_CURVE ( 'NONE', #5375, #500, #7201, .T. ) ;
#2432 = CARTESIAN_POINT ( 'NONE',  ( 345.3310966032150304, -2.000802875526017210, 339.6882437844289484 ) ) ;
#2433 = CARTESIAN_POINT ( 'NONE',  ( 284.7243759830871568, -0.9707879591121082452, 23.24999999818360763 ) ) ;
#2434 = CARTESIAN_POINT ( 'NONE',  ( 126.3170656889381576, -12.59918293509580778, 23.13010128723592373 ) ) ;
#2435 = CARTESIAN_POINT ( 'NONE',  ( 228.6768054583903620, -6.142612109333922987, 249.8199999999999079 ) ) ;
#2436 = ORIENTED_EDGE ( 'NONE', *, *, #401, .F. ) ;
#2437 = CARTESIAN_POINT ( 'NONE',  ( 230.2306641592116137, -8.090023629647870251, 6.885813028054524665 ) ) ;
#2438 = CARTESIAN_POINT ( 'NONE',  ( 190.0991157928274617, -10.47189802872373221, 127.9100000000000250 ) ) ;
#2439 = ORIENTED_EDGE ( 'NONE', *, *, #5974, .T. ) ;
#2440 = CARTESIAN_POINT ( 'NONE',  ( 399.8500866036223442, -0.2663197917127436698, 371.2300000000000182 ) ) ;
#2441 = CARTESIAN_POINT ( 'NONE',  ( 281.3829628459532728, -3.744363660780299252, 6.947806179831035323 ) ) ;
#2442 = EDGE_CURVE ( 'NONE', #1910, #5375, #1857, .T. ) ;
#2443 = CARTESIAN_POINT ( 'NONE',  ( 283.1416783613914276, -4.303679438047952388, 23.24999999818524188 ) ) ;
#2444 = CARTESIAN_POINT ( 'NONE',  ( 305.6424314098850346, -5.003704661803677567, 249.8199999999998511 ) ) ;
#2445 = CARTESIAN_POINT ( 'NONE',  ( 367.9455163750245674, -0.04999999999999182182, 246.4144323630104623 ) ) ;
#2446 = CARTESIAN_POINT ( 'NONE',  ( 126.8196645883535609, -12.11952693049750351, 23.79116243940481112 ) ) ;
#2447 = APPROVAL_PERSON_ORGANIZATION ( #4259, #2883, #7891 ) ;
#2448 = CARTESIAN_POINT ( 'NONE',  ( 130.3759738565270254, -14.09502358533362276, 6.499999998183612071 ) ) ;
#2449 = VERTEX_POINT ( 'NONE', #268 ) ;
#2450 = CARTESIAN_POINT ( 'NONE',  ( 125.9590973960855251, -12.71247653103167607, 21.56518200846227984 ) ) ;
#2451 = B_SPLINE_CURVE_WITH_KNOTS ( 'NONE', 3,
 ( #3804, #4455, #140, #3154 ),
 .UNSPECIFIED., .F., .F.,
 ( 4, 4 ),
 ( 0.3686220780039451972, 0.3826403706017699746 ),
 .UNSPECIFIED. ) ;
#2452 = CARTESIAN_POINT ( 'NONE',  ( 332.4907998483079155, -3.678023756228558483, 338.5646034714834514 ) ) ;
#2453 = CARTESIAN_POINT ( 'NONE',  ( 139.5489368696698591, -13.66927954248487964, 21.54547543640190455 ) ) ;
#2454 = CARTESIAN_POINT ( 'NONE',  ( 283.5993108950420947, -2.173571122034535730, 23.24999999818361474 ) ) ;
#2455 = CARTESIAN_POINT ( 'NONE',  ( 387.7454704894916517, -1.124940481656709901, 371.5977895892893343 ) ) ;
#2456 = CARTESIAN_POINT ( 'NONE',  ( 286.4360580465904604, -1.865511636287610076, 20.67088622936062592 ) ) ;
#2457 = CARTESIAN_POINT ( 'NONE',  ( 273.0340349737840029, -5.620081380529580173, 6.524472682422151948 ) ) ;
#2458 = CARTESIAN_POINT ( 'NONE',  ( 334.1535345441200207, -2.168747530416294644, 339.7300000000001887 ) ) ;
#2459 = CARTESIAN_POINT ( 'NONE',  ( 134.1331779231103667, -13.22760959875175679, 6.874980050914754059 ) ) ;
#2460 = AXIS2_PLACEMENT_3D ( 'NONE', #2276, #5511, #1666 ) ;
#2461 = B_SPLINE_CURVE_WITH_KNOTS ( 'NONE', 3,
 ( #143, #3845, #1434, #5155 ),
 .UNSPECIFIED., .F., .F.,
 ( 4, 4 ),
 ( 0.000000000000000000, 1.000000000000000000 ),
 .UNSPECIFIED. ) ;
#2462 = CARTESIAN_POINT ( 'NONE',  ( 340.0844025356680049, -4.159142527775320453, 350.4633418781481282 ) ) ;
#2463 = CARTESIAN_POINT ( 'NONE',  ( 247.5163091707105139, -8.857523300525530274, 6.000000000000000000 ) ) ;
#2464 = CARTESIAN_POINT ( 'NONE',  ( 325.3905569420164170, -3.393875370952962101, 127.9099999999999966 ) ) ;
#2465 = AXIS2_PLACEMENT_3D ( 'NONE', #4104, #3490, #6598 ) ;
#2466 = CARTESIAN_POINT ( 'NONE',  ( 284.6607379190908773, -2.835120663729993495, 23.02171233735687750 ) ) ;
#2467 = CARTESIAN_POINT ( 'NONE',  ( 278.4587877404766232, -4.821374706392178133, 233.6505245908637676 ) ) ;
#2468 = CARTESIAN_POINT ( 'NONE',  ( 388.7470799815581017, -2.953294616456229260, 371.2299999387094545 ) ) ;
#2469 = CARTESIAN_POINT ( 'NONE',  ( 280.7403694301308406, -4.703830243387673526, 6.527297176536385415 ) ) ;
#2470 = CARTESIAN_POINT ( 'NONE',  ( 270.9037935597670526, -5.350005373278683862, 21.22025459478829745 ) ) ;
#2471 = CARTESIAN_POINT ( 'NONE',  ( 160.2611506644970802, -13.88211469146799004, 6.500000002570700985 ) ) ;
#2472 = CARTESIAN_POINT ( 'NONE',  ( 391.2454704203150868, -0.8851071112017899756, 371.2299999744381012 ) ) ;
#2473 = CARTESIAN_POINT ( 'NONE',  ( 313.3515742414825240, -2.455026522215394191, 371.7300000000000182 ) ) ;
#2474 = ORIENTED_EDGE ( 'NONE', *, *, #5270, .T. ) ;
#2475 = EDGE_CURVE ( 'NONE', #1485, #7992, #407, .T. ) ;
#2476 = CARTESIAN_POINT ( 'NONE',  ( 198.7805477230540703, -9.887243966196525236, 6.996495602686041870 ) ) ;
#2477 = CARTESIAN_POINT ( 'NONE',  ( 197.4108144562664791, -10.56387617847548377, 127.9100000000000819 ) ) ;
#2478 = ORIENTED_EDGE ( 'NONE', *, *, #5716, .F. ) ;
#2479 = CARTESIAN_POINT ( 'NONE',  ( 399.8109965187547346, -0.06551665629380559741, 371.0397619447724651 ) ) ;
#2480 = CARTESIAN_POINT ( 'NONE',  ( 281.2905303346177561, -3.791589368671648863, 6.947788858280843804 ) ) ;
#2481 = CARTESIAN_POINT ( 'NONE',  ( 279.7949547254687559, -4.545678761726530404, 23.24999999818318486 ) ) ;
#2482 = CARTESIAN_POINT ( 'NONE',  ( 195.5001555383351501, -9.788405703619176279, 127.9099999999999966 ) ) ;
#2483 = CARTESIAN_POINT ( 'NONE',  ( 144.9506598205723833, -12.58347511098660121, 20.21989778901944845 ) ) ;
#2484 = CARTESIAN_POINT ( 'NONE',  ( 326.5437810837404982, -2.618901183926061194, 339.6834240117939316 ) ) ;
#2485 = ADVANCED_FACE ( 'NONE', ( #6150 ), #1239, .T. ) ;
#2486 = EDGE_CURVE ( 'NONE', #1485, #285, #4683, .T. ) ;
#2487 = CARTESIAN_POINT ( 'NONE',  ( 163.3759738565270254, -12.63568686999301249, 5.999999998183607630 ) ) ;
#2488 = ORIENTED_EDGE ( 'NONE', *, *, #2232, .F. ) ;
#2489 = B_SPLINE_CURVE_WITH_KNOTS ( 'NONE', 3,
 ( #1828, #6655, #4930, #7913, #6736, #2316, #5582, #6045, #4281, #1178, #3708, #6165 ),
 .UNSPECIFIED., .F., .F.,
 ( 4, 2, 2, 2, 2, 4 ),
 ( 0.000000000000000000, 0.0002657213694595549763, 0.0005314427389191099527, 0.001062885477838184127, 0.001594328216757258084, 0.002125770955676332258 ),
 .UNSPECIFIED. ) ;
#2490 = CARTESIAN_POINT ( 'NONE',  ( 283.8601706251792507, -2.117766421721803738, 23.24999999818368224 ) ) ;
#2491 = CARTESIAN_POINT ( 'NONE',  ( 389.7455237310122129, -0.9889508697694729955, 371.2299999744381012 ) ) ;
#2492 = CARTESIAN_POINT ( 'NONE',  ( 139.3748017236159455, -13.46934040100625829, 21.64598489655633173 ) ) ;
#2493 = CARTESIAN_POINT ( 'NONE',  ( 278.7980734565132366, -4.399650826992142605, 7.526952186049232552 ) ) ;
#2494 = DIRECTION ( 'NONE',  ( 0.000000000000000000, 1.000000000000000000, 0.000000000000000000 ) ) ;
#2495 = CARTESIAN_POINT ( 'NONE',  ( 285.2215954006419452, -3.709133465061427604, 20.82096675531386865 ) ) ;
#2496 = CARTESIAN_POINT ( 'NONE',  ( 275.7497145680475228, -5.149006109254516517, 34.38936651926857024 ) ) ;
#2497 = CARTESIAN_POINT ( 'NONE',  ( 261.6578551624518809, -5.853392858403815957, 7.375955820380583283 ) ) ;
#2498 = CARTESIAN_POINT ( 'NONE',  ( 209.8637407784339359, -7.992019535281117193, 127.9099999999999966 ) ) ;
#2499 = CARTESIAN_POINT ( 'NONE',  ( 139.3850556192414558, -13.39965743801476705, 6.621327867474008144 ) ) ;
#2500 = CARTESIAN_POINT ( 'NONE',  ( 332.4939411054766651, -3.788149204330530484, 338.3976827771889475 ) ) ;
#2501 = CARTESIAN_POINT ( 'NONE',  ( 400.3934096594678635, -2.130895127855128912, 371.7299999999999045 ) ) ;
#2502 = CARTESIAN_POINT ( 'NONE',  ( 284.0711325663809248, 0.5053424961270462923, 6.000000000000000000 ) ) ;
#2503 = CARTESIAN_POINT ( 'NONE',  ( 337.8922301455830848, -4.256522049152505538, 347.2588979697308105 ) ) ;
#2504 = CARTESIAN_POINT ( 'NONE',  ( 115.9358594786244083, -13.65165133866816838, 6.576867686447917194 ) ) ;
#2505 = CARTESIAN_POINT ( 'NONE',  ( 387.2920217325141721, -3.051486621159153589, 371.7300000000000182 ) ) ;
#2506 = CARTESIAN_POINT ( 'NONE',  ( 278.2459850161844201, -4.456548109603442498, 7.516297848377379687 ) ) ;
#2507 = CARTESIAN_POINT ( 'NONE',  ( 125.6117545069074311, -43.07938103743692437, 14.09999999818359484 ) ) ;
#2508 = CARTESIAN_POINT ( 'NONE',  ( 332.6647059270487148, -3.788149204330518938, 338.2935704546067086 ) ) ;
#2509 = CARTESIAN_POINT ( 'NONE',  ( 128.1551418910640052, -6.918042990541203530, 127.9099999999999966 ) ) ;
#2510 = ORIENTED_EDGE ( 'NONE', *, *, #5318, .T. ) ;
#2511 = CARTESIAN_POINT ( 'NONE',  ( 345.0935074744974713, -2.330792178082649269, 225.4278062678060053 ) ) ;
#2512 = CARTESIAN_POINT ( 'NONE',  ( 195.3275149489819285, -10.83415339326856852, 6.498759705842945600 ) ) ;
#2513 = CARTESIAN_POINT ( 'NONE',  ( 140.8164033440341711, -12.34909693024838440, 23.62437139199369440 ) ) ;
#2514 = CARTESIAN_POINT ( 'NONE',  ( 362.7454704894915380, -4.488564762862277568, 371.7300000000000182 ) ) ;
#2515 = CARTESIAN_POINT ( 'NONE',  ( 162.5118645711517047, -11.77572903327090970, 48.44599962986580977 ) ) ;
#2516 = CARTESIAN_POINT ( 'NONE',  ( 281.2126684856754082, -4.323721615029332277, 6.586784560111940579 ) ) ;
#2517 = CARTESIAN_POINT ( 'NONE',  ( 282.3359714764790169, -4.351524887956687238, 23.24999999818271945 ) ) ;
#2518 = CARTESIAN_POINT ( 'NONE',  ( 264.2360058427721583, -6.207585622604733899, 249.8200000000000784 ) ) ;
#2519 = CARTESIAN_POINT ( 'NONE',  ( 362.7841375466832687, -0.05000000000000541511, 231.6196519831163982 ) ) ;
#2520 = CARTESIAN_POINT ( 'NONE',  ( 283.5274020174841212, -0.05000000000000000278, 6.499999998183607630 ) ) ;
#2521 = CARTESIAN_POINT ( 'NONE',  ( 271.7697425749168474, -5.277370835397892535, 21.21651322649910654 ) ) ;
#2522 = ORIENTED_EDGE ( 'NONE', *, *, #2820, .F. ) ;
#2523 = CARTESIAN_POINT ( 'NONE',  ( 283.0185829557813122, -2.257814410311984599, 23.24999999818359697 ) ) ;
#2524 = B_SPLINE_CURVE_WITH_KNOTS ( 'NONE', 3,
 ( #6750, #5396, #3562, #1639 ),
 .UNSPECIFIED., .F., .F.,
 ( 4, 4 ),
 ( 0.000000000000000000, 0.0005011818834035027589 ),
 .UNSPECIFIED. ) ;
#2525 = ADVANCED_FACE ( 'NONE', ( #2956 ), #7352, .F. ) ;
#2526 = CARTESIAN_POINT ( 'NONE',  ( 391.2694690944003355, -0.8834456438073593487, 371.7300000000000750 ) ) ;
#2527 = CARTESIAN_POINT ( 'NONE',  ( 326.1836118271036185, -4.340547660947012609, 339.1137648087677690 ) ) ;
#2528 = CARTESIAN_POINT ( 'NONE',  ( 275.1213614245870644, -2.948051168116640142, 23.24999999818361118 ) ) ;
#2529 = VERTEX_POINT ( 'NONE', #4179 ) ;
#2530 = CARTESIAN_POINT ( 'NONE',  ( 170.8153597246537743, -11.29694631320121445, 7.238361952423536749 ) ) ;
#2531 = CARTESIAN_POINT ( 'NONE',  ( 289.9181388050951682, -3.050000000000000266, 53.24999837350245713 ) ) ;
#2532 = CARTESIAN_POINT ( 'NONE',  ( 286.7942806229622761, -0.04843809916270024052, 20.62492624024646304 ) ) ;
#2533 = CARTESIAN_POINT ( 'NONE',  ( 294.2135294669115524, -4.398527693187367582, 85.24524168356504106 ) ) ;
#2534 = CARTESIAN_POINT ( 'NONE',  ( 261.7219674701776739, -6.862200167159185682, 6.500047728315422546 ) ) ;
#2536 = EDGE_CURVE ( 'NONE', #1185, #4251, #7019, .T. ) ;
#2535 = CARTESIAN_POINT ( 'NONE',  ( 278.4012228535696067, -4.822722347727374625, 233.8200000000000216 ) ) ;
#2537 = CARTESIAN_POINT ( 'NONE',  ( 132.3855240094520127, -13.35527730845748806, 6.783678374808868483 ) ) ;
#2538 = CARTESIAN_POINT ( 'NONE',  ( 333.6971561198894847, -4.659264862464730150, 339.9869931791191107 ) ) ;
#2539 = CARTESIAN_POINT ( 'NONE',  ( 345.7075175544748049, -1.982746797417682671, 339.2567882390681575 ) ) ;
#2540 = CARTESIAN_POINT ( 'NONE',  ( 326.6033955102645336, 0.4264962799701705887, 127.9099999999999966 ) ) ;
#2541 = CARTESIAN_POINT ( 'NONE',  ( 127.7815580670565225, -12.94776446951699711, 15.35239220258912951 ) ) ;
#2542 = CARTESIAN_POINT ( 'NONE',  ( 289.9181388050951682, -0.2395328087514111970, 53.24999837350245713 ) ) ;
#2543 = CARTESIAN_POINT ( 'NONE',  ( 263.8759736262052229, -6.709186935099790361, 6.500000032126006744 ) ) ;
#2544 = CARTESIAN_POINT ( 'NONE',  ( 278.6605159669871910, -4.480460185728335709, 7.132551099053442201 ) ) ;
#2545 = CARTESIAN_POINT ( 'NONE',  ( 295.8308481658365849, -3.890040276394355789, 84.33194463003238184 ) ) ;
#2546 = CARTESIAN_POINT ( 'NONE',  ( 140.8857474494703865, -12.11886994707176513, 23.41901195261550939 ) ) ;
#2547 =( BOUNDED_SURFACE ( )  B_SPLINE_SURFACE ( 3, 2, ( 
 ( #3964, #2084, #3841 ),
 ( #5722, #7221, #4494 ),
 ( #7553, #736, #138 ),
 ( #5766, #3465, #3232 ),
 ( #1963, #5963, #1431 ),
 ( #2619, #6989, #2696 ),
 ( #3923, #3311, #5192 ),
 ( #6374, #6414, #2658 ) ),
 .UNSPECIFIED., .F., .F., .T. ) 
 B_SPLINE_SURFACE_WITH_KNOTS ( ( 4, 2, 2, 4 ),
 ( 3, 3 ),
 ( 0.000000000000000000, 0.0004446286322524664993, 0.0006669429483786998031, 0.0008892572645049329986 ),
 ( 0.000000000000000000, 1.000000000000000000 ),
 .UNSPECIFIED. ) 
 GEOMETRIC_REPRESENTATION_ITEM ( )  RATIONAL_B_SPLINE_SURFACE ( (
 ( 1.000000000000000000, 0.7007304273915264670, 1.000000000000000000),
 ( 1.000000000000000000, 0.6710631831705129446, 1.000000000000000000),
 ( 1.000000000000000000, 0.6397259519118455584, 1.000000000000000000),
 ( 1.000000000000000000, 0.5934433828094930474, 1.000000000000000000),
 ( 1.000000000000000000, 0.5785762290372641337, 1.000000000000000000),
 ( 1.000000000000000000, 0.5503251194969543958, 1.000000000000000000),
 ( 1.000000000000000000, 0.5368428531946336513, 1.000000000000000000),
 ( 1.000000000000000000, 0.5254174841038172783, 1.000000000000000000) ) ) 
 REPRESENTATION_ITEM ( '' )  SURFACE ( )  );
#2548 = CARTESIAN_POINT ( 'NONE',  ( 325.4403409051427616, -4.336772016138300323, 371.7300000000001319 ) ) ;
#2549 = VERTEX_POINT ( 'NONE', #5029 ) ;
#2550 = CARTESIAN_POINT ( 'NONE',  ( 340.2629054443144696, -2.526989241864307623, 212.1219799667381380 ) ) ;
#2551 = CARTESIAN_POINT ( 'NONE',  ( 212.7508495986142236, -8.958657373190559881, 7.374213632556486431 ) ) ;
#2552 = CARTESIAN_POINT ( 'NONE',  ( 387.7454704894915949, -1.124940481656710567, 371.2300000000000182 ) ) ;
#2553 = B_SPLINE_CURVE_WITH_KNOTS ( 'NONE', 3,
 ( #417, #6663, #5616, #7880 ),
 .UNSPECIFIED., .F., .F.,
 ( 4, 4 ),
 ( 0.000000000000000000, 1.000000000000000000 ),
 .UNSPECIFIED. ) ;
#2554 = ORIENTED_EDGE ( 'NONE', *, *, #1786, .T. ) ;
#2555 = CARTESIAN_POINT ( 'NONE',  ( 342.1714659712610569, -3.343602181733073220, 340.2129994000347324 ) ) ;
#2556 = CARTESIAN_POINT ( 'NONE',  ( 281.0993513208654804, -4.101869305327358717, 6.732240348304125099 ) ) ;
#2557 = CARTESIAN_POINT ( 'NONE',  ( 282.7085521969733577, -4.329513999613665121, 23.24999999818172824 ) ) ;
#2558 = CARTESIAN_POINT ( 'NONE',  ( 181.6555864114906171, -10.69602947652938418, 6.000000000000015987 ) ) ;
#2559 = CARTESIAN_POINT ( 'NONE',  ( 232.6378288037788593, -7.464750531773830744, 191.1577268583853026 ) ) ;
#2560 = CARTESIAN_POINT ( 'NONE',  ( 339.9559007326696474, -1.563521369346440038, 206.5891177697475598 ) ) ;
#2561 = CARTESIAN_POINT ( 'NONE',  ( 328.3843205671781220, -4.592019371776371983, 339.1085020737849050 ) ) ;
#2562 = VERTEX_POINT ( 'NONE', #4652 ) ;
#2563 = CARTESIAN_POINT ( 'NONE',  ( 284.2500560962935197, -1.991258815638149660, 23.24999999818368224 ) ) ;
#2564 = CARTESIAN_POINT ( 'NONE',  ( 281.9504778050419418, -3.032489578915237960, 6.000000000000000000 ) ) ;
#2565 = CARTESIAN_POINT ( 'NONE',  ( 125.1040043776647792, -12.89462209232629775, 16.59999999818357708 ) ) ;
#2566 = CARTESIAN_POINT ( 'NONE',  ( 275.2643769849233877, -2.933777375340930416, 23.24999999818360763 ) ) ;
#2567 = ORIENTED_EDGE ( 'NONE', *, *, #1973, .T. ) ;
#2568 = ADVANCED_FACE ( 'NONE', ( #7555 ), #6301, .T. ) ;
#2569 = CARTESIAN_POINT ( 'NONE',  ( 273.5723258688931310, -3.737815211791904346, 23.14709342400961845 ) ) ;
#2570 = APPROVAL_PERSON_ORGANIZATION ( #4055, #2429, #7805 ) ;
#2571 = CARTESIAN_POINT ( 'NONE',  ( 143.0709401830537217, -12.61222163410496400, 21.53365481071775633 ) ) ;
#2572 = CARTESIAN_POINT ( 'NONE',  ( 286.2642733752165327, -2.254760754965327685, 20.69214473255940234 ) ) ;
#2573 = FACE_OUTER_BOUND ( 'NONE', #489, .T. ) ;
#2574 = CARTESIAN_POINT ( 'NONE',  ( 268.6083546090032428, -5.342057889690698502, 7.253010512121168318 ) ) ;
#2575 = CARTESIAN_POINT ( 'NONE',  ( 257.2371975581146444, -6.254799850673093076, 233.4866666666666504 ) ) ;
#2576 = CARTESIAN_POINT ( 'NONE',  ( 142.8605001137991621, -12.80509893922208775, 7.232913798626635860 ) ) ;
#2577 = CARTESIAN_POINT ( 'NONE',  ( 400.0000522989370779, -0.05002550831054622393, 371.1405941389937766 ) ) ;
#2578 = CARTESIAN_POINT ( 'NONE',  ( 319.0172506644100849, -5.056924008464860343, 127.9100000000000250 ) ) ;
#2579 = CARTESIAN_POINT ( 'NONE',  ( 141.5623645230537875, -12.07514729706512213, 25.23436062409059488 ) ) ;
#2580 = EDGE_CURVE ( 'NONE', #1910, #3937, #5112, .T. ) ;
#2581 = DIRECTION ( 'NONE',  ( -0.3408479626679756236, -0.01380952059903324536, -0.9400170017004561007 ) ) ;
#2582 = CARTESIAN_POINT ( 'NONE',  ( 130.2612199783165181, -13.91211809774871888, 6.515134715276329480 ) ) ;
#2583 = AXIS2_PLACEMENT_3D ( 'NONE', #2514, #7492, #3169 ) ;
#2584 = CARTESIAN_POINT ( 'NONE',  ( 332.6647059270484306, -3.788149204329772424, 338.2935704546062539 ) ) ;
#2585 = CARTESIAN_POINT ( 'NONE',  ( 277.8713991322443349, -5.229969218032400669, 6.524212815042397473 ) ) ;
#2586 = CARTESIAN_POINT ( 'NONE',  ( 345.7087519931747579, -1.982749846427158680, 339.2976140842980044 ) ) ;
#2587 = CARTESIAN_POINT ( 'NONE',  ( 364.7595479375319769, -4.393627464569840768, 371.7300000000000182 ) ) ;
#2588 = CARTESIAN_POINT ( 'NONE',  ( 257.1688710260667676, -8.171344642877967246, 249.8200000000000500 ) ) ;
#2589 = ORIENTED_EDGE ( 'NONE', *, *, #7618, .F. ) ;
#2590 = AXIS2_PLACEMENT_3D ( 'NONE', #7347, #3633, #4898 ) ;
#2591 = CARTESIAN_POINT ( 'NONE',  ( 260.3759738565270254, -8.020603716006325712, 5.999999998183607630 ) ) ;
#2592 = CARTESIAN_POINT ( 'NONE',  ( 198.7900043195693627, -10.05552942869649158, 6.791278834611426340 ) ) ;
#2593 = LINE ( 'NONE', #2636, #903 ) ;
#2594 = CARTESIAN_POINT ( 'NONE',  ( 397.9079349549256222, -0.3092270829485382899, 371.2094867627241115 ) ) ;
#2595 = CARTESIAN_POINT ( 'NONE',  ( 332.1551825394716388, -3.236470537055363472, 337.8816049850821628 ) ) ;
#2596 = CARTESIAN_POINT ( 'NONE',  ( 280.9435205839882883, -3.796783937574075729, 7.350922475803676193 ) ) ;
#2597 = CARTESIAN_POINT ( 'NONE',  ( 279.9056743372956930, -4.535899498768867666, 23.24999999818322749 ) ) ;
#2598 = VECTOR ( 'NONE', #7152, 1000.000000000000000 ) ;
#2599 =( BOUNDED_SURFACE ( )  B_SPLINE_SURFACE ( 3, 2, ( 
 ( #3380, #4687, #5832 ),
 ( #7871, #1540, #6528 ),
 ( #5959, #7179, #7705 ),
 ( #2271, #284, #928 ),
 ( #4728, #6002, #3421 ),
 ( #7217, #2803, #1621 ),
 ( #2108, #4768, #4115 ),
 ( #408, #5875, #1581 ) ),
 .UNSPECIFIED., .F., .F., .T. ) 
 B_SPLINE_SURFACE_WITH_KNOTS ( ( 4, 2, 2, 4 ),
 ( 3, 3 ),
 ( 0.006243522105917018693, 0.007386747651624545052, 0.007958360424478307799, 0.008529973197332070545 ),
 ( 0.000000000000000000, 1.000000000000000000 ),
 .UNSPECIFIED. ) 
 GEOMETRIC_REPRESENTATION_ITEM ( )  RATIONAL_B_SPLINE_SURFACE ( (
 ( 1.000000000000000000, 0.8363941040075255628, 1.000000000000000000),
 ( 1.000000000000000000, 0.8362517808801950281, 1.000000000000000000),
 ( 1.000000000000000000, 0.8360682559716062778, 1.000000000000000000),
 ( 1.000000000000000000, 0.8358514926551043889, 1.000000000000000000),
 ( 1.000000000000000000, 0.8357907545529518201, 1.000000000000000000),
 ( 1.000000000000000000, 0.8357030047495977998, 1.000000000000000000),
 ( 1.000000000000000000, 0.8356761232495775182, 1.000000000000000000),
 ( 1.000000000000000000, 0.8356712120783340580, 1.000000000000000000) ) ) 
 REPRESENTATION_ITEM ( '' )  SURFACE ( )  );
#2600 = CARTESIAN_POINT ( 'NONE',  ( 339.8307591225816964, -2.959606509883894621, 371.7300000000002456 ) ) ;
#2601 = CARTESIAN_POINT ( 'NONE',  ( 301.9278286917991068, -4.408239539835550502, 300.7497738933405458 ) ) ;
#2602 = CARTESIAN_POINT ( 'NONE',  ( 339.0162572181521341, -2.282406451043565543, 339.6877134123574820 ) ) ;
#2603 = ORIENTED_EDGE ( 'NONE', *, *, #6688, .F. ) ;
#2604 = CARTESIAN_POINT ( 'NONE',  ( 333.3121226389941967, -4.581795887433220749, 339.3554620401185389 ) ) ;
#2605 = CARTESIAN_POINT ( 'NONE',  ( 332.2743482534283430, -4.506748877986458623, 339.1067434596402563 ) ) ;
#2606 = ORIENTED_EDGE ( 'NONE', *, *, #1381, .F. ) ;
#2607 = DIRECTION ( 'NONE',  ( 0.000000000000000000, 0.000000000000000000, -1.000000000000000000 ) ) ;
#2608 = CARTESIAN_POINT ( 'NONE',  ( 284.9273472094621411, -1.656250137138762124, 23.24999999818361829 ) ) ;
#2609 = CARTESIAN_POINT ( 'NONE',  ( 390.7454704894822726, -0.9197229228646647270, 371.2299999744381012 ) ) ;
#2610 = CARTESIAN_POINT ( 'NONE',  ( 334.1635097613744847, -2.166723206434878257, 339.2256652171834048 ) ) ;
#2611 = CARTESIAN_POINT ( 'NONE',  ( 260.3759738565270254, -8.020603716006320383, 5.999999998183607630 ) ) ;
#2612 = EDGE_LOOP ( 'NONE', ( #6495, #1746, #3003, #6083, #3213 ) ) ;
#2613 = B_SPLINE_CURVE_WITH_KNOTS ( 'NONE', 3,
 ( #6015, #6056, #3601, #5479, #1023, #501, #462, #7355, #3515, #2906 ),
 .UNSPECIFIED., .F., .F.,
 ( 4, 2, 2, 2, 4 ),
 ( 0.000000000000000000, 0.0002505769809341306569, 0.0005011539618682613138, 0.0007517309428023919706, 0.001002307923736522628 ),
 .UNSPECIFIED. ) ;
#2614 = CARTESIAN_POINT ( 'NONE',  ( 273.5826643471943953, -3.706589761614413003, 23.15677944089421203 ) ) ;
#2615 = DIRECTION ( 'NONE',  ( 1.616521140035806834E-18, 0.000000000000000000, -1.000000000000000000 ) ) ;
#2616 = CARTESIAN_POINT ( 'NONE',  ( 286.1505714008482641, -2.476221199198817224, 20.70603212796512693 ) ) ;
#2617 = DIRECTION ( 'NONE',  ( -0.5345687182012333061, 0.000000000000000000, -0.8451250117708565268 ) ) ;
#2618 = CARTESIAN_POINT ( 'NONE',  ( 268.6060022220660244, -5.317830038205454635, 7.386884113272509822 ) ) ;
#2619 = CARTESIAN_POINT ( 'NONE',  ( 332.4369047472613943, -3.537154497100206019, 338.4557694755910688 ) ) ;
#2620 = CARTESIAN_POINT ( 'NONE',  ( 132.3803389278018869, -13.08335426617470532, 7.223263515210780916 ) ) ;
#2621 = DIRECTION ( 'NONE',  ( -1.000000000000000000, 0.000000000000000000, -0.000000000000000000 ) ) ;
#2622 = CARTESIAN_POINT ( 'NONE',  ( 346.1358767467504549, -3.165030616955576193, 338.7033106754613527 ) ) ;
#2623 = CARTESIAN_POINT ( 'NONE',  ( 400.1003240738647833, -0.05000202929122692791, 371.2011049153924773 ) ) ;
#2624 = CARTESIAN_POINT ( 'NONE',  ( 390.7454694554818957, -0.9197078007659618137, 371.2300000000000182 ) ) ;
#2625 = CARTESIAN_POINT ( 'NONE',  ( 130.3757910125357284, -14.08712280272230011, 6.499999998183606742 ) ) ;
#2626 = DIRECTION ( 'NONE',  ( 0.000000000000000000, 0.000000000000000000, 1.000000000000000000 ) ) ;
#2627 = CARTESIAN_POINT ( 'NONE',  ( 277.3798924073196304, -4.517799778213347217, 7.510817832638037039 ) ) ;
#2628 = CARTESIAN_POINT ( 'NONE',  ( 273.4364010407164756, -1.325179085553520819, 22.63918406220279422 ) ) ;
#2629 = CC_DESIGN_DATE_AND_TIME_ASSIGNMENT ( #4833, #3480, ( #7970 ) ) ;
#2630 = EDGE_CURVE ( 'NONE', #1329, #211, #5762, .T. ) ;
#2631 = CARTESIAN_POINT ( 'NONE',  ( 132.3828668151355430, -12.21906248531447048, 23.41342373444647862 ) ) ;
#2632 = CARTESIAN_POINT ( 'NONE',  ( 245.0695206279792444, -7.687145802432731934, 249.8200000000000500 ) ) ;
#2633 = EDGE_LOOP ( 'NONE', ( #2891, #3990, #7617, #2646, #4327, #4519 ) ) ;
#2634 = CARTESIAN_POINT ( 'NONE',  ( 399.3242508427686630, -0.09767883747237010583, 370.4284087457203896 ) ) ;
#2635 = CARTESIAN_POINT ( 'NONE',  ( 198.7847498842289440, -9.962023791651475335, 6.884504838964701001 ) ) ;
#2636 = CARTESIAN_POINT ( 'NONE',  ( 362.7454704894915380, -4.488564762862277568, 371.7300000000000182 ) ) ;
#2637 = CARTESIAN_POINT ( 'NONE',  ( 163.8318307800439584, -13.70423913078056799, 6.499999998183603189 ) ) ;
#2638 = CARTESIAN_POINT ( 'NONE',  ( 255.4414359640241230, -7.422799843378692586, 192.8220412856027792 ) ) ;
#2639 = CARTESIAN_POINT ( 'NONE',  ( 281.0271184379337797, -3.846356763777423637, 7.076108583835777566 ) ) ;
#2640 = CARTESIAN_POINT ( 'NONE',  ( 285.5569396587939082, -3.557369170734593133, 20.97410861481261080 ) ) ;
#2641 = EDGE_CURVE ( 'NONE', #4507, #750, #4978, .T. ) ;
#2642 = CARTESIAN_POINT ( 'NONE',  ( 43.75288745104328569, -8.647844936259241777, 6.000000000000005329 ) ) ;
#2643 = CARTESIAN_POINT ( 'NONE',  ( 325.2946637024971892, -3.375024205215533257, 337.7077661821123229 ) ) ;
#2644 = CARTESIAN_POINT ( 'NONE',  ( 362.3774553523178952, -4.505438221097613827, 371.2299999999997340 ) ) ;
#2645 = CARTESIAN_POINT ( 'NONE',  ( 283.5486801832535662, -4.207195933155426282, 21.18281220807912391 ) ) ;
#2646 = ORIENTED_EDGE ( 'NONE', *, *, #2831, .T. ) ;
#2647 = CARTESIAN_POINT ( 'NONE',  ( 400.5854685673813833, 0.07167261124164310548, 371.1861475759092173 ) ) ;
#2648 = CARTESIAN_POINT ( 'NONE',  ( 279.6977509403569115, -2.514912758143096561, 23.24999999818361118 ) ) ;
#2649 = CARTESIAN_POINT ( 'NONE',  ( 301.3887678278824751, -4.335974427666487330, 127.9099999999999682 ) ) ;
#2650 = CARTESIAN_POINT ( 'NONE',  ( 326.2501999236189931, -2.332726588100188181, 339.2190834091007332 ) ) ;
#2651 = CARTESIAN_POINT ( 'NONE',  ( 246.7136155200916221, -6.832597200238903490, 7.510271888729334044 ) ) ;
#2652 = ORIENTED_EDGE ( 'NONE', *, *, #5974, .F. ) ;
#2653 = CARTESIAN_POINT ( 'NONE',  ( 119.6626087957955775, -13.76825219642846498, 11.59999999818355221 ) ) ;
#2654 = ORIENTED_EDGE ( 'NONE', *, *, #7934, .T. ) ;
#2655 = CARTESIAN_POINT ( 'NONE',  ( 318.9325084298525326, -3.393604792805914094, 153.3421917166196238 ) ) ;
#2656 = CARTESIAN_POINT ( 'NONE',  ( 346.0401733950858443, -2.997342417769622180, 371.1708506504662637 ) ) ;
#2657 = CARTESIAN_POINT ( 'NONE',  ( 252.9327343647225916, -6.606181954040934556, 6.886746468487713102 ) ) ;
#2658 = CARTESIAN_POINT ( 'NONE',  ( 332.6647059270487716, -3.788149204330492292, 338.2935704546067655 ) ) ;
#2659 = CARTESIAN_POINT ( 'NONE',  ( 125.3885027596399766, -13.45702072045013509, 6.781669111701806862 ) ) ;
#2660 = CARTESIAN_POINT ( 'NONE',  ( 346.2701921730371168, -3.158793821387690492, 339.0234184342855315 ) ) ;
#2661 = CARTESIAN_POINT ( 'NONE',  ( 410.4403804585826379, 1.454449117211674469, 371.7300000000000182 ) ) ;
#2662 = CARTESIAN_POINT ( 'NONE',  ( 389.7455205626883981, -0.9889294782218461810, 371.2299999999999613 ) ) ;
#2663 = CARTESIAN_POINT ( 'NONE',  ( 284.3204775684137644, -1.775978283033080585, 23.24999999818325236 ) ) ;
#2664 = CARTESIAN_POINT ( 'NONE',  ( 277.3883663322313282, -4.641472932302839638, 6.999750967769158727 ) ) ;
#2665 = CARTESIAN_POINT ( 'NONE',  ( 318.0048228892254087, -0.3238815759233447111, 145.4134721906773109 ) ) ;
#2666 = DIRECTION ( 'NONE',  ( 0.000000000000000000, 0.000000000000000000, 1.000000000000000000 ) ) ;
#2667 = CARTESIAN_POINT ( 'NONE',  ( 262.2121620529884467, -8.293957902152252259, 249.8200000000000216 ) ) ;
#2668 = ORIENTED_EDGE ( 'NONE', *, *, #3827, .T. ) ;
#2669 = CARTESIAN_POINT ( 'NONE',  ( 143.7021880712364919, -11.07901618066444094, 22.49169417870169596 ) ) ;
#2670 = CARTESIAN_POINT ( 'NONE',  ( 177.8362343690023692, -11.52950412896275445, 6.573689825892303773 ) ) ;
#2671 = EDGE_CURVE ( 'NONE', #5833, #7753, #2451, .T. ) ;
#2672 = CARTESIAN_POINT ( 'NONE',  ( 219.8888558646162608, -9.530808644103789362, 6.499999998183592531 ) ) ;
#2673 = CARTESIAN_POINT ( 'NONE',  ( 130.1043706664144395, -13.56923822357677523, 21.64693745678732029 ) ) ;
#2674 = CARTESIAN_POINT ( 'NONE',  ( 160.3759751290884878, -12.78721587180886843, 6.499999998183606742 ) ) ;
#2675 = CARTESIAN_POINT ( 'NONE',  ( 281.1433428160252106, -4.359138369344380592, 6.586781872927080173 ) ) ;
#2676 = B_SPLINE_SURFACE_WITH_KNOTS ( 'NONE', 3, 3, ( 
 ( #7134, #4072, #5956, #7783 ),
 ( #5913, #4031, #7174, #7867 ),
 ( #2187, #2800, #2969, #5334 ),
 ( #4724, #1537, #1618, #3458 ),
 ( #3543, #4765, #4194, #6078 ),
 ( #2310, #7214, #1577, #4112 ),
 ( #1093, #5461, #2228, #360 ),
 ( #1658, #6564, #6649, #966 ),
 ( #7255, #6523, #6606, #2844 ),
 ( #1702, #1007, #4150, #3498 ),
 ( #925, #5999, #3418, #404 ),
 ( #2890, #1053, #6040, #444 ),
 ( #2929, #5293, #5419, #7908 ),
 ( #4807, #7298, #671, #1822 ),
 ( #2396, #4236, #6273, #1781 ),
 ( #5577, #8065, #34, #2473 ),
 ( #4963, #2509, #7452, #4315 ),
 ( #5540, #1860, #4351, #6197 ),
 ( #526, #4386, #7377, #3053 ),
 ( #6843, #4999, #6160, #596 ),
 ( #7413, #1245, #7338, #6729 ),
 ( #4275, #8028, #6768, #1283 ),
 ( #6809, #5614, #3703, #1132 ),
 ( #6879, #7487, #2435, #4924 ),
 ( #1208, #3737, #3776, #1897 ),
 ( #6236, #3163, #6118, #5652 ),
 ( #631, #2356, #3089, #3125 ),
 ( #4852, #3625, #1742, #3014 ),
 ( #5503, #7991, #4890, #1172 ),
 ( #3665, #562, #6467, #2548 ),
 ( #3201, #7083, #1323, #1483 ),
 ( #150, #1444, #2632, #5039 ),
 ( #6958, #3321, #7044, #3283 ),
 ( #3975, #5163, #1976, #2014 ),
 ( #7643, #5693, #7526, #7566 ),
 ( #108, #7604, #3813, #1934 ),
 ( #793, #5778, #2588, #6310 ),
 ( #749, #4547, #7690, #2053 ),
 ( #4506, #187, #2667, #3244 ),
 ( #5816, #3936, #4427, #6999 ),
 ( #70, #5202, #5080, #6426 ),
 ( #1361, #4466, #831, #3853 ),
 ( #6344, #5738, #1400, #226 ),
 ( #867, #5123, #3361, #2094 ),
 ( #2707, #4591, #6921, #3891 ),
 ( #709, #6388, #1606, #1523 ),
 ( #2298, #7285, #1687, #5320 ),
 ( #5900, #4712, #5856, #269 ),
 ( #1566, #954, #5361, #995 ),
 ( #2135, #4016, #7896, #2788 ),
 ( #432, #5984, #2916, #4060 ),
 ( #3446, #1038, #4181, #7811 ),
 ( #6551, #5279, #5942, #2174 ),
 ( #389, #2214, #3530, #7202 ),
 ( #4753, #4794, #5404, #347 ),
 ( #6678, #4100, #2875, #1080 ),
 ( #4630, #7855, #6027, #6509 ),
 ( #7243, #2256, #2747, #6594 ),
 ( #5241, #7122, #7729, #3485 ),
 ( #308, #1646, #912, #3405 ),
 ( #2830, #4139, #6635, #7769 ),
 ( #4668, #7160, #2423, #1162 ),
 ( #7325, #6187, #1888, #3002 ),
 ( #6759, #6835, #4377, #5530 ),
 ( #4264, #5492, #3655, #7979 ),
 ( #586, #8017, #1235, #4915 ),
 ( #2463, #26, #6226, #6151 ),
 ( #6870, #7403, #3693, #2501 ),
 ( #7937, #3078, #3728, #1729 ),
 ( #4953, #5566, #4991, #1811 ),
 ( #7479, #1199, #2341, #3570 ),
 ( #6067, #7443, #8054, #4838 ),
 ( #5449, #4306, #473, #2957 ),
 ( #6718, #4223, #1121, #3614 ),
 ( #6107, #554, #1850, #3042 ),
 ( #6800, #2383, #622, #4341 ),
 ( #3114, #514, #4879, #5605 ),
 ( #7365, #1770, #782, #821 ),
 ( #1967, #2578, #5685, #6377 ),
 ( #3275, #6912, #99, #141 ),
 ( #1315, #7680, #700, #2087 ),
 ( #4456, #5768, #3313, #663 ),
 ( #7634, #5807, #3155, #5113 ),
 ( #217, #2698, #5194, #178 ),
 ( #7517, #7032, #3844, #5068 ),
 ( #4582, #6991, #61, #1273 ) ),
 .UNSPECIFIED., .F., .F., .F.,
 ( 4, 1, 1, 1, 1, 1, 1, 1, 1, 1, 1, 1, 1, 1, 1, 1, 1, 1, 1, 1, 1, 1, 1, 1, 1, 1, 1, 1, 1, 1, 1, 1, 1, 1, 1, 1, 1, 1, 1, 1, 1, 1, 1, 1, 1, 1, 1, 1, 1, 1, 1, 1, 1, 1, 1, 1, 1, 1, 1, 1, 1, 1, 1, 1, 1, 1, 1, 1, 1, 1, 1, 1, 1, 1, 1, 1, 1, 1, 1, 1, 1, 1, 1, 4 ),
 ( 4, 4 ),
 ( 0.000000000000000000, 0.0009398208508676012679, 0.001879641701735204271, 0.002819462552602809008, 0.003759283403470410276, 0.004699104254338013278, 0.005638925105205618016, 0.007518566806940822286, 0.009398208508676028292, 0.01127785021041123430, 0.01503713361388164631, 0.01879641701735206005, 0.02255570042082247206, 0.02631498382429289101, 0.03007426722776329608, 0.03383355063123370116, 0.03759283403470412011, 0.04135211743817452518, 0.04511140084164493719, 0.04887068424511534920, 0.05262996764858576815, 0.05638925105205618710, 0.06014853445552658523, 0.06390781785899699030, 0.06766710126246738843, 0.07518566806940822633, 0.08270423487634905035, 0.09022280168328986050, 0.09774136849023069840, 0.1052599352971715224, 0.1127785021041123464, 0.1202970689110531566, 0.1278156357179939806, 0.1353342025249348046, 0.1428527693318756286, 0.1503713361388164527, 0.1578899029457572767, 0.1654084697526981007, 0.1729270365596389525, 0.1804456033665797487, 0.1879641701735205728, 0.1954827369804613968, 0.2030013037874022208, 0.2105198705943430448, 0.2180384374012838966, 0.2255570042082246929, 0.2330755710151655169, 0.2405941378221063132, 0.2481127046290471372, 0.2556312714359880167, 0.2706684050498696648, 0.2857055386637513683, 0.3007426722776329608, 0.3157798058915146089, 0.3308169395053962569, 0.3458540731192779050, 0.3533726399262187567, 0.3608912067331595530, 0.3684097735401004603, 0.3759283403470412011, 0.3834469071539820528, 0.3909654739609228491, 0.3984840407678637009, 0.4060026075748044971, 0.4135211743817453489, 0.4210397411886861452, 0.4285583079956269970, 0.4323175913990973673, 0.4360768748025677932, 0.4398361582060383301, 0.4435954416095086450, 0.4473547250129790709, 0.4511140084164494413, 0.4548732918199198116, 0.4586325752233903486, 0.4623918586268606634, 0.4661511420303310893, 0.4699104254338015707, 0.4717900671355368392, 0.4736697088372719411, 0.4755493505390072650, 0.4774289922407423115, 0.4793086339424774689, 0.4811882756442127373 ),
 ( 0.000000000000000000, 1.000000000000000000 ),
 .UNSPECIFIED. ) ;
#2677 = CARTESIAN_POINT ( 'NONE',  ( 285.2347949628050969, -3.720875192193070724, 20.98297516702652388 ) ) ;
#2678 = CARTESIAN_POINT ( 'NONE',  ( 238.9437717656244331, -5.278806044467741820, 249.8199999999999363 ) ) ;
#2679 = CARTESIAN_POINT ( 'NONE',  ( 278.4059807955725887, -6.528426050490822696, 6.499999998183599637 ) ) ;
#2680 = CARTESIAN_POINT ( 'NONE',  ( 362.2454704894913107, -4.511427125974749153, 371.2299999999999045 ) ) ;
#2681 = VERTEX_POINT ( 'NONE', #98 ) ;
#2682 = EDGE_CURVE ( 'NONE', #2200, #6595, #2198, .T. ) ;
#2683 = CARTESIAN_POINT ( 'NONE',  ( 281.7290071325542158, -4.367920708795256068, 21.22984130530388569 ) ) ;
#2684 = ORIENTED_EDGE ( 'NONE', *, *, #4974, .T. ) ;
#2685 = CARTESIAN_POINT ( 'NONE',  ( 400.5760418339534112, 0.1055148592246646644, 371.1580309973747944 ) ) ;
#2686 = CARTESIAN_POINT ( 'NONE',  ( 276.3716142282589772, -2.823509013239852372, 23.24999999818371066 ) ) ;
#2687 = CARTESIAN_POINT ( 'NONE',  ( 360.3878709809093834, -1.397845220881886341, 249.8200000000000216 ) ) ;
#2688 = CARTESIAN_POINT ( 'NONE',  ( 285.8415040301380259, -2.976347934274094609, 20.74440250492785864 ) ) ;
#2689 = CARTESIAN_POINT ( 'NONE',  ( 347.0906915879729127, -3.119819776116893983, 340.6785529802303927 ) ) ;
#2690 = ORIENTED_EDGE ( 'NONE', *, *, #3238, .T. ) ;
#2691 = CARTESIAN_POINT ( 'NONE',  ( 145.2156410526371815, -11.35090394833641092, 22.12207136169091726 ) ) ;
#2692 = VERTEX_POINT ( 'NONE', #1548 ) ;
#2693 = CARTESIAN_POINT ( 'NONE',  ( 180.2919359720215766, -10.97308106138511086, 74.06084771585899773 ) ) ;
#2694 = DIRECTION ( 'NONE',  ( -1.616521140035806834E-18, -0.000000000000000000, 1.000000000000000000 ) ) ;
#2695 = CARTESIAN_POINT ( 'NONE',  ( 258.2043152070613132, -6.689426591785292864, 6.574031303282044547 ) ) ;
#2696 = CARTESIAN_POINT ( 'NONE',  ( 332.6116225769221160, -3.675738115008337026, 338.2065032507638307 ) ) ;
#2697 = CARTESIAN_POINT ( 'NONE',  ( 128.8845586682794817, -13.24675730630679382, 6.982521317115807591 ) ) ;
#2698 = CARTESIAN_POINT ( 'NONE',  ( 323.7179018381987134, -4.512602728606909253, 127.9099999999999966 ) ) ;
#2699 = CARTESIAN_POINT ( 'NONE',  ( 281.9437163588603426, 5.135263253263635086, 6.000000000000000000 ) ) ;
#2700 = CARTESIAN_POINT ( 'NONE',  ( 160.0266418976189584, -12.80544596418775427, 5.999999998183607630 ) ) ;
#2701 = CARTESIAN_POINT ( 'NONE',  ( 231.4147893765651816, -7.017033746889938861, 159.2696068031794425 ) ) ;
#2702 = CARTESIAN_POINT ( 'NONE',  ( 365.9658094409587648, -4.333267952851734606, 371.2411341707108932 ) ) ;
#2703 = CARTESIAN_POINT ( 'NONE',  ( 275.6356728852406377, -5.028987293167704209, 6.700358947867632864 ) ) ;
#2704 = CARTESIAN_POINT ( 'NONE',  ( 364.3462092582263949, -0.1686837426451283928, 273.1148432618194875 ) ) ;
#2705 = CARTESIAN_POINT ( 'NONE',  ( 155.0718887284067762, -12.10973987193463941, 7.243449285857165520 ) ) ;
#2706 = CARTESIAN_POINT ( 'NONE',  ( 365.9781482262141594, -4.332650538591972023, 371.2299999999999613 ) ) ;
#2707 = CARTESIAN_POINT ( 'NONE',  ( 132.0287833376230822, -15.17611049856279237, 6.000000000000007994 ) ) ;
#2708 = VERTEX_POINT ( 'NONE', #891 ) ;
#2709 = CARTESIAN_POINT ( 'NONE',  ( 261.9809051937028244, -7.920547886153565642, 5.999999998183607630 ) ) ;
#2710 = CARTESIAN_POINT ( 'NONE',  ( 174.3097572208477288, -11.11821852165676816, 7.239116159574764175 ) ) ;
#2711 = CARTESIAN_POINT ( 'NONE',  ( 365.7454704894915949, -2.451262585523691584, 371.7300000000000182 ) ) ;
#2712 = CARTESIAN_POINT ( 'NONE',  ( 163.3759738565269970, -13.72649416499977093, 5.999999998183607630 ) ) ;
#2713 = CARTESIAN_POINT ( 'NONE',  ( 263.3759738572293259, -7.822198099843666874, 6.166666406972304948 ) ) ;
#2714 = CARTESIAN_POINT ( 'NONE',  ( 280.9912954622134293, -4.158001501244526388, 6.731290793407609385 ) ) ;
#2715 = CARTESIAN_POINT ( 'NONE',  ( 286.5501700277563941, -3.055943786445741495, 20.97330669271032377 ) ) ;
#2716 = CARTESIAN_POINT ( 'NONE',  ( 228.6931672114866956, -4.016924470309101380, 249.8200000000000784 ) ) ;
#2717 = CARTESIAN_POINT ( 'NONE',  ( 307.9311168197852453, -4.142907767232042460, 310.2448328621657083 ) ) ;
#2718 = AXIS2_PLACEMENT_3D ( 'NONE', #2042, #7594, #1390 ) ;
#2719 = CARTESIAN_POINT ( 'NONE',  ( 343.6569357023633415, -2.081573515938144769, 339.6894734802968401 ) ) ;
#2720 = ORIENTED_EDGE ( 'NONE', *, *, #6537, .F. ) ;
#2721 = CARTESIAN_POINT ( 'NONE',  ( 237.2178133921352696, -7.650553444907098211, 6.885921813233104594 ) ) ;
#2722 = CARTESIAN_POINT ( 'NONE',  ( -1.050738740729650610E-17, -0.05000000000000000278, 6.499999998183606742 ) ) ;
#2723 = VECTOR ( 'NONE', #3267, 1000.000000000000114 ) ;
#2724 = ORIENTED_EDGE ( 'NONE', *, *, #3917, .T. ) ;
#2725 = CARTESIAN_POINT ( 'NONE',  ( 400.5446400573711685, -0.06943540516065732637, 371.2300000000000182 ) ) ;
#2726 = CARTESIAN_POINT ( 'NONE',  ( 282.6285228921199746, -2.296747094381004661, 23.24999999818357921 ) ) ;
#2727 = CARTESIAN_POINT ( 'NONE',  ( 359.0595065686086400, -1.549083095742940230, 249.8200000000000216 ) ) ;
#2728 = DIRECTION ( 'NONE',  ( 0.000000000000000000, 1.000000000000000000, 0.000000000000000000 ) ) ;
#2729 = ADVANCED_FACE ( 'NONE', ( #662 ), #4581, .F. ) ;
#2730 = AXIS2_PLACEMENT_3D ( 'NONE', #6727, #8063, #4889 ) ;
#2731 = CARTESIAN_POINT ( 'NONE',  ( 347.4089599131827413, -3.104055023676868252, 340.1585562199715582 ) ) ;
#2732 = VERTEX_POINT ( 'NONE', #2538 ) ;
#2733 = DIRECTION ( 'NONE',  ( -0.9989196274905395301, -0.04647125793608427452, 0.000000000000000000 ) ) ;
#2734 = ORIENTED_EDGE ( 'NONE', *, *, #91, .T. ) ;
#2735 = CARTESIAN_POINT ( 'NONE',  ( 125.7316426452559881, -11.36780835875279827, 22.07030009049846342 ) ) ;
#2736 = CARTESIAN_POINT ( 'NONE',  ( 120.8859630796957561, -13.01775597960152098, 11.59999999818354866 ) ) ;
#2737 = CARTESIAN_POINT ( 'NONE',  ( 259.9323094190928600, -6.258579768594255022, 6.791930661743082354 ) ) ;
#2738 = CARTESIAN_POINT ( 'NONE',  ( 123.6371931225436498, -13.16947246341661781, 7.475836174609132634 ) ) ;
#2739 = EDGE_CURVE ( 'NONE', #1991, #6468, #7224, .T. ) ;
#2740 = CARTESIAN_POINT ( 'NONE',  ( 345.4469401395280101, -1.995479407564024754, 339.6452209546861241 ) ) ;
#2741 = B_SPLINE_SURFACE_WITH_KNOTS ( 'NONE', 3, 3, ( 
 ( #4334, #3868, #2685, #2647, #1227, #6143, #6218 ),
 ( #4522, #165, #4483, #808, #5179, #5523, #7014 ),
 ( #1192, #723, #766, #3721, #5140, #6975, #3217 ),
 ( #6361, #6181, #3261, #3686, #5560, #125, #5754 ) ),
 .UNSPECIFIED., .F., .F., .F.,
 ( 4, 4 ),
 ( 4, 3, 4 ),
 ( -0.0004243978660176281835, 0.0003826736279681454064 ),
 ( -0.02948532087716221675, 0.4852573395614188656, 1.000000000000000000 ),
 .UNSPECIFIED. ) ;
#2742 = CARTESIAN_POINT ( 'NONE',  ( 284.8907927813589254, -0.1127353572096029960, 23.24999999818355789 ) ) ;
#2743 = CARTESIAN_POINT ( 'NONE',  ( 275.2352463297589793, -5.555116216237865778, 6.498742267232056058 ) ) ;
#2744 = CARTESIAN_POINT ( 'NONE',  ( 272.9929175088813054, -0.4765639550777599487, 21.41755482299441127 ) ) ;
#2745 = CARTESIAN_POINT ( 'NONE',  ( 156.8437027887666773, -12.36940920197870319, 6.698435134558798687 ) ) ;
#2746 = CARTESIAN_POINT ( 'NONE',  ( 140.5663348260164582, -12.69875000828043277, 23.21420951296750346 ) ) ;
#2747 = CARTESIAN_POINT ( 'NONE',  ( 326.5905908358410557, -5.878855260954795270, 249.8200000000000216 ) ) ;
#2748 = ORIENTED_EDGE ( 'NONE', *, *, #2475, .F. ) ;
#2749 = CARTESIAN_POINT ( 'NONE',  ( 327.7207023626996261, -3.767687971285828219, 341.5448933777713023 ) ) ;
#2750 = CARTESIAN_POINT ( 'NONE',  ( 188.3292964239577145, -11.08507218459628163, 6.523977294971431640 ) ) ;
#2751 = CARTESIAN_POINT ( 'NONE',  ( 350.4561809462209112, -0.1581888527524705212, 234.8551248637524225 ) ) ;
#2752 = CARTESIAN_POINT ( 'NONE',  ( 273.4424280469689847, -5.839422451173164497, 6.499999998183605854 ) ) ;
#2753 = CARTESIAN_POINT ( 'NONE',  ( 395.6477759576351900, -0.3748152957138722319, 371.0322504845152025 ) ) ;
#2754 = CARTESIAN_POINT ( 'NONE',  ( 332.6116225800807342, -3.675738105125774702, 338.2065032559447104 ) ) ;
#2755 = CARTESIAN_POINT ( 'NONE',  ( 280.9305874078374927, -4.189114780970880858, 6.730147527338781188 ) ) ;
#2756 = CARTESIAN_POINT ( 'NONE',  ( 274.0751601099478307, -5.103621064268413221, 23.24999999818596663 ) ) ;
#2757 = CARTESIAN_POINT ( 'NONE',  ( 144.1582239385116111, -7.496793038928433184, 127.9100000000000250 ) ) ;
#2758 = CARTESIAN_POINT ( 'NONE',  ( 282.0140312549865484, -1.195273896553235238, 6.499999998177422356 ) ) ;
#2759 = CARTESIAN_POINT ( 'NONE',  ( 345.2491455789544830, -2.007589902161024842, 339.6895293678762755 ) ) ;
#2760 = VERTEX_POINT ( 'NONE', #3597 ) ;
#2761 = CARTESIAN_POINT ( 'NONE',  ( 245.9608753273554385, -7.268546358207945701, 6.699137402479252046 ) ) ;
#2762 = CARTESIAN_POINT ( 'NONE',  ( 262.2436434188481940, -7.160486546259820173, 249.8200000000000216 ) ) ;
#2763 = VERTEX_POINT ( 'NONE', #7225 ) ;
#2764 = CARTESIAN_POINT ( 'NONE',  ( 396.9403819364903256, -0.1910329465994936859, 363.8931447442980129 ) ) ;
#2765 = CARTESIAN_POINT ( 'NONE',  ( 277.2893615751567040, -2.733563353643374771, 23.24999999818359342 ) ) ;
#2766 = CARTESIAN_POINT ( 'NONE',  ( 349.3052856666258776, -2.316477255104187449, 249.8199999999998226 ) ) ;
#2767 = CARTESIAN_POINT ( 'NONE',  ( 285.3307049941424793, -3.599408878524632982, 20.80922844509003156 ) ) ;
#2768 = CARTESIAN_POINT ( 'NONE',  ( 366.1449659957801259, -2.431179059125465169, 371.2299999687081709 ) ) ;
#2769 = CARTESIAN_POINT ( 'NONE',  ( 260.3759738565270254, -8.020603716006320383, 5.999999998183607630 ) ) ;
#2770 = VERTEX_POINT ( 'NONE', #3510 ) ;
#2771 = B_SPLINE_CURVE_WITH_KNOTS ( 'NONE', 3,
 ( #2428, #5412, #6685, #5535 ),
 .UNSPECIFIED., .F., .F.,
 ( 4, 4 ),
 ( 0.001597344970472212031, 0.005957872077780154187 ),
 .UNSPECIFIED. ) ;
#2772 = CARTESIAN_POINT ( 'NONE',  ( 163.6149273007184206, -12.62394066173782647, 6.445938425232487390 ) ) ;
#2773 = ORIENTED_EDGE ( 'NONE', *, *, #2999, .F. ) ;
#2774 = EDGE_CURVE ( 'NONE', #211, #7813, #3905, .T. ) ;
#2775 = PLANE ( 'NONE',  #8058 ) ;
#2776 = CARTESIAN_POINT ( 'NONE',  ( 254.6808026766408943, -6.488326823567439838, 6.886381913281111267 ) ) ;
#2777 = CARTESIAN_POINT ( 'NONE',  ( 121.8914889765615328, -14.05987732013032776, 6.498811459843741645 ) ) ;
#2778 = B_SPLINE_CURVE_WITH_KNOTS ( 'NONE', 3,
 ( #1356, #3196, #4994, #6915, #5647, #8057 ),
 .UNSPECIFIED., .F., .F.,
 ( 4, 2, 4 ),
 ( 0.000000000000000000, 0.0001715331468853443543, 0.0003430662937706887086 ),
 .UNSPECIFIED. ) ;
#2779 = CARTESIAN_POINT ( 'NONE',  ( 214.4807222920973118, -7.255208310933162430, 162.4396654633394235 ) ) ;
#2780 = CARTESIAN_POINT ( 'NONE',  ( 142.1106352344847323, -11.61121454478126758, 22.50000000000000000 ) ) ;
#2781 = EDGE_CURVE ( 'NONE', #3819, #6576, #600, .T. ) ;
#2782 = CARTESIAN_POINT ( 'NONE',  ( 254.2144659609615474, -5.952929476621366511, 195.3180030808740355 ) ) ;
#2783 = CARTESIAN_POINT ( 'NONE',  ( 326.2501999236189931, -2.332726588100188181, 339.2190834091007332 ) ) ;
#2784 = CARTESIAN_POINT ( 'NONE',  ( 276.0640381911190389, -4.808896668319326828, 6.888205636527232834 ) ) ;
#2785 = CARTESIAN_POINT ( 'NONE',  ( 352.7454704894904580, -3.775447749326924285, 371.2299999999982560 ) ) ;
#2786 = CARTESIAN_POINT ( 'NONE',  ( 158.6202965405733778, -12.75580942922932337, 6.498759289271977657 ) ) ;
#2787 = CARTESIAN_POINT ( 'NONE',  ( 127.6007225523119217, -13.80696396051594554, 12.57666911604155047 ) ) ;
#2788 = CARTESIAN_POINT ( 'NONE',  ( 360.7090934563333917, -4.579241214484845557, 371.7299999999997908 ) ) ;
#2789 = ORIENTED_EDGE ( 'NONE', *, *, #4195, .T. ) ;
#2790 = CARTESIAN_POINT ( 'NONE',  ( 351.7444192931104681, -3.044618395578242431, 371.2300000000000182 ) ) ;
#2791 = CARTESIAN_POINT ( 'NONE',  ( 174.3150077492341552, -11.21911647124610845, 6.995284387973691231 ) ) ;
#2792 = CARTESIAN_POINT ( 'NONE',  ( 329.8157024503991579, -3.298769146206940839, 337.7156608423628654 ) ) ;
#2793 = DIRECTION ( 'NONE',  ( -1.000000000000000000, 0.000000000000000000, 0.000000000000000000 ) ) ;
#2794 = CARTESIAN_POINT ( 'NONE',  ( 377.6326885462220844, -1.789569198297649599, 371.2299895417814355 ) ) ;
#2795 = DIRECTION ( 'NONE',  ( 0.000000000000000000, 0.000000000000000000, 1.000000000000000000 ) ) ;
#2796 = CARTESIAN_POINT ( 'NONE',  ( 280.8761434161204420, -3.877789953425177849, 7.211963329565056924 ) ) ;
#2797 = CARTESIAN_POINT ( 'NONE',  ( 285.7466175516308908, -3.461611673059716843, 20.97395546025219915 ) ) ;
#2798 = CARTESIAN_POINT ( 'NONE',  ( 119.0955025690908968, -2.057409658633708283, 127.9100000000000819 ) ) ;
#2799 = FACE_OUTER_BOUND ( 'NONE', #3462, .T. ) ;
#2800 = CARTESIAN_POINT ( 'NONE',  ( 115.2856494102762355, -2.339994334337371917, 127.9099999999999966 ) ) ;
#2801 = EDGE_LOOP ( 'NONE', ( #2436, #807, #364, #1582, #5012, #2234, #293, #4276, #6408, #1500, #162, #5675, #882, #6607, #1989, #1590, #981, #7953 ) ) ;
#2802 = CARTESIAN_POINT ( 'NONE',  ( 245.9484026172829090, -7.081541232958020515, 6.886525190294024767 ) ) ;
#2803 = CARTESIAN_POINT ( 'NONE',  ( 145.6781808645034744, -12.54685382988999187, 21.85275597687010674 ) ) ;
#2804 = ORIENTED_EDGE ( 'NONE', *, *, #936, .F. ) ;
#2805 = CARTESIAN_POINT ( 'NONE',  ( 400.0987150384058282, -0.1951685920702841415, 371.2300000000000182 ) ) ;
#2806 = CARTESIAN_POINT ( 'NONE',  ( 282.8625905178803350, -2.274477854699977986, 23.24999999818371066 ) ) ;
#2807 = CARTESIAN_POINT ( 'NONE',  ( 396.0957542975325509, -0.3491872427166051729, 371.7299999999997908 ) ) ;
#2808 = CARTESIAN_POINT ( 'NONE',  ( 387.6124405567923077, -1.133930185978160532, 371.2299999999946181 ) ) ;
#2809 = B_SPLINE_SURFACE_WITH_KNOTS ( 'NONE', 3, 3, ( 
 ( #892, #2158, #4084, #6575 ),
 ( #978, #4653, #5967, #372 ),
 ( #2857, #5347, #7065, #1465 ),
 ( #6448, #852, #3345, #2942 ),
 ( #3598, #6012, #1670, #634 ),
 ( #5432, #6275, #1106, #1286 ),
 ( #2282, #72, #3740, #6091 ),
 ( #6053, #4353, #458, #1065 ),
 ( #7351, #4864, #6238, #7921 ),
 ( #5654, #3778, #1862, #4429 ),
 ( #3555, #4819, #7310, #2981 ),
 ( #5041, #5001, #36, #7528 ),
 ( #1899, #1938, #3127, #4777 ),
 ( #1247, #2903, #6923, #7489 ) ),
 .UNSPECIFIED., .F., .F., .F.,
 ( 4, 1, 1, 1, 1, 1, 2, 1, 1, 1, 4 ),
 ( 4, 4 ),
 ( 0.5708449312752239546, 0.6027543674415630770, 0.6346638036079023104, 0.6506185216910720381, 0.6665732397742415438, 0.6825279578574109385, 0.6984826759405806662, 0.7738620069554353886, 0.8492413379702903331, 0.9246206689851450555, 1.000000000000000000 ),
 ( 0.000000000000000000, 1.000000000000000000 ),
 .UNSPECIFIED. ) ;
#2810 = CARTESIAN_POINT ( 'NONE',  ( 310.1354085420725823, -1.829212090195467155, 123.7441027640019655 ) ) ;
#2811 = CARTESIAN_POINT ( 'NONE',  ( 119.9193645742711709, -13.16609679981764280, 7.464730057201050428 ) ) ;
#2812 = ORIENTED_EDGE ( 'NONE', *, *, #3928, .F. ) ;
#2813 = CARTESIAN_POINT ( 'NONE',  ( 272.6355952499444015, -4.824839291784381423, 22.41167437965579978 ) ) ;
#2814 = B_SPLINE_CURVE_WITH_KNOTS ( 'NONE', 3,
 ( #5441, #1679, #7929, #6670, #3684, #1153, #6709, #5522, #3646, #1029 ),
 .UNSPECIFIED., .F., .F.,
 ( 4, 3, 3, 4 ),
 ( 0.0005857706713909193114, 0.1582184884447935536, 0.2933435110207869845, 0.4278827609334110438 ),
 .UNSPECIFIED. ) ;
#2815 = EDGE_LOOP ( 'NONE', ( #5477, #3874, #5926, #7147 ) ) ;
#2816 = CARTESIAN_POINT ( 'NONE',  ( 140.3937905292385722, -12.59408858523001484, 23.14790229443705627 ) ) ;
#2817 = CARTESIAN_POINT ( 'NONE',  ( 254.6725909155956913, -6.363636421639298213, 7.121499330354276402 ) ) ;
#2818 = CARTESIAN_POINT ( 'NONE',  ( 127.1340928181443388, -13.13650192402996808, 7.479319482359178650 ) ) ;
#2819 = CARTESIAN_POINT ( 'NONE',  ( 140.6584483260584477, -12.45117439370126533, 23.36529389000305557 ) ) ;
#2820 = EDGE_CURVE ( 'NONE', #7714, #4811, #7804, .T. ) ;
#2821 = CARTESIAN_POINT ( 'NONE',  ( 163.3759738565270254, -12.63568686999301249, 5.999999998183607630 ) ) ;
#2822 = CARTESIAN_POINT ( 'NONE',  ( 162.3758999453013416, -13.77539254807198787, 5.999999998183599637 ) ) ;
#2823 = CARTESIAN_POINT ( 'NONE',  ( 284.7321152740123580, -0.9480817807047079437, 23.24999999818322394 ) ) ;
#2824 = CARTESIAN_POINT ( 'NONE',  ( 387.7454704894915380, -3.020886442433027952, 371.7300000000000182 ) ) ;
#2825 = CARTESIAN_POINT ( 'NONE',  ( 275.6282245556856196, -4.935510214350708580, 6.794579280112308162 ) ) ;
#2826 = DIRECTION ( 'NONE',  ( 0.000000000000000000, 0.000000000000000000, -1.000000000000000000 ) ) ;
#2827 = CARTESIAN_POINT ( 'NONE',  ( 156.8724486679044219, -12.85842141929272842, 6.498756599384862831 ) ) ;
#2828 = CARTESIAN_POINT ( 'NONE',  ( 332.2521437292439828, -3.440427939755764886, 337.6168867696392226 ) ) ;
#2829 = EDGE_CURVE ( 'NONE', #1998, #1459, #2240, .T. ) ;
#2830 = CARTESIAN_POINT ( 'NONE',  ( 222.7291681333419433, -10.43805094909398079, 5.999999999999986677 ) ) ;
#2831 = EDGE_CURVE ( 'NONE', #6079, #2398, #5657, .T. ) ;
#2832 = ORIENTED_EDGE ( 'NONE', *, *, #785, .F. ) ;
#2833 = LINE ( 'NONE', #7815, #1945 ) ;
#2834 = CARTESIAN_POINT ( 'NONE',  ( 184.7933686398540658, -10.53116532778905956, 7.372198305166771881 ) ) ;
#2835 = PLANE ( 'NONE',  #2465 ) ;
#2836 = CARTESIAN_POINT ( 'NONE',  ( 286.6075810058470097, -0.04999999999999851785, 22.29381557627824506 ) ) ;
#2837 = AXIS2_PLACEMENT_3D ( 'NONE', #1561, #3356, #6383 ) ;
#2838 = CARTESIAN_POINT ( 'NONE',  ( 386.6351359374513095, -0.9997032531321495830, 371.0843215067208689 ) ) ;
#2839 = CARTESIAN_POINT ( 'NONE',  ( 333.3634383788669311, -4.298970807018779539, 350.4696876033312947 ) ) ;
#2840 = CARTESIAN_POINT ( 'NONE',  ( 280.8424001448786953, -3.857533809705033345, 7.635681759423057713 ) ) ;
#2841 = CARTESIAN_POINT ( 'NONE',  ( 282.2098783328427771, -4.335301327812866035, 21.22651174502174598 ) ) ;
#2842 = CARTESIAN_POINT ( 'NONE',  ( 116.3123838709728091, -0.4223894934489303976, 127.9100000000000250 ) ) ;
#2843 = CARTESIAN_POINT ( 'NONE',  ( 281.4697489799647201, -2.634384412750007787, 6.499999998182930838 ) ) ;
#2844 = CARTESIAN_POINT ( 'NONE',  ( 311.1122402439476105, -1.899570768339793103, 371.7300000000000750 ) ) ;
#2845 = ORIENTED_EDGE ( 'NONE', *, *, #6537, .T. ) ;
#2846 = CARTESIAN_POINT ( 'NONE',  ( 242.4760595724106906, -7.611644846978903978, 6.624254006783416138 ) ) ;
#2847 = CARTESIAN_POINT ( 'NONE',  ( 284.5020602716721214, -4.013198585194295731, 21.09284230628535894 ) ) ;
#2848 = ORIENTED_EDGE ( 'NONE', *, *, #4091, .T. ) ;
#2849 = CARTESIAN_POINT ( 'NONE',  ( 393.0570777744375164, -0.3464425008860573252, 353.5356382144653367 ) ) ;
#2850 = CARTESIAN_POINT ( 'NONE',  ( 285.0066472435125320, -4.089743631026638404, 23.24999999818393093 ) ) ;
#2851 = AXIS2_PLACEMENT_3D ( 'NONE', #5435, #7884, #6621 ) ;
#2852 = CARTESIAN_POINT ( 'NONE',  ( 323.8360217517047204, -3.355512623746224943, 338.7299999999999613 ) ) ;
#2853 = B_SPLINE_CURVE_WITH_KNOTS ( 'NONE', 3,
 ( #4980, #7064, #6979, #3955, #7586, #6364, #811, #4569, #1995, #290, #1380, #2767, #1505, #3997, #3344, #7624, #3872, #5261, #1420, #7104, #6490, #5223, #5880, #1955, #890, #3386, #4445, #3912, #2688, #4486, #3302, #6938, #1341, #3832, #5757, #5143, #1463, #5182, #5796, #6325, #128, #206, #2033, #727, #5712, #6447, #3220, #769, #2113 ),
 .UNSPECIFIED., .F., .F.,
 ( 4, 2, 2, 1, 1, 2, 2, 2, 2, 1, 2, 2, 2, 1, 1, 1, 2, 2, 2, 1, 2, 2, 2, 2, 2, 2, 2, 4 ),
 ( 0.000000000000000000, 0.007812499999886708679, 0.01171874999983012547, 0.01367187499980175060, 0.01464843749978756403, 0.01513671874978043605, 0.01562499999977330807, 0.02343749999979259993, 0.03124999999981189353, 0.04687499999983632537, 0.05468749999984854476, 0.06249999999986076415, 0.09374999999989594435, 0.1093749999999135830, 0.1171874999999157757, 0.1210937499999168165, 0.1230468749999173300, 0.1249999999999178435, 0.1874999999999305278, 0.2187499999999257538, 0.2343749999999234779, 0.2499999999999212297, 0.3749999999999013567, 0.4374999999998912537, 0.4687499999998862577, 0.4999999999998813172, 0.7499999999999406031, 1.000000000000000000 ),
 .UNSPECIFIED. ) ;
#2854 = CARTESIAN_POINT ( 'NONE',  ( 370.4140498689555443, -2.008201466251843037, 371.7300000000001319 ) ) ;
#2855 = CARTESIAN_POINT ( 'NONE',  ( 340.0869027718609914, -0.6115095918127910757, 206.2888251937917801 ) ) ;
#2856 = CARTESIAN_POINT ( 'NONE',  ( 263.4304509661529892, -6.739793920402015637, 6.261758194921501541 ) ) ;
#2857 = CARTESIAN_POINT ( 'NONE',  ( 338.3822597121682065, -3.813600510112843178, 371.7300000000007572 ) ) ;
#2858 = CIRCLE ( 'NONE', #2718, 0.2000000000000240197 ) ;
#2859 = CARTESIAN_POINT ( 'NONE',  ( 271.0872857825203255, -5.334747031072437196, 21.30073551108061736 ) ) ;
#2860 = ORIENTED_EDGE ( 'NONE', *, *, #7132, .T. ) ;
#2861 = CARTESIAN_POINT ( 'NONE',  ( 273.0724412075983309, -5.176557748680465920, 21.63649349428966673 ) ) ;
#2862 = CARTESIAN_POINT ( 'NONE',  ( 247.7068108038953937, -7.151980364675221580, 6.699222069734168450 ) ) ;
#2863 = B_SPLINE_SURFACE_WITH_KNOTS ( 'NONE', 3, 3, ( 
 ( #3190, #2575, #1472, #6456 ),
 ( #2852, #5342, #5063, #7836 ),
 ( #2237, #4732, #1349, #1625 ),
 ( #1792, #4160, #6127, #5427 ),
 ( #4773, #7876, #6087, #7916 ),
 ( #1061, #6658, #2319, #534 ),
 ( #3594, #4119, #6614, #493 ),
 ( #1750, #2977, #3551, #1016 ),
 ( #7264, #7386, #6049, #3507 ),
 ( #4245, #6007, #454, #2405 ),
 ( #1141, #413, #2899, #6778 ),
 ( #6698, #4815, #5384, #3023 ) ),
 .UNSPECIFIED., .F., .F., .F.,
 ( 4, 1, 1, 1, 2, 1, 1, 1, 4 ),
 ( 4, 4 ),
 ( 0.000000000000000000, 0.01562728815244186081, 0.03125457630488372163, 0.04688186445732558938, 0.06250915260976744325, 0.2968818644573255616, 0.5312545763048838188, 0.7656272881524418539, 1.000000000000000000 ),
 ( 0.000000000000000000, 1.000000000000000000 ),
 .UNSPECIFIED. ) ;
#2864 = CARTESIAN_POINT ( 'NONE',  ( 120.1408731633437412, -14.16925643069719243, 6.500045133116047147 ) ) ;
#2865 = CIRCLE ( 'NONE', #4301, 1.902709655758838547 ) ;
#2866 = CARTESIAN_POINT ( 'NONE',  ( 390.7454704894916517, -2.815984985625258563, 371.2300000000000750 ) ) ;
#2867 = AXIS2_PLACEMENT_3D ( 'NONE', #7583, #7621, #2607 ) ;
#2868 = CARTESIAN_POINT ( 'NONE',  ( 163.3759738565270254, -12.63568686999301249, 6.500000142427190042 ) ) ;
#2869 = CARTESIAN_POINT ( 'NONE',  ( 143.0358049039236050, -11.09809708487648905, 22.16166983232517396 ) ) ;
#2870 = CARTESIAN_POINT ( 'NONE',  ( 285.8753389814824004, -3.862928219006062314, 23.24999999819072727 ) ) ;
#2871 = CARTESIAN_POINT ( 'NONE',  ( 275.1865723501589400, -4.971128697183837097, 6.795013962559125709 ) ) ;
#2872 = CARTESIAN_POINT ( 'NONE',  ( 366.2454702206231900, -2.426126488518280055, 371.2299999281618170 ) ) ;
#2873 = CARTESIAN_POINT ( 'NONE',  ( 151.5760527301088416, -12.30390183718377983, 7.375951797497145357 ) ) ;
#2874 = CARTESIAN_POINT ( 'NONE',  ( 128.0956719302438955, -13.77501570086695537, 13.77309952434994145 ) ) ;
#2875 = CARTESIAN_POINT ( 'NONE',  ( 319.2267514972501772, -6.325706803786792065, 249.8199999999999079 ) ) ;
#2876 = ORIENTED_EDGE ( 'NONE', *, *, #7869, .F. ) ;
#2877 = CARTESIAN_POINT ( 'NONE',  ( 396.6189518220774062, -0.2165504100299117385, 364.0374084243661059 ) ) ;
#2878 = CARTESIAN_POINT ( 'NONE',  ( 167.3200705332231450, -11.46873988945197809, 7.237849110354390270 ) ) ;
#2879 = CARTESIAN_POINT ( 'NONE',  ( 389.2467926557300189, -2.918955903089713644, 371.7300000000000182 ) ) ;
#2880 = CARTESIAN_POINT ( 'NONE',  ( 362.3124224088058440, -2.616343795166739206, 371.2299999802943944 ) ) ;
#2881 = CARTESIAN_POINT ( 'NONE',  ( 388.8952245473356015, -0.9454802092768718191, 371.2095018048331667 ) ) ;
#2882 = CARTESIAN_POINT ( 'NONE',  ( 332.5492840405104857, -3.587202141751045126, 338.1042557090381138 ) ) ;
#2883 = APPROVAL ( #6712, 'UNSPECIFIED' ) ;
#2884 = CARTESIAN_POINT ( 'NONE',  ( 280.8374867623122100, -3.944251989845389161, 7.072153836367386148 ) ) ;
#2885 = EDGE_CURVE ( 'NONE', #5543, #2148, #5077, .T. ) ;
#2886 = CARTESIAN_POINT ( 'NONE',  ( 282.4691574376607832, -4.316187359211686392, 21.22302929670530602 ) ) ;
#2887 = CARTESIAN_POINT ( 'NONE',  ( 217.4429221250565263, -1.621992101493195060, 249.8200000000000784 ) ) ;
#2888 = CARTESIAN_POINT ( 'NONE',  ( 281.8770526532993017, -1.689180346829664447, 6.499999998186815731 ) ) ;
#2889 = B_SPLINE_CURVE_WITH_KNOTS ( 'NONE', 3,
 ( #2824, #4586, #906, #949, #789, #1439 ),
 .UNSPECIFIED., .F., .F.,
 ( 4, 2, 4 ),
 ( 0.000000000000000000, 0.0003561842056007319727, 0.0007123684112014639453 ),
 .UNSPECIFIED. ) ;
#2890 = CARTESIAN_POINT ( 'NONE',  ( 25.25093893618730689, -6.603420277872201538, 5.999999999999995559 ) ) ;
#2891 = ORIENTED_EDGE ( 'NONE', *, *, #3881, .F. ) ;
#2892 = CARTESIAN_POINT ( 'NONE',  ( 237.2606430792962158, -8.326845324140558446, 6.498754166082732375 ) ) ;
#2893 = CARTESIAN_POINT ( 'NONE',  ( 284.1074997912932645, -4.108956097445859434, 21.13751207760511619 ) ) ;
#2894 = ORIENTED_EDGE ( 'NONE', *, *, #7770, .T. ) ;
#2895 = CARTESIAN_POINT ( 'NONE',  ( 390.1601688894360223, -0.4614712128520097600, 345.7166815502343979 ) ) ;
#2896 = CARTESIAN_POINT ( 'NONE',  ( 125.9298828269073169, -11.15686245995265757, 22.38384529683204249 ) ) ;
#2897 = EDGE_CURVE ( 'NONE', #6576, #8032, #4695, .T. ) ;
#2898 = CARTESIAN_POINT ( 'NONE',  ( 285.6391339530981668, -3.870885477727549873, 23.24999999818403396 ) ) ;
#2899 = CARTESIAN_POINT ( 'NONE',  ( 203.5136893128207873, -9.179824879629691736, 128.2433333333333678 ) ) ;
#2900 = CARTESIAN_POINT ( 'NONE',  ( 285.3553207731344514, -5.399849990620799289, 127.9100000000000819 ) ) ;
#2901 = CARTESIAN_POINT ( 'NONE',  ( 362.5065326469627962, -2.607349808459060281, 371.2840709237771080 ) ) ;
#2902 = CARTESIAN_POINT ( 'NONE',  ( 309.7191147835087577, -1.846125677579734781, 122.5970696673148836 ) ) ;
#2903 = CARTESIAN_POINT ( 'NONE',  ( 278.7239186948085603, -7.007509391406426147, 249.8200000000000500 ) ) ;
#2904 = CARTESIAN_POINT ( 'NONE',  ( 271.8367088076809637, -5.183059702251854972, 21.83180213007255333 ) ) ;
#2905 = VERTEX_POINT ( 'NONE', #4325 ) ;
#2906 = CARTESIAN_POINT ( 'NONE',  ( 118.8173775619357713, -13.76288776626565280, 11.13440074790967493 ) ) ;
#2907 = CARTESIAN_POINT ( 'NONE',  ( 251.1775526492986330, -6.601002416704653264, 7.122172945330643046 ) ) ;
#2908 = CARTESIAN_POINT ( 'NONE',  ( 114.9376242849223217, -13.05146543408218207, 7.191897742465957144 ) ) ;
#2909 = CARTESIAN_POINT ( 'NONE',  ( 304.1547251068330979, -3.305645767183916561, 304.2719291401695614 ) ) ;
#2910 = CARTESIAN_POINT ( 'NONE',  ( 163.3759738565270538, -13.72649416501748298, 6.499999998183596084 ) ) ;
#2911 = CARTESIAN_POINT ( 'NONE',  ( 260.3759738565270254, -8.016869531283024486, 5.999999998183607630 ) ) ;
#2912 = CARTESIAN_POINT ( 'NONE',  ( 287.5296413126732205, -1.089089722505411251, 23.24999999818401974 ) ) ;
#2913 = CARTESIAN_POINT ( 'NONE',  ( 270.3495657043699794, -5.209992106411785784, 7.130441164970326540 ) ) ;
#2914 = CARTESIAN_POINT ( 'NONE',  ( 211.9254169213222383, -7.932723975061216848, 127.9099999999999966 ) ) ;
#2915 = CARTESIAN_POINT ( 'NONE',  ( 148.0989185202752481, -12.71608731404039005, 6.884280247569880551 ) ) ;
#2916 = CARTESIAN_POINT ( 'NONE',  ( 294.8473161662846564, -7.638819830783579512, 249.8200000000000216 ) ) ;
#2917 = VERTEX_POINT ( 'NONE', #6818 ) ;
#2918 = CARTESIAN_POINT ( 'NONE',  ( 362.7454704894915380, -4.488564762862277568, 371.7300000000000182 ) ) ;
#2919 = CARTESIAN_POINT ( 'NONE',  ( 165.5855044402017029, -11.82415541221254074, 6.789881424778797303 ) ) ;
#2920 = CARTESIAN_POINT ( 'NONE',  ( 127.7811847781595844, -13.00940029672251796, 12.84677016671744099 ) ) ;
#2921 = CARTESIAN_POINT ( 'NONE',  ( 131.1075525369966215, -11.25845857710364761, 22.15052209373583025 ) ) ;
#2922 = B_SPLINE_CURVE_WITH_KNOTS ( 'NONE', 3,
 ( #3157, #2046, #3885, #5608 ),
 .UNSPECIFIED., .F., .F.,
 ( 4, 4 ),
 ( 0.000000000000000000, 1.000000000000000000 ),
 .UNSPECIFIED. ) ;
#2923 = CARTESIAN_POINT ( 'NONE',  ( 386.6391100015927691, -1.059047447277422949, 371.1728254594119676 ) ) ;
#2924 = CARTESIAN_POINT ( 'NONE',  ( 333.2566966255946568, -4.288572369194448619, 339.2645524046981222 ) ) ;
#2925 = CARTESIAN_POINT ( 'NONE',  ( 279.9708665863777810, -4.934506283614362943, 6.525946661115352043 ) ) ;
#2926 = CARTESIAN_POINT ( 'NONE',  ( 283.1635888715815668, -4.253330448615329828, 21.20224221343238469 ) ) ;
#2927 = CARTESIAN_POINT ( 'NONE',  ( 346.4892269972840495, -43.07938103743692437, 371.2300000000000182 ) ) ;
#2928 = CARTESIAN_POINT ( 'NONE',  ( 283.3405929188850791, -1.529051270937463736, 6.499999998183626282 ) ) ;
#2929 = CARTESIAN_POINT ( 'NONE',  ( 27.23635585498870171, -7.147731894493775329, 6.000000000000001776 ) ) ;
#2930 = ORIENTED_EDGE ( 'NONE', *, *, #2431, .F. ) ;
#2931 = EDGE_CURVE ( 'NONE', #996, #7753, #4206, .T. ) ;
#2932 = CARTESIAN_POINT ( 'NONE',  ( 223.2621977715311345, -8.823931595443008646, 6.624019810229689220 ) ) ;
#2933 = CARTESIAN_POINT ( 'NONE',  ( 269.2295887308486613, -7.106613217645249669, 249.8199999999999363 ) ) ;
#2934 = ORIENTED_EDGE ( 'NONE', *, *, #3328, .F. ) ;
#2935 = CARTESIAN_POINT ( 'NONE',  ( 332.7369178202553712, -3.678825163445916147, 341.5348668802722045 ) ) ;
#2936 = CARTESIAN_POINT ( 'NONE',  ( 347.2425905981147025, -3.109099263109657230, 338.0016465117053599 ) ) ;
#2937 = CARTESIAN_POINT ( 'NONE',  ( 285.2710321823773825, -4.024273566902857979, 23.24999999818807694 ) ) ;
#2938 = CARTESIAN_POINT ( 'NONE',  ( 159.9298108384812167, -13.89926511813098031, 6.499999998183606742 ) ) ;
#2939 = CARTESIAN_POINT ( 'NONE',  ( 226.9555869017816292, -8.083166343221057204, 6.000000000000005329 ) ) ;
#2940 = CARTESIAN_POINT ( 'NONE',  ( 332.5781388050951364, -3.050000000000000266, 171.5470103621549072 ) ) ;
#2941 = CARTESIAN_POINT ( 'NONE',  ( 315.9237079620726263, -1.593955176962040143, 139.6932917911480558 ) ) ;
#2942 = CARTESIAN_POINT ( 'NONE',  ( 113.5803325742769800, -13.82394863504158700, 5.999999999999988454 ) ) ;
#2943 = EDGE_CURVE ( 'NONE', #2398, #209, #3520, .T. ) ;
#2944 = CARTESIAN_POINT ( 'NONE',  ( 271.4434278197177264, -5.280584320184594560, 21.55115858893368141 ) ) ;
#2945 = ORIENTED_EDGE ( 'NONE', *, *, #4379, .T. ) ;
#2946 = CARTESIAN_POINT ( 'NONE',  ( 136.2738281146213239, -12.76346494265976084, 20.22694111990365329 ) ) ;
#2947 = CARTESIAN_POINT ( 'NONE',  ( 247.7144002704652905, -7.264276911589161223, 6.624403995857285565 ) ) ;
#2948 = CARTESIAN_POINT ( 'NONE',  ( 118.4079817437725524, -13.35832971693232984, 6.863256571120770921 ) ) ;
#2949 = CARTESIAN_POINT ( 'NONE',  ( 279.4744024984139514, -2.533600148001148966, 23.24999999818360408 ) ) ;
#2950 = CARTESIAN_POINT ( 'NONE',  ( 282.5150418958132263, -0.04999999999999999584, 7.501230787991946869 ) ) ;
#2951 = CARTESIAN_POINT ( 'NONE',  ( 161.3758760092869977, -13.82485082384144448, 5.999999998183599637 ) ) ;
#2952 = CARTESIAN_POINT ( 'NONE',  ( 286.9279295112389718, -2.588917500195201615, 23.24999999819126018 ) ) ;
#2953 = CARTESIAN_POINT ( 'NONE',  ( 270.3545936073753069, -5.259097254852232339, 7.006328141445727020 ) ) ;
#2954 = CARTESIAN_POINT ( 'NONE',  ( 346.3960322516990118, -4.070044339660782384, 360.8156642050860228 ) ) ;
#2955 = CARTESIAN_POINT ( 'NONE',  ( 149.8605742262800504, -12.91195824301800599, 6.624014195533971971 ) ) ;
#2956 = FACE_OUTER_BOUND ( 'NONE', #5349, .T. ) ;
#2957 = CARTESIAN_POINT ( 'NONE',  ( 404.4664807808659361, -1.824912994386498788, 371.7300000000001319 ) ) ;
#2958 = ORIENTED_EDGE ( 'NONE', *, *, #829, .T. ) ;
#2959 = CARTESIAN_POINT ( 'NONE',  ( 273.6581388050952341, -0.05000000000000552614, 23.24999999818360763 ) ) ;
#2960 = CARTESIAN_POINT ( 'NONE',  ( 170.8453715402528985, -11.89390222244384532, 6.573553448380566877 ) ) ;
#2961 = CARTESIAN_POINT ( 'NONE',  ( 126.8639809827055700, -13.03789648386317523, 11.93006511457421759 ) ) ;
#2962 = CARTESIAN_POINT ( 'NONE',  ( 279.7010430885102323, -5.271730322539881719, 6.499999998183579208 ) ) ;
#2963 = CARTESIAN_POINT ( 'NONE',  ( 393.4053545792191926, -0.6832599188128947176, 371.2305237413841610 ) ) ;
#2964 = CARTESIAN_POINT ( 'NONE',  ( 332.5155980384169538, -3.550806259184016156, 338.0490039963272011 ) ) ;
#2965 = CARTESIAN_POINT ( 'NONE',  ( 280.2295742404718908, -4.389500984495574798, 6.820046556219094391 ) ) ;
#2966 = CARTESIAN_POINT ( 'NONE',  ( 283.0958096104524202, -4.260544399901776025, 21.20507323779373010 ) ) ;
#2967 = CARTESIAN_POINT ( 'NONE',  ( 35.64597991913684183, -7.030519650615243421, 6.000000000000001776 ) ) ;
#2968 = CARTESIAN_POINT ( 'NONE',  ( 280.8584669687799646, -3.887910010265522409, 7.716263092673251833 ) ) ;
#2969 = CARTESIAN_POINT ( 'NONE',  ( 213.0384659163937613, -2.064481200901682190, 249.8199999999999648 ) ) ;
#2970 = ORIENTED_EDGE ( 'NONE', *, *, #640, .T. ) ;
#2971 = CARTESIAN_POINT ( 'NONE',  ( 226.7710677040729479, -8.853125807827574079, 6.524082259185279398 ) ) ;
#2972 = CARTESIAN_POINT ( 'NONE',  ( 346.2843809754316453, -3.714034942680549012, 371.7299999999999045 ) ) ;
#2973 = ORIENTED_EDGE ( 'NONE', *, *, #7822, .T. ) ;
#2974 = CARTESIAN_POINT ( 'NONE',  ( 334.3094559017683878, -3.638527736813467417, 341.5336505515145973 ) ) ;
#2975 = CARTESIAN_POINT ( 'NONE',  ( 281.6108872947714872, -3.734213991598947402, 6.840068891122140116 ) ) ;
#2976 = CARTESIAN_POINT ( 'NONE',  ( 284.9606663372443904, -4.099738892842184512, 23.24999999818346907 ) ) ;
#2977 = CARTESIAN_POINT ( 'NONE',  ( 260.6900517046687469, -6.301634733598960203, 233.4866666666664230 ) ) ;
#2978 = CARTESIAN_POINT ( 'NONE',  ( 288.5625016515336938, -5.194432879221073662, 127.9100000000000819 ) ) ;
#2979 = CARTESIAN_POINT ( 'NONE',  ( 338.3800270542033104, -2.603534988732667088, 206.9381867970438122 ) ) ;
#2980 = CARTESIAN_POINT ( 'NONE',  ( 263.3759738565270254, -6.743536446300549159, 5.999999998183607630 ) ) ;
#2981 = CARTESIAN_POINT ( 'NONE',  ( 121.4250407391679971, -14.01824170012433690, 5.999999999999994671 ) ) ;
#2982 = CARTESIAN_POINT ( 'NONE',  ( 327.0829390412373527, -3.795309138461564480, 338.5587212283627423 ) ) ;
#2983 = EDGE_LOOP ( 'NONE', ( #6028, #3322, #6055, #3666 ) ) ;
#2984 = B_SPLINE_CURVE_WITH_KNOTS ( 'NONE', 3,
 ( #1203, #557, #4760, #1653 ),
 .UNSPECIFIED., .F., .F.,
 ( 4, 4 ),
 ( 8.673617379884035472E-19, 0.0001735473717531439447 ),
 .UNSPECIFIED. ) ;
#2985 = CARTESIAN_POINT ( 'NONE',  ( 346.3915697351040421, -2.932865550366356100, 371.0755410695996943 ) ) ;
#2986 = EDGE_CURVE ( 'NONE', #6452, #6000, #6440, .T. ) ;
#2987 = EDGE_CURVE ( 'NONE', #7753, #6922, #1297, .T. ) ;
#2988 = CARTESIAN_POINT ( 'NONE',  ( 369.6093701254578718, -4.144018085894306758, 371.2300000000000750 ) ) ;
#2989 = AXIS2_PLACEMENT_3D ( 'NONE', #1322, #3812, #5815 ) ;
#2990 = B_SPLINE_CURVE_WITH_KNOTS ( 'NONE', 3,
 ( #6294, #3185, #89, #5186, #1999, #2614, #2569, #1467, #5058, #7547, #4655, #6577, #896, #7146, #5348, #7841, #7882, #2242, #6538, #4739, #2283, #2118, #1671, #5925, #5305, #1631, #7228, #5968, #6494, #294, #4166, #1551, #2813, #4778, #4124, #7269, #331, #373, #6619, #7189, #1021, #4086, #3513, #7795, #4046, #2199, #941, #1066, #6013, #5390, #419, #2904, #6664, #3556, #3392, #6054, #4699, #2160, #1592, #460, #2944, #3430, #5886, #5433, #980, #4615, #3470, #2859, #7108 ),
 .UNSPECIFIED., .F., .F.,
 ( 4, 2, 2, 1, 2, 2, 2, 1, 1, 2, 2, 2, 1, 1, 2, 2, 2, 1, 1, 1, 2, 2, 2, 1, 1, 1, 2, 2, 2, 2, 1, 1, 1, 2, 2, 2, 2, 1, 1, 1, 2, 2, 4 ),
 ( 0.000000000000000000, 0.06249999999967179032, 0.09374999999950359153, 0.1093749999994196448, 0.1171874999993834515, 0.1249999999993472721, 0.1874999999990253075, 0.2187499999988642974, 0.2343749999987843058, 0.2421874999987537191, 0.2499999999987231325, 0.3124999999985478283, 0.3437499999984723886, 0.3593749999984470200, 0.3671874999984343080, 0.3749999999984215959, 0.4374999999983756327, 0.4687499999983531507, 0.4843749999983419374, 0.4921874999983369414, 0.4960937499983468224, 0.4999999999983566479, 0.5624999999982699395, 0.5937499999982412957, 0.6093749999982277510, 0.6171874999982077670, 0.6210937499981976639, 0.6249999999981875609, 0.6874999999985177412, 0.7187499999986828314, 0.7343749999987795318, 0.7421874999988284927, 0.7460937499988528065, 0.7480468749988643529, 0.7499999999988760102, 0.8124999999985481614, 0.8437499999983719690, 0.8593749999982996934, 0.8671874999982635002, 0.8710937499982455146, 0.8730468749982600585, 0.8749999999982744914, 1.000000000000000000 ),
 .UNSPECIFIED. ) ;
#2991 = CARTESIAN_POINT ( 'NONE',  ( 279.2073128055754978, -2.556458602122027024, 23.24999999818360763 ) ) ;
#2992 = CARTESIAN_POINT ( 'NONE',  ( 362.2454707281618198, -2.619445962942569484, 371.2299999540825866 ) ) ;
#2993 = CARTESIAN_POINT ( 'NONE',  ( 161.3758760092869977, -13.82485082384144448, 6.500000000372553544 ) ) ;
#2994 = CARTESIAN_POINT ( 'NONE',  ( 283.8457265830059555, -2.321844719909467614, 23.24999999818373198 ) ) ;
#2995 = AXIS2_PLACEMENT_3D ( 'NONE', #7033, #5195, #5114 ) ;
#2996 = COORDINATED_UNIVERSAL_TIME_OFFSET ( 1, 0, .AHEAD. ) ;
#2997 = CARTESIAN_POINT ( 'NONE',  ( 270.3928267182267859, -5.632523357260628138, 6.626300719545423767 ) ) ;
#2999 = EDGE_CURVE ( 'NONE', #7540, #3531, #6, .T. ) ;
#2998 = CARTESIAN_POINT ( 'NONE',  ( 255.9876652650838196, -8.290641898247480768, 6.499999998183595196 ) ) ;
#3000 = CARTESIAN_POINT ( 'NONE',  ( 151.6221307005440337, -13.04830521590019643, 6.524098766512059555 ) ) ;
#3001 = CARTESIAN_POINT ( 'NONE',  ( 139.2442318658085298, -13.45407964075320351, 22.63188866116036024 ) ) ;
#3002 = CARTESIAN_POINT ( 'NONE',  ( 392.7430718267063980, -2.682689692302425932, 371.7300000000000182 ) ) ;
#3003 = ORIENTED_EDGE ( 'NONE', *, *, #3785, .T. ) ;
#3004 = VECTOR ( 'NONE', #5332, 1000.000000000000000 ) ;
#3005 = CARTESIAN_POINT ( 'NONE',  ( 282.6339308454739125, 4.409590230315830972, 6.000000000000006217 ) ) ;
#3006 = CARTESIAN_POINT ( 'NONE',  ( 163.8373564717037709, -11.90743688523258115, 6.789829178056809411 ) ) ;
#3007 = CARTESIAN_POINT ( 'NONE',  ( 139.4153166276249465, -11.16483372020563181, 22.49080645752763274 ) ) ;
#3008 = CARTESIAN_POINT ( 'NONE',  ( 126.9925167434096949, -11.19181759571672252, 22.47709302842624268 ) ) ;
#3009 = CARTESIAN_POINT ( 'NONE',  ( 387.2454704894916517, -1.124940481656681479, 371.2300000000000182 ) ) ;
#3010 = CARTESIAN_POINT ( 'NONE',  ( 280.0357051718971206, -5.201602644275638454, 6.500051334124339775 ) ) ;
#3011 = CARTESIAN_POINT ( 'NONE',  ( 283.0649564035665549, -4.263733712011446464, 21.20630370085015670 ) ) ;
#3012 = CARTESIAN_POINT ( 'NONE',  ( 284.8934896352407691, -0.05000000000000244527, 23.24999999818360763 ) ) ;
#3013 = CARTESIAN_POINT ( 'NONE',  ( 280.9076482870150926, -3.840400946234347579, 7.716299842842533785 ) ) ;
#3014 = CARTESIAN_POINT ( 'NONE',  ( 322.5079989207677613, -3.994166904510712435, 371.7300000000000750 ) ) ;
#3015 = B_SPLINE_CURVE_WITH_KNOTS ( 'NONE', 3,
 ( #3618, #1693, #6071, #7984, #477, #436, #2961, #4267, #6761, #2346, #7330, #2920, #1733, #556, #6380, #3846, #6338, #3195, #6952, #1969, #7520, #5072, #2541, #665, #6873, #6914, #1275, #3807, #743, #787, #5770, #1927, #63, #1394 ),
 .UNSPECIFIED., .F., .F.,
 ( 4, 2, 2, 2, 2, 2, 2, 2, 2, 2, 2, 2, 2, 2, 2, 2, 4 ),
 ( 0.000000000000000000, 0.0004885068066023601956, 0.0009770136132047203912, 0.001465520419807080695, 0.001954027226409440782, 0.002442534033011800870, 0.002931040839614161390, 0.003419547646216521478, 0.003908054452818881565, 0.004396561259421241652, 0.004885068066023601739, 0.005373574872625961826, 0.005862081679228322781, 0.006350588485830682868, 0.006839095292433042955, 0.007327602099035403042, 0.007816108905637763130 ),
 .UNSPECIFIED. ) ;
#3016 = ORIENTED_EDGE ( 'NONE', *, *, #7120, .T. ) ;
#3017 = CARTESIAN_POINT ( 'NONE',  ( 219.7557935689440853, -8.829811402493012551, 6.791962385832048810 ) ) ;
#3018 = CARTESIAN_POINT ( 'NONE',  ( 352.5066004630465386, -3.578431801099628551, 371.2300000000002456 ) ) ;
#3019 = ORIENTED_EDGE ( 'NONE', *, *, #5271, .T. ) ;
#3020 = CARTESIAN_POINT ( 'NONE',  ( 337.4597961454376787, -3.547825886803684714, 340.2180340313527722 ) ) ;
#3021 = CARTESIAN_POINT ( 'NONE',  ( 281.2158043247986825, -3.645290796559252033, 7.497330463764229513 ) ) ;
#3022 = CARTESIAN_POINT ( 'NONE',  ( 284.1457690780960661, -4.223836783380429338, 23.24999999818358987 ) ) ;
#3023 = CARTESIAN_POINT ( 'NONE',  ( 140.4357336997701395, -12.13414932029558813, 23.00000000000000000 ) ) ;
#3024 = CARTESIAN_POINT ( 'NONE',  ( 224.3929563180472826, -8.821850264936129449, 127.9100000000000250 ) ) ;
#3025 = CARTESIAN_POINT ( 'NONE',  ( 288.8024127411702011, -0.05000000000001456751, 19.56181754923584748 ) ) ;
#3026 = CARTESIAN_POINT ( 'NONE',  ( 135.7303583038820420, -12.66757039344761537, 23.14690958747504723 ) ) ;
#3027 = CARTESIAN_POINT ( 'NONE',  ( 125.4358643653438747, -12.15167849436296343, 21.60248442854957673 ) ) ;
#3028 = ORIENTED_EDGE ( 'NONE', *, *, #6733, .T. ) ;
#3029 = CARTESIAN_POINT ( 'NONE',  ( 127.4444672372663518, -12.79946106616294266, 20.24369674359533633 ) ) ;
#3030 = CARTESIAN_POINT ( 'NONE',  ( 118.4120244044591317, -13.17656276030899321, 7.203032019911947081 ) ) ;
#3031 = CARTESIAN_POINT ( 'NONE',  ( 140.4010870047537480, -12.91355549020713234, 22.94317036969967916 ) ) ;
#3032 = CARTESIAN_POINT ( 'NONE',  ( 281.7966094042645295, -2.359319436278886073, 23.24999999818360408 ) ) ;
#3033 = EDGE_CURVE ( 'NONE', #2148, #285, #1272, .T. ) ;
#3034 = CARTESIAN_POINT ( 'NONE',  ( 362.2454707281618198, -2.619445962942569484, 371.2299999540825866 ) ) ;
#3035 = CARTESIAN_POINT ( 'NONE',  ( 286.7942047811385464, -0.05000981429671453454, 20.62493881542693686 ) ) ;
#3036 = CARTESIAN_POINT ( 'NONE',  ( 283.8702860813215239, -2.298481289325302601, 23.24999999818347973 ) ) ;
#3037 = CALENDAR_DATE ( 2025, 19, 6 ) ;
#3038 = CARTESIAN_POINT ( 'NONE',  ( 272.9902410216073463, -5.168564412305958200, 6.796632191779209187 ) ) ;
#3039 = CARTESIAN_POINT ( 'NONE',  ( 257.9726715124196517, -8.167529251005319679, 6.499999998183603189 ) ) ;
#3040 = CARTESIAN_POINT ( 'NONE',  ( 142.8645272378165316, -12.90696636496704031, 6.990855548282985943 ) ) ;
#3041 = CARTESIAN_POINT ( 'NONE',  ( 140.3955700044444086, -12.69875000828044520, 23.31832183554971394 ) ) ;
#3042 = CARTESIAN_POINT ( 'NONE',  ( 405.9249847770306019, -1.713436466400720670, 371.7300000000001319 ) ) ;
#3043 = CARTESIAN_POINT ( 'NONE',  ( 369.1356584541492794, -0.2322221942034550513, 249.8200000000000500 ) ) ;
#3044 = EDGE_CURVE ( 'NONE', #6576, #4155, #7503, .T. ) ;
#3045 = CARTESIAN_POINT ( 'NONE',  ( 284.2644078152412703, -2.258971416571322166, 23.23378430772472925 ) ) ;
#3046 = B_SPLINE_CURVE_WITH_KNOTS ( 'NONE', 3,
 ( #3509, #415, #6009, #4324, #5009, #4396, #6169, #6780, #1794, #2483 ),
 .UNSPECIFIED., .F., .F.,
 ( 4, 3, 3, 4 ),
 ( 0.000000000000000000, 0.0006845602469755616027, 0.001983556828798507289, 0.002816819879142446262 ),
 .UNSPECIFIED. ) ;
#3047 = CARTESIAN_POINT ( 'NONE',  ( 281.3062503543121693, -4.734320759683095403, 6.499999998183620953 ) ) ;
#3048 = CARTESIAN_POINT ( 'NONE',  ( 260.1372737937955435, -6.951382388267692392, 6.445785221076564930 ) ) ;
#3049 = CARTESIAN_POINT ( 'NONE',  ( 280.7852455407424941, -3.884689327540887138, 7.631365369406613475 ) ) ;
#3050 = CARTESIAN_POINT ( 'NONE',  ( 352.5066004630465386, -3.578431801099628551, 371.2300000000002456 ) ) ;
#3051 = FACE_OUTER_BOUND ( 'NONE', #5842, .T. ) ;
#3052 = CARTESIAN_POINT ( 'NONE',  ( 126.3362285962224547, -12.09411001491828230, 23.94837847445088030 ) ) ;
#3053 = CARTESIAN_POINT ( 'NONE',  ( 315.0000391692791482, -2.792338972649575535, 371.7300000000000182 ) ) ;
#3054 = ORIENTED_EDGE ( 'NONE', *, *, #3391, .T. ) ;
#3055 = CARTESIAN_POINT ( 'NONE',  ( 230.2730814248644720, -8.766272558601530207, 6.498754541727581824 ) ) ;
#3056 = CARTESIAN_POINT ( 'NONE',  ( 203.3260759756168454, -10.47913665059029853, 127.9099999999999966 ) ) ;
#3057 = B_SPLINE_CURVE_WITH_KNOTS ( 'NONE', 3,
 ( #6535, #3957, #4736, #7227, #4123, #1020, #7752, #939, #2731, #5923, #2689, #5183, #3511, #3999, #5884, #7793, #4697, #7187 ),
 .UNSPECIFIED., .F., .F.,
 ( 4, 2, 2, 2, 2, 2, 2, 2, 4 ),
 ( 5.551792708129602992E-17, 0.0006162453436969157284, 0.001232490687393775946, 0.001848736031090636271, 0.002464981374787496380, 0.003081226718484356489, 0.003697472062181217031, 0.004313717405878076706, 0.004929962749574937249 ),
 .UNSPECIFIED. ) ;
#3058 = EDGE_LOOP ( 'NONE', ( #7218, #4000, #6493, #7706, #2654, #7190 ) ) ;
#3059 = CARTESIAN_POINT ( 'NONE',  ( 339.0347273544536506, -3.482189721786245418, 340.2151072806826164 ) ) ;
#3060 = CARTESIAN_POINT ( 'NONE',  ( 281.7725856138109748, -4.507167087543985318, 6.500056007935198998 ) ) ;
#3061 = CARTESIAN_POINT ( 'NONE',  ( 280.0277518411404003, -4.525202648148654028, 23.24999999818446028 ) ) ;
#3062 = CARTESIAN_POINT ( 'NONE',  ( 359.2984032939626786, -2.545650914276210486, 371.7300000000000182 ) ) ;
#3063 = CARTESIAN_POINT ( 'NONE',  ( 399.5121185930953516, -0.05031640679907928987, 369.6117529393288805 ) ) ;
#3064 = CARTESIAN_POINT ( 'NONE',  ( 282.8047023369446151, -2.950089483320780026, 6.499999998183645822 ) ) ;
#3065 = ORIENTED_EDGE ( 'NONE', *, *, #982, .T. ) ;
#3066 = CARTESIAN_POINT ( 'NONE',  ( 398.1875785267973811, -0.05000000000001032091, 366.3799999993478878 ) ) ;
#3067 = CARTESIAN_POINT ( 'NONE',  ( 382.3162473692279377, -3.379606865352619671, 371.2300000000000182 ) ) ;
#3068 = CARTESIAN_POINT ( 'NONE',  ( 247.3088366526905304, -7.171029956125716254, 198.6813936493655035 ) ) ;
#3069 = CARTESIAN_POINT ( 'NONE',  ( 276.7908025517478450, -2.782220944627473269, 23.24999999818360408 ) ) ;
#3070 = CARTESIAN_POINT ( 'NONE',  ( 391.2454704894915380, -2.781361393688388084, 371.2300000000000750 ) ) ;
#3071 = CARTESIAN_POINT ( 'NONE',  ( 140.7991011959844343, -12.11054619909142538, 23.98244723954777768 ) ) ;
#3072 = CARTESIAN_POINT ( 'NONE',  ( 285.5697688044575102, -3.337292440969248819, 20.77907075543162208 ) ) ;
#3073 = CARTESIAN_POINT ( 'NONE',  ( 273.8959056588766430, -5.413175356181533893, 6.575134673383893791 ) ) ;
#3074 = CARTESIAN_POINT ( 'NONE',  ( 189.9810869783035798, -12.33733042862859186, 6.499999998183612959 ) ) ;
#3075 = CARTESIAN_POINT ( 'NONE',  ( 139.3706949709714706, -12.92359311201413519, 7.228531842329386947 ) ) ;
#3076 = ADVANCED_FACE ( 'NONE', ( #238 ), #5418, .T. ) ;
#3077 = CARTESIAN_POINT ( 'NONE',  ( 137.9896536864861218, -13.49218996892318145, 21.64710802586132843 ) ) ;
#3078 = CARTESIAN_POINT ( 'NONE',  ( 302.9556537425460192, -6.306970729067660209, 127.9099999999999966 ) ) ;
#3079 = CARTESIAN_POINT ( 'NONE',  ( 369.0530930139198063, -0.8274316545043456372, 249.8199999999998511 ) ) ;
#3080 = CARTESIAN_POINT ( 'NONE',  ( 284.3264748685614904, -2.349970567883484129, 23.21705392810910951 ) ) ;
#3081 = CARTESIAN_POINT ( 'NONE',  ( 163.6397354668036996, -13.71359760194150113, 6.454162477790202246 ) ) ;
#3082 = CARTESIAN_POINT ( 'NONE',  ( 387.7454704894915949, -3.020886442433027952, 371.7300000000000182 ) ) ;
#3083 = CARTESIAN_POINT ( 'NONE',  ( 280.1541144688637814, -4.142666774323564560, 7.306376451677635941 ) ) ;
#3084 = CARTESIAN_POINT ( 'NONE',  ( 276.1373336059004941, -4.856055636762794059, 21.20750379628283611 ) ) ;
#3085 = ADVANCED_FACE ( 'NONE', ( #3295 ), #525, .F. ) ;
#3086 = EDGE_CURVE ( 'NONE', #2692, #4085, #3226, .T. ) ;
#3087 = CARTESIAN_POINT ( 'NONE',  ( 284.8592785745212268, -0.4595239897200186774, 23.24999999818359697 ) ) ;
#3088 = CARTESIAN_POINT ( 'NONE',  ( 160.3759751290884878, -12.78721587180886843, 6.499999998183606742 ) ) ;
#3089 = CARTESIAN_POINT ( 'NONE',  ( 233.2918946009029071, -6.767797768589072227, 249.8200000000000216 ) ) ;
#3090 = ORIENTED_EDGE ( 'NONE', *, *, #4783, .F. ) ;
#3091 = CARTESIAN_POINT ( 'NONE',  ( 198.8084277338982702, -10.38338446577658303, 6.573834141241272633 ) ) ;
#3092 = CARTESIAN_POINT ( 'NONE',  ( 124.5855923716983682, -13.67344191598976799, 16.59999999818361616 ) ) ;
#3093 = ORIENTED_EDGE ( 'NONE', *, *, #387, .T. ) ;
#3094 = CARTESIAN_POINT ( 'NONE',  ( 328.0046319923733336, -2.605991161133406120, 339.6844399562567105 ) ) ;
#3095 = CARTESIAN_POINT ( 'NONE',  ( 281.3766490183479618, -3.960192516255902184, 6.732268653492582189 ) ) ;
#3096 = CARTESIAN_POINT ( 'NONE',  ( 281.2398219763706493, -4.425538127185727255, 23.24999999818460594 ) ) ;
#3097 = CARTESIAN_POINT ( 'NONE',  ( 353.7378235624534000, -2.746610104111032236, 371.7300000000001319 ) ) ;
#3098 = CARTESIAN_POINT ( 'NONE',  ( 350.7408069983263772, -0.05000000000000778128, 197.0985372837418481 ) ) ;
#3099 = CARTESIAN_POINT ( 'NONE',  ( 339.8320611478582691, -1.777082053378380655, 206.6372500277281858 ) ) ;
#3100 = CARTESIAN_POINT ( 'NONE',  ( 363.7455482537743023, -2.549940729968015241, 371.2299999281618170 ) ) ;
#3101 = ORIENTED_EDGE ( 'NONE', *, *, #7120, .F. ) ;
#3102 = CARTESIAN_POINT ( 'NONE',  ( 284.1194227011630460, -2.041271627478472350, 23.24999999818374263 ) ) ;
#3103 = CARTESIAN_POINT ( 'NONE',  ( 385.9358465243732894, -3.142283000729223286, 371.2300000000000750 ) ) ;
#3104 = CARTESIAN_POINT ( 'NONE',  ( 125.6117545069074311, -12.90098504193865026, 16.59999999818359484 ) ) ;
#3105 = LINE ( 'NONE', #4827, #7814 ) ;
#3106 = CARTESIAN_POINT ( 'NONE',  ( 332.4010128721777164, -4.490275630879486002, 340.0907761486081426 ) ) ;
#3107 = CARTESIAN_POINT ( 'NONE',  ( 285.7330956603947243, -3.127534541219638253, 20.75820096654463498 ) ) ;
#3108 = CARTESIAN_POINT ( 'NONE',  ( 355.0682150609595169, -2.745281040183953358, 371.1343204496334920 ) ) ;
#3109 = CARTESIAN_POINT ( 'NONE',  ( 261.6824739395361803, -6.240769372153708971, 6.698832880426963676 ) ) ;
#3110 = CARTESIAN_POINT ( 'NONE',  ( 274.5937642942095636, -4.962283540065370424, 233.8199999999999932 ) ) ;
#3111 = CARTESIAN_POINT ( 'NONE',  ( 139.3737900802601075, -13.02611457310934640, 6.987732423581467067 ) ) ;
#3112 = VECTOR ( 'NONE', #5358, 1000.000000000000000 ) ;
#3113 = CARTESIAN_POINT ( 'NONE',  ( 125.4033786880122676, -12.56023099410981025, 23.13110836458097097 ) ) ;
#3114 = CARTESIAN_POINT ( 'NONE',  ( 270.2596950914177683, -7.217990451335648316, 5.999999999999998224 ) ) ;
#3115 = CARTESIAN_POINT ( 'NONE',  ( 391.2454704203150868, -0.8851071112017899756, 371.2299999744381012 ) ) ;
#3116 = CIRCLE ( 'NONE', #3518, 1.902709655758831664 ) ;
#3117 = CARTESIAN_POINT ( 'NONE',  ( 334.5616682431665936, -4.411060625971479965, 341.7959797713272678 ) ) ;
#3118 = CARTESIAN_POINT ( 'NONE',  ( 116.2303550145360873, -13.16920137112053801, 7.042654505258433950 ) ) ;
#3119 = CARTESIAN_POINT ( 'NONE',  ( 332.5781388050951364, -0.05000000000000000278, 173.2499941109628310 ) ) ;
#3120 = CARTESIAN_POINT ( 'NONE',  ( 277.8905214403207538, -5.494914113251815557, 6.500047950824736631 ) ) ;
#3121 = CARTESIAN_POINT ( 'NONE',  ( 345.6354065176329300, -1.985858367089923249, 338.9850176486758642 ) ) ;
#3122 = CARTESIAN_POINT ( 'NONE',  ( 362.7454704894915380, -4.488564762862277568, 371.7300000000000182 ) ) ;
#3123 = AXIS2_PLACEMENT_3D ( 'NONE', #6766, #3623, #7450 ) ;
#3124 =( BOUNDED_SURFACE ( )  B_SPLINE_SURFACE ( 3, 2, ( 
 ( #5055, #1840, #5016 ),
 ( #4331, #3031, #1223 ),
 ( #6898, #5672, #5520 ),
 ( #8007, #2413, #4906 ),
 ( #8044, #5593, #7394 ),
 ( #2453, #16, #2492 ) ),
 .UNSPECIFIED., .F., .F., .T. ) 
 B_SPLINE_SURFACE_WITH_KNOTS ( ( 4, 2, 4 ),
 ( 3, 3 ),
 ( 0.000000000000000000, 0.001123503166836715755, 0.002247006333673431510 ),
 ( 0.000000000000000000, 1.000000000000000000 ),
 .UNSPECIFIED. ) 
 GEOMETRIC_REPRESENTATION_ITEM ( )  RATIONAL_B_SPLINE_SURFACE ( (
 ( 1.000000000000000000, 0.8473407112312878464, 1.000000000000000000),
 ( 1.000000000000000000, 0.8323901236612232246, 1.000000000000000000),
 ( 1.000000000000000000, 0.8114275236983964357, 1.000000000000000000),
 ( 1.000000000000000000, 0.7629324616402984871, 1.000000000000000000),
 ( 1.000000000000000000, 0.7348688977929993538, 1.000000000000000000),
 ( 1.000000000000000000, 0.7053329844523610337, 1.000000000000000000) ) ) 
 REPRESENTATION_ITEM ( '' )  SURFACE ( )  );
#3125 = CARTESIAN_POINT ( 'NONE',  ( 321.0567638442958014, -3.799093000196704484, 371.7299999999999613 ) ) ;
#3126 = ORIENTED_EDGE ( 'NONE', *, *, #2739, .F. ) ;
#3127 = CARTESIAN_POINT ( 'NONE',  ( 203.3260759756168454, -10.47913665059029853, 127.9099999999999966 ) ) ;
#3128 = CARTESIAN_POINT ( 'NONE',  ( 205.8131282913292921, -10.24483116934981730, 6.498757762807430893 ) ) ;
#3129 = EDGE_CURVE ( 'NONE', #2529, #2763, #701, .T. ) ;
#3130 = CARTESIAN_POINT ( 'NONE',  ( 147.5941645860931999, -13.54878974854208273, 6.499999998183588978 ) ) ;
#3131 =( GEOMETRIC_REPRESENTATION_CONTEXT ( 3 ) GLOBAL_UNCERTAINTY_ASSIGNED_CONTEXT ( ( #917 ) ) GLOBAL_UNIT_ASSIGNED_CONTEXT ( ( #7037, #7764, #3441 ) ) REPRESENTATION_CONTEXT ( 'NONE', 'WORKASPACE' ) );
#3132 = ORIENTED_EDGE ( 'NONE', *, *, #3328, .T. ) ;
#3133 = CARTESIAN_POINT ( 'NONE',  ( 279.3450316129028579, -6.288273496617943437, 233.1043380572170065 ) ) ;
#3134 = CARTESIAN_POINT ( 'NONE',  ( 281.3132632925855319, -3.607905880232359142, 7.351041191084651594 ) ) ;
#3135 = CARTESIAN_POINT ( 'NONE',  ( 276.8072550838544998, -4.832642064077926847, 23.24999999818288998 ) ) ;
#3136 = CARTESIAN_POINT ( 'NONE',  ( 111.6081449600285964, -12.93781721854075784, 6.000000000000017764 ) ) ;
#3137 = CARTESIAN_POINT ( 'NONE',  ( 347.2998304190604699, -0.05000000000000277139, 187.2353703750194711 ) ) ;
#3138 = CARTESIAN_POINT ( 'NONE',  ( 126.4661827925349940, -12.45152881129862443, 23.23208041233075960 ) ) ;
#3139 = EDGE_CURVE ( 'NONE', #1524, #3819, #7431, .T. ) ;
#3140 = CARTESIAN_POINT ( 'NONE',  ( 289.9181388050951682, -3.050000000000000266, 51.54701462469454043 ) ) ;
#3141 = VERTEX_POINT ( 'NONE', #3583 ) ;
#3142 = CARTESIAN_POINT ( 'NONE',  ( 283.5881785033969891, -2.175660120912223938, 23.24999999818357210 ) ) ;
#3143 = CARTESIAN_POINT ( 'NONE',  ( 260.3759738565270254, -8.016869531283024486, 5.999999998183607630 ) ) ;
#3144 = CARTESIAN_POINT ( 'NONE',  ( 391.2454704203150868, -0.8851071112017899756, 371.2299999744381012 ) ) ;
#3145 = CARTESIAN_POINT ( 'NONE',  ( 171.3523861147836840, -11.24391617214528338, 7.502257138420207916 ) ) ;
#3146 = ORIENTED_EDGE ( 'NONE', *, *, #4927, .F. ) ;
#3147 = CARTESIAN_POINT ( 'NONE',  ( 163.8230800876928868, -11.61167345742392243, 7.369243258482899073 ) ) ;
#3148 = DIRECTION ( 'NONE',  ( 1.000000000000000000, -0.000000000000000000, 1.616521140035806834E-18 ) ) ;
#3149 = CARTESIAN_POINT ( 'NONE',  ( 286.7967310609964215, 0.1252181377033051990, 20.62452002261480288 ) ) ;
#3150 = CARTESIAN_POINT ( 'NONE',  ( 266.9210375376224533, -5.507764478976532097, 10.07263135371096041 ) ) ;
#3151 = CARTESIAN_POINT ( 'NONE',  ( 259.9519491783365766, -6.586598916898327438, 6.574006196079747788 ) ) ;
#3152 = CARTESIAN_POINT ( 'NONE',  ( 271.6214129862266873, -5.070461509791747368, 233.8199999999997942 ) ) ;
#3153 = CARTESIAN_POINT ( 'NONE',  ( 130.6438426115817037, -13.83159962273273713, 6.523293414732731499 ) ) ;
#3154 = CARTESIAN_POINT ( 'NONE',  ( 390.7454704894915949, -2.815983922258062044, 371.7300000000000182 ) ) ;
#3155 = CARTESIAN_POINT ( 'NONE',  ( 366.3248418232497556, -3.068178480444694323, 249.8200000000000216 ) ) ;
#3156 = CARTESIAN_POINT ( 'NONE',  ( 390.7454704894917086, -0.9197229228633322373, 371.5977859242483987 ) ) ;
#3157 = CARTESIAN_POINT ( 'NONE',  ( 260.3759738565270254, -6.936670124549383587, 5.999999998183607630 ) ) ;
#3158 = CARTESIAN_POINT ( 'NONE',  ( 211.6825287790806556, -7.937927548000581979, 128.0710872208252908 ) ) ;
#3159 = CARTESIAN_POINT ( 'NONE',  ( 160.3759738565269970, -13.87621618035439752, 5.999999998183607630 ) ) ;
#3160 = CARTESIAN_POINT ( 'NONE',  ( 277.4139887957422275, -5.015421357732056329, 6.624538578929247024 ) ) ;
#3161 = CARTESIAN_POINT ( 'NONE',  ( 345.6793210335235926, -1.983806599977533613, 339.0544462494806908 ) ) ;
#3162 = CARTESIAN_POINT ( 'NONE',  ( 332.5781388050951364, -3.050000000000000266, 173.2499941109628310 ) ) ;
#3163 = CARTESIAN_POINT ( 'NONE',  ( 142.8500508598079648, -9.422845873662028637, 127.9099999999999397 ) ) ;
#3164 = ORIENTED_EDGE ( 'NONE', *, *, #5891, .T. ) ;
#3165 = CARTESIAN_POINT ( 'NONE',  ( 350.5766992754280977, -2.108410511641395590, 240.5423761188630465 ) ) ;
#3166 = B_SPLINE_CURVE_WITH_KNOTS ( 'NONE', 3,
 ( #6453, #6496, #3549, #6371 ),
 .UNSPECIFIED., .F., .F.,
 ( 4, 4 ),
 ( 0.005940208888768131780, 1.000000000000000000 ),
 .UNSPECIFIED. ) ;
#3167 = CARTESIAN_POINT ( 'NONE',  ( 205.7667268502527236, -9.443956917597750689, 7.119222773395054382 ) ) ;
#3168 = CARTESIAN_POINT ( 'NONE',  ( 273.6567144293437082, -3.310756765662366874, 23.24607610461208296 ) ) ;
#3169 = DIRECTION ( 'NONE',  ( 5.867099493245607105E-14, 1.000000000000000000, 0.000000000000000000 ) ) ;
#3170 = CARTESIAN_POINT ( 'NONE',  ( 145.2981225776566134, -11.34710373985752163, 22.25242899402820385 ) ) ;
#3171 = CARTESIAN_POINT ( 'NONE',  ( 281.2913788826492691, -4.591915820816183214, 6.498538185865177397 ) ) ;
#3172 = CARTESIAN_POINT ( 'NONE',  ( 282.4712586175745059, -4.343443186127312394, 23.24999999818162522 ) ) ;
#3173 = B_SPLINE_CURVE_WITH_KNOTS ( 'NONE', 3,
 ( #4382, #7560, #6916, #5648 ),
 .UNSPECIFIED., .F., .F.,
 ( 4, 4 ),
 ( 0.000000000000000000, 0.008623729071554868050 ),
 .UNSPECIFIED. ) ;
#3174 = CARTESIAN_POINT ( 'NONE',  ( 274.2109439093261471, -6.320144560830468272, 249.8200000000000784 ) ) ;
#3175 = CARTESIAN_POINT ( 'NONE',  ( 409.0152659147331633, -0.04999999999990471788, 364.1461367102975260 ) ) ;
#3176 = CARTESIAN_POINT ( 'NONE',  ( 282.5916293622881312, -3.321680320641699602, 6.499999998183672467 ) ) ;
#3177 = CARTESIAN_POINT ( 'NONE',  ( 283.0376480061536313, -4.266542292914132339, 21.20729779556268468 ) ) ;
#3178 = EDGE_LOOP ( 'NONE', ( #5362, #4405, #4037, #1743 ) ) ;
#3179 = CARTESIAN_POINT ( 'NONE',  ( 284.8152990302641001, -1.712802727540713832, 23.24999999818363960 ) ) ;
#3180 = CARTESIAN_POINT ( 'NONE',  ( 388.7455231592476252, -1.057360369237186681, 371.7300000000000750 ) ) ;
#3181 = CARTESIAN_POINT ( 'NONE',  ( 332.0758014954453756, -3.240518387829040670, 337.7187488652764955 ) ) ;
#3182 = EDGE_CURVE ( 'NONE', #4251, #637, #7041, .T. ) ;
#3183 = CARTESIAN_POINT ( 'NONE',  ( 280.7871333849493567, -3.883907746516716220, 7.631503232948555926 ) ) ;
#3184 = ORIENTED_EDGE ( 'NONE', *, *, #4936, .F. ) ;
#3185 = CARTESIAN_POINT ( 'NONE',  ( 273.6506312121621249, -3.393329140681774714, 23.22931825872210609 ) ) ;
#3186 = CARTESIAN_POINT ( 'NONE',  ( 144.9465159190658312, -12.56791114297865875, 21.53049325463596375 ) ) ;
#3187 = CARTESIAN_POINT ( 'NONE',  ( 286.2279736746323238, -2.328194200237301725, 20.69657836779585125 ) ) ;
#3188 = CARTESIAN_POINT ( 'NONE',  ( 355.0674703501181853, -2.723954756671332689, 371.0286602696030513 ) ) ;
#3189 = CARTESIAN_POINT ( 'NONE',  ( 265.1375072211625934, -5.622087070531175179, 7.513198751028502542 ) ) ;
#3190 = CARTESIAN_POINT ( 'NONE',  ( 323.7883901582439421, -3.355599924416632795, 338.7299999999999613 ) ) ;
#3191 = CARTESIAN_POINT ( 'NONE',  ( 130.6460496951273171, -13.96198108186295883, 6.498795133225010012 ) ) ;
#3192 = CARTESIAN_POINT ( 'NONE',  ( 390.7444318497495033, -0.7247873652235837794, 371.0321153995879513 ) ) ;
#3193 = CARTESIAN_POINT ( 'NONE',  ( 347.5563670076352878, -3.094869777367501573, 338.7495975882476955 ) ) ;
#3194 = CARTESIAN_POINT ( 'NONE',  ( 281.5800000000000978, 5.450000000000003730, 6.000000000000000000 ) ) ;
#3195 = CARTESIAN_POINT ( 'NONE',  ( 128.1118647738672962, -12.97343752582293064, 14.26130918617824861 ) ) ;
#3196 = CARTESIAN_POINT ( 'NONE',  ( 352.7454704894905149, -3.717391217970873463, 371.2299999999981424 ) ) ;
#3197 = CARTESIAN_POINT ( 'NONE',  ( 263.8759737029867551, -6.709099865231112680, 6.500000009497751030 ) ) ;
#3198 = CARTESIAN_POINT ( 'NONE',  ( 278.6659844349390482, -4.529328259407864543, 7.008089920519957161 ) ) ;
#3199 = CARTESIAN_POINT ( 'NONE',  ( 349.0707148815343430, -3.669312822494846138, 371.2300000000004161 ) ) ;
#3200 = CARTESIAN_POINT ( 'NONE',  ( 134.8098936936127359, -12.20533965149812872, 23.41595859848386851 ) ) ;
#3201 = CARTESIAN_POINT ( 'NONE',  ( 74.26843279377021645, -13.70298421547522771, 6.000000000000012434 ) ) ;
#3202 = ORIENTED_EDGE ( 'NONE', *, *, #3434, .F. ) ;
#3203 = CARTESIAN_POINT ( 'NONE',  ( 397.9404454778178319, -0.1500008943596324307, 366.4840887758888357 ) ) ;
#3204 = CARTESIAN_POINT ( 'NONE',  ( 212.7803457432317202, -9.458743751259335752, 6.623865640229158913 ) ) ;
#3205 = CARTESIAN_POINT ( 'NONE',  ( 130.3757910125357284, -14.08712280272230011, 6.499999998183606742 ) ) ;
#3206 = ORIENTED_EDGE ( 'NONE', *, *, #5282, .T. ) ;
#3207 = CARTESIAN_POINT ( 'NONE',  ( 343.7331885775357705, -3.273515594892774327, 341.5229906101044435 ) ) ;
#3208 = CARTESIAN_POINT ( 'NONE',  ( 281.3184644397347824, -4.416753883467573694, 6.528343069410289523 ) ) ;
#3209 = CARTESIAN_POINT ( 'NONE',  ( 281.5804987802536061, -4.399867044092756529, 23.24999999818629703 ) ) ;
#3210 = CARTESIAN_POINT ( 'NONE',  ( 99.23281030590578666, -12.42746889845318314, 5.999999999999993783 ) ) ;
#3211 = CARTESIAN_POINT ( 'NONE',  ( 132.0477882456935674, -13.80941035341701628, 9.628118878507876843 ) ) ;
#3212 = CARTESIAN_POINT ( 'NONE',  ( 337.2760075468701189, -2.056421520197771802, 339.2280146707611266 ) ) ;
#3213 = ORIENTED_EDGE ( 'NONE', *, *, #3276, .F. ) ;
#3214 = CARTESIAN_POINT ( 'NONE',  ( 163.3759738565269970, -13.72649416499977093, 5.999999998183607630 ) ) ;
#3215 = CARTESIAN_POINT ( 'NONE',  ( 281.3279543064090831, -4.395813500661500228, 21.22734032745477251 ) ) ;
#3216 = ORIENTED_EDGE ( 'NONE', *, *, #6638, .F. ) ;
#3217 = CARTESIAN_POINT ( 'NONE',  ( 400.1009767083102133, -0.1941319528276750916, 371.2300000000000182 ) ) ;
#3218 = DIRECTION ( 'NONE',  ( -0.000000000000000000, -1.000000000000000000, -0.000000000000000000 ) ) ;
#3219 = CARTESIAN_POINT ( 'NONE',  ( 387.7454704894915949, -1.124940481656710567, 371.2299999744381012 ) ) ;
#3220 = CARTESIAN_POINT ( 'NONE',  ( 286.7575485039797627, -0.6242469658140434863, 20.63022769904369724 ) ) ;
#3221 = CARTESIAN_POINT ( 'NONE',  ( 274.9930708315777110, -2.960856944170895400, 23.24999999818361118 ) ) ;
#3222 = ORIENTED_EDGE ( 'NONE', *, *, #6880, .F. ) ;
#3223 = CARTESIAN_POINT ( 'NONE',  ( 118.8626439019965346, -12.97145860808071127, 11.20599594024705858 ) ) ;
#3224 = LOCAL_TIME ( 8, 56, 48.00000000000000000, #1601 ) ;
#3225 = CARTESIAN_POINT ( 'NONE',  ( 142.1346589340186028, -12.65120335597687706, 20.22174856708550905 ) ) ;
#3226 = B_SPLINE_CURVE_WITH_KNOTS ( 'NONE', 3,
 ( #5174, #4560, #1372, #5136 ),
 .UNSPECIFIED., .F., .F.,
 ( 4, 4 ),
 ( 0.000000000000000000, 1.000000000000000000 ),
 .UNSPECIFIED. ) ;
#3227 = ADVANCED_FACE ( 'NONE', ( #4643 ), #2676, .T. ) ;
#3228 = ADVANCED_FACE ( 'NONE', ( #6302 ), #930, .F. ) ;
#3229 = CARTESIAN_POINT ( 'NONE',  ( 286.5463756051553901, -1.546216847651985082, 20.65699934057291998 ) ) ;
#3230 = CARTESIAN_POINT ( 'NONE',  ( 350.5583691406072830, -3.018260249922819938, 371.2305394199101443 ) ) ;
#3231 = CARTESIAN_POINT ( 'NONE',  ( 263.4207533910231973, -6.035947388491699428, 6.792860237276824087 ) ) ;
#3232 = CARTESIAN_POINT ( 'NONE',  ( 332.5155980385753764, -3.550806258687570605, 338.0490039965870324 ) ) ;
#3233 = CARTESIAN_POINT ( 'NONE',  ( 132.3917310255545488, -13.68083213089206929, 6.571830271595653805 ) ) ;
#3234 = CARTESIAN_POINT ( 'NONE',  ( 136.2821413089667999, -13.61288025373513477, 16.57336106521175267 ) ) ;
#3235 = CARTESIAN_POINT ( 'NONE',  ( 345.6982014078026850, -1.983010476640785225, 339.1345865303388223 ) ) ;
#3236 = CYLINDRICAL_SURFACE ( 'NONE', #2995, 0.5000000000000004441 ) ;
#3237 = CARTESIAN_POINT ( 'NONE',  ( 259.8759738565270254, -8.020603716006320383, 5.999999998183607630 ) ) ;
#3238 = EDGE_CURVE ( 'NONE', #2681, #7756, #4401, .T. ) ;
#3239 = CARTESIAN_POINT ( 'NONE',  ( 345.2350675899082830, -1.704977487556001980, 339.2299533402286329 ) ) ;
#3240 = CARTESIAN_POINT ( 'NONE',  ( 332.8429730829636242, -3.715946193753709714, 338.5859638843476205 ) ) ;
#3241 = CARTESIAN_POINT ( 'NONE',  ( 277.8231270997578690, -4.561165523032411961, 7.123404745666407578 ) ) ;
#3242 = CARTESIAN_POINT ( 'NONE',  ( 273.2146712794166774, -2.604870950786404737, 22.02836549346871564 ) ) ;
#3243 = CARTESIAN_POINT ( 'NONE',  ( 136.0292668143753474, -12.67789821171848530, 23.13496747712251889 ) ) ;
#3244 = CARTESIAN_POINT ( 'NONE',  ( 339.6755685141004051, -5.049506678934309711, 371.7300000000000750 ) ) ;
#3245 = ORIENTED_EDGE ( 'NONE', *, *, #4828, .T. ) ;
#3246 = DIRECTION ( 'NONE',  ( 0.000000000000000000, 1.000000000000000000, 0.000000000000000000 ) ) ;
#3247 = CARTESIAN_POINT ( 'NONE',  ( 195.2860021290239558, -10.08375776064774954, 6.996258433138931920 ) ) ;
#3248 = CARTESIAN_POINT ( 'NONE',  ( 135.2988281797260584, -14.00543865144078381, 6.499999998183606742 ) ) ;
#3249 = CARTESIAN_POINT ( 'NONE',  ( 326.4586386057300729, -3.354256801011187061, 338.2635324064810902 ) ) ;
#3250 = CARTESIAN_POINT ( 'NONE',  ( 345.2490021215730280, -2.004506224199686049, 339.6881932505721693 ) ) ;
#3251 = CARTESIAN_POINT ( 'NONE',  ( 280.9622112348137080, -3.833376487894224027, 7.213510100572247730 ) ) ;
#3252 = CARTESIAN_POINT ( 'NONE',  ( 284.6654608150643071, -3.959431621750952868, 21.07093424388538239 ) ) ;
#3253 = AXIS2_PLACEMENT_3D ( 'NONE', #254, #2733, #3875 ) ;
#3254 = CARTESIAN_POINT ( 'NONE',  ( 140.9787192188128984, -7.080201070710983480, 127.9100000000000250 ) ) ;
#3255 = CARTESIAN_POINT ( 'NONE',  ( 130.1521552837170361, -13.89739297744995206, 6.518876745243135318 ) ) ;
#3256 = CARTESIAN_POINT ( 'NONE',  ( 329.6628375649422082, -2.573319204420605466, 339.6849356700973317 ) ) ;
#3257 = ORIENTED_EDGE ( 'NONE', *, *, #7656, .F. ) ;
#3258 = CIRCLE ( 'NONE', #1826, 0.1999999999999987899 ) ;
#3259 = CARTESIAN_POINT ( 'NONE',  ( 273.6037651043607752, -5.107045999261517366, 21.21009974034932100 ) ) ;
#3260 = ORIENTED_EDGE ( 'NONE', *, *, #5682, .F. ) ;
#3261 = CARTESIAN_POINT ( 'NONE',  ( 399.7937918680042912, -0.09943547722677131828, 371.1380419013494816 ) ) ;
#3262 = CARTESIAN_POINT ( 'NONE',  ( 284.9965471211103250, -1.621323781573247080, 23.24999999818357210 ) ) ;
#3263 = CARTESIAN_POINT ( 'NONE',  ( 392.6267176726942125, -0.5956824305599327518, 371.7299999999999045 ) ) ;
#3264 = CARTESIAN_POINT ( 'NONE',  ( 327.8331649283631464, -2.317655414709331119, 339.2214475590456004 ) ) ;
#3265 = CARTESIAN_POINT ( 'NONE',  ( 253.5603181751532986, -6.363305105582272247, 7.509815286631580378 ) ) ;
#3266 = ORIENTED_EDGE ( 'NONE', *, *, #4437, .T. ) ;
#3267 = DIRECTION ( 'NONE',  ( 6.409306129323724811E-18, 0.9986295347545739443, -0.05233595624294395260 ) ) ;
#3268 = CARTESIAN_POINT ( 'NONE',  ( 263.8759736262052229, -6.709186935099790361, 6.500000032126006744 ) ) ;
#3269 = CARTESIAN_POINT ( 'NONE',  ( 288.8104850628183726, -5.828446612275653749, 245.6209886935978943 ) ) ;
#3270 = CARTESIAN_POINT ( 'NONE',  ( 350.5559011644023713, -2.927772633300997907, 371.1712915699812356 ) ) ;
#3271 = CARTESIAN_POINT ( 'NONE',  ( 265.1852005261525278, -6.241264119919598841, 6.574577642588590010 ) ) ;
#3272 = DIRECTION ( 'NONE',  ( 0.000000000000000000, 0.000000000000000000, 1.000000000000000000 ) ) ;
#3273 = CARTESIAN_POINT ( 'NONE',  ( 127.1341264716571118, -13.13918993961740433, 7.349371664008152116 ) ) ;
#3274 = B_SPLINE_CURVE_WITH_KNOTS ( 'NONE', 3,
 ( #814, #3836, #210, #731, #5717, #2653 ),
 .UNSPECIFIED., .F., .F.,
 ( 4, 1, 1, 4 ),
 ( 0.000000000000000000, 0.0005470960823372839716, 0.004487344516328095612, 0.005949888002739455763 ),
 .UNSPECIFIED. ) ;
#3275 = CARTESIAN_POINT ( 'NONE',  ( 275.8368975415936575, -6.699902166964370132, 6.000000000000000000 ) ) ;
#3276 = EDGE_CURVE ( 'NONE', #8032, #7582, #5872, .T. ) ;
#3277 = CARTESIAN_POINT ( 'NONE',  ( 139.2100777963649705, -12.71422233058562767, 20.22484832915795749 ) ) ;
#3278 = CARTESIAN_POINT ( 'NONE',  ( 335.6718557682591495, -4.359547508410056338, 343.6169523600718776 ) ) ;
#3279 = PLANE ( 'NONE',  #7551 ) ;
#3280 = CARTESIAN_POINT ( 'NONE',  ( 277.8537136934199339, -4.984934075668116193, 6.624727467778591006 ) ) ;
#3281 = CARTESIAN_POINT ( 'NONE',  ( 389.7345563026190689, -0.08469966208926288376, 343.0615345697212888 ) ) ;
#3282 = CYLINDRICAL_SURFACE ( 'NONE', #1937, 0.5000000000000004441 ) ;
#3283 = CARTESIAN_POINT ( 'NONE',  ( 329.9115114825536352, -4.721829310178823569, 371.7300000000000750 ) ) ;
#3284 = EDGE_CURVE ( 'NONE', #5943, #2529, #986, .T. ) ;
#3285 = VERTEX_POINT ( 'NONE', #3475 ) ;
#3286 = CARTESIAN_POINT ( 'NONE',  ( 399.4683452777761659, -0.08620126034758897327, 370.3617664556163049 ) ) ;
#3287 = CARTESIAN_POINT ( 'NONE',  ( 181.2979608155151823, -10.72114150364306440, 7.372102469583396100 ) ) ;
#3288 = CARTESIAN_POINT ( 'NONE',  ( 140.3937905292385722, -12.59408858523001484, 23.14790229443705627 ) ) ;
#3289 = CARTESIAN_POINT ( 'NONE',  ( 397.9011921902240942, -0.2120740839562609281, 371.0319294397568797 ) ) ;
#3290 = CARTESIAN_POINT ( 'NONE',  ( 332.4907998483079155, -3.678023756228558483, 338.5646034714834514 ) ) ;
#3291 = CARTESIAN_POINT ( 'NONE',  ( 281.3335052270688266, -4.731438269391711415, 6.500055996789038559 ) ) ;
#3292 = CARTESIAN_POINT ( 'NONE',  ( 286.0253900553739754, -3.320875364247338979, 20.97373037605081336 ) ) ;
#3293 = CARTESIAN_POINT ( 'NONE',  ( 257.3290652081006442, -6.069691097772476951, 249.8200000000000784 ) ) ;
#3294 = CARTESIAN_POINT ( 'NONE',  ( 391.2454704894915380, -2.781361393688388084, 371.2300000000000750 ) ) ;
#3295 = FACE_OUTER_BOUND ( 'NONE', #5137, .T. ) ;
#3296 = ORIENTED_EDGE ( 'NONE', *, *, #1626, .F. ) ;
#3297 = CARTESIAN_POINT ( 'NONE',  ( 330.9778345975394700, -4.525286159529232854, 340.0898247698496561 ) ) ;
#3298 = ORIENTED_EDGE ( 'NONE', *, *, #3129, .T. ) ;
#3299 = CARTESIAN_POINT ( 'NONE',  ( 340.6500810109214399, -1.922728490434996385, 188.8650000000000091 ) ) ;
#3300 = CARTESIAN_POINT ( 'NONE',  ( 282.8522378554944794, -2.275527198056104705, 23.24999999818356500 ) ) ;
#3301 = CARTESIAN_POINT ( 'NONE',  ( 255.7697929054766348, -6.206120426219763786, 6.000000000000014211 ) ) ;
#3302 = CARTESIAN_POINT ( 'NONE',  ( 285.9341087144869675, -2.839903579418785906, 20.73272531255750906 ) ) ;
#3303 = CARTESIAN_POINT ( 'NONE',  ( 267.2546649771859961, -5.439429926033922946, 7.517597273800339153 ) ) ;
#3304 = VERTEX_POINT ( 'NONE', #1557 ) ;
#3305 = CARTESIAN_POINT ( 'NONE',  ( 119.0379173115226905, -12.96867908278777293, 11.38535667118767591 ) ) ;
#3306 = B_SPLINE_CURVE_WITH_KNOTS ( 'NONE', 3,
 ( #3438, #4298, #4131, #6099, #6019, #1803, #507, #7972 ),
 .UNSPECIFIED., .F., .F.,
 ( 4, 2, 2, 4 ),
 ( 0.001499650644860651364, 0.004970090149104247970, 0.008440529653347845010, 0.01538140866183512062 ),
 .UNSPECIFIED. ) ;
#3307 = EDGE_LOOP ( 'NONE', ( #4356, #5000, #2038, #7256 ) ) ;
#3308 = CARTESIAN_POINT ( 'NONE',  ( 281.8719781669258850, -3.332617368061784102, 7.639612387458751819 ) ) ;
#3309 = LINE ( 'NONE', #7843, #5715 ) ;
#3310 = CARTESIAN_POINT ( 'NONE',  ( 251.2323575431148015, -7.402224752598664637, 6.498751041381821025 ) ) ;
#3311 = CARTESIAN_POINT ( 'NONE',  ( 332.7601059607717957, -3.512183616163558675, 338.4500453975528558 ) ) ;
#3312 = CARTESIAN_POINT ( 'NONE',  ( 128.8870528498930241, -13.41540904431650461, 6.782793206861659208 ) ) ;
#3313 = CARTESIAN_POINT ( 'NONE',  ( 365.7444448490792865, -3.136065741659716188, 249.8200000000000216 ) ) ;
#3314 = DIRECTION ( 'NONE',  ( -1.000000000000000000, 0.000000000000000000, -0.000000000000000000 ) ) ;
#3315 = CARTESIAN_POINT ( 'NONE',  ( 281.1730638279526033, -3.588475361947739195, 7.730992552748521263 ) ) ;
#3316 = CARTESIAN_POINT ( 'NONE',  ( 283.9338280542076518, -2.237406655650603149, 23.24999999818373198 ) ) ;
#3317 = CARTESIAN_POINT ( 'NONE',  ( 275.1622545669803799, -4.679381913658670733, 7.382787164604348362 ) ) ;
#3318 = CARTESIAN_POINT ( 'NONE',  ( 273.2146792824946715, -3.882306426179561676, 22.02836286071548244 ) ) ;
#3319 = CARTESIAN_POINT ( 'NONE',  ( 160.3492285785997069, -12.28733117487042747, 6.623319147226093939 ) ) ;
#3320 = CARTESIAN_POINT ( 'NONE',  ( 281.9078543481655856, -1.079325418662199221, 5.999999999999999112 ) ) ;
#3321 = CARTESIAN_POINT ( 'NONE',  ( 164.9883089942725007, -10.89315061826648190, 127.9099999999999966 ) ) ;
#3322 = ORIENTED_EDGE ( 'NONE', *, *, #7075, .F. ) ;
#3323 = CARTESIAN_POINT ( 'NONE',  ( 399.1829824857997551, -0.04999999999631590114, 369.1227487123311448 ) ) ;
#3324 = CARTESIAN_POINT ( 'NONE',  ( 174.3286330608272863, -11.48095366378164250, 6.697538590910992795 ) ) ;
#3325 = CARTESIAN_POINT ( 'NONE',  ( 286.7942047811385464, -0.05000981429671453454, 20.62493881542693686 ) ) ;
#3326 = CARTESIAN_POINT ( 'NONE',  ( 395.6494019930157151, -0.3974542260729351240, 371.1363302369289840 ) ) ;
#3327 = CARTESIAN_POINT ( 'NONE',  ( 263.1430548547104991, -6.759537761394981636, 5.999999998183606742 ) ) ;
#3328 = EDGE_CURVE ( 'NONE', #3499, #6324, #6662, .T. ) ;
#3329 = CARTESIAN_POINT ( 'NONE',  ( 281.0837652415709158, -4.242497415474132616, 6.645222184972924495 ) ) ;
#3330 = B_SPLINE_SURFACE_WITH_KNOTS ( 'NONE', 3, 3, ( 
 ( #7565, #7642, #2052, #4465 ),
 ( #1360, #3852, #7042, #1443 ),
 ( #1975, #6957, #830, #3320 ),
 ( #225, #6343, #5201, #7688 ),
 ( #748, #5736, #431, #1645 ),
 ( #5278, #4752, #2134, #346 ),
 ( #5240, #7082, #3445, #953 ) ),
 .UNSPECIFIED., .F., .F., .F.,
 ( 4, 1, 1, 1, 4 ),
 ( 4, 4 ),
 ( 0.000000000000000000, 0.003956918947000088831, 0.007913837894000177661, 0.01187075684100026216, 0.01582767578800035532 ),
 ( 0.000000000000000000, 1.000000000000000000 ),
 .UNSPECIFIED. ) ;
#3331 = ADVANCED_FACE ( 'NONE', ( #4052 ), #4797, .F. ) ;
#3332 = CARTESIAN_POINT ( 'NONE',  ( 270.9067198278020214, -5.380058019688125803, 23.24999999821519125 ) ) ;
#3333 = CARTESIAN_POINT ( 'NONE',  ( 138.3348842412154625, -6.682962182665615813, 127.9100000000000534 ) ) ;
#3334 = CARTESIAN_POINT ( 'NONE',  ( 264.0039334042990049, -7.781238275292591489, 6.499999998183604966 ) ) ;
#3335 = CARTESIAN_POINT ( 'NONE',  ( 333.5832919275042059, -3.657074695737374093, 341.5341140692172530 ) ) ;
#3336 = VERTEX_POINT ( 'NONE', #3645 ) ;
#3337 = CARTESIAN_POINT ( 'NONE',  ( 237.2690110807607198, -8.458978478417979119, 6.500047723524483345 ) ) ;
#3338 = CARTESIAN_POINT ( 'NONE',  ( 345.2117977327644667, -1.204781924492993372, 341.5209662528587842 ) ) ;
#3339 = ORIENTED_EDGE ( 'NONE', *, *, #7508, .T. ) ;
#3340 = CARTESIAN_POINT ( 'NONE',  ( 371.7670948097317023, -0.05000000021002091316, 293.5806635691399720 ) ) ;
#3341 = EDGE_CURVE ( 'NONE', #4565, #54, #4504, .T. ) ;
#3342 = CARTESIAN_POINT ( 'NONE',  ( 276.4581118363417431, -2.814957490220187708, 23.24999999818361118 ) ) ;
#3343 = CARTESIAN_POINT ( 'NONE',  ( 268.1126188173641367, -5.332568309250875771, 6.000000000000000888 ) ) ;
#3344 = CARTESIAN_POINT ( 'NONE',  ( 285.3830267606814459, -3.544138757997064904, 20.80269141689142387 ) ) ;
#3345 = CARTESIAN_POINT ( 'NONE',  ( 189.4865073826057653, -10.47491636090080824, 127.9099999999998545 ) ) ;
#3346 = ORIENTED_EDGE ( 'NONE', *, *, #6080, .T. ) ;
#3347 = DIRECTION ( 'NONE',  ( 0.8451321850280009151, 0.000000000000000000, -0.5345573774907580455 ) ) ;
#3348 = ORIENTED_EDGE ( 'NONE', *, *, #2027, .F. ) ;
#3349 = CARTESIAN_POINT ( 'NONE',  ( 122.2730240407231435, -43.07938103743692437, 16.59999999818355576 ) ) ;
#3350 = CARTESIAN_POINT ( 'NONE',  ( 330.7661962484287415, -0.9907207641359162542, 180.5941196617481239 ) ) ;
#3351 = CARTESIAN_POINT ( 'NONE',  ( 258.1844357948812672, -6.361389214189571817, 6.792025750827726860 ) ) ;
#3352 = CARTESIAN_POINT ( 'NONE',  ( 123.6420902200216716, -13.91918819428620147, 6.523103195879768279 ) ) ;
#3353 = CARTESIAN_POINT ( 'NONE',  ( 388.7470799815581017, -2.953294616456229260, 371.2300000000000182 ) ) ;
#3354 = CARTESIAN_POINT ( 'NONE',  ( 126.3517707523951259, -12.73798357837627293, 23.05112140374877328 ) ) ;
#3355 = CARTESIAN_POINT ( 'NONE',  ( 284.8594068185996662, -0.4104624013350440248, 23.24999999818370355 ) ) ;
#3356 = DIRECTION ( 'NONE',  ( 0.000000000000000000, 0.000000000000000000, 1.000000000000000000 ) ) ;
#3357 = CARTESIAN_POINT ( 'NONE',  ( 276.5073001561074193, -4.775760201104941594, 6.887611660697482208 ) ) ;
#3358 = CARTESIAN_POINT ( 'NONE',  ( 349.8414980591133485, -0.5500239374597073461, 233.1444468468712614 ) ) ;
#3359 = CARTESIAN_POINT ( 'NONE',  ( 160.3233049291025907, -11.78646115369448744, 7.370963290942382784 ) ) ;
#3360 = CARTESIAN_POINT ( 'NONE',  ( 125.7769358981364576, -13.84227759061746710, 11.59999999818319338 ) ) ;
#3361 = CARTESIAN_POINT ( 'NONE',  ( 275.3373956388253418, -8.390364367188198003, 249.8200000000001637 ) ) ;
#3362 = ORIENTED_EDGE ( 'NONE', *, *, #7326, .F. ) ;
#3363 = CARTESIAN_POINT ( 'NONE',  ( 398.3187340142599169, -0.1429100288762999993, 368.1348546463063371 ) ) ;
#3364 = CARTESIAN_POINT ( 'NONE',  ( 184.8205499357364374, -11.03174628428176085, 6.623526716307110540 ) ) ;
#3365 = DIRECTION ( 'NONE',  ( 0.000000000000000000, 0.000000000000000000, -1.000000000000000000 ) ) ;
#3366 = B_SPLINE_CURVE_WITH_KNOTS ( 'NONE', 3,
 ( #7650, #3982, #2839, #2059 ),
 .UNSPECIFIED., .F., .F.,
 ( 4, 4 ),
 ( 0.0005917193019110350083, 0.03744454833309386610 ),
 .UNSPECIFIED. ) ;
#3367 = CARTESIAN_POINT ( 'NONE',  ( 283.5274020174841212, -0.05000000000000000278, 6.499999998183607630 ) ) ;
#3368 = CARTESIAN_POINT ( 'NONE',  ( 393.3964058409864606, -0.5565547260799260654, 371.1363003459957781 ) ) ;
#3369 = CARTESIAN_POINT ( 'NONE',  ( 373.2481662908073190, -2.047177148640812572, 371.2299999999999613 ) ) ;
#3370 = CARTESIAN_POINT ( 'NONE',  ( 281.0937838343930366, -4.530937458395579931, 6.528074889978160655 ) ) ;
#3371 = CARTESIAN_POINT ( 'NONE',  ( 284.8901633453586442, -3.876413350069930264, 21.03798898089960190 ) ) ;
#3372 = CARTESIAN_POINT ( 'NONE',  ( 66.24303990662454567, -11.26047563173153598, 5.999999999999986677 ) ) ;
#3373 = CARTESIAN_POINT ( 'NONE',  ( 280.7445661588241137, -3.621187499077570315, 6.499999998183295880 ) ) ;
#3374 = VECTOR ( 'NONE', #7888, 999.9999999999998863 ) ;
#3375 = B_SPLINE_CURVE_WITH_KNOTS ( 'NONE', 3,
 ( #6819, #4363, #4975, #3027, #2409, #6248, #4291, #4326 ),
 .UNSPECIFIED., .F., .F.,
 ( 4, 2, 2, 4 ),
 ( 1.734723475976807094E-18, 0.0006396245940928504221, 0.001279249188185699109, 0.002558498376371398653 ),
 .UNSPECIFIED. ) ;
#3376 = CARTESIAN_POINT ( 'NONE',  ( 332.5016318445723300, -2.210583157224447426, 339.5569410267661965 ) ) ;
#3377 = ORIENTED_EDGE ( 'NONE', *, *, #7271, .F. ) ;
#3378 = EDGE_CURVE ( 'NONE', #6861, #5969, #3105, .T. ) ;
#3379 = CARTESIAN_POINT ( 'NONE',  ( 245.9683645687476883, -7.380833625084295413, 6.624350681302484389 ) ) ;
#3380 = CARTESIAN_POINT ( 'NONE',  ( 144.9506598205724970, -12.58347511098659055, 20.21989778901936319 ) ) ;
#3381 = CIRCLE ( 'NONE', #5212, 2.239792913342995906 ) ;
#3382 = ORIENTED_EDGE ( 'NONE', *, *, #7834, .F. ) ;
#3383 = CARTESIAN_POINT ( 'NONE',  ( 400.4777669798237412, -0.08814266890947733413, 371.2300000000000182 ) ) ;
#3384 = CARTESIAN_POINT ( 'NONE',  ( 282.8505429693641986, -2.275698368480942868, 23.24999999818349394 ) ) ;
#3385 = CARTESIAN_POINT ( 'NONE',  ( 357.3373200801387952, -1.674187594380672328, 249.8199999999999363 ) ) ;
#3386 = CARTESIAN_POINT ( 'NONE',  ( 285.8238939185980598, -3.001508616160245335, 20.74663731568017866 ) ) ;
#3387 = CARTESIAN_POINT ( 'NONE',  ( 346.3604993014764659, -2.934258134765002968, 371.0263987340678113 ) ) ;
#3388 = CIRCLE ( 'NONE', #2730, 1.999999999999999112 ) ;
#3389 = DIRECTION ( 'NONE',  ( 0.000000000000000000, 0.000000000000000000, -1.000000000000000000 ) ) ;
#3390 = ORIENTED_EDGE ( 'NONE', *, *, #142, .T. ) ;
#3391 = EDGE_CURVE ( 'NONE', #7180, #691, #6358, .T. ) ;
#3392 = CARTESIAN_POINT ( 'NONE',  ( 271.8200624894192288, -5.188092768867063498, 21.81991361873333801 ) ) ;
#3393 = ORIENTED_EDGE ( 'NONE', *, *, #2897, .T. ) ;
#3394 = CARTESIAN_POINT ( 'NONE',  ( 144.6892927010359529, -14.78393661752041233, 6.499999998183610295 ) ) ;
#3395 = CARTESIAN_POINT ( 'NONE',  ( 252.9390874651580816, -6.699682837049217632, 6.793001344284435028 ) ) ;
#3396 = CARTESIAN_POINT ( 'NONE',  ( 127.1432946701818736, -13.88569149727340779, 6.523208802419776298 ) ) ;
#3397 = CARTESIAN_POINT ( 'NONE',  ( 280.8986724580399823, -3.829700865578159696, 7.639238760967258735 ) ) ;
#3398 = B_SPLINE_SURFACE_WITH_KNOTS ( 'NONE', 3, 1, ( 
 ( #2181, #7696 ),
 ( #5169, #4107 ),
 ( #7820, #4026 ),
 ( #961, #875 ),
 ( #7129, #2223 ),
 ( #233, #4719 ),
 ( #7209, #838 ),
 ( #3327, #3493 ),
 ( #4676, #7169 ),
 ( #1613, #1450 ),
 ( #3942, #2101 ),
 ( #6517, #6433 ) ),
 .UNSPECIFIED., .F., .F., .F.,
 ( 4, 3, 2, 3, 4 ),
 ( 2, 2 ),
 ( 0.8563066769920418819, 0.8597735079138018044, 0.8750000000000000000, 0.8796250862903388645, 0.8830934091660299634 ),
 ( 0.000000000000000000, 1.000000000000000000 ),
 .UNSPECIFIED. ) ;
#3399 = CARTESIAN_POINT ( 'NONE',  ( 159.8519759181649249, -12.81457411539279434, 5.999999998183607630 ) ) ;
#3400 = CARTESIAN_POINT ( 'NONE',  ( 284.8972263123397966, 0.1508407614639750982, 23.24999999818362539 ) ) ;
#3401 = CARTESIAN_POINT ( 'NONE',  ( 275.6049469610546225, -4.643391555475561816, 7.381654515984320319 ) ) ;
#3402 = CARTESIAN_POINT ( 'NONE',  ( 340.1636027076426672, -0.2486685812697614906, 206.4999999981835970 ) ) ;
#3403 = CARTESIAN_POINT ( 'NONE',  ( 160.3233246047657872, -11.78684548149216305, 7.502916955647447317 ) ) ;
#3404 = FACE_OUTER_BOUND ( 'NONE', #893, .T. ) ;
#3405 = CARTESIAN_POINT ( 'NONE',  ( 387.9318296871105076, -3.013677713474356867, 371.7300000000000182 ) ) ;
#3406 = ORIENTED_EDGE ( 'NONE', *, *, #786, .T. ) ;
#3407 = FACE_OUTER_BOUND ( 'NONE', #6578, .T. ) ;
#3408 = CARTESIAN_POINT ( 'NONE',  ( 184.7975101177824229, -10.60743621166589357, 7.118020603680580649 ) ) ;
#3409 = CARTESIAN_POINT ( 'NONE',  ( 351.6744310821832187, -0.1041943630607205240, 238.2140787052231303 ) ) ;
#3410 = DIRECTION ( 'NONE',  ( -0.000000000000000000, -1.000000000000000000, -0.000000000000000000 ) ) ;
#3411 = CARTESIAN_POINT ( 'NONE',  ( 400.1638238625992017, -0.1932712541911290882, 371.2305223794996891 ) ) ;
#3412 = CARTESIAN_POINT ( 'NONE',  ( 263.3759738565270254, -7.823964638325693777, 6.333333078619011403 ) ) ;
#3413 = CARTESIAN_POINT ( 'NONE',  ( 280.8337777766024601, -3.840134047657772776, 7.493883727156414487 ) ) ;
#3414 = CARTESIAN_POINT ( 'NONE',  ( 286.4002329042701263, -3.131638545702740917, 20.97342773950139261 ) ) ;
#3415 = CARTESIAN_POINT ( 'NONE',  ( 123.6183418480362519, -3.650974963514126870, 127.9099999999999966 ) ) ;
#3416 = CARTESIAN_POINT ( 'NONE',  ( 283.4774810141262833, -0.8922265189846635414, 6.499999998183626282 ) ) ;
#3417 = B_SPLINE_CURVE_WITH_KNOTS ( 'NONE', 3,
 ( #6217, #1917, #5021, #1959 ),
 .UNSPECIFIED., .F., .F.,
 ( 4, 4 ),
 ( 0.000000000000000000, 0.3675539677351495893 ),
 .UNSPECIFIED. ) ;
#3418 = CARTESIAN_POINT ( 'NONE',  ( 215.4758712535294478, -3.335266499007348173, 249.8200000000000216 ) ) ;
#3419 = ORIENTED_EDGE ( 'NONE', *, *, #5584, .T. ) ;
#3420 = CARTESIAN_POINT ( 'NONE',  ( 245.9434243018612563, -7.006900638127633307, 6.999048835286941994 ) ) ;
#3421 = CARTESIAN_POINT ( 'NONE',  ( 145.1973763169413871, -11.35128613548378596, 22.13773903536301191 ) ) ;
#3422 = ORIENTED_EDGE ( 'NONE', *, *, #52, .F. ) ;
#3423 = CARTESIAN_POINT ( 'NONE',  ( 400.2104152521956735, -0.1634746850779166538, 371.2300000000000182 ) ) ;
#3424 = CARTESIAN_POINT ( 'NONE',  ( 281.0968133514934379, -2.407244449385432361, 23.24999999818357210 ) ) ;
#3425 = CARTESIAN_POINT ( 'NONE',  ( 400.7204237865628329, -0.01078189777284991463, 371.7299999999999613 ) ) ;
#3426 = DIRECTION ( 'NONE',  ( 0.000000000000000000, 0.000000000000000000, 1.000000000000000000 ) ) ;
#3427 = CARTESIAN_POINT ( 'NONE',  ( 326.8472855495960516, -3.277900461530458998, 340.1634597420742239 ) ) ;
#3428 = DIRECTION ( 'NONE',  ( -0.000000000000000000, 1.000000000000000000, -0.000000000000000000 ) ) ;
#3429 = ORIENTED_EDGE ( 'NONE', *, *, #7426, .F. ) ;
#3430 = CARTESIAN_POINT ( 'NONE',  ( 271.4189096243891868, -5.285205412749876430, 21.53375130548288752 ) ) ;
#3431 = ORIENTED_EDGE ( 'NONE', *, *, #7426, .T. ) ;
#3432 = CARTESIAN_POINT ( 'NONE',  ( 273.5153454480403639, -5.158496426987347228, 22.85662541654071944 ) ) ;
#3433 = CARTESIAN_POINT ( 'NONE',  ( 254.6677039726537544, -6.289440905974843510, 7.509289630575620933 ) ) ;
#3434 = EDGE_CURVE ( 'NONE', #4002, #3615, #5580, .T. ) ;
#3435 = CARTESIAN_POINT ( 'NONE',  ( 130.6316826930729746, -13.11326346313570035, 7.222238452889550686 ) ) ;
#3436 =( BOUNDED_SURFACE ( )  B_SPLINE_SURFACE ( 3, 2, ( 
 ( #1395, #3886, #7521 ),
 ( #29, #1318, #2467 ),
 ( #7599, #3769, #3158 ),
 ( #5688, #3808, #4346 ) ),
 .UNSPECIFIED., .F., .F., .T. ) 
 B_SPLINE_SURFACE_WITH_KNOTS ( ( 4, 4 ),
 ( 3, 3 ),
 ( -7.632783294297951215E-17, 0.3748895738965429825 ),
 ( 0.2689073152665026889, 1.000000000000000000 ),
 .UNSPECIFIED. ) 
 GEOMETRIC_REPRESENTATION_ITEM ( )  RATIONAL_B_SPLINE_SURFACE ( (
 ( 0.8793293614609695164, 0.7756278247405823389, 1.000000000000000000),
 ( 0.8807917352952712164, 0.7783469285939904614, 1.000000000000000000),
 ( 0.8822486404747740263, 0.7810558641580137573, 1.000000000000000000),
 ( 0.8836981308810939462, 0.7837510128654474606, 1.000000000000000000) ) ) 
 REPRESENTATION_ITEM ( '' )  SURFACE ( )  );
#3437 = CARTESIAN_POINT ( 'NONE',  ( 345.2490021215730280, -2.004506224199785080, 339.6881932505716577 ) ) ;
#3438 = CARTESIAN_POINT ( 'NONE',  ( 126.9204953570701520, -12.11509557757083044, 23.95064072437522285 ) ) ;
#3439 = CARTESIAN_POINT ( 'NONE',  ( 143.9712576499366605, -11.07906188941885617, 22.16156106099494494 ) ) ;
#3440 = CARTESIAN_POINT ( 'NONE',  ( 284.8963295333134624, 0.08435947698794682426, 23.24999999818362539 ) ) ;
#3441 =( NAMED_UNIT ( * ) SI_UNIT ( $, .STERADIAN. ) SOLID_ANGLE_UNIT ( ) );
#3442 = CARTESIAN_POINT ( 'NONE',  ( 276.9435172942406780, -4.571880600840682263, 7.244379016670695393 ) ) ;
#3443 = CARTESIAN_POINT ( 'NONE',  ( 340.0465941358001487, -4.364650625057820754, 350.4013286101024960 ) ) ;
#3444 = CARTESIAN_POINT ( 'NONE',  ( 156.8209044831443464, -11.98157448208920428, 7.374468127383757121 ) ) ;
#3445 = CARTESIAN_POINT ( 'NONE',  ( 320.5495631038375564, -2.565783184512013815, 127.9099999999999966 ) ) ;
#3446 = CARTESIAN_POINT ( 'NONE',  ( 164.9949763925959019, -13.64915193110755887, 6.000000000000000888 ) ) ;
#3447 = ORIENTED_EDGE ( 'NONE', *, *, #5776, .F. ) ;
#3448 = CARTESIAN_POINT ( 'NONE',  ( 332.5781388050951364, -0.05000000000000000278, 175.2999941109628708 ) ) ;
#3449 = CARTESIAN_POINT ( 'NONE',  ( 184.8338150015014776, -11.27604092508646438, 6.523972269203859753 ) ) ;
#3450 = CARTESIAN_POINT ( 'NONE',  ( 332.9536355494133772, -4.291388671220251361, 338.7674722386248618 ) ) ;
#3451 = CARTESIAN_POINT ( 'NONE',  ( 140.5018273870153109, -12.33335521717877725, 23.37125813237908645 ) ) ;
#3452 = CARTESIAN_POINT ( 'NONE',  ( 391.1434096889571492, -0.7156552260869167847, 371.1362704550625153 ) ) ;
#3453 = CARTESIAN_POINT ( 'NONE',  ( 397.5299431241663228, 1.823646745223392429, 366.6186703821587685 ) ) ;
#3454 = CARTESIAN_POINT ( 'NONE',  ( 280.9711472692281973, -4.168515237276126051, 6.730909034098171873 ) ) ;
#3455 = CARTESIAN_POINT ( 'NONE',  ( 282.2805387527698713, -4.330214768733504194, 21.22570410293696597 ) ) ;
#3456 = CARTESIAN_POINT ( 'NONE',  ( 214.3061928687020838, -0.2421242363191019875, 249.8200000000000500 ) ) ;
#3457 = CARTESIAN_POINT ( 'NONE',  ( 281.0665787942347720, -3.684985347248453280, 7.725017350488063705 ) ) ;
#3458 = CARTESIAN_POINT ( 'NONE',  ( 310.8269088370124678, -1.802969590698482616, 371.7299999999999045 ) ) ;
#3459 = VERTEX_POINT ( 'NONE', #3873 ) ;
#3460 = CARTESIAN_POINT ( 'NONE',  ( 240.7454151187048694, -7.969100865162071834, 6.524110783314737816 ) ) ;
#3461 = CARTESIAN_POINT ( 'NONE',  ( 285.0606349920928437, -3.812246889778243997, 21.01216792851240811 ) ) ;
#3462 = EDGE_LOOP ( 'NONE', ( #7000, #3834, #3791, #5800, #5917 ) ) ;
#3463 = CARTESIAN_POINT ( 'NONE',  ( 370.1792792969891934, -1.308994585620896212, 294.1860678434111378 ) ) ;
#3464 = CARTESIAN_POINT ( 'NONE',  ( 279.7387843726756955, -2.511522945865426681, 23.24999999818361829 ) ) ;
#3465 = CARTESIAN_POINT ( 'NONE',  ( 332.5811356030026786, -3.309423257409163099, 338.1564985776107619 ) ) ;
#3466 = CARTESIAN_POINT ( 'NONE',  ( 255.4152185126654047, -7.204596734026551985, 127.9100000000000819 ) ) ;
#3467 = CARTESIAN_POINT ( 'NONE',  ( 351.1856318239300663, -2.083741976567322851, 242.2218857922757138 ) ) ;
#3468 = CARTESIAN_POINT ( 'NONE',  ( 327.2627641235987994, -3.662374357078493237, 340.8205985427338760 ) ) ;
#3469 = CARTESIAN_POINT ( 'NONE',  ( 160.3759738565269970, -13.87621618012029678, 6.499999998183606742 ) ) ;
#3470 = CARTESIAN_POINT ( 'NONE',  ( 271.2303477412608572, -5.319400488763811552, 21.40014850307242256 ) ) ;
#3471 = ORIENTED_EDGE ( 'NONE', *, *, #4936, .T. ) ;
#3472 = CARTESIAN_POINT ( 'NONE',  ( 286.0289186715280607, -2.808410081887188436, 57.32899052808927109 ) ) ;
#3473 = CARTESIAN_POINT ( 'NONE',  ( 256.4297858136806667, -6.378103179984607074, 6.885929413702416291 ) ) ;
#3474 = CARTESIAN_POINT ( 'NONE',  ( 120.1498978881201793, -13.37561031132141842, 6.866268848692193671 ) ) ;
#3475 = CARTESIAN_POINT ( 'NONE',  ( 282.5774698548962078, -0.05000000000024066443, 7.812607182617054669 ) ) ;
#3476 = EDGE_CURVE ( 'NONE', #7756, #7084, #5190, .T. ) ;
#3477 = FACE_OUTER_BOUND ( 'NONE', #6959, .T. ) ;
#3478 = CARTESIAN_POINT ( 'NONE',  ( 160.3759738565270538, -13.87621618035495352, 5.999999998183599637 ) ) ;
#3479 = CARTESIAN_POINT ( 'NONE',  ( 287.0736945268752152, -2.331704500321928997, 23.24999999816829543 ) ) ;
#3480 = DATE_TIME_ROLE ( 'creation_date' ) ;
#3481 = CARTESIAN_POINT ( 'NONE',  ( 276.5560155551547155, -5.452719328983314462, 6.498748328657361739 ) ) ;
#3482 = CARTESIAN_POINT ( 'NONE',  ( 389.8314397132575095, -0.4663959450693806463, 343.0325815062361130 ) ) ;
#3483 = CARTESIAN_POINT ( 'NONE',  ( 158.5826987343345991, -12.08013810721175219, 6.884437995587099124 ) ) ;
#3484 = CARTESIAN_POINT ( 'NONE',  ( 127.1356543965109154, -13.71668358349836758, 16.08857137517084723 ) ) ;
#3485 = CARTESIAN_POINT ( 'NONE',  ( 386.3224876958702794, -3.121568989587907073, 371.7300000000000182 ) ) ;
#3486 = EDGE_LOOP ( 'NONE', ( #3584, #4839, #324, #722, #6730 ) ) ;
#3487 = CARTESIAN_POINT ( 'NONE',  ( 280.8986724580399823, -3.829700865578159696, 7.639238760967258735 ) ) ;
#3488 = EDGE_CURVE ( 'NONE', #4644, #7995, #292, .T. ) ;
#3489 = CARTESIAN_POINT ( 'NONE',  ( 167.3553789528107814, -12.18772891687093818, 6.523887262241973239 ) ) ;
#3490 = DIRECTION ( 'NONE',  ( 0.8452312338598148012, 0.000000000000000000, -0.5344007497260974127 ) ) ;
#3491 = CARTESIAN_POINT ( 'NONE',  ( 286.8747944849170040, -0.05000000000000001665, 20.92948517354939497 ) ) ;
#3492 = CARTESIAN_POINT ( 'NONE',  ( 359.5855375125277646, -2.684767243466979814, 371.2305328967663058 ) ) ;
#3493 = CARTESIAN_POINT ( 'NONE',  ( 263.1430548547104991, -6.759537761394981636, 6.500000041270943107 ) ) ;
#3494 = CARTESIAN_POINT ( 'NONE',  ( 280.8572511028835947, -3.887502737867203351, 7.210922451637847175 ) ) ;
#3495 = CARTESIAN_POINT ( 'NONE',  ( 279.9030877102516683, -4.504521551881717656, 21.21899990252561352 ) ) ;
#3496 = CARTESIAN_POINT ( 'NONE',  ( 25.58625691648087397, -4.523674891869488235, 5.999999999999993783 ) ) ;
#3497 = CARTESIAN_POINT ( 'NONE',  ( 283.5276162514039697, -0.01873067796060179369, 6.499999998183583649 ) ) ;
#3498 = CARTESIAN_POINT ( 'NONE',  ( 311.2348072233972403, -1.936441280163883949, 371.7300000000000182 ) ) ;
#3499 = VERTEX_POINT ( 'NONE', #7712 ) ;
#3500 = CARTESIAN_POINT ( 'NONE',  ( 242.5092129043576676, -8.120955949526516449, 6.500047765524119114 ) ) ;
#3501 = CARTESIAN_POINT ( 'NONE',  ( 40.76885432934362541, -43.07938103743692437, 6.499999998183606742 ) ) ;
#3502 = EDGE_LOOP ( 'NONE', ( #5798, #1466, #6366, #2401, #83, #2567, #515, #124, #1067, #1538 ) ) ;
#3503 = CARTESIAN_POINT ( 'NONE',  ( 397.6768377858998633, -0.1707936188614267714, 366.5935787009991600 ) ) ;
#3504 = CARTESIAN_POINT ( 'NONE',  ( 263.7854116293465836, -7.022069391824702578, 206.0192032337105559 ) ) ;
#3505 = CARTESIAN_POINT ( 'NONE',  ( 284.0583471830840381, -4.232642616461283147, 23.24999999818358276 ) ) ;
#3506 = CIRCLE ( 'NONE', #6503, 1.702983748807923581 ) ;
#3507 = CARTESIAN_POINT ( 'NONE',  ( 132.6239059380858691, -12.23563968117756495, 23.00000000000001066 ) ) ;
#3508 = CARTESIAN_POINT ( 'NONE',  ( 335.5213146533315012, -3.234553018762219789, 249.8200000000001637 ) ) ;
#3509 = CARTESIAN_POINT ( 'NONE',  ( 142.1346589340452056, -12.65120335597630152, 20.22174856708550195 ) ) ;
#3510 = CARTESIAN_POINT ( 'NONE',  ( 144.9062839604625026, -11.05463885067565322, 22.49164558135045411 ) ) ;
#3511 = CARTESIAN_POINT ( 'NONE',  ( 346.6443833609180274, -3.141140136876932498, 341.0988222156786378 ) ) ;
#3512 = VECTOR ( 'NONE', #1568, 1000.000000000000114 ) ;
#3513 = CARTESIAN_POINT ( 'NONE',  ( 272.2365609675406972, -5.034843331087853535, 22.11950810575384452 ) ) ;
#3514 = EDGE_LOOP ( 'NONE', ( #4482, #1122, #7391, #1401, #2652 ) ) ;
#3515 = CARTESIAN_POINT ( 'NONE',  ( 118.8626436904048376, -13.76089402052259913, 11.20599560558455288 ) ) ;
#3516 = CARTESIAN_POINT ( 'NONE',  ( 247.6806600044673985, -6.765045179833724553, 7.377410530700884372 ) ) ;
#3517 = CARTESIAN_POINT ( 'NONE',  ( 116.6550346313516258, -13.72465268629544788, 6.568758080274491817 ) ) ;
#3518 = AXIS2_PLACEMENT_3D ( 'NONE', #208, #1630, #3389 ) ;
#3519 = CARTESIAN_POINT ( 'NONE',  ( 346.8054309264753101, -3.133517603127112583, 340.9723158235104847 ) ) ;
#3520 = B_SPLINE_CURVE_WITH_KNOTS ( 'NONE', 3,
 ( #81, #45, #5625, #2560, #3099, #5010, #5050, #6854, #8002, #5588 ),
 .UNSPECIFIED., .F., .F.,
 ( 4, 2, 2, 2, 4 ),
 ( 0.000000000000000000, 0.2500000000000000000, 0.5000000000000000000, 0.7500000000000000000, 1.000000000000000000 ),
 .UNSPECIFIED. ) ;
#3521 = CARTESIAN_POINT ( 'NONE',  ( 283.1424519775278554, -0.04999999999999999584, 6.573738167617640293 ) ) ;
#3522 = CARTESIAN_POINT ( 'NONE',  ( 143.9773747944893785, -11.38474343293295554, 22.03697033999501542 ) ) ;
#3523 = CARTESIAN_POINT ( 'NONE',  ( 287.6598255354204525, 0.03378345063049403157, 23.24999999818376040 ) ) ;
#3524 = PERSON_AND_ORGANIZATION_ROLE ( 'design_supplier' ) ;
#3525 = CARTESIAN_POINT ( 'NONE',  ( 272.1620176764868688, -5.706131537318530178, 6.524491191988079919 ) ) ;
#3526 = CARTESIAN_POINT ( 'NONE',  ( 340.1636027079167093, -2.434022975237048581, 206.4999999981835686 ) ) ;
#3527 = CARTESIAN_POINT ( 'NONE',  ( 149.8349928335961749, -12.48781707249359307, 7.120207892984936393 ) ) ;
#3528 = EDGE_CURVE ( 'NONE', #3615, #5578, #7840, .T. ) ;
#3529 = CARTESIAN_POINT ( 'NONE',  ( 127.8597977562316288, -13.79514148286463993, 12.99405888451984836 ) ) ;
#3530 = CARTESIAN_POINT ( 'NONE',  ( 309.3030619293732570, -6.895007518089157017, 249.8199999999997658 ) ) ;
#3531 = VERTEX_POINT ( 'NONE', #2115 ) ;
#3532 = CARTESIAN_POINT ( 'NONE',  ( 333.3262980037849275, -4.450756463551490683, 339.8014321577630881 ) ) ;
#3533 = CARTESIAN_POINT ( 'NONE',  ( 165.5773337289621736, -11.65577502816648447, 6.994196476422215980 ) ) ;
#3534 = CARTESIAN_POINT ( 'NONE',  ( 285.2675678610997920, -3.703880489334910653, 20.97749754621454343 ) ) ;
#3535 = DIRECTION ( 'NONE',  ( 0.000000000000000000, -0.000000000000000000, 1.000000000000000000 ) ) ;
#3536 = CARTESIAN_POINT ( 'NONE',  ( 391.1418792905577106, -0.6936119446626100027, 371.0844832428740574 ) ) ;
#3537 = CARTESIAN_POINT ( 'NONE',  ( 332.8624686599089841, -4.211944684214937951, 339.1155054482508717 ) ) ;
#3538 = CARTESIAN_POINT ( 'NONE',  ( 280.8388806672115834, -3.850431576075443285, 7.347933527705857060 ) ) ;
#3539 = CARTESIAN_POINT ( 'NONE',  ( 283.0608726121424183, -4.264152054167423600, 21.20646413335982672 ) ) ;
#3540 = EDGE_CURVE ( 'NONE', #1040, #897, #3116, .T. ) ;
#3541 = CARTESIAN_POINT ( 'NONE',  ( 39.69458373233044313, -7.884709059829034139, 6.000000000000004441 ) ) ;
#3542 = CARTESIAN_POINT ( 'NONE',  ( 159.8759738565269686, -12.81353218864997423, 6.499999998183617400 ) ) ;
#3543 = CARTESIAN_POINT ( 'NONE',  ( 18.75054429453689764, -3.454204044565530651, 5.999999999999992895 ) ) ;
#3544 = ORIENTED_EDGE ( 'NONE', *, *, #4841, .F. ) ;
#3545 = CARTESIAN_POINT ( 'NONE',  ( 223.2495838469810963, -8.618197300352083090, 6.792079212549537282 ) ) ;
#3546 = CARTESIAN_POINT ( 'NONE',  ( 128.8354382861653278, -13.92899120370684329, 6.000000000000000888 ) ) ;
#3547 = ORIENTED_EDGE ( 'NONE', *, *, #4243, .F. ) ;
#3548 = CARTESIAN_POINT ( 'NONE',  ( 263.8759738565269117, -7.790403373020946098, 6.499999998183606742 ) ) ;
#3549 = CARTESIAN_POINT ( 'NONE',  ( 399.5093007525906046, -0.05190407936199165767, 367.9798176561583887 ) ) ;
#3550 = CARTESIAN_POINT ( 'NONE',  ( 285.4442746935589525, -3.969027866899816015, 23.24999999818375684 ) ) ;
#3551 = CARTESIAN_POINT ( 'NONE',  ( 194.6817872359277715, -9.262184782267331329, 128.2433333333331973 ) ) ;
#3552 = CARTESIAN_POINT ( 'NONE',  ( 210.4856092765305391, -9.078834508602268372, 6.000000000000013323 ) ) ;
#3553 = DIRECTION ( 'NONE',  ( 0.000000000000000000, 0.000000000000000000, -1.000000000000000000 ) ) ;
#3554 = CARTESIAN_POINT ( 'NONE',  ( 310.2391670791645879, -1.824996142460400428, 124.0299940552256572 ) ) ;
#3555 = CARTESIAN_POINT ( 'NONE',  ( 349.3823618904634714, -3.655145135177776172, 371.7300000000002456 ) ) ;
#3556 = CARTESIAN_POINT ( 'NONE',  ( 271.8238057818429638, -5.186967524473766744, 21.82258668848760763 ) ) ;
#3557 = ORIENTED_EDGE ( 'NONE', *, *, #7575, .T. ) ;
#3558 = CARTESIAN_POINT ( 'NONE',  ( 131.8613864829474380, -11.55819824296750298, 22.03660213562424275 ) ) ;
#3559 = CARTESIAN_POINT ( 'NONE',  ( 245.9765285939178057, -7.503238021611162267, 6.574244000101096219 ) ) ;
#3560 = CARTESIAN_POINT ( 'NONE',  ( 118.4013791603661758, -13.65426743513231855, 6.616508122456907337 ) ) ;
#3561 = CARTESIAN_POINT ( 'NONE',  ( 140.9708531762293546, -12.10936610488514376, 23.87769969533474423 ) ) ;
#3562 = CARTESIAN_POINT ( 'NONE',  ( 263.7093058347691112, -6.720636854711599995, 6.499999955351602132 ) ) ;
#3563 = DIRECTION ( 'NONE',  ( 0.000000000000000000, 0.000000000000000000, 1.000000000000000000 ) ) ;
#3564 = CARTESIAN_POINT ( 'NONE',  ( 287.6600391294885526, 0.04707930626996521123, 23.24999999818369645 ) ) ;
#3565 = B_SPLINE_CURVE_WITH_KNOTS ( 'NONE', 3,
 ( #4209, #6855, #5553, #5515 ),
 .UNSPECIFIED., .F., .F.,
 ( 4, 4 ),
 ( 0.000000000000000000, 0.0002184681135830697984 ),
 .UNSPECIFIED. ) ;
#3566 = CARTESIAN_POINT ( 'NONE',  ( 272.0890221336370018, -4.967235590364529330, 7.520984186489764411 ) ) ;
#3567 = CARTESIAN_POINT ( 'NONE',  ( 394.6203064735986459, -0.2183242492789433664, 356.3703534752561382 ) ) ;
#3568 = CARTESIAN_POINT ( 'NONE',  ( 153.3232932822081125, -12.22112078720000561, 7.244131239986627335 ) ) ;
#3569 = CARTESIAN_POINT ( 'NONE',  ( 130.4447878205799327, -13.56329040076107439, 21.64871816215678280 ) ) ;
#3570 = CARTESIAN_POINT ( 'NONE',  ( 402.9645910546148002, -1.938642520607124720, 371.7300000000000182 ) ) ;
#3571 = ORIENTED_EDGE ( 'NONE', *, *, #1327, .F. ) ;
#3572 = LINE ( 'NONE', #3448, #3512 ) ;
#3573 = CARTESIAN_POINT ( 'NONE',  ( 167.3493877401503767, -12.06572922914563861, 6.573494734108908943 ) ) ;
#3574 = B_SPLINE_CURVE_WITH_KNOTS ( 'NONE', 3,
 ( #5149, #3800, #5024, #3839, #5598, #7473 ),
 .UNSPECIFIED., .F., .F.,
 ( 4, 2, 4 ),
 ( 0.000000000000000000, 0.0003110244598907676346, 0.0006220489197815352693 ),
 .UNSPECIFIED. ) ;
#3575 = CARTESIAN_POINT ( 'NONE',  ( 284.4355553808828176, -2.508830980233241359, 23.17436846753130197 ) ) ;
#3576 = CARTESIAN_POINT ( 'NONE',  ( 280.9416037559102506, -3.889807388276617761, 7.076732950120065091 ) ) ;
#3577 = CARTESIAN_POINT ( 'NONE',  ( 373.1196657492748159, -1.999406760526682536, 371.2305270211970765 ) ) ;
#3578 = FACE_OUTER_BOUND ( 'NONE', #7021, .T. ) ;
#3579 = CARTESIAN_POINT ( 'NONE',  ( 279.1801059714048847, -5.232753912766409776, 6.498713118406213241 ) ) ;
#3580 = CARTESIAN_POINT ( 'NONE',  ( 283.0821334748039249, -4.261967807793348051, 21.20562480833524788 ) ) ;
#3581 = CARTESIAN_POINT ( 'NONE',  ( 130.3759738565271391, -15.19425346733627791, 6.499999998183625394 ) ) ;
#3582 = CARTESIAN_POINT ( 'NONE',  ( 408.3277076039244093, -1.520867373540380152, 371.2300000000001887 ) ) ;
#3583 = CARTESIAN_POINT ( 'NONE',  ( 260.3759701127274866, -6.936561184209719677, 6.499999998183606742 ) ) ;
#3584 = ORIENTED_EDGE ( 'NONE', *, *, #2536, .F. ) ;
#3585 = CARTESIAN_POINT ( 'NONE',  ( 219.7910594666368524, -9.412381342067714485, 6.498755987107070808 ) ) ;
#3586 = ADVANCED_FACE ( 'NONE', ( #1507 ), #391, .T. ) ;
#3587 = EDGE_CURVE ( 'NONE', #765, #1524, #3057, .T. ) ;
#3588 = CARTESIAN_POINT ( 'NONE',  ( 130.0711326098185054, -13.90814615920557884, 6.000000000000000000 ) ) ;
#3589 = VERTEX_POINT ( 'NONE', #7668 ) ;
#3590 = CARTESIAN_POINT ( 'NONE',  ( 399.8934575359854193, -0.2538566749806047684, 371.2300000000000182 ) ) ;
#3591 = CARTESIAN_POINT ( 'NONE',  ( 281.4690815858715496, -3.912966923570701194, 6.732278088766008750 ) ) ;
#3592 = CARTESIAN_POINT ( 'NONE',  ( 271.4390072553712230, -3.298246637556807137, 23.24999999818355079 ) ) ;
#3593 = B_SPLINE_CURVE_WITH_KNOTS ( 'NONE', 3,
 ( #3695, #3007, #7405, #1814, #6722, #5408, #4186, #518 ),
 .UNSPECIFIED., .F., .F.,
 ( 4, 2, 2, 4 ),
 ( 0.000000000000000000, 0.008057705806844268556, 0.01208655871026640197, 0.01611541161368853711 ),
 .UNSPECIFIED. ) ;
#3594 = CARTESIAN_POINT ( 'NONE',  ( 325.2987534246250334, -3.352831683504788884, 338.7299999999999613 ) ) ;
#3595 = CARTESIAN_POINT ( 'NONE',  ( 231.0725349923848455, -7.825035389420781584, 5.999999999999997335 ) ) ;
#3596 = DIRECTION ( 'NONE',  ( 5.871371764844573368E-15, 0.000000000000000000, -1.000000000000000000 ) ) ;
#3597 = CARTESIAN_POINT ( 'NONE',  ( 259.8759738565271391, -8.051380683095096913, 6.499999998183606742 ) ) ;
#3598 = CARTESIAN_POINT ( 'NONE',  ( 342.8877573386481572, -3.756831901684748676, 371.7300000000000182 ) ) ;
#3599 = FACE_OUTER_BOUND ( 'NONE', #7883, .T. ) ;
#3600 = ORIENTED_EDGE ( 'NONE', *, *, #3284, .T. ) ;
#3601 = CARTESIAN_POINT ( 'NONE',  ( 119.4950275835505664, -13.76341678715064631, 11.58941324267372153 ) ) ;
#3602 = CARTESIAN_POINT ( 'NONE',  ( 249.4273976353059084, -6.670471219535142104, 7.245057725534844728 ) ) ;
#3603 = CARTESIAN_POINT ( 'NONE',  ( 120.1522931672076595, -13.16496633051470155, 7.336156639568936377 ) ) ;
#3604 = CARTESIAN_POINT ( 'NONE',  ( 282.5219854718677084, -2.305768715001266234, 23.24999999818361118 ) ) ;
#3605 = B_SPLINE_CURVE_WITH_KNOTS ( 'NONE', 3,
 ( #4745, #2248, #1114, #2374, #4256, #4870 ),
 .UNSPECIFIED., .F., .F.,
 ( 4, 2, 4 ),
 ( 0.000000000000000000, 0.0003908061327888230673, 0.0007816122655776461346 ),
 .UNSPECIFIED. ) ;
#3606 = CARTESIAN_POINT ( 'NONE',  ( 332.5781388050951364, -2.860467191248591945, 171.3472844552040044 ) ) ;
#3607 = CARTESIAN_POINT ( 'NONE',  ( 143.0355663805747497, -11.09277521286249701, 22.49193869062834850 ) ) ;
#3608 = CARTESIAN_POINT ( 'NONE',  ( 283.7573123850614820, -2.405953065781907707, 23.24999999818396645 ) ) ;
#3609 = SHAPE_DEFINITION_REPRESENTATION ( #7698, #6206 ) ;
#3610 = CARTESIAN_POINT ( 'NONE',  ( 273.8449500078089613, -4.867454263430340156, 7.128358934530551139 ) ) ;
#3611 = CARTESIAN_POINT ( 'NONE',  ( 139.4727152645139086, -13.46508491770505778, 21.79054697303446986 ) ) ;
#3612 = CARTESIAN_POINT ( 'NONE',  ( 149.8679511729192484, -13.03427016407977845, 6.574042051471307602 ) ) ;
#3613 = DIRECTION ( 'NONE',  ( 0.000000000000000000, -0.5209177286415319630, 0.8536068884369123477 ) ) ;
#3614 = CARTESIAN_POINT ( 'NONE',  ( 405.2017843153008698, -1.768840409663563706, 371.7300000000001319 ) ) ;
#3615 = VERTEX_POINT ( 'NONE', #2076 ) ;
#3616 = CARTESIAN_POINT ( 'NONE',  ( 411.3462227805171665, 1.022389165836173230, 371.7300000000001319 ) ) ;
#3617 = CARTESIAN_POINT ( 'NONE',  ( 165.5809677999062330, -11.73066517074359894, 6.882685990399899367 ) ) ;
#3618 = CARTESIAN_POINT ( 'NONE',  ( 125.6117545069074311, -13.05297305455576584, 11.59999999818359484 ) ) ;
#3619 = CARTESIAN_POINT ( 'NONE',  ( 276.3896083082361201, -5.586933520967346745, 6.499999998183618288 ) ) ;
#3620 = DIRECTION ( 'NONE',  ( 0.000000000000000000, 0.000000000000000000, 1.000000000000000000 ) ) ;
#3621 = CARTESIAN_POINT ( 'NONE',  ( 279.1273470366200513, -4.852945049275285250, 6.628162773750058356 ) ) ;
#3622 = CARTESIAN_POINT ( 'NONE',  ( 283.0169358607321328, -4.268621744767669313, 21.20817043752692754 ) ) ;
#3623 = DIRECTION ( 'NONE',  ( 5.855773569466677571E-14, 1.000000000000000000, 0.000000000000000000 ) ) ;
#3624 = CARTESIAN_POINT ( 'NONE',  ( 403.5237468772603506, -1.889975209909105169, 371.2300000000001887 ) ) ;
#3625 = CARTESIAN_POINT ( 'NONE',  ( 148.7600353331678207, -10.04347374503736390, 127.9099999999999966 ) ) ;
#3626 = VERTEX_POINT ( 'NONE', #6492 ) ;
#3627 = CARTESIAN_POINT ( 'NONE',  ( 219.7614540411743747, -8.923318761752110362, 6.698530328588095273 ) ) ;
#3628 = CARTESIAN_POINT ( 'NONE',  ( 190.4486248401530304, -10.46960286641305515, 127.9100000000001387 ) ) ;
#3629 = VERTEX_POINT ( 'NONE', #3469 ) ;
#3630 = CARTESIAN_POINT ( 'NONE',  ( 328.0187296080756028, -3.798985813099978515, 340.2319047049932124 ) ) ;
#3631 = CARTESIAN_POINT ( 'NONE',  ( 281.1470800158461998, -3.738932423213745082, 7.213561496576105014 ) ) ;
#3632 = CARTESIAN_POINT ( 'NONE',  ( 272.8339565033193708, -3.171693807118739272, 23.24999999818357921 ) ) ;
#3633 = DIRECTION ( 'NONE',  ( -2.927400355171387738E-14, -1.000000000000000000, 0.000000000000000000 ) ) ;
#3634 = CARTESIAN_POINT ( 'NONE',  ( 391.0076834393360059, -0.7085738098498176596, 371.7300000000000182 ) ) ;
#3635 = CARTESIAN_POINT ( 'NONE',  ( 304.2871309147469105, -0.04999999999998656214, 63.94595575394406950 ) ) ;
#3636 = CARTESIAN_POINT ( 'NONE',  ( 326.4700462142473043, -2.448832353886150059, 339.5668017676219392 ) ) ;
#3637 = ADVANCED_FACE ( 'NONE', ( #1589 ), #2809, .F. ) ;
#3638 = CARTESIAN_POINT ( 'NONE',  ( 362.2214688610927737, -2.620558075706059142, 371.7300000000000182 ) ) ;
#3639 = ORIENTED_EDGE ( 'NONE', *, *, #3044, .F. ) ;
#3640 = B_SPLINE_CURVE_WITH_KNOTS ( 'NONE', 3,
 ( #4498, #4417, #3806, #1968 ),
 .UNSPECIFIED., .F., .F.,
 ( 4, 4 ),
 ( 0.2574456082720442129, 0.2697697711640738572 ),
 .UNSPECIFIED. ) ;
#3641 = CARTESIAN_POINT ( 'NONE',  ( 125.9620543625281357, -12.77018064379119799, 20.25065020352346323 ) ) ;
#3642 = CARTESIAN_POINT ( 'NONE',  ( 120.1488397709189542, -13.46866252414755571, 6.777277435231857439 ) ) ;
#3643 = CARTESIAN_POINT ( 'NONE',  ( 325.9559208619141941, -4.057419510967910092, 338.7536389752158925 ) ) ;
#3644 = ADVANCED_FACE ( 'NONE', ( #7268 ), #3649, .F. ) ;
#3645 = CARTESIAN_POINT ( 'NONE',  ( 118.8173775619357713, -13.76288776626565280, 11.13440074790967493 ) ) ;
#3646 = CARTESIAN_POINT ( 'NONE',  ( 329.4070335722214509, -5.961052301502452799, 332.9503428268390053 ) ) ;
#3647 = CARTESIAN_POINT ( 'NONE',  ( 285.3886511989456949, -0.04999999999999999584, 16.35415346679589632 ) ) ;
#3648 = CARTESIAN_POINT ( 'NONE',  ( 286.4145149985398575, -3.310553757825467791, 23.24999999818265195 ) ) ;
#3649 = CONICAL_SURFACE ( 'NONE', #5475, 2.050000000000017142, 0.05235987755983000091 ) ;
#3650 = CALENDAR_DATE ( 2025, 19, 6 ) ;
#3651 = CARTESIAN_POINT ( 'NONE',  ( 270.4316079084659350, -6.011309505833178690, 6.498732154616276624 ) ) ;
#3652 = CARTESIAN_POINT ( 'NONE',  ( 227.0825418655708461, -10.17327134464213323, 6.499999998183608518 ) ) ;
#3653 = CARTESIAN_POINT ( 'NONE',  ( 148.0947637562414627, -12.64129320278851587, 6.996211890127375987 ) ) ;
#3654 = CARTESIAN_POINT ( 'NONE',  ( 399.8862242331012453, -0.05000000007925438361, 371.0604699563860436 ) ) ;
#3655 = CARTESIAN_POINT ( 'NONE',  ( 343.7019970215844751, -4.771220033014743400, 249.8200000000000216 ) ) ;
#3656 = AXIS2_PLACEMENT_3D ( 'NONE', #3338, #5379, #7137 ) ;
#3657 = CARTESIAN_POINT ( 'NONE',  ( 365.5261076712722570, -2.462260459538375024, 371.2300000000000182 ) ) ;
#3658 = CARTESIAN_POINT ( 'NONE',  ( 284.9845118231883134, -3.300173129821075690, 22.57903200097106122 ) ) ;
#3659 = CARTESIAN_POINT ( 'NONE',  ( 280.7783529447938804, -4.967384307424721257, 6.499999998183562333 ) ) ;
#3660 = CARTESIAN_POINT ( 'NONE',  ( 140.8026159603261078, -12.31048449571226122, 23.98595779163827757 ) ) ;
#3661 = CARTESIAN_POINT ( 'NONE',  ( 279.8840845829012665, -4.577016108377177872, 6.713436415383666755 ) ) ;
#3662 = CARTESIAN_POINT ( 'NONE',  ( 273.6581388050950636, -3.868768087141352119, 23.24999999818361829 ) ) ;
#3663 = DIRECTION ( 'NONE',  ( -1.000000000000000000, 0.000000000000000000, 0.000000000000000000 ) ) ;
#3664 = CARTESIAN_POINT ( 'NONE',  ( 402.0003526955334223, -2.004705923900598208, 371.2300000000000750 ) ) ;
#3665 = CARTESIAN_POINT ( 'NONE',  ( 70.13934388861754599, -13.54392616139568872, 5.999999999999989342 ) ) ;
#3666 = ORIENTED_EDGE ( 'NONE', *, *, #5729, .F. ) ;
#3667 = B_SPLINE_CURVE_WITH_KNOTS ( 'NONE', 3,
 ( #4566, #3909, #4946, #6403 ),
 .UNSPECIFIED., .F., .F.,
 ( 4, 4 ),
 ( 0.0001132834669409496980, 0.004281193476892298198 ),
 .UNSPECIFIED. ) ;
#3668 = CARTESIAN_POINT ( 'NONE',  ( 230.2180909872059544, -7.889572375388129721, 7.375664752448383155 ) ) ;
#3669 = CARTESIAN_POINT ( 'NONE',  ( 273.3965881733649326, -7.109510656826629749, 249.8200000000001637 ) ) ;
#3670 = CARTESIAN_POINT ( 'NONE',  ( 163.8759737553073421, -12.61110842979298496, 6.500000142427166061 ) ) ;
#3671 = CARTESIAN_POINT ( 'NONE',  ( 399.8795076051808337, -0.2578625006126956110, 371.2300000000000182 ) ) ;
#3672 = CARTESIAN_POINT ( 'NONE',  ( 281.6830060144263825, -3.419027850683542979, 7.351159904451847638 ) ) ;
#3673 = CARTESIAN_POINT ( 'NONE',  ( 285.5221260411252615, -3.929817427206630409, 23.24999999818237129 ) ) ;
#3674 = CARTESIAN_POINT ( 'NONE',  ( 136.3438449153871659, -12.99191945843314322, 5.999999999999993783 ) ) ;
#3675 = CARTESIAN_POINT ( 'NONE',  ( 311.1692023200799326, -0.04999999999998656214, 83.67224831806385055 ) ) ;
#3676 = CARTESIAN_POINT ( 'NONE',  ( 326.2501999236189931, -2.332726588100188181, 339.2190834091007332 ) ) ;
#3677 = CARTESIAN_POINT ( 'NONE',  ( 362.3961360705590664, -2.612464970596699576, 371.7300000000000182 ) ) ;
#3678 = ORIENTED_EDGE ( 'NONE', *, *, #5635, .F. ) ;
#3679 = EDGE_CURVE ( 'NONE', #7414, #1057, #4418, .T. ) ;
#3680 = LINE ( 'NONE', #5392, #4938 ) ;
#3681 = CARTESIAN_POINT ( 'NONE',  ( 387.5708061641897189, -1.136743694723940878, 371.2299999744381012 ) ) ;
#3682 = CARTESIAN_POINT ( 'NONE',  ( 365.7997026947610379, -2.448536212112744526, 371.4686687067325579 ) ) ;
#3683 = CARTESIAN_POINT ( 'NONE',  ( 281.6725775569649954, -2.367757386471496250, 23.24999999818360763 ) ) ;
#3684 = CARTESIAN_POINT ( 'NONE',  ( 235.8498183854913179, -10.30817888176421704, 179.4979871220070606 ) ) ;
#3685 = EDGE_CURVE ( 'NONE', #7013, #7856, #2553, .T. ) ;
#3686 = CARTESIAN_POINT ( 'NONE',  ( 399.8039789842119376, -0.1348411500479637093, 371.1737039713927970 ) ) ;
#3687 = EDGE_CURVE ( 'NONE', #4766, #209, #1875, .T. ) ;
#3688 = CARTESIAN_POINT ( 'NONE',  ( 286.5936828528323872, -1.388287484722868337, 20.65102087976861256 ) ) ;
#3689 = CARTESIAN_POINT ( 'NONE',  ( 270.3420779508024907, -5.136865707811011816, 7.388634254179390126 ) ) ;
#3690 = CARTESIAN_POINT ( 'NONE',  ( 205.0896641432316301, -11.49049912523505945, 6.499999998183611183 ) ) ;
#3691 = CARTESIAN_POINT ( 'NONE',  ( 146.3955803649081986, -13.61126918336182356, 6.500047319740697382 ) ) ;
#3692 = CARTESIAN_POINT ( 'NONE',  ( 127.9090559474884969, -13.49964379270879355, 22.63851155405213333 ) ) ;
#3693 = CARTESIAN_POINT ( 'NONE',  ( 350.5828087798155366, -4.294210276429334172, 249.8199999999999079 ) ) ;
#3694 = CARTESIAN_POINT ( 'NONE',  ( 324.4888096014964844, -4.164597582931833131, 127.9099999999999966 ) ) ;
#3695 = CARTESIAN_POINT ( 'NONE',  ( 142.1006890598507368, -11.11138328381855267, 22.49164630772789408 ) ) ;
#3696 = CARTESIAN_POINT ( 'NONE',  ( 136.6044825956640807, -11.21715978779555023, 22.15229764480170971 ) ) ;
#3697 = CARTESIAN_POINT ( 'NONE',  ( 124.5859562828772340, -12.72075600266728657, 20.25823321337279381 ) ) ;
#3698 = CARTESIAN_POINT ( 'NONE',  ( 279.5110024952608683, -4.674031382387003219, 6.708671999753744508 ) ) ;
#3699 = CARTESIAN_POINT ( 'NONE',  ( 345.6889632083141350, -1.983836841287060615, 339.3800269324660803 ) ) ;
#3700 = CARTESIAN_POINT ( 'NONE',  ( 332.5781388050951364, -0.2500000000000000000, 175.4897870243058549 ) ) ;
#3701 = CARTESIAN_POINT ( 'NONE',  ( 127.5310711816443359, -12.64391468770924831, 23.13082873154728603 ) ) ;
#3702 =( BOUNDED_SURFACE ( )  B_SPLINE_SURFACE ( 3, 2, ( 
 ( #4968, #7006, #3170 ),
 ( #5745, #2515, #5045 ),
 ( #7457, #6927, #678 ),
 ( #7572, #3820, #1406 ),
 ( #6242, #1982, #4357 ),
 ( #2638, #1942, #156 ),
 ( #4434, #4473, #1330 ),
 ( #5130, #3133, #3897 ),
 ( #755, #6849, #638 ),
 ( #6316, #5620, #40 ),
 ( #7611, #715, #5005 ),
 ( #6964, #7493, #1903 ),
 ( #6886, #3783, #5328 ),
 ( #7091, #276, #4067 ) ),
 .UNSPECIFIED., .F., .F., .T. ) 
 B_SPLINE_SURFACE_WITH_KNOTS ( ( 4, 2, 2, 2, 2, 2, 4 ),
 ( 3, 3 ),
 ( 0.03737227001019045175, 0.1310946703396586865, 0.2248170706691269005, 0.2716782708338610353, 0.3185394709985951422, 0.3654006711633292492, 0.4122618713280633562 ),
 ( 0.000000000000000000, 1.000000000000000000 ),
 .UNSPECIFIED. ) 
 GEOMETRIC_REPRESENTATION_ITEM ( )  RATIONAL_B_SPLINE_SURFACE ( (
 ( 1.000000000000000000, 0.8356712120783325037, 1.000000000000000000),
 ( 1.000000000000000000, 0.8335944310501355314, 1.000000000000000000),
 ( 1.000000000000000000, 0.8320994812972504207, 1.000000000000000000),
 ( 1.000000000000000000, 0.8299831976568210479, 1.000000000000000000),
 ( 1.000000000000000000, 0.8294297955807423683, 1.000000000000000000),
 ( 1.000000000000000000, 0.8311397702249190278, 1.000000000000000000),
 ( 1.000000000000000000, 0.8322032569505984911, 1.000000000000000000),
 ( 1.000000000000000000, 0.8348916343952191843, 1.000000000000000000),
 ( 1.000000000000000000, 0.8364466306210736057, 1.000000000000000000),
 ( 1.000000000000000000, 0.8383433469039645036, 1.000000000000000000),
 ( 1.000000000000000000, 0.8383354288352178330, 1.000000000000000000),
 ( 1.000000000000000000, 0.8372685450942336516, 1.000000000000000000),
 ( 1.000000000000000000, 0.8365333996460297961, 1.000000000000000000),
 ( 1.000000000000000000, 0.8362218017640772327, 1.000000000000000000) ) ) 
 REPRESENTATION_ITEM ( '' )  SURFACE ( )  );
#3703 = CARTESIAN_POINT ( 'NONE',  ( 227.5396344681374217, -5.965652636663725694, 249.8199999999999079 ) ) ;
#3704 = ORIENTED_EDGE ( 'NONE', *, *, #6092, .T. ) ;
#3705 = CARTESIAN_POINT ( 'NONE',  ( 212.8025661985230670, -9.835481897808517004, 6.498757037003208836 ) ) ;
#3706 = CARTESIAN_POINT ( 'NONE',  ( 121.4250407391679971, -14.01824170012433690, 5.999999999999994671 ) ) ;
#3707 = ORIENTED_EDGE ( 'NONE', *, *, #4424, .F. ) ;
#3708 = CARTESIAN_POINT ( 'NONE',  ( 123.1471488018273277, -12.78378500522261341, 17.98255335491851881 ) ) ;
#3709 = CARTESIAN_POINT ( 'NONE',  ( 281.5824053964089444, -4.134832271653809954, 6.586798892123572280 ) ) ;
#3710 = CARTESIAN_POINT ( 'NONE',  ( 283.0557489914920666, -4.309008633413434097, 23.24999999818342644 ) ) ;
#3711 = CARTESIAN_POINT ( 'NONE',  ( 352.3474827350269720, -2.788372368765880793, 371.7300000000002456 ) ) ;
#3712 = CARTESIAN_POINT ( 'NONE',  ( 383.4293900341650101, -0.04999999999999371614, 290.7988651925165868 ) ) ;
#3713 = CARTESIAN_POINT ( 'NONE',  ( 390.7901316685822053, -2.812897260683818512, 371.4910922705343523 ) ) ;
#3714 = CARTESIAN_POINT ( 'NONE',  ( 366.0948023799208499, -2.433700895510313433, 371.2299999281618170 ) ) ;
#3715 = ORIENTED_EDGE ( 'NONE', *, *, #2987, .T. ) ;
#3716 = CARTESIAN_POINT ( 'NONE',  ( 285.3577878174826878, -1.438999522143925347, 23.24999999818359342 ) ) ;
#3717 = CARTESIAN_POINT ( 'NONE',  ( 390.9201366911216269, -0.9076304965122296009, 371.2299999744381012 ) ) ;
#3718 = CARTESIAN_POINT ( 'NONE',  ( 229.5456836329501016, -7.994776401641588315, 169.5459121698703768 ) ) ;
#3719 = CARTESIAN_POINT ( 'NONE',  ( 283.6279377559471868, -3.105133206092517195, 6.499999998183600525 ) ) ;
#3720 = CARTESIAN_POINT ( 'NONE',  ( 318.0050559877146270, -0.04999999999760034591, 145.4133954894342082 ) ) ;
#3721 = CARTESIAN_POINT ( 'NONE',  ( 400.0642006233530310, -0.06482168101168819807, 371.1782183309318270 ) ) ;
#3722 = CARTESIAN_POINT ( 'NONE',  ( 285.2363276175220221, -3.695111706347432357, 20.82094362350682459 ) ) ;
#3723 = CARTESIAN_POINT ( 'NONE',  ( 271.7906476426679205, -5.309893276399550999, 23.48496399845877391 ) ) ;
#3724 = CARTESIAN_POINT ( 'NONE',  ( 268.6251061299590788, -5.514793448222711447, 6.891411663748369776 ) ) ;
#3725 = CARTESIAN_POINT ( 'NONE',  ( 343.8434487061743425, -1.768187970090591588, 339.7300000000000182 ) ) ;
#3726 = CARTESIAN_POINT ( 'NONE',  ( 134.1495581342105083, -14.02849081529935837, 6.500046278943861999 ) ) ;
#3727 = CARTESIAN_POINT ( 'NONE',  ( 126.6415542979063247, -13.46618217376577853, 22.64072373022507634 ) ) ;
#3728 = CARTESIAN_POINT ( 'NONE',  ( 352.1925112311455450, -4.180376319459605305, 249.8199999999999648 ) ) ;
#3729 = EDGE_CURVE ( 'NONE', #2905, #6692, #1588, .T. ) ;
#3730 = LINE ( 'NONE', #623, #6511 ) ;
#3731 = CARTESIAN_POINT ( 'NONE',  ( 388.7454704894884685, -1.056534628726028657, 371.7300000000000182 ) ) ;
#3732 = PLANE ( 'NONE',  #4307 ) ;
#3733 = CARTESIAN_POINT ( 'NONE',  ( 123.6907553718567385, -12.75997197547341422, 18.84234491051762461 ) ) ;
#3734 = CARTESIAN_POINT ( 'NONE',  ( 278.6550474990353337, -4.431592112048807763, 7.257012277586927240 ) ) ;
#3735 = DIRECTION ( 'NONE',  ( -0.000000000000000000, 1.000000000000000000, -0.000000000000000000 ) ) ;
#3736 = CARTESIAN_POINT ( 'NONE',  ( 391.6711486618088429, -2.751827254910654386, 371.2300000000000750 ) ) ;
#3737 = CARTESIAN_POINT ( 'NONE',  ( 140.7111438160129353, -9.141280486950938311, 127.9099999999999966 ) ) ;
#3738 = EDGE_CURVE ( 'NONE', #847, #420, #7824, .T. ) ;
#3739 = ORIENTED_EDGE ( 'NONE', *, *, #1382, .T. ) ;
#3740 = CARTESIAN_POINT ( 'NONE',  ( 190.8637002072362634, -10.47279113463041966, 127.9100000000000534 ) ) ;
#3741 = CARTESIAN_POINT ( 'NONE',  ( 205.7623243449615131, -9.367975459938906013, 7.373791352874803806 ) ) ;
#3742 = CARTESIAN_POINT ( 'NONE',  ( 251.8785219947178291, -7.479475938705275162, 6.499999998183583649 ) ) ;
#3743 = VERTEX_POINT ( 'NONE', #6390 ) ;
#3744 = CARTESIAN_POINT ( 'NONE',  ( 159.8759738565269686, -12.81353218864997423, 6.499999998183617400 ) ) ;
#3745 = CARTESIAN_POINT ( 'NONE',  ( 281.4260222159123828, -3.828665292175500223, 6.840042134298522036 ) ) ;
#3746 = CARTESIAN_POINT ( 'NONE',  ( 283.1688411880531930, -4.301959468590136559, 23.24999999818483332 ) ) ;
#3747 = CARTESIAN_POINT ( 'NONE',  ( 189.0733928422096710, -9.608971047207804261, 127.9100000000000250 ) ) ;
#3748 = CARTESIAN_POINT ( 'NONE',  ( 336.9768566125117673, -0.04999999999999201611, 157.6458850232101554 ) ) ;
#3749 = DIRECTION ( 'NONE',  ( 2.927400355171387738E-14, 1.000000000000000000, 0.000000000000000000 ) ) ;
#3750 = CARTESIAN_POINT ( 'NONE',  ( 289.9181388050951682, -0.2395328087514111970, 53.24999837350245713 ) ) ;
#3751 = ORIENTED_EDGE ( 'NONE', *, *, #5935, .T. ) ;
#3752 = CARTESIAN_POINT ( 'NONE',  ( 284.9618246059072248, -1.638848817427941196, 23.24999999818357210 ) ) ;
#3753 = CARTESIAN_POINT ( 'NONE',  ( 145.7055312555586113, -12.56119031154822707, 20.33894638760340001 ) ) ;
#3754 = CARTESIAN_POINT ( 'NONE',  ( 142.9501159998682169, -12.01078569046078037, 27.51056679518007542 ) ) ;
#3755 = CARTESIAN_POINT ( 'NONE',  ( 185.0588482163412323, -10.51728821402081060, 7.504278093602826161 ) ) ;
#3756 = ORIENTED_EDGE ( 'NONE', *, *, #5983, .F. ) ;
#3757 = B_SPLINE_CURVE_WITH_KNOTS ( 'NONE', 3,
 ( #5823, #5864, #2754, #2882, #2964, #4802, #1167, #4885 ),
 .UNSPECIFIED., .F., .F.,
 ( 4, 2, 2, 4 ),
 ( 4.336808689942017736E-19, 0.0002264927053158867357, 0.0004529854106317730378, 0.0009059708212634132608 ),
 .UNSPECIFIED. ) ;
#3758 = CARTESIAN_POINT ( 'NONE',  ( 162.0744992397654300, -11.72519545852006040, 7.238229224770207360 ) ) ;
#3759 = CARTESIAN_POINT ( 'NONE',  ( 286.7514488522742795, -0.6136524003677621408, 20.63097137058754171 ) ) ;
#3760 = CARTESIAN_POINT ( 'NONE',  ( 267.8064261517538966, -5.471789715188437597, 12.51125861792379013 ) ) ;
#3761 = CARTESIAN_POINT ( 'NONE',  ( 263.4144672686982744, -5.942446399677162816, 6.886562865143997847 ) ) ;
#3762 = CARTESIAN_POINT ( 'NONE',  ( 329.6933562482973912, -2.275596741328058670, 339.7299999999999613 ) ) ;
#3763 = CARTESIAN_POINT ( 'NONE',  ( 139.4002644466514766, -13.90413307831498813, 6.500046620845870038 ) ) ;
#3764 = B_SPLINE_CURVE_WITH_KNOTS ( 'NONE', 3,
 ( #5128, #7609, #6884, #1288 ),
 .UNSPECIFIED., .F., .F.,
 ( 4, 4 ),
 ( 0.000000000000000000, 0.0005009517359289846579 ),
 .UNSPECIFIED. ) ;
#3765 = DIRECTION ( 'NONE',  ( 0.3205863957837038480, -0.7878656382933203473, 0.5258251599486976069 ) ) ;
#3766 = CARTESIAN_POINT ( 'NONE',  ( 283.4531390712119219, -3.108130065089103056, 5.999999999999988454 ) ) ;
#3767 = VECTOR ( 'NONE', #4573, 1000.000000000000000 ) ;
#3768 = CARTESIAN_POINT ( 'NONE',  ( 333.7290275579418903, -4.449695511949705029, 340.4302503563647520 ) ) ;
#3769 = CARTESIAN_POINT ( 'NONE',  ( 212.1951044132626407, -7.920994496793482220, 128.2567506196660361 ) ) ;
#3770 = DIRECTION ( 'NONE',  ( 0.000000000000000000, 1.000000000000000000, 0.000000000000000000 ) ) ;
#3771 = CARTESIAN_POINT ( 'NONE',  ( 278.6527715507724565, -4.411253470883015559, 7.525201593441332548 ) ) ;
#3772 = ADVANCED_FACE ( 'NONE', ( #5740 ), #1765, .F. ) ;
#3773 = CARTESIAN_POINT ( 'NONE',  ( 272.9929615258120634, -5.168767460931501745, 21.41754034285152386 ) ) ;
#3774 = CARTESIAN_POINT ( 'NONE',  ( 363.7591835300403886, -4.441857581066216198, 371.2299999999999613 ) ) ;
#3775 = VECTOR ( 'NONE', #7903, 1000.000000000000000 ) ;
#3776 = CARTESIAN_POINT ( 'NONE',  ( 229.8209659926981487, -6.310998810846263574, 249.8199999999999648 ) ) ;
#3777 = ORIENTED_EDGE ( 'NONE', *, *, #5176, .T. ) ;
#3778 = CARTESIAN_POINT ( 'NONE',  ( 270.8286078540622270, -7.118979632804102842, 249.8199999999998226 ) ) ;
#3779 = CARTESIAN_POINT ( 'NONE',  ( 212.7682130128700635, -9.253039606774873249, 6.791728732397070978 ) ) ;
#3780 = LINE ( 'NONE', #74, #5737 ) ;
#3781 = CIRCLE ( 'NONE', #5873, 1.702983748807923581 ) ;
#3782 = ORIENTED_EDGE ( 'NONE', *, *, #5377, .F. ) ;
#3783 = CARTESIAN_POINT ( 'NONE',  ( 337.7904496457038022, -3.552928263449115054, 325.5115494248474306 ) ) ;
#3784 = CARTESIAN_POINT ( 'NONE',  ( 281.0733349905332261, -3.822744489987245586, 7.076119442347907906 ) ) ;
#3785 = EDGE_CURVE ( 'NONE', #2770, #433, #5385, .T. ) ;
#3786 = CARTESIAN_POINT ( 'NONE',  ( 282.2641590879962337, -4.355834356331548030, 23.24999999818335539 ) ) ;
#3787 = CARTESIAN_POINT ( 'NONE',  ( 208.3450575219337679, -9.590737095210723595, 127.9100000000000819 ) ) ;
#3788 = CARTESIAN_POINT ( 'NONE',  ( 328.3743369133605938, -0.04999999999998798461, 132.9879950510805884 ) ) ;
#3789 = CARTESIAN_POINT ( 'NONE',  ( 283.1466780406460089, -2.158178133508737773, 6.499999998183770167 ) ) ;
#3790 = CARTESIAN_POINT ( 'NONE',  ( 281.2012749035426395, -4.404750872375808868, 21.22655624207035885 ) ) ;
#3791 = ORIENTED_EDGE ( 'NONE', *, *, #6179, .T. ) ;
#3792 = CARTESIAN_POINT ( 'NONE',  ( 284.3608641139665565, -1.941794685381167396, 23.24999999818374974 ) ) ;
#3793 = CARTESIAN_POINT ( 'NONE',  ( 401.5435347529350452, 0.05051236509245223688, 371.7299999999999613 ) ) ;
#3794 = CARTESIAN_POINT ( 'NONE',  ( 325.8897337720703717, -3.942043417938780880, 338.6489546243062136 ) ) ;
#3795 = CARTESIAN_POINT ( 'NONE',  ( 174.7792597315578291, -11.06799308675092952, 7.503177878980100246 ) ) ;
#3796 = ORIENTED_EDGE ( 'NONE', *, *, #8024, .T. ) ;
#3797 = CARTESIAN_POINT ( 'NONE',  ( 163.7458209887737439, -13.70841057482932968, 6.482763119207443303 ) ) ;
#3798 = CARTESIAN_POINT ( 'NONE',  ( 123.2431549092777487, -13.56795010818731129, 18.13440074790968382 ) ) ;
#3799 = CARTESIAN_POINT ( 'NONE',  ( 285.5105978485240712, -4.170306552649227783, 23.24999999818567531 ) ) ;
#3800 = CARTESIAN_POINT ( 'NONE',  ( 160.1330860505646854, -13.88869341996444007, 6.441505342403304191 ) ) ;
#3801 = CARTESIAN_POINT ( 'NONE',  ( 266.8718827854263509, -5.471303866842805341, 7.516732668500774039 ) ) ;
#3802 = CARTESIAN_POINT ( 'NONE',  ( 195.7085433264981589, -8.269080339398579227, 127.9100000000000534 ) ) ;
#3803 = CARTESIAN_POINT ( 'NONE',  ( 139.3887137508495186, -13.52099227454299424, 6.572430003424257983 ) ) ;
#3804 = CARTESIAN_POINT ( 'NONE',  ( 387.7454704894915380, -3.020886442433027952, 371.7300000000000182 ) ) ;
#3805 = CARTESIAN_POINT ( 'NONE',  ( 347.3511865777612684, -3.104025329907358799, 338.1732613264841234 ) ) ;
#3806 = CARTESIAN_POINT ( 'NONE',  ( 364.7595479380096890, -4.393627464546807637, 371.2300000000000182 ) ) ;
#3807 = CARTESIAN_POINT ( 'NONE',  ( 126.8671659796758178, -12.92206648266818725, 16.26805441534141039 ) ) ;
#3808 = CARTESIAN_POINT ( 'NONE',  ( 145.1860965885271071, -11.05193324805929755, 22.31457523284214162 ) ) ;
#3809 = CARTESIAN_POINT ( 'NONE',  ( 285.2358537179421205, -3.695537486905816404, 20.82086102519534165 ) ) ;
#3810 = CARTESIAN_POINT ( 'NONE',  ( 279.0595580853604929, -4.365958832162588621, 7.534105338505286298 ) ) ;
#3811 = CARTESIAN_POINT ( 'NONE',  ( 272.9929575242729243, -4.742203505853889389, 21.41754165922814579 ) ) ;
#3812 = DIRECTION ( 'NONE',  ( 0.000000000000000000, 1.000000000000000000, 0.000000000000000000 ) ) ;
#3813 = CARTESIAN_POINT ( 'NONE',  ( 254.6990715092723576, -8.102594478447176840, 249.8200000000001069 ) ) ;
#3814 = ORIENTED_EDGE ( 'NONE', *, *, #7425, .T. ) ;
#3815 = CARTESIAN_POINT ( 'NONE',  ( 263.3759738565270254, -7.825707291907048280, 5.999999998183607630 ) ) ;
#3816 = B_SPLINE_CURVE_WITH_KNOTS ( 'NONE', 3,
 ( #179, #2007, #6913, #1393, #2045, #3884, #6378, #5686 ),
 .UNSPECIFIED., .F., .F.,
 ( 4, 1, 1, 1, 1, 4 ),
 ( 0.003390499987238174834, 0.005247680051382732497, 0.007173292633823425551, 0.009098905216264111667, 0.01102451779870480472, 0.01289697243932332905 ),
 .UNSPECIFIED. ) ;
#3817 = CARTESIAN_POINT ( 'NONE',  ( 205.7848055736367883, -9.755986657176146437, 6.698254249885867928 ) ) ;
#3818 = CARTESIAN_POINT ( 'NONE',  ( 130.1521552837170361, -13.89739297744995206, 6.518876745243135318 ) ) ;
#3819 = VERTEX_POINT ( 'NONE', #2749 ) ;
#3820 = CARTESIAN_POINT ( 'NONE',  ( 212.5834156240584605, -9.457158313138576133, 127.5936179296967055 ) ) ;
#3821 = CARTESIAN_POINT ( 'NONE',  ( 281.1917838862084409, -4.054643707921083973, 6.732249783306736290 ) ) ;
#3822 = CARTESIAN_POINT ( 'NONE',  ( 276.5727002132340431, -4.856091007584097063, 23.24999999818069440 ) ) ;
#3823 = CARTESIAN_POINT ( 'NONE',  ( 243.6490089106878543, -7.849867069166531763, 127.9099999999999397 ) ) ;
#3824 = CARTESIAN_POINT ( 'NONE',  ( 397.1923069257330212, -0.05000000000000272976, 330.2518779960929578 ) ) ;
#3825 = CARTESIAN_POINT ( 'NONE',  ( 342.0507396519550980, -1.849132819053950882, 339.2297148107695648 ) ) ;
#3826 = ADVANCED_FACE ( 'NONE', ( #6469 ), #1435, .F. ) ;
#3827 = EDGE_CURVE ( 'NONE', #4002, #7730, #7124, .T. ) ;
#3828 = CARTESIAN_POINT ( 'NONE',  ( 283.1425722052468927, -4.255595321939638964, 21.20312607064897037 ) ) ;
#3829 = ORIENTED_EDGE ( 'NONE', *, *, #7074, .T. ) ;
#3830 = DIRECTION ( 'NONE',  ( 0.000000000000000000, 0.000000000000000000, 1.000000000000000000 ) ) ;
#3831 = CARTESIAN_POINT ( 'NONE',  ( 145.8858365909601389, -12.55522630359462433, 20.40997973516322261 ) ) ;
#3832 = CARTESIAN_POINT ( 'NONE',  ( 286.0644216217841631, -2.627715633333675971, 20.71658793642566465 ) ) ;
#3833 = CARTESIAN_POINT ( 'NONE',  ( 226.1683080450263219, -8.159391698939412407, 7.506961208476051084 ) ) ;
#3834 = ORIENTED_EDGE ( 'NONE', *, *, #2986, .F. ) ;
#3835 = EDGE_CURVE ( 'NONE', #4614, #6241, #7606, .T. ) ;
#3836 = CARTESIAN_POINT ( 'NONE',  ( 125.4077057545789131, -13.84354900655994669, 11.59999999818355576 ) ) ;
#3837 = CARTESIAN_POINT ( 'NONE',  ( 144.9506598205864520, -12.58347511098622284, 20.21989778901944490 ) ) ;
#3838 = CARTESIAN_POINT ( 'NONE',  ( 286.7698189223892768, -0.4567593975384902083, 20.62855098799450460 ) ) ;
#3839 = CARTESIAN_POINT ( 'NONE',  ( 160.3422315352939904, -13.87794953631877704, 6.208548764654234553 ) ) ;
#3840 = CARTESIAN_POINT ( 'NONE',  ( 261.6973834620206389, -6.475370742559270809, 6.574128915053718991 ) ) ;
#3841 = CARTESIAN_POINT ( 'NONE',  ( 332.2521437292440964, -3.440427939755765774, 337.6168867696389384 ) ) ;
#3842 = CARTESIAN_POINT ( 'NONE',  ( 139.3788745778490750, -13.19468189013298698, 6.785955114036150704 ) ) ;
#3843 = CARTESIAN_POINT ( 'NONE',  ( 399.9614649838928244, -0.05001892974148632043, 371.1234415787807279 ) ) ;
#3844 = CARTESIAN_POINT ( 'NONE',  ( 367.2324058597549197, -2.836999196905134468, 249.8200000000000216 ) ) ;
#3845 = CARTESIAN_POINT ( 'NONE',  ( 366.2454703102476401, -2.426069905845086971, 371.2299999760539322 ) ) ;
#3846 = CARTESIAN_POINT ( 'NONE',  ( 128.0957435676138516, -12.98522046426574938, 13.77311757029137063 ) ) ;
#3847 = B_SPLINE_CURVE_WITH_KNOTS ( 'NONE', 3,
 ( #104, #5732, #2582, #4381, #7559, #2625 ),
 .UNSPECIFIED., .F., .F.,
 ( 4, 2, 4 ),
 ( 5.621146515623221391E-17, 0.0001622461925494068436, 0.0003244923850987574713 ),
 .UNSPECIFIED. ) ;
#3848 = CARTESIAN_POINT ( 'NONE',  ( 364.2558919227125216, -4.417414160302418402, 371.7300000000000182 ) ) ;
#3849 = DIRECTION ( 'NONE',  ( 0.000000000000000000, 0.000000000000000000, 1.000000000000000000 ) ) ;
#3850 = CARTESIAN_POINT ( 'NONE',  ( 278.7501613739494246, -5.281561772318582371, 6.498727322650243110 ) ) ;
#3851 = CARTESIAN_POINT ( 'NONE',  ( 340.1636027076426672, -0.05000000000000808659, 206.4999999981835970 ) ) ;
#3852 = CARTESIAN_POINT ( 'NONE',  ( 362.1610260292353587, -0.04975666971431277202, 249.8200000000000216 ) ) ;
#3853 = CARTESIAN_POINT ( 'NONE',  ( 345.1934760470171568, -5.029450482459093763, 371.7300000000001319 ) ) ;
#3854 = EDGE_LOOP ( 'NONE', ( #2315, #4561, #5871, #3639 ) ) ;
#3855 = CARTESIAN_POINT ( 'NONE',  ( 399.6258894878842511, -0.07942690071835566135, 370.7471665886077972 ) ) ;
#3856 = CARTESIAN_POINT ( 'NONE',  ( 198.7748931445776748, -9.786617556620372582, 7.240811701190700944 ) ) ;
#3857 = CARTESIAN_POINT ( 'NONE',  ( 231.8867173356764511, -8.788630713523232885, 6.499999998183611183 ) ) ;
#3858 = CARTESIAN_POINT ( 'NONE',  ( 400.1543702536917522, -0.06669350547620182812, 371.1365266100819440 ) ) ;
#3859 = CARTESIAN_POINT ( 'NONE',  ( 399.8381217413268018, -0.2173504935808577287, 371.2300000000025761 ) ) ;
#3860 = CARTESIAN_POINT ( 'NONE',  ( 281.0300268974034452, -4.137288504562331326, 6.732233272119935386 ) ) ;
#3861 = CARTESIAN_POINT ( 'NONE',  ( 284.9196210799794926, -3.864630933363959908, 21.03350459064800759 ) ) ;
#3862 = CARTESIAN_POINT ( 'NONE',  ( 70.36137868827471209, -11.46187735326636492, 6.000000000000013323 ) ) ;
#3863 = CARTESIAN_POINT ( 'NONE',  ( 190.1104904452502353, -9.336530273126509627, 123.8946575382608302 ) ) ;
#3864 = CARTESIAN_POINT ( 'NONE',  ( 326.5437810837404982, -2.618901183926061194, 339.6834240117939316 ) ) ;
#3865 = VERTEX_POINT ( 'NONE', #2016 ) ;
#3866 = CARTESIAN_POINT ( 'NONE',  ( 274.3924722703808925, -5.029962084906076214, 21.20823290249774118 ) ) ;
#3867 = VERTEX_POINT ( 'NONE', #7245 ) ;
#3868 = CARTESIAN_POINT ( 'NONE',  ( 400.5692854457206522, 0.1297704900633393499, 371.1177240104332213 ) ) ;
#3869 = CARTESIAN_POINT ( 'NONE',  ( 284.8934896352407691, -0.05000000000000244527, 23.24999999818360763 ) ) ;
#3870 = EDGE_CURVE ( 'NONE', #7813, #4766, #7807, .T. ) ;
#3871 = CARTESIAN_POINT ( 'NONE',  ( 302.9924802076358219, -4.234954858518921839, 127.9099999999999397 ) ) ;
#3872 = CARTESIAN_POINT ( 'NONE',  ( 285.4651114607704017, -3.454349667181639827, 20.79235685709213755 ) ) ;
#3873 = CARTESIAN_POINT ( 'NONE',  ( 346.4892269972840495, -3.718554131717218159, 371.2299999999999613 ) ) ;
#3874 = ORIENTED_EDGE ( 'NONE', *, *, #3587, .F. ) ;
#3875 = DIRECTION ( 'NONE',  ( -0.04647125793610922678, 0.9989196274905383088, 1.110223024625155026E-13 ) ) ;
#3876 = CARTESIAN_POINT ( 'NONE',  ( 144.9124754464173748, -11.36044218631832869, 22.03919734193824098 ) ) ;
#3877 = CARTESIAN_POINT ( 'NONE',  ( 280.4702047128012623, -6.224733537053741550, 232.4194531773074743 ) ) ;
#3878 = CARTESIAN_POINT ( 'NONE',  ( 399.6104117055496658, -0.08417582102638221375, 371.0325224452980137 ) ) ;
#3879 = CARTESIAN_POINT ( 'NONE',  ( 266.8970370901695333, -5.760526016283133544, 6.795340926573596008 ) ) ;
#3881 = EDGE_CURVE ( 'NONE', #691, #1300, #2344, .T. ) ;
#3880 = DIRECTION ( 'NONE',  ( 0.000000000000000000, 0.000000000000000000, -1.000000000000000000 ) ) ;
#3882 = CARTESIAN_POINT ( 'NONE',  ( 135.8967018656758228, -13.85653564343737365, 6.498788900406353264 ) ) ;
#3883 = CARTESIAN_POINT ( 'NONE',  ( 346.2846724384083927, -3.158103217965565701, 339.1108008646713188 ) ) ;
#3884 = CARTESIAN_POINT ( 'NONE',  ( 360.4070994654838387, -4.593280602006604596, 371.2299999999998477 ) ) ;
#3885 = CARTESIAN_POINT ( 'NONE',  ( 262.5993857190630365, -6.796887316728672523, 5.999999998183607630 ) ) ;
#3886 = CARTESIAN_POINT ( 'NONE',  ( 345.5217798500539175, -1.691656176819734680, 339.0482053834243743 ) ) ;
#3887 = CARTESIAN_POINT ( 'NONE',  ( 365.7454704895042141, -4.344293367408164741, 371.2299999999999613 ) ) ;
#3888 = CARTESIAN_POINT ( 'NONE',  ( 276.9609145923679421, -4.840092944010391030, 6.792829067232436735 ) ) ;
#3889 = CARTESIAN_POINT ( 'NONE',  ( 340.1636027076427240, -0.2486685812697616016, 206.4999999981836254 ) ) ;
#3890 = CARTESIAN_POINT ( 'NONE',  ( 365.8618093578529056, -4.338471960620425172, 371.2299999999999613 ) ) ;
#3891 = CARTESIAN_POINT ( 'NONE',  ( 351.0111433414319322, -4.915846890478396958, 371.7300000000003024 ) ) ;
#3892 = ORIENTED_EDGE ( 'NONE', *, *, #1925, .F. ) ;
#3893 = CARTESIAN_POINT ( 'NONE',  ( 399.1562899585649689, -0.09950059493112645148, 369.5894734819812015 ) ) ;
#3894 = CARTESIAN_POINT ( 'NONE',  ( 191.8180647415267401, -10.77193917859246497, 6.573779613278706968 ) ) ;
#3895 = DIRECTION ( 'NONE',  ( 0.000000000000000000, 0.000000000000000000, 1.000000000000000000 ) ) ;
#3896 = DIRECTION ( 'NONE',  ( 1.000000000000000000, -0.000000000000000000, -0.000000000000000000 ) ) ;
#3897 = CARTESIAN_POINT ( 'NONE',  ( 278.8547262295220435, -5.102375746235328968, 233.4083657001758070 ) ) ;
#3898 = CARTESIAN_POINT ( 'NONE',  ( 281.3838154928365043, -4.544698156694357394, 6.498538124611970446 ) ) ;
#3899 = CARTESIAN_POINT ( 'NONE',  ( 284.0086060368535641, -4.128915571373408255, 21.14691586776622856 ) ) ;
#3900 = CIRCLE ( 'NONE', #2335, 2.040067006392080717 ) ;
#3901 = CARTESIAN_POINT ( 'NONE',  ( 252.7249162130771936, -5.941391669628005801, 249.8199999999999363 ) ) ;
#3902 = CARTESIAN_POINT ( 'NONE',  ( 133.1579881556073985, -13.75788234598813631, 11.44908349529452884 ) ) ;
#3903 = CARTESIAN_POINT ( 'NONE',  ( 342.0504099245441125, -1.848959168844087841, 339.5594982424009913 ) ) ;
#3904 = ORIENTED_EDGE ( 'NONE', *, *, #3835, .T. ) ;
#3905 = B_SPLINE_CURVE_WITH_KNOTS ( 'NONE', 3,
 ( #6661, #7267, #7792, #1587, #5473, #371, #4122, #6090 ),
 .UNSPECIFIED., .F., .F.,
 ( 4, 2, 2, 4 ),
 ( 0.000000000000000000, 0.001210817661330477026, 0.002421635322660954052, 0.004843270645322060759 ),
 .UNSPECIFIED. ) ;
#3906 = AXIS2_PLACEMENT_3D ( 'NONE', #3501, #4154, #6652 ) ;
#3907 = CARTESIAN_POINT ( 'NONE',  ( 328.3803493889316769, -4.572768472713386601, 340.0927556238978013 ) ) ;
#3908 = ORIENTED_EDGE ( 'NONE', *, *, #7869, .T. ) ;
#3909 = CARTESIAN_POINT ( 'NONE',  ( 124.7276331971008005, -13.50256297057124044, 20.48231552066768302 ) ) ;
#3910 = CARTESIAN_POINT ( 'NONE',  ( 281.8849394707957003, -2.353512895561351126, 23.24999999818357210 ) ) ;
#3911 = CARTESIAN_POINT ( 'NONE',  ( 307.8028298366223794, -3.921964006801966107, 127.9099999999999113 ) ) ;
#3912 = CARTESIAN_POINT ( 'NONE',  ( 285.8375292824592293, -2.982051621940220887, 20.74490661460286844 ) ) ;
#3913 = B_SPLINE_SURFACE_WITH_KNOTS ( 'NONE', 3, 1, ( 
 ( #2526, #7468 ),
 ( #5711, #688 ),
 ( #8043, #3717 ),
 ( #650, #2609 ),
 ( #7432, #2491 ),
 ( #3180, #5100 ),
 ( #6897, #3219 ),
 ( #1876, #3681 ),
 ( #15, #5054 ),
 ( #5015, #1340 ) ),
 .UNSPECIFIED., .F., .F., .F.,
 ( 4, 3, 3, 4 ),
 ( 2, 2 ),
 ( 0.1609138175189002429, 0.1707421867101920898, 0.2270086299123527940, 0.2368358526539717235 ),
 ( 0.000000000000000000, 1.000000000000000000 ),
 .UNSPECIFIED. ) ;
#3914 = CARTESIAN_POINT ( 'NONE',  ( 276.2046749615304861, -2.840046099609179642, 23.24999999818361118 ) ) ;
#3915 = EDGE_LOOP ( 'NONE', ( #6003, #6735, #409, #5094 ) ) ;
#3916 = B_SPLINE_CURVE_WITH_KNOTS ( 'NONE', 3,
 ( #2650, #3264, #4525, #168, #2610, #851, #6406, #7710, #7665, #5101 ),
 .UNSPECIFIED., .F., .F.,
 ( 4, 2, 2, 2, 4 ),
 ( 0.001343433040488898472, 0.006092778801707416682, 0.01084212456292593489, 0.01559147032414445397, 0.02034081608536297131 ),
 .UNSPECIFIED. ) ;
#3917 = EDGE_CURVE ( 'NONE', #120, #1057, #3572, .T. ) ;
#3918 = CARTESIAN_POINT ( 'NONE',  ( 399.6766353588214429, -0.07928218435276444820, 371.0325257831747763 ) ) ;
#3919 = ORIENTED_EDGE ( 'NONE', *, *, #3835, .F. ) ;
#3920 = CARTESIAN_POINT ( 'NONE',  ( 338.4564570130406764, -2.600427808133769947, 207.1486065250937543 ) ) ;
#3921 = CARTESIAN_POINT ( 'NONE',  ( 122.8692086623549926, -13.05503240726926073, 11.59999999818356287 ) ) ;
#3922 = CARTESIAN_POINT ( 'NONE',  ( 252.9191521580715971, -6.406288006122147216, 7.377538110977051922 ) ) ;
#3923 = CARTESIAN_POINT ( 'NONE',  ( 332.4661442742444137, -3.603440413318180990, 338.5149333356592365 ) ) ;
#3924 = CARTESIAN_POINT ( 'NONE',  ( 123.6372142303455774, -13.17260630178671299, 7.346190570522328933 ) ) ;
#3925 = CARTESIAN_POINT ( 'NONE',  ( 346.2076607255331169, -3.161493740480400660, 339.6260654773172973 ) ) ;
#3926 = LINE ( 'NONE', #1926, #4948 ) ;
#3927 = ADVANCED_FACE ( 'NONE', ( #4714 ), #475, .F. ) ;
#3928 = EDGE_CURVE ( 'NONE', #6810, #5228, #5275, .T. ) ;
#3929 = CARTESIAN_POINT ( 'NONE',  ( 162.3759087554415146, -12.68484696051127258, 6.500000142427190042 ) ) ;
#3930 = CARTESIAN_POINT ( 'NONE',  ( 284.2392597093384552, -1.889533752136008049, 23.24999999818344776 ) ) ;
#3931 = CARTESIAN_POINT ( 'NONE',  ( 144.9124754464032776, -11.36044218631860225, 22.03919734193823032 ) ) ;
#3932 = CARTESIAN_POINT ( 'NONE',  ( 275.1725795298831940, -4.803247615905947399, 7.002636775843876116 ) ) ;
#3933 = CARTESIAN_POINT ( 'NONE',  ( 398.1875785267973242, -0.05670496857064049462, 366.3799999999999955 ) ) ;
#3934 = CARTESIAN_POINT ( 'NONE',  ( 155.1012516674726953, -12.58393488357217826, 6.624171812717108310 ) ) ;
#3935 = CARTESIAN_POINT ( 'NONE',  ( 366.0944870945754133, -4.326829116563517985, 371.2299999999999613 ) ) ;
#3936 = CARTESIAN_POINT ( 'NONE',  ( 188.0932359966951424, -11.69824990172007695, 127.9099999999999966 ) ) ;
#3937 = VERTEX_POINT ( 'NONE', #6069 ) ;
#3938 = CARTESIAN_POINT ( 'NONE',  ( 398.8146726282790269, -0.1208427745493427657, 369.2846507561999374 ) ) ;
#3939 = CARTESIAN_POINT ( 'NONE',  ( 184.7933991674125878, -10.53172766424926898, 7.504264243461959971 ) ) ;
#3940 = CARTESIAN_POINT ( 'NONE',  ( 332.5781388050951364, -3.050000000000000266, 173.2499941109628310 ) ) ;
#3941 = FACE_OUTER_BOUND ( 'NONE', #2801, .T. ) ;
#3942 = CARTESIAN_POINT ( 'NONE',  ( 263.7253028209922832, -6.719537876890466777, 5.999999998183606742 ) ) ;
#3943 = CARTESIAN_POINT ( 'NONE',  ( 280.9346853336489858, -3.893581313298083213, 7.076086866863051661 ) ) ;
#3944 = CARTESIAN_POINT ( 'NONE',  ( 273.0240787553705104, -5.201358704480369965, 23.24999999817932661 ) ) ;
#3945 = CARTESIAN_POINT ( 'NONE',  ( 234.3768002273440914, -4.819252172134814494, 249.8200000000000500 ) ) ;
#3946 = CARTESIAN_POINT ( 'NONE',  ( 264.8209339975534817, -7.722065493172485695, 6.499999998183604077 ) ) ;
#3947 = CARTESIAN_POINT ( 'NONE',  ( 335.0486972745486014, -3.616965444980810407, 341.5330274992306840 ) ) ;
#3948 = EDGE_LOOP ( 'NONE', ( #1423, #2079, #844, #445 ) ) ;
#3949 = CARTESIAN_POINT ( 'NONE',  ( 245.9400883075627178, -6.956883598687129577, 7.121716410484095761 ) ) ;
#3950 = CARTESIAN_POINT ( 'NONE',  ( 277.7400248124633322, -4.699064049678769450, 21.20994500702861174 ) ) ;
#3951 = ORIENTED_EDGE ( 'NONE', *, *, #5728, .F. ) ;
#3952 = CARTESIAN_POINT ( 'NONE',  ( 346.8053539506656193, -43.07938103743692437, 371.7300000000000182 ) ) ;
#3953 = CARTESIAN_POINT ( 'NONE',  ( 279.5606501559344679, -2.526317564912132774, 23.24999999818355789 ) ) ;
#3954 = CARTESIAN_POINT ( 'NONE',  ( 281.1495025473558940, -3.442191075790643318, 6.000000000000000000 ) ) ;
#3955 = CARTESIAN_POINT ( 'NONE',  ( 285.2632606892713625, -3.668274814321974553, 20.81754619820952001 ) ) ;
#3956 =( BOUNDED_SURFACE ( )  B_SPLINE_SURFACE ( 3, 2, ( 
 ( #1257, #6171, #573 ),
 ( #2982, #6703, #8039 ),
 ( #12, #2561, #3907 ),
 ( #806, #1909, #3297 ),
 ( #5666, #2605, #5138 ),
 ( #4564, #6323, #6934 ) ),
 .UNSPECIFIED., .F., .F., .T. ) 
 B_SPLINE_SURFACE_WITH_KNOTS ( ( 4, 2, 4 ),
 ( 3, 3 ),
 ( 0.003492968358898146820, 0.007364977625651141120, 0.01123698689240413585 ),
 ( 0.000000000000000000, 1.000000000000000000 ),
 .UNSPECIFIED. ) 
 GEOMETRIC_REPRESENTATION_ITEM ( )  RATIONAL_B_SPLINE_SURFACE ( (
 ( 1.000000000000000000, 0.8781510385348647585, 1.000000000000000000),
 ( 1.000000000000000000, 0.8779188618056226190, 1.000000000000000000),
 ( 1.000000000000000000, 0.8773565355200191318, 1.000000000000000000),
 ( 1.000000000000000000, 0.8776030324181837150, 1.000000000000000000),
 ( 1.000000000000000000, 0.8774986477360886550, 1.000000000000000000),
 ( 1.000000000000000000, 0.8776599154877159359, 1.000000000000000000) ) ) 
 REPRESENTATION_ITEM ( '' )  SURFACE ( )  );
#3957 = CARTESIAN_POINT ( 'NONE',  ( 347.3526020378935186, -3.103959195327427700, 338.1754981893454328 ) ) ;
#3958 = ORIENTED_EDGE ( 'NONE', *, *, #1089, .T. ) ;
#3959 = CARTESIAN_POINT ( 'NONE',  ( 119.2532853754716484, -12.96965375566219514, 11.51620447522682333 ) ) ;
#3960 = ORIENTED_EDGE ( 'NONE', *, *, #5786, .F. ) ;
#3961 = CARTESIAN_POINT ( 'NONE',  ( 255.4405767995077099, -7.422841019436962284, 192.8206827372189878 ) ) ;
#3962 = CARTESIAN_POINT ( 'NONE',  ( -0.000000000000000000, -0.05000000000000000278, 371.2300000000000182 ) ) ;
#3963 = CARTESIAN_POINT ( 'NONE',  ( 256.4725471756772208, -7.054403655783747951, 6.498754139805853036 ) ) ;
#3964 = CARTESIAN_POINT ( 'NONE',  ( 332.0758014954450914, -3.240518387829043778, 337.7187488652764387 ) ) ;
#3965 = CARTESIAN_POINT ( 'NONE',  ( 127.1448927628538144, -14.01584801766397170, 6.498799451801464677 ) ) ;
#3966 = CARTESIAN_POINT ( 'NONE',  ( 125.9876185812804295, -11.15431805044013025, 22.47516265170397531 ) ) ;
#3967 = CARTESIAN_POINT ( 'NONE',  ( 126.0732390971618599, -13.16794258349020730, 22.61058374592845865 ) ) ;
#3968 = CARTESIAN_POINT ( 'NONE',  ( 283.8899336795972772, -2.279790544460678525, 23.24999999818359342 ) ) ;
#3969 = CARTESIAN_POINT ( 'NONE',  ( 259.8759738565270254, -6.967193487159883070, 6.499999998183620065 ) ) ;
#3970 = CARTESIAN_POINT ( 'NONE',  ( 274.7639700624769716, -5.214819295960389844, 6.625485718704276827 ) ) ;
#3971 = CARTESIAN_POINT ( 'NONE',  ( 318.0050559877146270, -0.04999999999760034591, 145.4133954894342082 ) ) ;
#3972 = CARTESIAN_POINT ( 'NONE',  ( 153.3403249143011351, -12.48939443031127539, 6.792721358199728776 ) ) ;
#3973 = EDGE_CURVE ( 'NONE', #2529, #7794, #5451, .T. ) ;
#3974 = CARTESIAN_POINT ( 'NONE',  ( 126.7212399689984466, -13.83070150380098084, 11.85368398759338326 ) ) ;
#3975 = CARTESIAN_POINT ( 'NONE',  ( 86.65459506385917621, -14.11979833011167251, 5.999999999999996447 ) ) ;
#3976 = ORIENTED_EDGE ( 'NONE', *, *, #251, .T. ) ;
#3977 = CARTESIAN_POINT ( 'NONE',  ( 260.9811517943763874, -7.983225243403233584, 6.499999998183644045 ) ) ;
#3978 = CARTESIAN_POINT ( 'NONE',  ( 184.8271824686189575, -11.15389360468411262, 6.573749492755484702 ) ) ;
#3979 = CARTESIAN_POINT ( 'NONE',  ( 332.0758014954453756, -3.240518387829040670, 337.7187488652764955 ) ) ;
#3980 = CARTESIAN_POINT ( 'NONE',  ( 266.8222775043083743, -6.484658784350789240, 6.499999998183602301 ) ) ;
#3981 = CARTESIAN_POINT ( 'NONE',  ( 393.3948487064678261, -0.5345072570230743336, 371.0845276888975945 ) ) ;
#3982 = CARTESIAN_POINT ( 'NONE',  ( 339.9263333067287363, -4.008811444184221529, 360.8498447801541715 ) ) ;
#3983 = CARTESIAN_POINT ( 'NONE',  ( 281.1158722346594345, -4.520131659333573637, 6.528123497068271774 ) ) ;
#3984 = B_SPLINE_SURFACE_WITH_KNOTS ( 'NONE', 3, 1, ( 
 ( #3399, #6544 ),
 ( #2700, #987 ),
 ( #4623, #5354 ),
 ( #5893, #5272 ),
 ( #5975, #4661 ),
 ( #7762, #3929 ),
 ( #2821, #2868 ),
 ( #1436, #7153 ),
 ( #1559, #4053 ),
 ( #947, #823 ) ),
 .UNSPECIFIED., .F., .F., .F.,
 ( 4, 3, 3, 4 ),
 ( 2, 2 ),
 ( 0.1948243457338892093, 0.1982892618948534358, 0.2181249556530585609, 0.2215893746790556507 ),
 ( 0.000000000000000000, 1.000000000000000000 ),
 .UNSPECIFIED. ) ;
#3985 = CARTESIAN_POINT ( 'NONE',  ( 285.0074497981256627, -3.828008278966842592, 21.01988329985430326 ) ) ;
#3986 = EDGE_CURVE ( 'NONE', #6595, #1212, #6450, .T. ) ;
#3987 = CARTESIAN_POINT ( 'NONE',  ( 255.0267491828392963, -6.010078497637567629, 249.8200000000000500 ) ) ;
#3988 = CARTESIAN_POINT ( 'NONE',  ( 280.7287388751885828, -6.065623762285402343, 6.499999998183604966 ) ) ;
#3989 = CARTESIAN_POINT ( 'NONE',  ( 327.7299926832046140, -2.620494594336188587, 339.6887238314740785 ) ) ;
#3990 = ORIENTED_EDGE ( 'NONE', *, *, #5366, .T. ) ;
#3991 = CARTESIAN_POINT ( 'NONE',  ( 240.7163549033301138, -7.518599964937234148, 6.792530253209358548 ) ) ;
#3992 = CARTESIAN_POINT ( 'NONE',  ( 113.1211326098185168, -13.80372129546781323, 6.000000000000000000 ) ) ;
#3993 = ORIENTED_EDGE ( 'NONE', *, *, #7656, .T. ) ;
#3994 = CARTESIAN_POINT ( 'NONE',  ( 388.2527912048889220, -0.5369016921588951607, 340.5214265287927446 ) ) ;
#3995 = CARTESIAN_POINT ( 'NONE',  ( 282.1359200251794732, -2.335598103527925407, 23.24999999818361829 ) ) ;
#3996 = CARTESIAN_POINT ( 'NONE',  ( 350.4540108792532465, -2.240643162123010068, 249.8199999999998226 ) ) ;
#3997 = CARTESIAN_POINT ( 'NONE',  ( 285.3710242482755461, -3.556956872581993334, 20.80419503435636130 ) ) ;
#3998 = CARTESIAN_POINT ( 'NONE',  ( 368.5657941267634783, -2.113957333183148268, 371.0308414902985987 ) ) ;
#3999 = CARTESIAN_POINT ( 'NONE',  ( 346.2940754790899973, -3.157503542530014862, 341.3060080257932327 ) ) ;
#4000 = ORIENTED_EDGE ( 'NONE', *, *, #3528, .T. ) ;
#4001 = CARTESIAN_POINT ( 'NONE',  ( 163.4303801828023950, -12.63301242417787940, 6.261634596344842763 ) ) ;
#4002 = VERTEX_POINT ( 'NONE', #7287 ) ;
#4003 = CARTESIAN_POINT ( 'NONE',  ( 284.5531429783046633, -4.791283954612450380, 58.63654144640766930 ) ) ;
#4004 = CARTESIAN_POINT ( 'NONE',  ( 365.5261076712722570, -2.462260459538375024, 371.2300000000000182 ) ) ;
#4005 = CARTESIAN_POINT ( 'NONE',  ( 254.7005122409101148, -6.787614571589694279, 6.624302228708820905 ) ) ;
#4006 = CARTESIAN_POINT ( 'NONE',  ( 125.3856703510013375, -13.15589812070205866, 7.347781117265240525 ) ) ;
#4007 =( BOUNDED_SURFACE ( )  B_SPLINE_SURFACE ( 3, 2, ( 
 ( #3052, #5539, #2434 ),
 ( #6808, #1207, #3701 ),
 ( #8064, #4962, #7451 ),
 ( #4350, #6842, #149 ),
 ( #5692, #2631, #708 ),
 ( #4505, #3200, #7603 ),
 ( #6878, #4385, #3243 ),
 ( #6386, #5122, #6309 ),
 ( #4546, #69, #6425 ),
 ( #1282, #2546, #6998 ) ),
 .UNSPECIFIED., .F., .F., .T. ) 
 B_SPLINE_SURFACE_WITH_KNOTS ( ( 4, 2, 2, 2, 4 ),
 ( 3, 3 ),
 ( 0.02118313894602431163, 0.02483525706923764287, 0.02848737519245097757, 0.03213949331566431228, 0.03579161143887764351 ),
 ( 0.000000000000000000, 0.6534389493165226881 ),
 .UNSPECIFIED. ) 
 GEOMETRIC_REPRESENTATION_ITEM ( )  RATIONAL_B_SPLINE_SURFACE ( (
 ( 1.000000000000000000, 0.8203879950823617095, 0.8755069497207548235),
 ( 1.000000000000000000, 0.8194374258307934866, 0.8748480891636130075),
 ( 1.000000000000000000, 0.8180525245808110135, 0.8738881834990392949),
 ( 1.000000000000000000, 0.8157696231786333296, 0.8723058540819483841),
 ( 1.000000000000000000, 0.8149858072213540527, 0.8717625739185541622),
 ( 1.000000000000000000, 0.8139181790477914014, 0.8710225772354158735),
 ( 1.000000000000000000, 0.8135476344938314952, 0.8707657446155250280),
 ( 1.000000000000000000, 0.8130929012588941074, 0.8704505589601638782),
 ( 1.000000000000000000, 0.8128657823933722604, 0.8702931378548330876),
 ( 1.000000000000000000, 0.8126331114409965917, 0.8701318684753955868) ) ) 
 REPRESENTATION_ITEM ( '' )  SURFACE ( )  );
#4008 = CARTESIAN_POINT ( 'NONE',  ( 345.5169203440102592, -1.992210477605343533, 339.6038083577047928 ) ) ;
#4009 = CARTESIAN_POINT ( 'NONE',  ( 130.3759738565270254, -14.09502358533362276, 6.499999998183612071 ) ) ;
#4010 = CARTESIAN_POINT ( 'NONE',  ( 284.2058087435611924, -1.933077011941573220, 23.24999999818364671 ) ) ;
#4011 = CARTESIAN_POINT ( 'NONE',  ( 142.1068173319974335, -11.41935113149070347, 22.03829245808510606 ) ) ;
#4012 = CARTESIAN_POINT ( 'NONE',  ( 276.1153794596813214, -5.486028112117408817, 6.498746275636118952 ) ) ;
#4013 = CARTESIAN_POINT ( 'NONE',  ( 273.6581388050952341, -0.4743075652379327711, 23.24999999818360763 ) ) ;
#4014 = CARTESIAN_POINT ( 'NONE',  ( 153.3264705783154227, -12.27116710728751592, 7.121499662599571678 ) ) ;
#4015 = CARTESIAN_POINT ( 'NONE',  ( 127.5984072534398166, -13.73018884026724074, 15.62650722324293184 ) ) ;
#4016 = CARTESIAN_POINT ( 'NONE',  ( 221.9935161627658715, -11.07231885792525716, 127.9099999999999113 ) ) ;
#4017 = ORIENTED_EDGE ( 'NONE', *, *, #4091, .F. ) ;
#4018 = CARTESIAN_POINT ( 'NONE',  ( 332.7801297720591265, -4.132016298157184409, 338.9936022692405118 ) ) ;
#4019 = CARTESIAN_POINT ( 'NONE',  ( 188.3226236050728346, -10.96291639163828968, 6.573764553017095835 ) ) ;
#4020 = CARTESIAN_POINT ( 'NONE',  ( 332.6647059270487148, -3.788149204330518938, 338.2935704546067086 ) ) ;
#4021 = DESIGN_CONTEXT ( 'detailed design', #5401, 'design' ) ;
#4022 = B_SPLINE_CURVE_WITH_KNOTS ( 'NONE', 3,
 ( #6252, #3794, #3643, #6790, #2527, #6291, #651, #1913, #86, #7543 ),
 .UNSPECIFIED., .F., .F.,
 ( 4, 2, 2, 2, 4 ),
 ( 0.000000000000000000, 0.0005074678654192772004, 0.001014935730838554401, 0.001522403596257831601, 0.002029871461677108802 ),
 .UNSPECIFIED. ) ;
#4023 = ADVANCED_FACE ( 'NONE', ( #3407 ), #1690, .T. ) ;
#4024 = CARTESIAN_POINT ( 'NONE',  ( 286.8947463013351467, -0.05000000000000000971, 21.40247137572897529 ) ) ;
#4025 = CARTESIAN_POINT ( 'NONE',  ( 332.5781388050951364, -2.860467191248591945, 175.1527037667216860 ) ) ;
#4026 = CARTESIAN_POINT ( 'NONE',  ( 260.2013057025005764, -6.947435785504065819, 6.500000041270943107 ) ) ;
#4027 = CARTESIAN_POINT ( 'NONE',  ( 280.8490330827864341, -4.018295368236829646, 6.943893009482795975 ) ) ;
#4028 = CARTESIAN_POINT ( 'NONE',  ( 285.9691636247949305, -3.349260880599205681, 20.97377577311588581 ) ) ;
#4029 = CARTESIAN_POINT ( 'NONE',  ( 163.3667160852333495, -8.769630280814785905, 127.9100000000000819 ) ) ;
#4030 = CARTESIAN_POINT ( 'NONE',  ( 280.9191512817964167, -3.421629182686745096, 6.499999998189253780 ) ) ;
#4031 = CARTESIAN_POINT ( 'NONE',  ( 115.0997868133022308, -2.207488412786499765, 127.9099999999999966 ) ) ;
#4032 = EDGE_LOOP ( 'NONE', ( #7872, #3904, #3346, #3600, #5546 ) ) ;
#4033 = CARTESIAN_POINT ( 'NONE',  ( 237.2067369247584736, -7.475654993631155598, 7.243317514235960708 ) ) ;
#4034 = EDGE_CURVE ( 'NONE', #4647, #4685, #7515, .T. ) ;
#4035 = CARTESIAN_POINT ( 'NONE',  ( 283.8754351197443953, -4.154376427336318400, 21.15858909548865441 ) ) ;
#4036 = AXIS2_PLACEMENT_3D ( 'NONE', #1908, #4397, #683 ) ;
#4037 = ORIENTED_EDGE ( 'NONE', *, *, #2486, .F. ) ;
#4038 = CARTESIAN_POINT ( 'NONE',  ( 394.4147146606500769, -0.05000000008383525402, 355.9842029801391732 ) ) ;
#4039 = CARTESIAN_POINT ( 'NONE',  ( 280.8374374180521045, -2.425825206373784848, 23.24999999818357210 ) ) ;
#4040 = CARTESIAN_POINT ( 'NONE',  ( 353.8972110232153909, -1.976943240602748286, 249.8199999999999363 ) ) ;
#4041 = DIRECTION ( 'NONE',  ( -1.616521140035806642E-18, 0.000000000000000000, 1.000000000000000000 ) ) ;
#4042 = CARTESIAN_POINT ( 'NONE',  ( 400.0311503455787374, -0.05002962058497913145, 371.1526671376408331 ) ) ;
#4043 = CIRCLE ( 'NONE', #5867, 0.2000000000000240197 ) ;
#4044 = CARTESIAN_POINT ( 'NONE',  ( 163.8759738565269970, -12.63568686999301249, 6.499999998183606742 ) ) ;
#4045 = ORIENTED_EDGE ( 'NONE', *, *, #7279, .T. ) ;
#4046 = CARTESIAN_POINT ( 'NONE',  ( 272.1741120494027655, -5.062183809464582573, 22.07424577199262572 ) ) ;
#4047 = VERTEX_POINT ( 'NONE', #7772 ) ;
#4048 = CARTESIAN_POINT ( 'NONE',  ( 133.0513530334995664, -15.14668605131498502, 6.499999998183609407 ) ) ;
#4049 = CARTESIAN_POINT ( 'NONE',  ( 259.9379083657242404, -6.352090367001181903, 6.698508151444277026 ) ) ;
#4050 = CARTESIAN_POINT ( 'NONE',  ( 123.6374019102770490, -13.20127108532809856, 7.217211358069902438 ) ) ;
#4051 = B_SPLINE_CURVE_WITH_KNOTS ( 'NONE', 3,
 ( #4961, #2471, #1170, #5538 ),
 .UNSPECIFIED., .F., .F.,
 ( 4, 4 ),
 ( 0.000000000000000000, 0.0003439802809747109151 ),
 .UNSPECIFIED. ) ;
#4052 = FACE_OUTER_BOUND ( 'NONE', #3178, .T. ) ;
#4053 = CARTESIAN_POINT ( 'NONE',  ( 163.7253082035551301, -12.61851467980019237, 6.500000142427190042 ) ) ;
#4054 = CARTESIAN_POINT ( 'NONE',  ( 284.5248559694546771, -1.437087322356319197, 23.24999999818361829 ) ) ;
#4055 = PERSON_AND_ORGANIZATION ( #6784, #6357 ) ;
#4056 = CARTESIAN_POINT ( 'NONE',  ( 276.0782150612255350, -4.995873047996011174, 6.700039890019160005 ) ) ;
#4057 = CARTESIAN_POINT ( 'NONE',  ( 394.6334679037094020, -0.2557296380075951281, 356.3665431364494225 ) ) ;
#4058 = CARTESIAN_POINT ( 'NONE',  ( 155.0885095388712784, -12.37814899502337695, 6.792424783817129885 ) ) ;
#4059 = CARTESIAN_POINT ( 'NONE',  ( 127.4949255040679077, -13.72678730567879768, 15.75235009841550671 ) ) ;
#4060 = CARTESIAN_POINT ( 'NONE',  ( 363.2079020032349490, -4.469056485111368104, 371.7300000000000182 ) ) ;
#4061 = ORIENTED_EDGE ( 'NONE', *, *, #8025, .T. ) ;
#4062 = CARTESIAN_POINT ( 'NONE',  ( 332.4907998483079155, -3.678023756228558483, 338.5646034714834514 ) ) ;
#4063 = CARTESIAN_POINT ( 'NONE',  ( 181.3525355642940440, -11.72995197731778028, 6.500047474621143628 ) ) ;
#4064 = CARTESIAN_POINT ( 'NONE',  ( 160.3759738565269970, -13.87621618035439752, 5.999999998183607630 ) ) ;
#4065 = CARTESIAN_POINT ( 'NONE',  ( 260.9811517943763874, -7.983225243403233584, 6.499999998183606742 ) ) ;
#4066 = CARTESIAN_POINT ( 'NONE',  ( 373.1166245608242775, -1.947105005894998797, 371.2093892662001622 ) ) ;
#4067 = CARTESIAN_POINT ( 'NONE',  ( 345.6354065176330437, -1.985858367089872401, 338.9850176486757505 ) ) ;
#4068 = CARTESIAN_POINT ( 'NONE',  ( 280.8149895543807020, -3.849472822435176411, 7.492536905449134643 ) ) ;
#4069 = CARTESIAN_POINT ( 'NONE',  ( 282.2343989503025909, -4.333544959700697419, 21.22624304117766769 ) ) ;
#4070 = CARTESIAN_POINT ( 'NONE',  ( 312.5252764033892277, -0.1203061201313090772, 371.7300000000000182 ) ) ;
#4071 = CARTESIAN_POINT ( 'NONE',  ( 282.0642628433536743, -4.034706489777780014, 6.499999998183661809 ) ) ;
#4072 = CARTESIAN_POINT ( 'NONE',  ( 115.0132882638156673, -2.145242528864027776, 127.9099999999999966 ) ) ;
#4073 = ORIENTED_EDGE ( 'NONE', *, *, #6417, .F. ) ;
#4074 = CARTESIAN_POINT ( 'NONE',  ( 244.2026328767233849, -7.198104978677369203, 6.886367507999247017 ) ) ;
#4075 = CARTESIAN_POINT ( 'NONE',  ( 187.4308589856482570, -10.48347510102264302, 127.9100000000000250 ) ) ;
#4076 = VERTEX_POINT ( 'NONE', #2176 ) ;
#4077 = CARTESIAN_POINT ( 'NONE',  ( 371.2435318658299366, -1.207620490020336002, 293.4947292220806503 ) ) ;
#4078 = CARTESIAN_POINT ( 'NONE',  ( 282.0731985947835483, -2.340107401533954690, 23.24999999818359342 ) ) ;
#4079 = B_SPLINE_CURVE_WITH_KNOTS ( 'NONE', 3,
 ( #5095, #2219, #7206, #7580 ),
 .UNSPECIFIED., .F., .F.,
 ( 4, 4 ),
 ( 0.000000000000000000, 1.000000000000000000 ),
 .UNSPECIFIED. ) ;
#4080 = CARTESIAN_POINT ( 'NONE',  ( 202.2493725381357024, -9.556876189929456089, 6.000000000000007105 ) ) ;
#4081 = CARTESIAN_POINT ( 'NONE',  ( 362.3774534444184496, -2.613330619378385400, 371.2300000170832277 ) ) ;
#4082 = CARTESIAN_POINT ( 'NONE',  ( 326.0409695198304689, -1.182720980900296315, 167.5738330005601426 ) ) ;
#4083 = EDGE_CURVE ( 'NONE', #4167, #2681, #7917, .T. ) ;
#4084 = CARTESIAN_POINT ( 'NONE',  ( 187.4308589856482570, -10.48347510102264302, 127.9100000000000250 ) ) ;
#4085 = VERTEX_POINT ( 'NONE', #4670 ) ;
#4086 = CARTESIAN_POINT ( 'NONE',  ( 272.2457836528628832, -5.030758353632628577, 22.12619585178980941 ) ) ;
#4087 = ORIENTED_EDGE ( 'NONE', *, *, #4182, .T. ) ;
#4088 = CARTESIAN_POINT ( 'NONE',  ( 271.7360062349163741, -3.388735338250192797, 17.95497624317689045 ) ) ;
#4089 = CARTESIAN_POINT ( 'NONE',  ( 259.9446272665869060, -6.464308340796643293, 6.623954453194503600 ) ) ;
#4090 = CARTESIAN_POINT ( 'NONE',  ( 120.1438033534337535, -13.91157167558546348, 6.522771350839873250 ) ) ;
#4091 = EDGE_CURVE ( 'NONE', #2549, #4929, #2833, .T. ) ;
#4092 = CARTESIAN_POINT ( 'NONE',  ( 345.3027704341790241, -3.203576887160996201, 340.2124951484303779 ) ) ;
#4093 = CARTESIAN_POINT ( 'NONE',  ( 125.5607891667057174, -13.46586413622351230, 21.80007087289662948 ) ) ;
#4094 = CARTESIAN_POINT ( 'NONE',  ( 163.5066816646151153, -13.72010323689067945, 5.999999998183599637 ) ) ;
#4095 = CARTESIAN_POINT ( 'NONE',  ( 144.9062839604625026, -11.05463885067565322, 22.49164558135045411 ) ) ;
#4096 = CARTESIAN_POINT ( 'NONE',  ( 276.9548491396635654, -4.746578531907571730, 6.886522302092056513 ) ) ;
#4097 = CARTESIAN_POINT ( 'NONE',  ( 139.3737625014229593, -11.47465144780858637, 22.03791219440454086 ) ) ;
#4098 = CARTESIAN_POINT ( 'NONE',  ( 156.8802104773784549, -12.99046189866318102, 6.500047630308769087 ) ) ;
#4099 = CARTESIAN_POINT ( 'NONE',  ( 127.8588274103198188, -13.74075982933286255, 15.20777539616626406 ) ) ;
#4100 = CARTESIAN_POINT ( 'NONE',  ( 258.6001072310630207, -9.110292437201090721, 127.9099999999999397 ) ) ;
#4101 = ORIENTED_EDGE ( 'NONE', *, *, #5776, .T. ) ;
#4102 = DIRECTION ( 'NONE',  ( -1.000000000000000000, 0.000000000000000000, -1.616521140035806834E-18 ) ) ;
#4103 = CARTESIAN_POINT ( 'NONE',  ( 188.2886082590804051, -10.34021530621256169, 7.372347581420116924 ) ) ;
#4104 = CARTESIAN_POINT ( 'NONE',  ( 346.8053539506656193, -43.07938103743692437, 371.7300000000000182 ) ) ;
#4105 = CARTESIAN_POINT ( 'NONE',  ( 273.6581388050951773, -3.310698935283581168, 23.24999999818360408 ) ) ;
#4106 = CARTESIAN_POINT ( 'NONE',  ( 364.1009357549587548, -2.549118618625825228, 371.2299894552066348 ) ) ;
#4107 = CARTESIAN_POINT ( 'NONE',  ( 260.0266375484741275, -6.958201446458740058, 6.500000041270943107 ) ) ;
#4108 = CARTESIAN_POINT ( 'NONE',  ( 281.0643801523718253, -4.253008910893743000, 6.644868044524602446 ) ) ;
#4109 = CARTESIAN_POINT ( 'NONE',  ( 279.8627044431435706, -4.507854203473215193, 21.21877892891802020 ) ) ;
#4110 = CARTESIAN_POINT ( 'NONE',  ( 220.7823117953940937, -2.478423719209608578, 249.8200000000000500 ) ) ;
#4111 = CARTESIAN_POINT ( 'NONE',  ( 282.8015901130116845, -2.956678014108629959, 6.499999998183602301 ) ) ;
#4112 = CARTESIAN_POINT ( 'NONE',  ( 310.9087939840941317, -1.832867238947528010, 371.7299999999999613 ) ) ;
#4113 = ORIENTED_EDGE ( 'NONE', *, *, #3679, .F. ) ;
#4114 = CARTESIAN_POINT ( 'NONE',  ( 244.1911335958278642, -7.023371459058283861, 7.244105317732621785 ) ) ;
#4115 = CARTESIAN_POINT ( 'NONE',  ( 145.2778670527185909, -11.34803698181613640, 22.22041622178366538 ) ) ;
#4116 = ORIENTED_EDGE ( 'NONE', *, *, #251, .F. ) ;
#4117 = CARTESIAN_POINT ( 'NONE',  ( 399.9492632354827037, -0.2378542027109244728, 371.2300000000000182 ) ) ;
#4118 = CARTESIAN_POINT ( 'NONE',  ( 286.0418681143840445, -3.668045268645123702, 23.24999999818366092 ) ) ;
#4119 = CARTESIAN_POINT ( 'NONE',  ( 258.8945039599355482, -6.281270344633012925, 233.4866666666666504 ) ) ;
#4120 = CARTESIAN_POINT ( 'NONE',  ( 314.0720430127731788, -4.540831555830638244, 249.8200000000001637 ) ) ;
#4121 = FACE_OUTER_BOUND ( 'NONE', #2077, .T. ) ;
#4122 = CARTESIAN_POINT ( 'NONE',  ( 397.9854679854622646, -0.1574444223714901447, 367.3393219749885361 ) ) ;
#4123 = CARTESIAN_POINT ( 'NONE',  ( 347.5904668804327002, -3.093534043654540877, 338.9564839797150739 ) ) ;
#4124 = CARTESIAN_POINT ( 'NONE',  ( 272.6218527643620746, -4.833337834693949731, 22.40150576211670952 ) ) ;
#4125 = EDGE_LOOP ( 'NONE', ( #7429, #3093, #3146, #5218 ) ) ;
#4126 = ADVANCED_FACE ( 'NONE', ( #4881 ), #6801, .F. ) ;
#4127 = CARTESIAN_POINT ( 'NONE',  ( 142.1333165469874587, -12.63134734470673592, 21.53442609104068950 ) ) ;
#4128 = CARTESIAN_POINT ( 'NONE',  ( 247.7398984595777165, -7.641557792738161936, 6.498751537429143355 ) ) ;
#4129 = CARTESIAN_POINT ( 'NONE',  ( 120.1507577867980103, -13.29998969511214391, 6.973420999906465134 ) ) ;
#4130 = CARTESIAN_POINT ( 'NONE',  ( 345.4088311881199616, -1.997239094071918242, 339.6613395937776545 ) ) ;
#4131 = CARTESIAN_POINT ( 'NONE',  ( 129.2327121887195176, -12.18022895235250047, 23.96099761202480849 ) ) ;
#4132 = CARTESIAN_POINT ( 'NONE',  ( 284.5042785478439669, -1.474914685910448497, 23.24999999818360052 ) ) ;
#4133 = EDGE_CURVE ( 'NONE', #5578, #4616, #3730, .T. ) ;
#4134 = CARTESIAN_POINT ( 'NONE',  ( 285.5892984519399533, -4.095660674770178922, 23.24999999818438212 ) ) ;
#4135 = CARTESIAN_POINT ( 'NONE',  ( 272.9739819630769375, -5.000933904096743099, 7.005295479067771502 ) ) ;
#4136 = CARTESIAN_POINT ( 'NONE',  ( 139.7588235444645761, -13.36667567945275081, 22.21266752581917459 ) ) ;
#4137 = CARTESIAN_POINT ( 'NONE',  ( 149.8912733412271905, -13.42095915267745276, 6.500047671675773131 ) ) ;
#4138 = CARTESIAN_POINT ( 'NONE',  ( 332.0758014954450914, -3.240518387829039337, 337.7187488652767229 ) ) ;
#4139 = CARTESIAN_POINT ( 'NONE',  ( 278.3324264411599529, -7.926871485096924630, 127.9099999999999966 ) ) ;
#4140 = ORIENTED_EDGE ( 'NONE', *, *, #1841, .T. ) ;
#4141 = CARTESIAN_POINT ( 'NONE',  ( 263.3759738565270254, -7.825707291907048280, 5.999999998183607630 ) ) ;
#4142 = CARTESIAN_POINT ( 'NONE',  ( 170.8289026866074494, -11.56632341588677804, 6.790215224277345918 ) ) ;
#4143 = FACE_OUTER_BOUND ( 'NONE', #2370, .T. ) ;
#4144 = PLANE ( 'NONE',  #1949 ) ;
#4145 = CARTESIAN_POINT ( 'NONE',  ( 391.1418404563065678, -0.6930523535030080895, 371.0321433040823536 ) ) ;
#4146 = CARTESIAN_POINT ( 'NONE',  ( 281.0114436551986614, -4.147487765212926725, 6.731672552717047786 ) ) ;
#4147 = CARTESIAN_POINT ( 'NONE',  ( 281.4908152018329019, -4.384518840964827469, 21.22835763319545066 ) ) ;
#4148 = CARTESIAN_POINT ( 'NONE',  ( 29.59148363447950203, -5.583206827554586305, 5.999999999999992006 ) ) ;
#4149 = CARTESIAN_POINT ( 'NONE',  ( 281.6739152372082913, -4.456342974662000245, 6.499999998183652039 ) ) ;
#4150 = CARTESIAN_POINT ( 'NONE',  ( 214.9392415686792503, -3.117818991754579550, 249.8200000000000216 ) ) ;
#4151 = EDGE_LOOP ( 'NONE', ( #200, #7669, #6443, #2488, #109 ) ) ;
#4152 = VECTOR ( 'NONE', #3896, 1000.000000000000000 ) ;
#4153 = CARTESIAN_POINT ( 'NONE',  ( 226.7326030265106453, -8.234527218146887151, 6.998021570397812141 ) ) ;
#4154 = DIRECTION ( 'NONE',  ( -1.616521140035806642E-18, 0.000000000000000000, 1.000000000000000000 ) ) ;
#4155 = VERTEX_POINT ( 'NONE', #2424 ) ;
#4156 = CARTESIAN_POINT ( 'NONE',  ( 284.1162715072481433, -2.041649675551807430, 23.24999999818360408 ) ) ;
#4157 = CARTESIAN_POINT ( 'NONE',  ( 282.1965992432194525, -3.968160605406095165, 6.528354535010707949 ) ) ;
#4158 = CARTESIAN_POINT ( 'NONE',  ( 270.0427907365818783, -3.411193363014141333, 23.24999999818359342 ) ) ;
#4159 = CIRCLE ( 'NONE', #2989, 1.702983748807916697 ) ;
#4160 = CARTESIAN_POINT ( 'NONE',  ( 257.6156371752560403, -6.259237768898387344, 233.4866666666665367 ) ) ;
#4161 = CARTESIAN_POINT ( 'NONE',  ( 377.3576812484026846, -1.601240546569665746, 371.7299999999996771 ) ) ;
#4162 = DIRECTION ( 'NONE',  ( 0.000000000000000000, 0.000000000000000000, -1.000000000000000000 ) ) ;
#4163 = CARTESIAN_POINT ( 'NONE',  ( 296.5895852870893918, -2.379107077524789116, 86.42291833948391400 ) ) ;
#4164 = DIRECTION ( 'NONE',  ( -0.000000000000000000, 1.000000000000000000, -0.000000000000000000 ) ) ;
#4165 = CIRCLE ( 'NONE', #3253, 0.5000000000000006661 ) ;
#4166 = CARTESIAN_POINT ( 'NONE',  ( 272.6780680165006743, -4.798040943849852802, 22.44314190913249973 ) ) ;
#4167 = VERTEX_POINT ( 'NONE', #4265 ) ;
#4168 = CARTESIAN_POINT ( 'NONE',  ( 131.8710046581333017, -12.77538773034845221, 21.54334369726918297 ) ) ;
#4169 = CARTESIAN_POINT ( 'NONE',  ( 245.9935246818945132, -7.758062798452536768, 6.498752082097476013 ) ) ;
#4170 = CARTESIAN_POINT ( 'NONE',  ( 116.6414388008053749, -14.09822826198849022, 6.500044229462281109 ) ) ;
#4171 = CIRCLE ( 'NONE', #645, 2.040067006392087823 ) ;
#4172 = CARTESIAN_POINT ( 'NONE',  ( 279.2960982004102561, -2.548801212292966412, 23.24999999818360408 ) ) ;
#4173 = CARTESIAN_POINT ( 'NONE',  ( 391.2230838402434188, -2.782914610293473423, 371.2300000000000182 ) ) ;
#4174 = CARTESIAN_POINT ( 'NONE',  ( 260.3759738565249222, -8.020603722119348689, 6.499999998183606742 ) ) ;
#4175 = CARTESIAN_POINT ( 'NONE',  ( 283.8825658302817487, -2.286799573825186727, 23.24999999818347973 ) ) ;
#4176 = CARTESIAN_POINT ( 'NONE',  ( 270.4452113199931205, -6.144177985610282278, 6.500048566746912115 ) ) ;
#4177 = CARTESIAN_POINT ( 'NONE',  ( 381.3442988877048947, -0.6142492004708772768, 319.7239088848761526 ) ) ;
#4178 = CARTESIAN_POINT ( 'NONE',  ( 142.8840660972455510, -13.40237098152820749, 6.572929683279421731 ) ) ;
#4179 = CARTESIAN_POINT ( 'NONE',  ( 362.7454704894915380, -4.488390848306498704, 371.7300000000000182 ) ) ;
#4180 = EDGE_CURVE ( 'NONE', #1040, #2562, #4916, .T. ) ;
#4181 = CARTESIAN_POINT ( 'NONE',  ( 299.1701122945386828, -7.431271433290408623, 249.8200000000002206 ) ) ;
#4182 = EDGE_CURVE ( 'NONE', #6922, #2549, #4496, .T. ) ;
#4183 = EDGE_LOOP ( 'NONE', ( #1081, #4364, #3339, #7784 ) ) ;
#4184 = CARTESIAN_POINT ( 'NONE',  ( 216.0872098651406930, -8.858800813667963681, 23.24999999818360408 ) ) ;
#4185 = CARTESIAN_POINT ( 'NONE',  ( 165.6073150598569725, -12.27362509830084569, 6.523877467345080561 ) ) ;
#4186 = CARTESIAN_POINT ( 'NONE',  ( 127.3299600395446163, -11.20068880442798687, 22.47778856944753301 ) ) ;
#4187 = CARTESIAN_POINT ( 'NONE',  ( 281.0933221376578217, -4.102222683504978207, 6.734585048617893754 ) ) ;
#4188 = CARTESIAN_POINT ( 'NONE',  ( 382.1281487574556195, -1.301470270291606113, 371.0841698244405507 ) ) ;
#4189 = CARTESIAN_POINT ( 'NONE',  ( 125.4698723339296720, -13.46986883871283780, 21.65627289584416815 ) ) ;
#4190 = CARTESIAN_POINT ( 'NONE',  ( 280.2909950014625338, -4.591079233098640522, 6.636364479892352897 ) ) ;
#4191 = CARTESIAN_POINT ( 'NONE',  ( 283.0513203121424226, -4.265126797956583005, 21.20683704377523071 ) ) ;
#4192 = CARTESIAN_POINT ( 'NONE',  ( 214.6459977923224471, -0.4197528465863559766, 249.8200000000000500 ) ) ;
#4193 = CARTESIAN_POINT ( 'NONE',  ( 282.5340806285616395, -0.7566175962822059287, 7.809746302009130225 ) ) ;
#4194 = CARTESIAN_POINT ( 'NONE',  ( 213.4942438840323291, -2.363139576185262047, 249.8199999999999079 ) ) ;
#4195 = EDGE_CURVE ( 'NONE', #4507, #330, #5774, .T. ) ;
#4196 = VERTEX_POINT ( 'NONE', #1274 ) ;
#4197 = CARTESIAN_POINT ( 'NONE',  ( 233.7114019880107207, -7.670429132718219023, 7.375867048484558097 ) ) ;
#4198 = CARTESIAN_POINT ( 'NONE',  ( 125.3998332163277780, -13.96395378526371900, 6.518175540132260970 ) ) ;
#4199 = ORIENTED_EDGE ( 'NONE', *, *, #1841, .F. ) ;
#4200 = CARTESIAN_POINT ( 'NONE',  ( 326.4326719871741602, -3.809950851907249358, 340.2369198050878936 ) ) ;
#4201 = CARTESIAN_POINT ( 'NONE',  ( 281.3975369396139854, -4.229276940218828607, 6.586791726031345107 ) ) ;
#4202 = CARTESIAN_POINT ( 'NONE',  ( 285.3683722868283894, -3.995525862437000253, 23.24999999818300722 ) ) ;
#4203 = CARTESIAN_POINT ( 'NONE',  ( 159.9822817322313142, -13.89651370886943837, 6.491525826017015888 ) ) ;
#4204 = CARTESIAN_POINT ( 'NONE',  ( 319.4353230971108246, -4.230344931125451069, 249.8199999999999363 ) ) ;
#4205 = PLANE ( 'NONE',  #6131 ) ;
#4206 = B_SPLINE_CURVE_WITH_KNOTS ( 'NONE', 3,
 ( #4440, #7389, #6891, #3713, #7424, #1948 ),
 .UNSPECIFIED., .F., .F.,
 ( 4, 2, 4 ),
 ( 0.000000000000000000, 0.0003575954174829012707, 0.0007151908349658025413 ),
 .UNSPECIFIED. ) ;
#4207 = CARTESIAN_POINT ( 'NONE',  ( 326.0502381750026757, -1.182344110894997247, 167.5993768275356217 ) ) ;
#4208 = CARTESIAN_POINT ( 'NONE',  ( 348.7494381182256689, -2.182476525371017217, 235.5040158030558928 ) ) ;
#4209 = CARTESIAN_POINT ( 'NONE',  ( 273.6581388050951773, -3.092763545944411163, 23.24999999818360408 ) ) ;
#4210 = ORIENTED_EDGE ( 'NONE', *, *, #103, .F. ) ;
#4211 = CARTESIAN_POINT ( 'NONE',  ( 130.4032192464090940, -12.81711299761280465, 20.23212668265445657 ) ) ;
#4212 = CARTESIAN_POINT ( 'NONE',  ( 249.4684553237409830, -7.266752247580149593, 6.574321373822452408 ) ) ;
#4213 = CARTESIAN_POINT ( 'NONE',  ( 366.2454704894915949, -4.319118456025197617, 371.2299999999999613 ) ) ;
#4214 = CARTESIAN_POINT ( 'NONE',  ( 281.7559856018606297, -5.554276915708305395, 6.499999998183597860 ) ) ;
#4215 = CARTESIAN_POINT ( 'NONE',  ( 362.2454705690489618, -2.619355526279069313, 371.2300000000000182 ) ) ;
#4216 = CARTESIAN_POINT ( 'NONE',  ( 399.8205571526654580, -0.06745384386663298704, 371.0469156084430438 ) ) ;
#4217 = CARTESIAN_POINT ( 'NONE',  ( 285.5966766957441791, -4.088662564680266343, 23.24999999818303920 ) ) ;
#4218 = APPROVAL_DATE_TIME ( #5158, #2429 ) ;
#4219 = CARTESIAN_POINT ( 'NONE',  ( 272.9811813886992695, -5.075159618946933904, 6.891470237172187652 ) ) ;
#4220 = CARTESIAN_POINT ( 'NONE',  ( 128.4405034480873269, -11.54220204156708540, 22.03462005502910870 ) ) ;
#4221 = CARTESIAN_POINT ( 'NONE',  ( 146.3644910824216367, -12.99170291100902297, 6.697174452662585153 ) ) ;
#4222 = CARTESIAN_POINT ( 'NONE',  ( 140.0293269067773849, -13.49135284333897822, 22.33341020662954790 ) ) ;
#4223 = CARTESIAN_POINT ( 'NONE',  ( 311.1123980772099458, -5.772212262080814504, 127.9100000000000250 ) ) ;
#4224 = ORIENTED_EDGE ( 'NONE', *, *, #5069, .F. ) ;
#4225 = CARTESIAN_POINT ( 'NONE',  ( 390.7454704894916517, -0.9197229228633323483, 371.7300000000000182 ) ) ;
#4226 = CARTESIAN_POINT ( 'NONE',  ( 165.5954766203412305, -12.02966036669222660, 6.623053286601080281 ) ) ;
#4227 = CARTESIAN_POINT ( 'NONE',  ( 284.3446450940005548, -2.376352793616308023, 23.21105736565117894 ) ) ;
#4228 = CARTESIAN_POINT ( 'NONE',  ( 128.3625751770432544, -11.22404914194800440, 22.48027085441173512 ) ) ;
#4229 = CARTESIAN_POINT ( 'NONE',  ( 382.1343783214432506, -1.398139812751888922, 371.2094641271959290 ) ) ;
#4230 = CARTESIAN_POINT ( 'NONE',  ( 332.6228408845690296, -3.930785916389109680, 338.7605561676352295 ) ) ;
#4231 = CARTESIAN_POINT ( 'NONE',  ( 280.1489188057785213, -4.126037811898567220, 7.447222371290988185 ) ) ;
#4232 = ADVANCED_FACE ( 'NONE', ( #4955 ), #6459, .T. ) ;
#4233 = CARTESIAN_POINT ( 'NONE',  ( 276.7892580137257141, -4.791567097846298751, 21.20822169064851082 ) ) ;
#4234 = CARTESIAN_POINT ( 'NONE',  ( 365.7454704894915949, -4.344293382648878321, 371.7300000000000182 ) ) ;
#4235 = CARTESIAN_POINT ( 'NONE',  ( 390.7454694554818957, -0.9197078007659618137, 371.2300000000000182 ) ) ;
#4236 = CARTESIAN_POINT ( 'NONE',  ( 125.1316929832085094, -6.217192435782912696, 127.9099999999999966 ) ) ;
#4237 = EDGE_LOOP ( 'NONE', ( #3257, #5914, #813, #1578 ) ) ;
#4238 = CARTESIAN_POINT ( 'NONE',  ( 219.7830528477141172, -9.280117148975834951, 6.524060738910161028 ) ) ;
#4239 = CARTESIAN_POINT ( 'NONE',  ( 349.3823618904634714, -3.655145135177776172, 371.7300000000002456 ) ) ;
#4240 = ORIENTED_EDGE ( 'NONE', *, *, #7467, .F. ) ;
#4241 = CARTESIAN_POINT ( 'NONE',  ( 289.9181388050951682, -0.2500000000000000000, 53.24999837350245713 ) ) ;
#4242 = CARTESIAN_POINT ( 'NONE',  ( 281.4303897943717061, -4.065406200426926020, 6.645244531565738910 ) ) ;
#4243 = EDGE_CURVE ( 'NONE', #6249, #4811, #4406, .T. ) ;
#4244 = CARTESIAN_POINT ( 'NONE',  ( 284.3789383666992308, -4.197343193903937397, 23.24999999818210128 ) ) ;
#4245 = CARTESIAN_POINT ( 'NONE',  ( 330.8175864917722606, -3.261548965783994447, 338.7299999999996771 ) ) ;
#4246 = CARTESIAN_POINT ( 'NONE',  ( 375.9691408795316647, -1.685672935286860463, 371.7299999999999045 ) ) ;
#4247 = CARTESIAN_POINT ( 'NONE',  ( 398.5104255362687695, -0.05094922039728204399, 366.3799999995515577 ) ) ;
#4248 = CARTESIAN_POINT ( 'NONE',  ( 263.3759738565269686, -6.743536446300548270, 6.132217037708090679 ) ) ;
#4249 = B_SPLINE_CURVE_WITH_KNOTS ( 'NONE', 3,
 ( #1478, #221, #303, #5895 ),
 .UNSPECIFIED., .F., .F.,
 ( 4, 4 ),
 ( 0.0003394109176352533785, 0.006999433243691831688 ),
 .UNSPECIFIED. ) ;
#4250 = CARTESIAN_POINT ( 'NONE',  ( 130.3759128433956107, -14.08975319551342231, 6.499999998183606742 ) ) ;
#4251 = VERTEX_POINT ( 'NONE', #2623 ) ;
#4252 = FACE_OUTER_BOUND ( 'NONE', #794, .T. ) ;
#4253 = CARTESIAN_POINT ( 'NONE',  ( 116.6778511074471822, -13.09716549606278768, 7.322105736801821863 ) ) ;
#4254 = CARTESIAN_POINT ( 'NONE',  ( 265.0719549381991555, -6.347327132003997896, 227.8168975385895578 ) ) ;
#4255 = CARTESIAN_POINT ( 'NONE',  ( 283.0843497447643244, -2.250146574024458612, 23.24999999818360408 ) ) ;
#4256 = CARTESIAN_POINT ( 'NONE',  ( 160.0079341243869351, -12.80642364388992327, 6.499999979551255080 ) ) ;
#4257 = CARTESIAN_POINT ( 'NONE',  ( 142.1007987971745194, -11.11689798137654961, 22.16155158900866695 ) ) ;
#4258 = CARTESIAN_POINT ( 'NONE',  ( 286.4015775383367099, -3.325746049848886887, 23.24999999818413698 ) ) ;
#4259 = PERSON_AND_ORGANIZATION ( #6784, #6357 ) ;
#4260 = CARTESIAN_POINT ( 'NONE',  ( 270.3813059069695441, -5.519997291359318048, 6.702233774704103197 ) ) ;
#4261 = CARTESIAN_POINT ( 'NONE',  ( 143.6462335621895079, -11.08832947709301386, 22.00000000000003197 ) ) ;
#4262 = CARTESIAN_POINT ( 'NONE',  ( 142.8711758448342835, -13.07546155072829741, 6.787851109863075827 ) ) ;
#4263 = CARTESIAN_POINT ( 'NONE',  ( 137.9886683321730061, -13.47333051620986133, 22.63242925305042519 ) ) ;
#4264 = CARTESIAN_POINT ( 'NONE',  ( 239.2498914727354986, -9.400142953804067503, 5.999999999999992895 ) ) ;
#4265 = CARTESIAN_POINT ( 'NONE',  ( 280.9144959316963082, -3.833786134133570833, 7.716304959613533576 ) ) ;
#4266 = CARTESIAN_POINT ( 'NONE',  ( 167.3187850981909719, -11.44256444194183686, 7.369671349469198773 ) ) ;
#4267 = CARTESIAN_POINT ( 'NONE',  ( 127.1357215468141533, -13.03162211307106588, 12.11147969225946142 ) ) ;
#4268 = CARTESIAN_POINT ( 'NONE',  ( 126.9943100859879195, -11.20703812597311888, 22.14699730252634424 ) ) ;
#4269 = CARTESIAN_POINT ( 'NONE',  ( 260.0078974509247587, -6.959356491221184271, 6.499999988813783602 ) ) ;
#4270 = CARTESIAN_POINT ( 'NONE',  ( 280.1522349500529003, -4.137442563441841692, 7.585636582761668301 ) ) ;
#4271 = CARTESIAN_POINT ( 'NONE',  ( 399.8109965187547346, -0.06551665629380559741, 371.0397619447724651 ) ) ;
#4272 = CARTESIAN_POINT ( 'NONE',  ( 144.9506598205723833, -12.58347511098660121, 20.21989778901944845 ) ) ;
#4273 = CARTESIAN_POINT ( 'NONE',  ( 409.0347492061767412, -1.465883861158687296, 371.2300000000001887 ) ) ;
#4274 =( BOUNDED_SURFACE ( )  B_SPLINE_SURFACE ( 2, 3, ( 
 ( #220, #905, #3400, #3440, #5894, #4585, #302, #5936, #2167, #5236, #5849, #2209, #7196, #342, #2742, #7154, #4662, #5197, #4624, #3355, #5771, #1438, #1560, #990, #7683, #2823, #862, #948, #181, #7723, #4054, #2128, #6545, #1600, #6420, #2663, #5157, #7114, #7637, #1517, #4540, #2047, #7036, #3930, #4010, #824, #1477, #3316, #5810, #6502, #3968, #7974, #4175, #1805, #3036, #509, #2994, #7931, #3608, #6711 ),
 ( #4910, #7849, #1155, #3564, #3523, #468, #5486, #5524, #2417, #6672, #4788, #7890, #2376, #427, #4872, #1030, #2292, #2334, #6101, #6021, #4300, #2912, #6795, #8011, #7398, #7360, #1074, #5398, #3479, #2952, #548, #5977, #7280, #4832, #2250, #1681, #1116, #1763, #3648, #4258, #6062, #6752, #6144, #382, #5443, #7319, #2870, #5356, #4747, #1723, #7237, #1641, #4217, #4134, #6629, #1193, #4947, #3799, #7591, #615 ),
 ( #4450, #2001, #3149, #4409, #1882, #6296, #1960, #1845, #5719, #694, #5638, #6944, #2532, #8049, #93, #134, #3838, #4371, #3759, #4491, #56, #5678, #5023, #5561, #3688, #3229, #4335, #2456, #5597, #2572, #3187, #2616, #7511, #5060, #5107, #6904, #7438, #1918, #6864, #1346, #6182, #7549, #6331, #6829, #3107, #3072, #1309, #581, #1228, #20, #3722, #733, #6219, #2495, #4985, #1266, #6258, #7472, #657, #7674 ) ),
 .UNSPECIFIED., .F., .F., .T. ) 
 B_SPLINE_SURFACE_WITH_KNOTS ( ( 3, 3 ),
 ( 4, 2, 2, 2, 2, 2, 2, 2, 2, 2, 2, 2, 2, 2, 2, 2, 2, 2, 2, 2, 2, 2, 2, 2, 2, 2, 2, 2, 2, 4 ),
 ( 0.000000000000000000, 1.000000000000000000 ),
 ( -0.05728196744764310622, -0.01790061482738847590, -0.008055276672324817450, -0.003132607594792989093, -0.0006712730560270749151, 0.001790061482738839263, 0.02148073779286615442, 0.1002434430333754151, 0.1790061482738846688, 0.2183875008941393026, 0.2577688535143939363, 0.4152942639954124715, 0.4940569692359217391, 0.5728196744764310067, 0.7303450849574495418, 0.8091077901979587539, 0.8878704954384679660, 0.9666332006789772890, 0.9863238769891046198, 0.9961692151441683407, 1.001091884221700035, 1.006014553299231951, 1.045395905919486612, 1.124158611159995935, 1.143849287470123155, 1.146310622008889002, 1.148771956547654849, 1.153694625625186765, 1.163539963780250375, 1.202921316400505036 ),
 .UNSPECIFIED. ) 
 GEOMETRIC_REPRESENTATION_ITEM ( )  RATIONAL_B_SPLINE_SURFACE ( (
 ( 1.000000000000000000, 1.000000000000000000, 1.000000000000000000, 1.000000000000000000, 1.000000000000000000, 1.000000000000000000, 1.000000000000000000, 1.000000000000000000, 1.000000000000000000, 1.000000000000000000, 1.000000000000000000, 1.000000000000000000, 1.000000000000000000, 1.000000000000000000, 1.000000000000000000, 1.000000000000000000, 1.000000000000000000, 1.000000000000000000, 1.000000000000000000, 1.000000000000000000, 1.000000000000000000, 1.000000000000000000, 1.000000000000000000, 1.000000000000000000, 1.000000000000000000, 1.000000000000000000, 1.000000000000000000, 1.000000000000000000, 1.000000000000000000, 1.000000000000000000, 1.000000000000000000, 1.000000000000000000, 1.000000000000000000, 1.000000000000000000, 1.000000000000000000, 1.000000000000000000, 1.000000000000000000, 1.000000000000000000, 1.000000000000000000, 1.000000000000000000, 1.000000000000000000, 1.000000000000000000, 1.000000000000000000, 1.000000000000000000, 1.000000000000000000, 1.000000000000000000, 1.000000000000000000, 1.000000000000000000, 1.000000000000000000, 1.000000000000000000, 1.000000000000000000, 1.000000000000000000, 1.000000000000000000, 1.000000000000000000, 1.000000000000000000, 1.000000000000000000, 1.000000000000000000, 1.000000000000000000, 1.000000000000000000, 1.000000000000000000),
 ( 0.5861614997314377185, 0.5861805647621640691, 0.5861996302209909748, 0.5862234625786663100, 0.5862282290769406101, 0.5862353788644306674, 0.5862377621335868039, 0.5862413370473609220, 0.5862416436308428569, 0.5862494105152877832, 0.5862509385528554828, 0.5862681303466440452, 0.5862862449021202238, 0.5863904389338433498, 0.5865168577175390308, 0.5868509159382389040, 0.5870586094369188990, 0.5874365666542710196, 0.5875737105848433117, 0.5878723307718516367, 0.5880376196039925896, 0.5888713334460193849, 0.5896980881682953868, 0.5912532915662962463, 0.5918239756100641680, 0.5930853508733403556, 0.5937913957949518817, 0.5960064920108040232, 0.5976671705995661998, 0.6004473685971235541, 0.6013697320178582606, 0.6033315793854675535, 0.6043648717930104608, 0.6065804309734975641, 0.6077623802971832134, 0.6093725875795207303, 0.6097013309775867196, 0.6102054659071811660, 0.6103751852935868083, 0.6106322392405773014, 0.6106925045527210605, 0.6110195873492804131, 0.6111839783451286090, 0.6126709213803313014, 0.6140457950268725096, 0.6182844606134771936, 0.6212618191784866628, 0.6249920614397613816, 0.6257385648421882607, 0.6265765868808007566, 0.6266864497749100593, 0.6266879877398738863, 0.6266887567226241407, 0.6266910636707687665, 0.6266926016369060992, 0.6266972155364185504, 0.6267002914714047135, 0.6267156711564109139, 0.6267279749354673912, 0.6267402787460589764),
 ( 1.000000000000000000, 1.000000000000000000, 1.000000000000000000, 1.000000000000000000, 1.000000000000000000, 1.000000000000000000, 1.000000000000000000, 1.000000000000000000, 1.000000000000000000, 1.000000000000000000, 1.000000000000000000, 1.000000000000000000, 1.000000000000000000, 1.000000000000000000, 1.000000000000000000, 1.000000000000000000, 1.000000000000000000, 1.000000000000000000, 1.000000000000000000, 1.000000000000000000, 1.000000000000000000, 1.000000000000000000, 1.000000000000000000, 1.000000000000000000, 1.000000000000000000, 1.000000000000000000, 1.000000000000000000, 1.000000000000000000, 1.000000000000000000, 1.000000000000000000, 1.000000000000000000, 1.000000000000000000, 1.000000000000000000, 1.000000000000000000, 1.000000000000000000, 1.000000000000000000, 1.000000000000000000, 1.000000000000000000, 1.000000000000000000, 1.000000000000000000, 1.000000000000000000, 1.000000000000000000, 1.000000000000000000, 1.000000000000000000, 1.000000000000000000, 1.000000000000000000, 1.000000000000000000, 1.000000000000000000, 1.000000000000000000, 1.000000000000000000, 1.000000000000000000, 1.000000000000000000, 1.000000000000000000, 1.000000000000000000, 1.000000000000000000, 1.000000000000000000, 1.000000000000000000, 1.000000000000000000, 1.000000000000000000, 1.000000000000000000) ) ) 
 REPRESENTATION_ITEM ( '' )  SURFACE ( )  );
#4275 = CARTESIAN_POINT ( 'NONE',  ( 45.46233276230940135, -11.05960023970596318, 6.000000000000001776 ) ) ;
#4276 = ORIENTED_EDGE ( 'NONE', *, *, #4290, .T. ) ;
#4277 = LOCAL_TIME ( 8, 56, 48.00000000000000000, #2996 ) ;
#4278 = CARTESIAN_POINT ( 'NONE',  ( 223.2331189777997906, -8.349654597253600485, 7.242653932609294465 ) ) ;
#4279 = CARTESIAN_POINT ( 'NONE',  ( 126.0806740163119031, -13.96871183007229256, 6.000000000000005329 ) ) ;
#4280 = CARTESIAN_POINT ( 'NONE',  ( 163.8759738227852267, -12.61146692554591198, 6.499999998183606742 ) ) ;
#4281 = CARTESIAN_POINT ( 'NONE',  ( 123.0836614418529251, -12.80782056480720676, 17.45153386919023930 ) ) ;
#4282 = CARTESIAN_POINT ( 'NONE',  ( 281.7526928957779546, -3.555460838794803013, 6.947875466485909257 ) ) ;
#4283 = CARTESIAN_POINT ( 'NONE',  ( 283.9322033273090824, -4.244501659810476113, 23.24999999818432528 ) ) ;
#4284 = CARTESIAN_POINT ( 'NONE',  ( 332.5781388050951364, -0.2395328087514111970, 175.2900611173549237 ) ) ;
#4285 = B_SPLINE_CURVE_WITH_KNOTS ( 'NONE', 3,
 ( #624, #1317, #703, #3768, #7481, #5687, #3117, #3278, #28, #2503, #1890, #180, #5731, #101, #144, #4380 ),
 .UNSPECIFIED., .F., .F.,
 ( 4, 3, 3, 3, 3, 4 ),
 ( 0.000000000000000000, 0.0003999999999999634273, 0.001999999999999903764, 0.008400000000000162545, 0.03400000000001440759, 0.03648297275408191043 ),
 .UNSPECIFIED. ) ;
#4286 = CARTESIAN_POINT ( 'NONE',  ( 342.6130087613573778, -2.960837356814465693, 371.7300000000001319 ) ) ;
#4287 = CARTESIAN_POINT ( 'NONE',  ( 399.8143028644646506, -0.05094922039727512592, 369.6085921513200105 ) ) ;
#4288 = CARTESIAN_POINT ( 'NONE',  ( 326.5159054882165606, -2.524332372170988492, 339.6393347697572267 ) ) ;
#4289 = ADVANCED_FACE ( 'NONE', ( #7597 ), #3236, .F. ) ;
#4290 = EDGE_CURVE ( 'NONE', #750, #5187, #2461, .T. ) ;
#4291 = CARTESIAN_POINT ( 'NONE',  ( 124.8166860367399664, -12.71064835060600373, 20.62316532592240037 ) ) ;
#4292 = ORIENTED_EDGE ( 'NONE', *, *, #1280, .F. ) ;
#4293 = FACE_OUTER_BOUND ( 'NONE', #3502, .T. ) ;
#4294 = CARTESIAN_POINT ( 'NONE',  ( 387.2454704894915380, -3.054560455387067552, 371.2300000000000182 ) ) ;
#4295 = CARTESIAN_POINT ( 'NONE',  ( 309.7412780441978271, -4.276005077996769543, 301.0847390068667551 ) ) ;
#4296 = AXIS2_PLACEMENT_3D ( 'NONE', #3237, #6228, #4993 ) ;
#4297 = CARTESIAN_POINT ( 'NONE',  ( 282.6100330270760992, -2.298311674600196586, 23.24999999818360408 ) ) ;
#4298 = CARTESIAN_POINT ( 'NONE',  ( 128.0764784571360337, -12.15447527702826669, 23.95521083841147814 ) ) ;
#4299 = CARTESIAN_POINT ( 'NONE',  ( 356.4495619250642449, -1.785837091963755618, 251.6738332691137430 ) ) ;
#4300 = CARTESIAN_POINT ( 'NONE',  ( 287.5726005719836280, -0.8665424968277157802, 23.24999999818355789 ) ) ;
#4301 = AXIS2_PLACEMENT_3D ( 'NONE', #2024, #7010, #1495 ) ;
#4302 = CARTESIAN_POINT ( 'NONE',  ( 272.0959925041331644, -5.037793028631416092, 7.129616437628159886 ) ) ;
#4303 = CARTESIAN_POINT ( 'NONE',  ( 142.8738868145637468, -11.10393531787638111, 21.99999999999998224 ) ) ;
#4304 = CARTESIAN_POINT ( 'NONE',  ( 148.1291029087612117, -13.25957158336365360, 6.523985287697707136 ) ) ;
#4305 = CARTESIAN_POINT ( 'NONE',  ( 130.4412951227680537, -12.68554385314881827, 23.14096904590105908 ) ) ;
#4306 = CARTESIAN_POINT ( 'NONE',  ( 309.4865234295613163, -5.885764533757061656, 127.9100000000000250 ) ) ;
#4307 = AXIS2_PLACEMENT_3D ( 'NONE', #3848, #6382, #7482 ) ;
#4308 = CARTESIAN_POINT ( 'NONE',  ( 368.6919700051964810, -1.646741738685107759, 249.8200000000003058 ) ) ;
#4309 = CARTESIAN_POINT ( 'NONE',  ( 285.2902679540678150, -3.736164522325720494, 21.26119333838206416 ) ) ;
#4310 = CARTESIAN_POINT ( 'NONE',  ( 289.9181388050951682, -0.2500000000000000000, 51.01020546015946167 ) ) ;
#4311 = CARTESIAN_POINT ( 'NONE',  ( 280.7823428633735148, -3.878609531733562044, 7.344329582396901479 ) ) ;
#4312 = CARTESIAN_POINT ( 'NONE',  ( 345.2490021215730849, -2.004506224199804176, 339.6881932505716009 ) ) ;
#4313 = CARTESIAN_POINT ( 'NONE',  ( 284.5349598956129284, -1.416972457336117319, 23.24999999818360763 ) ) ;
#4314 = CARTESIAN_POINT ( 'NONE',  ( 281.4975418493319808, -4.628049291358544259, 6.499999998183565886 ) ) ;
#4315 = CARTESIAN_POINT ( 'NONE',  ( 313.8690294558461460, -2.565014150348805977, 371.7300000000000182 ) ) ;
#4316 = EDGE_LOOP ( 'NONE', ( #6172, #7100, #5705, #1659 ) ) ;
#4317 = CARTESIAN_POINT ( 'NONE',  ( 223.2361945381326223, -8.399816963066347952, 7.120232999587915224 ) ) ;
#4318 = CARTESIAN_POINT ( 'NONE',  ( 341.2988569992633074, -3.776851812619251181, 371.7299999999995634 ) ) ;
#4319 = ORIENTED_EDGE ( 'NONE', *, *, #2987, .F. ) ;
#4320 = CARTESIAN_POINT ( 'NONE',  ( 399.8655583943090619, -0.2618708322170537062, 371.2300000000000182 ) ) ;
#4321 = CARTESIAN_POINT ( 'NONE',  ( 281.9521423152724537, -3.945942946053873079, 6.586813224626877350 ) ) ;
#4322 = CARTESIAN_POINT ( 'NONE',  ( 282.2115684792553907, -4.359006892942108635, 23.24999999818372842 ) ) ;
#4323 = CARTESIAN_POINT ( 'NONE',  ( 350.4935931954685771, -2.839030562979175443, 371.7300000000003593 ) ) ;
#4324 = CARTESIAN_POINT ( 'NONE',  ( 142.8190519848705264, -12.63609232010181671, 20.22101350514878604 ) ) ;
#4325 = CARTESIAN_POINT ( 'NONE',  ( 163.8759737553073421, -12.61110842979298496, 6.500000142427166061 ) ) ;
#4326 = CARTESIAN_POINT ( 'NONE',  ( 124.5859562828772340, -12.72075600266728657, 20.25823321337279381 ) ) ;
#4327 = ORIENTED_EDGE ( 'NONE', *, *, #5081, .T. ) ;
#4328 = CARTESIAN_POINT ( 'NONE',  ( 284.2106888228316848, -2.007014468858671297, 23.24999999818387764 ) ) ;
#4329 = ADVANCED_FACE ( 'NONE', ( #702 ), #5727, .F. ) ;
#4330 = CARTESIAN_POINT ( 'NONE',  ( 146.3786185531571107, -12.53764870461711922, 20.70811986239717228 ) ) ;
#4331 = CARTESIAN_POINT ( 'NONE',  ( 140.4523557026678873, -13.00509464981892194, 23.02726118467347760 ) ) ;
#4332 = CARTESIAN_POINT ( 'NONE',  ( 282.4422625516736503, -2.312288989141191742, 23.24999999818360052 ) ) ;
#4333 = CARTESIAN_POINT ( 'NONE',  ( 326.8005423993662930, -4.589046839752424667, 340.0895287631904012 ) ) ;
#4334 = CARTESIAN_POINT ( 'NONE',  ( 400.5666399635390462, 0.1392678482637356718, 371.0738206546231481 ) ) ;
#4335 = CARTESIAN_POINT ( 'NONE',  ( 286.5198192663225427, -1.627859853249418842, 20.66035070431209064 ) ) ;
#4336 = CARTESIAN_POINT ( 'NONE',  ( 261.6594744948490643, -5.878873057377782985, 7.243381498015170727 ) ) ;
#4338 = EDGE_CURVE ( 'NONE', #7742, #1250, #3926, .T. ) ;
#4337 = CARTESIAN_POINT ( 'NONE',  ( 247.7235258921084835, -8.848459037406628980, 6.499999998183602301 ) ) ;
#4339 = CARTESIAN_POINT ( 'NONE',  ( 132.3894253583177374, -13.55989844642543929, 6.620328294163271288 ) ) ;
#4340 = CARTESIAN_POINT ( 'NONE',  ( 135.4809826297628490, -13.52656514489581241, 21.64702957206421630 ) ) ;
#4341 = CARTESIAN_POINT ( 'NONE',  ( 406.6320971349209117, -1.659045115583619001, 371.7300000000001319 ) ) ;
#4342 = DIRECTION ( 'NONE',  ( 0.000000000000000000, 1.000000000000000000, 0.000000000000000000 ) ) ;
#4343 = B_SPLINE_CURVE_WITH_KNOTS ( 'NONE', 3,
 ( #4420, #3733, #1929, #3697 ),
 .UNSPECIFIED., .F., .F.,
 ( 4, 4 ),
 ( 0.01424189812533863293, 0.01675531016117874639 ),
 .UNSPECIFIED. ) ;
#4344 = CARTESIAN_POINT ( 'NONE',  ( 284.9730085997331344, -3.283715408303349292, 22.60096822063430722 ) ) ;
#4345 = B_SPLINE_CURVE_WITH_KNOTS ( 'NONE', 3,
 ( #2057, #1404, #2513, #5003, #6240, #1901 ),
 .UNSPECIFIED., .F., .F.,
 ( 4, 2, 4 ),
 ( 0.000000000000000000, 0.0004510148308847811865, 0.0009020296617695623730 ),
 .UNSPECIFIED. ) ;
#4346 = CARTESIAN_POINT ( 'NONE',  ( 144.9062839604625594, -11.05463885067565677, 22.49164558135044700 ) ) ;
#4347 = LINE ( 'NONE', #4461, #1699 ) ;
#4348 = CARTESIAN_POINT ( 'NONE',  ( 280.6474938115053988, -4.462205251652178184, 6.640062181673698660 ) ) ;
#4349 = CYLINDRICAL_SURFACE ( 'NONE', #7539, 2.500000000000000444 ) ;
#4350 = CARTESIAN_POINT ( 'NONE',  ( 131.1703092240078377, -12.20253879714161194, 23.96878489414982383 ) ) ;
#4351 = CARTESIAN_POINT ( 'NONE',  ( 222.0541250996576252, -4.962572187851574057, 249.8200000000000216 ) ) ;
#4352 = EDGE_LOOP ( 'NONE', ( #4529, #2970, #5924 ) ) ;
#4353 = CARTESIAN_POINT ( 'NONE',  ( 268.0250088326257583, -7.099101754991698598, 249.8200000000000500 ) ) ;
#4354 = CARTESIAN_POINT ( 'NONE',  ( 205.8054694726222351, -10.11264113823151511, 6.524025917964386245 ) ) ;
#4355 = CARTESIAN_POINT ( 'NONE',  ( 113.5803325742769800, -13.82394863504158700, 5.999999999999988454 ) ) ;
#4356 = ORIENTED_EDGE ( 'NONE', *, *, #2943, .T. ) ;
#4357 = CARTESIAN_POINT ( 'NONE',  ( 228.7739913383000214, -7.451349909646030945, 154.2232221352618922 ) ) ;
#4358 = CARTESIAN_POINT ( 'NONE',  ( 281.3335896764828590, -3.875890942463775524, 6.840028755886713441 ) ) ;
#4359 = CARTESIAN_POINT ( 'NONE',  ( 276.8760370214837394, -4.825774582352615028, 23.24999999818388119 ) ) ;
#4360 = CARTESIAN_POINT ( 'NONE',  ( 271.1427613969211166, -6.351927125932073537, 249.8200000000000216 ) ) ;
#4361 = CARTESIAN_POINT ( 'NONE',  ( 400.1055103348527950, -0.05000000000000000278, 371.2300000000000182 ) ) ;
#4362 = CARTESIAN_POINT ( 'NONE',  ( 281.7890263876316226, -4.339450206903561202, 6.499999998183568550 ) ) ;
#4363 = CARTESIAN_POINT ( 'NONE',  ( 125.6600081159003679, -11.66405066812980529, 21.95699983471615013 ) ) ;
#4364 = ORIENTED_EDGE ( 'NONE', *, *, #597, .T. ) ;
#4365 = CARTESIAN_POINT ( 'NONE',  ( 283.9301857638391198, -2.099456514108848371, 23.24999999818370355 ) ) ;
#4366 = CARTESIAN_POINT ( 'NONE',  ( 144.9506598205723833, -12.58347511098660121, 20.21989778901944845 ) ) ;
#4367 = CARTESIAN_POINT ( 'NONE',  ( 145.1705182094601696, -11.90780731018199745, 31.15249676777409249 ) ) ;
#4368 = CARTESIAN_POINT ( 'NONE',  ( 191.9115437286151291, -10.14283269659027731, 7.504594288850799266 ) ) ;
#4369 = EDGE_CURVE ( 'NONE', #2917, #4428, #3640, .T. ) ;
#4370 = CARTESIAN_POINT ( 'NONE',  ( 123.0834785140891086, -13.59605664149928117, 17.45338587485934312 ) ) ;
#4371 = CARTESIAN_POINT ( 'NONE',  ( 286.7563830882450020, -0.5742706496483921397, 20.63032681400747492 ) ) ;
#4372 = CARTESIAN_POINT ( 'NONE',  ( 338.4564570130406196, -2.600427808133771723, 207.1486065250936974 ) ) ;
#4373 = CARTESIAN_POINT ( 'NONE',  ( 266.8716897979863916, -5.469084912959028877, 7.383638638678506005 ) ) ;
#4374 = CARTESIAN_POINT ( 'NONE',  ( 200.1701908447297455, -8.227272071975262335, 127.9099999999999966 ) ) ;
#4375 = CARTESIAN_POINT ( 'NONE',  ( 132.3940366927913317, -13.80176581535869751, 6.523332249028036323 ) ) ;
#4376 = CARTESIAN_POINT ( 'NONE',  ( 366.1784674040611094, -2.429494868923069539, 371.2299999591052142 ) ) ;
#4377 = CARTESIAN_POINT ( 'NONE',  ( 341.2649639551763130, -4.934495805507032706, 249.8200000000000216 ) ) ;
#4378 = CARTESIAN_POINT ( 'NONE',  ( 411.6679213980314671, -0.08198415320649816984, 371.7300000000000182 ) ) ;
#4379 = EDGE_CURVE ( 'NONE', #1998, #2763, #3816, .T. ) ;
#4380 = CARTESIAN_POINT ( 'NONE',  ( 352.5066004630465386, -3.578431801099628551, 371.2300000000002456 ) ) ;
#4381 = CARTESIAN_POINT ( 'NONE',  ( 130.3462074098488301, -13.98055902141921258, 6.505119802515123340 ) ) ;
#4382 = CARTESIAN_POINT ( 'NONE',  ( 399.8470400362520536, -0.2671961494971578643, 371.2300000000000182 ) ) ;
#4383 = CARTESIAN_POINT ( 'NONE',  ( 278.2564013372852969, -4.578185191319876779, 7.002912464176186624 ) ) ;
#4384 = CARTESIAN_POINT ( 'NONE',  ( 273.4364130453341204, -5.150716342213921273, 22.63918011307291422 ) ) ;
#4385 = CARTESIAN_POINT ( 'NONE',  ( 136.0240246849389507, -12.19193812108525776, 23.41683840697332997 ) ) ;
#4386 = CARTESIAN_POINT ( 'NONE',  ( 131.2345576074206122, -7.562382048794495937, 127.9099999999999966 ) ) ;
#4387 = ORIENTED_EDGE ( 'NONE', *, *, #4423, .F. ) ;
#4388 = CARTESIAN_POINT ( 'NONE',  ( 351.1856318239300663, -2.083741976567322851, 242.2218857922757138 ) ) ;
#4389 = CARTESIAN_POINT ( 'NONE',  ( 195.2953125349395691, -10.25205444278797273, 6.791134656306653028 ) ) ;
#4390 = CARTESIAN_POINT ( 'NONE',  ( 195.8874221965366758, -10.92614378020274302, 6.499999998183623617 ) ) ;
#4391 = CARTESIAN_POINT ( 'NONE',  ( 281.7559856018606297, -5.554276915708305395, 6.499999998183597860 ) ) ;
#4392 = CARTESIAN_POINT ( 'NONE',  ( 332.4667082047491249, -3.605146270033619871, 338.5160693822509757 ) ) ;
#4393 = CARTESIAN_POINT ( 'NONE',  ( 281.0546456251643122, -3.786154455204496561, 7.213535798582789482 ) ) ;
#4394 = CARTESIAN_POINT ( 'NONE',  ( 276.7934403442608300, -4.834021918861651557, 23.24999999818392027 ) ) ;
#4395 = CARTESIAN_POINT ( 'NONE',  ( 364.8572538897040545, -2.297905054048582141, 371.7300000000000750 ) ) ;
#4396 = CARTESIAN_POINT ( 'NONE',  ( 143.6848166840673571, -12.61601648165793677, 20.22024467967190020 ) ) ;
#4397 = DIRECTION ( 'NONE',  ( 0.5344024386354594425, 0.02494014035785433597, 0.8448621325277897443 ) ) ;
#4398 = CARTESIAN_POINT ( 'NONE',  ( 272.4623706610192357, -5.214664699370300305, 21.21385009185785009 ) ) ;
#4399 = ORIENTED_EDGE ( 'NONE', *, *, #1579, .F. ) ;
#4400 = CARTESIAN_POINT ( 'NONE',  ( 283.5985011483508060, -2.173736419765125660, 23.24999999818357921 ) ) ;
#4401 = B_SPLINE_CURVE_WITH_KNOTS ( 'NONE', 3,
 ( #3397, #5932, #6624, #6585, #2124, #1474, #5892 ),
 .UNSPECIFIED., .F., .F.,
 ( 4, 3, 4 ),
 ( 0.000000000000000000, 1.070966227869127957E-05, 1.076952132620464786E-05 ),
 .UNSPECIFIED. ) ;
#4402 = CARTESIAN_POINT ( 'NONE',  ( 260.3759738547498728, -8.017862479077368931, 6.132202367881014027 ) ) ;
#4403 = CARTESIAN_POINT ( 'NONE',  ( 365.7454702555930908, -2.451257744240451952, 371.2300000000000182 ) ) ;
#4404 = CARTESIAN_POINT ( 'NONE',  ( 266.3998322824675142, -5.513755720895262336, 7.515696656804927933 ) ) ;
#4405 = ORIENTED_EDGE ( 'NONE', *, *, #5891, .F. ) ;
#4406 = B_SPLINE_CURVE_WITH_KNOTS ( 'NONE', 3,
 ( #5769, #822, #218, #742, #1354, #6951, #3277, #7557 ),
 .UNSPECIFIED., .F., .F.,
 ( 4, 2, 2, 4 ),
 ( 1.387778780781445676E-17, 0.004387220689232187651, 0.008774441378464361424, 0.01754888275692870897 ),
 .UNSPECIFIED. ) ;
#4407 = CARTESIAN_POINT ( 'NONE',  ( 340.1636027076426672, -0.05000000000000808659, 206.4999999981835970 ) ) ;
#4408 = DIRECTION ( 'NONE',  ( 0.000000000000000000, 0.000000000000000000, 1.000000000000000000 ) ) ;
#4409 = CARTESIAN_POINT ( 'NONE',  ( 286.7958710701856262, 0.05873614873429680583, 20.62463179040353722 ) ) ;
#4410 = CARTESIAN_POINT ( 'NONE',  ( 350.5542934524892189, -2.868707018956697663, 371.0806684576106136 ) ) ;
#4411 = CARTESIAN_POINT ( 'NONE',  ( 266.9256131497895694, -6.089091224911736155, 6.574906954416848137 ) ) ;
#4412 = CARTESIAN_POINT ( 'NONE',  ( 124.0883861431375976, -12.87433606669052999, 16.59999999818357352 ) ) ;
#4413 = CARTESIAN_POINT ( 'NONE',  ( 135.8997935716908216, -13.98703823630456888, 6.500046392911198012 ) ) ;
#4414 = AXIS2_PLACEMENT_3D ( 'NONE', #2879, #3365, #6555 ) ;
#4415 = CARTESIAN_POINT ( 'NONE',  ( 365.8786356645609317, -2.444568076407287904, 371.2299999998703584 ) ) ;
#4416 = CARTESIAN_POINT ( 'NONE',  ( 347.2126429775860288, -3.113853947404212619, 340.5137466544699123 ) ) ;
#4417 = CARTESIAN_POINT ( 'NONE',  ( 363.7591835305245240, -4.441857581043911374, 371.2300000000000182 ) ) ;
#4418 = CIRCLE ( 'NONE', #129, 2.040067006392087823 ) ;
#4419 = CARTESIAN_POINT ( 'NONE',  ( 140.5663348260164582, -12.69875000828043277, 23.21420951296750346 ) ) ;
#4420 = CARTESIAN_POINT ( 'NONE',  ( 123.2431549092777345, -12.77957939694105605, 18.13440074790967671 ) ) ;
#4421 = CARTESIAN_POINT ( 'NONE',  ( 279.0755675325927996, -4.480471327495851419, 7.013267376863728586 ) ) ;
#4422 = CARTESIAN_POINT ( 'NONE',  ( 272.6682845438080562, -5.195336214432692223, 21.21304282752187120 ) ) ;
#4423 = EDGE_CURVE ( 'NONE', #7060, #2269, #1109, .T. ) ;
#4424 = EDGE_CURVE ( 'NONE', #847, #5380, #4022, .T. ) ;
#4425 = FACE_OUTER_BOUND ( 'NONE', #7175, .T. ) ;
#4426 = CIRCLE ( 'NONE', #2867, 0.1999999999999987899 ) ;
#4427 = CARTESIAN_POINT ( 'NONE',  ( 264.7812951644456234, -8.376428833427498333, 249.8200000000000216 ) ) ;
#4428 = VERTEX_POINT ( 'NONE', #542 ) ;
#4429 = CARTESIAN_POINT ( 'NONE',  ( 117.3091444977378615, -13.97384422923062353, 5.999999999999996447 ) ) ;
#4430 = CARTESIAN_POINT ( 'NONE',  ( 191.8320365709075759, -11.02619684171674841, 6.498759986192533589 ) ) ;
#4431 = CARTESIAN_POINT ( 'NONE',  ( 203.8887595037124925, -10.47442896335650708, 6.499999998183624506 ) ) ;
#4432 = VECTOR ( 'NONE', #5369, 1000.000000000000000 ) ;
#4433 = ORIENTED_EDGE ( 'NONE', *, *, #3341, .F. ) ;
#4434 = CARTESIAN_POINT ( 'NONE',  ( 263.7862708058772796, -7.022028206259462557, 206.0205624214867726 ) ) ;
#4435 = CARTESIAN_POINT ( 'NONE',  ( 280.9670165525080279, -3.956879362457329741, 6.947728233622344263 ) ) ;
#4436 = CARTESIAN_POINT ( 'NONE',  ( 277.0120466172093643, -4.812209950346631793, 23.24999999818345842 ) ) ;
#4437 = EDGE_CURVE ( 'NONE', #3937, #926, #5092, .T. ) ;
#4438 = CARTESIAN_POINT ( 'NONE',  ( 268.8410350911182718, -6.337727217510477296, 249.8199999999999363 ) ) ;
#4439 = B_SPLINE_CURVE_WITH_KNOTS ( 'NONE', 3,
 ( #4512, #2595, #5660, #5700, #799, #5087, #4392, #3290 ),
 .UNSPECIFIED., .F., .F.,
 ( 4, 2, 2, 4 ),
 ( 4.336808689942017736E-19, 0.0005432083698474287183, 0.0008148125547710741764, 0.001086416739694719526 ),
 .UNSPECIFIED. ) ;
#4440 = CARTESIAN_POINT ( 'NONE',  ( 391.1784647622679358, -2.786058452072405878, 371.2345101085589931 ) ) ;
#4441 = CARTESIAN_POINT ( 'NONE',  ( 282.8707214862720889, -4.282687887864853771, 21.21303280615246223 ) ) ;
#4442 = VERTEX_POINT ( 'NONE', #6215 ) ;
#4443 = CARTESIAN_POINT ( 'NONE',  ( 282.9491249570552327, -2.265432466868728234, 23.24999999818359697 ) ) ;
#4444 = CARTESIAN_POINT ( 'NONE',  ( 386.8595733888874406, -3.080495850171224514, 371.2300000000000750 ) ) ;
#4445 = CARTESIAN_POINT ( 'NONE',  ( 285.8320864239174739, -2.989831943971159145, 20.74559729557855547 ) ) ;
#4446 = CARTESIAN_POINT ( 'NONE',  ( 263.8340793072002839, -5.717170325166937239, 7.510633003840818667 ) ) ;
#4447 = ORIENTED_EDGE ( 'NONE', *, *, #337, .T. ) ;
#4448 = CARTESIAN_POINT ( 'NONE',  ( 145.2981225776576650, -11.34710373985720899, 22.25242899402865859 ) ) ;
#4449 = CARTESIAN_POINT ( 'NONE',  ( 123.4259220077866814, -13.63590651384604158, 16.83015466872817356 ) ) ;
#4450 = CARTESIAN_POINT ( 'NONE',  ( 286.7981070106098400, 0.2315893207461958703, 20.62434121325322423 ) ) ;
#4451 = CARTESIAN_POINT ( 'NONE',  ( 355.0708397354739532, -2.820223278775133124, 371.2090348960089159 ) ) ;
#4452 = CARTESIAN_POINT ( 'NONE',  ( 266.8738295796653688, -5.493687948616323702, 7.250150048557987503 ) ) ;
#4453 = CARTESIAN_POINT ( 'NONE',  ( 289.9181388050951682, -2.850000000000000089, 53.24999837350245713 ) ) ;
#4454 = CARTESIAN_POINT ( 'NONE',  ( 135.8830163206398538, -13.27886134215546221, 6.784627197288298994 ) ) ;
#4455 = CARTESIAN_POINT ( 'NONE',  ( 388.7470799815580449, -2.953294616456231925, 371.7299999999999613 ) ) ;
#4456 = CARTESIAN_POINT ( 'NONE',  ( 278.2265083647499182, -6.535397035811556954, 5.999999999999994671 ) ) ;
#4457 = CARTESIAN_POINT ( 'NONE',  ( 367.4869203057217533, 2.786299411474450594, 249.8200000000000216 ) ) ;
#4458 = FACE_OUTER_BOUND ( 'NONE', #4779, .T. ) ;
#4459 = CARTESIAN_POINT ( 'NONE',  ( 280.8986724580399823, -3.829700865578159696, 7.639238760967258735 ) ) ;
#4460 = B_SPLINE_CURVE_WITH_KNOTS ( 'NONE', 3,
 ( #1710, #2938, #4203, #1102 ),
 .UNSPECIFIED., .F., .F.,
 ( 4, 4 ),
 ( 1.464295951482144497E-15, 0.0001596658662031105378 ),
 .UNSPECIFIED. ) ;
#4461 = CARTESIAN_POINT ( 'NONE',  ( 263.3759738565270254, -7.825707291907048280, 5.999999998183607630 ) ) ;
#4462 = CARTESIAN_POINT ( 'NONE',  ( 278.3089549354286873, -5.197519949748840240, 6.524344303445893445 ) ) ;
#4463 = CARTESIAN_POINT ( 'NONE',  ( 394.6005643284326538, -0.1622161661859655157, 356.3760689834664959 ) ) ;
#4464 = B_SPLINE_CURVE_WITH_KNOTS ( 'NONE', 3,
 ( #6134, #7967, #7313, #540 ),
 .UNSPECIFIED., .F., .F.,
 ( 4, 4 ),
 ( 0.000000000000000000, 0.0004340506638017688212 ),
 .UNSPECIFIED. ) ;
#4465 = CARTESIAN_POINT ( 'NONE',  ( 281.9811267918709632, 3.760826285809093505E-16, 6.000000000000000000 ) ) ;
#4466 = CARTESIAN_POINT ( 'NONE',  ( 194.8327774278365325, -11.88561781252114713, 127.9100000000000534 ) ) ;
#4467 = ORIENTED_EDGE ( 'NONE', *, *, #4841, .T. ) ;
#4468 = CARTESIAN_POINT ( 'NONE',  ( 399.8925151371541347, -0.04999999999986633886, 371.0778039925513667 ) ) ;
#4469 = CARTESIAN_POINT ( 'NONE',  ( 195.2901397243328461, -10.15854961555175429, 6.884317192169011612 ) ) ;
#4470 = EDGE_CURVE ( 'NONE', #2549, #2708, #6173, .T. ) ;
#4471 = CARTESIAN_POINT ( 'NONE',  ( 123.2431549092777630, -43.07938103743692437, 18.13440074790967316 ) ) ;
#4472 = CARTESIAN_POINT ( 'NONE',  ( 395.6547599288581978, -0.4720504312254017454, 371.2095307365779604 ) ) ;
#4473 = CARTESIAN_POINT ( 'NONE',  ( 262.6486670540987234, -7.088393263817471812, 206.7117749457168259 ) ) ;
#4474 = CARTESIAN_POINT ( 'NONE',  ( 281.4490526960399848, -4.672419534622554771, 6.500055999722179401 ) ) ;
#4475 = CARTESIAN_POINT ( 'NONE',  ( 282.9629574953181077, -4.314653378419593288, 23.24999999818345486 ) ) ;
#4476 = CARTESIAN_POINT ( 'NONE',  ( 328.7296465839527855, -2.539482100284468302, 371.7299999999999045 ) ) ;
#4477 = CARTESIAN_POINT ( 'NONE',  ( 319.5068167795115528, -3.631146701653467534, 328.5534582987232852 ) ) ;
#4478 = CARTESIAN_POINT ( 'NONE',  ( 326.1363995463402716, -2.333777856695885777, 339.2189113862426098 ) ) ;
#4479 = ORIENTED_EDGE ( 'NONE', *, *, #8069, .F. ) ;
#4480 = EDGE_CURVE ( 'NONE', #6241, #750, #1783, .T. ) ;
#4481 = CARTESIAN_POINT ( 'NONE',  ( 274.4696697230231166, -5.022332548753232651, 21.20810759916058785 ) ) ;
#4482 = ORIENTED_EDGE ( 'NONE', *, *, #4526, .F. ) ;
#4483 = CARTESIAN_POINT ( 'NONE',  ( 400.3150219425968999, 0.03842649826583186684, 371.1519669167748816 ) ) ;
#4484 = CARTESIAN_POINT ( 'NONE',  ( 284.7321461116467276, -1.754771393240132538, 23.24999999818353658 ) ) ;
#4485 = CARTESIAN_POINT ( 'NONE',  ( 359.8236996629225359, -1.485825425320084658, 249.8200000000000216 ) ) ;
#4486 = CARTESIAN_POINT ( 'NONE',  ( 285.8890223694660335, -2.908024378437072954, 20.73837760706260269 ) ) ;
#4487 = CARTESIAN_POINT ( 'NONE',  ( 280.3759155888368468, -4.053373272000771799, 7.601841365600100708 ) ) ;
#4488 = ORIENTED_EDGE ( 'NONE', *, *, #7666, .T. ) ;
#4489 = CARTESIAN_POINT ( 'NONE',  ( 119.6626087957955207, -12.97904558478317405, 11.59999999818354510 ) ) ;
#4490 = CARTESIAN_POINT ( 'NONE',  ( 123.1951520673128186, -13.57006448771464058, 18.05847738634337318 ) ) ;
#4491 = CARTESIAN_POINT ( 'NONE',  ( 286.7406019053621549, -0.6930510405826366682, 20.63237541806200070 ) ) ;
#4492 = CARTESIAN_POINT ( 'NONE',  ( 338.4564570130406764, -2.600427808133769947, 207.1486065250937543 ) ) ;
#4493 = CARTESIAN_POINT ( 'NONE',  ( 263.4270395133481770, -6.129448377306236928, 6.699157609409651215 ) ) ;
#4494 = CARTESIAN_POINT ( 'NONE',  ( 332.3299609623334163, -3.436820190447683832, 337.7445224384449034 ) ) ;
#4495 = CARTESIAN_POINT ( 'NONE',  ( 139.3923718824575815, -13.64232711107122320, 6.523532139374507821 ) ) ;
#4496 = B_SPLINE_CURVE_WITH_KNOTS ( 'NONE', 3,
 ( #4225, #3156, #6227, #6836, #516, #3115 ),
 .UNSPECIFIED., .F., .F.,
 ( 4, 2, 4 ),
 ( 0.000000000000000000, 0.0003910070499104915031, 0.0007820140998209830063 ),
 .UNSPECIFIED. ) ;
#4497 = CARTESIAN_POINT ( 'NONE',  ( 346.2811168287402097, -3.158186138033701074, 339.3717801754352195 ) ) ;
#4498 = CARTESIAN_POINT ( 'NONE',  ( 362.7454704894915949, -4.488564076302264283, 371.2300000000000750 ) ) ;
#4499 = DIRECTION ( 'NONE',  ( 0.3411499446012931647, 8.419887522883897274E-15, 0.9400088910741932757 ) ) ;
#4500 = CARTESIAN_POINT ( 'NONE',  ( 339.7132691690679280, -1.962675801360900030, 330.4994830461120046 ) ) ;
#4501 = CARTESIAN_POINT ( 'NONE',  ( 332.5781388050951364, -3.050000000000000266, 173.2499941109628310 ) ) ;
#4502 = CARTESIAN_POINT ( 'NONE',  ( 277.8321073390279139, -4.685579340789812086, 6.887639438732090724 ) ) ;
#4503 = CARTESIAN_POINT ( 'NONE',  ( 340.1636027076428377, -0.6460057438092668969, 206.4999999981834264 ) ) ;
#4504 = B_SPLINE_CURVE_WITH_KNOTS ( 'NONE', 3,
 ( #7276, #1720, #7928, #3719, #6059, #6216, #4214 ),
 .UNSPECIFIED., .F., .F.,
 ( 4, 1, 1, 1, 4 ),
 ( 3.763623856359737420E-05, 0.001546619825356739062, 0.003104522097567390115, 0.004662424369778072827, 0.006220326641988724314 ),
 .UNSPECIFIED. ) ;
#4505 = CARTESIAN_POINT ( 'NONE',  ( 134.8089844144946596, -12.19238211420655915, 23.97690223515783003 ) ) ;
#4506 = CARTESIAN_POINT ( 'NONE',  ( 107.2853491307646010, -14.78286034858813203, 6.000000000000003553 ) ) ;
#4507 = VERTEX_POINT ( 'NONE', #4403 ) ;
#4508 = CARTESIAN_POINT ( 'NONE',  ( 398.7565465896298633, -0.05000000000716367521, 367.9477418273490343 ) ) ;
#4509 = CARTESIAN_POINT ( 'NONE',  ( 198.8015611707702703, -10.26119010653629182, 6.623667764612262587 ) ) ;
#4510 = DIRECTION ( 'NONE',  ( 0.000000000000000000, -1.000000000000000000, 0.000000000000000000 ) ) ;
#4511 = CARTESIAN_POINT ( 'NONE',  ( 163.8759738565267412, -13.70208738245041324, 6.499999998183605854 ) ) ;
#4512 = CARTESIAN_POINT ( 'NONE',  ( 332.0758014954453756, -3.240518387829040670, 337.7187488652764955 ) ) ;
#4513 = CARTESIAN_POINT ( 'NONE',  ( 281.1025083320887461, -3.993955077170901369, 6.839995310325122979 ) ) ;
#4514 = CARTESIAN_POINT ( 'NONE',  ( 285.8988805854145312, -3.384742773741153954, 20.97383252001023024 ) ) ;
#4515 = CARTESIAN_POINT ( 'NONE',  ( 153.7385754657339305, -8.353477787915846164, 127.9099999999999682 ) ) ;
#4516 = DIRECTION ( 'NONE',  ( 0.000000000000000000, 0.000000000000000000, 1.000000000000000000 ) ) ;
#4517 = CARTESIAN_POINT ( 'NONE',  ( 332.5102707385194662, -2.516023474058399767, 339.6889800204875201 ) ) ;
#4518 = ADVANCED_FACE ( 'NONE', ( #6859 ), #3124, .F. ) ;
#4519 = ORIENTED_EDGE ( 'NONE', *, *, #2027, .T. ) ;
#4520 = CARTESIAN_POINT ( 'NONE',  ( 278.5166155884684827, -4.625589116706819048, 21.21226154478542369 ) ) ;
#4521 = EDGE_LOOP ( 'NONE', ( #4292, #7796, #3796, #7259 ) ) ;
#4522 = CARTESIAN_POINT ( 'NONE',  ( 400.3062759109936337, 0.06947805867641386468, 371.0620903907938555 ) ) ;
#4523 = CARTESIAN_POINT ( 'NONE',  ( 277.0820657233675206, -2.753690509173539080, 23.24999999818364671 ) ) ;
#4524 = CARTESIAN_POINT ( 'NONE',  ( 356.1901726193936497, -1.772492770565247344, 249.8199999999999363 ) ) ;
#4525 = CARTESIAN_POINT ( 'NONE',  ( 329.4159029352774724, -2.285780751244560260, 339.2221159733519471 ) ) ;
#4526 = EDGE_CURVE ( 'NONE', #7856, #7145, #2853, .T. ) ;
#4527 = EDGE_CURVE ( 'NONE', #8032, #3531, #3916, .T. ) ;
#4528 = CARTESIAN_POINT ( 'NONE',  ( 274.4292565218873392, -3.017140094437583464, 23.24999999818360763 ) ) ;
#4529 = ORIENTED_EDGE ( 'NONE', *, *, #4981, .F. ) ;
#4530 = CARTESIAN_POINT ( 'NONE',  ( 324.5474714685702224, -4.162689888174867292, 128.0766666654557184 ) ) ;
#4531 = ORIENTED_EDGE ( 'NONE', *, *, #6733, .F. ) ;
#4532 = CARTESIAN_POINT ( 'NONE',  ( 281.8865551770824709, -3.361156242775217073, 7.213767078650291431 ) ) ;
#4533 = CARTESIAN_POINT ( 'NONE',  ( 320.1044340295572397, -3.257751027556213597, 151.2147088329851954 ) ) ;
#4534 = CARTESIAN_POINT ( 'NONE',  ( 252.9208713640138626, -6.431590063315408834, 7.244775026612880531 ) ) ;
#4535 = CARTESIAN_POINT ( 'NONE',  ( 164.3406978957469278, -13.67943447161930592, 6.499999998183603189 ) ) ;
#4536 = CARTESIAN_POINT ( 'NONE',  ( 123.6413038569771174, -13.79873298882193744, 6.571142775116311618 ) ) ;
#4537 = CARTESIAN_POINT ( 'NONE',  ( 347.2425905981145888, -3.109099263109686984, 338.0016465117054167 ) ) ;
#4538 = CARTESIAN_POINT ( 'NONE',  ( 410.9531872419024694, 1.332131743575963645, 371.7299999999998477 ) ) ;
#4539 = CARTESIAN_POINT ( 'NONE',  ( 281.8142136255526111, -2.740200243051126527, 7.768732095266254412 ) ) ;
#4540 = CARTESIAN_POINT ( 'NONE',  ( 284.2878379018991382, -1.822533766955052092, 23.24999999818388829 ) ) ;
#4541 = AXIS2_PLACEMENT_3D ( 'NONE', #3041, #7978, #3613 ) ;
#4542 = CARTESIAN_POINT ( 'NONE',  ( 366.0747647232377062, -4.327815994367786523, 371.2600430430696292 ) ) ;
#4543 = CARTESIAN_POINT ( 'NONE',  ( 277.4489157580383676, -5.525164792437148975, 6.500047876896611676 ) ) ;
#4544 = CARTESIAN_POINT ( 'NONE',  ( 381.3175055627624488, -0.4261661336472545858, 319.7320503675188661 ) ) ;
#4545 = CARTESIAN_POINT ( 'NONE',  ( 156.8209567990010953, -11.98246445636994828, 7.506739839583939755 ) ) ;
#4546 = CARTESIAN_POINT ( 'NONE',  ( 139.6701644951224068, -12.13055056487703354, 23.98150339317639990 ) ) ;
#4547 = CARTESIAN_POINT ( 'NONE',  ( 181.4181854217193575, -11.40638223096557979, 127.9100000000000250 ) ) ;
#4548 = ORIENTED_EDGE ( 'NONE', *, *, #6828, .F. ) ;
#4549 = VECTOR ( 'NONE', #5645, 1000.000000000000114 ) ;
#4550 = CARTESIAN_POINT ( 'NONE',  ( 163.8759737553073421, -12.61110842979298496, 6.500000142427166061 ) ) ;
#4551 = CARTESIAN_POINT ( 'NONE',  ( 174.3540395670294458, -11.96919238204745461, 6.498762365090295923 ) ) ;
#4552 = DIRECTION ( 'NONE',  ( 0.000000000000000000, 0.000000000000000000, 1.000000000000000000 ) ) ;
#4553 = CARTESIAN_POINT ( 'NONE',  ( 325.2516560571329478, -3.375412712773555590, 337.7076399154008755 ) ) ;
#4554 = FACE_OUTER_BOUND ( 'NONE', #5619, .T. ) ;
#4555 = CARTESIAN_POINT ( 'NONE',  ( 281.1068735448621396, -4.230691333972690593, 6.645223674724814344 ) ) ;
#4556 = CARTESIAN_POINT ( 'NONE',  ( 283.5509661678300404, -4.207154279416825737, 21.18332247520712741 ) ) ;
#4557 = VECTOR ( 'NONE', #4510, 1000.000000000000000 ) ;
#4558 = CARTESIAN_POINT ( 'NONE',  ( 173.0053760033362096, -9.094223265321382144, 127.9100000000000250 ) ) ;
#4559 = CARTESIAN_POINT ( 'NONE',  ( 270.4470729941991749, -7.210318151930689368, 6.499999998183603189 ) ) ;
#4560 = CARTESIAN_POINT ( 'NONE',  ( 387.2454732361733818, -1.158681835194361076, 371.2300000000000182 ) ) ;
#4561 = ORIENTED_EDGE ( 'NONE', *, *, #3139, .F. ) ;
#4562 = VECTOR ( 'NONE', #1377, 1000.000000000000114 ) ;
#4563 = CARTESIAN_POINT ( 'NONE',  ( 244.1977199991470400, -7.123452789732420243, 6.998849588149314016 ) ) ;
#4564 = CARTESIAN_POINT ( 'NONE',  ( 333.5452808883069338, -3.648685604687286421, 338.5650913694975088 ) ) ;
#4565 = VERTEX_POINT ( 'NONE', #5837 ) ;
#4566 = CARTESIAN_POINT ( 'NONE',  ( 125.4698723339296720, -13.46986883871283780, 21.65627289584416815 ) ) ;
#4567 = CARTESIAN_POINT ( 'NONE',  ( 282.7688230999154371, -2.283868604541670067, 23.24999999818357921 ) ) ;
#4568 = CARTESIAN_POINT ( 'NONE',  ( 319.2737966219387999, -2.935103026622922329, 127.9099999999999966 ) ) ;
#4569 = CARTESIAN_POINT ( 'NONE',  ( 285.3055607266300058, -3.625351295574163135, 20.81234964962883893 ) ) ;
#4570 = B_SPLINE_SURFACE_WITH_KNOTS ( 'NONE', 3, 1, ( 
 ( #2505, #6192 ),
 ( #7600, #745 ),
 ( #4995, #591 ),
 ( #3082, #5571 ),
 ( #8059, #2468 ),
 ( #4958, #7447 ),
 ( #1854, #1893 ),
 ( #6839, #1241 ),
 ( #626, #5937 ),
 ( #7638, #7078 ) ),
 .UNSPECIFIED., .F., .F., .F.,
 ( 4, 3, 3, 4 ),
 ( 2, 2 ),
 ( 0.3665066236930657473, 0.3686220780039454747, 0.3826403706017702522, 0.3847758509391993043 ),
 ( 0.000000000000000000, 1.000000000000000000 ),
 .UNSPECIFIED. ) ;
#4571 = DIRECTION ( 'NONE',  ( 0.000000000000000000, 1.000000000000000000, 0.000000000000000000 ) ) ;
#4572 = EDGE_LOOP ( 'NONE', ( #1284, #3164, #6279, #13 ) ) ;
#4573 = DIRECTION ( 'NONE',  ( 0.000000000000000000, -1.000000000000000000, -0.000000000000000000 ) ) ;
#4574 = VERTEX_POINT ( 'NONE', #7018 ) ;
#4575 = ADVANCED_FACE ( 'NONE', ( #2074 ), #248, .T. ) ;
#4576 = CARTESIAN_POINT ( 'NONE',  ( 329.0934285671587531, -2.980657603371604569, 181.3409237728072299 ) ) ;
#4577 = CARTESIAN_POINT ( 'NONE',  ( 346.4892269972841063, -3.073741635545079287, 371.2300000000000750 ) ) ;
#4578 = CARTESIAN_POINT ( 'NONE',  ( 256.4171852057228875, -6.178815861730431180, 7.508299319484986967 ) ) ;
#4579 = FACE_OUTER_BOUND ( 'NONE', #3948, .T. ) ;
#4580 = CARTESIAN_POINT ( 'NONE',  ( 121.8915540314721966, -13.93035679623902290, 6.522973558073044131 ) ) ;
#4581 =( BOUNDED_SURFACE ( )  B_SPLINE_SURFACE ( 3, 2, ( 
 ( #1966, #7516, #5725 ),
 ( #740, #5882, #3234 ),
 ( #6949, #4990, #7478 ),
 ( #1352, #1887, #6869 ) ),
 .UNSPECIFIED., .F., .F., .T. ) 
 B_SPLINE_SURFACE_WITH_KNOTS ( ( 4, 4 ),
 ( 3, 3 ),
 ( -3.469446951953614189E-17, 0.01782834767705666901 ),
 ( 0.000000000000000000, 1.000000000000000000 ),
 .UNSPECIFIED. ) 
 GEOMETRIC_REPRESENTATION_ITEM ( )  RATIONAL_B_SPLINE_SURFACE ( (
 ( 1.000000000000000000, 0.7053329844525629833, 1.000000000000000000),
 ( 1.000000000000000000, 0.7053776860232909840, 1.000000000000000000),
 ( 1.000000000000000000, 0.7054216105159762940, 1.000000000000000000),
 ( 1.000000000000000000, 0.7054647989389480900, 1.000000000000000000) ) ) 
 REPRESENTATION_ITEM ( '' )  SURFACE ( )  );
#4582 = CARTESIAN_POINT ( 'NONE',  ( 281.5800000000000978, -5.559999999999991616, 6.000000000000000000 ) ) ;
#4583 = CARTESIAN_POINT ( 'NONE',  ( 125.6497628923448673, -13.44491842536705839, 21.94079554804285337 ) ) ;
#4584 = ADVANCED_FACE ( 'NONE', ( #4775 ), #4205, .F. ) ;
#4585 = CARTESIAN_POINT ( 'NONE',  ( 284.8958811420534403, 0.05111883481253300804, 23.24999999818361829 ) ) ;
#4586 = CARTESIAN_POINT ( 'NONE',  ( 387.7454704894914812, -3.020886442433027508, 371.6095609108655253 ) ) ;
#4587 = CARTESIAN_POINT ( 'NONE',  ( 274.7967577731872098, -5.593040843248948235, 6.498740484481930757 ) ) ;
#4588 = CARTESIAN_POINT ( 'NONE',  ( 340.1636027076425535, -1.242011487618528864, 206.4999999981837959 ) ) ;
#4589 = CARTESIAN_POINT ( 'NONE',  ( 155.0703791772783973, -12.08538116215875569, 7.508446197447166348 ) ) ;
#4590 = CARTESIAN_POINT ( 'NONE',  ( 126.8672306512671497, -13.82778938916966105, 11.93198323615923684 ) ) ;
#4591 = CARTESIAN_POINT ( 'NONE',  ( 205.0229033388926894, -11.75602262920132723, 127.9100000000001103 ) ) ;
#4592 = VERTEX_POINT ( 'NONE', #6700 ) ;
#4593 = CARTESIAN_POINT ( 'NONE',  ( 365.7454704894915949, -4.344293382648878321, 371.7300000000000182 ) ) ;
#4594 = CARTESIAN_POINT ( 'NONE',  ( 184.8043072739155832, -10.73261515502988495, 6.884087418799721192 ) ) ;
#4595 = CARTESIAN_POINT ( 'NONE',  ( 349.2376834975107158, -0.2119955137425025005, 231.4962649248861624 ) ) ;
#4596 = CARTESIAN_POINT ( 'NONE',  ( 332.5781388050951364, -0.04999999999999999584, 173.2499941109628310 ) ) ;
#4597 = CARTESIAN_POINT ( 'NONE',  ( 393.3948082069708789, -0.5339338246084401884, 371.0321968942988065 ) ) ;
#4598 = CARTESIAN_POINT ( 'NONE',  ( 332.5781388050951364, -0.04999999999999999584, 171.0102011976198355 ) ) ;
#4599 = CARTESIAN_POINT ( 'NONE',  ( 280.9813498176399662, -4.295439062681090547, 6.643904973855259577 ) ) ;
#4600 = CARTESIAN_POINT ( 'NONE',  ( 285.8951655362542965, -3.386618289817622696, 20.97383551957996062 ) ) ;
#4601 = CARTESIAN_POINT ( 'NONE',  ( 160.1548162578505696, -8.654084026368737526, 127.9100000000001387 ) ) ;
#4602 = CARTESIAN_POINT ( 'NONE',  ( 411.4860530572921107, -0.05000000000000198730, 371.2300000000000750 ) ) ;
#4603 = CARTESIAN_POINT ( 'NONE',  ( 337.2746839337530673, -2.055155305561036094, 339.5587266744972794 ) ) ;
#4604 = ORIENTED_EDGE ( 'NONE', *, *, #5271, .F. ) ;
#4605 = CARTESIAN_POINT ( 'NONE',  ( 245.9351460815504140, -6.882784097530715961, 7.509602798437838622 ) ) ;
#4606 = LINE ( 'NONE', #2722, #1429 ) ;
#4607 = ORIENTED_EDGE ( 'NONE', *, *, #3738, .F. ) ;
#4608 = CARTESIAN_POINT ( 'NONE',  ( 377.8727335197655179, -0.9927251647439278015, 314.9361296855586829 ) ) ;
#4609 = CARTESIAN_POINT ( 'NONE',  ( 282.0676611584619877, -2.340502437362855126, 23.24999999818357210 ) ) ;
#4610 = CARTESIAN_POINT ( 'NONE',  ( 398.1769578474339255, -0.1982713330282248054, 371.7299999999999045 ) ) ;
#4611 = CARTESIAN_POINT ( 'NONE',  ( 289.9181388050951682, -3.050000000000000266, 53.24999837350245713 ) ) ;
#4612 = CARTESIAN_POINT ( 'NONE',  ( 400.0789642496754368, -0.05003329155410486673, 371.1678709118309030 ) ) ;
#4613 = CARTESIAN_POINT ( 'NONE',  ( 140.5119194023161810, -12.85804290975241493, 7.492038414200997032 ) ) ;
#4614 = VERTEX_POINT ( 'NONE', #370 ) ;
#4615 = CARTESIAN_POINT ( 'NONE',  ( 271.3995533228502381, -5.288763217338841471, 21.52002542104998994 ) ) ;
#4616 = VERTEX_POINT ( 'NONE', #2278 ) ;
#4617 = CARTESIAN_POINT ( 'NONE',  ( 313.8416356019292266, -4.660166564598379857, 285.2196860130228515 ) ) ;
#4618 = CARTESIAN_POINT ( 'NONE',  ( 270.4082409941576088, -3.442640252131065282, 14.29729251033790050 ) ) ;
#4619 = CARTESIAN_POINT ( 'NONE',  ( 258.1712000828429154, -6.142988392035023892, 7.120127585541573545 ) ) ;
#4620 = CARTESIAN_POINT ( 'NONE',  ( 121.8914240330585557, -14.18920396694893782, 6.500045528697548036 ) ) ;
#4621 = CARTESIAN_POINT ( 'NONE',  ( 184.9830178121891322, -8.554653809165055023, 115.7848260635746271 ) ) ;
#4622 = ADVANCED_FACE ( 'NONE', ( #4121 ), #327, .F. ) ;
#4623 = CARTESIAN_POINT ( 'NONE',  ( 160.2013078770729919, -12.79631781298271420, 5.999999998183607630 ) ) ;
#4624 = CARTESIAN_POINT ( 'NONE',  ( 284.8666106919709478, -0.3598806888842530083, 23.24999999818370355 ) ) ;
#4625 = CARTESIAN_POINT ( 'NONE',  ( 143.6518486168633046, -11.38734947303214540, 22.03861635790299545 ) ) ;
#4626 = CARTESIAN_POINT ( 'NONE',  ( 276.5376590758078805, -5.197631046675550870, 6.574464501279156714 ) ) ;
#4627 = CARTESIAN_POINT ( 'NONE',  ( 349.8342653441684433, -0.05000000000000845435, 233.1466666651530488 ) ) ;
#4628 = CARTESIAN_POINT ( 'NONE',  ( 155.1246007952354660, -12.96103340935613346, 6.498753909497747117 ) ) ;
#4629 = CARTESIAN_POINT ( 'NONE',  ( 127.2643828392566405, -13.81806021071743551, 12.21690914194122612 ) ) ;
#4630 = CARTESIAN_POINT ( 'NONE',  ( 204.8467082819352072, -11.50161816155011429, 6.000000000000009770 ) ) ;
#4631 = EDGE_CURVE ( 'NONE', #1782, #5943, #2165, .T. ) ;
#4632 = VERTEX_POINT ( 'NONE', #2940 ) ;
#4633 = CARTESIAN_POINT ( 'NONE',  ( 142.1006890598507368, -11.11138328381855267, 22.49164630772789408 ) ) ;
#4634 = CARTESIAN_POINT ( 'NONE',  ( 177.8238051146401233, -11.29528915230341823, 6.697670901510294428 ) ) ;
#4635 = CARTESIAN_POINT ( 'NONE',  ( 333.2173981022716589, -4.528224232337445976, 339.2000950459841988 ) ) ;
#4636 = CARTESIAN_POINT ( 'NONE',  ( 140.7991011959844343, -12.11054619909142538, 23.98244723954777768 ) ) ;
#4637 = CARTESIAN_POINT ( 'NONE',  ( 326.4601070436023633, -3.364626168278201490, 337.7112009366106236 ) ) ;
#4638 = DIRECTION ( 'NONE',  ( 1.000000000000000000, 2.428612866367527723E-14, 0.000000000000000000 ) ) ;
#4639 = CARTESIAN_POINT ( 'NONE',  ( 280.8043768412688905, -3.875766628394370361, 7.632803374537996177 ) ) ;
#4640 = CARTESIAN_POINT ( 'NONE',  ( 285.4963380256049277, -3.587963457283427360, 20.97415754829986412 ) ) ;
#4641 = CARTESIAN_POINT ( 'NONE',  ( 261.9335055803933301, -6.145505597576945256, 249.8200000000001637 ) ) ;
#4642 = CARTESIAN_POINT ( 'NONE',  ( 281.5860580113761671, -4.542522462176651565, 6.499999998183583649 ) ) ;
#4643 = FACE_OUTER_BOUND ( 'NONE', #7286, .T. ) ;
#4644 = VERTEX_POINT ( 'NONE', #4651 ) ;
#4645 = CARTESIAN_POINT ( 'NONE',  ( 244.2087863637694340, -7.291608665209019513, 6.792710121611791330 ) ) ;
#4646 = CARTESIAN_POINT ( 'NONE',  ( 263.3808033367539565, -7.147410756779476237, 249.8200000000005048 ) ) ;
#4647 = VERTEX_POINT ( 'NONE', #1668 ) ;
#4648 = CARTESIAN_POINT ( 'NONE',  ( 396.3014289474057819, -0.04999999991631723373, 361.1828794903383937 ) ) ;
#4649 = CARTESIAN_POINT ( 'NONE',  ( 279.9079363363611606, -2.497685702210668879, 23.24999999818367513 ) ) ;
#4650 = CARTESIAN_POINT ( 'NONE',  ( 309.4046659011052611, -3.796726766100133155, 127.9099999999999113 ) ) ;
#4651 = CARTESIAN_POINT ( 'NONE',  ( 163.8759738565267412, -13.70208738245041324, 6.499999998183605854 ) ) ;
#4652 = CARTESIAN_POINT ( 'NONE',  ( 289.9181388050951682, -0.2395328087514111970, 55.29006537989453562 ) ) ;
#4653 = CARTESIAN_POINT ( 'NONE',  ( 262.2436434188481940, -7.160486546259820173, 249.8200000000000216 ) ) ;
#4654 = ORIENTED_EDGE ( 'NONE', *, *, #3687, .T. ) ;
#4655 = CARTESIAN_POINT ( 'NONE',  ( 273.5163516667038834, -3.881375702865269783, 23.09665838969702634 ) ) ;
#4656 = ORIENTED_EDGE ( 'NONE', *, *, #4437, .F. ) ;
#4657 = CARTESIAN_POINT ( 'NONE',  ( 159.8759738565254906, -13.90206711046382715, 6.499999998183606742 ) ) ;
#4658 = CARTESIAN_POINT ( 'NONE',  ( 254.6758864038969250, -6.413675243303393891, 6.998867805059942881 ) ) ;
#4659 = CARTESIAN_POINT ( 'NONE',  ( 128.8974985189686322, -14.12179401919882871, 6.500046078214341883 ) ) ;
#4660 = CARTESIAN_POINT ( 'NONE',  ( 346.2940704971094306, -3.157503897192162512, 341.3060498241038658 ) ) ;
#4661 = CARTESIAN_POINT ( 'NONE',  ( 161.3758886358396580, -12.73493350218523013, 6.500000142427190042 ) ) ;
#4662 = CARTESIAN_POINT ( 'NONE',  ( 284.8788122996178913, -0.2599945521696081507, 23.24999999818357210 ) ) ;
#4663 = APPLICATION_PROTOCOL_DEFINITION ( 'international standard', 'config_control_design', 1994, #4983 ) ;
#4664 = CARTESIAN_POINT ( 'NONE',  ( 276.5140286966588974, -4.869259501964630310, 6.793666246434084677 ) ) ;
#4665 = CARTESIAN_POINT ( 'NONE',  ( 117.8434180224876826, -13.80578579513073123, 9.593944407458840473 ) ) ;
#4666 = CARTESIAN_POINT ( 'NONE',  ( 160.3755152641830932, -12.79523006352269121, 6.500047399714270924 ) ) ;
#4667 = CARTESIAN_POINT ( 'NONE',  ( 126.2624663508735381, -13.83782955092430278, 11.68065294556010514 ) ) ;
#4668 = CARTESIAN_POINT ( 'NONE',  ( 226.8579430753341057, -10.18337335642258346, 6.000000000000007105 ) ) ;
#4669 = ORIENTED_EDGE ( 'NONE', *, *, #6826, .F. ) ;
#4670 = CARTESIAN_POINT ( 'NONE',  ( 387.2454787295369556, -1.158728201412323244, 371.2299999877693040 ) ) ;
#4671 = AXIS2_PLACEMENT_3D ( 'NONE', #375, #6497, #5266 ) ;
#4672 = CARTESIAN_POINT ( 'NONE',  ( 188.2900220591104130, -10.36609700130022915, 7.240204606537515630 ) ) ;
#4673 = LINE ( 'NONE', #916, #7288 ) ;
#4674 = CARTESIAN_POINT ( 'NONE',  ( 263.3759738565270254, -7.825707291877538552, 6.499999998183644045 ) ) ;
#4675 = CARTESIAN_POINT ( 'NONE',  ( 368.6018370526833792, -2.112523954568398032, 371.0834075029289920 ) ) ;
#4676 = CARTESIAN_POINT ( 'NONE',  ( 263.3759738565270254, -6.743536446300549159, 5.999999998183606742 ) ) ;
#4677 = CARTESIAN_POINT ( 'NONE',  ( 281.1017438438737486, -4.380884066430645873, 6.586423991045478488 ) ) ;
#4678 = B_SPLINE_CURVE_WITH_KNOTS ( 'NONE', 3,
 ( #1529, #192, #2637, #4511 ),
 .UNSPECIFIED., .F., .F.,
 ( 4, 4 ),
 ( 0.000000000000000000, 0.0001314414764944061783 ),
 .UNSPECIFIED. ) ;
#4679 = ADVANCED_FACE ( 'NONE', ( #4694 ), #878, .F. ) ;
#4680 = CARTESIAN_POINT ( 'NONE',  ( 285.1513427401467879, -3.762794680433385608, 20.99680659737915533 ) ) ;
#4681 = CARTESIAN_POINT ( 'NONE',  ( 316.3777258758514108, -0.9260321650371196034, 371.7300000000000750 ) ) ;
#4682 = CARTESIAN_POINT ( 'NONE',  ( 282.1448448130421980, -0.3539439125066875524, 6.499999998218751074 ) ) ;
#4683 = CIRCLE ( 'NONE', #4541, 0.2000000000000012323 ) ;
#4684 = CARTESIAN_POINT ( 'NONE',  ( 400.1798988625731681, -0.04999999999999999584, 371.1951201417559218 ) ) ;
#4685 = VERTEX_POINT ( 'NONE', #6051 ) ;
#4686 = CARTESIAN_POINT ( 'NONE',  ( 242.4687513977549429, -7.499374588900330707, 6.698983875648115038 ) ) ;
#4687 = CARTESIAN_POINT ( 'NONE',  ( 144.9465159190497445, -12.56791114297904066, 21.53049325463593178 ) ) ;
#4688 = AXIS2_PLACEMENT_3D ( 'NONE', #8055, #7367, #6188 ) ;
#4689 = ORIENTED_EDGE ( 'NONE', *, *, #7982, .F. ) ;
#4690 = CARTESIAN_POINT ( 'NONE',  ( 395.5970379561565551, -0.2595139929640993270, 361.4667730968646424 ) ) ;
#4691 = ADVANCED_FACE ( 'NONE', ( #2155 ), #2321, .F. ) ;
#4692 = CARTESIAN_POINT ( 'NONE',  ( 279.7726931489345361, -2.508730576045463678, 23.24999999818361829 ) ) ;
#4693 = CARTESIAN_POINT ( 'NONE',  ( 317.1367967597860797, -4.364709385229869731, 249.8200000000000784 ) ) ;
#4694 = FACE_OUTER_BOUND ( 'NONE', #3307, .T. ) ;
#4695 = B_SPLINE_CURVE_WITH_KNOTS ( 'NONE', 3,
 ( #2484, #4288, #3636, #572, #4935, #3676 ),
 .UNSPECIFIED., .F., .F.,
 ( 4, 2, 4 ),
 ( 0.0002186558797247340315, 0.0005420903184358964212, 0.0008655247571470589193 ),
 .UNSPECIFIED. ) ;
#4696 = CARTESIAN_POINT ( 'NONE',  ( 309.9968678867056724, -1.834841097287296385, 123.3623749196077029 ) ) ;
#4697 = CARTESIAN_POINT ( 'NONE',  ( 345.5075101360490635, -3.193475757705399154, 341.5221938746739170 ) ) ;
#4698 = ORIENTED_EDGE ( 'NONE', *, *, #5132, .T. ) ;
#4699 = CARTESIAN_POINT ( 'NONE',  ( 271.7028223100695072, -5.222465873360786937, 21.73610524531219212 ) ) ;
#4700 = ORIENTED_EDGE ( 'NONE', *, *, #7178, .T. ) ;
#4701 = CARTESIAN_POINT ( 'NONE',  ( 269.5230248817089205, -3.478577931349438046, 11.85872705558411333 ) ) ;
#4702 = CARTESIAN_POINT ( 'NONE',  ( 256.4218954992192607, -6.253312406837160609, 7.120813457947924974 ) ) ;
#4703 = CARTESIAN_POINT ( 'NONE',  ( 125.3951364589641599, -14.16227093018484950, 6.500045885449373451 ) ) ;
#4704 = CARTESIAN_POINT ( 'NONE',  ( 345.6059846462248970, -1.987955484839302844, 339.5197207709753116 ) ) ;
#4705 = CARTESIAN_POINT ( 'NONE',  ( 163.3759738565270254, -13.72649416499977093, 6.500000000372553544 ) ) ;
#4706 = CARTESIAN_POINT ( 'NONE',  ( 322.6135067653542592, -2.760712665035300439, 303.4631877580961259 ) ) ;
#4707 = COORDINATED_UNIVERSAL_TIME_OFFSET ( 1, 0, .AHEAD. ) ;
#4708 = CARTESIAN_POINT ( 'NONE',  ( 276.4983459058006474, -4.651339432339969271, 7.123362675934562738 ) ) ;
#4709 = CARTESIAN_POINT ( 'NONE',  ( 132.5402913528565421, -11.55451517993625288, 22.03680071695951526 ) ) ;
#4710 = CARTESIAN_POINT ( 'NONE',  ( 162.0731925083977387, -11.69906730555920582, 7.370103274712640484 ) ) ;
#4711 = CARTESIAN_POINT ( 'NONE',  ( 204.5582983566962412, -9.153498457074856987, 128.5610224810433806 ) ) ;
#4712 = CARTESIAN_POINT ( 'NONE',  ( 215.2253241258704577, -11.44223948956890702, 127.9099999999999397 ) ) ;
#4713 = ORIENTED_EDGE ( 'NONE', *, *, #6871, .T. ) ;
#4714 = FACE_OUTER_BOUND ( 'NONE', #5040, .T. ) ;
#4715 = CARTESIAN_POINT ( 'NONE',  ( 181.2979904149366348, -10.72169000728278299, 7.504159719387033967 ) ) ;
#4716 = CARTESIAN_POINT ( 'NONE',  ( 352.2834712704200797, -0.07713264475641767870, 239.8935889860541693 ) ) ;
#4717 = DIRECTION ( 'NONE',  ( 0.000000000000000000, -0.000000000000000000, 1.000000000000000000 ) ) ;
#4718 = CARTESIAN_POINT ( 'NONE',  ( 386.6416091387048368, -1.096366743768544039, 371.2094892456207731 ) ) ;
#4719 = CARTESIAN_POINT ( 'NONE',  ( 261.9102204792798148, -6.841236153918504925, 6.500000041270943107 ) ) ;
#4720 = CARTESIAN_POINT ( 'NONE',  ( 280.9509115778849377, -4.178885858263671871, 6.730527869458189372 ) ) ;
#4721 = CARTESIAN_POINT ( 'NONE',  ( 282.2241842748583167, -4.334277711750097239, 21.22635646044193081 ) ) ;
#4722 = CARTESIAN_POINT ( 'NONE',  ( 365.8948364401857134, -4.336819335084898697, 371.3592905236685624 ) ) ;
#4723 = CARTESIAN_POINT ( 'NONE',  ( 282.4157430177842798, -1.296661557156984834, 7.802872728275344727 ) ) ;
#4724 = CARTESIAN_POINT ( 'NONE',  ( 18.07682757929543982, -2.998641726991481793, 6.000000000000005329 ) ) ;
#4725 = ORIENTED_EDGE ( 'NONE', *, *, #6277, .F. ) ;
#4726 = ADVANCED_FACE ( 'NONE', ( #5301 ), #1547, .F. ) ;
#4727 = CARTESIAN_POINT ( 'NONE',  ( 244.2384377185829294, -7.742168587433330806, 6.524126637117364957 ) ) ;
#4728 = CARTESIAN_POINT ( 'NONE',  ( 146.3804034635977871, -12.53758130918958535, 20.70951840492257290 ) ) ;
#4729 = ORIENTED_EDGE ( 'NONE', *, *, #7384, .T. ) ;
#4730 = CARTESIAN_POINT ( 'NONE',  ( 395.9641376664125687, -0.2302954584792065995, 361.3059983689007595 ) ) ;
#4731 = CARTESIAN_POINT ( 'NONE',  ( 283.7520217968373117, -4.260638945746437756, 23.24999999817215368 ) ) ;
#4732 = CARTESIAN_POINT ( 'NONE',  ( 257.4038935833762025, -6.257389483187399293, 233.4866666666666504 ) ) ;
#4733 = CARTESIAN_POINT ( 'NONE',  ( 345.8591402572852189, -2.542728820268589818, 249.8199999999999363 ) ) ;
#4734 = CARTESIAN_POINT ( 'NONE',  ( 344.3583276809101221, -0.4267076473525628355, 218.0491225474362977 ) ) ;
#4735 = CARTESIAN_POINT ( 'NONE',  ( 352.7454704894914812, -3.557191007506752545, 371.2300000000000182 ) ) ;
#4736 = CARTESIAN_POINT ( 'NONE',  ( 347.4386047576354599, -3.100032585227603388, 338.3639547028170114 ) ) ;
#4737 = ADVANCED_FACE ( 'NONE', ( #5344 ), #935, .T. ) ;
#4738 = B_SPLINE_CURVE_WITH_KNOTS ( 'NONE', 3,
 ( #2711, #7089, #7694, #2099 ),
 .UNSPECIFIED., .F., .F.,
 ( 4, 4 ),
 ( 0.000000000000000000, 1.000000000000000000 ),
 .UNSPECIFIED. ) ;
#4739 = CARTESIAN_POINT ( 'NONE',  ( 273.2097845308817909, -4.347365064986473016, 22.84678780685767308 ) ) ;
#4740 = ORIENTED_EDGE ( 'NONE', *, *, #7425, .F. ) ;
#4741 = DIRECTION ( 'NONE',  ( 1.000000000000000000, -0.000000000000000000, 1.224646799147353207E-16 ) ) ;
#4742 = CARTESIAN_POINT ( 'NONE',  ( 247.6941723578424046, -6.964977487238670939, 6.886682872588802518 ) ) ;
#4743 = CARTESIAN_POINT ( 'NONE',  ( 121.8918868895766536, -13.21273383601133133, 7.213784351939218631 ) ) ;
#4744 = CARTESIAN_POINT ( 'NONE',  ( 346.1230220171503333, -3.165363734598608314, 339.7795189457632432 ) ) ;
#4745 = CARTESIAN_POINT ( 'NONE',  ( 160.3759738565269686, -12.78718966177712346, 5.999999998183607630 ) ) ;
#4746 = CARTESIAN_POINT ( 'NONE',  ( 399.8823480175626059, -0.05001082915294699505, 371.0498935122238890 ) ) ;
#4747 = CARTESIAN_POINT ( 'NONE',  ( 285.6513187081232559, -4.045101036426912877, 23.24999999818333762 ) ) ;
#4748 = CARTESIAN_POINT ( 'NONE',  ( 275.6543993361424896, -5.264010628141166492, 6.574705694636528541 ) ) ;
#4749 = CARTESIAN_POINT ( 'NONE',  ( 398.1875785267970969, -0.1103447171356818912, 366.3799999999999955 ) ) ;
#4750 = CARTESIAN_POINT ( 'NONE',  ( 148.1041119877087624, -12.80959165241732656, 6.791106210005692922 ) ) ;
#4751 = B_SPLINE_CURVE_WITH_KNOTS ( 'NONE', 3,
 ( #7128, #1405, #6473, #7090, #1449, #2673, #1490, #2100 ),
 .UNSPECIFIED., .F., .F.,
 ( 4, 2, 2, 4 ),
 ( 0.0002352721428414210575, 0.003711949268335093706, 0.007188626393828766517, 0.01414198064481602887 ),
 .UNSPECIFIED. ) ;
#4752 = CARTESIAN_POINT ( 'NONE',  ( 360.9159276477656135, -1.189986226258314073, 249.8200000000000500 ) ) ;
#4753 = CARTESIAN_POINT ( 'NONE',  ( 189.7256554349744704, -12.34909388286035004, 6.000000000000012434 ) ) ;
#4754 = ORIENTED_EDGE ( 'NONE', *, *, #6080, .F. ) ;
#4755 = CARTESIAN_POINT ( 'NONE',  ( 163.6227864736497963, -13.71442631904992560, 6.493839775347558962 ) ) ;
#4756 = CARTESIAN_POINT ( 'NONE',  ( 162.1236414550519669, -12.70779628189755428, 6.500047343213918083 ) ) ;
#4757 = CARTESIAN_POINT ( 'NONE',  ( 349.8469709806259402, -0.1851216131440363843, 233.1756813018362209 ) ) ;
#4758 = CARTESIAN_POINT ( 'NONE',  ( 139.3528363168038027, -11.17231148341382152, 22.15262732301564341 ) ) ;
#4759 = CARTESIAN_POINT ( 'NONE',  ( 373.1109845808736054, -1.850109751471479491, 371.0312216411399504 ) ) ;
#4760 = CARTESIAN_POINT ( 'NONE',  ( 366.1299077042814361, -4.324990222306364096, 371.2400130707625863 ) ) ;
#4761 = CARTESIAN_POINT ( 'NONE',  ( 281.0590440263413825, -4.402573917601985798, 6.586134322717438927 ) ) ;
#4762 = CARTESIAN_POINT ( 'NONE',  ( 278.0754956807855933, -4.666849066581328032, 21.21077175405464388 ) ) ;
#4763 = CARTESIAN_POINT ( 'NONE',  ( 18.88744057018885414, -1.018646299496449803, 6.000000000000000000 ) ) ;
#4764 = CARTESIAN_POINT ( 'NONE',  ( 282.2025234968804170, -3.862865190495687884, 6.499999998183502825 ) ) ;
#4765 = CARTESIAN_POINT ( 'NONE',  ( 116.1223940892845974, -2.908671810375396571, 127.9099999999999397 ) ) ;
#4766 = VERTEX_POINT ( 'NONE', #3467 ) ;
#4767 = CARTESIAN_POINT ( 'NONE',  ( 226.7430621497536265, -8.402733350354226971, 6.792206602772595581 ) ) ;
#4768 = CARTESIAN_POINT ( 'NONE',  ( 145.7314057432110701, -12.54472617088759989, 21.91737318732623052 ) ) ;
#4769 = ORIENTED_EDGE ( 'NONE', *, *, #1786, .F. ) ;
#4770 = CARTESIAN_POINT ( 'NONE',  ( 263.6147472803261280, -7.808392706502779390, 6.445832653779344668 ) ) ;
#4771 = CARTESIAN_POINT ( 'NONE',  ( 282.3272134879697433, -4.223877211671315024, 6.500056022015401780 ) ) ;
#4772 = CARTESIAN_POINT ( 'NONE',  ( 285.3521662331279458, -4.000393402150980826, 23.24999999818260221 ) ) ;
#4773 = CARTESIAN_POINT ( 'NONE',  ( 324.4300668869298647, -3.354423839290581189, 338.7299999999999045 ) ) ;
#4774 = CARTESIAN_POINT ( 'NONE',  ( 378.7461373465521319, -1.515472227131740235, 371.7299999999996203 ) ) ;
#4775 = FACE_OUTER_BOUND ( 'NONE', #5694, .T. ) ;
#4776 = DIRECTION ( 'NONE',  ( -0.02156961834003103332, 0.9997673487190235075, 0.000000000000000000 ) ) ;
#4777 = CARTESIAN_POINT ( 'NONE',  ( 128.8354382861653278, -13.92899120370684329, 6.000000000000000888 ) ) ;
#4778 = CARTESIAN_POINT ( 'NONE',  ( 272.6269967228123505, -4.830169884038523875, 22.40531100782429164 ) ) ;
#4779 = EDGE_LOOP ( 'NONE', ( #5280, #1703, #2589, #6428 ) ) ;
#4780 = DIRECTION ( 'NONE',  ( 0.000000000000000000, 1.000000000000000000, 0.000000000000000000 ) ) ;
#4781 = CARTESIAN_POINT ( 'NONE',  ( 251.1860748081679162, -6.725592458955385489, 6.886826461904806074 ) ) ;
#4782 = EDGE_CURVE ( 'NONE', #5792, #4085, #895, .T. ) ;
#4783 = EDGE_CURVE ( 'NONE', #4811, #6745, #3046, .T. ) ;
#4784 = CARTESIAN_POINT ( 'NONE',  ( 121.8918472094983798, -13.31736645579358935, 6.977236786822459180 ) ) ;
#4785 = CARTESIAN_POINT ( 'NONE',  ( 279.1300283346510582, -2.563171809833883152, 23.24999999818360408 ) ) ;
#4786 = CARTESIAN_POINT ( 'NONE',  ( 282.9331812558670549, -0.04999999999999999584, 6.680567078146479432 ) ) ;
#4787 = CARTESIAN_POINT ( 'NONE',  ( 160.0111137685846074, -13.89495918280072750, 5.999999998183599637 ) ) ;
#4788 = CARTESIAN_POINT ( 'NONE',  ( 287.6589230508824926, -0.02003058406059439467, 23.24999999818367513 ) ) ;
#4789 = CARTESIAN_POINT ( 'NONE',  ( 273.8383036217160793, -4.796321869889040634, 7.519176087597625902 ) ) ;
#4791 = ADVANCED_FACE ( 'NONE', ( #4862 ), #5289, .T. ) ;
#4790 = CARTESIAN_POINT ( 'NONE',  ( 346.1661977295444217, -1.661363001415740337, 339.7299999999999613 ) ) ;
#4792 = CARTESIAN_POINT ( 'NONE',  ( 142.8888619135336739, -13.52402928103888158, 6.523698734159570911 ) ) ;
#4793 = CARTESIAN_POINT ( 'NONE',  ( 333.6971561198894278, -4.659264862464731927, 339.9869931791189970 ) ) ;
#4794 = CARTESIAN_POINT ( 'NONE',  ( 252.0049745557373910, -9.480928461653910233, 127.9099999999999113 ) ) ;
#4795 = ORIENTED_EDGE ( 'NONE', *, *, #773, .F. ) ;
#4796 = CARTESIAN_POINT ( 'NONE',  ( 381.7413164102624705, -0.8333970424060554993, 325.3027114096404375 ) ) ;
#4797 =( BOUNDED_SURFACE ( )  B_SPLINE_SURFACE ( 3, 2, ( 
 ( #7801, #1515, #5234 ),
 ( #6543, #261, #2819 ),
 ( #5310, #7720, #5973 ),
 ( #7846, #3561, #465 ) ),
 .UNSPECIFIED., .F., .F., .T. ) 
 B_SPLINE_SURFACE_WITH_KNOTS ( ( 4, 4 ),
 ( 3, 3 ),
 ( 0.000000000000000000, 0.0008988966546184897800 ),
 ( 0.000000000000000000, 1.000000000000000000 ),
 .UNSPECIFIED. ) 
 GEOMETRIC_REPRESENTATION_ITEM ( )  RATIONAL_B_SPLINE_SURFACE ( (
 ( 1.000000000000000000, 0.8473407112312671963, 1.000000000000000000),
 ( 1.000000000000000000, 0.8170975355951251018, 1.000000000000000000),
 ( 1.000000000000000000, 0.7643951478629139595, 1.000000000000000000),
 ( 1.000000000000000000, 0.7050291982076541952, 1.000000000000000000) ) ) 
 REPRESENTATION_ITEM ( '' )  SURFACE ( )  );
#4798 = CARTESIAN_POINT ( 'NONE',  ( 162.0770258158490833, -11.77571446189927507, 7.116440109422616622 ) ) ;
#4799 = CARTESIAN_POINT ( 'NONE',  ( 387.2454704894915380, -3.054560455387067552, 371.2300000000000182 ) ) ;
#4800 = CARTESIAN_POINT ( 'NONE',  ( 281.3978659737063595, -4.528603239904949618, 6.499999998183580985 ) ) ;
#4801 = CARTESIAN_POINT ( 'NONE',  ( 388.8885932064411577, -0.8482869639817594010, 371.0320397500807985 ) ) ;
#4802 = CARTESIAN_POINT ( 'NONE',  ( 332.4076030963475432, -3.463316686379454890, 337.8718709101008244 ) ) ;
#4803 = CARTESIAN_POINT ( 'NONE',  ( 279.9410525230436519, -4.811690097090952634, 6.579653573330850769 ) ) ;
#4804 = CARTESIAN_POINT ( 'NONE',  ( 280.0252554524847142, -4.494513879482786578, 21.21967324595700077 ) ) ;
#4805 = CARTESIAN_POINT ( 'NONE',  ( 131.4824949897170825, -5.443921303051379113, 127.9100000000000250 ) ) ;
#4806 = CARTESIAN_POINT ( 'NONE',  ( 281.6155197910556467, -4.513970326909254815, 6.499999998183557004 ) ) ;
#4807 = CARTESIAN_POINT ( 'NONE',  ( 29.25532210610457895, -7.652367425564392533, 6.000000000000000000 ) ) ;
#4808 = ORIENTED_EDGE ( 'NONE', *, *, #989, .T. ) ;
#4809 = CARTESIAN_POINT ( 'NONE',  ( 223.2315510371185781, -8.324081784757915159, 7.375129598963992450 ) ) ;
#4810 = CARTESIAN_POINT ( 'NONE',  ( 115.8954989197909384, -13.89157996068889389, 6.513031688913071271 ) ) ;
#4811 = VERTEX_POINT ( 'NONE', #7461 ) ;
#4812 = CARTESIAN_POINT ( 'NONE',  ( 399.8470400362520536, -0.2671961494971578643, 371.2300000000000182 ) ) ;
#4813 = CARTESIAN_POINT ( 'NONE',  ( 281.6779926031306900, -3.409212593199467900, 7.497496596147869674 ) ) ;
#4814 = CARTESIAN_POINT ( 'NONE',  ( 285.4969260153362143, -3.942509617165689484, 23.24999999818303920 ) ) ;
#4815 = CARTESIAN_POINT ( 'NONE',  ( 268.7657708209515022, -6.181511796208877030, 233.4866666666666504 ) ) ;
#4816 = CARTESIAN_POINT ( 'NONE',  ( 380.1345165433079387, -1.428511387376332653, 371.7299999999996771 ) ) ;
#4817 = CARTESIAN_POINT ( 'NONE',  ( 366.2454704894915949, -4.344293382648878321, 371.7300000000000182 ) ) ;
#4818 = CARTESIAN_POINT ( 'NONE',  ( 326.5437810837404982, -2.618901183926061194, 339.6834240117939316 ) ) ;
#4819 = CARTESIAN_POINT ( 'NONE',  ( 273.3965881733649326, -7.109510656826629749, 249.8200000000001637 ) ) ;
#4820 = AXIS2_PLACEMENT_3D ( 'NONE', #646, #7463, #4937 ) ;
#4821 = CARTESIAN_POINT ( 'NONE',  ( 364.7455494986667190, -2.501530834601220832, 371.2299999281618170 ) ) ;
#4822 = ORIENTED_EDGE ( 'NONE', *, *, #4527, .F. ) ;
#4823 = CARTESIAN_POINT ( 'NONE',  ( 163.8759738565269970, -13.72649416499977093, 5.999999998183607630 ) ) ;
#4824 = CARTESIAN_POINT ( 'NONE',  ( 251.1988659359952862, -6.912592863534539944, 6.699299175397745110 ) ) ;
#4825 = CARTESIAN_POINT ( 'NONE',  ( 118.4038363850365272, -13.54419060871220815, 6.686676067973482240 ) ) ;
#4826 = VECTOR ( 'NONE', #1858, 999.9999999999998863 ) ;
#4827 = CARTESIAN_POINT ( 'NONE',  ( 119.6626087957955775, -43.07938103743692437, 11.59999999818355931 ) ) ;
#4828 = EDGE_CURVE ( 'NONE', #4565, #6565, #6941, .T. ) ;
#4829 = AXIS2_PLACEMENT_3D ( 'NONE', #3660, #1776, #1127 ) ;
#4830 = CARTESIAN_POINT ( 'NONE',  ( 282.5278237957023180, -0.04999999999999999584, 7.661762903872704200 ) ) ;
#4831 = CARTESIAN_POINT ( 'NONE',  ( 399.8140936506704861, -0.06928431849189127523, 371.0466030239533097 ) ) ;
#4832 = CARTESIAN_POINT ( 'NONE',  ( 286.6079735493028693, -3.069043600520062309, 23.24999999818635743 ) ) ;
#4833 = DATE_AND_TIME ( #549, #1149 ) ;
#4834 = CARTESIAN_POINT ( 'NONE',  ( 273.9197806600435001, -5.668890097271113149, 6.498736918981678379 ) ) ;
#4835 = CARTESIAN_POINT ( 'NONE',  ( 333.6971561198894847, -4.659264862464730150, 339.9869931791191107 ) ) ;
#4836 = CARTESIAN_POINT ( 'NONE',  ( 148.1223181497306882, -13.13740291468749355, 6.573788533155437541 ) ) ;
#4837 = CARTESIAN_POINT ( 'NONE',  ( 140.4413487840649282, -12.98895493068749296, 23.00920765897473430 ) ) ;
#4838 = CARTESIAN_POINT ( 'NONE',  ( 403.7203308139094702, -1.881548828668146323, 371.7300000000001319 ) ) ;
#4839 = ORIENTED_EDGE ( 'NONE', *, *, #6982, .F. ) ;
#4840 = CARTESIAN_POINT ( 'NONE',  ( 366.3561115808938666, -1.465802773256714486, 283.8019014499068930 ) ) ;
#4841 = EDGE_CURVE ( 'NONE', #6288, #1771, #6556, .T. ) ;
#4842 = CARTESIAN_POINT ( 'NONE',  ( 162.0926484763677422, -12.08809026749633020, 6.697269752169906276 ) ) ;
#4843 = CARTESIAN_POINT ( 'NONE',  ( 284.2319550441764591, -2.211514441173466405, 23.24019099830582746 ) ) ;
#4844 = B_SPLINE_CURVE_WITH_KNOTS ( 'NONE', 3,
 ( #3205, #3248, #713, #3130, #6847, #797, #7491, #5618 ),
 .UNSPECIFIED., .F., .F.,
 ( 4, 2, 2, 4 ),
 ( 0.000000000000000000, 0.01476361819981916040, 0.02214542729972874061, 0.02952723639963832081 ),
 .UNSPECIFIED. ) ;
#4845 = CARTESIAN_POINT ( 'NONE',  ( 281.4805927738447053, -4.644425970880947219, 6.499999998183606742 ) ) ;
#4846 = CARTESIAN_POINT ( 'NONE',  ( 364.0958415971300042, -2.444049574861544283, 371.2092627805692473 ) ) ;
#4847 = CARTESIAN_POINT ( 'NONE',  ( 333.0289527194140646, -4.047999822190066155, 338.8910073089941761 ) ) ;
#4848 = CARTESIAN_POINT ( 'NONE',  ( 279.1615577656745586, -5.099210964261950529, 6.524901736703739630 ) ) ;
#4849 = CARTESIAN_POINT ( 'NONE',  ( 280.2903867696394968, -4.473114250963753591, 21.22115509158569324 ) ) ;
#4850 = CARTESIAN_POINT ( 'NONE',  ( 317.7426147970529087, -1.167682905127949811, 371.7300000000001319 ) ) ;
#4851 = CARTESIAN_POINT ( 'NONE',  ( 407.7967097957906617, -1.562127928975806546, 371.2300000000001887 ) ) ;
#4852 = CARTESIAN_POINT ( 'NONE',  ( 61.88605353936782905, -13.06812716530069096, 5.999999999999998224 ) ) ;
#4853 = ORIENTED_EDGE ( 'NONE', *, *, #4379, .F. ) ;
#4854 = CARTESIAN_POINT ( 'NONE',  ( 230.2494348760811818, -8.389280948179658637, 6.624109913298655172 ) ) ;
#4855 = CARTESIAN_POINT ( 'NONE',  ( 127.7760390470173490, -13.93385067902935859, 6.518804534001218620 ) ) ;
#4856 = EDGE_LOOP ( 'NONE', ( #2197, #7626 ) ) ;
#4857 = CARTESIAN_POINT ( 'NONE',  ( 399.9143835093962593, -0.2478516894981248331, 371.2300000000000182 ) ) ;
#4858 = CARTESIAN_POINT ( 'NONE',  ( 282.0770900861987798, -4.190565713130707692, 6.498537665191824964 ) ) ;
#4859 = CARTESIAN_POINT ( 'NONE',  ( 284.4953182717638356, -4.181905773772024659, 23.24999999817517349 ) ) ;
#4860 = FACE_OUTER_BOUND ( 'NONE', #1497, .T. ) ;
#4861 = CARTESIAN_POINT ( 'NONE',  ( 337.8189174842707416, -3.085566228021125568, 249.8200000000001637 ) ) ;
#4862 = FACE_OUTER_BOUND ( 'NONE', #5263, .T. ) ;
#4863 = CARTESIAN_POINT ( 'NONE',  ( 321.7948602644815992, -1.355323288596169462, 155.8721608229415665 ) ) ;
#4864 = CARTESIAN_POINT ( 'NONE',  ( 269.2295887308486613, -7.106613217645249669, 249.8199999999999363 ) ) ;
#4865 = DIRECTION ( 'NONE',  ( -0.02024247801890585036, 0.9997951000498324081, 0.000000000000000000 ) ) ;
#4866 = ORIENTED_EDGE ( 'NONE', *, *, #6828, .T. ) ;
#4867 = CARTESIAN_POINT ( 'NONE',  ( 124.4782204073315484, -12.65104305374644866, 21.57116858061815989 ) ) ;
#4868 = CARTESIAN_POINT ( 'NONE',  ( 114.9210624347779230, -13.41993186374131497, 6.683357893814243056 ) ) ;
#4869 = CARTESIAN_POINT ( 'NONE',  ( 283.0363554190493005, -2.255714213118342304, 23.24999999818360763 ) ) ;
#4870 = CARTESIAN_POINT ( 'NONE',  ( 159.8759739321952509, -12.81331996446211896, 6.500000020639289389 ) ) ;
#4871 = CARTESIAN_POINT ( 'NONE',  ( 260.3759738587787638, -8.018121333570812581, 6.166666616218434704 ) ) ;
#4872 = CARTESIAN_POINT ( 'NONE',  ( 287.6482034759440580, -0.2747566142687023483, 23.24999999818064822 ) ) ;
#4873 = COORDINATED_UNIVERSAL_TIME_OFFSET ( 1, 0, .AHEAD. ) ;
#4874 = CARTESIAN_POINT ( 'NONE',  ( 268.6660257734266111, -5.936918329903873470, 6.575236266245105377 ) ) ;
#4875 = CARTESIAN_POINT ( 'NONE',  ( 251.1658995342451703, -8.611967982565044366, 6.499999998183597860 ) ) ;
#4876 = CARTESIAN_POINT ( 'NONE',  ( 148.0891689292889168, -12.54060227815417150, 7.240415234737628047 ) ) ;
#4877 = EDGE_CURVE ( 'NONE', #420, #5543, #5668, .T. ) ;
#4878 = CARTESIAN_POINT ( 'NONE',  ( 352.6833539590081159, -3.570230838083878755, 371.5199189001867808 ) ) ;
#4879 = CARTESIAN_POINT ( 'NONE',  ( 361.6326559356976986, -3.476670355910488119, 249.8200000000000500 ) ) ;
#4880 = EDGE_LOOP ( 'NONE', ( #71, #6813, #4240, #4548 ) ) ;
#4881 = FACE_OUTER_BOUND ( 'NONE', #3058, .T. ) ;
#4882 = CARTESIAN_POINT ( 'NONE',  ( 165.6013958400991157, -12.15164273249653704, 6.573465376973079977 ) ) ;
#4883 = CARTESIAN_POINT ( 'NONE',  ( 284.7306627317003631, -2.935996705262847950, 22.95343521481742854 ) ) ;
#4884 = CARTESIAN_POINT ( 'NONE',  ( 163.5456035870543587, -13.71820015847619523, 6.390979719342247733 ) ) ;
#4885 = CARTESIAN_POINT ( 'NONE',  ( 332.2521437292441533, -3.440427939755768438, 337.6168867696390521 ) ) ;
#4886 = CARTESIAN_POINT ( 'NONE',  ( 280.5110822286330858, -4.108186206289163422, 7.057249962372349472 ) ) ;
#4887 = CARTESIAN_POINT ( 'NONE',  ( 282.2393936072717224, -4.333186004891679488, 21.22618670998858192 ) ) ;
#4888 = ADVANCED_FACE ( 'NONE', ( #7615 ), #6379, .F. ) ;
#4889 = DIRECTION ( 'NONE',  ( -0.02698474015505604104, 0.9996358455951668276, 0.000000000000000000 ) ) ;
#4890 = CARTESIAN_POINT ( 'NONE',  ( 237.9848477915736851, -7.229528177114272758, 249.8200000000000500 ) ) ;
#4891 = ORIENTED_EDGE ( 'NONE', *, *, #1635, .F. ) ;
#4892 = CARTESIAN_POINT ( 'NONE',  ( 219.7425719296713282, -8.611398428596578114, 7.120002507559973992 ) ) ;
#4893 = DIRECTION ( 'NONE',  ( 0.000000000000000000, 1.000000000000000000, 0.000000000000000000 ) ) ;
#4894 = FACE_OUTER_BOUND ( 'NONE', #5044, .T. ) ;
#4895 = DIRECTION ( 'NONE',  ( 0.8451250117708617449, 0.000000000000000000, -0.5345687182012253125 ) ) ;
#4896 = CARTESIAN_POINT ( 'NONE',  ( 282.1423375267090705, -4.318307163210008071, 6.500056017321844237 ) ) ;
#4897 = CARTESIAN_POINT ( 'NONE',  ( 283.9709965742810596, -4.240960139637689252, 23.24999999818394159 ) ) ;
#4898 = DIRECTION ( 'NONE',  ( 1.000000000000000000, -2.949029909160569536E-14, 0.000000000000000000 ) ) ;
#4899 = CARTESIAN_POINT ( 'NONE',  ( 346.7853672555070261, -2.915448548244970350, 371.7299999999999613 ) ) ;
#4900 = CARTESIAN_POINT ( 'NONE',  ( 285.3613594137632390, -0.05000000000001404710, 9.698677416082135849 ) ) ;
#4901 = CARTESIAN_POINT ( 'NONE',  ( 140.3937905292385722, -12.59408858523001484, 23.14790229443705627 ) ) ;
#4902 = CARTESIAN_POINT ( 'NONE',  ( 365.7454704895038731, -2.451262585523139137, 371.7300000000000182 ) ) ;
#4903 = ORIENTED_EDGE ( 'NONE', *, *, #6638, .T. ) ;
#4904 = CARTESIAN_POINT ( 'NONE',  ( 139.2029144462113095, -12.69112188577389411, 21.53683661159920248 ) ) ;
#4905 = CARTESIAN_POINT ( 'NONE',  ( 116.6747839556291240, -13.18168112198342889, 7.080393134882980277 ) ) ;
#4906 = CARTESIAN_POINT ( 'NONE',  ( 139.7672546984698840, -13.38179064095127835, 22.22515257043841785 ) ) ;
#4907 = CARTESIAN_POINT ( 'NONE',  ( 283.5864592493839496, -2.175969360019013088, 23.24999999818361118 ) ) ;
#4908 = CARTESIAN_POINT ( 'NONE',  ( 362.2454704894934139, -2.619310307942285920, 371.2299999999999613 ) ) ;
#4909 = CARTESIAN_POINT ( 'NONE',  ( 352.9377411301495613, -1.921053266135537285, 241.5841850492429046 ) ) ;
#4910 = CARTESIAN_POINT ( 'NONE',  ( 287.6628158498681387, 0.2199253219298310802, 23.24999999818358631 ) ) ;
#4911 = CARTESIAN_POINT ( 'NONE',  ( 274.7315721421765033, -4.841094162988776262, 7.003287833289364883 ) ) ;
#4912 = CARTESIAN_POINT ( 'NONE',  ( 137.6402093367294412, -11.20236777638616843, 22.00000000000004974 ) ) ;
#4913 = CARTESIAN_POINT ( 'NONE',  ( 148.1093054551422767, -12.90309599079426484, 6.697932172441505294 ) ) ;
#4914 = CARTESIAN_POINT ( 'NONE',  ( 140.5087497041240852, -12.85352305685132457, 23.11975851215159139 ) ) ;
#4915 = CARTESIAN_POINT ( 'NONE',  ( 397.5112246649346162, -2.342458097646094917, 371.7300000000000182 ) ) ;
#4916 = LINE ( 'NONE', #6872, #4549 ) ;
#4917 = CARTESIAN_POINT ( 'NONE',  ( 284.9354594532568399, -3.229979201489941332, 22.66909919614484537 ) ) ;
#4918 = CARTESIAN_POINT ( 'NONE',  ( 125.6213472117720613, -11.14123477039637677, 22.47445161550673731 ) ) ;
#4919 = CARTESIAN_POINT ( 'NONE',  ( 333.5989320595779191, -4.663822459354039829, 339.8258862734505783 ) ) ;
#4920 = CARTESIAN_POINT ( 'NONE',  ( 279.6006365682705450, -5.167417296714046593, 6.498690685513373921 ) ) ;
#4921 = LINE ( 'NONE', #6194, #383 ) ;
#4922 = CARTESIAN_POINT ( 'NONE',  ( 284.6816394065190821, -1.091990008899160092, 23.24999999818360763 ) ) ;
#4923 = CARTESIAN_POINT ( 'NONE',  ( 280.6319530265574826, -3.732204980898691016, 6.499999998184135208 ) ) ;
#4924 = CARTESIAN_POINT ( 'NONE',  ( 318.2383721576372295, -3.369565179194606852, 371.7299999999999045 ) ) ;
#4925 = ORIENTED_EDGE ( 'NONE', *, *, #7666, .F. ) ;
#4926 = CARTESIAN_POINT ( 'NONE',  ( 219.7501330967138244, -8.736304043233912964, 6.885394443076002347 ) ) ;
#4927 = EDGE_CURVE ( 'NONE', #120, #1873, #2865, .T. ) ;
#4928 = CARTESIAN_POINT ( 'NONE',  ( 117.3091444977378615, -13.97384422923062353, 5.999999999999996447 ) ) ;
#4929 = VERTEX_POINT ( 'NONE', #3294 ) ;
#4930 = CARTESIAN_POINT ( 'NONE',  ( 123.9107714491915004, -12.86975031677427062, 16.61188846497050520 ) ) ;
#4931 = CARTESIAN_POINT ( 'NONE',  ( 281.4931172880866939, -3.503643866792824024, 7.497430144248345307 ) ) ;
#4932 = CARTESIAN_POINT ( 'NONE',  ( 279.8653202026671352, -4.539458450794036537, 23.24999999818367158 ) ) ;
#4933 = CARTESIAN_POINT ( 'NONE',  ( 237.2306658574705125, -8.190734522721699662, 127.9100000000000250 ) ) ;
#4934 = CARTESIAN_POINT ( 'NONE',  ( 290.5229383018426574, -0.05000000000001456751, 24.49338800063808819 ) ) ;
#4935 = CARTESIAN_POINT ( 'NONE',  ( 326.3084619706091303, -2.330161291395919321, 339.3112331710348712 ) ) ;
#4936 = EDGE_CURVE ( 'NONE', #54, #1416, #1676, .T. ) ;
#4937 = DIRECTION ( 'NONE',  ( 0.8450484623313098131, 0.000000000000000000, -0.5346897196613089598 ) ) ;
#4938 = VECTOR ( 'NONE', #2285, 1000.000000000000000 ) ;
#4939 = EDGE_LOOP ( 'NONE', ( #3739, #772, #7787, #6014, #6439 ) ) ;
#4940 = CARTESIAN_POINT ( 'NONE',  ( 284.4616451706909288, -1.891297715126105228, 23.24999999818363250 ) ) ;
#4941 = CARTESIAN_POINT ( 'NONE',  ( 362.1434741964533828, -0.8258955261861757879, 249.8200000000000216 ) ) ;
#4942 = CARTESIAN_POINT ( 'NONE',  ( 154.0521260107612704, -11.49589507649150910, 45.72021732682967610 ) ) ;
#4943 = AXIS2_PLACEMENT_3D ( 'NONE', #2211, #6064, #2826 ) ;
#4944 = CARTESIAN_POINT ( 'NONE',  ( 283.3553003647045330, -2.215207713475603413, 23.24999999818360052 ) ) ;
#4945 = CARTESIAN_POINT ( 'NONE',  ( 143.9772201748214115, -11.38064002089277693, 22.03866593771395443 ) ) ;
#4946 = CARTESIAN_POINT ( 'NONE',  ( 123.9853940555375971, -13.53525672606662056, 19.30835813800293366 ) ) ;
#4947 = CARTESIAN_POINT ( 'NONE',  ( 285.5597854767077024, -4.123653115117352108, 23.24999999818321328 ) ) ;
#4948 = VECTOR ( 'NONE', #7635, 1000.000000000000000 ) ;
#4949 = CARTESIAN_POINT ( 'NONE',  ( 265.2150434393586238, -6.628874547531447448, 6.500048020919994229 ) ) ;
#4950 = CARTESIAN_POINT ( 'NONE',  ( 326.7189432358472914, -2.323489683366837699, 339.7299999999999613 ) ) ;
#4951 = CARTESIAN_POINT ( 'NONE',  ( 134.1442222452788826, -13.76758831004821992, 6.523357246136558096 ) ) ;
#4952 = CARTESIAN_POINT ( 'NONE',  ( 340.0847742811934609, -4.362879064421236741, 350.4639516075918664 ) ) ;
#4953 = CARTESIAN_POINT ( 'NONE',  ( 255.7874998181788442, -8.299259143814722961, 5.999999999999992895 ) ) ;
#4954 = AXIS2_PLACEMENT_3D ( 'NONE', #3700, #3663, #2393 ) ;
#4955 = FACE_OUTER_BOUND ( 'NONE', #1054, .T. ) ;
#4956 = CARTESIAN_POINT ( 'NONE',  ( 284.8314711209425809, -3.080910622280895961, 22.82769362068341223 ) ) ;
#4957 = DIRECTION ( 'NONE',  ( 0.000000000000000000, 0.000000000000000000, 1.000000000000000000 ) ) ;
#4958 = CARTESIAN_POINT ( 'NONE',  ( 389.7473867740608853, -2.884964336886249647, 371.7300000000000182 ) ) ;
#4959 = CARTESIAN_POINT ( 'NONE',  ( 280.2571666705416078, -4.480000834367352525, 6.718200831013588115 ) ) ;
#4960 = FACE_OUTER_BOUND ( 'NONE', #2633, .T. ) ;
#4961 = CARTESIAN_POINT ( 'NONE',  ( 160.3759738565269970, -13.87621618012029678, 6.499999998183606742 ) ) ;
#4962 = CARTESIAN_POINT ( 'NONE',  ( 128.7538209771587390, -12.19430980616238536, 23.40615610285339088 ) ) ;
#4963 = CARTESIAN_POINT ( 'NONE',  ( 35.29819810867291352, -9.094557410637401418, 5.999999999999996447 ) ) ;
#4964 = ORIENTED_EDGE ( 'NONE', *, *, #288, .T. ) ;
#4965 = CARTESIAN_POINT ( 'NONE',  ( 191.7880361170104777, -10.22548215111951464, 7.118245882094115018 ) ) ;
#4966 = CARTESIAN_POINT ( 'NONE',  ( 344.6240372879624942, -3.734955029308913765, 371.7300000000001319 ) ) ;
#4967 = ORIENTED_EDGE ( 'NONE', *, *, #1100, .F. ) ;
#4968 = CARTESIAN_POINT ( 'NONE',  ( 146.8849062023618046, -12.51665101217932730, 21.28251409516924397 ) ) ;
#4969 = CARTESIAN_POINT ( 'NONE',  ( 281.2208276135570486, -3.655125390624176074, 7.351011512535841952 ) ) ;
#4970 = CARTESIAN_POINT ( 'NONE',  ( 282.0228080658295653, -4.370430769989247288, 23.24999999817843133 ) ) ;
#4971 = CARTESIAN_POINT ( 'NONE',  ( 140.4643361008579063, -12.86379249371538869, 6.000000000000005329 ) ) ;
#4972 = CARTESIAN_POINT ( 'NONE',  ( 398.7743024921040274, -0.04999999999999583944, 367.9966666666666697 ) ) ;
#4973 = CARTESIAN_POINT ( 'NONE',  ( 281.8630044761943623, -4.260274399953811297, 6.499999998183716876 ) ) ;
#4974 = EDGE_CURVE ( 'NONE', #474, #6861, #1965, .T. ) ;
#4975 = CARTESIAN_POINT ( 'NONE',  ( 125.5951390220574382, -11.83933060277044902, 21.85440008301973336 ) ) ;
#4976 = EDGE_LOOP ( 'NONE', ( #1607, #5714, #2188, #2554 ) ) ;
#4977 = CARTESIAN_POINT ( 'NONE',  ( 283.7092072233029398, -2.151892466218383593, 23.24999999818359342 ) ) ;
#4978 = B_SPLINE_CURVE_WITH_KNOTS ( 'NONE', 3,
 ( #6264, #4415, #5604, #2768, #4376, #1271, #25 ),
 .UNSPECIFIED., .F., .F.,
 ( 4, 3, 4 ),
 ( 0.000000000000000000, 0.0004000000000000025670, 0.0005006311466746395274 ),
 .UNSPECIFIED. ) ;
#4979 = FACE_OUTER_BOUND ( 'NONE', #1915, .T. ) ;
#4980 = CARTESIAN_POINT ( 'NONE',  ( 285.2358537179421205, -3.695537486905816404, 20.82086102519534165 ) ) ;
#4981 = EDGE_CURVE ( 'NONE', #4155, #3531, #4165, .T. ) ;
#4982 = CARTESIAN_POINT ( 'NONE',  ( 280.0645765976064467, -4.156725204824943454, 7.581453058161095271 ) ) ;
#4983 = APPLICATION_CONTEXT ( 'configuration controlled 3d designs of mechanical parts and assemblies' ) ;
#4984 = CARTESIAN_POINT ( 'NONE',  ( 123.2982499544074528, -13.62616430268601242, 16.96174289381709244 ) ) ;
#4985 = CARTESIAN_POINT ( 'NONE',  ( 285.2166846615961049, -3.713807384540495971, 20.82097446595942358 ) ) ;
#4986 = CARTESIAN_POINT ( 'NONE',  ( 355.0674565046734301, -2.723601051541765461, 371.0815867848510266 ) ) ;
#4987 = CARTESIAN_POINT ( 'NONE',  ( 259.9671900027457241, -6.841152272074130458, 6.498756129842363727 ) ) ;
#4988 = CARTESIAN_POINT ( 'NONE',  ( 209.3482075104311377, -8.006625962963278553, 127.9099999999999966 ) ) ;
#4989 = CARTESIAN_POINT ( 'NONE',  ( 130.6378680682321942, -13.47865889192417299, 6.692439085858932657 ) ) ;
#4990 = CARTESIAN_POINT ( 'NONE',  ( 133.3612356268373560, -13.75545536907940125, 11.39642033317429437 ) ) ;
#4991 = CARTESIAN_POINT ( 'NONE',  ( 353.3961787015032883, -4.097145500139609986, 249.8200000000000216 ) ) ;
#4992 = CARTESIAN_POINT ( 'NONE',  ( 324.8041144747605813, -3.934688649691143514, 127.9099999999999966 ) ) ;
#4993 = DIRECTION ( 'NONE',  ( 0.000000000000000000, 0.000000000000000000, -1.000000000000000000 ) ) ;
#4994 = CARTESIAN_POINT ( 'NONE',  ( 352.7142368260253988, -3.662910397174127475, 371.2300000000001319 ) ) ;
#4995 = CARTESIAN_POINT ( 'NONE',  ( 387.5943209038324540, -3.031086502008403460, 371.7300000000000182 ) ) ;
#4996 = CARTESIAN_POINT ( 'NONE',  ( 277.4398507247443604, -5.392864675185752077, 6.498750162458393653 ) ) ;
#4997 = CARTESIAN_POINT ( 'NONE',  ( 124.0883861431375834, -43.07938103743692437, 17.59999999818356997 ) ) ;
#4998 = CARTESIAN_POINT ( 'NONE',  ( 409.8732690402670755, -1.400164890628177616, 371.2300000000000750 ) ) ;
#4999 = CARTESIAN_POINT ( 'NONE',  ( 132.7923039437560817, -7.863433788666164936, 127.9099999999999966 ) ) ;
#5000 = ORIENTED_EDGE ( 'NONE', *, *, #3687, .F. ) ;
#5001 = CARTESIAN_POINT ( 'NONE',  ( 276.0710273447244845, -7.065296289353565129, 249.8199999999998511 ) ) ;
#5002 = CARTESIAN_POINT ( 'NONE',  ( 191.8113516366395288, -10.64977491307883106, 6.623576905818408633 ) ) ;
#5003 = CARTESIAN_POINT ( 'NONE',  ( 140.6754751990937109, -12.47935045794042885, 23.39322133282338356 ) ) ;
#5004 = ORIENTED_EDGE ( 'NONE', *, *, #5983, .T. ) ;
#5005 = CARTESIAN_POINT ( 'NONE',  ( 312.2444403671240707, -3.542645451836830883, 286.1970442997449027 ) ) ;
#5006 = CARTESIAN_POINT ( 'NONE',  ( 281.3051027125348469, -4.276499277383876141, 6.586788143064994827 ) ) ;
#5007 = CARTESIAN_POINT ( 'NONE',  ( 280.4674934140012397, -4.487547687422374310, 23.24999999818634677 ) ) ;
#5008 = CARTESIAN_POINT ( 'NONE',  ( 185.8590029241869956, -9.454333888395003882, 127.9100000000000534 ) ) ;
#5009 = CARTESIAN_POINT ( 'NONE',  ( 143.2519394819727552, -12.62629327518875755, 20.22058085093521740 ) ) ;
#5010 = CARTESIAN_POINT ( 'NONE',  ( 339.5197108966487463, -2.141650599267185928, 206.7560798058957516 ) ) ;
#5011 = CARTESIAN_POINT ( 'NONE',  ( 274.4628524121895339, -5.023006719929201225, 21.20811818205434207 ) ) ;
#5012 = ORIENTED_EDGE ( 'NONE', *, *, #196, .F. ) ;
#5013 = B_SPLINE_CURVE_WITH_KNOTS ( 'NONE', 3,
 ( #2674, #2142, #1491, #193 ),
 .UNSPECIFIED., .F., .F.,
 ( 4, 4 ),
 ( 0.03002792568918974045, 0.03303173803656464513 ),
 .UNSPECIFIED. ) ;
#5014 = CARTESIAN_POINT ( 'NONE',  ( 284.7533992437071220, -1.744044582992741788, 23.24999999818363960 ) ) ;
#5015 = CARTESIAN_POINT ( 'NONE',  ( 387.2214775135859099, -1.160350120858401279, 371.7300000000000750 ) ) ;
#5016 = CARTESIAN_POINT ( 'NONE',  ( 140.3937905292384585, -12.59408858522833086, 23.14790229443522662 ) ) ;
#5017 = B_SPLINE_CURVE_WITH_KNOTS ( 'NONE', 3,
 ( #6278, #1940, #3168, #5782 ),
 .UNSPECIFIED., .F., .F.,
 ( 4, 4 ),
 ( 0.06257602200263361059, 0.06262949698459982506 ),
 .UNSPECIFIED. ) ;
#5018 = CARTESIAN_POINT ( 'NONE',  ( 274.9821521952278545, -2.961946888045400517, 23.24999999818361118 ) ) ;
#5019 = ORIENTED_EDGE ( 'NONE', *, *, #5033, .T. ) ;
#5020 = CARTESIAN_POINT ( 'NONE',  ( 170.8392363417874265, -11.77186789087656749, 6.623200044725376934 ) ) ;
#5021 = CARTESIAN_POINT ( 'NONE',  ( 204.7329638457084400, -9.353434107605858472, 128.4601850484422982 ) ) ;
#5022 = EDGE_CURVE ( 'NONE', #4047, #3743, #2252, .T. ) ;
#5023 = CARTESIAN_POINT ( 'NONE',  ( 286.6730428414534799, -1.078535003790591418, 20.64097103942413725 ) ) ;
#5024 = CARTESIAN_POINT ( 'NONE',  ( 160.2198961398727022, -13.88423395243158431, 6.377632457095608665 ) ) ;
#5025 = CARTESIAN_POINT ( 'NONE',  ( 266.9149435235513010, -5.966412730480535664, 6.625455226937777553 ) ) ;
#5026 = CARTESIAN_POINT ( 'NONE',  ( 262.7009497873978034, -5.272338540363318948, 233.8200000000000216 ) ) ;
#5027 = CARTESIAN_POINT ( 'NONE',  ( 130.6417968107884349, -13.71074579595012999, 6.571713729786098135 ) ) ;
#5028 = B_SPLINE_CURVE_WITH_KNOTS ( 'NONE', 3,
 ( #5108, #6332, #7550, #658 ),
 .UNSPECIFIED., .F., .F.,
 ( 4, 4 ),
 ( 0.03439209321633038968, 0.03717609202239910426 ),
 .UNSPECIFIED. ) ;
#5029 = CARTESIAN_POINT ( 'NONE',  ( 391.2454704203150868, -0.8851071112017899756, 371.2299999744381012 ) ) ;
#5030 = CARTESIAN_POINT ( 'NONE',  ( 347.4100533493734702, -3.103999495389853536, 340.1561370932930117 ) ) ;
#5031 = CARTESIAN_POINT ( 'NONE',  ( 324.8356379975453478, 3.902355180701897464, 127.9099999999999966 ) ) ;
#5032 = CARTESIAN_POINT ( 'NONE',  ( 366.2454704894915949, -4.319118456025197617, 371.2299999999999613 ) ) ;
#5033 = EDGE_CURVE ( 'NONE', #211, #714, #5569, .T. ) ;
#5034 = CARTESIAN_POINT ( 'NONE',  ( 343.2757197559985229, -1.796418771151893301, 336.1320445291345322 ) ) ;
#5035 = CARTESIAN_POINT ( 'NONE',  ( 263.3759738565270254, -7.825707291877538552, 6.499999998183644045 ) ) ;
#5036 = CARTESIAN_POINT ( 'NONE',  ( 276.9822039555023707, -5.168328210380409793, 6.574243404272533731 ) ) ;
#5037 = CARTESIAN_POINT ( 'NONE',  ( 273.6581388050951773, -4.717383217617204139, 23.24999999818360763 ) ) ;
#5038 = CARTESIAN_POINT ( 'NONE',  ( 365.9781482262141594, -4.332650538591972023, 371.7300000000000182 ) ) ;
#5039 = CARTESIAN_POINT ( 'NONE',  ( 328.4051848100516509, -4.610740965928310509, 371.7300000000001319 ) ) ;
#5040 = EDGE_LOOP ( 'NONE', ( #295, #971, #7644 ) ) ;
#5041 = CARTESIAN_POINT ( 'NONE',  ( 351.0662040089308107, -3.613588518994200971, 371.7299999999998477 ) ) ;
#5042 = CARTESIAN_POINT ( 'NONE',  ( 195.2804323221709240, -9.983077605979843838, 7.240479749281128363 ) ) ;
#5043 = DIRECTION ( 'NONE',  ( 5.867099493245607105E-14, 1.000000000000000000, -0.000000000000000000 ) ) ;
#5044 = EDGE_LOOP ( 'NONE', ( #1672, #5203, #3960 ) ) ;
#5045 = CARTESIAN_POINT ( 'NONE',  ( 161.9940624721405698, -10.56987626443506478, 48.64615830306795630 ) ) ;
#5046 = CARTESIAN_POINT ( 'NONE',  ( 281.0100757955327708, -4.041180733637334654, 6.839981932235171591 ) ) ;
#5047 = CARTESIAN_POINT ( 'NONE',  ( 279.1009815705616006, -4.608797871927222012, 23.24999999818997765 ) ) ;
#5048 = CARTESIAN_POINT ( 'NONE',  ( 217.9749219347785072, -9.200078236563275169, 127.9099999999999113 ) ) ;
#5049 = CARTESIAN_POINT ( 'NONE',  ( 281.4289801798881285, -5.744310271999315098, 6.499999998183604966 ) ) ;
#5050 = CARTESIAN_POINT ( 'NONE',  ( 339.3312981293528878, -2.292544195381702732, 206.8267400815837505 ) ) ;
#5051 = CARTESIAN_POINT ( 'NONE',  ( 274.4337932571780811, -5.025879615446229742, 21.20816426157140810 ) ) ;
#5052 = ORIENTED_EDGE ( 'NONE', *, *, #7715, .T. ) ;
#5053 = CARTESIAN_POINT ( 'NONE',  ( 283.4297946341751526, -2.204077990376994034, 23.24999999818360408 ) ) ;
#5054 = CARTESIAN_POINT ( 'NONE',  ( 387.3961418388878428, -1.148546907791171190, 371.2299999744381012 ) ) ;
#5055 = CARTESIAN_POINT ( 'NONE',  ( 140.5663348260152645, -12.69875000827885003, 23.21420951296563118 ) ) ;
#5056 = CARTESIAN_POINT ( 'NONE',  ( 269.8177485334898620, -5.194266462293681386, 7.521432506490825176 ) ) ;
#5057 = ORIENTED_EDGE ( 'NONE', *, *, #5670, .F. ) ;
#5058 = CARTESIAN_POINT ( 'NONE',  ( 273.5530918353933316, -3.789657945547099338, 23.12956816979713537 ) ) ;
#5059 = CARTESIAN_POINT ( 'NONE',  ( 123.1265343113404924, -13.60619889617599831, 17.27361313925109698 ) ) ;
#5060 = CARTESIAN_POINT ( 'NONE',  ( 286.0223620122034731, -2.699547368728206109, 20.72175436618875111 ) ) ;
#5061 = CARTESIAN_POINT ( 'NONE',  ( 346.0415801343237945, -3.088082365861138712, 371.2305436972157509 ) ) ;
#5062 = CARTESIAN_POINT ( 'NONE',  ( 268.6062583496901084, -5.320520663154435503, 7.520266585973044648 ) ) ;
#5063 = CARTESIAN_POINT ( 'NONE',  ( 190.7584490738209411, -9.156433398386836231, 128.2433333333333110 ) ) ;
#5064 = CARTESIAN_POINT ( 'NONE',  ( 142.8594039440477559, -12.77770398515998984, 7.495387190439163128 ) ) ;
#5065 = AXIS2_PLACEMENT_3D ( 'NONE', #6993, #2581, #2008 ) ;
#5066 = CARTESIAN_POINT ( 'NONE',  ( 364.1270342501838968, -2.345078574653624237, 371.0303036257917597 ) ) ;
#5067 = CC_DESIGN_DATE_AND_TIME_ASSIGNMENT ( #1156, #2293, ( #1009 ) ) ;
#5068 = CARTESIAN_POINT ( 'NONE',  ( 410.2222777344650808, -1.380356532257403401, 371.7300000000000182 ) ) ;
#5069 = EDGE_CURVE ( 'NONE', #1873, #7414, #1958, .T. ) ;
#5070 = CARTESIAN_POINT ( 'NONE',  ( 140.8684887717988659, -12.10732811631165262, 24.09625754682967269 ) ) ;
#5071 = AXIS2_PLACEMENT_3D ( 'NONE', #720, #6970, #5214 ) ;
#5072 = CARTESIAN_POINT ( 'NONE',  ( 127.8597907474721893, -12.95126657888022592, 15.20595748447414230 ) ) ;
#5073 = CARTESIAN_POINT ( 'NONE',  ( 280.8868357449938458, -3.813128721310258484, 7.495985372277243819 ) ) ;
#5074 = CARTESIAN_POINT ( 'NONE',  ( 332.4907998482982521, -3.678023756231200370, 338.5646034714849861 ) ) ;
#5075 = CARTESIAN_POINT ( 'NONE',  ( 277.4307715725922776, -5.260358499498612339, 6.524174966753781391 ) ) ;
#5076 = CARTESIAN_POINT ( 'NONE',  ( 273.4364050422560126, -2.600358171106986305, 22.63918274582615808 ) ) ;
#5077 = B_SPLINE_CURVE_WITH_KNOTS ( 'NONE', 3,
 ( #1833, #2446, #5552, #6247, #6170, #3138, #6781, #8038 ),
 .UNSPECIFIED., .F., .F.,
 ( 4, 2, 2, 4 ),
 ( 1.871866306197024695E-15, 0.0005562199082032008449, 0.0008343298623038653298, 0.001112439816404529706 ),
 .UNSPECIFIED. ) ;
#5078 = DIRECTION ( 'NONE',  ( 0.000000000000000000, 1.000000000000000000, 0.000000000000000000 ) ) ;
#5079 = VECTOR ( 'NONE', #6158, 1000.000000000000114 ) ;
#5080 = CARTESIAN_POINT ( 'NONE',  ( 267.3819263386477587, -8.440153023392966247, 249.8200000000000216 ) ) ;
#5081 = EDGE_CURVE ( 'NONE', #2398, #913, #2037, .T. ) ;
#5082 = ORIENTED_EDGE ( 'NONE', *, *, #2220, .T. ) ;
#5083 = CARTESIAN_POINT ( 'NONE',  ( 163.5426370386342683, -12.62749422569053159, 6.500000089754634836 ) ) ;
#5084 = CARTESIAN_POINT ( 'NONE',  ( 198.7734814368174625, -9.761495421721702925, 7.505179307800897703 ) ) ;
#5085 = DIRECTION ( 'NONE',  ( -0.000000000000000000, 1.000000000000000000, -0.000000000000000000 ) ) ;
#5086 = CARTESIAN_POINT ( 'NONE',  ( 397.9115554364000218, -0.3613757478295327452, 371.2305246374446597 ) ) ;
#5087 = CARTESIAN_POINT ( 'NONE',  ( 332.4381658681200520, -3.539915431438696025, 338.4583223889338797 ) ) ;
#5088 = CARTESIAN_POINT ( 'NONE',  ( 280.9475765556007900, -3.804724717523928046, 7.639257535427151247 ) ) ;
#5089 = CARTESIAN_POINT ( 'NONE',  ( 282.2275865252655080, -4.358039070435033580, 23.24999999818356855 ) ) ;
#5090 = CARTESIAN_POINT ( 'NONE',  ( 78.60946367499597898, -11.75713421279319348, 6.000000000000006217 ) ) ;
#5091 = CARTESIAN_POINT ( 'NONE',  ( 289.9212470101933263, -4.938473119506861408, 281.7596473742746639 ) ) ;
#5092 = B_SPLINE_CURVE_WITH_KNOTS ( 'NONE', 3,
 ( #3104, #2565, #1151, #1801 ),
 .UNSPECIFIED., .F., .F.,
 ( 4, 4 ),
 ( 0.000000000000000000, 0.001523572732981038225 ),
 .UNSPECIFIED. ) ;
#5093 = CARTESIAN_POINT ( 'NONE',  ( 345.2350661603098843, -1.704946757724749240, 339.5596063344203799 ) ) ;
#5094 = ORIENTED_EDGE ( 'NONE', *, *, #4180, .F. ) ;
#5095 = CARTESIAN_POINT ( 'NONE',  ( 160.3759738565269686, -12.78718966177712346, 5.999999998183607630 ) ) ;
#5096 = CARTESIAN_POINT ( 'NONE',  ( 283.0865866154114201, -4.261556328394599191, 21.20543585124334030 ) ) ;
#5097 = EDGE_LOOP ( 'NONE', ( #6068, #6410, #5164, #6935 ) ) ;
#5098 = FACE_OUTER_BOUND ( 'NONE', #3486, .T. ) ;
#5099 = CARTESIAN_POINT ( 'NONE',  ( 284.9985826107055118, -1.620296435829185144, 23.24999999818359697 ) ) ;
#5100 = CARTESIAN_POINT ( 'NONE',  ( 388.7455231592476252, -1.057360369237186681, 371.2299999744381012 ) ) ;
#5101 = CARTESIAN_POINT ( 'NONE',  ( 345.2350675899082830, -1.704977487556001980, 339.2299533402286329 ) ) ;
#5102 =( BOUNDED_SURFACE ( )  B_SPLINE_SURFACE ( 3, 2, ( 
 ( #2371, #4867, #1673 ),
 ( #3641, #2450, #1757 ),
 ( #3029, #5518, #1717 ),
 ( #4211, #6705, #8005 ),
 ( #1110, #4168, #3558 ),
 ( #2946, #6666, #2411 ),
 ( #6746, #4904, #7392 ),
 ( #1633, #4127, #6788 ) ),
 .UNSPECIFIED., .F., .F., .T. ) 
 B_SPLINE_SURFACE_WITH_KNOTS ( ( 4, 2, 2, 4 ),
 ( 3, 3 ),
 ( 0.005891822955804489927, 0.01027924868353284095, 0.01466667441126119110, 0.02344152586671789315 ),
 ( 0.000000000000000000, 1.000000000000000000 ),
 .UNSPECIFIED. ) 
 GEOMETRIC_REPRESENTATION_ITEM ( )  RATIONAL_B_SPLINE_SURFACE ( (
 ( 1.000000000000000000, 0.8357592586010192948, 1.000000000000000000),
 ( 1.000000000000000000, 0.8353980936948207647, 1.000000000000000000),
 ( 1.000000000000000000, 0.8355156215696223354, 1.000000000000000000),
 ( 1.000000000000000000, 0.8355869725957286720, 1.000000000000000000),
 ( 1.000000000000000000, 0.8358816656387544342, 1.000000000000000000),
 ( 1.000000000000000000, 0.8362530714791482911, 1.000000000000000000),
 ( 1.000000000000000000, 0.8358985199832088542, 1.000000000000000000),
 ( 1.000000000000000000, 0.8359849443282858505, 1.000000000000000000) ) ) 
 REPRESENTATION_ITEM ( '' )  SURFACE ( )  );
#5103 = CARTESIAN_POINT ( 'NONE',  ( 280.8651406719150714, -3.846538914183058377, 7.637406830233706145 ) ) ;
#5104 = ORIENTED_EDGE ( 'NONE', *, *, #3587, .T. ) ;
#5105 = CARTESIAN_POINT ( 'NONE',  ( 410.1304432019895216, -1.379515833107991085, 371.2300000000000182 ) ) ;
#5106 = CARTESIAN_POINT ( 'NONE',  ( 387.6909992771920201, -1.128621458431381175, 371.4682526806029728 ) ) ;
#5107 = CARTESIAN_POINT ( 'NONE',  ( 285.9758999740682270, -2.774877189140469991, 20.72749380473269909 ) ) ;
#5108 = CARTESIAN_POINT ( 'NONE',  ( 365.5261076712722570, -2.462260459538375024, 371.2300000000000182 ) ) ;
#5109 = CARTESIAN_POINT ( 'NONE',  ( 266.9478338543395353, -6.344583078002075105, 6.498740796091930783 ) ) ;
#5110 = CARTESIAN_POINT ( 'NONE',  ( 167.5509034964973409, -13.52345643645437612, 6.499999998183604077 ) ) ;
#5111 = CARTESIAN_POINT ( 'NONE',  ( 132.3797641158575686, -13.05323937231930209, 7.483380665570372514 ) ) ;
#5112 = LINE ( 'NONE', #937, #5724 ) ;
#5113 = CARTESIAN_POINT ( 'NONE',  ( 409.7818614907533288, -1.414700069976926322, 371.7300000000000182 ) ) ;
#5114 = DIRECTION ( 'NONE',  ( -1.000000000000000000, 5.898059818321139072E-14, 0.000000000000000000 ) ) ;
#5115 = CARTESIAN_POINT ( 'NONE',  ( 399.0676644747574073, -0.04999999999998860911, 368.8049999999184934 ) ) ;
#5116 = CARTESIAN_POINT ( 'NONE',  ( 343.9882098757487370, -1.763167382822509399, 337.2585568247666856 ) ) ;
#5117 = CARTESIAN_POINT ( 'NONE',  ( 263.8759738565270254, -6.743536446300549159, 6.499999998183606742 ) ) ;
#5118 = B_SPLINE_CURVE_WITH_KNOTS ( 'NONE', 3,
 ( #4213, #503, #2988, #1759, #6747, #1150, #3067, #1188, #3103, #4444, #4294 ),
 .UNSPECIFIED., .F., .F.,
 ( 4, 1, 1, 1, 1, 1, 1, 1, 4 ),
 ( 0.01690158883026878986, 0.01998633346442319283, 0.02333615546678510788, 0.02668597746914704028, 0.03003579947150896920, 0.03338562147387090506, 0.03506053247505187126, 0.03673544347623282358, 0.03793811771422088419 ),
 .UNSPECIFIED. ) ;
#5119 = CARTESIAN_POINT ( 'NONE',  ( 279.0589588519836752, -4.361414385817011130, 7.399608376276197497 ) ) ;
#5120 = EDGE_CURVE ( 'NONE', #7540, #765, #770, .T. ) ;
#5121 = CARTESIAN_POINT ( 'NONE',  ( 389.7257487198373269, -0.05000000000000998784, 343.0641666664017180 ) ) ;
#5122 = CARTESIAN_POINT ( 'NONE',  ( 138.4551582878875706, -12.15995290927706485, 23.41791902839540640 ) ) ;
#5123 = CARTESIAN_POINT ( 'NONE',  ( 201.6205924244944754, -11.81803698878228204, 127.9100000000000819 ) ) ;
#5124 = ORIENTED_EDGE ( 'NONE', *, *, #2986, .T. ) ;
#5125 = CARTESIAN_POINT ( 'NONE',  ( 142.9014434420449788, -11.09544483496373957, 22.49189674365259961 ) ) ;
#5126 = B_SPLINE_CURVE_WITH_KNOTS ( 'NONE', 3,
 ( #5821, #873, #5326, #6557 ),
 .UNSPECIFIED., .F., .F.,
 ( 4, 4 ),
 ( 0.000000000000000000, 1.000000000000000000 ),
 .UNSPECIFIED. ) ;
#5127 = CARTESIAN_POINT ( 'NONE',  ( 198.7734430375867305, -9.760812085777878622, 7.373037214904254455 ) ) ;
#5128 = CARTESIAN_POINT ( 'NONE',  ( 260.3759701127274866, -6.936561184209719677, 6.499999998183606742 ) ) ;
#5129 = CARTESIAN_POINT ( 'NONE',  ( 287.6581388050952341, -0.05000000000000552614, 23.24999999818360763 ) ) ;
#5130 = CARTESIAN_POINT ( 'NONE',  ( 280.4708405701364313, -6.224703277686567837, 232.4204595728483298 ) ) ;
#5131 = CARTESIAN_POINT ( 'NONE',  ( 280.8928854427961710, -3.868793013984218376, 7.213490827025618835 ) ) ;
#5132 = EDGE_CURVE ( 'NONE', #54, #530, #7951, .T. ) ;
#5133 = CARTESIAN_POINT ( 'NONE',  ( 285.2845792399500624, -3.694868291720297737, 20.97432853990024881 ) ) ;
#5134 = CARTESIAN_POINT ( 'NONE',  ( 320.4782313709510504, -1.602437185867318536, 371.7300000000001319 ) ) ;
#5135 = DIRECTION ( 'NONE',  ( 0.000000000000000000, 1.000000000000000000, 0.000000000000000000 ) ) ;
#5136 = CARTESIAN_POINT ( 'NONE',  ( 387.2454787295369556, -1.158728201412323244, 371.2299999877693040 ) ) ;
#5137 = EDGE_LOOP ( 'NONE', ( #4669, #2958, #6482, #5294 ) ) ;
#5138 = CARTESIAN_POINT ( 'NONE',  ( 332.2711147158982499, -4.493991187686260602, 340.0910743495668385 ) ) ;
#5139 = VERTEX_POINT ( 'NONE', #5760 ) ;
#5140 = CARTESIAN_POINT ( 'NONE',  ( 400.0741727798912848, -0.09987587863049444958, 371.2111799504579608 ) ) ;
#5141 = CARTESIAN_POINT ( 'NONE',  ( 276.7584690609226072, -2.785382822773645906, 23.24999999818359697 ) ) ;
#5142 = CARTESIAN_POINT ( 'NONE',  ( 360.7505989180052666, -1.279673796357979176, 249.8200000000000216 ) ) ;
#5143 = CARTESIAN_POINT ( 'NONE',  ( 286.0969880939474024, -2.571312369555363464, 20.71258962863583974 ) ) ;
#5144 = CARTESIAN_POINT ( 'NONE',  ( 243.2897731888677981, -7.059583004720500377, 7.509059098755114903 ) ) ;
#5145 = VERTEX_POINT ( 'NONE', #6942 ) ;
#5146 = CARTESIAN_POINT ( 'NONE',  ( 366.2454704894916517, -2.425956740458874883, 371.2300000000003024 ) ) ;
#5147 = ORIENTED_EDGE ( 'NONE', *, *, #7667, .F. ) ;
#5148 = CARTESIAN_POINT ( 'NONE',  ( 282.0774223167358628, -3.734835984161877231, 6.645286247383261902 ) ) ;
#5149 = CARTESIAN_POINT ( 'NONE',  ( 160.0333862347403624, -13.89381503768476023, 6.474574906041176803 ) ) ;
#5150 = CARTESIAN_POINT ( 'NONE',  ( 252.9276638722538451, -6.531557713939910137, 6.999328438785626716 ) ) ;
#5151 = CARTESIAN_POINT ( 'NONE',  ( 391.1784647622679358, -2.786058452072405878, 371.2345101085589931 ) ) ;
#5152 = CARTESIAN_POINT ( 'NONE',  ( 128.8826092549648479, -13.11497956770874218, 7.350748486992245034 ) ) ;
#5153 =( BOUNDED_SURFACE ( )  B_SPLINE_SURFACE ( 3, 2, ( 
 ( #3497, #6522, #7296 ),
 ( #1701, #4682, #1536 ),
 ( #3416, #7782, #4193 ),
 ( #2928, #2758, #4723 ),
 ( #443, #7213, #6605 ),
 ( #7173, #2888, #2309 ),
 ( #403, #7866, #5373 ),
 ( #4111, #5955, #359 ),
 ( #2267, #2843, #319 ),
 ( #4764, #6039, #1006 ),
 ( #4071, #1617, #7254 ),
 ( #924, #4030, #1657 ),
 ( #2186, #6563, #3457 ),
 ( #4149, #5333, #1052 ),
 ( #7740, #5417, #7907 ),
 ( #7827, #2227, #880 ),
 ( #4806, #3373, #5869 ),
 ( #280, #5252, #2146 ),
 ( #4642, #1171, #3013 ),
 ( #7337, #7486, #2968 ),
 ( #4314, #4923, #2394 ),
 ( #6196, #7949, #524 ) ),
 .UNSPECIFIED., .F., .F., .T. ) 
 B_SPLINE_SURFACE_WITH_KNOTS ( ( 4, 2, 2, 2, 2, 2, 2, 2, 2, 2, 4 ),
 ( 3, 3 ),
 ( 0.01038950445394359358, 0.01170804490173255399, 0.01236731512562703333, 0.01302658534952151267, 0.01434512579731047309, 0.01500439602120495416, 0.01533403113315219383, 0.01541643991113900505, 0.01545764430013240980, 0.01549884868912581454, 0.01566366624509943350 ),
 ( 0.000000000000000000, 1.000000000000000000 ),
 .UNSPECIFIED. ) 
 GEOMETRIC_REPRESENTATION_ITEM ( )  RATIONAL_B_SPLINE_SURFACE ( (
 ( 1.000000000000000000, 0.5862371441955427365, 1.000000000000000000),
 ( 1.000000000000000000, 0.5864322981309312288, 1.000000000000000000),
 ( 1.000000000000000000, 0.5874781916763887057, 1.000000000000000000),
 ( 1.000000000000000000, 0.5903935800067005024, 1.000000000000000000),
 ( 1.000000000000000000, 0.5915950357019360561, 1.000000000000000000),
 ( 1.000000000000000000, 0.5944568659193559812, 1.000000000000000000),
 ( 1.000000000000000000, 0.5961188093501221807, 1.000000000000000000),
 ( 1.000000000000000000, 0.6015837708486310165, 1.000000000000000000),
 ( 1.000000000000000000, 0.6058675309929330011, 1.000000000000000000),
 ( 1.000000000000000000, 0.6137128399193649830, 1.000000000000000000),
 ( 1.000000000000000000, 0.6165589372770839960, 1.000000000000000000),
 ( 1.000000000000000000, 0.6209864475689044205, 1.000000000000000000),
 ( 1.000000000000000000, 0.6224898679293707771, 1.000000000000000000),
 ( 1.000000000000000000, 0.6243904592844731205, 1.000000000000000000),
 ( 1.000000000000000000, 0.6247716418094700908, 1.000000000000000000),
 ( 1.000000000000000000, 0.6253447620305466748, 1.000000000000000000),
 ( 1.000000000000000000, 0.6255360265264996444, 1.000000000000000000),
 ( 1.000000000000000000, 0.6259189626889504199, 1.000000000000000000),
 ( 1.000000000000000000, 0.6259792949285063468, 1.000000000000000000),
 ( 1.000000000000000000, 0.6259939719301161887, 1.000000000000000000),
 ( 1.000000000000000000, 0.6260057135504503156, 1.000000000000000000),
 ( 1.000000000000000000, 0.6260174551872551563, 1.000000000000000000) ) ) 
 REPRESENTATION_ITEM ( '' )  SURFACE ( )  );
#5154 = CARTESIAN_POINT ( 'NONE',  ( 347.5816326672212995, -3.094898242349516160, 339.5630497287426124 ) ) ;
#5155 = CARTESIAN_POINT ( 'NONE',  ( 366.2454704894916517, -2.425956740458874883, 371.2300000000003024 ) ) ;
#5156 = LINE ( 'NONE', #5115, #5850 ) ;
#5157 = CARTESIAN_POINT ( 'NONE',  ( 284.3123063728562556, -1.787812826276769851, 23.24999999818300722 ) ) ;
#5158 = DATE_AND_TIME ( #1396, #231 ) ;
#5159 = CARTESIAN_POINT ( 'NONE',  ( 279.0621419920801713, -4.384131121329305714, 7.264234450359128736 ) ) ;
#5160 = CARTESIAN_POINT ( 'NONE',  ( 364.3402592989570508, -0.05000000000000900946, 273.1166666656071698 ) ) ;
#5161 = CARTESIAN_POINT ( 'NONE',  ( 153.3462619303206793, -12.58291263413257433, 6.699060579977134111 ) ) ;
#5162 = FACE_OUTER_BOUND ( 'NONE', #4316, .T. ) ;
#5163 = CARTESIAN_POINT ( 'NONE',  ( 168.2497378542413742, -11.01838873008226827, 127.9099999999999966 ) ) ;
#5164 = ORIENTED_EDGE ( 'NONE', *, *, #3679, .T. ) ;
#5165 = CARTESIAN_POINT ( 'NONE',  ( 263.3759738565270254, -7.825707291907048280, 6.499999998183644045 ) ) ;
#5166 = CARTESIAN_POINT ( 'NONE',  ( 177.8188432274829154, -11.20178810623540500, 6.790732028202524972 ) ) ;
#5167 = CARTESIAN_POINT ( 'NONE',  ( 183.8843057544217459, -11.58268686906150435, 6.499999998183614736 ) ) ;
#5168 = CARTESIAN_POINT ( 'NONE',  ( 397.9012262963978515, -0.2125786343116143340, 371.0843061182784481 ) ) ;
#5169 = CARTESIAN_POINT ( 'NONE',  ( 260.0266375484741275, -6.958201446458740058, 5.999999998183606742 ) ) ;
#5170 = CARTESIAN_POINT ( 'NONE',  ( 281.0309290205792649, -3.739722092758554606, 7.497264008791279188 ) ) ;
#5171 = CARTESIAN_POINT ( 'NONE',  ( 283.9240171585368557, -4.145107488582738142, 21.15454081274193499 ) ) ;
#5172 = CARTESIAN_POINT ( 'NONE',  ( 259.6314428503563931, -6.115560639406991683, 249.8200000000001637 ) ) ;
#5173 = CARTESIAN_POINT ( 'NONE',  ( 393.7516389321125985, -0.04999999999999504147, 320.3886034359185828 ) ) ;
#5174 = CARTESIAN_POINT ( 'NONE',  ( 387.2454704894922202, -1.158658652084596286, 371.2300000000000182 ) ) ;
#5175 = VERTEX_POINT ( 'NONE', #6902 ) ;
#5176 = EDGE_CURVE ( 'NONE', #750, #1445, #6409, .T. ) ;
#5177 = CARTESIAN_POINT ( 'NONE',  ( 276.8986449469870195, -4.780684933007290915, 21.20812340606141433 ) ) ;
#5178 = ORIENTED_EDGE ( 'NONE', *, *, #7029, .F. ) ;
#5179 = CARTESIAN_POINT ( 'NONE',  ( 400.3344412855929590, -0.03059377822698538044, 371.2128159417781035 ) ) ;
#5180 = CARTESIAN_POINT ( 'NONE',  ( 275.5931792598894390, -2.900909797472529306, 23.24999999818356500 ) ) ;
#5181 = CARTESIAN_POINT ( 'NONE',  ( 398.8706556183570910, -0.1474711554000481817, 371.7299999999999045 ) ) ;
#5182 = CARTESIAN_POINT ( 'NONE',  ( 286.2500747378923052, -2.287124930487274721, 20.69384887202589596 ) ) ;
#5183 = CARTESIAN_POINT ( 'NONE',  ( 346.8044945843891469, -3.133562016496631575, 340.9730824081466380 ) ) ;
#5184 = ORIENTED_EDGE ( 'NONE', *, *, #3044, .T. ) ;
#5185 = EDGE_CURVE ( 'NONE', #5375, #5969, #3274, .T. ) ;
#5186 = CARTESIAN_POINT ( 'NONE',  ( 273.6128732059448794, -3.602240657138529922, 23.18614622784055257 ) ) ;
#5187 = VERTEX_POINT ( 'NONE', #5146 ) ;
#5188 = PLANE ( 'NONE',  #7043 ) ;
#5189 = CARTESIAN_POINT ( 'NONE',  ( 295.9259327455819744, -2.406488506294520935, 84.59428957108180214 ) ) ;
#5190 = B_SPLINE_CURVE_WITH_KNOTS ( 'NONE', 3,
 ( #6939, #5103, #7587, #3183, #87, #5758, #4487, #4982, #1956, #1305, #2493, #7625, #7506, #6980, #1914, #653, #7020, #5056, #7470, #3303, #4404, #4446, #6365, #1422, #771, #3265, #1342, #2651, #5144, #3833, #6327, #1878, #4368, #3755, #728, #3795, #3145, #5633, #6900, #53, #6292, #690, #4613, #5303, #5225, #2196, #5839, #7106, #7144, #2811, #249, #6618 ),
 .UNSPECIFIED., .F., .F.,
 ( 4, 2, 1, 1, 2, 2, 2, 2, 2, 2, 2, 2, 2, 2, 2, 2, 2, 2, 2, 2, 2, 2, 2, 2, 2, 2, 4 ),
 ( -5.999999991291035664E-08, 8.038568521842790718E-05, 0.0001608313704367687219, 0.0003217227408733058813, 0.0006435054817465273806, 0.001287070963492971355, 0.002574201926985859520, 0.003861332890478747903, 0.005148463853971636285, 0.01029698770794335722, 0.01287124963492921638, 0.01544551156191507728, 0.02059403541588679734, 0.02574255926985851914, 0.03089108312383024441, 0.04118813083177368106, 0.08237632166354777463, 0.09267336937149131537, 0.1029704170794348700, 0.1132674647873784107, 0.1235645124953219515, 0.1338615602032655061, 0.1441586079112090468, 0.1493071317651807617, 0.1544556556191525043, 0.1596041794731242192, 0.1647527033270959340 ),
 .UNSPECIFIED. ) ;
#5191 = CARTESIAN_POINT ( 'NONE',  ( 256.4487079182147795, -6.677369332933877466, 6.624149257729443185 ) ) ;
#5192 = CARTESIAN_POINT ( 'NONE',  ( 332.6404806339894549, -3.728613733220079052, 338.2538361777776004 ) ) ;
#5193 = CARTESIAN_POINT ( 'NONE',  ( 130.6334336728590415, -13.21670100625111921, 6.983250906395910285 ) ) ;
#5194 = CARTESIAN_POINT ( 'NONE',  ( 366.8841060779001282, -2.953185924283437735, 249.8200000000000216 ) ) ;
#5195 = DIRECTION ( 'NONE',  ( 5.867099493245607105E-14, 1.000000000000000000, 0.000000000000000000 ) ) ;
#5196 = CARTESIAN_POINT ( 'NONE',  ( 282.2014438754584376, -1.949384498849107583, 7.790464123272467845 ) ) ;
#5197 = CARTESIAN_POINT ( 'NONE',  ( 284.8698888610320523, -0.3347920340778087200, 23.24999999818357210 ) ) ;
#5198 = CARTESIAN_POINT ( 'NONE',  ( 275.6148425860987459, -4.767567478673037762, 7.001922414452029564 ) ) ;
#5199 = CARTESIAN_POINT ( 'NONE',  ( 396.9897041481212909, -0.08211263150559779123, 363.0461083742812320 ) ) ;
#5200 = CARTESIAN_POINT ( 'NONE',  ( 156.8224121566556448, -12.00722235889340261, 7.242071500188385968 ) ) ;
#5201 = CARTESIAN_POINT ( 'NONE',  ( 321.6139752804731415, -1.381806696979964721, 127.9100000000000819 ) ) ;
#5202 = CARTESIAN_POINT ( 'NONE',  ( 191.4544410889113806, -11.83264972948774130, 127.9099999999999966 ) ) ;
#5203 = ORIENTED_EDGE ( 'NONE', *, *, #1678, .T. ) ;
#5204 = AXIS2_PLACEMENT_3D ( 'NONE', #2241, #4571, #329 ) ;
#5205 = CARTESIAN_POINT ( 'NONE',  ( 261.9809051937028244, -7.920547886153565642, 6.499999998183644045 ) ) ;
#5206 = CARTESIAN_POINT ( 'NONE',  ( 174.3084032711257976, -11.09220076941846678, 7.371111036246872139 ) ) ;
#5207 = CARTESIAN_POINT ( 'NONE',  ( 284.8934896352407691, -0.05000000000000244527, 23.24999999818360763 ) ) ;
#5208 = CARTESIAN_POINT ( 'NONE',  ( 395.6585010870514338, -0.5241368348957237133, 371.2305235614354046 ) ) ;
#5209 = FACE_OUTER_BOUND ( 'NONE', #6237, .T. ) ;
#5210 = CARTESIAN_POINT ( 'NONE',  ( 280.8201196961593951, -3.859952313253387501, 7.346731055540314692 ) ) ;
#5211 = CARTESIAN_POINT ( 'NONE',  ( 285.5808648138967101, -3.545290732500393283, 20.97408929627405527 ) ) ;
#5212 = AXIS2_PLACEMENT_3D ( 'NONE', #1184, #1836, #7965 ) ;
#5213 = CARTESIAN_POINT ( 'NONE',  ( 331.4956061397170970, -2.724674474486997955, 371.7300000000004161 ) ) ;
#5214 = DIRECTION ( 'NONE',  ( 0.000000000000000000, 0.000000000000000000, 1.000000000000000000 ) ) ;
#5215 = EDGE_LOOP ( 'NONE', ( #868, #2119 ) ) ;
#5216 = CARTESIAN_POINT ( 'NONE',  ( 237.2099102564886266, -7.525762028560357919, 7.120801949041464241 ) ) ;
#5217 = DIRECTION ( 'NONE',  ( 1.000000000000000000, -0.000000000000000000, 1.616521140035806642E-18 ) ) ;
#5218 = ORIENTED_EDGE ( 'NONE', *, *, #7608, .F. ) ;
#5219 = CARTESIAN_POINT ( 'NONE',  ( 400.4109140213164437, -0.1069214207774652758, 371.2300000000000182 ) ) ;
#5220 = CARTESIAN_POINT ( 'NONE',  ( 280.3103488631455207, -2.465605100040289432, 23.24999999818363250 ) ) ;
#5221 = ADVANCED_FACE ( 'NONE', ( #132 ), #260, .T. ) ;
#5222 = CARTESIAN_POINT ( 'NONE',  ( 315.8039845419203289, -3.200904033361296364, 127.9099999999999682 ) ) ;
#5223 = CARTESIAN_POINT ( 'NONE',  ( 285.6575357887642781, -3.225384713014256555, 20.76785720051627848 ) ) ;
#5224 = B_SPLINE_SURFACE_WITH_KNOTS ( 'NONE', 3, 1, ( 
 ( #467, #426 ),
 ( #7889, #2291 ),
 ( #4094, #7848 ),
 ( #508, #4705 ),
 ( #2822, #7359 ),
 ( #2951, #2993 ),
 ( #3478, #1722 ),
 ( #5442, #5484 ),
 ( #5355, #7930 ),
 ( #4787, #7236 ) ),
 .UNSPECIFIED., .F., .F., .F.,
 ( 4, 3, 3, 4 ),
 ( 2, 2 ),
 ( 0.4202213066084951598, 0.4209372247930301403, 0.4264148707684177753, 0.4270811274238919264 ),
 ( 0.000000000000000000, 1.000000000000000000 ),
 .UNSPECIFIED. ) ;
#5225 = CARTESIAN_POINT ( 'NONE',  ( 133.6499462078290321, -13.02809916865636630, 7.484154078730854920 ) ) ;
#5226 = ORIENTED_EDGE ( 'NONE', *, *, #8025, .F. ) ;
#5227 = CARTESIAN_POINT ( 'NONE',  ( 366.2454704894915949, -4.344293382648878321, 371.2300000000000182 ) ) ;
#5228 = VERTEX_POINT ( 'NONE', #3797 ) ;
#5229 = CARTESIAN_POINT ( 'NONE',  ( 213.6963428243482781, -9.410770466402379242, 126.8402869241066782 ) ) ;
#5230 = CARTESIAN_POINT ( 'NONE',  ( 275.7252718542322327, -5.068374929059391576, 28.94463193157791281 ) ) ;
#5231 = CARTESIAN_POINT ( 'NONE',  ( 258.2117268186032106, -6.811729089292525074, 6.524066319814024517 ) ) ;
#5232 = EDGE_CURVE ( 'NONE', #2054, #5779, #2990, .T. ) ;
#5233 = CARTESIAN_POINT ( 'NONE',  ( 125.3904242987456712, -13.66130580952027351, 6.619446569947652570 ) ) ;
#5234 = CARTESIAN_POINT ( 'NONE',  ( 140.5663348260163730, -12.69875000828056244, 23.21420951296743951 ) ) ;
#5235 = CARTESIAN_POINT ( 'NONE',  ( 282.3752014029738007, -1.444864320589836604, 7.800518982367112386 ) ) ;
#5236 = CARTESIAN_POINT ( 'NONE',  ( 284.8955191553137638, 0.02452641010076083219, 23.24999999818358631 ) ) ;
#5237 = CARTESIAN_POINT ( 'NONE',  ( 276.9500070983206683, -4.671928263301652784, 6.999045210188356236 ) ) ;
#5238 = CARTESIAN_POINT ( 'NONE',  ( 340.1636027076423829, -1.242011487618530641, 206.4999999981838243 ) ) ;
#5239 = CARTESIAN_POINT ( 'NONE',  ( 156.8382058162201531, -12.27589712949706602, 6.791826120379428566 ) ) ;
#5240 = CARTESIAN_POINT ( 'NONE',  ( 400.9516347321729768, 0.006435591796055188836, 371.7299999999999613 ) ) ;
#5241 = CARTESIAN_POINT ( 'NONE',  ( 214.4741503450746620, -10.93643324616949464, 6.000000000000001776 ) ) ;
#5242 = ORIENTED_EDGE ( 'NONE', *, *, #2682, .F. ) ;
#5243 = CARTESIAN_POINT ( 'NONE',  ( 263.3759738565270254, -7.825707291907048280, 5.999999998183607630 ) ) ;
#5244 = CARTESIAN_POINT ( 'NONE',  ( 184.8093844592075072, -10.82611854964983600, 6.790958115279820184 ) ) ;
#5245 = CARTESIAN_POINT ( 'NONE',  ( 160.3759738565269686, -12.78718966177712346, 5.999999998183607630 ) ) ;
#5246 = CARTESIAN_POINT ( 'NONE',  ( 140.4160757845980640, -12.51844688741447342, 23.19412417500644352 ) ) ;
#5247 = CARTESIAN_POINT ( 'NONE',  ( 330.0964224897533654, -3.284817745207699868, 338.2663044569902695 ) ) ;
#5248 = CARTESIAN_POINT ( 'NONE',  ( 369.7473340473667918, -2.247685631773992831, 371.2299999999997908 ) ) ;
#5249 = CARTESIAN_POINT ( 'NONE',  ( 280.8012743911597227, -3.869344385091668670, 7.345529497549398990 ) ) ;
#5250 = CARTESIAN_POINT ( 'NONE',  ( 270.2001012788819025, -5.432232630318898359, 23.24999999818358987 ) ) ;
#5251 = CARTESIAN_POINT ( 'NONE',  ( 230.2061210168572529, -4.255703299715733579, 249.8200000000000784 ) ) ;
#5252 = CARTESIAN_POINT ( 'NONE',  ( 280.7295514485494436, -3.637522306985405685, 6.499999998183817240 ) ) ;
#5253 = CARTESIAN_POINT ( 'NONE',  ( 343.6442153268013158, -1.778986402044412607, 339.2294021724217714 ) ) ;
#5254 = ORIENTED_EDGE ( 'NONE', *, *, #194, .T. ) ;
#5255 = CARTESIAN_POINT ( 'NONE',  ( 244.1895432925610123, -6.999207520286110373, 7.509257916382977349 ) ) ;
#5256 = CARTESIAN_POINT ( 'NONE',  ( 187.7776086115220266, -10.48629830131422125, 127.9099999999999966 ) ) ;
#5257 = ORIENTED_EDGE ( 'NONE', *, *, #5120, .T. ) ;
#5258 = CARTESIAN_POINT ( 'NONE',  ( 400.3440607609724111, -0.1257002574303035525, 371.2300000000000182 ) ) ;
#5259 = CARTESIAN_POINT ( 'NONE',  ( 282.3165834974032578, -2.322195423456730357, 23.24999999818351526 ) ) ;
#5260 = CARTESIAN_POINT ( 'NONE',  ( 399.4487216988573550, -0.1049333230329109468, 371.7299999999999045 ) ) ;
#5261 = CARTESIAN_POINT ( 'NONE',  ( 285.5033794649316974, -3.410488426340036572, 20.78750207125348837 ) ) ;
#5262 = CARTESIAN_POINT ( 'NONE',  ( 400.0628920810482327, -0.05003236741030148149, 371.1631213497879003 ) ) ;
#5263 = EDGE_LOOP ( 'NONE', ( #1977, #1552, #5339, #5761 ) ) ;
#5264 = CARTESIAN_POINT ( 'NONE',  ( 163.8759737553073421, -12.61110842979298496, 6.500000142427166061 ) ) ;
#5265 = ORIENTED_EDGE ( 'NONE', *, *, #1028, .T. ) ;
#5266 = DIRECTION ( 'NONE',  ( 0.8538241078602809564, 0.000000000000000000, -0.5205616129110898216 ) ) ;
#5267 = CARTESIAN_POINT ( 'NONE',  ( 256.4564437079495178, -6.799716190797762572, 6.574123111354604809 ) ) ;
#5268 = CARTESIAN_POINT ( 'NONE',  ( 121.8916730350756126, -13.68999251713946030, 6.618533725419663227 ) ) ;
#5269 = CARTESIAN_POINT ( 'NONE',  ( 155.4853165757647844, -9.854357147701154673, 69.12999179384370052 ) ) ;
#5270 = EDGE_CURVE ( 'NONE', #2905, #5175, #5806, .T. ) ;
#5271 = EDGE_CURVE ( 'NONE', #3589, #6249, #3375, .T. ) ;
#5272 = CARTESIAN_POINT ( 'NONE',  ( 160.3759738565270254, -12.78718966177767413, 6.500000142427190042 ) ) ;
#5273 = CARTESIAN_POINT ( 'NONE',  ( 336.8633087373509056, -2.095681708927052522, 325.9934338441341310 ) ) ;
#5274 = CARTESIAN_POINT ( 'NONE',  ( 275.1943624899785732, -5.064592920788322239, 6.700662789185285462 ) ) ;
#5275 = B_SPLINE_CURVE_WITH_KNOTS ( 'NONE', 3,
 ( #7204, #1042, #4755, #2258 ),
 .UNSPECIFIED., .F., .F.,
 ( 4, 4 ),
 ( 0.000000000000000000, 0.0003706899343953654448 ),
 .UNSPECIFIED. ) ;
#5276 = CARTESIAN_POINT ( 'NONE',  ( 349.8559634890033294, -1.550071812379105518, 233.1400072103079140 ) ) ;
#5277 = CARTESIAN_POINT ( 'NONE',  ( 160.3272642281974356, -11.86295447302274297, 7.117088782426653992 ) ) ;
#5278 = CARTESIAN_POINT ( 'NONE',  ( 401.0697547650233332, 0.01523158728022492268, 371.7300000000000182 ) ) ;
#5279 = CARTESIAN_POINT ( 'NONE',  ( 238.7544830806153868, -10.20620727372969760, 127.9099999999999966 ) ) ;
#5280 = ORIENTED_EDGE ( 'NONE', *, *, #6581, .F. ) ;
#5281 = CARTESIAN_POINT ( 'NONE',  ( 346.4892269972840495, -3.132129857314862154, 371.2300000000000182 ) ) ;
#5282 = EDGE_CURVE ( 'NONE', #4047, #3304, #6899, .T. ) ;
#5283 = CARTESIAN_POINT ( 'NONE',  ( 174.3123824850409278, -11.16866749645143742, 7.117200273774227703 ) ) ;
#5284 = CARTESIAN_POINT ( 'NONE',  ( 262.1612712165113521, -5.885555030150877442, 207.0132499737247542 ) ) ;
#5285 = CARTESIAN_POINT ( 'NONE',  ( 362.7454704894917086, -2.596278760377979999, 371.7300000000000182 ) ) ;
#5286 = CARTESIAN_POINT ( 'NONE',  ( 359.5793065229605077, -2.535488670571674152, 371.0822712582667009 ) ) ;
#5287 = CYLINDRICAL_SURFACE ( 'NONE', #262, 0.5000000000000004441 ) ;
#5288 = CARTESIAN_POINT ( 'NONE',  ( 280.8741938279384271, -3.832198577128497874, 7.350900216427069367 ) ) ;
#5289 = B_SPLINE_SURFACE_WITH_KNOTS ( 'NONE', 3, 3, ( 
 ( #6129, #1753, #4287, #4361 ),
 ( #6890, #7423, #1255, #1296 ),
 ( #4247, #6209, #3063, #6246 ),
 ( #6853, #4972, #6742, #7388 ) ),
 .UNSPECIFIED., .F., .F., .F.,
 ( 4, 4 ),
 ( 4, 4 ),
 ( 0.000000000000000000, 1.000000000000000000 ),
 ( 0.000000000000000000, 1.000000000000000000 ),
 .UNSPECIFIED. ) ;
#5290 = CARTESIAN_POINT ( 'NONE',  ( 285.3149160043763573, -3.679553005750567873, 20.97430404309497476 ) ) ;
#5291 = CARTESIAN_POINT ( 'NONE',  ( 41.72256171142781511, -8.277997569040216774, 5.999999999999997335 ) ) ;
#5292 = CARTESIAN_POINT ( 'NONE',  ( 159.8759739069710974, -12.81339070585660345, 6.500000005668835179 ) ) ;
#5293 = CARTESIAN_POINT ( 'NONE',  ( 122.1669308417827011, -5.481551027106359442, 127.9100000000000250 ) ) ;
#5294 = ORIENTED_EDGE ( 'NONE', *, *, #5377, .T. ) ;
#5295 = CARTESIAN_POINT ( 'NONE',  ( 244.1894627889439562, -6.997983631259310222, 7.376777724796202307 ) ) ;
#5296 = PLANE ( 'NONE',  #3906 ) ;
#5297 = VERTEX_POINT ( 'NONE', #3140 ) ;
#5298 = CARTESIAN_POINT ( 'NONE',  ( 400.0428872530073363, -0.2110939347171690572, 371.2300000000000182 ) ) ;
#5299 = CARTESIAN_POINT ( 'NONE',  ( 282.0831435548648187, -2.339396524323794857, 23.24999999818356500 ) ) ;
#5300 = CARTESIAN_POINT ( 'NONE',  ( 324.0319055835419704, -3.955309169081279830, 249.8199999999997090 ) ) ;
#5301 = FACE_OUTER_BOUND ( 'NONE', #1898, .T. ) ;
#5302 = CARTESIAN_POINT ( 'NONE',  ( 313.1633962842250298, -1.706174660179018421, 132.0872812116154762 ) ) ;
#5303 = CARTESIAN_POINT ( 'NONE',  ( 135.3657595826861098, -12.99264866447626154, 7.485321961583280448 ) ) ;
#5304 = VERTEX_POINT ( 'NONE', #1797 ) ;
#5305 = CARTESIAN_POINT ( 'NONE',  ( 272.9984251147600958, -4.556444405750533555, 22.68384488708090885 ) ) ;
#5306 = ORIENTED_EDGE ( 'NONE', *, *, #5985, .F. ) ;
#5307 = CARTESIAN_POINT ( 'NONE',  ( 273.5066383581227569, -3.316849786942046574, 22.83265170039321390 ) ) ;
#5308 = CARTESIAN_POINT ( 'NONE',  ( 252.9876930622918394, -7.415029340567800276, 6.500047832640188261 ) ) ;
#5309 = CARTESIAN_POINT ( 'NONE',  ( 125.3876255754903752, -13.36376441273474569, 6.871991601194084254 ) ) ;
#5310 = CARTESIAN_POINT ( 'NONE',  ( 140.6429574417054766, -12.11891433193307499, 23.66218373181582635 ) ) ;
#5311 = CARTESIAN_POINT ( 'NONE',  ( 387.4586198570542592, -3.040244044555023173, 371.2315397064124340 ) ) ;
#5312 = CARTESIAN_POINT ( 'NONE',  ( 263.8759738565269686, -6.708925725483937619, 6.499999998183600525 ) ) ;
#5313 = CARTESIAN_POINT ( 'NONE',  ( 334.0133483429516446, -2.228687900148699885, 321.4873846269265982 ) ) ;
#5314 = CARTESIAN_POINT ( 'NONE',  ( 352.8924156472432401, -0.05000000000000856537, 241.5731328553540322 ) ) ;
#5315 = CARTESIAN_POINT ( 'NONE',  ( 275.6641689991903945, -5.386623676979528597, 6.524291467667076461 ) ) ;
#5316 = CARTESIAN_POINT ( 'NONE',  ( 389.8050169648726069, -0.3622969588032862176, 343.0404777962775711 ) ) ;
#5317 = CARTESIAN_POINT ( 'NONE',  ( 153.3343878982815909, -12.39587622648997645, 6.886382136422323441 ) ) ;
#5318 = EDGE_CURVE ( 'NONE', #7832, #4574, #7754, .T. ) ;
#5319 = DIRECTION ( 'NONE',  ( -0.000000000000000000, 1.000000000000000000, -0.000000000000000000 ) ) ;
#5320 = CARTESIAN_POINT ( 'NONE',  ( 354.9309975406227409, -4.799401950566634767, 371.7300000000000182 ) ) ;
#5321 = EDGE_LOOP ( 'NONE', ( #5178, #450, #654, #6041 ) ) ;
#5322 = CARTESIAN_POINT ( 'NONE',  ( 333.0425395178759231, -4.343187057229029868, 339.3819428326219168 ) ) ;
#5323 = AXIS2_PLACEMENT_3D ( 'NONE', #2244, #4741, #817 ) ;
#5324 = CARTESIAN_POINT ( 'NONE',  ( 188.2955241756824876, -10.46682136148517905, 6.996061879237180037 ) ) ;
#5325 = CARTESIAN_POINT ( 'NONE',  ( 178.6900027479780135, -9.792648771060466828, 75.03988821507668661 ) ) ;
#5326 = CARTESIAN_POINT ( 'NONE',  ( 259.8759738716125867, -6.967291521800475174, 6.499999998183607630 ) ) ;
#5327 = CARTESIAN_POINT ( 'NONE',  ( 377.6261833796055498, -1.685009972504848408, 371.2094408006378217 ) ) ;
#5328 = CARTESIAN_POINT ( 'NONE',  ( 337.2878632830367565, -2.375519491366121283, 325.7879126896812068 ) ) ;
#5329 = CARTESIAN_POINT ( 'NONE',  ( 281.2008487578754625, -4.637824732299638875, 6.498546796881324639 ) ) ;
#5330 = CARTESIAN_POINT ( 'NONE',  ( 277.0079176457911672, -4.770080635323600049, 21.20853749787108811 ) ) ;
#5331 = EDGE_CURVE ( 'NONE', #2770, #3743, #1293, .T. ) ;
#5332 = DIRECTION ( 'NONE',  ( 0.000000000000000000, 1.000000000000000000, 0.000000000000000000 ) ) ;
#5333 = CARTESIAN_POINT ( 'NONE',  ( 280.7891549575675185, -3.571906124947367811, 6.499999998182124372 ) ) ;
#5334 = CARTESIAN_POINT ( 'NONE',  ( 310.7912824225112445, -1.788968067465992906, 371.7299999999999613 ) ) ;
#5335 = ORIENTED_EDGE ( 'NONE', *, *, #6571, .F. ) ;
#5336 = CARTESIAN_POINT ( 'NONE',  ( 242.4435463225325975, -7.112167833211986867, 7.376520328860928011 ) ) ;
#5337 = CARTESIAN_POINT ( 'NONE',  ( 123.2431549092777345, -12.77957939694105605, 18.13440074790967671 ) ) ;
#5338 = AXIS2_PLACEMENT_3D ( 'NONE', #6093, #1872, #4865 ) ;
#5339 = ORIENTED_EDGE ( 'NONE', *, *, #6475, .T. ) ;
#5340 = CARTESIAN_POINT ( 'NONE',  ( 360.1304118241404240, -1.642745764305207690, 262.1592806024041806 ) ) ;
#5341 = CARTESIAN_POINT ( 'NONE',  ( 286.0340924172423342, -3.671961559314269152, 23.24999999818375684 ) ) ;
#5342 = CARTESIAN_POINT ( 'NONE',  ( 257.2972354127628591, -6.255973011066529921, 233.4866666666666504 ) ) ;
#5343 = CARTESIAN_POINT ( 'NONE',  ( 189.8933914122946476, -10.24716856044425306, 5.999999999999990230 ) ) ;
#5344 = FACE_OUTER_BOUND ( 'NONE', #5590, .T. ) ;
#5345 = CARTESIAN_POINT ( 'NONE',  ( 326.9433485330964686, -3.397936350468564459, 340.3153970926748570 ) ) ;
#5346 = TOROIDAL_SURFACE ( 'NONE', #6906, 1.702983748807918918, 0.2000000000000000111 ) ;
#5347 = CARTESIAN_POINT ( 'NONE',  ( 263.3808033367539565, -7.147410756779476237, 249.8200000000005048 ) ) ;
#5348 = CARTESIAN_POINT ( 'NONE',  ( 273.3463627316259590, -4.172678695733095466, 22.95540631093293982 ) ) ;
#5349 = EDGE_LOOP ( 'NONE', ( #4795, #6940, #7966, #2478 ) ) ;
#5350 = CARTESIAN_POINT ( 'NONE',  ( 152.9201905969221968, -14.30554236995008210, 6.499999998183606742 ) ) ;
#5351 = CARTESIAN_POINT ( 'NONE',  ( 247.7488354916459912, -7.773793548877685922, 6.500047824223789128 ) ) ;
#5352 = CARTESIAN_POINT ( 'NONE',  ( 114.8941059855474833, -14.01965632191573796, 6.500043923037952531 ) ) ;
#5353 = CARTESIAN_POINT ( 'NONE',  ( 318.8850414490063372, -2.657016889202934440, 327.5700316660770568 ) ) ;
#5354 = CARTESIAN_POINT ( 'NONE',  ( 160.2013078770729919, -12.79631781298271420, 6.500000142427190042 ) ) ;
#5355 = CARTESIAN_POINT ( 'NONE',  ( 160.1327337978987373, -13.88871151531880344, 5.999999998183599637 ) ) ;
#5356 = CARTESIAN_POINT ( 'NONE',  ( 285.6886705480359296, -4.015389057648365956, 23.24999999818199115 ) ) ;
#5357 = CARTESIAN_POINT ( 'NONE',  ( 276.5207572372104323, -4.962758802824319027, 6.699720832170686258 ) ) ;
#5358 = DIRECTION ( 'NONE',  ( -0.000000000000000000, -1.000000000000000000, -0.000000000000000000 ) ) ;
#5359 = CARTESIAN_POINT ( 'NONE',  ( 151.5838332881842803, -12.42959907742612558, 6.998329600232430892 ) ) ;
#5360 = CARTESIAN_POINT ( 'NONE',  ( 204.7329638452156644, -9.353434108340978881, 128.4601850476342406 ) ) ;
#5361 = CARTESIAN_POINT ( 'NONE',  ( 288.7108090031341590, -7.964674176155312146, 249.8199999999998226 ) ) ;
#5362 = ORIENTED_EDGE ( 'NONE', *, *, #7667, .T. ) ;
#5363 = CARTESIAN_POINT ( 'NONE',  ( 377.8725766817403837, -0.9927316212303484155, 314.9357086247750885 ) ) ;
#5364 = CARTESIAN_POINT ( 'NONE',  ( 163.8654138544699777, -12.48872499437132966, 6.498765568591326591 ) ) ;
#5365 = CARTESIAN_POINT ( 'NONE',  ( 399.8470400362520536, -0.2671961494971578643, 371.2300000000000182 ) ) ;
#5366 = EDGE_CURVE ( 'NONE', #691, #2054, #3565, .T. ) ;
#5367 = CARTESIAN_POINT ( 'NONE',  ( 286.8041054028881831, -0.05000000000000011380, 21.86479839985011608 ) ) ;
#5368 = CARTESIAN_POINT ( 'NONE',  ( 388.8987816139355118, -0.9976143265439021413, 371.2305242691397211 ) ) ;
#5369 = DIRECTION ( 'NONE',  ( 2.548659297285922646E-14, -1.000000000000000000, 4.119961632811497612E-32 ) ) ;
#5370 = CARTESIAN_POINT ( 'NONE',  ( 281.3102906811043908, -4.743197189734797092, 6.500055857341592969 ) ) ;
#5371 = CARTESIAN_POINT ( 'NONE',  ( 280.4653514420252804, -4.459397752557555883, 21.22215872982443230 ) ) ;
#5372 = CARTESIAN_POINT ( 'NONE',  ( 315.6960963412233241, -0.7985789644183435287, 371.7299999999999613 ) ) ;
#5373 = CARTESIAN_POINT ( 'NONE',  ( 282.1811512092248222, -1.999748373992865202, 7.789291365212572593 ) ) ;
#5374 = CARTESIAN_POINT ( 'NONE',  ( 400.1003240738647833, -0.05000202929122692791, 371.2011049153924773 ) ) ;
#5375 = VERTEX_POINT ( 'NONE', #7922 ) ;
#5376 = CARTESIAN_POINT ( 'NONE',  ( 230.2365292982731546, -8.183530222953134370, 6.792284033753922756 ) ) ;
#5377 = EDGE_CURVE ( 'NONE', #2562, #6293, #3900, .T. ) ;
#5378 = EDGE_CURVE ( 'NONE', #4076, #7024, #3381, .T. ) ;
#5379 = DIRECTION ( 'NONE',  ( -0.9989838687795390415, -0.04506497284069901216, -0.0006149318109021086835 ) ) ;
#5380 = VERTEX_POINT ( 'NONE', #2369 ) ;
#5381 = CARTESIAN_POINT ( 'NONE',  ( 399.9353109160195459, -0.2418517006666660307, 371.2300000000000182 ) ) ;
#5382 = CARTESIAN_POINT ( 'NONE',  ( 332.5781388050951364, -0.04999999999999999584, 175.4897870243058549 ) ) ;
#5383 = CARTESIAN_POINT ( 'NONE',  ( 283.2495558751897420, -4.296764881566852878, 23.24999999818112784 ) ) ;
#5384 = CARTESIAN_POINT ( 'NONE',  ( 204.6007522603608493, -9.157830558252232578, 128.2433333333333110 ) ) ;
#5385 = B_SPLINE_CURVE_WITH_KNOTS ( 'NONE', 3,
 ( #5780, #751, #2096, #1486, #2669, #5125, #4633 ),
 .UNSPECIFIED., .F., .F.,
 ( 4, 3, 4 ),
 ( 0.0005965703988235328357, 0.001000000000000811655, 0.003402739085493501278 ),
 .UNSPECIFIED. ) ;
#5386 = CARTESIAN_POINT ( 'NONE',  ( 382.9110530760653432, -1.251114791257822434, 371.7299999999999613 ) ) ;
#5387 = CARTESIAN_POINT ( 'NONE',  ( 362.7454704894917086, -2.596278760377980888, 371.5978716947403200 ) ) ;
#5388 = CARTESIAN_POINT ( 'NONE',  ( 310.2045948957877499, -1.826400905412652431, 123.9347354907315264 ) ) ;
#5389 = CARTESIAN_POINT ( 'NONE',  ( 332.5781388050951364, -0.2395328087514111970, 173.2499941109628310 ) ) ;
#5390 = CARTESIAN_POINT ( 'NONE',  ( 271.8897568516790102, -5.166530542197304676, 21.86971488354966553 ) ) ;
#5391 = VERTEX_POINT ( 'NONE', #7390 ) ;
#5392 = CARTESIAN_POINT ( 'NONE',  ( 263.3759738565270254, -7.825707291907048280, 5.999999998183607630 ) ) ;
#5393 = CARTESIAN_POINT ( 'NONE',  ( 251.2065477609898778, -7.024897611113311235, 6.624452549652166233 ) ) ;
#5394 = CARTESIAN_POINT ( 'NONE',  ( 114.9327968090950236, -13.15886664631657510, 6.961721930958430171 ) ) ;
#5395 = CARTESIAN_POINT ( 'NONE',  ( 346.1029830041828745, -3.166327387712690289, 341.3869448573148588 ) ) ;
#5396 = CARTESIAN_POINT ( 'NONE',  ( 263.5426380433329427, -6.732086774323392753, 6.500000008306505705 ) ) ;
#5397 = CARTESIAN_POINT ( 'NONE',  ( 142.1006890598506800, -11.11138328381855445, 22.49164630772788698 ) ) ;
#5398 = CARTESIAN_POINT ( 'NONE',  ( 287.1597158150624409, -2.158240876116106488, 23.24999999818449581 ) ) ;
#5399 = CARTESIAN_POINT ( 'NONE',  ( 268.6908197582853859, -6.192716167087557899, 6.498735189310272276 ) ) ;
#5400 = CARTESIAN_POINT ( 'NONE',  ( 118.8173775619357713, -13.76288776626565280, 11.13440074790967493 ) ) ;
#5401 = APPLICATION_CONTEXT ( 'configuration controlled 3d designs of mechanical parts and assemblies' ) ;
#5402 = CARTESIAN_POINT ( 'NONE',  ( 146.3701123541192430, -13.10372705801339954, 6.623114729875203111 ) ) ;
#5403 = CARTESIAN_POINT ( 'NONE',  ( 127.1378619103394669, -13.82148573605044461, 12.11316502198023493 ) ) ;
#5404 = CARTESIAN_POINT ( 'NONE',  ( 314.2842936765003969, -6.612763040447469542, 249.8199999999998226 ) ) ;
#5405 = ORIENTED_EDGE ( 'NONE', *, *, #1834, .F. ) ;
#5406 = CARTESIAN_POINT ( 'NONE',  ( 333.4236364327019260, -4.463683834333451728, 339.9452398104450026 ) ) ;
#5407 = CARTESIAN_POINT ( 'NONE',  ( 167.3433965274899720, -11.94372954142033905, 6.623102205975845536 ) ) ;
#5408 = CARTESIAN_POINT ( 'NONE',  ( 128.6726891602074545, -11.22895783550716864, 22.48099810133587084 ) ) ;
#5409 = B_SPLINE_CURVE_WITH_KNOTS ( 'NONE', 3,
 ( #2332, #1599, #4831, #1680, #4216, #6751, #7318, #7973, #6586, #2249, #7803, #2375, #988, #4746, #6794, #1844 ),
 .UNSPECIFIED., .F., .F.,
 ( 4, 3, 3, 3, 3, 4 ),
 ( -6.000000004755046553E-08, 0.000000000000000000, 2.011490619802681890E-05, 4.022981239242430490E-05, 7.095967832431457432E-05, 7.101967832439297172E-05 ),
 .UNSPECIFIED. ) ;
#5410 = CARTESIAN_POINT ( 'NONE',  ( 281.4805927738447053, -4.644425970880947219, 6.499999998183606742 ) ) ;
#5411 = CARTESIAN_POINT ( 'NONE',  ( 373.1110031951829455, -1.850429876664435591, 371.0837182257055247 ) ) ;
#5412 = CARTESIAN_POINT ( 'NONE',  ( 117.2642903066837619, -13.04146572678929239, 8.677971078375287917 ) ) ;
#5413 = CARTESIAN_POINT ( 'NONE',  ( 279.8222729010184935, -4.322388788163507023, 7.032539836326979099 ) ) ;
#5414 = MANIFOLD_SOLID_BREP ( 'Congé33', #1545 ) ;
#5415 = CARTESIAN_POINT ( 'NONE',  ( 282.9590719069237252, -4.274420672308259839, 21.21037207441042582 ) ) ;
#5416 = CARTESIAN_POINT ( 'NONE',  ( 163.3759789073122022, -12.63589517206786539, 6.499999998183606742 ) ) ;
#5417 = CARTESIAN_POINT ( 'NONE',  ( 280.7743866232909795, -3.588384746603592745, 6.499999998183920269 ) ) ;
#5418 =( BOUNDED_SURFACE ( )  B_SPLINE_SURFACE ( 3, 2, ( 
 ( #5870, #5093, #2759 ),
 ( #5253, #7011, #2719 ),
 ( #3825, #3903, #5750 ),
 ( #5828, #2064, #6481 ),
 ( #3212, #4603, #1412 ),
 ( #6399, #6438, #881 ),
 ( #1988, #3376, #4517 ),
 ( #804, #7616, #6355 ),
 ( #161, #1335, #3989 ),
 ( #4478, #6321, #7741 ) ),
 .UNSPECIFIED., .F., .F., .T. ) 
 B_SPLINE_SURFACE_WITH_KNOTS ( ( 4, 2, 2, 2, 4 ),
 ( 3, 3 ),
 ( 0.02207236928900193837, 0.02685460432621252641, 0.03163683936342311792, 0.03641907440063370249, 0.04120130943784429400 ),
 ( 0.000000000000000000, 0.7323443147649566498 ),
 .UNSPECIFIED. ) 
 GEOMETRIC_REPRESENTATION_ITEM ( )  RATIONAL_B_SPLINE_SURFACE ( (
 ( 1.000000000000000000, 0.7854771532462634376, 0.8851634809071129428),
 ( 1.000000000000000000, 0.7850169414098056020, 0.8849171242782321034),
 ( 1.000000000000000000, 0.7853536355911242550, 0.8850973605018630508),
 ( 1.000000000000000000, 0.7850369491461471894, 0.8849278346469930945),
 ( 1.000000000000000000, 0.7844725783087785898, 0.8846257205205880769),
 ( 1.000000000000000000, 0.7832214516395249460, 0.8839559781886381362),
 ( 1.000000000000000000, 0.7824361080243166233, 0.8835355748216909832),
 ( 1.000000000000000000, 0.7813762720321782984, 0.8829682325642658203),
 ( 1.000000000000000000, 0.7811235086549117579, 0.8828329254543767490),
 ( 1.000000000000000000, 0.7797269317219435170, 0.8820853219424225067) ) ) 
 REPRESENTATION_ITEM ( '' )  SURFACE ( )  );
#5419 = CARTESIAN_POINT ( 'NONE',  ( 217.0975058285767147, -3.815370159718941778, 249.8200000000000500 ) ) ;
#5420 = ORIENTED_EDGE ( 'NONE', *, *, #2172, .F. ) ;
#5421 = CARTESIAN_POINT ( 'NONE',  ( 230.2259791473338169, -8.015331538685920520, 6.998148908335859453 ) ) ;
#5422 = CARTESIAN_POINT ( 'NONE',  ( 124.0883861431376118, -13.66244075899206045, 16.59999999818357352 ) ) ;
#5423 = ORIENTED_EDGE ( 'NONE', *, *, #6277, .T. ) ;
#5424 = CARTESIAN_POINT ( 'NONE',  ( 263.3759738581897523, -7.821827527906845212, 6.132185213586548223 ) ) ;
#5425 = CARTESIAN_POINT ( 'NONE',  ( 312.9523764379814565, -3.636700677620827715, 136.8660664640083553 ) ) ;
#5426 = CARTESIAN_POINT ( 'NONE',  ( 273.8760413998573995, -3.071669154009055713, 23.24999999818355789 ) ) ;
#5427 = CARTESIAN_POINT ( 'NONE',  ( 124.4741302570846955, -12.06797239323909210, 23.00000000000002132 ) ) ;
#5428 = CARTESIAN_POINT ( 'NONE',  ( 272.5255249614117474, -6.201484127371484689, 127.9099999999998829 ) ) ;
#5429 = CARTESIAN_POINT ( 'NONE',  ( 352.9377411301322240, -1.921053266135787752, 241.5841850491952414 ) ) ;
#5430 = CARTESIAN_POINT ( 'NONE',  ( 325.0145638739844571, -1.224451615833352935, 164.7451442267395123 ) ) ;
#5431 = ADVANCED_FACE ( 'NONE', ( #3599 ), #7185, .F. ) ;
#5432 = CARTESIAN_POINT ( 'NONE',  ( 343.8246177669595909, -3.745027597872897740, 371.7300000000004161 ) ) ;
#5433 = CARTESIAN_POINT ( 'NONE',  ( 271.4029730189491829, -5.288139605571855917, 21.52244930235798392 ) ) ;
#5434 = ORIENTED_EDGE ( 'NONE', *, *, #1796, .T. ) ;
#5435 = CARTESIAN_POINT ( 'NONE',  ( 353.0503117373074815, -3.557191007506731673, 371.7300000000000182 ) ) ;
#5436 = CARTESIAN_POINT ( 'NONE',  ( 249.4522913063969440, -7.032002007011580069, 6.699342130714334154 ) ) ;
#5437 = CARTESIAN_POINT ( 'NONE',  ( 116.6593515890211137, -13.60602505458480671, 6.615206620471576926 ) ) ;
#5438 = ADVANCED_FACE ( 'NONE', ( #6132 ), #3956, .T. ) ;
#5439 = B_SPLINE_CURVE_WITH_KNOTS ( 'NONE', 3,
 ( #7247, #7165, #2098, #1488, #5284, #312, #5325, #6641 ),
 .UNSPECIFIED., .F., .F.,
 ( 4, 2, 2, 4 ),
 ( 0.000000000000000000, 0.09372239402240632733, 0.1874447880448126547, 0.3748895760896254759 ),
 .UNSPECIFIED. ) ;
#5440 = CARTESIAN_POINT ( 'NONE',  ( 278.1353478924268074, -2.652528143367335112, 23.24999999818360408 ) ) ;
#5441 = CARTESIAN_POINT ( 'NONE',  ( 130.3759738565271391, -15.19425346733627791, 6.499999998183625394 ) ) ;
#5442 = CARTESIAN_POINT ( 'NONE',  ( 160.2543538272128956, -13.88246384783687759, 5.999999998183599637 ) ) ;
#5443 = CARTESIAN_POINT ( 'NONE',  ( 286.2311154319706361, -3.516995892241277399, 23.24999999818299301 ) ) ;
#5444 = CARTESIAN_POINT ( 'NONE',  ( 268.7036902984810922, -6.325502935162685247, 6.500048450492844410 ) ) ;
#5445 = CARTESIAN_POINT ( 'NONE',  ( 397.0116210499007821, -0.1463378945167725931, 363.0399917895867361 ) ) ;
#5446 = CARTESIAN_POINT ( 'NONE',  ( 149.8481651497590406, -12.70621338946069123, 6.792066460866285738 ) ) ;
#5447 = CARTESIAN_POINT ( 'NONE',  ( 140.2054652594667346, -13.32855695737802293, 22.62231197755331991 ) ) ;
#5448 = CC_DESIGN_APPROVAL ( #2883, ( #5838 ) ) ;
#5449 = CARTESIAN_POINT ( 'NONE',  ( 261.9965447539090064, -7.916190303442344423, 6.000000000000000000 ) ) ;
#5450 = ORIENTED_EDGE ( 'NONE', *, *, #2820, .T. ) ;
#5451 = LINE ( 'NONE', #2918, #7950 ) ;
#5452 = CARTESIAN_POINT ( 'NONE',  ( 165.5900410804971727, -11.91764565368148254, 6.697076859157695239 ) ) ;
#5453 = CARTESIAN_POINT ( 'NONE',  ( 284.1367429260774884, -2.071767163405187073, 23.24999999818378882 ) ) ;
#5454 = CARTESIAN_POINT ( 'NONE',  ( 128.3578428267477989, -11.54824574960518468, 22.03177132726743892 ) ) ;
#5455 = CARTESIAN_POINT ( 'NONE',  ( 382.1411118796630149, -1.502627461748258897, 371.2299895531305651 ) ) ;
#5456 = CARTESIAN_POINT ( 'NONE',  ( 333.6945973998165869, -4.455766904865040345, 339.9827963716147678 ) ) ;
#5457 = CARTESIAN_POINT ( 'NONE',  ( 279.5763089780447217, -5.033417619053137670, 6.525342000783119545 ) ) ;
#5458 = CARTESIAN_POINT ( 'NONE',  ( 283.0552740055516097, -4.264724091429518360, 21.20668320156174858 ) ) ;
#5459 = CARTESIAN_POINT ( 'NONE',  ( 31.60743733558996027, -6.082836103117372772, 6.000000000000005329 ) ) ;
#5460 = CARTESIAN_POINT ( 'NONE',  ( 407.1317584543754720, -1.613682607630737564, 371.2300000000001887 ) ) ;
#5461 = CARTESIAN_POINT ( 'NONE',  ( 117.0185999166638027, -3.459305100584369796, 127.9099999999999966 ) ) ;
#5462 = ORIENTED_EDGE ( 'NONE', *, *, #6427, .T. ) ;
#5463 = CARTESIAN_POINT ( 'NONE',  ( 233.7193552681569884, -7.796135859224954778, 6.998276246273906764 ) ) ;
#5464 = CARTESIAN_POINT ( 'NONE',  ( 113.7606283767497501, -13.83189050068313541, 5.999999999999994671 ) ) ;
#5465 = ORIENTED_EDGE ( 'NONE', *, *, #3341, .T. ) ;
#5466 = CARTESIAN_POINT ( 'NONE',  ( 337.4568849122901497, -3.538919279895949455, 341.5300222021534182 ) ) ;
#5467 = CARTESIAN_POINT ( 'NONE',  ( 281.2411571380983446, -3.923116594998651063, 6.840015377591811330 ) ) ;
#5468 = CARTESIAN_POINT ( 'NONE',  ( 284.8385456628640782, -4.125466200296666663, 23.24999999818570728 ) ) ;
#5469 = AXIS2_PLACEMENT_3D ( 'NONE', #1345, #3148, #2615 ) ;
#5470 = CARTESIAN_POINT ( 'NONE',  ( 260.3759701127274866, -6.936561184209719677, 6.499999998183606742 ) ) ;
#5471 = CARTESIAN_POINT ( 'NONE',  ( 299.7854243794776608, -4.441244663694639883, 127.9099999999999682 ) ) ;
#5472 = CARTESIAN_POINT ( 'NONE',  ( 374.8273062406822760, -0.05000000000000414530, 266.1408231480838253 ) ) ;
#5473 = CARTESIAN_POINT ( 'NONE',  ( 398.7760078534327590, -0.1225718205908715441, 369.1956760939454512 ) ) ;
#5474 = DIRECTION ( 'NONE',  ( -0.000000000000000000, 1.000000000000000000, -0.000000000000000000 ) ) ;
#5475 = AXIS2_PLACEMENT_3D ( 'NONE', #673, #4164, #1325 ) ;
#5476 = CARTESIAN_POINT ( 'NONE',  ( 130.3757910125357284, -14.08712280272230011, 6.499999998183606742 ) ) ;
#5477 = ORIENTED_EDGE ( 'NONE', *, *, #5531, .T. ) ;
#5478 = EDGE_CURVE ( 'NONE', #5779, #7013, #6102, .T. ) ;
#5479 = CARTESIAN_POINT ( 'NONE',  ( 119.3327001413274076, -13.76009484456496956, 11.54772480569736537 ) ) ;
#5480 = CARTESIAN_POINT ( 'NONE',  ( 116.6460748346360106, -13.97084766292827140, 6.498845375101552690 ) ) ;
#5481 = CIRCLE ( 'NONE', #7309, 0.2000000000000057288 ) ;
#5482 = CARTESIAN_POINT ( 'NONE',  ( 282.4574163893356058, -2.311065626125880623, 23.24999999818360408 ) ) ;
#5483 = LINE ( 'NONE', #1191, #6894 ) ;
#5484 = CARTESIAN_POINT ( 'NONE',  ( 160.2543538272128956, -13.88246384783687759, 6.500000000372553544 ) ) ;
#5485 = EDGE_CURVE ( 'NONE', #3336, #474, #323, .T. ) ;
#5486 = CARTESIAN_POINT ( 'NONE',  ( 287.6593983459542869, 0.007191658283649936950, 23.24999999818370355 ) ) ;
#5487 = DATE_AND_TIME ( #7320, #4277 ) ;
#5488 = CARTESIAN_POINT ( 'NONE',  ( 268.6779289991468431, -6.059720726774105337, 6.524468666415511819 ) ) ;
#5489 = CARTESIAN_POINT ( 'NONE',  ( 253.9207356244235712, -8.424843153597038281, 6.499999998183602301 ) ) ;
#5490 = CARTESIAN_POINT ( 'NONE',  ( 146.3762341322356235, -13.22572560363439820, 6.573502249863432567 ) ) ;
#5491 = CARTESIAN_POINT ( 'NONE',  ( 134.2129278523163407, -12.67765543048175125, 23.14534011661832125 ) ) ;
#5492 = CARTESIAN_POINT ( 'NONE',  ( 291.4759442471599868, -7.085681493409404119, 127.9099999999999966 ) ) ;
#5493 = ORIENTED_EDGE ( 'NONE', *, *, #6036, .F. ) ;
#5494 = CARTESIAN_POINT ( 'NONE',  ( 325.4070163109500982, 3.383770734735875418, 127.9099999999999397 ) ) ;
#5495 = CARTESIAN_POINT ( 'NONE',  ( 170.8178990812257609, -11.34745501391191880, 7.116553853857658929 ) ) ;
#5496 = CARTESIAN_POINT ( 'NONE',  ( 284.8643781209995609, -3.128132074669189411, 22.78192420105625615 ) ) ;
#5497 = CARTESIAN_POINT ( 'NONE',  ( 128.3648296630496191, -11.23718398988856570, 22.14830808866592449 ) ) ;
#5498 = CARTESIAN_POINT ( 'NONE',  ( 333.1361716802057344, -4.390671790998118773, 339.5204076943115865 ) ) ;
#5499 = CARTESIAN_POINT ( 'NONE',  ( 280.6054006870789976, -4.352777544286216660, 6.724062053428247587 ) ) ;
#5500 = CARTESIAN_POINT ( 'NONE',  ( 282.0212434088879832, -4.348756185323043866, 21.22850045385568052 ) ) ;
#5501 = CARTESIAN_POINT ( 'NONE',  ( 284.8870375418064782, -0.2153573746444305270, 23.24999999818361118 ) ) ;
#5502 = CARTESIAN_POINT ( 'NONE',  ( 405.0088358569338425, -1.777050096835282700, 371.2300000000001887 ) ) ;
#5503 = CARTESIAN_POINT ( 'NONE',  ( 66.00964242900515444, -13.34054959821657249, 6.000000000000002665 ) ) ;
#5504 = VERTEX_POINT ( 'NONE', #885 ) ;
#5505 = CARTESIAN_POINT ( 'NONE',  ( 219.7456098547839645, -8.661582996836234116, 6.997619924551089277 ) ) ;
#5506 = CARTESIAN_POINT ( 'NONE',  ( 192.1747964862657909, -10.49919149260995077, 127.9099999999999682 ) ) ;
#5507 = ORIENTED_EDGE ( 'NONE', *, *, #6135, .T. ) ;
#5508 = DIRECTION ( 'NONE',  ( 0.000000000000000000, 1.000000000000000000, 0.000000000000000000 ) ) ;
#5509 = CARTESIAN_POINT ( 'NONE',  ( 281.5168175878505394, -3.550044314821812819, 7.213664288065499086 ) ) ;
#5510 = CARTESIAN_POINT ( 'NONE',  ( 285.4576250824471799, -3.962303839191322563, 23.24999999818393803 ) ) ;
#5511 = DIRECTION ( 'NONE',  ( -0.000000000000000000, -1.000000000000000000, -0.000000000000000000 ) ) ;
#5512 = CARTESIAN_POINT ( 'NONE',  ( 156.9402328300896272, -11.95994994026608893, 6.000000000000004441 ) ) ;
#5513 = CARTESIAN_POINT ( 'NONE',  ( 324.9333183657705604, -0.05000000000001078582, 123.1248427840014017 ) ) ;
#5514 = CARTESIAN_POINT ( 'NONE',  ( 282.0788452143681297, -4.017039755857099159, 6.499999998183717764 ) ) ;
#5515 = CARTESIAN_POINT ( 'NONE',  ( 273.6538656112278431, -3.310872425588506474, 23.23822828152758646 ) ) ;
#5516 = VERTEX_POINT ( 'NONE', #5337 ) ;
#5517 = B_SPLINE_CURVE_WITH_KNOTS ( 'NONE', 3,
 ( #3012, #5501, #3087, #5575, #7375, #8026, #2433, #4922, #7411, #1819, #4313, #6807, #6671, #4132, #6628, #6710, #1073, #5934 ),
 .UNSPECIFIED., .F., .F.,
 ( 4, 1, 1, 2, 2, 1, 1, 1, 1, 2, 2, 4 ),
 ( 0.000000000000000000, 0.2499999999998549494, 0.3749999999997902789, 0.4374999999997691291, 0.4999999999997479794, 0.6249999999997056799, 0.6874999999996843636, 0.7187499999996561639, 0.7343749999996604938, 0.7421874999996628253, 0.7499999999996651567, 1.000000000000000000 ),
 .UNSPECIFIED. ) ;
#5518 = CARTESIAN_POINT ( 'NONE',  ( 127.4396521405301996, -12.75045344279097215, 21.55807064048580912 ) ) ;
#5519 = CARTESIAN_POINT ( 'NONE',  ( 120.1451647255773167, -13.79185082586067601, 6.570146137389079044 ) ) ;
#5520 = CARTESIAN_POINT ( 'NONE',  ( 140.1200830957077983, -13.08814191640863633, 22.74519460312571795 ) ) ;
#5521 = CARTESIAN_POINT ( 'NONE',  ( 279.1693405122534841, -2.559752524409441232, 23.24999999818360763 ) ) ;
#5522 = CARTESIAN_POINT ( 'NONE',  ( 306.0685597115964924, -7.047302222335828148, 294.6706250592612264 ) ) ;
#5523 = CARTESIAN_POINT ( 'NONE',  ( 400.3471179868514014, -0.07565945343033320114, 371.2300000000000182 ) ) ;
#5524 = CARTESIAN_POINT ( 'NONE',  ( 287.6592381500585702, -0.002780253705033038352, 23.24999999818360763 ) ) ;
#5525 = PERSON_AND_ORGANIZATION_ROLE ( 'classification_officer' ) ;
#5526 = CARTESIAN_POINT ( 'NONE',  ( 274.7461204956073857, -5.008916210516321854, 6.795410183681182659 ) ) ;
#5527 = CARTESIAN_POINT ( 'NONE',  ( 325.2313870252214656, -2.326464330458078322, 339.7299999999999613 ) ) ;
#5528 = CARTESIAN_POINT ( 'NONE',  ( 149.8304830772679566, -12.41305212825412951, 7.507424978530251813 ) ) ;
#5529 = CARTESIAN_POINT ( 'NONE',  ( 126.6458113217312729, -13.51066539219888618, 21.65440155898779295 ) ) ;
#5530 = CARTESIAN_POINT ( 'NONE',  ( 394.3383811745332537, -2.570196528231914357, 371.7300000000000182 ) ) ;
#5531 = EDGE_CURVE ( 'NONE', #4155, #1524, #10, .T. ) ;
#5532 = CARTESIAN_POINT ( 'NONE',  ( 369.0571554982917064, 0.9144301245638803977, 249.8199999999999079 ) ) ;
#5533 = CARTESIAN_POINT ( 'NONE',  ( 284.2866168367949058, -2.291519890587812913, 23.22848759534137741 ) ) ;
#5534 = CARTESIAN_POINT ( 'NONE',  ( 275.6519186236554901, -5.643328715617968783, 6.499999998183649375 ) ) ;
#5535 = CARTESIAN_POINT ( 'NONE',  ( 118.8173775619357571, -12.97344128288252385, 11.13440074790962697 ) ) ;
#5536 = CARTESIAN_POINT ( 'NONE',  ( 280.4464851306426567, -5.102004064162537489, 6.500052512889435086 ) ) ;
#5537 = CARTESIAN_POINT ( 'NONE',  ( 275.7919332859813153, -4.890551964315776878, 21.20732816992141778 ) ) ;
#5538 = CARTESIAN_POINT ( 'NONE',  ( 160.0333862347403624, -13.89381503768476023, 6.474574906041176803 ) ) ;
#5539 = CARTESIAN_POINT ( 'NONE',  ( 126.3351551325405353, -12.12240308279580248, 23.40062877872594882 ) ) ;
#5540 = CARTESIAN_POINT ( 'NONE',  ( 37.32320019080641060, -9.532328177076157871, 6.000000000000000000 ) ) ;
#5541 = ADVANCED_FACE ( 'NONE', ( #6567 ), #2599, .F. ) ;
#5542 = B_SPLINE_CURVE_WITH_KNOTS ( 'NONE', 3,
 ( #7859, #999, #5990, #4799 ),
 .UNSPECIFIED., .F., .F.,
 ( 4, 4 ),
 ( 0.000000000000000000, 7.009380086032102020E-05 ),
 .UNSPECIFIED. ) ;
#5543 = VERTEX_POINT ( 'NONE', #1011 ) ;
#5544 = CARTESIAN_POINT ( 'NONE',  ( 223.2853061006937594, -9.200831064197313225, 6.498755462159001794 ) ) ;
#5545 = CARTESIAN_POINT ( 'NONE',  ( 125.0947640334932629, -13.68217430580298455, 16.59999999818361616 ) ) ;
#5546 = ORIENTED_EDGE ( 'NONE', *, *, #3973, .T. ) ;
#5547 = CARTESIAN_POINT ( 'NONE',  ( 339.0337131608188201, -3.477742901137377718, 341.5253918194314906 ) ) ;
#5548 = CARTESIAN_POINT ( 'NONE',  ( 281.7203667452059221, -3.492172695730690446, 7.076271462544456270 ) ) ;
#5549 = CARTESIAN_POINT ( 'NONE',  ( 283.0653651481187580, -4.308418726376063823, 23.24999999818367513 ) ) ;
#5550 = CARTESIAN_POINT ( 'NONE',  ( 231.8817179470036933, -8.455634631300316784, 127.9100000000000819 ) ) ;
#5551 = CARTESIAN_POINT ( 'NONE',  ( 364.5046027485439595, -0.05000000000000541511, 236.5512434920809994 ) ) ;
#5552 = CARTESIAN_POINT ( 'NONE',  ( 126.7218166573694731, -12.16072093722972092, 23.63640193901483499 ) ) ;
#5553 = CARTESIAN_POINT ( 'NONE',  ( 273.6567080282491133, -3.238408081110801362, 23.24605855919018182 ) ) ;
#5554 = ORIENTED_EDGE ( 'NONE', *, *, #5716, .T. ) ;
#5555 = DIRECTION ( 'NONE',  ( 0.000000000000000000, 0.000000000000000000, 1.000000000000000000 ) ) ;
#5556 = CARTESIAN_POINT ( 'NONE',  ( 326.5437810837404982, -2.618901183926061194, 339.6834240117939316 ) ) ;
#5557 = CARTESIAN_POINT ( 'NONE',  ( 366.2454702206231900, -2.426126488518280055, 371.2299999281618170 ) ) ;
#5558 = CARTESIAN_POINT ( 'NONE',  ( 276.3259990080864554, -2.828029491912231741, 23.24999999818360408 ) ) ;
#5559 = CARTESIAN_POINT ( 'NONE',  ( 391.2006482421097644, -2.784487348134098372, 371.2315102084110094 ) ) ;
#5560 = CARTESIAN_POINT ( 'NONE',  ( 399.8141661004195839, -0.1702468228691561003, 371.2093660414361693 ) ) ;
#5561 = CARTESIAN_POINT ( 'NONE',  ( 286.6150137767037904, -1.310388488060989953, 20.64832074221709135 ) ) ;
#5562 = CARTESIAN_POINT ( 'NONE',  ( 273.8403426488547439, -4.818121269706247212, 7.252127920880758083 ) ) ;
#5563 = CARTESIAN_POINT ( 'NONE',  ( 341.5836129876656742, -1.868626979715839909, 339.7299999999999613 ) ) ;
#5564 = CARTESIAN_POINT ( 'NONE',  ( 134.1305819977616807, -13.10072712432186570, 7.104186639036577766 ) ) ;
#5565 = CARTESIAN_POINT ( 'NONE',  ( 130.4409488649585001, -13.53366721827565478, 22.63555176244469891 ) ) ;
#5566 = CARTESIAN_POINT ( 'NONE',  ( 304.5918392598410946, -6.198202321977166918, 127.9099999999999966 ) ) ;
#5567 = CARTESIAN_POINT ( 'NONE',  ( 369.1356584541479720, 0.3476500638132949961, 249.8200000000000500 ) ) ;
#5568 = CARTESIAN_POINT ( 'NONE',  ( 284.3511896257532499, -2.385885651606292512, 23.20876979035357834 ) ) ;
#5569 = B_SPLINE_CURVE_WITH_KNOTS ( 'NONE', 3,
 ( #5799, #3918, #5676, #6329 ),
 .UNSPECIFIED., .F., .F.,
 ( 4, 4 ),
 ( 0.05332847777509513998, 0.05352766842064862057 ),
 .UNSPECIFIED. ) ;
#5570 = CARTESIAN_POINT ( 'NONE',  ( 278.6060667450908568, -5.443234207644043643, 6.499999998183578320 ) ) ;
#5571 = CARTESIAN_POINT ( 'NONE',  ( 387.7454704894915949, -3.020886442433027952, 371.2299999387094545 ) ) ;
#5572 = CARTESIAN_POINT ( 'NONE',  ( 280.4739060501227641, -4.013095672221062671, 7.468332008159805468 ) ) ;
#5573 = ADVANCED_FACE ( 'NONE', ( #7258 ), #5296, .F. ) ;
#5574 = CARTESIAN_POINT ( 'NONE',  ( 271.6108482451759301, -5.290593881185842839, 21.21704425440085373 ) ) ;
#5575 = CARTESIAN_POINT ( 'NONE',  ( 284.7952516652043187, -0.7376134971958178133, 23.24999999818360763 ) ) ;
#5576 = CARTESIAN_POINT ( 'NONE',  ( 391.0115003879808455, -0.9013052385906289432, 371.2299999966688802 ) ) ;
#5577 = CARTESIAN_POINT ( 'NONE',  ( 33.27904550156544872, -8.634909629899665262, 6.000000000000004441 ) ) ;
#5578 = VERTEX_POINT ( 'NONE', #243 ) ;
#5579 = CARTESIAN_POINT ( 'NONE',  ( 212.7523640580765232, -8.984332386563561812, 7.241847406487989858 ) ) ;
#5580 = B_SPLINE_CURVE_WITH_KNOTS ( 'NONE', 3,
 ( #6407, #130, #1262, #812, #2611 ),
 .UNSPECIFIED., .F., .F.,
 ( 4, 1, 4 ),
 ( 0.2386402917148617575, 0.2407926697095624791, 0.2440930029658287537 ),
 .UNSPECIFIED. ) ;
#5581 = ORIENTED_EDGE ( 'NONE', *, *, #6929, .T. ) ;
#5582 = CARTESIAN_POINT ( 'NONE',  ( 123.2984452563461417, -12.83792112639470062, 16.96150166269244153 ) ) ;
#5583 = CARTESIAN_POINT ( 'NONE',  ( 281.2582012021496212, -3.728295397413603052, 7.076162876465056151 ) ) ;
#5584 = EDGE_CURVE ( 'NONE', #6000, #4565, #4606, .T. ) ;
#5585 = CARTESIAN_POINT ( 'NONE',  ( 280.0719981983821185, -4.521356580892900823, 23.24999999818205865 ) ) ;
#5586 = CARTESIAN_POINT ( 'NONE',  ( 125.3537292438332287, -13.19690589547184345, 5.999999999999987566 ) ) ;
#5587 = CARTESIAN_POINT ( 'NONE',  ( 386.8701938965241425, -0.04999999999999371614, 300.6620923556896514 ) ) ;
#5588 = CARTESIAN_POINT ( 'NONE',  ( 338.4564570130406764, -2.600427808133769947, 207.1486065250937543 ) ) ;
#5589 = CARTESIAN_POINT ( 'NONE',  ( 362.7454704894917086, -2.596278760377979999, 371.2299999281618170 ) ) ;
#5590 = EDGE_LOOP ( 'NONE', ( #309, #6620, #979, #48 ) ) ;
#5591 = CARTESIAN_POINT ( 'NONE',  ( 284.0598123449259447, -2.061212412543187433, 23.24999999818370355 ) ) ;
#5592 = CARTESIAN_POINT ( 'NONE',  ( 260.1369536146329438, -8.034949914127031079, 6.445975618056863254 ) ) ;
#5593 = CARTESIAN_POINT ( 'NONE',  ( 139.7205608161627879, -13.47633637049149868, 21.82697268741128838 ) ) ;
#5594 = VECTOR ( 'NONE', #3428, 1000.000000000000000 ) ;
#5595 = CARTESIAN_POINT ( 'NONE',  ( 283.0015818178857216, -2.259646776005550972, 23.24999999818360763 ) ) ;
#5596 = CARTESIAN_POINT ( 'NONE',  ( 123.7314124198330916, -13.65206081164466845, 16.64916335460031505 ) ) ;
#5597 = CARTESIAN_POINT ( 'NONE',  ( 286.3727929918741779, -2.021158472935154826, 20.67881044432126458 ) ) ;
#5598 = CARTESIAN_POINT ( 'NONE',  ( 160.3759738565270823, -13.87621618035495175, 6.105169476122871863 ) ) ;
#5599 = AXIS2_PLACEMENT_3D ( 'NONE', #1789, #1137, #4895 ) ;
#5600 = B_SPLINE_CURVE_WITH_KNOTS ( 'NONE', 3,
 ( #146, #705, #3197, #2543 ),
 .UNSPECIFIED., .F., .F.,
 ( 4, 4 ),
 ( 0.000000000000000000, 1.000000000000000000 ),
 .UNSPECIFIED. ) ;
#5601 = CARTESIAN_POINT ( 'NONE',  ( 263.4510469517203433, -6.486548865736894598, 6.524139865505461877 ) ) ;
#5602 = CARTESIAN_POINT ( 'NONE',  ( 204.6308111614780501, -8.136414643088956566, 127.9099999999999397 ) ) ;
#5603 = CARTESIAN_POINT ( 'NONE',  ( 134.1289125443847752, -13.01919884771948155, 7.484202469745832254 ) ) ;
#5604 = CARTESIAN_POINT ( 'NONE',  ( 366.0118008301705004, -2.437873567766377203, 371.2300000068789245 ) ) ;
#5605 = CARTESIAN_POINT ( 'NONE',  ( 407.3191363578376922, -1.606010308197908243, 371.7300000000001319 ) ) ;
#5606 = TOROIDAL_SURFACE ( 'NONE', #2353, 2.239792913342995018, 0.2000000000000000111 ) ;
#5607 = CARTESIAN_POINT ( 'NONE',  ( 411.3113854721888174, -0.9160475754831101103, 371.7300000000004729 ) ) ;
#5608 = CARTESIAN_POINT ( 'NONE',  ( 263.3759738565270254, -6.743536446300549159, 5.999999998183607630 ) ) ;
#5609 = DIRECTION ( 'NONE',  ( 1.000000000000000000, 0.000000000000000000, 1.616521140035806642E-18 ) ) ;
#5610 = CARTESIAN_POINT ( 'NONE',  ( 124.0883861431376118, -13.66244075899206045, 16.59999999818357352 ) ) ;
#5611 = CARTESIAN_POINT ( 'NONE',  ( 277.8456042075894743, -4.872576445799349010, 6.699735753858986342 ) ) ;
#5612 = CARTESIAN_POINT ( 'NONE',  ( 400.6143932075157750, -0.05000000000000000278, 371.2300000000000182 ) ) ;
#5613 = CARTESIAN_POINT ( 'NONE',  ( 390.8784854451643014, -0.9105140802822961898, 371.2299999975259652 ) ) ;
#5614 = CARTESIAN_POINT ( 'NONE',  ( 137.5226754749114377, -8.675293382583499024, 127.9099999999999397 ) ) ;
#5615 = ORIENTED_EDGE ( 'NONE', *, *, #5132, .F. ) ;
#5616 = CARTESIAN_POINT ( 'NONE',  ( 285.2527289506480201, -3.694999201427761282, 20.87204549218262883 ) ) ;
#5617 = CARTESIAN_POINT ( 'NONE',  ( 198.7777204338158583, -9.836930761408449797, 7.118653651938370963 ) ) ;
#5618 = CARTESIAN_POINT ( 'NONE',  ( 159.8759738565269686, -12.81353218864997423, 6.499999998183617400 ) ) ;
#5619 = EDGE_LOOP ( 'NONE', ( #1338, #1837, #1632, #1097, #1941, #6274 ) ) ;
#5620 = CARTESIAN_POINT ( 'NONE',  ( 304.3880409135334162, -5.098469853675156038, 272.7026275456271946 ) ) ;
#5621 = CARTESIAN_POINT ( 'NONE',  ( 281.2395144078533349, -3.691710394018889563, 7.213587194500449051 ) ) ;
#5622 = CARTESIAN_POINT ( 'NONE',  ( 283.0867726992595408, -4.307100880065444670, 23.24999999818397001 ) ) ;
#5623 = CARTESIAN_POINT ( 'NONE',  ( 284.9468019298179797, -6.033143324860722245, 249.8199999999999363 ) ) ;
#5624 = CARTESIAN_POINT ( 'NONE',  ( 349.0203202953485970, -0.05000000000000277139, 192.1669532758407684 ) ) ;
#5625 = CARTESIAN_POINT ( 'NONE',  ( 340.1222149827434578, -1.102635611011546724, 206.5219068461717313 ) ) ;
#5626 = ADVANCED_FACE ( 'NONE', ( #5916 ), #5952, .F. ) ;
#5627 = ADVANCED_FACE ( 'NONE', ( #529 ), #1176, .F. ) ;
#5628 = CARTESIAN_POINT ( 'NONE',  ( 278.0565327901767319, -4.668944700969058559, 21.21084000381713253 ) ) ;
#5629 = ORIENTED_EDGE ( 'NONE', *, *, #1636, .T. ) ;
#5630 = CARTESIAN_POINT ( 'NONE',  ( 283.5604133220755898, -2.180729217857562130, 23.24999999818360408 ) ) ;
#5631 = DIRECTION ( 'NONE',  ( 0.000000000000000000, 1.000000000000000000, 0.000000000000000000 ) ) ;
#5632 = CARTESIAN_POINT ( 'NONE',  ( 365.7454704894915949, -2.451262585523692028, 371.5978614804236031 ) ) ;
#5633 = CARTESIAN_POINT ( 'NONE',  ( 164.4980123912579586, -11.58192705332946915, 7.500980458761240754 ) ) ;
#5634 = ORIENTED_EDGE ( 'NONE', *, *, #4783, .T. ) ;
#5635 = EDGE_CURVE ( 'NONE', #7938, #1910, #5912, .T. ) ;
#5636 = CARTESIAN_POINT ( 'NONE',  ( 162.1104575561420233, -12.44418362527061994, 6.523901783505178464 ) ) ;
#5637 = CARTESIAN_POINT ( 'NONE',  ( 289.9181388050951682, -3.050000000000000266, 54.95298212231037382 ) ) ;
#5638 = CARTESIAN_POINT ( 'NONE',  ( 286.7950223322038141, -0.006479107510254046923, 20.62476064997818170 ) ) ;
#5639 = CARTESIAN_POINT ( 'NONE',  ( 330.7754572263378350, -2.822782319486553781, 180.6224581818816546 ) ) ;
#5640 = CARTESIAN_POINT ( 'NONE',  ( 261.6579253867274133, -5.854497837540319161, 7.508361921364882896 ) ) ;
#5641 = CARTESIAN_POINT ( 'NONE',  ( 289.9181388050951682, -2.860467191248591945, 51.34728871774362347 ) ) ;
#5642 = CARTESIAN_POINT ( 'NONE',  ( 142.8594367028636611, -12.77831209900313247, 7.364063253071817527 ) ) ;
#5643 = CARTESIAN_POINT ( 'NONE',  ( 355.2466480751673998, -2.717177972432956334, 371.0286994606666440 ) ) ;
#5644 = CARTESIAN_POINT ( 'NONE',  ( 346.2899410872606722, -3.157808179819177052, 339.2851928668272308 ) ) ;
#5645 = DIRECTION ( 'NONE',  ( 0.000000000000000000, 0.9986295347545739443, 0.05233595624294395260 ) ) ;
#5646 = CARTESIAN_POINT ( 'NONE',  ( 390.7454704894916517, -0.9197229228633323483, 371.7300000000000182 ) ) ;
#5647 = CARTESIAN_POINT ( 'NONE',  ( 352.5644147269537712, -3.576728769968829269, 371.2300000000000750 ) ) ;
#5648 = CARTESIAN_POINT ( 'NONE',  ( 391.2454704894914244, -0.8850057447819885681, 371.2300000000000750 ) ) ;
#5649 = CARTESIAN_POINT ( 'NONE',  ( 276.9901440129402204, -5.290747780964823122, 6.524137118465164420 ) ) ;
#5650 = CARTESIAN_POINT ( 'NONE',  ( 340.1636027076426672, -2.235354393967296183, 206.4999999981835970 ) ) ;
#5651 = CARTESIAN_POINT ( 'NONE',  ( 365.7454704894916517, -4.344293382648878321, 371.7300000000000182 ) ) ;
#5652 = CARTESIAN_POINT ( 'NONE',  ( 319.8665630064374454, -3.625405853230063702, 371.7299999999999045 ) ) ;
#5653 = ORIENTED_EDGE ( 'NONE', *, *, #2231, .F. ) ;
#5654 = CARTESIAN_POINT ( 'NONE',  ( 347.5883395322243246, -3.691547334590842944, 371.7299999999997908 ) ) ;
#5655 = B_SPLINE_CURVE_WITH_KNOTS ( 'NONE', 3,
 ( #775, #133, #8047, #5106, #2455, #7436 ),
 .UNSPECIFIED., .F., .F.,
 ( 4, 2, 4 ),
 ( 0.000000000000000000, 0.0003909815433744729556, 0.0007819630867489459113 ),
 .UNSPECIFIED. ) ;
#5656 = CARTESIAN_POINT ( 'NONE',  ( 205.7696389111142992, -9.494216377294078413, 6.996969941780262658 ) ) ;
#5657 = B_SPLINE_CURVE_WITH_KNOTS ( 'NONE', 3,
 ( #1064, #1669, #1629, #4163, #6617, #5922, #1019, #6010, #416, #2902, #4696, #2810, #5388, #3554, #457, #7879, #7186, #5302, #2941, #7920, #4863, #2195, #5430, #2322, #6701, #7308, #1713, #7350, #4082, #4207, #1105, #496, #1183, #6210 ),
 .UNSPECIFIED., .F., .F.,
 ( 4, 2, 2, 1, 1, 1, 1, 1, 1, 1, 1, 2, 2, 2, 1, 1, 1, 1, 1, 1, 1, 1, 2, 2, 4 ),
 ( 0.000000000000000000, 0.2500000000000736078, 0.3750000000001103562, 0.4375000000001284528, 0.4687500000001375566, 0.4843750000001419975, 0.4921875000001442180, 0.4960937500001452727, 0.4980468750001459943, 0.4990234375001464384, 0.4995117187501466605, 0.4997558593751467160, 0.5000000000001466605, 0.6250000000001216804, 0.6875000000001090239, 0.7187500000001024736, 0.7343750000000990319, 0.7421875000000975886, 0.7460937500000971445, 0.7480468750000970335, 0.7490234375000967004, 0.7495117187500969225, 0.7497558593750967004, 0.7500000000000965894, 1.000000000000000000 ),
 .UNSPECIFIED. ) ;
#5658 = CARTESIAN_POINT ( 'NONE',  ( 257.8762621570867850, -7.089827916854242851, 6.499999998183632499 ) ) ;
#5659 = VERTEX_POINT ( 'NONE', #3018 ) ;
#5660 = CARTESIAN_POINT ( 'NONE',  ( 332.2342549535258627, -3.272041495006652756, 338.0433742857453581 ) ) ;
#5661 = CARTESIAN_POINT ( 'NONE',  ( 281.3646820597738269, -4.393143708308826056, 6.528343672830930977 ) ) ;
#5662 = CARTESIAN_POINT ( 'NONE',  ( 282.3706362202245828, -4.349453357813827026, 23.24999999818446739 ) ) ;
#5663 = CARTESIAN_POINT ( 'NONE',  ( 341.2219795271508360, -2.963855645243393067, 371.7300000000002456 ) ) ;
#5664 = CARTESIAN_POINT ( 'NONE',  ( 130.6757772909265327, -13.87308993386706746, 7.377728440627136841 ) ) ;
#5665 = CARTESIAN_POINT ( 'NONE',  ( 126.4035373801088440, -12.59736336921759126, 23.13299773090160016 ) ) ;
#5666 = CARTESIAN_POINT ( 'NONE',  ( 332.2560898400823248, -3.685097613857241328, 338.5648534445284668 ) ) ;
#5667 = EDGE_LOOP ( 'NONE', ( #5840, #3362, #7138, #1136 ) ) ;
#5668 = B_SPLINE_CURVE_WITH_KNOTS ( 'NONE', 3,
 ( #2643, #4477, #80, #2717, #2601, #6398, #5091, #6320, #7095, #759, #2559, #5749, #3863, #6968, #1371, #160 ),
 .UNSPECIFIED., .F., .F.,
 ( 4, 3, 3, 3, 3, 4 ),
 ( 0.001209751347570442274, 0.03371044537167492555, 0.06742089074122012415, 0.1348417814971659134, 0.2542440292319114725, 0.3725212561397571176 ),
 .UNSPECIFIED. ) ;
#5669 = CARTESIAN_POINT ( 'NONE',  ( 284.3920228353532025, -1.926437260633951043, 23.24999999818361118 ) ) ;
#5670 = EDGE_CURVE ( 'NONE', #3867, #6288, #7465, .T. ) ;
#5671 = DIRECTION ( 'NONE',  ( 0.000000000000000000, 0.000000000000000000, 1.000000000000000000 ) ) ;
#5672 = CARTESIAN_POINT ( 'NONE',  ( 140.2450303394305422, -13.13176589039391118, 22.68720654192556907 ) ) ;
#5673 =( BOUNDED_SURFACE ( )  B_SPLINE_SURFACE ( 2, 3, ( 
 ( #4372, #616, #5764, #7630, #2533, #6297, #6372, #2496, #1267, #3723, #777, #2002, #6987, #1388, #3760, #3150 ),
 ( #174, #5639, #4533, #1919, #7026, #6220, #7148, #7070, #5230, #3432, #2861, #7757, #6540, #333, #5928, #1512 ),
 ( #2162, #3350, #1428, #1594, #5189, #3472, #5844, #296, #983, #5307, #7797, #857, #4088, #4618, #4701, #1470 ) ),
 .UNSPECIFIED., .F., .F., .T. ) 
 B_SPLINE_SURFACE_WITH_KNOTS ( ( 3, 3 ),
 ( 4, 2, 2, 2, 2, 2, 2, 4 ),
 ( 0.000000000000000000, 1.000000000000000000 ),
 ( -0.0001613671674857281556, 0.5312607149717452071, 0.7969717560413607238, 0.9298272765761684822, 0.9962550368435723058, 1.012861976910423234, 1.029468916977274162, 1.062682797110976241 ),
 .UNSPECIFIED. ) 
 GEOMETRIC_REPRESENTATION_ITEM ( )  RATIONAL_B_SPLINE_SURFACE ( (
 ( 1.000000000000000000, 1.000000000000000000, 1.000000000000000000, 1.000000000000000000, 1.000000000000000000, 1.000000000000000000, 1.000000000000000000, 1.000000000000000000, 1.000000000000000000, 1.000000000000000000, 1.000000000000000000, 1.000000000000000000, 1.000000000000000000, 1.000000000000000000, 1.000000000000000000, 1.000000000000000000),
 ( 0.7372245103076741080, 0.7373424306073558254, 0.7371324836169431682, 0.7365885888422918359, 0.7363643166910898152, 0.7360198930926007410, 0.7359032455525595928, 0.7357280661875502670, 0.7356696338045826122, 0.7355967895416404279, 0.7355822469487601767, 0.7355533169573001961, 0.7355389145763266967, 0.7354958935412707621, 0.7354674611392592043, 0.7354392730759654606),
 ( 1.000000000000000000, 1.000000000000000000, 1.000000000000000000, 1.000000000000000000, 1.000000000000000000, 1.000000000000000000, 1.000000000000000000, 1.000000000000000000, 1.000000000000000000, 1.000000000000000000, 1.000000000000000000, 1.000000000000000000, 1.000000000000000000, 1.000000000000000000, 1.000000000000000000, 1.000000000000000000) ) ) 
 REPRESENTATION_ITEM ( '' )  SURFACE ( )  );
#5674 = CARTESIAN_POINT ( 'NONE',  ( 273.9915742533349885, -3.060380732735574316, 23.24999999818360052 ) ) ;
#5675 = ORIENTED_EDGE ( 'NONE', *, *, #1543, .F. ) ;
#5676 = CARTESIAN_POINT ( 'NONE',  ( 399.7428586514719200, -0.07438353965339371265, 371.0325302971162955 ) ) ;
#5677 = CARTESIAN_POINT ( 'NONE',  ( 144.0077965342735240, -12.59152306442274494, 21.53245005259517697 ) ) ;
#5678 = CARTESIAN_POINT ( 'NONE',  ( 286.7038457725439002, -0.9267151698629431111, 20.63707600830851163 ) ) ;
#5679 = CARTESIAN_POINT ( 'NONE',  ( 346.0407554923230009, -3.034889869108107874, 371.2087063119728896 ) ) ;
#5680 = CARTESIAN_POINT ( 'NONE',  ( 261.6658426603457883, -5.979076156039407230, 6.998332132703529496 ) ) ;
#5682 = EDGE_CURVE ( 'NONE', #2054, #6079, #5017, .T. ) ;
#5681 = CARTESIAN_POINT ( 'NONE',  ( 410.3198668361548016, -1.364319751268211256, 371.2299999999999045 ) ) ;
#5683 = CARTESIAN_POINT ( 'NONE',  ( 139.3760576406731673, -13.10127781825179483, 6.877574257258761925 ) ) ;
#5684 = CARTESIAN_POINT ( 'NONE',  ( 350.8049093632673703, -2.861648576718744952, 371.0276415081131063 ) ) ;
#5685 = CARTESIAN_POINT ( 'NONE',  ( 363.7642414810144942, -3.285262557027891273, 249.8200000000000500 ) ) ;
#5686 = CARTESIAN_POINT ( 'NONE',  ( 362.2454704894913107, -4.511427125974749153, 371.2299999999999045 ) ) ;
#5687 = CARTESIAN_POINT ( 'NONE',  ( 334.2841213618934262, -4.423938905361834983, 341.3407366241411296 ) ) ;
#5688 = CARTESIAN_POINT ( 'NONE',  ( 145.3014548670004444, -11.35566444019570653, 22.25057393643480808 ) ) ;
#5689 = DIRECTION ( 'NONE',  ( 0.000000000000000000, 0.000000000000000000, 1.000000000000000000 ) ) ;
#5690 = CARTESIAN_POINT ( 'NONE',  ( 278.2706643163354556, -4.746106094948679299, 6.795180421109506597 ) ) ;
#5691 = CARTESIAN_POINT ( 'NONE',  ( 273.7237100950092668, -5.095631133697425597, 21.20961176541680970 ) ) ;
#5692 = CARTESIAN_POINT ( 'NONE',  ( 132.3820557983850392, -12.20353649196201395, 23.97222257170494686 ) ) ;
#5693 = CARTESIAN_POINT ( 'NONE',  ( 171.5205433122794147, -11.13922097636119979, 127.9100000000000250 ) ) ;
#5694 = EDGE_LOOP ( 'NONE', ( #1468, #6122, #6161, #7161 ) ) ;
#5695 = CARTESIAN_POINT ( 'NONE',  ( 262.9812346501278171, -7.853188158671398078, 6.499999998183644045 ) ) ;
#5696 = B_SPLINE_CURVE_WITH_KNOTS ( 'NONE', 3,
 ( #6644, #7250, #2305, #3048, #4269, #7292 ),
 .UNSPECIFIED., .F., .F.,
 ( 4, 2, 4 ),
 ( 0.000000000000000000, 0.0003909102058790165355, 0.0007818204117580330710 ),
 .UNSPECIFIED. ) ;
#5697 = CARTESIAN_POINT ( 'NONE',  ( 195.3202067092282448, -10.70204766840955379, 6.523987817823232227 ) ) ;
#5698 = CARTESIAN_POINT ( 'NONE',  ( 179.8832072861565905, -11.80017558943120193, 6.499999998183614736 ) ) ;
#5699 = ORIENTED_EDGE ( 'NONE', *, *, #5927, .F. ) ;
#5700 = CARTESIAN_POINT ( 'NONE',  ( 332.3424818671829826, -3.383468899942153385, 338.2640299931517234 ) ) ;
#5701 = CARTESIAN_POINT ( 'NONE',  ( 280.9897384217129002, -3.773174178622320518, 7.350937315336484090 ) ) ;
#5702 = CARTESIAN_POINT ( 'NONE',  ( 282.5338697341987313, -4.339724129037162648, 23.24999999818458818 ) ) ;
#5703 = CARTESIAN_POINT ( 'NONE',  ( 95.10858409174313977, -12.31434751173505582, 6.000000000000000888 ) ) ;
#5704 = CARTESIAN_POINT ( 'NONE',  ( 337.4578746351239715, -2.347087668297406005, 339.6872740118205911 ) ) ;
#5705 = ORIENTED_EDGE ( 'NONE', *, *, #7132, .F. ) ;
#5706 = PLANE ( 'NONE',  #4414 ) ;
#5707 = CARTESIAN_POINT ( 'NONE',  ( 283.1821059756915133, -4.251277526863717071, 21.20141974913341087 ) ) ;
#5708 = ORIENTED_EDGE ( 'NONE', *, *, #6417, .T. ) ;
#5709 = LINE ( 'NONE', #3299, #4562 ) ;
#5710 = CARTESIAN_POINT ( 'NONE',  ( 285.0026397511088021, -1.618248729004392983, 23.24999999818359697 ) ) ;
#5711 = CARTESIAN_POINT ( 'NONE',  ( 391.0948028927609812, -0.8955380701597944748, 371.7300000000000750 ) ) ;
#5712 = CARTESIAN_POINT ( 'NONE',  ( 286.5791457943439013, -1.463381565843366428, 20.65289113464712756 ) ) ;
#5713 = CARTESIAN_POINT ( 'NONE',  ( 276.2987969724867980, -2.830723044107490871, 23.24999999818360052 ) ) ;
#5714 = ORIENTED_EDGE ( 'NONE', *, *, #4338, .T. ) ;
#5715 = VECTOR ( 'NONE', #2694, 1000.000000000000000 ) ;
#5716 = EDGE_CURVE ( 'NONE', #2732, #1212, #4043, .T. ) ;
#5717 = CARTESIAN_POINT ( 'NONE',  ( 120.0814476701531106, -13.78142243975816861, 11.59999999818355221 ) ) ;
#5718 = CARTESIAN_POINT ( 'NONE',  ( 340.1636027076426672, -0.05000000000000807965, 206.4999999981835970 ) ) ;
#5719 = CARTESIAN_POINT ( 'NONE',  ( 286.7951929956329877, 0.006195471757905760858, 20.62471705697414137 ) ) ;
#5720 = CARTESIAN_POINT ( 'NONE',  ( 144.9164037865253079, -11.55446661381961171, 22.50000000000000355 ) ) ;
#5721 = CARTESIAN_POINT ( 'NONE',  ( 261.7135697700055630, -6.730062335736056944, 6.498754041020122330 ) ) ;
#5722 = CARTESIAN_POINT ( 'NONE',  ( 332.1535685848263029, -3.236552836887337747, 337.8782938380923042 ) ) ;
#5723 = CARTESIAN_POINT ( 'NONE',  ( 132.3798057572367668, -13.05540487957256168, 7.353082552049376552 ) ) ;
#5724 = VECTOR ( 'NONE', #1506, 1000.000000000000000 ) ;
#5725 = CARTESIAN_POINT ( 'NONE',  ( 139.3748017236158887, -13.46934040100625829, 21.64598489655618607 ) ) ;
#5726 = CARTESIAN_POINT ( 'NONE',  ( 345.7049890068487343, -1.982743990126570433, 339.1753951359662551 ) ) ;
#5727 = PLANE ( 'NONE',  #5858 ) ;
#5728 = EDGE_CURVE ( 'NONE', #7832, #7366, #4844, .T. ) ;
#5729 = EDGE_CURVE ( 'NONE', #5516, #5504, #191, .T. ) ;
#5730 = AXIS2_PLACEMENT_3D ( 'NONE', #1063, #4162, #7142 ) ;
#5731 = CARTESIAN_POINT ( 'NONE',  ( 351.2144634052878018, -3.638384193917119980, 369.1105799774459797 ) ) ;
#5732 = CARTESIAN_POINT ( 'NONE',  ( 130.2069434328075488, -13.89648668083591865, 6.518879182753685164 ) ) ;
#5733 = CARTESIAN_POINT ( 'NONE',  ( 390.7454704894915949, -2.815983922258062044, 371.7300000000000182 ) ) ;
#5734 = CARTESIAN_POINT ( 'NONE',  ( 277.4223801841672525, -5.137889928615334334, 6.574356772841514207 ) ) ;
#5735 = CARTESIAN_POINT ( 'NONE',  ( 273.2146632763380012, -1.327435475393253794, 22.02836812622197726 ) ) ;
#5736 = CARTESIAN_POINT ( 'NONE',  ( 361.2266778249752406, -0.9970762550129276258, 249.8199999999998226 ) ) ;
#5737 = VECTOR ( 'NONE', #5043, 1000.000000000000000 ) ;
#5738 = CARTESIAN_POINT ( 'NONE',  ( 198.2229653813345465, -11.86453261056893105, 127.9100000000000534 ) ) ;
#5739 = EDGE_LOOP ( 'NONE', ( #672, #2109, #3202, #2668 ) ) ;
#5740 = FACE_OUTER_BOUND ( 'NONE', #6974, .T. ) ;
#5741 = B_SPLINE_CURVE_WITH_KNOTS ( 'NONE', 3,
 ( #263, #5809, #2127, #904 ),
 .UNSPECIFIED., .F., .F.,
 ( 4, 4 ),
 ( 1.110223024625156540E-16, 0.0005000000300077715601 ),
 .UNSPECIFIED. ) ;
#5742 = CARTESIAN_POINT ( 'NONE',  ( 198.8301330110166987, -10.76964210008122258, 6.500047536117057767 ) ) ;
#5743 = CARTESIAN_POINT ( 'NONE',  ( 215.8891168117564803, -9.771156982655206491, 6.499999998183592531 ) ) ;
#5744 = CARTESIAN_POINT ( 'NONE',  ( 331.3083137239030407, -3.256537563482788666, 338.2679738301608836 ) ) ;
#5745 = CARTESIAN_POINT ( 'NONE',  ( 163.5894630097489539, -11.74713562381663756, 47.67127829141976036 ) ) ;
#5746 = CARTESIAN_POINT ( 'NONE',  ( 281.0084284298233115, -3.809765471199872078, 7.213522949586130828 ) ) ;
#5747 = CARTESIAN_POINT ( 'NONE',  ( 284.4525717255678501, -4.024656495932174671, 21.09890819891499447 ) ) ;
#5748 = CARTESIAN_POINT ( 'NONE',  ( 136.2230273312649729, -6.332384703284171579, 127.9100000000000534 ) ) ;
#5749 = CARTESIAN_POINT ( 'NONE',  ( 211.3741636578670864, -8.400961698035066760, 157.5261985776471079 ) ) ;
#5750 = CARTESIAN_POINT ( 'NONE',  ( 342.0643166179158356, -2.151716080175972934, 339.6895070379958952 ) ) ;
#5751 = VERTEX_POINT ( 'NONE', #1365 ) ;
#5752 = CARTESIAN_POINT ( 'NONE',  ( 275.0765651172260391, -4.962304466630890865, 21.20718001553065690 ) ) ;
#5753 = EDGE_LOOP ( 'NONE', ( #1306, #5581, #2311 ) ) ;
#5754 = CARTESIAN_POINT ( 'NONE',  ( 399.8424415498358258, -0.2685191200039405146, 371.2300000000000182 ) ) ;
#5755 = CARTESIAN_POINT ( 'NONE',  ( 284.6643969058383163, -1.788965546276457763, 23.24999999818361118 ) ) ;
#5756 = CARTESIAN_POINT ( 'NONE',  ( 393.3205611889388251, -0.5468935732209454503, 371.7299999999998477 ) ) ;
#5757 = CARTESIAN_POINT ( 'NONE',  ( 286.0854929300041363, -2.591412285547118444, 20.71399932754513173 ) ) ;
#5758 = CARTESIAN_POINT ( 'NONE',  ( 280.5309386599864752, -3.996461120280210721, 7.612571912338414570 ) ) ;
#5759 = ORIENTED_EDGE ( 'NONE', *, *, #2781, .T. ) ;
#5760 = CARTESIAN_POINT ( 'NONE',  ( 362.7454704894915949, -2.596298789815725705, 371.2300000000000182 ) ) ;
#5761 = ORIENTED_EDGE ( 'NONE', *, *, #7086, .T. ) ;
#5762 = B_SPLINE_CURVE_WITH_KNOTS ( 'NONE', 3,
 ( #3387, #5684, #5643, #5066, #3998, #2157, #7143, #3192, #6911, #1923 ),
 .UNSPECIFIED., .F., .F.,
 ( 4, 2, 2, 2, 4 ),
 ( 0.000000000000000000, 0.01333211944377381275, 0.02666423888754762550, 0.03999635833132143825, 0.05332847777509525100 ),
 .UNSPECIFIED. ) ;
#5763 = CARTESIAN_POINT ( 'NONE',  ( 263.3759738565270254, -6.743536446300549159, 5.999999998183607630 ) ) ;
#5764 = CARTESIAN_POINT ( 'NONE',  ( 318.3939820570695360, -3.415468474038477531, 151.8560497700440237 ) ) ;
#5765 = CARTESIAN_POINT ( 'NONE',  ( 265.1469742502063696, -5.744851863878892573, 7.001126351051209618 ) ) ;
#5766 = CARTESIAN_POINT ( 'NONE',  ( 332.3399602509000488, -3.380330911278644379, 338.2588953986462457 ) ) ;
#5767 = CARTESIAN_POINT ( 'NONE',  ( 127.1403311035587649, -13.64433383568287539, 6.619710785542450182 ) ) ;
#5768 = CARTESIAN_POINT ( 'NONE',  ( 321.9854766069146308, -4.835731388735636571, 127.9099999999999966 ) ) ;
#5769 = CARTESIAN_POINT ( 'NONE',  ( 124.5859562828772340, -12.72075600266728657, 20.25823321337279381 ) ) ;
#5770 = CARTESIAN_POINT ( 'NONE',  ( 126.2624237258857249, -12.91057871257110534, 16.51935795793161788 ) ) ;
#5771 = CARTESIAN_POINT ( 'NONE',  ( 284.8553876203445725, -0.4364874766752672164, 23.24999999818362539 ) ) ;
#5772 = PERSON_AND_ORGANIZATION ( #6784, #6357 ) ;
#5773 = CARTESIAN_POINT ( 'NONE',  ( 277.8267255661420450, -4.611017601304025604, 7.000456725349962106 ) ) ;
#5774 = B_SPLINE_CURVE_WITH_KNOTS ( 'NONE', 3,
 ( #8018, #6760, #7404, #3657 ),
 .UNSPECIFIED., .F., .F.,
 ( 4, 4 ),
 ( 0.03417244952427982846, 0.03439209321632660799 ),
 .UNSPECIFIED. ) ;
#5775 = CARTESIAN_POINT ( 'NONE',  ( 340.1636027076427808, -0.6460057438092683402, 206.4999999981835401 ) ) ;
#5776 = EDGE_CURVE ( 'NONE', #7995, #8040, #739, .T. ) ;
#5777 = DIRECTION ( 'NONE',  ( 0.000000000000000000, 0.000000000000000000, 1.000000000000000000 ) ) ;
#5778 = CARTESIAN_POINT ( 'NONE',  ( 178.1018739173556469, -11.34273496947474946, 127.9100000000000250 ) ) ;
#5779 = VERTEX_POINT ( 'NONE', #6348 ) ;
#5780 = CARTESIAN_POINT ( 'NONE',  ( 144.9062839604625026, -11.05463885067565322, 22.49164558135045411 ) ) ;
#5781 = CARTESIAN_POINT ( 'NONE',  ( 177.8497209122746483, -11.78364249685550469, 6.498761514271777173 ) ) ;
#5782 = CARTESIAN_POINT ( 'NONE',  ( 273.6581388050951773, -3.310698935283581168, 23.24999999818360408 ) ) ;
#5783 = CARTESIAN_POINT ( 'NONE',  ( 331.3089257611428025, -3.262463068607710959, 337.7191759268271767 ) ) ;
#5784 = CARTESIAN_POINT ( 'NONE',  ( 280.9937966335678539, -3.781119344640848201, 7.639275279284384546 ) ) ;
#5785 = CARTESIAN_POINT ( 'NONE',  ( 285.8890732120335088, -3.389693956245043438, 20.97384043858887637 ) ) ;
#5786 = EDGE_CURVE ( 'NONE', #7794, #2917, #2593, .T. ) ;
#5787 = CARTESIAN_POINT ( 'NONE',  ( 169.7921206112851280, -8.988655369895925062, 127.9099999999999682 ) ) ;
#5788 = CARTESIAN_POINT ( 'NONE',  ( 279.5890365113319831, -6.368353747756814620, 6.499999998183605854 ) ) ;
#5789 = CARTESIAN_POINT ( 'NONE',  ( 362.7454704894914244, -4.488453631626854623, 371.5978754958622403 ) ) ;
#5790 = ORIENTED_EDGE ( 'NONE', *, *, #4631, .F. ) ;
#5791 = CARTESIAN_POINT ( 'NONE',  ( 277.3571283076700524, -4.735982293001676169, 21.20902078399914714 ) ) ;
#5792 = VERTEX_POINT ( 'NONE', #2552 ) ;
#5793 = DIRECTION ( 'NONE',  ( -0.000000000000000000, 1.000000000000000000, -0.000000000000000000 ) ) ;
#5794 = CARTESIAN_POINT ( 'NONE',  ( 276.6070953302896669, -2.800269807541917899, 23.24999999818351526 ) ) ;
#5795 = CARTESIAN_POINT ( 'NONE',  ( 391.9328561350927203, -0.6442129768425403080, 371.7299999999999045 ) ) ;
#5796 = CARTESIAN_POINT ( 'NONE',  ( 286.3445861187714740, -2.080618425170064789, 20.68221449160031611 ) ) ;
#5797 = CARTESIAN_POINT ( 'NONE',  ( 273.6581388050951773, -3.092763545944411163, 23.24999999818360408 ) ) ;
#5798 = ORIENTED_EDGE ( 'NONE', *, *, #1881, .T. ) ;
#5799 = CARTESIAN_POINT ( 'NONE',  ( 399.6104117055496658, -0.08417582102638221375, 371.0325224452980137 ) ) ;
#5800 = ORIENTED_EDGE ( 'NONE', *, *, #4083, .F. ) ;
#5801 = CARTESIAN_POINT ( 'NONE',  ( 125.7077505053846238, -11.46661354048733550, 22.03251125342560002 ) ) ;
#5802 = CARTESIAN_POINT ( 'NONE',  ( 346.4892269972840495, -3.132129857314862154, 371.2300000000000182 ) ) ;
#5803 = CARTESIAN_POINT ( 'NONE',  ( 251.2232970303882098, -7.269764224611488856, 6.524157729162181951 ) ) ;
#5804 = CARTESIAN_POINT ( 'NONE',  ( 411.4860530572921107, -0.05000000000000198730, 371.2300000000000750 ) ) ;
#5805 = CARTESIAN_POINT ( 'NONE',  ( 125.3915583719237219, -13.78187282765003907, 6.571301284548712651 ) ) ;
#5806 = B_SPLINE_CURVE_WITH_KNOTS ( 'NONE', 3,
 ( #5264, #1509, #2772, #4001, #7755, #2487 ),
 .UNSPECIFIED., .F., .F.,
 ( 4, 2, 4 ),
 ( 0.000000000000000000, 0.0003907758312587599034, 0.0007815516625175198068 ),
 .UNSPECIFIED. ) ;
#5807 = CARTESIAN_POINT ( 'NONE',  ( 322.8678221557462393, -4.721656890912463211, 127.9099999999999966 ) ) ;
#5808 = CARTESIAN_POINT ( 'NONE',  ( 298.5990092148857116, -43.07938103743692437, 371.2300000000000182 ) ) ;
#5809 = CARTESIAN_POINT ( 'NONE',  ( 362.7454704894914244, -4.488470045471633085, 371.5633333421471889 ) ) ;
#5810 = CARTESIAN_POINT ( 'NONE',  ( 283.9144466891266347, -2.256378099178698804, 23.24999999818365382 ) ) ;
#5811 = CARTESIAN_POINT ( 'NONE',  ( 142.3343209464656809, -11.41474784958694855, 22.03832411180858131 ) ) ;
#5812 = CARTESIAN_POINT ( 'NONE',  ( 276.5655407721309871, -5.585085629647494443, 6.500047947146452287 ) ) ;
#5813 = CARTESIAN_POINT ( 'NONE',  ( 272.9929255119594700, -1.329691865232986547, 21.41755219024116030 ) ) ;
#5814 = CARTESIAN_POINT ( 'NONE',  ( 155.1327837519461639, -13.09319243822756818, 6.500047733353822466 ) ) ;
#5815 = DIRECTION ( 'NONE',  ( 0.000000000000000000, 0.000000000000000000, 1.000000000000000000 ) ) ;
#5816 = CARTESIAN_POINT ( 'NONE',  ( 111.4051768289447040, -15.02007097001265201, 6.000000000000003553 ) ) ;
#5817 = ORIENTED_EDGE ( 'NONE', *, *, #2442, .F. ) ;
#5818 = CARTESIAN_POINT ( 'NONE',  ( 325.8320965772569480, -3.808196705299195628, 338.5577931554770430 ) ) ;
#5819 = CARTESIAN_POINT ( 'NONE',  ( 174.3237676274659975, -11.38745466337093148, 6.790542589370522464 ) ) ;
#5820 = EDGE_CURVE ( 'NONE', #7771, #1485, #4345, .T. ) ;
#5821 = CARTESIAN_POINT ( 'NONE',  ( 259.8759739017804122, -6.967487591077031972, 6.500000041270940443 ) ) ;
#5822 = CARTESIAN_POINT ( 'NONE',  ( 330.1072678118138697, -3.745474776753840995, 338.5672492447097852 ) ) ;
#5823 = CARTESIAN_POINT ( 'NONE',  ( 332.6647059270487148, -3.788149204330518938, 338.2935704546067086 ) ) ;
#5824 = CARTESIAN_POINT ( 'NONE',  ( 280.9384913696293324, -3.786937743280392343, 7.497230780975823627 ) ) ;
#5825 = CARTESIAN_POINT ( 'NONE',  ( 285.3015719748148058, -3.686289638216915687, 20.97431481831875644 ) ) ;
#5826 = CARTESIAN_POINT ( 'NONE',  ( 46.46364746557367909, -9.110221065615498048, 5.999999999999999112 ) ) ;
#5827 = CARTESIAN_POINT ( 'NONE',  ( 402.3531867903490706, -0.04999999999999441697, 345.0468324377731619 ) ) ;
#5828 = CARTESIAN_POINT ( 'NONE',  ( 338.8668658427404807, -1.989851087006636154, 339.2291036263924866 ) ) ;
#5829 = ORIENTED_EDGE ( 'NONE', *, *, #3476, .F. ) ;
#5830 = CARTESIAN_POINT ( 'NONE',  ( 245.9367523132642077, -6.906866559246626736, 7.244383985681249527 ) ) ;
#5831 = ADVANCED_FACE ( 'NONE', ( #7003 ), #6011, .F. ) ;
#5832 = CARTESIAN_POINT ( 'NONE',  ( 144.9124754464005491, -11.36044218631865022, 22.03919734193814151 ) ) ;
#5833 = VERTEX_POINT ( 'NONE', #7570 ) ;
#5834 = DIRECTION ( 'NONE',  ( 0.8452312338598148012, 0.000000000000000000, -0.5344007497260974127 ) ) ;
#5835 = CARTESIAN_POINT ( 'NONE',  ( 282.8589845712605779, -2.274844113135916057, 23.24999999818361118 ) ) ;
#5836 = CARTESIAN_POINT ( 'NONE',  ( 352.7502100993189629, -2.072957004408369386, 249.8199999999998226 ) ) ;
#5837 = CARTESIAN_POINT ( 'NONE',  ( 284.2454041570119330, -0.05000000000001848799, 6.499999998183606742 ) ) ;
#5838 = PRODUCT_DEFINITION_FORMATION_WITH_SPECIFIED_SOURCE ( 'ANY', '', #2156, .NOT_KNOWN. ) ;
#5839 = CARTESIAN_POINT ( 'NONE',  ( 128.5017170900686949, -13.11822442420505830, 7.480509139204907676 ) ) ;
#5840 = ORIENTED_EDGE ( 'NONE', *, *, #2682, .T. ) ;
#5841 = CARTESIAN_POINT ( 'NONE',  ( 119.3326093696880150, -12.97080618817363451, 11.54769659357658718 ) ) ;
#5842 = EDGE_LOOP ( 'NONE', ( #250, #2029, #7909, #5226, #3571 ) ) ;
#5843 = CARTESIAN_POINT ( 'NONE',  ( 333.8976692221975782, -2.785492854687407149, 194.5818496572429979 ) ) ;
#5844 = CARTESIAN_POINT ( 'NONE',  ( 282.6508185410576743, -2.945581856589620351, 48.02288839936635156 ) ) ;
#5845 = CARTESIAN_POINT ( 'NONE',  ( 254.6676234441633255, -6.288212852660741703, 7.376806761382344924 ) ) ;
#5846 = CARTESIAN_POINT ( 'NONE',  ( 125.3939153728122164, -14.03245327902531514, 6.498802147191910628 ) ) ;
#5847 = CARTESIAN_POINT ( 'NONE',  ( 389.7473867740608853, -2.884964336886249647, 371.2300000000000182 ) ) ;
#5848 = CARTESIAN_POINT ( 'NONE',  ( 126.1493832307249363, -13.07854796347116633, 22.73101658588176122 ) ) ;
#5849 = CARTESIAN_POINT ( 'NONE',  ( 284.8954990238591449, 0.02331754162594477583, 23.24999999818361118 ) ) ;
#5850 = VECTOR ( 'NONE', #4499, 1000.000000000000114 ) ;
#5851 = CARTESIAN_POINT ( 'NONE',  ( 144.6360206103170185, -11.36641252320602646, 22.03904026261190197 ) ) ;
#5852 = CARTESIAN_POINT ( 'NONE',  ( 276.0489486722353831, -4.609883515858740566, 7.380464074906273098 ) ) ;
#5853 = CARTESIAN_POINT ( 'NONE',  ( 381.2907122378197187, -0.2380830668236322001, 319.7401918501608407 ) ) ;
#5854 = CARTESIAN_POINT ( 'NONE',  ( 160.3337496251367895, -11.98825741479860341, 6.883473071621869721 ) ) ;
#5855 = CARTESIAN_POINT ( 'NONE',  ( 125.6117545069074311, -13.84284638018644387, 11.59999999818359484 ) ) ;
#5856 = CARTESIAN_POINT ( 'NONE',  ( 286.0518424593925602, -8.086780327535526780, 249.8199999999999079 ) ) ;
#5857 = ORIENTED_EDGE ( 'NONE', *, *, #1039, .F. ) ;
#5858 = AXIS2_PLACEMENT_3D ( 'NONE', #5808, #7518, #3314 ) ;
#5859 = CARTESIAN_POINT ( 'NONE',  ( 325.4972568395050985, -3.404276816616559120, 338.0281962100501687 ) ) ;
#5860 = CARTESIAN_POINT ( 'NONE',  ( 177.8072352223237544, -10.98304862451054653, 7.117574274997853223 ) ) ;
#5861 = CARTESIAN_POINT ( 'NONE',  ( 161.3758760092869693, -13.82485082384144448, 5.999999998183607630 ) ) ;
#5862 = CARTESIAN_POINT ( 'NONE',  ( 119.6626087957955775, -13.76825219642846498, 11.59999999818355221 ) ) ;
#5863 = CARTESIAN_POINT ( 'NONE',  ( 393.3990404049590666, -0.5938575197509368131, 371.1729118631085385 ) ) ;
#5864 = CARTESIAN_POINT ( 'NONE',  ( 332.6404277206602842, -3.728483651377832775, 338.2537493894417366 ) ) ;
#5865 = CARTESIAN_POINT ( 'NONE',  ( 280.9492671760016265, -4.073189283080330014, 6.838642038006146784 ) ) ;
#5866 = CARTESIAN_POINT ( 'NONE',  ( 284.9343174968589096, -3.858654005215637728, 21.03125000876241657 ) ) ;
#5867 = AXIS2_PLACEMENT_3D ( 'NONE', #6962, #1980, #7530 ) ;
#5868 = CARTESIAN_POINT ( 'NONE',  ( 323.2210751306572547, -1.977703363912066248, 371.7300000000000182 ) ) ;
#5869 = CARTESIAN_POINT ( 'NONE',  ( 280.9339167924289313, -3.815289515895761596, 7.717409430534820203 ) ) ;
#5870 = CARTESIAN_POINT ( 'NONE',  ( 345.2350675899082830, -1.704977487556000870, 339.2299533402285192 ) ) ;
#5871 = ORIENTED_EDGE ( 'NONE', *, *, #5531, .F. ) ;
#5872 = B_SPLINE_CURVE_WITH_KNOTS ( 'NONE', 3,
 ( #300, #5353, #1027, #2909, #336, #2289, #2779, #4621, #5269, #3966 ),
 .UNSPECIFIED., .F., .F.,
 ( 4, 3, 3, 4 ),
 ( 0.0006046369158672492035, 0.04196234684527127418, 0.2098117342298864707, 0.3754507830952026892 ),
 .UNSPECIFIED. ) ;
#5873 = AXIS2_PLACEMENT_3D ( 'NONE', #4501, #6306, #5689 ) ;
#5874 = CARTESIAN_POINT ( 'NONE',  ( 244.2303832928064935, -7.619779463006381093, 6.574212001932523641 ) ) ;
#5875 = CARTESIAN_POINT ( 'NONE',  ( 145.7746832009304967, -12.54275781232246700, 21.98574946322228740 ) ) ;
#5876 = ORIENTED_EDGE ( 'NONE', *, *, #547, .F. ) ;
#5877 = CARTESIAN_POINT ( 'NONE',  ( 394.0216768974622141, -0.3080661774513490103, 356.1277447026383243 ) ) ;
#5878 = CARTESIAN_POINT ( 'NONE',  ( 279.6262096098537882, -2.520838695080639624, 23.24999999818361118 ) ) ;
#5879 = CARTESIAN_POINT ( 'NONE',  ( 261.9456446201712083, -5.824834751855203940, 6.000000000000000888 ) ) ;
#5880 = CARTESIAN_POINT ( 'NONE',  ( 285.7299337516335527, -3.130720972497397447, 20.75860935566491605 ) ) ;
#5881 = EDGE_CURVE ( 'NONE', #3141, #7229, #3764, .T. ) ;
#5882 = CARTESIAN_POINT ( 'NONE',  ( 136.4539239035913738, -13.61188973257279322, 16.46904140924629800 ) ) ;
#5883 = EDGE_CURVE ( 'NONE', #2763, #1782, #3780, .T. ) ;
#5884 = CARTESIAN_POINT ( 'NONE',  ( 346.1033982225857244, -3.166308178939021722, 341.3867553823979506 ) ) ;
#5885 = EDGE_LOOP ( 'NONE', ( #7097, #7456, #4467, #7673, #3016, #1550, #7956, #7340, #1173, #805 ) ) ;
#5886 = CARTESIAN_POINT ( 'NONE',  ( 271.4076100829337292, -5.287291832332678077, 21.52573654876398024 ) ) ;
#5887 = ORIENTED_EDGE ( 'NONE', *, *, #597, .F. ) ;
#5888 = CARTESIAN_POINT ( 'NONE',  ( 140.5701141673369818, -14.94767271452330171, 6.499999998183599637 ) ) ;
#5889 = CARTESIAN_POINT ( 'NONE',  ( 259.9147455731666696, -5.965270321711964918, 7.507038232501900055 ) ) ;
#5890 = CARTESIAN_POINT ( 'NONE',  ( 127.1357497963495291, -13.27128309576105103, 6.981660925847158694 ) ) ;
#5891 = EDGE_CURVE ( 'NONE', #285, #7060, #1140, .T. ) ;
#5892 = CARTESIAN_POINT ( 'NONE',  ( 280.8890813714933188, -3.834599195384630566, 7.639235078910036059 ) ) ;
#5893 = CARTESIAN_POINT ( 'NONE',  ( 160.3759738565270254, -12.78718966177767413, 5.999999998183607630 ) ) ;
#5894 = CARTESIAN_POINT ( 'NONE',  ( 284.8961501770716609, 0.07106322011268224881, 23.24999999818361829 ) ) ;
#5895 = CARTESIAN_POINT ( 'NONE',  ( 325.8320965772569480, -3.808196705299195628, 338.5577931554770430 ) ) ;
#5896 = CARTESIAN_POINT ( 'NONE',  ( 276.0960292059751851, -5.230820837408358237, 6.574585097957842628 ) ) ;
#5897 = CARTESIAN_POINT ( 'NONE',  ( 389.7521714681823255, -0.1540989862677687727, 343.0562703763602030 ) ) ;
#5898 = CARTESIAN_POINT ( 'NONE',  ( 158.6061453491253701, -12.50149395664865892, 6.573820566494027240 ) ) ;
#5899 = CARTESIAN_POINT ( 'NONE',  ( 340.1636027076426672, -0.6082465939135039967, 206.4999999981835686 ) ) ;
#5900 = CARTESIAN_POINT ( 'NONE',  ( 144.3988057923483268, -14.79769865160229081, 6.000000000000007994 ) ) ;
#5901 = ORIENTED_EDGE ( 'NONE', *, *, #7608, .T. ) ;
#5902 = DIRECTION ( 'NONE',  ( -5.867099493245607105E-14, -1.000000000000000000, -0.000000000000000000 ) ) ;
#5903 = CARTESIAN_POINT ( 'NONE',  ( 188.3098256366330077, -10.72863070068879132, 6.697868668513165424 ) ) ;
#5904 = CARTESIAN_POINT ( 'NONE',  ( 352.8924156472432401, -0.05000000000000856537, 241.5731328553540322 ) ) ;
#5905 = CARTESIAN_POINT ( 'NONE',  ( 286.6838397618484464, -0.05000000000000011380, 22.15704337839191496 ) ) ;
#5906 = CARTESIAN_POINT ( 'NONE',  ( 364.0983860669501837, -2.496530437775596134, 371.2305301135210129 ) ) ;
#5907 = CARTESIAN_POINT ( 'NONE',  ( 263.3759738565270254, -7.825707291877538552, 6.499999998183644045 ) ) ;
#5908 = CARTESIAN_POINT ( 'NONE',  ( 280.8782464392642169, -3.840132778126677859, 7.639230919345059156 ) ) ;
#5909 = CARTESIAN_POINT ( 'NONE',  ( 285.2622605198414476, -3.706663340566505038, 20.97838702951862544 ) ) ;
#5910 = CARTESIAN_POINT ( 'NONE',  ( 319.1094746099564645, -1.392923829590109852, 371.7300000000000182 ) ) ;
#5911 = CARTESIAN_POINT ( 'NONE',  ( 159.8759739321952509, -12.81331996446211896, 6.500000020639289389 ) ) ;
#5912 = B_SPLINE_CURVE_WITH_KNOTS ( 'NONE', 3,
 ( #5422, #2359, #3092, #5545, #2314 ),
 .UNSPECIFIED., .F., .F.,
 ( 4, 1, 4 ),
 ( 0.001816075583372866835, 0.001846140811868729600, 0.003339639776318136660 ),
 .UNSPECIFIED. ) ;
#5913 = CARTESIAN_POINT ( 'NONE',  ( 17.26471401653613214, -2.421198989700064974, 5.999999999999999112 ) ) ;
#5914 = ORIENTED_EDGE ( 'NONE', *, *, #6326, .T. ) ;
#5915 = CARTESIAN_POINT ( 'NONE',  ( 244.2223288670300860, -7.497390338579430491, 6.624297366747683213 ) ) ;
#5916 = FACE_OUTER_BOUND ( 'NONE', #5885, .T. ) ;
#5917 = ORIENTED_EDGE ( 'NONE', *, *, #1591, .F. ) ;
#5918 = CARTESIAN_POINT ( 'NONE',  ( 400.1545578595266193, -0.1792958685082063908, 371.2300000000000182 ) ) ;
#5919 = CARTESIAN_POINT ( 'NONE',  ( 282.8540384543703112, -2.275345316379714600, 23.24999999818361118 ) ) ;
#5920 = CARTESIAN_POINT ( 'NONE',  ( 277.3561891145142226, -4.505687064570624401, 6.000000000000007994 ) ) ;
#5921 = CARTESIAN_POINT ( 'NONE',  ( 387.7454704894915949, -1.124940481656710567, 371.2300000000000182 ) ) ;
#5922 = CARTESIAN_POINT ( 'NONE',  ( 303.6937269782006865, -2.090754664387451278, 105.9955692832224088 ) ) ;
#5923 = CARTESIAN_POINT ( 'NONE',  ( 347.2114145815203869, -3.113914310576872513, 340.5155283471333405 ) ) ;
#5924 = ORIENTED_EDGE ( 'NONE', *, *, #2999, .T. ) ;
#5925 = CARTESIAN_POINT ( 'NONE',  ( 273.0138203619010824, -4.542770517508045280, 22.69558359426669369 ) ) ;
#5926 = ORIENTED_EDGE ( 'NONE', *, *, #5120, .F. ) ;
#5927 = EDGE_CURVE ( 'NONE', #6524, #7546, #2206, .T. ) ;
#5928 = CARTESIAN_POINT ( 'NONE',  ( 269.5318089767293941, -5.320931253219059798, 11.88260228646425709 ) ) ;
#5929 = CARTESIAN_POINT ( 'NONE',  ( 259.9162248919076319, -5.989957994262969265, 7.242312270626778847 ) ) ;
#5930 = CARTESIAN_POINT ( 'NONE',  ( 127.1418128868703263, -13.76501266647814248, 6.571459793981113684 ) ) ;
#5931 = B_SPLINE_CURVE_WITH_KNOTS ( 'NONE', 3,
 ( #5400, #4665, #1563, #6674 ),
 .UNSPECIFIED., .F., .F.,
 ( 4, 4 ),
 ( 0.01256524476951366778, 0.01803433870359096025 ),
 .UNSPECIFIED. ) ;
#5932 = CARTESIAN_POINT ( 'NONE',  ( 280.8954931988833437, -3.831324566893453909, 7.639237540437658680 ) ) ;
#5933 = CARTESIAN_POINT ( 'NONE',  ( 387.7454704894916517, -3.020887588268743151, 371.2300000000001887 ) ) ;
#5934 = CARTESIAN_POINT ( 'NONE',  ( 284.1162715072481433, -2.041649675551807430, 23.24999999818360408 ) ) ;
#5935 = EDGE_CURVE ( 'NONE', #5139, #1782, #6976, .T. ) ;
#5936 = CARTESIAN_POINT ( 'NONE',  ( 284.8956569457670867, 0.03449851374007322641, 23.24999999818363960 ) ) ;
#5937 = CARTESIAN_POINT ( 'NONE',  ( 391.0495571868602838, -2.794967622578814925, 371.2299999387094545 ) ) ;
#5938 = CARTESIAN_POINT ( 'NONE',  ( 276.9419539254923848, -4.547793517479314040, 7.509596832021305346 ) ) ;
#5939 = CARTESIAN_POINT ( 'NONE',  ( 381.3621611043332109, -0.7396379116866254044, 319.7184812297812755 ) ) ;
#5940 = CARTESIAN_POINT ( 'NONE',  ( 155.0780940939355332, -12.20994398054100927, 6.998380450677743170 ) ) ;
#5941 = CARTESIAN_POINT ( 'NONE',  ( 268.3174348322489209, -6.196522361694760228, 233.1396366719664002 ) ) ;
#5942 = CARTESIAN_POINT ( 'NONE',  ( 304.2710035687905474, -7.171442413635582547, 249.8200000000000216 ) ) ;
#5943 = VERTEX_POINT ( 'NONE', #5285 ) ;
#5944 = CARTESIAN_POINT ( 'NONE',  ( 280.9008404346241718, -3.832736169432073403, 7.665476618648024321 ) ) ;
#5945 =( BOUNDED_SURFACE ( )  B_SPLINE_SURFACE ( 3, 2, ( 
 ( #7278, #6061, #381 ),
 ( #3522, #3439, #7195 ),
 ( #1762, #2869, #3607 ),
 ( #1115, #4257, #5397 ) ),
 .UNSPECIFIED., .F., .F., .T. ) 
 B_SPLINE_SURFACE_WITH_KNOTS ( ( 4, 4 ),
 ( 3, 3 ),
 ( 0.08434755630389316472, 0.08715389877005660924 ),
 ( 0.2586793438533719902, 1.000000000000000000 ),
 .UNSPECIFIED. ) 
 GEOMETRIC_REPRESENTATION_ITEM ( )  RATIONAL_B_SPLINE_SURFACE ( (
 ( 0.8899233465701703594, 0.7872333913676835548, 1.000000000000000000),
 ( 0.8899304203204110308, 0.7872470641838720251, 1.000000000000000000),
 ( 0.8898673044367071405, 0.7871250678103627330, 1.000000000000000000),
 ( 0.8899231512050409520, 0.7872330137474095046, 1.000000000000000000) ) ) 
 REPRESENTATION_ITEM ( '' )  SURFACE ( )  );
#5946 = CARTESIAN_POINT ( 'NONE',  ( 177.8138813403257075, -11.10828706016739176, 6.883793154894755517 ) ) ;
#5947 = CARTESIAN_POINT ( 'NONE',  ( 346.3604993014764659, -2.934258134765002968, 371.0263987340678113 ) ) ;
#5948 = CARTESIAN_POINT ( 'NONE',  ( 140.7591346174804698, -12.11268810760087433, 23.90047254539777910 ) ) ;
#5949 = CARTESIAN_POINT ( 'NONE',  ( 377.6215372862482127, -1.610327692777830499, 371.1359648937157658 ) ) ;
#5950 = DIRECTION ( 'NONE',  ( -0.000000000000000000, 1.000000000000000000, -0.000000000000000000 ) ) ;
#5951 = CARTESIAN_POINT ( 'NONE',  ( 280.9689979592665736, -4.062878970429141035, 6.839183491517807134 ) ) ;
#5952 = B_SPLINE_SURFACE_WITH_KNOTS ( 'NONE', 3, 3, ( 
 ( #7099, #1499, #4075, #3992 ),
 ( #6484, #2762, #5256, #7744 ),
 ( #2150, #4646, #6082, #7417 ),
 ( #4318, #2400, #7455, #4355 ),
 ( #7380, #6694, #2438, #6734 ),
 ( #1825, #6812, #3628, #5464 ),
 ( #4966, #6772, #7911, #1787 ),
 ( #1211, #1864, #8031, #565 ),
 ( #2972, #2933, #5506, #1056 ),
 ( #1096, #1745, #6121, #4928 ),
 ( #4239, #3669, #2477, #3706 ),
 ( #6163, #7994, #1175, #4279 ),
 ( #1135, #6201, #3056, #3546 ),
 ( #7955, #6043, #601, #3588 ) ),
 .UNSPECIFIED., .F., .F., .F.,
 ( 4, 1, 1, 1, 1, 1, 2, 1, 1, 1, 4 ),
 ( 4, 4 ),
 ( 0.5708449312752239546, 0.6027543674415630770, 0.6346638036079023104, 0.6506185216910720381, 0.6665732397742415438, 0.6825279578574109385, 0.6984826759405806662, 0.7738620069554353886, 0.8492413379702903331, 0.9246206689851450555, 1.000000000000000000 ),
 ( 0.000000000000000000, 1.000000000000000000 ),
 .UNSPECIFIED. ) ;
#5953 = CARTESIAN_POINT ( 'NONE',  ( 277.2758726161546861, -4.743855489037069439, 21.20897033722477332 ) ) ;
#5954 = CARTESIAN_POINT ( 'NONE',  ( 218.5388205389588165, -1.951828005023325652, 249.8199999999999363 ) ) ;
#5955 = CARTESIAN_POINT ( 'NONE',  ( 281.6280652297959932, -2.328242140422041029, 6.499999998170845394 ) ) ;
#5956 = CARTESIAN_POINT ( 'NONE',  ( 212.8865765276313198, -1.960485057858456059, 249.8200000000000216 ) ) ;
#5957 = ORIENTED_EDGE ( 'NONE', *, *, #4480, .F. ) ;
#5958 = CARTESIAN_POINT ( 'NONE',  ( 242.4484594575751544, -7.187644414330601528, 7.121283079263249327 ) ) ;
#5959 = CARTESIAN_POINT ( 'NONE',  ( 145.7176381923717656, -12.56111497789676612, 20.31727952984438446 ) ) ;
#5960 = ORIENTED_EDGE ( 'NONE', *, *, #5478, .T. ) ;
#5961 = CARTESIAN_POINT ( 'NONE',  ( 379.3167518468380877, -0.04999999979002900385, 314.3830844655096257 ) ) ;
#5962 = CARTESIAN_POINT ( 'NONE',  ( 279.7274749145750548, -2.512455813136222460, 23.24999999818359342 ) ) ;
#5963 = CARTESIAN_POINT ( 'NONE',  ( 332.6273097066402897, -3.347309025546615135, 338.2322332492905161 ) ) ;
#5964 = CARTESIAN_POINT ( 'NONE',  ( 342.4136109535980381, -2.779478516044098235, 249.8200000000000784 ) ) ;
#5965 = CARTESIAN_POINT ( 'NONE',  ( 387.3127467041080081, -1.154182463551481241, 371.2299999932788523 ) ) ;
#5966 = DIRECTION ( 'NONE',  ( -6.757720053052907794E-14, 1.000000000000000000, 0.000000000000000000 ) ) ;
#5967 = CARTESIAN_POINT ( 'NONE',  ( 187.7776086115220266, -10.48629830131422125, 127.9099999999999966 ) ) ;
#5968 = CARTESIAN_POINT ( 'NONE',  ( 272.8741511583600641, -4.660397387465348373, 22.58958487552752104 ) ) ;
#5969 = VERTEX_POINT ( 'NONE', #5862 ) ;
#5970 = LINE ( 'NONE', #3962, #6770 ) ;
#5971 = CARTESIAN_POINT ( 'NONE',  ( 252.9454405655936000, -6.793183720057499819, 6.699256220081156954 ) ) ;
#5972 = CARTESIAN_POINT ( 'NONE',  ( 118.4108463842784005, -13.22958784736984583, 7.086318616451208641 ) ) ;
#5973 = CARTESIAN_POINT ( 'NONE',  ( 140.8171739970818805, -12.31772911015762340, 23.62563541556857771 ) ) ;
#5974 = EDGE_CURVE ( 'NONE', #7145, #566, #6589, .T. ) ;
#5975 = CARTESIAN_POINT ( 'NONE',  ( 161.3758886358396580, -12.73493350218523013, 5.999999998183607630 ) ) ;
#5976 = DIRECTION ( 'NONE',  ( -1.000000000000000000, 0.000000000000000000, 0.000000000000000000 ) ) ;
#5977 = CARTESIAN_POINT ( 'NONE',  ( 286.7768345825788288, -2.829644121227754994, 23.24999999819597463 ) ) ;
#5978 = CARTESIAN_POINT ( 'NONE',  ( 276.0583883403230629, -4.734381726756219599, 7.001172023757236573 ) ) ;
#5979 = CARTESIAN_POINT ( 'NONE',  ( 142.1068173319974335, -11.41935113149070347, 22.03829245808510606 ) ) ;
#5980 = CARTESIAN_POINT ( 'NONE',  ( 156.8574868722603526, -12.60389795080409847, 6.573978606412614667 ) ) ;
#5981 = CIRCLE ( 'NONE', #6639, 2.239792913343002567 ) ;
#5982 = CARTESIAN_POINT ( 'NONE',  ( 128.0315028149688885, -13.75168865740482715, 14.74952061108512602 ) ) ;
#5983 = EDGE_CURVE ( 'NONE', #7229, #8040, #5126, .T. ) ;
#5984 = CARTESIAN_POINT ( 'NONE',  ( 226.4867303293343923, -10.80858317645579092, 127.9099999999999966 ) ) ;
#5985 = EDGE_CURVE ( 'NONE', #2095, #1040, #3258, .T. ) ;
#5986 = EDGE_LOOP ( 'NONE', ( #5257, #4073, #7354, #6315 ) ) ;
#5987 = CARTESIAN_POINT ( 'NONE',  ( 280.9062008869223632, -3.834051508762424731, 7.691150162282702318 ) ) ;
#5988 = AXIS2_PLACEMENT_3D ( 'NONE', #2780, #7076, #2088 ) ;
#5989 = CARTESIAN_POINT ( 'NONE',  ( 163.8292288512107575, -11.73905314292652946, 6.994110520300680811 ) ) ;
#5990 = CARTESIAN_POINT ( 'NONE',  ( 387.2687824998188262, -3.052993700440981506, 371.2300000000001319 ) ) ;
#5991 = CARTESIAN_POINT ( 'NONE',  ( 140.7199396153240230, -12.12472264209442230, 23.82000883995189966 ) ) ;
#5992 = CARTESIAN_POINT ( 'NONE',  ( 388.8901328262676316, -0.8708531403568464668, 371.1362126859353339 ) ) ;
#5993 = CARTESIAN_POINT ( 'NONE',  ( 142.1068173319974335, -11.41935113149070347, 22.03829245808510606 ) ) ;
#5994 = CARTESIAN_POINT ( 'NONE',  ( 280.8565978831342136, -3.934478731365071091, 7.073032091880958383 ) ) ;
#5995 = CARTESIAN_POINT ( 'NONE',  ( 282.7057938860484683, -4.297341197244493038, 21.21821728972195942 ) ) ;
#5996 = CARTESIAN_POINT ( 'NONE',  ( 223.0367874011210176, -2.968441210002572994, 249.8200000000000784 ) ) ;
#5997 = CARTESIAN_POINT ( 'NONE',  ( 159.8759738817484219, -12.81346144725308100, 6.499999998183606742 ) ) ;
#5998 = CIRCLE ( 'NONE', #2460, 2.239792913342995906 ) ;
#5999 = CARTESIAN_POINT ( 'NONE',  ( 119.5363674843505351, -4.682138668501612422, 127.9099999999999966 ) ) ;
#6000 = VERTEX_POINT ( 'NONE', #3367 ) ;
#6001 = CARTESIAN_POINT ( 'NONE',  ( 242.4840256061992534, -7.734021355434665068, 6.574185978487935955 ) ) ;
#6002 = CARTESIAN_POINT ( 'NONE',  ( 145.5591571466202652, -12.55112861603851826, 21.74079612398118400 ) ) ;
#6003 = ORIENTED_EDGE ( 'NONE', *, *, #3540, .T. ) ;
#6004 = CARTESIAN_POINT ( 'NONE',  ( 400.6124859358356503, -0.05053138139434574377, 371.2300000000000182 ) ) ;
#6005 = DIRECTION ( 'NONE',  ( -1.143066709278450520E-14, 0.000000000000000000, 1.000000000000000000 ) ) ;
#6006 = CARTESIAN_POINT ( 'NONE',  ( 285.9628269293035601, -3.707854979577942522, 23.24999999818452423 ) ) ;
#6007 = CARTESIAN_POINT ( 'NONE',  ( 266.0696750951678382, -6.239837041343429647, 233.4866666666664230 ) ) ;
#6008 = CARTESIAN_POINT ( 'NONE',  ( 250.9676500943292012, -6.524703413581841360, 6.000000000000015099 ) ) ;
#6009 = CARTESIAN_POINT ( 'NONE',  ( 142.5909237898645756, -12.64125633718191821, 20.22124151040526741 ) ) ;
#6010 = CARTESIAN_POINT ( 'NONE',  ( 308.0337858930063248, -1.914578881531977750, 117.9534504025094179 ) ) ;
#6011 = CONICAL_SURFACE ( 'NONE', #6139, 2.050000000000023803, 0.05235987755983000091 ) ;
#6012 = CARTESIAN_POINT ( 'NONE',  ( 266.4934365657377953, -7.114364965204241109, 249.8200000000000500 ) ) ;
#6013 = CARTESIAN_POINT ( 'NONE',  ( 271.9188299089985321, -5.156991826713261062, 21.89052439783928605 ) ) ;
#6014 = ORIENTED_EDGE ( 'NONE', *, *, #5366, .F. ) ;
#6015 = CARTESIAN_POINT ( 'NONE',  ( 119.6626087957955775, -13.76825219642846498, 11.59999999818355221 ) ) ;
#6016 = CARTESIAN_POINT ( 'NONE',  ( 249.4951148845279079, -7.653929463264058874, 6.500047853812873200 ) ) ;
#6017 = CARTESIAN_POINT ( 'NONE',  ( 116.6767255284973999, -13.12822722301106459, 7.196095070929325210 ) ) ;
#6018 = CARTESIAN_POINT ( 'NONE',  ( 345.9482648675702876, -3.173424774742934051, 339.9764255448494623 ) ) ;
#6019 = CARTESIAN_POINT ( 'NONE',  ( 132.7025145766137371, -12.20289280671335774, 23.97292614435571068 ) ) ;
#6020 = CARTESIAN_POINT ( 'NONE',  ( 260.3759738565249222, -8.019365586350645003, 6.333333284564427679 ) ) ;
#6021 = CARTESIAN_POINT ( 'NONE',  ( 287.5810915158106695, -0.8193062220877087576, 23.24999999818377816 ) ) ;
#6022 = PERSON_AND_ORGANIZATION ( #6784, #6357 ) ;
#6023 = CARTESIAN_POINT ( 'NONE',  ( 270.3621852753383337, -5.333244423362941689, 6.892288006132790024 ) ) ;
#6024 = CARTESIAN_POINT ( 'NONE',  ( 125.7077505053846238, -11.46661354048733550, 22.03251125342560002 ) ) ;
#6025 = CARTESIAN_POINT ( 'NONE',  ( 146.3513515834331713, -12.72985092351469127, 6.994426442845912639 ) ) ;
#6026 = CARTESIAN_POINT ( 'NONE',  ( 127.4974840630932960, -13.81074564193359677, 12.45038318853542414 ) ) ;
#6027 = CARTESIAN_POINT ( 'NONE',  ( 323.3217049149163245, -6.079531273181487450, 249.8200000000000216 ) ) ;
#6028 = ORIENTED_EDGE ( 'NONE', *, *, #7279, .F. ) ;
#6029 = DIRECTION ( 'NONE',  ( 1.090230212293653796E-14, 1.000000000000000000, -0.000000000000000000 ) ) ;
#6030 = CARTESIAN_POINT ( 'NONE',  ( 162.0982520250222763, -12.20013347697941519, 6.623174729236932734 ) ) ;
#6031 = CARTESIAN_POINT ( 'NONE',  ( 263.8759738565269117, -7.790403373020946098, 6.499999998183606742 ) ) ;
#6032 = CARTESIAN_POINT ( 'NONE',  ( 163.4123579420065653, -13.72471517353770309, 6.216956079250858025 ) ) ;
#6033 = CARTESIAN_POINT ( 'NONE',  ( 382.1281191241790225, -1.301008567503308955, 371.0317655235368761 ) ) ;
#6034 = CARTESIAN_POINT ( 'NONE',  ( 125.9876185812804295, -11.15431805044013025, 22.47516265170397531 ) ) ;
#6035 = CARTESIAN_POINT ( 'NONE',  ( 280.4952603237138646, -4.067519042146503949, 7.191190451164644060 ) ) ;
#6036 = EDGE_CURVE ( 'NONE', #7730, #282, #8045, .T. ) ;
#6037 = CARTESIAN_POINT ( 'NONE',  ( 282.3687231556818347, -4.323740013343732258, 21.22454167849078743 ) ) ;
#6038 = CARTESIAN_POINT ( 'NONE',  ( 18.31857487324353784, -0.6026547505787588355, 6.000000000000000000 ) ) ;
#6039 = CARTESIAN_POINT ( 'NONE',  ( 281.1861446723856943, -3.072848793146453428, 6.499999998183786154 ) ) ;
#6040 = CARTESIAN_POINT ( 'NONE',  ( 216.1985614270869007, -3.573333213291467914, 249.8200000000000500 ) ) ;
#6041 = ORIENTED_EDGE ( 'NONE', *, *, #829, .F. ) ;
#6042 = CARTESIAN_POINT ( 'NONE',  ( 226.7558554278057272, -8.608478053232982319, 6.624075849964583540 ) ) ;
#6043 = CARTESIAN_POINT ( 'NONE',  ( 278.7239186948085603, -7.007509391406426147, 249.8200000000000500 ) ) ;
#6044 = ORIENTED_EDGE ( 'NONE', *, *, #7271, .T. ) ;
#6045 = CARTESIAN_POINT ( 'NONE',  ( 123.1266354367237881, -12.81791479472425621, 17.27331619423483033 ) ) ;
#6046 = CARTESIAN_POINT ( 'NONE',  ( 282.0236770026432396, -3.629613392639095437, 6.732334701848995628 ) ) ;
#6047 = ADVANCED_FACE ( 'NONE', ( #2221 ), #1448, .T. ) ;
#6048 = CARTESIAN_POINT ( 'NONE',  ( 285.4272738160496488, -3.977590491730901512, 23.24999999818356855 ) ) ;
#6049 = CARTESIAN_POINT ( 'NONE',  ( 198.0019485949441389, -9.258930914266429113, 128.2433333333335383 ) ) ;
#6050 = CARTESIAN_POINT ( 'NONE',  ( 381.5228210495267263, -1.340383688389630512, 371.7299999999997908 ) ) ;
#6051 = CARTESIAN_POINT ( 'NONE',  ( 346.4892269972840495, -3.132129857314862154, 371.2300000000000182 ) ) ;
#6052 = CARTESIAN_POINT ( 'NONE',  ( 327.4884577070369573, -3.752712486662049596, 341.1775652313127125 ) ) ;
#6053 = CARTESIAN_POINT ( 'NONE',  ( 345.0782900325217497, -3.729231511437831159, 371.7300000000000182 ) ) ;
#6054 = CARTESIAN_POINT ( 'NONE',  ( 271.7722516225456957, -5.202425440541063040, 21.78577394348490159 ) ) ;
#6055 = ORIENTED_EDGE ( 'NONE', *, *, #2085, .F. ) ;
#6056 = CARTESIAN_POINT ( 'NONE',  ( 119.5779237196400260, -13.76558930354137189, 11.59999999818355931 ) ) ;
#6057 = CARTESIAN_POINT ( 'NONE',  ( 251.1741344996599139, -6.551030641425275469, 7.244916376073862629 ) ) ;
#6058 = CARTESIAN_POINT ( 'NONE',  ( 116.6780800227301995, -13.09071844593101552, 7.449410095898923778 ) ) ;
#6059 = CARTESIAN_POINT ( 'NONE',  ( 282.8293837650608111, -4.458269417859120232, 6.499999998183626282 ) ) ;
#6060 = CARTESIAN_POINT ( 'NONE',  ( 282.8101502790279369, -0.04999999999999999584, 6.785608890720141062 ) ) ;
#6061 = CARTESIAN_POINT ( 'NONE',  ( 144.9063956232841974, -11.06015398257132532, 22.16155127283306214 ) ) ;
#6062 = CARTESIAN_POINT ( 'NONE',  ( 286.3985458584999151, -3.329310735223194317, 23.24999999818421514 ) ) ;
#6063 = CARTESIAN_POINT ( 'NONE',  ( 272.9644298449526900, -4.902453075385719394, 7.253112668846379840 ) ) ;
#6064 = DIRECTION ( 'NONE',  ( -0.000000000000000000, -1.000000000000000000, -0.000000000000000000 ) ) ;
#6065 = CARTESIAN_POINT ( 'NONE',  ( 151.6069826315195712, -12.80358363514579700, 6.624158250388314073 ) ) ;
#6066 = CARTESIAN_POINT ( 'NONE',  ( 399.9126848636382761, -0.05000691978990020464, 371.0920054824943577 ) ) ;
#6067 = CARTESIAN_POINT ( 'NONE',  ( 259.9270445125203537, -8.045109651180320398, 6.000000000000000888 ) ) ;
#6068 = ORIENTED_EDGE ( 'NONE', *, *, #4927, .T. ) ;
#6069 = CARTESIAN_POINT ( 'NONE',  ( 125.6117545069074311, -12.90098504193865026, 16.59999999818359484 ) ) ;
#6070 = CARTESIAN_POINT ( 'NONE',  ( 167.3187948441805020, -11.44276290054212808, 7.501507157269814208 ) ) ;
#6071 = CARTESIAN_POINT ( 'NONE',  ( 125.9393494211056037, -13.05116770120204528, 11.61620965439958120 ) ) ;
#6072 = CARTESIAN_POINT ( 'NONE',  ( 373.1227130162725985, -2.051813052805996573, 371.2299895167183763 ) ) ;
#6073 = CARTESIAN_POINT ( 'NONE',  ( 333.3409039918656731, -4.347937960198704488, 339.4026691570645085 ) ) ;
#6074 = CARTESIAN_POINT ( 'NONE',  ( 280.8003146794993654, -3.916252355390763107, 7.207803360146995963 ) ) ;
#6075 = CARTESIAN_POINT ( 'NONE',  ( 276.8718737820988736, -4.783437143240103495, 21.20833555096264789 ) ) ;
#6076 = CARTESIAN_POINT ( 'NONE',  ( 215.3302449687973592, -0.7606635437585160808, 249.8200000000000784 ) ) ;
#6077 = CARTESIAN_POINT ( 'NONE',  ( 391.1781670273032319, -0.8897666349999027169, 371.2299999826689145 ) ) ;
#6078 = CARTESIAN_POINT ( 'NONE',  ( 310.8660936787800324, -1.817607341995127967, 371.7299999999999045 ) ) ;
#6079 = VERTEX_POINT ( 'NONE', #4105 ) ;
#6080 = EDGE_CURVE ( 'NONE', #6241, #5943, #4738, .T. ) ;
#6081 = CARTESIAN_POINT ( 'NONE',  ( 233.7430143243566363, -8.170083843126336731, 6.624143976632726805 ) ) ;
#6082 = CARTESIAN_POINT ( 'NONE',  ( 188.3793469613396496, -10.48122100344611063, 127.9100000000002666 ) ) ;
#6083 = ORIENTED_EDGE ( 'NONE', *, *, #1381, .T. ) ;
#6084 = CARTESIAN_POINT ( 'NONE',  ( 332.7386224843007199, -3.696303773650599478, 340.2251072210756320 ) ) ;
#6085 = CARTESIAN_POINT ( 'NONE',  ( 281.3379565793760548, -4.112630522446326431, 6.645238572390478105 ) ) ;
#6086 = CARTESIAN_POINT ( 'NONE',  ( 285.0231837444208054, -4.086046740751466899, 23.24999999818407304 ) ) ;
#6087 = CARTESIAN_POINT ( 'NONE',  ( 191.2246946473418916, -9.167748269928106097, 128.2433333333332826 ) ) ;
#6088 = CARTESIAN_POINT ( 'NONE',  ( 389.8511727019518958, -0.7883710211141140567, 371.7300000000001319 ) ) ;
#6089 = CARTESIAN_POINT ( 'NONE',  ( 348.6748932375290337, -2.094219778967889134, 229.8748124486535289 ) ) ;
#6090 = CARTESIAN_POINT ( 'NONE',  ( 397.6768377858996928, -0.1707936188614326833, 366.5935787009991600 ) ) ;
#6091 = CARTESIAN_POINT ( 'NONE',  ( 113.9835316668731338, -13.84170918729117261, 6.000000000000002665 ) ) ;
#6092 = EDGE_CURVE ( 'NONE', #6981, #6452, #6207, .T. ) ;
#6093 = CARTESIAN_POINT ( 'NONE',  ( 144.9164037865288037, -11.55446661381954243, 22.50000000000000000 ) ) ;
#6094 = ORIENTED_EDGE ( 'NONE', *, *, #5881, .T. ) ;
#6095 = CARTESIAN_POINT ( 'NONE',  ( 346.4227072676759462, -2.949377873790878901, 371.1247895317107464 ) ) ;
#6096 = CARTESIAN_POINT ( 'NONE',  ( 251.1924703720816012, -6.819092661244963161, 6.793062818651275592 ) ) ;
#6097 = CARTESIAN_POINT ( 'NONE',  ( 114.9161495138764053, -13.52923404966804988, 6.614421376507240602 ) ) ;
#6098 = CARTESIAN_POINT ( 'NONE',  ( 282.4833624674074599, -2.308948947297545740, 23.24999999818360763 ) ) ;
#6099 = CARTESIAN_POINT ( 'NONE',  ( 131.5457173762322327, -12.20356988590417480, 23.96994763660362082 ) ) ;
#6100 = FACE_OUTER_BOUND ( 'NONE', #2106, .T. ) ;
#6101 = CARTESIAN_POINT ( 'NONE',  ( 287.5963386564614552, -0.7274059046564501640, 23.24999999818358987 ) ) ;
#6102 = B_SPLINE_CURVE_WITH_KNOTS ( 'NONE', 3,
 ( #7619, #2521, #4398, #7659, #3259, #721, #201, #82, #3866, #5051, #685, #5011, #6973, #4481, #5752, #7538, #6401, #5177, #5791, #1375, #3950, #7581, #6893, #5628, #2067, #6287, #1299, #1950, #4520, #2028, #7059, #1990, #1414, #1458, #163, #3790, #6359, #3215, #2683, #6442, #7012, #47, #4441, #1337, #3177, #5096, #3828, #7499, #5707, #846, #122, #763, #2645, #7831, #4035, #1661, #2893, #363, #2847, #7786, #3461, #2233 ),
 .UNSPECIFIED., .F., .F.,
 ( 4, 2, 2, 1, 1, 1, 1, 1, 2, 2, 2, 2, 2, 1, 1, 1, 1, 2, 2, 2, 2, 1, 1, 2, 2, 2, 2, 2, 1, 1, 1, 2, 2, 2, 2, 2, 2, 4 ),
 ( 0.000000000000000000, 0.1250000000010962620, 0.1875000000016444068, 0.2187500000019184654, 0.2343750000020636270, 0.2421875000021274926, 0.2460937500021504465, 0.2480468750021619095, 0.2490234375021583846, 0.2500000000021548874, 0.3750000000019462210, 0.4375000000018363089, 0.4687500000017812973, 0.4843750000017481572, 0.4921875000017316149, 0.4960937500017233437, 0.4980468750017191804, 0.4990234375017115753, 0.5000000000017038593, 0.6250000000012494450, 0.6875000000010158541, 0.7187500000008990586, 0.7343750000008353318, 0.7421875000008085754, 0.7500000000007818191, 0.8125000000005392353, 0.8437500000004122258, 0.8593750000003425038, 0.8671875000003143041, 0.8710937500003000933, 0.8730468750002862155, 0.8740234375002861045, 0.8750000000002859935, 0.9062500000002143841, 0.9218750000001787459, 0.9375000000001429967, 0.9687500000000714984, 1.000000000000000000 ),
 .UNSPECIFIED. ) ;
#6103 = CARTESIAN_POINT ( 'NONE',  ( 272.1174092114562200, -5.254583227324348904, 6.796841757992288180 ) ) ;
#6104 = FACE_OUTER_BOUND ( 'NONE', #2612, .T. ) ;
#6105 = CARTESIAN_POINT ( 'NONE',  ( 151.6145566660318025, -12.92594442552299761, 6.574128508450186814 ) ) ;
#6106 = CARTESIAN_POINT ( 'NONE',  ( 333.6945973998165300, -4.455766904865089195, 339.9827963716147110 ) ) ;
#6107 = CARTESIAN_POINT ( 'NONE',  ( 266.1336133106827333, -7.613046942012441143, 5.999999999999999112 ) ) ;
#6108 = ORIENTED_EDGE ( 'NONE', *, *, #46, .T. ) ;
#6109 = CARTESIAN_POINT ( 'NONE',  ( 367.3976192029929280, -2.769195165863672425, 249.8200000000000216 ) ) ;
#6110 = CARTESIAN_POINT ( 'NONE',  ( 165.6137131713228996, -12.40547644133643423, 6.498765333934504618 ) ) ;
#6111 = CARTESIAN_POINT ( 'NONE',  ( 284.2808958323502111, -2.283204347232370868, 23.22992239954768934 ) ) ;
#6112 = CARTESIAN_POINT ( 'NONE',  ( 132.4801267754280616, -11.56631608412172696, 22.03230191599291388 ) ) ;
#6113 = CARTESIAN_POINT ( 'NONE',  ( 333.6015824990274723, -4.451385274882550647, 339.8302335188778329 ) ) ;
#6114 = CARTESIAN_POINT ( 'NONE',  ( 279.0987517675717413, -4.647191356276586305, 6.801487143433992522 ) ) ;
#6115 = CARTESIAN_POINT ( 'NONE',  ( 276.5684739971911199, -4.813352688791308509, 21.20794695391519014 ) ) ;
#6116 = LINE ( 'NONE', #1206, #4826 ) ;
#6117 = CARTESIAN_POINT ( 'NONE',  ( 332.0758014954453756, -3.240518387829040670, 337.7187488652764955 ) ) ;
#6118 = CARTESIAN_POINT ( 'NONE',  ( 231.3583069331226909, -6.524125863446045948, 249.8199999999999079 ) ) ;
#6119 = ORIENTED_EDGE ( 'NONE', *, *, #387, .F. ) ;
#6120 = CARTESIAN_POINT ( 'NONE',  ( 230.2181576561145846, -7.890635262808495476, 7.508044590219235204 ) ) ;
#6121 = CARTESIAN_POINT ( 'NONE',  ( 194.0688761759000158, -10.54641193101736363, 127.9099999999999113 ) ) ;
#6122 = ORIENTED_EDGE ( 'NONE', *, *, #3378, .T. ) ;
#6123 = CARTESIAN_POINT ( 'NONE',  ( 329.5921818430368262, -3.767623191048639963, 340.2288961256706443 ) ) ;
#6124 = CARTESIAN_POINT ( 'NONE',  ( 281.1283919359603374, -3.702344904020600236, 7.350981833780042329 ) ) ;
#6125 = CARTESIAN_POINT ( 'NONE',  ( 286.0320560589966021, -3.672987187068300852, 23.24999999818354723 ) ) ;
#6126 = CIRCLE ( 'NONE', #4943, 1.902709655758831664 ) ;
#6127 = CARTESIAN_POINT ( 'NONE',  ( 191.0448837161703750, -9.163605081068739722, 128.2433333333332826 ) ) ;
#6128 = CARTESIAN_POINT ( 'NONE',  ( 278.9407422932095528, -5.805815825899978577, 127.9099999999999966 ) ) ;
#6129 = CARTESIAN_POINT ( 'NONE',  ( 399.1561195552115464, -0.05284766119182547628, 366.3799999999587840 ) ) ;
#6130 = CARTESIAN_POINT ( 'NONE',  ( 128.7347493281679647, -12.66301553109008893, 23.13803140009042991 ) ) ;
#6131 = AXIS2_PLACEMENT_3D ( 'NONE', #1104, #3596, #7223 ) ;
#6132 = FACE_OUTER_BOUND ( 'NONE', #6650, .T. ) ;
#6133 = ORIENTED_EDGE ( 'NONE', *, *, #4083, .T. ) ;
#6134 = CARTESIAN_POINT ( 'NONE',  ( 390.7454704894916517, -2.815984985625258563, 371.2300000000000750 ) ) ;
#6135 = EDGE_CURVE ( 'NONE', #131, #5228, #7646, .T. ) ;
#6136 = ADVANCED_FACE ( 'NONE', ( #7331 ), #6461, .T. ) ;
#6137 = CARTESIAN_POINT ( 'NONE',  ( 120.1519556470178856, -13.19464829816016227, 7.208408185925582856 ) ) ;
#6138 = CARTESIAN_POINT ( 'NONE',  ( 391.2454704664331189, -0.8850395335899788885, 371.2300000000000182 ) ) ;
#6139 = AXIS2_PLACEMENT_3D ( 'NONE', #753, #5085, #3895 ) ;
#6140 = CARTESIAN_POINT ( 'NONE',  ( 276.5455522543697953, -2.806339307808026984, 23.24999999818360408 ) ) ;
#6141 = B_SPLINE_CURVE_WITH_KNOTS ( 'NONE', 3,
 ( #6501, #4093, #4583, #6419, #380, #3967, #5848, #301, #3354, #6460 ),
 .UNSPECIFIED., .F., .F.,
 ( 4, 2, 2, 2, 4 ),
 ( 0.000000000000000000, 0.0005015423101307974569, 0.001003084620261594914, 0.001504626930392392262, 0.002006169240523189828 ),
 .UNSPECIFIED. ) ;
#6142 = CARTESIAN_POINT ( 'NONE',  ( 346.3604993014764659, -2.934258134765002968, 371.0263987340678113 ) ) ;
#6143 = CARTESIAN_POINT ( 'NONE',  ( 400.6069285687169099, -0.005369419538617173707, 371.2300000000000182 ) ) ;
#6144 = CARTESIAN_POINT ( 'NONE',  ( 286.3738596887395147, -3.357954000785154935, 23.24999999818348684 ) ) ;
#6145 = DATE_AND_TIME ( #3650, #6758 ) ;
#6146 = CARTESIAN_POINT ( 'NONE',  ( 273.8844430845251168, -5.290405760726210715, 6.625834609676578779 ) ) ;
#6148 = ADVANCED_FACE ( 'NONE', ( #1775, #1651, #437 ), #4144, .T. ) ;
#6147 = CARTESIAN_POINT ( 'NONE',  ( 222.9572185726242708, -10.42775163215987000, 6.499999998183588090 ) ) ;
#6149 = CARTESIAN_POINT ( 'NONE',  ( 151.5942450320301020, -12.59780390988598420, 6.792393909533006813 ) ) ;
#6150 = FACE_OUTER_BOUND ( 'NONE', #6539, .T. ) ;
#6151 = CARTESIAN_POINT ( 'NONE',  ( 399.0870527551110172, -2.227377375489122180, 371.7299999999999613 ) ) ;
#6152 = CARTESIAN_POINT ( 'NONE',  ( 410.4955937644003825, -1.359037881922445123, 371.7300000000000182 ) ) ;
#6153 = CARTESIAN_POINT ( 'NONE',  ( 284.1570786835827676, -2.101662423394202506, 23.24907254847139981 ) ) ;
#6154 = CARTESIAN_POINT ( 'NONE',  ( 281.3143903996374320, -4.411732178286456474, 6.530330039833316391 ) ) ;
#6155 = DIRECTION ( 'NONE',  ( 0.000000000000000000, 0.000000000000000000, -1.000000000000000000 ) ) ;
#6156 = CARTESIAN_POINT ( 'NONE',  ( 280.1673834985763847, -4.185918394352669658, 7.175011245046029273 ) ) ;
#6157 = FACE_OUTER_BOUND ( 'NONE', #2983, .T. ) ;
#6158 = DIRECTION ( 'NONE',  ( 6.409306129323724811E-18, 0.9986295347545739443, -0.05233595624294395260 ) ) ;
#6159 = CARTESIAN_POINT ( 'NONE',  ( 410.0459596642710380, -1.386330786480385990, 371.2300000000000750 ) ) ;
#6160 = CARTESIAN_POINT ( 'NONE',  ( 224.1997394391378577, -5.385827299504301280, 249.8200000000000216 ) ) ;
#6161 = ORIENTED_EDGE ( 'NONE', *, *, #5185, .F. ) ;
#6162 = CARTESIAN_POINT ( 'NONE',  ( 219.7380408779881122, -8.536548370098179461, 7.507128196048928004 ) ) ;
#6163 = CARTESIAN_POINT ( 'NONE',  ( 351.0662040089308107, -3.613588518994200971, 371.7299999999998477 ) ) ;
#6164 = EDGE_LOOP ( 'NONE', ( #2069, #6400, #2848, #5082, #5265, #3976, #4700 ) ) ;
#6165 = CARTESIAN_POINT ( 'NONE',  ( 123.2431549092777345, -12.77957939694105605, 18.13440074790967671 ) ) ;
#6166 = CARTESIAN_POINT ( 'NONE',  ( 281.5495525407722539, -4.298703009524047047, 6.528346086536036097 ) ) ;
#6167 = CARTESIAN_POINT ( 'NONE',  ( 281.8436474904238480, -4.381655148254226084, 23.24999999817816843 ) ) ;
#6168 = CARTESIAN_POINT ( 'NONE',  ( 348.6395512420726845, -2.881763893509782459, 371.7300000000001319 ) ) ;
#6169 = CARTESIAN_POINT ( 'NONE',  ( 144.1176788399096438, -12.60514854186939893, 20.22005615211783081 ) ) ;
#6170 = CARTESIAN_POINT ( 'NONE',  ( 126.5436581308496926, -12.33191872121079591, 23.35461874303290841 ) ) ;
#6171 = CARTESIAN_POINT ( 'NONE',  ( 325.7915782255540762, -4.620335262221042960, 339.1079386264880213 ) ) ;
#6172 = ORIENTED_EDGE ( 'NONE', *, *, #7074, .F. ) ;
#6173 = B_SPLINE_CURVE_WITH_KNOTS ( 'NONE', 3,
 ( #3144, #689, #6138, #1189 ),
 .UNSPECIFIED., .F., .F.,
 ( 4, 4 ),
 ( 0.000000000000000000, 1.000000000000000000 ),
 .UNSPECIFIED. ) ;
#6174 = CARTESIAN_POINT ( 'NONE',  ( 142.1006890598507368, -11.11138328381855267, 22.49164630772789408 ) ) ;
#6175 = CARTESIAN_POINT ( 'NONE',  ( 145.3334185850950462, -12.57274184900927416, 20.24387081796163912 ) ) ;
#6176 = CARTESIAN_POINT ( 'NONE',  ( 366.1135030663025418, -2.432760770470855149, 371.2300000666838287 ) ) ;
#6177 = CARTESIAN_POINT ( 'NONE',  ( 282.7778369833657734, -2.283251600292353523, 23.24999999818360763 ) ) ;
#6178 = APPROVAL ( #6588, 'UNSPECIFIED' ) ;
#6179 = EDGE_CURVE ( 'NONE', #6452, #2681, #1233, .T. ) ;
#6180 = CARTESIAN_POINT ( 'NONE',  ( 333.9339759779692258, -3.490506368808031556, 351.3720744340004103 ) ) ;
#6181 = CARTESIAN_POINT ( 'NONE',  ( 399.7876306872685177, -0.07802208163195938073, 371.0877561248738630 ) ) ;
#6182 = CARTESIAN_POINT ( 'NONE',  ( 285.8621951961575292, -2.946424900362365484, 20.74178123167390808 ) ) ;
#6183 = CARTESIAN_POINT ( 'NONE',  ( 270.3423789836019182, -5.139811510380685178, 7.522170203699643842 ) ) ;
#6184 = CARTESIAN_POINT ( 'NONE',  ( 198.2221162502747234, -11.88345740937636208, 6.499999998183588978 ) ) ;
#6185 = CARTESIAN_POINT ( 'NONE',  ( 149.8538051895100693, -12.79972598039458376, 6.698603029034135403 ) ) ;
#6186 = CARTESIAN_POINT ( 'NONE',  ( 126.6610090064075820, -12.61074515970773646, 23.13340903852171948 ) ) ;
#6187 = CARTESIAN_POINT ( 'NONE',  ( 284.9060331983897640, -7.510719928377755927, 127.9099999999999966 ) ) ;
#6188 = DIRECTION ( 'NONE',  ( 1.000000000000000000, 0.000000000000000000, -0.000000000000000000 ) ) ;
#6189 = EDGE_CURVE ( 'NONE', #1459, #5659, #2778, .T. ) ;
#6190 = CARTESIAN_POINT ( 'NONE',  ( 284.1873001485096779, -2.146041580402421989, 23.24634889409563954 ) ) ;
#6191 = CARTESIAN_POINT ( 'NONE',  ( 136.6069784810150338, -11.53295109546431263, 22.03250457060852341 ) ) ;
#6192 = CARTESIAN_POINT ( 'NONE',  ( 387.2920217325141721, -3.051486621159153589, 371.2299999387094545 ) ) ;
#6193 = CARTESIAN_POINT ( 'NONE',  ( 279.4772006097541635, -4.488458682088772633, 6.904254963820769753 ) ) ;
#6194 = CARTESIAN_POINT ( 'NONE',  ( 130.3759738565263433, -3.557191007521779635, 6.499999998183625394 ) ) ;
#6195 = CARTESIAN_POINT ( 'NONE',  ( 163.3759738565270538, -13.72649416501748298, 6.499999998183596084 ) ) ;
#6196 = CARTESIAN_POINT ( 'NONE',  ( 281.4582013344148663, -4.666061216971206349, 6.499999998183565886 ) ) ;
#6197 = CARTESIAN_POINT ( 'NONE',  ( 314.4195875540832503, -2.677694193239282594, 371.7300000000000182 ) ) ;
#6198 = ORIENTED_EDGE ( 'NONE', *, *, #1678, .F. ) ;
#6199 = B_SPLINE_CURVE_WITH_KNOTS ( 'NONE', 3,
 ( #4174, #6020, #4871, #2911 ),
 .UNSPECIFIED., .F., .F.,
 ( 4, 4 ),
 ( 0.000000000000000000, 0.0005000139374849380935 ),
 .UNSPECIFIED. ) ;
#6200 = CARTESIAN_POINT ( 'NONE',  ( 223.2553169432023878, -8.711704579739995680, 6.698611943945414815 ) ) ;
#6201 = CARTESIAN_POINT ( 'NONE',  ( 277.8167136650683915, -7.029282097473755542, 249.8200000000000216 ) ) ;
#6202 = ORIENTED_EDGE ( 'NONE', *, *, #2486, .T. ) ;
#6203 = CARTESIAN_POINT ( 'NONE',  ( 399.8585840289986209, -0.2638758338592752106, 371.2300000000000182 ) ) ;
#6204 = CARTESIAN_POINT ( 'NONE',  ( 281.6149070206685110, -4.426654001596226351, 6.498537971476013198 ) ) ;
#6205 = CARTESIAN_POINT ( 'NONE',  ( 281.4922991363708320, -4.406346247352503021, 23.24999999818288998 ) ) ;
#6206 = ADVANCED_BREP_SHAPE_REPRESENTATION ( 'Radome gauche V4', ( #5414, #2837 ), #3131 ) ;
#6207 = B_SPLINE_CURVE_WITH_KNOTS ( 'NONE', 3,
 ( #230, #1489, #3980, #6472, #274, #2752, #1815, #5534, #3619, #590, #5570, #2962, #519, #7901, #3659, #7943, #2303, #3047, #8020, #4845 ),
 .UNSPECIFIED., .F., .F.,
 ( 4, 2, 2, 2, 2, 2, 2, 2, 2, 4 ),
 ( 0.1337071781756996036, 0.1381391225601737716, 0.1425710669446479395, 0.1447870391368850373, 0.1470030113291221352, 0.1492189835213592053, 0.1503269696174777681, 0.1508809626655371050, 0.1511579591895668706, 0.1514349557135966085 ),
 .UNSPECIFIED. ) ;
#6208 = CARTESIAN_POINT ( 'NONE',  ( 289.5461542583136065, -5.804727532491616770, 249.8199999999999363 ) ) ;
#6209 = CARTESIAN_POINT ( 'NONE',  ( 399.0200054145796003, -0.05063281359818068428, 367.9942370097287494 ) ) ;
#6210 = CARTESIAN_POINT ( 'NONE',  ( 340.1636027076426672, -0.6082465939135039967, 206.4999999981835686 ) ) ;
#6211 = CARTESIAN_POINT ( 'NONE',  ( 365.9201364347123899, -2.442481740516726507, 371.2299999281618170 ) ) ;
#6212 = ORIENTED_EDGE ( 'NONE', *, *, #872, .F. ) ;
#6213 = CARTESIAN_POINT ( 'NONE',  ( 285.0063549867310257, -1.616373587256420219, 23.24999999818361118 ) ) ;
#6214 = CARTESIAN_POINT ( 'NONE',  ( 145.1438308786102596, -12.57826681377745714, 20.21992221589737682 ) ) ;
#6215 = CARTESIAN_POINT ( 'NONE',  ( 387.7454704894915949, -1.124940481656710567, 371.7300000000000182 ) ) ;
#6216 = CARTESIAN_POINT ( 'NONE',  ( 282.1341017575478531, -5.217232164248914117, 6.499999998183611183 ) ) ;
#6217 = CARTESIAN_POINT ( 'NONE',  ( 332.2521437292441533, -3.440427939755768438, 337.6168867696390521 ) ) ;
#6218 = CARTESIAN_POINT ( 'NONE',  ( 400.6190027022704498, -0.04871591119687785493, 371.2300000000000182 ) ) ;
#6219 = CARTESIAN_POINT ( 'NONE',  ( 285.2289615091201540, -3.702122585744834993, 20.82095518939104650 ) ) ;
#6220 = CARTESIAN_POINT ( 'NONE',  ( 286.0367772576401535, -4.647769431568177900, 57.35166667196522639 ) ) ;
#6221 = CARTESIAN_POINT ( 'NONE',  ( 263.4011052002882138, -5.743725353368673403, 7.509685610227864849 ) ) ;
#6222 = CARTESIAN_POINT ( 'NONE',  ( 344.6180100404977225, -1.733254797699780525, 339.7299999999997340 ) ) ;
#6223 = B_SPLINE_CURVE_WITH_KNOTS ( 'NONE', 3,
 ( #2140, #2178, #7088, #2604, #4635, #958, #3450, #7126, #1527, #4020 ),
 .UNSPECIFIED., .F., .F.,
 ( 4, 2, 2, 2, 4 ),
 ( 0.000000000000000000, 0.0005569902081355960436, 0.001113980416271192087, 0.001670970624406788131, 0.002227960832542384174 ),
 .UNSPECIFIED. ) ;
#6224 = CARTESIAN_POINT ( 'NONE',  ( 134.1316378139842982, -13.15232489792349391, 6.984450068339421946 ) ) ;
#6225 = CARTESIAN_POINT ( 'NONE',  ( 139.5489368696698591, -13.66927954248488142, 21.54547543640191876 ) ) ;
#6226 = CARTESIAN_POINT ( 'NONE',  ( 348.5634715603108020, -4.437426017167924286, 249.8199999999999648 ) ) ;
#6227 = CARTESIAN_POINT ( 'NONE',  ( 390.7997807475937293, -0.9159629350122402425, 371.4685385135515503 ) ) ;
#6228 = DIRECTION ( 'NONE',  ( 0.000000000000000000, -1.000000000000000000, 0.000000000000000000 ) ) ;
#6229 = CARTESIAN_POINT ( 'NONE',  ( 115.8954989197909384, -13.89157996068889389, 6.513031688913071271 ) ) ;
#6230 = FACE_OUTER_BOUND ( 'NONE', #227, .T. ) ;
#6231 = CARTESIAN_POINT ( 'NONE',  ( 278.6742656669085250, -4.603332140860891819, 6.893683399693743219 ) ) ;
#6232 = DIRECTION ( 'NONE',  ( 0.000000000000000000, 0.000000000000000000, 1.000000000000000000 ) ) ;
#6233 = ADVANCED_FACE ( 'NONE', ( #145 ), #3279, .F. ) ;
#6234 = ADVANCED_FACE ( 'NONE', ( #788 ), #3436, .T. ) ;
#6235 = CARTESIAN_POINT ( 'NONE',  ( 410.1304432019895216, -1.379515833107991085, 371.2300000000000182 ) ) ;
#6236 = CARTESIAN_POINT ( 'NONE',  ( 54.34179478649318895, -12.32156588387800866, 5.999999999999988454 ) ) ;
#6237 = EDGE_LOOP ( 'NONE', ( #170, #4925, #5420, #7620, #202, #6820 ) ) ;
#6238 = CARTESIAN_POINT ( 'NONE',  ( 192.1747964862657909, -10.49919149260995077, 127.9099999999999682 ) ) ;
#6239 = CARTESIAN_POINT ( 'NONE',  ( 191.7908030175920260, -10.27583378780563272, 6.996155752464137123 ) ) ;
#6240 = CARTESIAN_POINT ( 'NONE',  ( 140.6124135374702178, -12.57490304205866671, 23.28978772258298946 ) ) ;
#6241 = VERTEX_POINT ( 'NONE', #6838 ) ;
#6242 = CARTESIAN_POINT ( 'NONE',  ( 230.3994076118111707, -8.620099064800712085, 153.2307285732619846 ) ) ;
#6243 = CARTESIAN_POINT ( 'NONE',  ( 281.8388118598425081, -3.724064561223034531, 6.732315830340874108 ) ) ;
#6244 = CARTESIAN_POINT ( 'NONE',  ( 282.2361182339318475, -4.357524246667725087, 23.24999999818356855 ) ) ;
#6245 = CARTESIAN_POINT ( 'NONE',  ( 294.1453318916409216, -5.573127352307577276, 249.8200000000000784 ) ) ;
#6246 = CARTESIAN_POINT ( 'NONE',  ( 400.0003370600958874, -0.04999999999997793015, 371.2300000000000182 ) ) ;
#6247 = CARTESIAN_POINT ( 'NONE',  ( 126.5858841528192897, -12.28233806654260718, 23.42140523737938906 ) ) ;
#6248 = CARTESIAN_POINT ( 'NONE',  ( 125.0443188677748907, -12.60144064074956916, 20.98319921199237470 ) ) ;
#6249 = VERTEX_POINT ( 'NONE', #6953 ) ;
#6250 = CARTESIAN_POINT ( 'NONE',  ( 284.3886073277864170, -1.928155251541794790, 23.24999999818354368 ) ) ;
#6251 = CARTESIAN_POINT ( 'NONE',  ( 260.0079248840015680, -8.043281420984060404, 6.499999998183606742 ) ) ;
#6252 = CARTESIAN_POINT ( 'NONE',  ( 325.8320965772569480, -3.808196705299195628, 338.5577931554770430 ) ) ;
#6253 = AXIS2_PLACEMENT_3D ( 'NONE', #976, #456, #3426 ) ;
#6254 = CARTESIAN_POINT ( 'NONE',  ( 274.9754194317587803, -2.962618986805217514, 23.24999999818361118 ) ) ;
#6255 = ORIENTED_EDGE ( 'NONE', *, *, #2671, .T. ) ;
#6256 = CARTESIAN_POINT ( 'NONE',  ( 167.3250352985740506, -11.56983792365186403, 6.994379569378739170 ) ) ;
#6257 = CARTESIAN_POINT ( 'NONE',  ( 123.0915296638110021, -13.58332283622921466, 17.71878939436039957 ) ) ;
#6258 = CARTESIAN_POINT ( 'NONE',  ( 285.1921309658114865, -3.737176981359964234, 20.82101301946691052 ) ) ;
#6259 = CARTESIAN_POINT ( 'NONE',  ( 355.0695273982167350, -2.782752159479543241, 371.1716776728212039 ) ) ;
#6260 = AXIS2_PLACEMENT_3D ( 'NONE', #3453, #1530, #1002 ) ;
#6261 = CARTESIAN_POINT ( 'NONE',  ( 261.6765314050580287, -6.147263578542977669, 6.792395449509953664 ) ) ;
#6262 = CARTESIAN_POINT ( 'NONE',  ( 259.7268855697681715, -5.274444420007522005, 233.8199999999999932 ) ) ;
#6263 = CARTESIAN_POINT ( 'NONE',  ( 135.8878674809654683, -13.48363145866337476, 6.620744839464261844 ) ) ;
#6264 = CARTESIAN_POINT ( 'NONE',  ( 365.7454702555930908, -2.451257744240451952, 371.2300000000000182 ) ) ;
#6265 = CARTESIAN_POINT ( 'NONE',  ( 345.6354065176329868, -1.985858367089918364, 338.9850176486758073 ) ) ;
#6266 = CARTESIAN_POINT ( 'NONE',  ( 283.9635243847376955, 1.543533980171019948, 6.000000000000006217 ) ) ;
#6267 = CARTESIAN_POINT ( 'NONE',  ( 387.7454704894915949, -1.124940481656710567, 371.2300000000000182 ) ) ;
#6268 = CARTESIAN_POINT ( 'NONE',  ( 344.7006999978713111, -1.729916012201503817, 338.3850691194210754 ) ) ;
#6269 = CARTESIAN_POINT ( 'NONE',  ( 130.3757910125357284, -14.08712280272230011, 6.499999998183606742 ) ) ;
#6270 = CARTESIAN_POINT ( 'NONE',  ( 277.8388557733086941, -4.779077893294580548, 6.793687596295538533 ) ) ;
#6271 = DIRECTION ( 'NONE',  ( 0.000000000000000000, -1.000000000000000000, 0.000000000000000000 ) ) ;
#6272 = CARTESIAN_POINT ( 'NONE',  ( 365.7454704894916517, -4.344293382648878321, 371.2299999999999613 ) ) ;
#6273 = CARTESIAN_POINT ( 'NONE',  ( 219.0010621305575569, -4.282825711429603999, 249.8200000000000216 ) ) ;
#6274 = ORIENTED_EDGE ( 'NONE', *, *, #5881, .F. ) ;
#6275 = CARTESIAN_POINT ( 'NONE',  ( 267.1366213035563533, -7.107315232142976669, 249.8200000000002774 ) ) ;
#6276 = CARTESIAN_POINT ( 'NONE',  ( 212.7626977886218071, -9.159532087773403219, 6.885090366920688432 ) ) ;
#6277 = EDGE_CURVE ( 'NONE', #6288, #7832, #3847, .T. ) ;
#6278 = CARTESIAN_POINT ( 'NONE',  ( 273.6538656112278431, -3.310872425588506474, 23.23822828152758646 ) ) ;
#6279 = ORIENTED_EDGE ( 'NONE', *, *, #1739, .F. ) ;
#6280 = CARTESIAN_POINT ( 'NONE',  ( 399.8161447811169182, -0.09446719705715571347, 371.1400032050331106 ) ) ;
#6281 = CARTESIAN_POINT ( 'NONE',  ( 281.0562920636801323, -4.017567905123288874, 6.839988621265491453 ) ) ;
#6282 = CARTESIAN_POINT ( 'NONE',  ( 282.2823181230306204, -4.354743156026477990, 23.24999999818406238 ) ) ;
#6283 = CARTESIAN_POINT ( 'NONE',  ( 282.6466610752548831, -6.119004233979150165, 249.8200000000000784 ) ) ;
#6284 = CARTESIAN_POINT ( 'NONE',  ( 355.9022559276147604, -0.05000000000000778128, 211.8932932076998270 ) ) ;
#6285 = CARTESIAN_POINT ( 'NONE',  ( 283.3378744140800904, -1.539445235345531460, 6.499999998183660921 ) ) ;
#6286 = ADVANCED_FACE ( 'NONE', ( #1970 ), #3732, .F. ) ;
#6287 = CARTESIAN_POINT ( 'NONE',  ( 278.1045383366397914, -4.664413756201415850, 21.21098641172372012 ) ) ;
#6288 = VERTEX_POINT ( 'NONE', #64 ) ;
#6289 = CARTESIAN_POINT ( 'NONE',  ( 285.5077324855624283, -1.363319908323417984, 23.24999999818361118 ) ) ;
#6290 = FACE_OUTER_BOUND ( 'NONE', #7488, .T. ) ;
#6291 = CARTESIAN_POINT ( 'NONE',  ( 326.3510312046249737, -4.470733899908769793, 339.3785625043303753 ) ) ;
#6292 = CARTESIAN_POINT ( 'NONE',  ( 150.7942278545779686, -12.36769230500702577, 7.508888398948887932 ) ) ;
#6293 = VERTEX_POINT ( 'NONE', #6339 ) ;
#6294 = CARTESIAN_POINT ( 'NONE',  ( 273.6538656112278431, -3.310872425588506474, 23.23822828152758646 ) ) ;
#6295 = FACE_OUTER_BOUND ( 'NONE', #5753, .T. ) ;
#6296 = CARTESIAN_POINT ( 'NONE',  ( 286.7954410718065219, 0.02549515431335435539, 20.62468767589020047 ) ) ;
#6297 = CARTESIAN_POINT ( 'NONE',  ( 284.3149002900895539, -4.800893275340277988, 57.98056381098184886 ) ) ;
#6298 = CARTESIAN_POINT ( 'NONE',  ( 265.1393045503275516, -5.645318007541949790, 7.247289584994807576 ) ) ;
#6299 = CARTESIAN_POINT ( 'NONE',  ( 332.5781388050951364, -0.2500000000000000000, 171.0102011976198355 ) ) ;
#6300 = CARTESIAN_POINT ( 'NONE',  ( 132.3873035234456097, -13.44860878028187123, 6.692747751714515303 ) ) ;
#6301 = PLANE ( 'NONE',  #1164 ) ;
#6302 = FACE_OUTER_BOUND ( 'NONE', #2815, .T. ) ;
#6303 = CARTESIAN_POINT ( 'NONE',  ( 140.9378763474167897, -12.10411003377594596, 24.21006785423827523 ) ) ;
#6304 = CYLINDRICAL_SURFACE ( 'NONE', #4296, 0.5000000000000004441 ) ;
#6305 = DIRECTION ( 'NONE',  ( -1.616521140035806642E-18, 0.000000000000000000, 1.000000000000000000 ) ) ;
#6306 = DIRECTION ( 'NONE',  ( 0.000000000000000000, 1.000000000000000000, 0.000000000000000000 ) ) ;
#6307 = CARTESIAN_POINT ( 'NONE',  ( 278.2985489112608661, -5.074801860549166044, 6.574864150792608442 ) ) ;
#6308 = CARTESIAN_POINT ( 'NONE',  ( 345.4121586798343060, -1.997104232393676293, 339.6658375752096504 ) ) ;
#6309 = CARTESIAN_POINT ( 'NONE',  ( 138.4620150415552473, -12.64647627111843242, 23.13529070445739677 ) ) ;
#6310 = CARTESIAN_POINT ( 'NONE',  ( 336.2358681347778884, -4.999954316281184141, 371.7300000000001319 ) ) ;
#6311 = EDGE_LOOP ( 'NONE', ( #3471, #2894, #6636, #3704, #5124, #3419, #5465 ) ) ;
#6312 = CARTESIAN_POINT ( 'NONE',  ( 399.6090675107896573, -0.04999999999595235167, 370.2967888024348326 ) ) ;
#6313 = CARTESIAN_POINT ( 'NONE',  ( 212.7737282371182914, -9.346547125776341503, 6.698367097873454412 ) ) ;
#6314 = CARTESIAN_POINT ( 'NONE',  ( 249.8798860581085819, -7.618879722749728245, 6.499999998183610295 ) ) ;
#6315 = ORIENTED_EDGE ( 'NONE', *, *, #1196, .F. ) ;
#6316 = CARTESIAN_POINT ( 'NONE',  ( 305.4950064148582101, -5.046359962405823296, 272.0217495023115362 ) ) ;
#6317 = CARTESIAN_POINT ( 'NONE',  ( 281.0359562597953982, -3.749564420421747091, 7.350952154817671058 ) ) ;
#6318 = CARTESIAN_POINT ( 'NONE',  ( 276.1416049478004311, -4.899253914730809178, 23.24999999819576857 ) ) ;
#6319 = CARTESIAN_POINT ( 'NONE',  ( 214.7655159173218351, -9.365013616413667918, 127.9099999999999682 ) ) ;
#6320 = CARTESIAN_POINT ( 'NONE',  ( 277.9146637398746407, -5.468580771644010241, 262.7695183424319794 ) ) ;
#6321 = CARTESIAN_POINT ( 'NONE',  ( 326.1363331442328786, -2.326332579585220550, 339.5545593841051755 ) ) ;
#6322 = EDGE_CURVE ( 'NONE', #6293, #2562, #6387, .T. ) ;
#6323 = CARTESIAN_POINT ( 'NONE',  ( 333.5677634579908499, -4.469245377503000327, 339.1058325495131385 ) ) ;
#6324 = VERTEX_POINT ( 'NONE', #7446 ) ;
#6325 = CARTESIAN_POINT ( 'NONE',  ( 286.3745688005342345, -2.011232800638042661, 20.67851011230517599 ) ) ;
#6326 = EDGE_CURVE ( 'NONE', #7084, #3867, #7163, .T. ) ;
#6327 = CARTESIAN_POINT ( 'NONE',  ( 212.4681046930770663, -8.991983899290158178, 7.506789863780549688 ) ) ;
#6328 = EDGE_LOOP ( 'NONE', ( #4729, #7527, #3777, #2845, #2026, #2257 ) ) ;
#6329 = CARTESIAN_POINT ( 'NONE',  ( 399.8109965187547346, -0.06551665629380559741, 371.0397619447724651 ) ) ;
#6330 = CARTESIAN_POINT ( 'NONE',  ( 143.0425596658892005, -11.40041742901159516, 22.03842265262256461 ) ) ;
#6331 = CARTESIAN_POINT ( 'NONE',  ( 285.8432309501866939, -2.973885774678346916, 20.74418331054399189 ) ) ;
#6332 = CARTESIAN_POINT ( 'NONE',  ( 364.5992910392546946, -2.508620664910983233, 371.2299999999999613 ) ) ;
#6333 = CARTESIAN_POINT ( 'NONE',  ( 266.8781354994885078, -5.543197064422968445, 7.126662039903941093 ) ) ;
#6334 = CARTESIAN_POINT ( 'NONE',  ( 135.8759265290189830, -12.97959738079555692, 7.355581872157325840 ) ) ;
#6335 = CARTESIAN_POINT ( 'NONE',  ( 263.8759736262052229, -6.709186935099790361, 6.500000032126006744 ) ) ;
#6336 = CARTESIAN_POINT ( 'NONE',  ( 346.2193951101306197, -3.161168062511310328, 338.8574688295788633 ) ) ;
#6337 = CARTESIAN_POINT ( 'NONE',  ( 367.7275596362302963, 2.669447108140159841, 249.8200000000000216 ) ) ;
#6338 = CARTESIAN_POINT ( 'NONE',  ( 128.1116430839748830, -12.98125899009642659, 13.93529085047933513 ) ) ;
#6339 = CARTESIAN_POINT ( 'NONE',  ( 289.9181388050951682, -0.2395328087514111970, 51.20993136711037863 ) ) ;
#6340 = FACE_OUTER_BOUND ( 'NONE', #6901, .T. ) ;
#6341 = CARTESIAN_POINT ( 'NONE',  ( 279.0688547623365139, -4.432301224412578122, 7.138750913611429105 ) ) ;
#6342 = CARTESIAN_POINT ( 'NONE',  ( 398.1875785267971537, -0.07011490571190093224, 366.3799999999998249 ) ) ;
#6343 = CARTESIAN_POINT ( 'NONE',  ( 361.6371606438577828, -0.6612400248010231740, 249.8200000000001637 ) ) ;
#6344 = CARTESIAN_POINT ( 'NONE',  ( 123.7786026827620560, -15.29637677381704286, 6.000000000000000888 ) ) ;
#6345 = ORIENTED_EDGE ( 'NONE', *, *, #5331, .F. ) ;
#6346 = CARTESIAN_POINT ( 'NONE',  ( 397.6768377858932695, -0.1707936188526132937, 366.5935787002601387 ) ) ;
#6347 = CARTESIAN_POINT ( 'NONE',  ( 212.7582893674210140, -9.084790332750507957, 6.997235640520196753 ) ) ;
#6348 = CARTESIAN_POINT ( 'NONE',  ( 270.9682562696444847, -5.343289549876072186, 21.21987709463973815 ) ) ;
#6349 = CARTESIAN_POINT ( 'NONE',  ( 400.1527206869516817, -0.04460686678061533822, 371.0848641724246022 ) ) ;
#6350 = CARTESIAN_POINT ( 'NONE',  ( 342.1714520831448567, -3.342438080817531798, 341.5218748159372808 ) ) ;
#6351 = CARTESIAN_POINT ( 'NONE',  ( 280.9869676614590617, -4.052987147894357989, 6.839978587720011660 ) ) ;
#6352 = CARTESIAN_POINT ( 'NONE',  ( 284.8786123041925293, -3.880951433275993345, 21.03973296546512728 ) ) ;
#6353 = CARTESIAN_POINT ( 'NONE',  ( 236.6578716714498967, -5.070695833771410754, 249.8200000000000500 ) ) ;
#6354 = CARTESIAN_POINT ( 'NONE',  ( 139.3748017236131602, -13.46934040100627961, 21.64598489655785585 ) ) ;
#6355 = CARTESIAN_POINT ( 'NONE',  ( 329.3242713205965515, -2.588835405340554896, 339.6887887637099652 ) ) ;
#6356 = ORIENTED_EDGE ( 'NONE', *, *, #52, .T. ) ;
#6357 = ORGANIZATION ( 'UNSPECIFIED', 'UNSPECIFIED', '' ) ;
#6358 = B_SPLINE_CURVE_WITH_KNOTS ( 'NONE', 3,
 ( #6669, #613, #6708, #7316, #8008, #2414, #2454, #4907, #1113, #7395, #4944, #1802, #4255, #4869, #1224, #5595, #7435, #7357, #6177, #4297, #3604, #6098, #5482, #4332, #6792, #6824, #506, #3032, #1190, #1760, #3683, #1677, #1071, #18, #2330, #6749, #2949, #4172, #2991, #5521, #578, #4785, #7969, #5440, #1152, #3069, #6140, #2373, #543, #5558, #8046, #1383, #5713, #2034, #3914, #6860, #169, #2566, #2528, #7545, #1997, #3221, #5018, #6254, #4528, #5674, #5797 ),
 .UNSPECIFIED., .F., .F.,
 ( 4, 1, 1, 1, 1, 2, 2, 1, 1, 1, 1, 2, 2, 1, 1, 1, 2, 2, 1, 1, 1, 1, 1, 2, 2, 1, 1, 1, 1, 1, 2, 2, 1, 1, 1, 1, 1, 1, 1, 1, 2, 2, 1, 1, 1, 1, 1, 1, 2, 2, 4 ),
 ( 0.000000000000000000, 0.03124999999922027649, 0.04687499999882138030, 0.05468749999861339389, 0.05859374999850939375, 0.06054687499846561627, 0.06249999999842183879, 0.09374999999776160997, 0.1093749999974227699, 0.1171874999972452314, 0.1210937499971643239, 0.1230468749971238840, 0.1249999999970834164, 0.1562499999966287245, 0.1718749999964014064, 0.1796874999962964348, 0.1835937499962439767, 0.1874999999961914909, 0.2187499999957910612, 0.2343749999955908603, 0.2421874999954907459, 0.2460937499954353458, 0.2480468749954128360, 0.2490234374953964602, 0.2499999999953800844, 0.3749999999944143014, 0.4374999999939313544, 0.4687499999936815542, 0.4843749999935482164, 0.4921874999934816031, 0.4960937499934482409, 0.4999999999934149342, 0.6249999999923864236, 0.6874999999918648408, 0.7187499999916040494, 0.7343749999914737092, 0.7421874999914085391, 0.7460937499913699034, 0.7480468749913505855, 0.7490234374913409265, 0.7495117187413361526, 0.7499999999913312676, 0.8124999999937839723, 0.8437499999950103247, 0.8593749999956235008, 0.8671874999959300334, 0.8710937499960833552, 0.8730468749961549646, 0.8740234374961908248, 0.8749999999962265740, 1.000000000000000000 ),
 .UNSPECIFIED. ) ;
#6359 = CARTESIAN_POINT ( 'NONE',  ( 281.2864525565250347, -4.398725818197529946, 21.22708269812491366 ) ) ;
#6360 = ORIENTED_EDGE ( 'NONE', *, *, #4369, .F. ) ;
#6361 = CARTESIAN_POINT ( 'NONE',  ( 399.7871693155347543, -0.07641856829985219091, 371.0365083139407147 ) ) ;
#6362 = FACE_OUTER_BOUND ( 'NONE', #4939, .T. ) ;
#6363 = CARTESIAN_POINT ( 'NONE',  ( 351.6024065373729286, -2.160478623187687131, 249.8199999999998226 ) ) ;
#6364 = CARTESIAN_POINT ( 'NONE',  ( 285.2868270508194541, -3.644483887020781410, 20.81466048398058533 ) ) ;
#6365 = CARTESIAN_POINT ( 'NONE',  ( 262.1219134603040288, -5.826842114427897457, 7.508216894040518063 ) ) ;
#6366 = ORIENTED_EDGE ( 'NONE', *, *, #773, .T. ) ;
#6367 = CARTESIAN_POINT ( 'NONE',  ( 347.1438197130643744, -1.111542638943775474, 338.0050882433793618 ) ) ;
#6368 = CARTESIAN_POINT ( 'NONE',  ( 352.7454704894915949, -4.871882550236166232, 371.2300000000000182 ) ) ;
#6369 = CC_DESIGN_PERSON_AND_ORGANIZATION_ASSIGNMENT ( #1764, #5525, ( #1009 ) ) ;
#6370 = EDGE_CURVE ( 'NONE', #3531, #2770, #932, .T. ) ;
#6371 = CARTESIAN_POINT ( 'NONE',  ( 399.1561195552116033, -0.05284766119287467867, 366.3798713041492761 ) ) ;
#6372 = CARTESIAN_POINT ( 'NONE',  ( 280.9362569383634991, -4.938219575788395765, 48.67466797139718437 ) ) ;
#6373 = CARTESIAN_POINT ( 'NONE',  ( 261.6896079031379827, -6.353022305750088528, 6.624158927872210612 ) ) ;
#6374 = CARTESIAN_POINT ( 'NONE',  ( 332.4907998482986500, -3.678023756233042452, 338.5646034714862367 ) ) ;
#6375 = CARTESIAN_POINT ( 'NONE',  ( 130.6325581829660223, -13.16498223469340978, 7.102744679642730041 ) ) ;
#6376 = VECTOR ( 'NONE', #5966, 1000.000000000000000 ) ;
#6377 = CARTESIAN_POINT ( 'NONE',  ( 408.5112322976189034, -1.513601105590922868, 371.7300000000001319 ) ) ;
#6378 = CARTESIAN_POINT ( 'NONE',  ( 361.6415288828854955, -4.538831396099765492, 371.2299999999999045 ) ) ;
#6379 = TOROIDAL_SURFACE ( 'NONE', #7679, 1.702983748807918918, 0.2000000000000000111 ) ;
#6380 = CARTESIAN_POINT ( 'NONE',  ( 128.0315046413851690, -12.99331700419726410, 13.45049013523394166 ) ) ;
#6381 = ADVANCED_FACE ( 'NONE', ( #6587 ), #4274, .T. ) ;
#6382 = DIRECTION ( 'NONE',  ( 0.000000000000000000, 0.000000000000000000, -1.000000000000000000 ) ) ;
#6383 = DIRECTION ( 'NONE',  ( 1.000000000000000000, 0.000000000000000000, 0.000000000000000000 ) ) ;
#6384 = CARTESIAN_POINT ( 'NONE',  ( 278.2458341364634862, -4.454389292356128571, 7.383233949300343824 ) ) ;
#6385 = CARTESIAN_POINT ( 'NONE',  ( 295.8321820122233703, -0.3990945705770299057, 84.33150583782369836 ) ) ;
#6386 = CARTESIAN_POINT ( 'NONE',  ( 138.4546602159519182, -12.14899174426544448, 23.98051121041781997 ) ) ;
#6387 = CIRCLE ( 'NONE', #778, 2.040067006392080717 ) ;
#6388 = CARTESIAN_POINT ( 'NONE',  ( 208.4263792163373239, -11.67926479925877992, 127.9100000000000534 ) ) ;
#6389 = ORIENTED_EDGE ( 'NONE', *, *, #2220, .F. ) ;
#6390 = CARTESIAN_POINT ( 'NONE',  ( 144.9124754464032776, -11.36044218631860225, 22.03919734193823032 ) ) ;
#6391 = CARTESIAN_POINT ( 'NONE',  ( 205.7739702040211398, -9.568972143850917433, 6.884880132556079779 ) ) ;
#6392 = DIRECTION ( 'NONE',  ( -0.000000000000000000, -0.000000000000000000, -1.000000000000000000 ) ) ;
#6393 = CARTESIAN_POINT ( 'NONE',  ( 400.1526700286901246, -0.04392858520957922119, 371.0326027338600170 ) ) ;
#6394 = CARTESIAN_POINT ( 'NONE',  ( 345.3027704341790241, -3.203576887160824782, 340.2124951484308326 ) ) ;
#6395 = CARTESIAN_POINT ( 'NONE',  ( 280.8973027466217331, -3.820393697277023826, 7.350907636219271346 ) ) ;
#6396 = CARTESIAN_POINT ( 'NONE',  ( 283.9663460557162580, -4.137116675954009892, 21.15077753133702032 ) ) ;
#6397 = CARTESIAN_POINT ( 'NONE',  ( 62.13208037793373251, -10.99065394616423674, 6.000000000000012434 ) ) ;
#6398 = CARTESIAN_POINT ( 'NONE',  ( 295.9245386446309567, -4.673419293470149505, 291.2547118890545903 ) ) ;
#6399 = CARTESIAN_POINT ( 'NONE',  ( 334.0937725190000265, -2.168953133395072896, 339.2256063665018928 ) ) ;
#6400 = ORIENTED_EDGE ( 'NONE', *, *, #4470, .F. ) ;
#6401 = CARTESIAN_POINT ( 'NONE',  ( 276.5938095973728537, -4.810781089340623318, 21.20770156218427260 ) ) ;
#6402 = ORIENTED_EDGE ( 'NONE', *, *, #2774, .T. ) ;
#6403 = CARTESIAN_POINT ( 'NONE',  ( 123.2431549092777487, -13.56795010818731129, 18.13440074790968382 ) ) ;
#6404 = CARTESIAN_POINT ( 'NONE',  ( 278.9210995593394387, -2.581180926060083980, 23.24999999818363250 ) ) ;
#6405 = CARTESIAN_POINT ( 'NONE',  ( 278.7238935809549503, -4.384380627925760443, 5.999999999999996447 ) ) ;
#6406 = CARTESIAN_POINT ( 'NONE',  ( 338.9092721516383904, -1.988013398113507302, 339.2291208824057094 ) ) ;
#6407 = CARTESIAN_POINT ( 'NONE',  ( 263.3759738565270254, -7.825707291907048280, 5.999999998183607630 ) ) ;
#6408 = ORIENTED_EDGE ( 'NONE', *, *, #7384, .F. ) ;
#6409 = LINE ( 'NONE', #5227, #3767 ) ;
#6410 = ORIENTED_EDGE ( 'NONE', *, *, #5069, .T. ) ;
#6411 = CARTESIAN_POINT ( 'NONE',  ( 310.5686320487186549, -3.733608260412212498, 130.2989204095835021 ) ) ;
#6412 = DIRECTION ( 'NONE',  ( -1.000000000000000000, 0.000000000000000000, -0.000000000000000000 ) ) ;
#6413 = CARTESIAN_POINT ( 'NONE',  ( 252.9192427868909192, -6.407621978902619198, 7.510086729340401668 ) ) ;
#6414 = CARTESIAN_POINT ( 'NONE',  ( 332.7975370980624348, -3.588692494022717394, 338.5114398734687029 ) ) ;
#6415 = CARTESIAN_POINT ( 'NONE',  ( 130.6312075061007931, -13.08519222364065193, 7.351915519520810349 ) ) ;
#6416 = CARTESIAN_POINT ( 'NONE',  ( 346.2398611395158810, -3.160033821129105025, 339.5432938211632177 ) ) ;
#6417 = EDGE_CURVE ( 'NONE', #3304, #765, #2395, .T. ) ;
#6418 = CARTESIAN_POINT ( 'NONE',  ( 140.7991011959844343, -12.11054619909142538, 23.98244723954777768 ) ) ;
#6419 = CARTESIAN_POINT ( 'NONE',  ( 125.8238602956295864, -13.36946030316953227, 22.21615549666857348 ) ) ;
#6420 = CARTESIAN_POINT ( 'NONE',  ( 284.3606842045210215, -1.716913523477692660, 23.24999999818325236 ) ) ;
#6421 = CARTESIAN_POINT ( 'NONE',  ( 144.0831075324043695, -11.37819644525648322, 22.03879305704691660 ) ) ;
#6422 = CARTESIAN_POINT ( 'NONE',  ( 275.1684467519530131, -4.753666572243516519, 7.126018172159952258 ) ) ;
#6423 = CARTESIAN_POINT ( 'NONE',  ( 273.4363970391775638, -0.05000000000005260653, 22.63918537857941615 ) ) ;
#6424 = CARTESIAN_POINT ( 'NONE',  ( 153.3689332815295927, -12.94002834665884372, 6.524127625615475878 ) ) ;
#6425 = CARTESIAN_POINT ( 'NONE',  ( 139.6783441899524689, -12.62776260647046378, 23.13545210216617676 ) ) ;
#6426 = CARTESIAN_POINT ( 'NONE',  ( 343.3094115883842505, -5.047656317298193862, 371.7300000000000182 ) ) ;
#6427 = EDGE_CURVE ( 'NONE', #209, #5779, #1411, .T. ) ;
#6428 = ORIENTED_EDGE ( 'NONE', *, *, #4133, .F. ) ;
#6429 = CARTESIAN_POINT ( 'NONE',  ( 399.4984240787207455, -0.08961062398158582687, 370.8078442073504561 ) ) ;
#6430 = CARTESIAN_POINT ( 'NONE',  ( 181.3088604865467630, -10.92261845737456305, 6.884039721959460678 ) ) ;
#6431 = DIRECTION ( 'NONE',  ( 0.000000000000000000, 1.000000000000000000, 0.000000000000000000 ) ) ;
#6432 = CARTESIAN_POINT ( 'NONE',  ( 325.2515463286150066, -3.363028028464932984, 338.2613978328939197 ) ) ;
#6433 = CARTESIAN_POINT ( 'NONE',  ( 263.8999673032249120, -6.707538592185425586, 6.500000041270943107 ) ) ;
#6434 = CARTESIAN_POINT ( 'NONE',  ( 281.2682697301538610, -4.603720236959827794, 6.498538201178415186 ) ) ;
#6435 = CARTESIAN_POINT ( 'NONE',  ( 285.8543524394641508, -3.407222490490701361, 20.97386847254434272 ) ) ;
#6436 = CARTESIAN_POINT ( 'NONE',  ( 49.85754126289075572, -9.631449924110443206, 5.999999999999997335 ) ) ;
#6437 = CARTESIAN_POINT ( 'NONE',  ( 266.3247261137868236, -7.604981414910234605, 6.499999998183604077 ) ) ;
#6438 = CARTESIAN_POINT ( 'NONE',  ( 334.0924070717646259, -2.166082857924995331, 339.5576300740455054 ) ) ;
#6439 = ORIENTED_EDGE ( 'NONE', *, *, #3391, .F. ) ;
#6440 = B_SPLINE_CURVE_WITH_KNOTS ( 'NONE', 3,
 ( #1218, #607, #644, #4362, #4973, #5514, #1795, #3176, #3064, #9, #3789, #1256, #6285, #7462, #1871, #2520 ),
 .UNSPECIFIED., .F., .F.,
 ( 4, 2, 2, 2, 2, 2, 2, 4 ),
 ( 1.474514954580286030E-17, 0.0003250752859326950833, 0.0006501505718653754215, 0.001300301143730736098, 0.002600602287461555029, 0.003250752859326930342, 0.003900903431192305221, 0.005201204574923056281 ),
 .UNSPECIFIED. ) ;
#6441 = CARTESIAN_POINT ( 'NONE',  ( 244.1944267974874663, -7.073412124395352052, 7.121477452940967900 ) ) ;
#6442 = CARTESIAN_POINT ( 'NONE',  ( 282.0599668792036141, -4.346683782605426316, 21.22871171779440047 ) ) ;
#6443 = ORIENTED_EDGE ( 'NONE', *, *, #6732, .T. ) ;
#6444 = CARTESIAN_POINT ( 'NONE',  ( 358.7451333078368521, -1.776775473418326090, 263.0215882232417925 ) ) ;
#6445 = CARTESIAN_POINT ( 'NONE',  ( 279.2229560679878091, -2.554815084727251495, 23.24999999818355789 ) ) ;
#6446 = CARTESIAN_POINT ( 'NONE',  ( 274.2706490037019194, -4.727620472341921065, 6.000000000000000888 ) ) ;
#6447 = CARTESIAN_POINT ( 'NONE',  ( 286.6532301399568041, -1.188305032852621901, 20.64355137029805221 ) ) ;
#6448 = CARTESIAN_POINT ( 'NONE',  ( 341.2988569992633074, -3.776851812619251181, 371.7299999999995634 ) ) ;
#6449 = ORIENTED_EDGE ( 'NONE', *, *, #4782, .T. ) ;
#6450 = B_SPLINE_CURVE_WITH_KNOTS ( 'NONE', 3,
 ( #4062, #6637, #1525, #4018, #914, #5322, #1608, #3532, #5406, #2300 ),
 .UNSPECIFIED., .F., .F.,
 ( 4, 2, 2, 2, 4 ),
 ( 1.624994519338224171E-15, 0.0005199907869066218002, 0.001039981573811618598, 0.001559972360716615396, 0.002079963147621612194 ),
 .UNSPECIFIED. ) ;
#6451 = CARTESIAN_POINT ( 'NONE',  ( 145.0667296065144853, -11.35627816154111436, 22.03963562004679844 ) ) ;
#6452 = VERTEX_POINT ( 'NONE', #2317 ) ;
#6453 = CARTESIAN_POINT ( 'NONE',  ( 400.1003240738647833, -0.05000202929122692791, 371.2011049153924773 ) ) ;
#6454 = CARTESIAN_POINT ( 'NONE',  ( 260.3759738565249222, -8.020603722119348689, 6.499999998183606742 ) ) ;
#6455 = CARTESIAN_POINT ( 'NONE',  ( 254.7085722088376940, -6.910005789810233168, 6.574214919427165071 ) ) ;
#6456 = CARTESIAN_POINT ( 'NONE',  ( 124.1348123578560063, -12.05319970318601008, 23.00000000000000000 ) ) ;
#6457 = CARTESIAN_POINT ( 'NONE',  ( 125.3864273309884538, -13.23637513188238657, 7.099637770316566510 ) ) ;
#6458 = CARTESIAN_POINT ( 'NONE',  ( 362.7454704894915380, -4.488564762862277568, 371.7300000000000182 ) ) ;
#6459 = B_SPLINE_SURFACE_WITH_KNOTS ( 'NONE', 3, 3, ( 
 ( #1772, #3694, #6109, #1163 ),
 ( #7444, #4992, #1851, #6152 ),
 ( #7480, #2464, #1200, #1812 ),
 ( #3766, #1889, #4308, #5607 ),
 ( #555, #588, #3079, #7328 ),
 ( #1236, #62, #3043, #4378 ),
 ( #2502, #2540, #5567, #27 ),
 ( #6266, #664, #5532, #1731 ),
 ( #2386, #6720, #1123, #3616 ),
 ( #3005, #5494, #7981, #4538 ),
 ( #2699, #5031, #6337, #6992 ),
 ( #3194, #1316, #4457, #2661 ) ),
 .UNSPECIFIED., .F., .F., .F.,
 ( 4, 1, 1, 1, 2, 1, 1, 1, 4 ),
 ( 4, 4 ),
 ( 0.4811882756442127373, 0.4839312759655476359, 0.4866742762868825900, 0.4894172766082174886, 0.4921602769295523871, 0.4947624274059390648, 0.4973645778823257424, 0.4999667283587126421, 0.5025688788350992642 ),
 ( 0.000000000000000000, 1.000000000000000000 ),
 .UNSPECIFIED. ) ;
#6460 = CARTESIAN_POINT ( 'NONE',  ( 126.4035373801088440, -12.59736336921759126, 23.13299773090160016 ) ) ;
#6461 =( BOUNDED_SURFACE ( )  B_SPLINE_SURFACE ( 3, 2, ( 
 ( #4918, #2389, #7406 ),
 ( #3008, #4268, #1734 ),
 ( #4228, #5497, #5454 ),
 ( #2426, #2921, #6803 ),
 ( #6723, #1202, #6112 ),
 ( #1166, #3696, #6191 ),
 ( #1126, #4758, #7985 ),
 ( #7370, #6642, #7248 ) ),
 .UNSPECIFIED., .F., .F., .T. ) 
 B_SPLINE_SURFACE_WITH_KNOTS ( ( 4, 2, 2, 4 ),
 ( 3, 3 ),
 ( 0.02279119426012326741, 0.02691918518078398326, 0.03104717610144469564, 0.03930315794276612734 ),
 ( 0.000000000000000000, 0.7563831497321102937 ),
 .UNSPECIFIED. ) 
 GEOMETRIC_REPRESENTATION_ITEM ( )  RATIONAL_B_SPLINE_SURFACE ( (
 ( 1.000000000000000000, 0.7919546663821476207, 0.8986333022221728584),
 ( 1.000000000000000000, 0.7906805014360186457, 0.8980124861203775399),
 ( 1.000000000000000000, 0.7889122830880358483, 0.8971509505513346472),
 ( 1.000000000000000000, 0.7860661900471787034, 0.8957642381069688131),
 ( 1.000000000000000000, 0.7852060612696701858, 0.8953451543797659173),
 ( 1.000000000000000000, 0.7837896702524429493, 0.8946550409430366058),
 ( 1.000000000000000000, 0.7833710840033996092, 0.8944510916159218450),
 ( 1.000000000000000000, 0.7829099163953280316, 0.8942263952156739304) ) ) 
 REPRESENTATION_ITEM ( '' )  SURFACE ( )  );
#6462 = CARTESIAN_POINT ( 'NONE',  ( 311.2136657848616892, -3.292741968474728775, 285.4389906455771211 ) ) ;
#6463 = CARTESIAN_POINT ( 'NONE',  ( 275.1787822103392500, -4.877664473579351068, 6.889365135932966844 ) ) ;
#6464 = CARTESIAN_POINT ( 'NONE',  ( 389.7785942165277220, -0.2581979725355272870, 343.0483740863192565 ) ) ;
#6465 = CARTESIAN_POINT ( 'NONE',  ( 153.3533910367590636, -12.69520902727358802, 6.624302305242656175 ) ) ;
#6466 = CARTESIAN_POINT ( 'NONE',  ( 126.4182917999367959, -13.83572528157668913, 11.72799847942815532 ) ) ;
#6467 = CARTESIAN_POINT ( 'NONE',  ( 240.3400085663010373, -7.405823397890763715, 249.8200000000000500 ) ) ;
#6468 = VERTEX_POINT ( 'NONE', #5763 ) ;
#6469 = FACE_OUTER_BOUND ( 'NONE', #5739, .T. ) ;
#6470 = CARTESIAN_POINT ( 'NONE',  ( 181.3250426738555632, -11.22174541435356865, 6.623510597789293186 ) ) ;
#6471 = CARTESIAN_POINT ( 'NONE',  ( 333.5208673737463982, -4.459354248331362847, 340.0888180109033101 ) ) ;
#6472 = CARTESIAN_POINT ( 'NONE',  ( 269.7652414684453674, -6.208331726578617094, 6.499999998183604077 ) ) ;
#6473 = CARTESIAN_POINT ( 'NONE',  ( 137.0573054873709680, -13.50554110346963910, 21.64748102950408537 ) ) ;
#6474 = CARTESIAN_POINT ( 'NONE',  ( 380.2478736976320306, -1.619750396824258587, 371.2300000000000182 ) ) ;
#6475 = EDGE_CURVE ( 'NONE', #4251, #4196, #3166, .T. ) ;
#6476 = CARTESIAN_POINT ( 'NONE',  ( 281.1553929502504729, -4.659980681832679217, 6.498551738220069041 ) ) ;
#6477 = ADVANCED_FACE ( 'NONE', ( #1387 ), #5188, .F. ) ;
#6478 = CARTESIAN_POINT ( 'NONE',  ( 285.7078342153984067, -3.481191159190033524, 20.97398677522622634 ) ) ;
#6479 = CARTESIAN_POINT ( 'NONE',  ( 82.73462963074368304, -11.89432807702919348, 5.999999999999998224 ) ) ;
#6480 = CARTESIAN_POINT ( 'NONE',  ( 400.6329092480958707, -0.05000000000000272976, 340.1151754644889706 ) ) ;
#6481 = CARTESIAN_POINT ( 'NONE',  ( 338.8797252643434490, -2.292331833637025973, 339.6894498022396647 ) ) ;
#6482 = ORIENTED_EDGE ( 'NONE', *, *, #4180, .T. ) ;
#6483 = CARTESIAN_POINT ( 'NONE',  ( 240.7022763905463023, -7.300350285740520029, 7.121122702522654002 ) ) ;
#6484 = CARTESIAN_POINT ( 'NONE',  ( 336.7096782261743897, -3.834674791205417765, 371.7299999999999613 ) ) ;
#6485 = EDGE_LOOP ( 'NONE', ( #6119, #2876, #5901, #1456 ) ) ;
#6486 = CARTESIAN_POINT ( 'NONE',  ( 383.0915717933846736, -0.04999999994506100498, 324.7842712947389145 ) ) ;
#6487 = EDGE_CURVE ( 'NONE', #7582, #3589, #7853, .T. ) ;
#6488 = CARTESIAN_POINT ( 'NONE',  ( 282.0815053702704063, -2.339513634706139822, 23.24999999818359342 ) ) ;
#6489 = CARTESIAN_POINT ( 'NONE',  ( 399.9111652956558487, -0.07078111132909820080, 371.7299999999999613 ) ) ;
#6490 = CARTESIAN_POINT ( 'NONE',  ( 285.6066400243709609, -3.288890082628324940, 20.77436364753476283 ) ) ;
#6491 = DIRECTION ( 'NONE',  ( 0.000000000000000000, -0.5551250608067437309, -0.8317668945469692821 ) ) ;
#6492 = CARTESIAN_POINT ( 'NONE',  ( 387.2454704894915380, -3.054560455387067552, 371.2300000000000182 ) ) ;
#6493 = ORIENTED_EDGE ( 'NONE', *, *, #4133, .T. ) ;
#6494 = CARTESIAN_POINT ( 'NONE',  ( 272.7830625147078081, -4.727034677541804619, 22.52132010437918197 ) ) ;
#6495 = ORIENTED_EDGE ( 'NONE', *, *, #4527, .T. ) ;
#6496 = CARTESIAN_POINT ( 'NONE',  ( 399.8107025366625749, -0.05096049753215772804, 369.5893555542184004 ) ) ;
#6497 = DIRECTION ( 'NONE',  ( 0.5204097430572588445, 0.02415366495666463817, 0.8535750112323104988 ) ) ;
#6498 = CARTESIAN_POINT ( 'NONE',  ( 252.9787074825271986, -7.282785227681610962, 6.498751317727585075 ) ) ;
#6499 = CARTESIAN_POINT ( 'NONE',  ( 121.8916135332739117, -13.81017465668924160, 6.570753641746353679 ) ) ;
#6500 = CARTESIAN_POINT ( 'NONE',  ( 345.6466039331975253, -3.187470837856834827, 340.1544948807028845 ) ) ;
#6501 = CARTESIAN_POINT ( 'NONE',  ( 125.4698723339296720, -13.46986883871283780, 21.65627289584416815 ) ) ;
#6502 = CARTESIAN_POINT ( 'NONE',  ( 283.8923891667766384, -2.277453713614141950, 23.24999999818365382 ) ) ;
#6503 = AXIS2_PLACEMENT_3D ( 'NONE', #3162, #186, #2666 ) ;
#6504 = CARTESIAN_POINT ( 'NONE',  ( 139.5489368696698591, -13.66927954248488142, 21.54547543640191876 ) ) ;
#6505 = CARTESIAN_POINT ( 'NONE',  ( 276.9418722123479029, -4.546524542398121760, 7.377088554522604369 ) ) ;
#6506 = CARTESIAN_POINT ( 'NONE',  ( 273.2146552732598934, -0.05000000000009968693, 22.02837075897522467 ) ) ;
#6507 = CARTESIAN_POINT ( 'NONE',  ( 158.5714981885287500, -11.87888389447766535, 7.372903324522792623 ) ) ;
#6508 = CARTESIAN_POINT ( 'NONE',  ( 140.9733807818980438, -12.31048449571225234, 23.88184546905609551 ) ) ;
#6509 = CARTESIAN_POINT ( 'NONE',  ( 382.5592032314069115, -3.368487828997175360, 371.7299999999999613 ) ) ;
#6510 = ORIENTED_EDGE ( 'NONE', *, *, #6688, .T. ) ;
#6511 = VECTOR ( 'NONE', #4342, 1000.000000000000000 ) ;
#6512 = CARTESIAN_POINT ( 'NONE',  ( 397.6768377858996928, -0.1707936188614326833, 366.5935787009991600 ) ) ;
#6513 = CARTESIAN_POINT ( 'NONE',  ( 181.3316502924578515, -11.34388729473377033, 6.573739819320675970 ) ) ;
#6514 = CARTESIAN_POINT ( 'NONE',  ( 273.6581388050952341, -0.05000000000000552614, 23.24999999818360763 ) ) ;
#6515 = CARTESIAN_POINT ( 'NONE',  ( 286.8465947940283058, -0.05000000000000000278, 21.71207362099545080 ) ) ;
#6516 = CARTESIAN_POINT ( 'NONE',  ( 331.3204774244749728, -3.716499980327114816, 338.5678122236385548 ) ) ;
#6517 = CARTESIAN_POINT ( 'NONE',  ( 263.8999673032249120, -6.707538592185425586, 5.999999998183606742 ) ) ;
#6518 = CARTESIAN_POINT ( 'NONE',  ( 280.8182864956251592, -3.953895179047964614, 7.071277137897090448 ) ) ;
#6519 = CARTESIAN_POINT ( 'NONE',  ( 285.3793861260364224, -3.647005750458005124, 20.97425198418114078 ) ) ;
#6520 = CIRCLE ( 'NONE', #4954, 0.2000000000000057288 ) ;
#6521 = CARTESIAN_POINT ( 'NONE',  ( 319.7936186749972194, -1.499612811472340379, 371.7300000000000750 ) ) ;
#6522 = CARTESIAN_POINT ( 'NONE',  ( 282.1456976438050219, -0.01279114986437736648, 6.499999998183583649 ) ) ;
#6523 = CARTESIAN_POINT ( 'NONE',  ( 117.9716696660900084, -3.979674497728806770, 127.9099999999999966 ) ) ;
#6524 = VERTEX_POINT ( 'NONE', #5382 ) ;
#6525 = CC_DESIGN_PERSON_AND_ORGANIZATION_ASSIGNMENT ( #2377, #2336, ( #7970 ) ) ;
#6526 = ADVANCED_FACE ( 'NONE', ( #7025 ), #207, .T. ) ;
#6527 = CARTESIAN_POINT ( 'NONE',  ( 242.4626647704684217, -7.405870142640826437, 6.792611566538567125 ) ) ;
#6528 = CARTESIAN_POINT ( 'NONE',  ( 144.9887723837968849, -11.35838258252722532, 22.03941412264500599 ) ) ;
#6529 = ORIENTED_EDGE ( 'NONE', *, *, #6092, .F. ) ;
#6530 = CARTESIAN_POINT ( 'NONE',  ( 397.2446851302311188, -0.04999999986017946568, 363.7819395572157646 ) ) ;
#6531 = CARTESIAN_POINT ( 'NONE',  ( 281.7081797271352457, -2.365342564023825922, 23.24999999818359342 ) ) ;
#6532 = CARTESIAN_POINT ( 'NONE',  ( 266.0591217028916162, -5.520496527791897812, 6.000000000000000000 ) ) ;
#6533 = CARTESIAN_POINT ( 'NONE',  ( 348.6276030433508595, -0.2400266232656823873, 229.8102524756220930 ) ) ;
#6534 = CARTESIAN_POINT ( 'NONE',  ( 400.0469857127231421, -0.05003099092553604799, 371.1578825515148878 ) ) ;
#6535 = CARTESIAN_POINT ( 'NONE',  ( 347.2425905981147025, -3.109099263109657230, 338.0016465117053599 ) ) ;
#6536 = ORIENTED_EDGE ( 'NONE', *, *, #5883, .T. ) ;
#6537 = EDGE_CURVE ( 'NONE', #1445, #3626, #5118, .T. ) ;
#6538 = CARTESIAN_POINT ( 'NONE',  ( 273.2580727880884410, -4.290376274862574668, 22.88481972988901703 ) ) ;
#6539 = EDGE_LOOP ( 'NONE', ( #4210, #7691, #1413, #4891 ) ) ;
#6540 = CARTESIAN_POINT ( 'NONE',  ( 271.7447595950813479, -5.230697745495620055, 17.97893711137934858 ) ) ;
#6541 = CARTESIAN_POINT ( 'NONE',  ( 258.1787689507203822, -6.267879536401775198, 6.885476914123721315 ) ) ;
#6542 = CARTESIAN_POINT ( 'NONE',  ( 123.6380826640402830, -13.30542010618922255, 6.979674554039247525 ) ) ;
#6543 = CARTESIAN_POINT ( 'NONE',  ( 140.4848456763928937, -12.28502501467647257, 23.33675976066702873 ) ) ;
#6544 = CARTESIAN_POINT ( 'NONE',  ( 159.8519759181649249, -12.81457411539279434, 6.500000142427190042 ) ) ;
#6545 = CARTESIAN_POINT ( 'NONE',  ( 284.4475629965937173, -1.576643785692121158, 23.24999999818404817 ) ) ;
#6546 = APPROVAL_STATUS ( 'not_yet_approved' ) ;
#6547 = CARTESIAN_POINT ( 'NONE',  ( 276.4947577170538580, -4.601482889840537993, 7.246303718806682781 ) ) ;
#6548 = CARTESIAN_POINT ( 'NONE',  ( 364.4116588103495928, -1.474204911740630175, 273.0947858201552094 ) ) ;
#6549 = CARTESIAN_POINT ( 'NONE',  ( 156.8502989282714850, -12.48161981796003595, 6.623908480525406262 ) ) ;
#6550 = CARTESIAN_POINT ( 'NONE',  ( 204.8074229158139872, -9.148289660109892196, 128.5823125967808380 ) ) ;
#6551 = CARTESIAN_POINT ( 'NONE',  ( 173.2379625924402262, -13.24097213382381355, 6.000000000000001776 ) ) ;
#6552 = ORIENTED_EDGE ( 'NONE', *, *, #1727, .F. ) ;
#6553 = CARTESIAN_POINT ( 'NONE',  ( 392.5684523823286440, -0.3859951568459271121, 353.7404286413863588 ) ) ;
#6554 = CARTESIAN_POINT ( 'NONE',  ( 181.3139188274998617, -11.01612154909987851, 6.790921467034528369 ) ) ;
#6555 = DIRECTION ( 'NONE',  ( -1.000000000000000000, 0.000000000000000000, -0.000000000000000000 ) ) ;
#6556 = B_SPLINE_CURVE_WITH_KNOTS ( 'NONE', 3,
 ( #3255, #1987, #5664, #237, #3211, #3902, #118, #1334, #7701, #6354 ),
 .UNSPECIFIED., .F., .F.,
 ( 4, 3, 3, 4 ),
 ( 0.0004907309789811427738, 0.002000000000000003945, 0.008400000000000065400, 0.01821274659191587930 ),
 .UNSPECIFIED. ) ;
#6557 = CARTESIAN_POINT ( 'NONE',  ( 259.8759738565270254, -6.967193487159883070, 6.499999998183620065 ) ) ;
#6558 = CARTESIAN_POINT ( 'NONE',  ( 368.6030222484663454, -2.134440529700923683, 371.1355467035998004 ) ) ;
#6559 = CARTESIAN_POINT ( 'NONE',  ( 366.2454704894916517, -2.425956740458874883, 371.2300000000003024 ) ) ;
#6560 = CARTESIAN_POINT ( 'NONE',  ( 280.9097178277141325, -4.093671049923728766, 6.837559886558905120 ) ) ;
#6561 = CARTESIAN_POINT ( 'NONE',  ( 280.9834070114193310, -4.420340060506541491, 21.22522187080838663 ) ) ;
#6562 = CARTESIAN_POINT ( 'NONE',  ( 225.2959847998367877, -3.418422566320744593, 249.8200000000000500 ) ) ;
#6563 = CARTESIAN_POINT ( 'NONE',  ( 280.8625236076148326, -3.488997835099518330, 6.499999998189786687 ) ) ;
#6564 = CARTESIAN_POINT ( 'NONE',  ( 117.4461717498053304, -3.700030520012409951, 127.9099999999999966 ) ) ;
#6565 = VERTEX_POINT ( 'NONE', #1800 ) ;
#6566 = CARTESIAN_POINT ( 'NONE',  ( 242.4565781431819289, -7.312365696381322167, 6.886239257429020100 ) ) ;
#6567 = FACE_OUTER_BOUND ( 'NONE', #39, .T. ) ;
#6568 = ORIENTED_EDGE ( 'NONE', *, *, #1196, .T. ) ;
#6569 = CARTESIAN_POINT ( 'NONE',  ( 400.6143932075157750, -0.05000000000000000278, 371.2300000000000182 ) ) ;
#6570 = CARTESIAN_POINT ( 'NONE',  ( 281.3541071694574498, -2.389313281629970032, 23.24999999818361829 ) ) ;
#6571 = EDGE_CURVE ( 'NONE', #2229, #5304, #1809, .T. ) ;
#6572 = CARTESIAN_POINT ( 'NONE',  ( 326.3300207523598147, -3.814997757373908893, 249.8199999999997942 ) ) ;
#6573 = CARTESIAN_POINT ( 'NONE',  ( 351.1856318239297821, -2.083741976566793053, 242.2218857922756570 ) ) ;
#6574 = CARTESIAN_POINT ( 'NONE',  ( 142.0915457220216069, -10.65189747832894263, 20.19146229042555873 ) ) ;
#6575 = CARTESIAN_POINT ( 'NONE',  ( 113.1211326098185168, -13.80372129546781323, 6.000000000000000000 ) ) ;
#6576 = VERTEX_POINT ( 'NONE', #5556 ) ;
#6577 = CARTESIAN_POINT ( 'NONE',  ( 273.4818826625967176, -3.952621533742310511, 23.06697220466474718 ) ) ;
#6578 = EDGE_LOOP ( 'NONE', ( #4713, #3054, #1936, #3390 ) ) ;
#6579 = CARTESIAN_POINT ( 'NONE',  ( 124.8518850238005768, -13.05584535779550492, 11.59999999818355931 ) ) ;
#6580 = CARTESIAN_POINT ( 'NONE',  ( 252.9530710178744641, -6.905483889498870376, 6.624425500508758446 ) ) ;
#6581 = EDGE_CURVE ( 'NONE', #2760, #5578, #6969, .T. ) ;
#6582 = ADVANCED_FACE ( 'NONE', ( #6290 ), #3913, .F. ) ;
#6583 = CARTESIAN_POINT ( 'NONE',  ( 118.3903222936289126, -14.14930889444544704, 6.500044737534546258 ) ) ;
#6584 = B_SPLINE_CURVE_WITH_KNOTS ( 'NONE', 3,
 ( #7906, #2226, #4722, #2308, #7989, #4234 ),
 .UNSPECIFIED., .F., .F.,
 ( 4, 2, 4 ),
 ( 0.000000000000000000, 0.0003039841235425125190, 0.0006079682470850250381 ),
 .UNSPECIFIED. ) ;
#6585 = CARTESIAN_POINT ( 'NONE',  ( 280.8891346805762055, -3.834571969535995439, 7.639235099375663474 ) ) ;
#6586 = CARTESIAN_POINT ( 'NONE',  ( 399.8463375253659819, -0.06016487529905643200, 371.0481602084640826 ) ) ;
#6587 = FACE_OUTER_BOUND ( 'NONE', #3514, .T. ) ;
#6588 = APPROVAL_STATUS ( 'not_yet_approved' ) ;
#6589 = B_SPLINE_CURVE_WITH_KNOTS ( 'NONE', 3,
 ( #3325, #353, #3491, #1611, #4024, #6515, #5367, #5905, #2836, #313, #836, #7048, #6599, #5207 ),
 .UNSPECIFIED., .F., .F.,
 ( 4, 2, 2, 2, 2, 2, 4 ),
 ( 0.000000000000000000, 0.0004697176804999193562, 0.0009394353609998387124, 0.001409153041499758069, 0.001878870721999677425, 0.002818306082999507897, 0.003757741443999338370 ),
 .UNSPECIFIED. ) ;
#6590 = CARTESIAN_POINT ( 'NONE',  ( 276.0490819810006542, -4.611641702970755929, 7.513275089499722448 ) ) ;
#6591 = CARTESIAN_POINT ( 'NONE',  ( 145.1917661739310290, -11.05710084055323250, 22.00000000000000000 ) ) ;
#6592 = CARTESIAN_POINT ( 'NONE',  ( 155.0827189530127157, -12.28463200681910905, 6.885996216813017767 ) ) ;
#6593 = CARTESIAN_POINT ( 'NONE',  ( 125.9393270348038669, -13.69302936997806164, 16.58379251570018553 ) ) ;
#6594 = CARTESIAN_POINT ( 'NONE',  ( 384.7117701092744824, -3.228104113264298913, 371.7300000000000182 ) ) ;
#6595 = VERTEX_POINT ( 'NONE', #2452 ) ;
#6596 = DIRECTION ( 'NONE',  ( 0.000000000000000000, 0.000000000000000000, -1.000000000000000000 ) ) ;
#6597 = CARTESIAN_POINT ( 'NONE',  ( 163.8531628654011740, -12.23491007459974611, 6.573451588768823406 ) ) ;
#6598 = DIRECTION ( 'NONE',  ( -0.5344007497260974127, 0.000000000000000000, -0.8452312338598148012 ) ) ;
#6599 = CARTESIAN_POINT ( 'NONE',  ( 285.2111389714776237, -0.04999999999999997502, 23.24999999815648621 ) ) ;
#6600 = CARTESIAN_POINT ( 'NONE',  ( 359.5833406663019787, -2.632136426818338482, 371.2091488382890816 ) ) ;
#6601 = CARTESIAN_POINT ( 'NONE',  ( 387.2454704894922202, -1.158658652084596286, 371.2300000000000182 ) ) ;
#6602 = CARTESIAN_POINT ( 'NONE',  ( 281.2460626318908226, -4.615167430442867591, 6.498541841302752253 ) ) ;
#6603 = CARTESIAN_POINT ( 'NONE',  ( 282.2258775679146652, -4.334156436516092725, 21.22633792690474053 ) ) ;
#6604 = CARTESIAN_POINT ( 'NONE',  ( 126.7582616441963808, -4.404889533221597375, 127.9100000000000534 ) ) ;
#6605 = CARTESIAN_POINT ( 'NONE',  ( 282.3668623881467852, -1.474503931565444681, 7.800034720769130736 ) ) ;
#6606 = CARTESIAN_POINT ( 'NONE',  ( 214.5419549550188094, -2.939622633034299604, 249.8200000000000216 ) ) ;
#6607 = ORIENTED_EDGE ( 'NONE', *, *, #4470, .T. ) ;
#6608 = CARTESIAN_POINT ( 'NONE',  ( 240.7375217199815154, -7.846734833636100248, 6.574164508289956466 ) ) ;
#6609 = DIRECTION ( 'NONE',  ( 0.000000000000000000, 1.000000000000000000, 0.000000000000000000 ) ) ;
#6610 = EDGE_LOOP ( 'NONE', ( #3422, #7464, #539, #1343, #4769, #2116 ) ) ;
#6611 = CARTESIAN_POINT ( 'NONE',  ( 399.9422869566289478, -0.2398525361075694029, 371.2300000000000182 ) ) ;
#6612 = CARTESIAN_POINT ( 'NONE',  ( 285.7237007797906472, -3.828292734370505102, 23.24999999818173535 ) ) ;
#6613 = B_SPLINE_CURVE_WITH_KNOTS ( 'NONE', 3,
 ( #1767, #7976, #3039, #2998, #5489, #4875, #4337, #7362, #6755, #8014, #1158, #3652, #6147, #2420, #1807, #1195, #3690, #6184, #3074, #2004, #215, #5110, #4535, #697 ),
 .UNSPECIFIED., .F., .F.,
 ( 4, 1, 1, 1, 1, 1, 1, 1, 1, 1, 1, 1, 1, 1, 1, 1, 1, 1, 1, 1, 1, 4 ),
 ( 0.02208654474438081355, 0.02390462482286205212, 0.02596988617379158981, 0.02803514752472106158, 0.03010040887565050560, 0.03423093157750945609, 0.03836145427936837188, 0.04249197698122732236, 0.04662249968308623815, 0.05075302238494518864, 0.05488354508680410443, 0.05901406778866304798, 0.06314459049052194295, 0.06727511319238091425, 0.07140563589423983004, 0.07553615859609877359, 0.08379720399981664680, 0.09205824940353452002, 0.1003192948072523794, 0.1085803402109702109, 0.1168413856146881258, 0.1182397507386365454 ),
 .UNSPECIFIED. ) ;
#6614 = CARTESIAN_POINT ( 'NONE',  ( 192.4902544952461483, -9.209709005761235190, 128.2433333333333110 ) ) ;
#6615 = CARTESIAN_POINT ( 'NONE',  ( 247.5384874568901807, -6.761693505904067258, 5.999999999999996447 ) ) ;
#6616 = CARTESIAN_POINT ( 'NONE',  ( 387.2791127168225103, -1.156455332481902465, 371.2299999910080146 ) ) ;
#6617 = CARTESIAN_POINT ( 'NONE',  ( 299.5098643200557262, -2.260564948557890030, 94.46842935994796164 ) ) ;
#6618 = CARTESIAN_POINT ( 'NONE',  ( 116.4877466588568353, -13.07547633429417644, 7.449756211657421190 ) ) ;
#6619 = CARTESIAN_POINT ( 'NONE',  ( 272.3533866159743297, -4.981053147856409957, 22.20437549080658712 ) ) ;
#6620 = ORIENTED_EDGE ( 'NONE', *, *, #3378, .F. ) ;
#6621 = DIRECTION ( 'NONE',  ( 6.757720053052906532E-14, -1.000000000000000000, 0.000000000000000000 ) ) ;
#6622 = CARTESIAN_POINT ( 'NONE',  ( 247.6857498176379977, -6.840355072978907991, 7.121955368027223621 ) ) ;
#6623 = CARTESIAN_POINT ( 'NONE',  ( 118.4059090644045398, -13.45126016282226900, 6.774966319547126581 ) ) ;
#6624 = CARTESIAN_POINT ( 'NONE',  ( 280.8923139397287514, -3.832948268212733378, 7.639236319907133144 ) ) ;
#6625 = B_SPLINE_CURVE_WITH_KNOTS ( 'NONE', 3,
 ( #5933, #340, #5311, #7802 ),
 .UNSPECIFIED., .F., .F.,
 ( 4, 4 ),
 ( 0.000000000000000000, 0.0004312374427900552234 ),
 .UNSPECIFIED. ) ;
#6626 = ADVANCED_FACE ( 'NONE', ( #4979 ), #5346, .F. ) ;
#6627 = CARTESIAN_POINT ( 'NONE',  ( 283.3701860455260544, -0.05000000000000000278, 6.509323797162621439 ) ) ;
#6628 = CARTESIAN_POINT ( 'NONE',  ( 284.5024847943885788, -1.478240745289827629, 23.24999999818360052 ) ) ;
#6629 = CARTESIAN_POINT ( 'NONE',  ( 285.5843796166990387, -4.100326087220047100, 23.24999999818297880 ) ) ;
#6630 = PERSON_AND_ORGANIZATION_ROLE ( 'creator' ) ;
#6631 = CARTESIAN_POINT ( 'NONE',  ( 274.7380193108461981, -4.915465262924204382, 6.889880591195798765 ) ) ;
#6632 = CARTESIAN_POINT ( 'NONE',  ( 140.1165020503456446, -13.09215876530530132, 22.73991914309737439 ) ) ;
#6633 = CARTESIAN_POINT ( 'NONE',  ( 148.1437636694236062, -13.52356611318197643, 6.500047506372212069 ) ) ;
#6634 = CARTESIAN_POINT ( 'NONE',  ( 128.0957472221138858, -13.75930224089596265, 14.42686249488714800 ) ) ;
#6635 = CARTESIAN_POINT ( 'NONE',  ( 333.9356847489779625, -5.415692021099870246, 249.8200000000000216 ) ) ;
#6636 = ORIENTED_EDGE ( 'NONE', *, *, #7822, .F. ) ;
#6637 = CARTESIAN_POINT ( 'NONE',  ( 332.5517760427385952, -3.813553676783408175, 338.6551664493335920 ) ) ;
#6638 = EDGE_CURVE ( 'NONE', #6745, #3304, #835, .T. ) ;
#6639 = AXIS2_PLACEMENT_3D ( 'NONE', #1068, #3218, #3830 ) ;
#6640 = CARTESIAN_POINT ( 'NONE',  ( 165.5724259375078304, -11.55463667757735990, 7.237592689319816586 ) ) ;
#6641 = CARTESIAN_POINT ( 'NONE',  ( 145.2981225776576650, -11.34710373985720899, 22.25242899402865859 ) ) ;
#6642 = CARTESIAN_POINT ( 'NONE',  ( 142.1008016451311562, -11.11704110149239000, 22.15298481016305132 ) ) ;
#6643 = CARTESIAN_POINT ( 'NONE',  ( 391.1558331985183372, -0.8945975646493475875, 371.2299895783801276 ) ) ;
#6644 = CARTESIAN_POINT ( 'NONE',  ( 260.3759738565270254, -6.936670124549383587, 5.999999998183607630 ) ) ;
#6645 = CARTESIAN_POINT ( 'NONE',  ( 280.8525659988241614, -3.830795272880369584, 7.495230548863695219 ) ) ;
#6646 = CARTESIAN_POINT ( 'NONE',  ( 281.2381733238758557, -4.402108098451218865, 21.22678308288249482 ) ) ;
#6647 = CARTESIAN_POINT ( 'NONE',  ( 120.5510196546651116, -2.716707476377042685, 127.9100000000000534 ) ) ;
#6648 = CARTESIAN_POINT ( 'NONE',  ( 333.5208673737463982, -4.459354248331362847, 340.0888180109033101 ) ) ;
#6649 = CARTESIAN_POINT ( 'NONE',  ( 214.2336374970189183, -2.785357486938985438, 249.8200000000000216 ) ) ;
#6650 = EDGE_LOOP ( 'NONE', ( #7713, #1376, #598, #3707 ) ) ;
#6651 = CARTESIAN_POINT ( 'NONE',  ( 230.2228352074011752, -7.965208411242100439, 7.120637043922942944 ) ) ;
#6652 = DIRECTION ( 'NONE',  ( 1.000000000000000000, 0.000000000000000000, 1.616521140035806642E-18 ) ) ;
#6653 = VECTOR ( 'NONE', #2030, 1000.000000000000114 ) ;
#6654 = ORIENTED_EDGE ( 'NONE', *, *, #339, .T. ) ;
#6655 = CARTESIAN_POINT ( 'NONE',  ( 123.9985583480074354, -12.87231110676332868, 16.59999999818357352 ) ) ;
#6656 = CARTESIAN_POINT ( 'NONE',  ( 282.1370107799776861, -3.851498294783986420, 6.586820391196984481 ) ) ;
#6657 = CARTESIAN_POINT ( 'NONE',  ( 285.7675423307093183, -3.806211594506904827, 23.24999999818531293 ) ) ;
#6658 = CARTESIAN_POINT ( 'NONE',  ( 257.9340389377491647, -6.262502526730229668, 233.4866666666666504 ) ) ;
#6659 = CARTESIAN_POINT ( 'NONE',  ( 243.4223661836259112, -7.036187262643872842, 5.999999999999999112 ) ) ;
#6660 = CARTESIAN_POINT ( 'NONE',  ( 352.8924156472213554, -0.05000000000000984213, 241.5731328552940056 ) ) ;
#6661 = CARTESIAN_POINT ( 'NONE',  ( 399.6104117055496658, -0.08417582102638221375, 371.0325224452980137 ) ) ;
#6662 = B_SPLINE_CURVE_WITH_KNOTS ( 'NONE', 3,
 ( #860, #3353, #5847, #2866 ),
 .UNSPECIFIED., .F., .F.,
 ( 4, 4 ),
 ( 0.3686220776448417280, 0.3826403702593345613 ),
 .UNSPECIFIED. ) ;
#6663 = CARTESIAN_POINT ( 'NONE',  ( 285.2633078315627131, -3.697821882933955528, 20.92425756932628644 ) ) ;
#6664 = CARTESIAN_POINT ( 'NONE',  ( 271.8289758210046898, -5.185405400449535129, 21.82627898695825408 ) ) ;
#6665 = ORIENTED_EDGE ( 'NONE', *, *, #2885, .F. ) ;
#6666 = CARTESIAN_POINT ( 'NONE',  ( 136.2721396288379196, -12.73825902591369186, 21.53813574902781980 ) ) ;
#6667 = CARTESIAN_POINT ( 'NONE',  ( 245.9846926190879230, -7.625642418138029122, 6.524137318899708049 ) ) ;
#6668 = CARTESIAN_POINT ( 'NONE',  ( 121.8918140324678205, -13.39289090571050522, 6.869281126263616422 ) ) ;
#6669 = CARTESIAN_POINT ( 'NONE',  ( 284.1162715072481433, -2.041649675551807430, 23.24999999818360408 ) ) ;
#6670 = CARTESIAN_POINT ( 'NONE',  ( 212.4096748713252225, -11.39471411772907139, 141.0515109936934550 ) ) ;
#6671 = CARTESIAN_POINT ( 'NONE',  ( 284.5094595917439051, -1.465276914454719748, 23.24999999818360052 ) ) ;
#6672 = CARTESIAN_POINT ( 'NONE',  ( 287.6589720781023516, -0.01774607793697622823, 23.24999999818354723 ) ) ;
#6673 = CARTESIAN_POINT ( 'NONE',  ( 270.3717455911539673, -5.426620857361130312, 6.797260890418447055 ) ) ;
#6674 = CARTESIAN_POINT ( 'NONE',  ( 115.8954989197909384, -13.89157996068889389, 6.513031688913071271 ) ) ;
#6675 = CARTESIAN_POINT ( 'NONE',  ( 146.3488154537794230, -12.67930937767908439, 7.116170599439938016 ) ) ;
#6676 = ADVANCED_FACE ( 'NONE', ( #1912 ), #7052, .F. ) ;
#6677 = CARTESIAN_POINT ( 'NONE',  ( 135.4678842665851448, -12.66467741544763470, 23.14638708767683539 ) ) ;
#6678 = CARTESIAN_POINT ( 'NONE',  ( 197.9734629648759210, -11.89487807061538760, 5.999999999999986677 ) ) ;
#6679 = ORIENTED_EDGE ( 'NONE', *, *, #1373, .T. ) ;
#6680 = DIRECTION ( 'NONE',  ( -1.000000000000000000, 0.000000000000000000, -0.000000000000000000 ) ) ;
#6681 = CARTESIAN_POINT ( 'NONE',  ( 167.3618550923912665, -12.31960322200197844, 6.498764834350544639 ) ) ;
#6682 = CARTESIAN_POINT ( 'NONE',  ( 284.4939857766851787, -2.593695241133800788, 23.14176020941535938 ) ) ;
#6683 = CARTESIAN_POINT ( 'NONE',  ( 281.1620276055059549, -4.198414667599619676, 6.647724471076852382 ) ) ;
#6684 = CARTESIAN_POINT ( 'NONE',  ( 382.1319726311751310, -1.360808992198550893, 371.1727618874674590 ) ) ;
#6685 = CARTESIAN_POINT ( 'NONE',  ( 118.0408339411275449, -13.00745404970707497, 9.906185923925704628 ) ) ;
#6686 = CARTESIAN_POINT ( 'NONE',  ( 279.4466040191041998, -4.321568367408008093, 7.275614837485084863 ) ) ;
#6687 = CARTESIAN_POINT ( 'NONE',  ( 277.4820110773280817, -4.723848963423735725, 21.20936099695794042 ) ) ;
#6688 = EDGE_CURVE ( 'NONE', #3459, #4685, #358, .T. ) ;
#6689 = CARTESIAN_POINT ( 'NONE',  ( 122.0625387277198541, -3.237751448446406943, 127.9099999999999682 ) ) ;
#6690 = CARTESIAN_POINT ( 'NONE',  ( 391.2454704894915380, -2.781361393688388084, 371.2300000000000750 ) ) ;
#6691 = CARTESIAN_POINT ( 'NONE',  ( 400.4394066969433652, -0.05000000000000000278, 371.2259955976680317 ) ) ;
#6692 = VERTEX_POINT ( 'NONE', #5416 ) ;
#6693 = CARTESIAN_POINT ( 'NONE',  ( 230.2423944373346956, -8.277036816258398488, 6.698755039453319959 ) ) ;
#6694 = CARTESIAN_POINT ( 'NONE',  ( 266.4934365657377953, -7.114364965204241109, 249.8200000000000500 ) ) ;
#6695 = ORIENTED_EDGE ( 'NONE', *, *, #2671, .F. ) ;
#6696 = CARTESIAN_POINT ( 'NONE',  ( 334.2801103601800037, -2.458282724352913284, 339.6861252890835772 ) ) ;
#6697 = CARTESIAN_POINT ( 'NONE',  ( 270.7410980213580274, -3.356839596001374826, 23.24999999818359342 ) ) ;
#6698 = CARTESIAN_POINT ( 'NONE',  ( 332.9307893815421835, -3.205193034165523258, 338.7299999999999613 ) ) ;
#6699 = CARTESIAN_POINT ( 'NONE',  ( 385.6873085335284941, -1.069256046903640733, 371.7300000000001887 ) ) ;
#6700 = CARTESIAN_POINT ( 'NONE',  ( 332.2521437292441533, -3.440427939755768438, 337.6168867696390521 ) ) ;
#6701 = CARTESIAN_POINT ( 'NONE',  ( 325.7995961947214028, -1.192535164258278879, 166.9086245358206781 ) ) ;
#6702 = CARTESIAN_POINT ( 'NONE',  ( 348.1402348121307000, -2.207180358723061619, 233.8246045791174765 ) ) ;
#6703 = CARTESIAN_POINT ( 'NONE',  ( 327.0890392063266745, -4.608760983297771396, 339.1080713719279629 ) ) ;
#6704 = ORIENTED_EDGE ( 'NONE', *, *, #2036, .F. ) ;
#6705 = CARTESIAN_POINT ( 'NONE',  ( 130.3991832795152561, -12.78254095066557205, 21.54658988746345827 ) ) ;
#6706 = CARTESIAN_POINT ( 'NONE',  ( 249.4458532790050924, -6.938502485440708689, 6.793124293018117044 ) ) ;
#6707 = CARTESIAN_POINT ( 'NONE',  ( 116.6728423827608481, -13.23513502095579497, 6.964691198836636232 ) ) ;
#6708 = CARTESIAN_POINT ( 'NONE',  ( 283.9131944800392375, -2.105319892647967261, 23.24999999818360763 ) ) ;
#6709 = CARTESIAN_POINT ( 'NONE',  ( 282.7300624800477067, -8.131692207344858758, 256.3908689587417484 ) ) ;
#6710 = CARTESIAN_POINT ( 'NONE',  ( 284.3894110920707590, -1.686158070126934083, 23.24999999818360763 ) ) ;
#6711 = CARTESIAN_POINT ( 'NONE',  ( 283.7180171827047275, -2.443334549397423672, 23.24999999818396645 ) ) ;
#6712 = APPROVAL_STATUS ( 'not_yet_approved' ) ;
#6713 = CARTESIAN_POINT ( 'NONE',  ( 272.9692059040148138, -4.951693489741231247, 7.129204073957075671 ) ) ;
#6714 = CARTESIAN_POINT ( 'NONE',  ( 325.8320965772569480, -3.808196705299195628, 338.5577931554770430 ) ) ;
#6715 = CARTESIAN_POINT ( 'NONE',  ( 146.3462793241256747, -12.62876783184347751, 7.237914756033964281 ) ) ;
#6716 = B_SPLINE_CURVE_WITH_KNOTS ( 'NONE', 3,
 ( #3050, #707, #6806, #3199, #7449, #669, #1856 ),
 .UNSPECIFIED., .F., .F.,
 ( 4, 1, 1, 1, 4 ),
 ( 5.704733729930249326E-05, 0.001692992157260039994, 0.003529003615095175489, 0.005365015072930316188, 0.006076086931119358339 ),
 .UNSPECIFIED. ) ;
#6717 = CARTESIAN_POINT ( 'NONE',  ( 139.2459753933096351, -13.47159755985847518, 21.64610065770564873 ) ) ;
#6718 = CARTESIAN_POINT ( 'NONE',  ( 264.0677049581644269, -7.773898188289438238, 5.999999999999999112 ) ) ;
#6719 = VERTEX_POINT ( 'NONE', #3581 ) ;
#6720 = CARTESIAN_POINT ( 'NONE',  ( 326.0843913657320172, 2.381905331058038033, 127.9100000000000250 ) ) ;
#6721 = CARTESIAN_POINT ( 'NONE',  ( 162.0795523919327650, -11.82623346527848973, 6.994650994075025885 ) ) ;
#6722 = CARTESIAN_POINT ( 'NONE',  ( 131.3581750952686207, -11.24851125709544242, 22.48603908660955497 ) ) ;
#6723 = CARTESIAN_POINT ( 'NONE',  ( 132.4781677739813688, -11.24328258921405777, 22.48730865297206094 ) ) ;
#6724 = CARTESIAN_POINT ( 'NONE',  ( 333.5208673737465119, -4.459354248331362847, 340.0888180109034238 ) ) ;
#6725 = CARTESIAN_POINT ( 'NONE',  ( 280.2019818104021738, -4.299001134623797071, 6.921892281424599780 ) ) ;
#6726 = CARTESIAN_POINT ( 'NONE',  ( 276.6546711891415384, -4.804832984565230447, 21.20804690086213284 ) ) ;
#6727 = CARTESIAN_POINT ( 'NONE',  ( 144.8967620859153271, -10.58434447631457154, 20.19598670969115872 ) ) ;
#6728 = CARTESIAN_POINT ( 'NONE',  ( 392.6307495766844227, -2.684919931703046547, 371.2300000000000750 ) ) ;
#6729 = CARTESIAN_POINT ( 'NONE',  ( 316.2377854828901036, -3.024612028080619908, 371.7299999999999613 ) ) ;
#6730 = ORIENTED_EDGE ( 'NONE', *, *, #3182, .F. ) ;
#6731 = CARTESIAN_POINT ( 'NONE',  ( 219.7756499715727330, -9.157826398178810834, 6.574014579569836592 ) ) ;
#6732 = EDGE_CURVE ( 'NONE', #855, #4614, #6584, .T. ) ;
#6733 = EDGE_CURVE ( 'NONE', #6524, #1057, #6520, .T. ) ;
#6734 = CARTESIAN_POINT ( 'NONE',  ( 113.7047950199171140, -13.82943109224322598, 6.000000000000010658 ) ) ;
#6735 = ORIENTED_EDGE ( 'NONE', *, *, #6826, .T. ) ;
#6736 = CARTESIAN_POINT ( 'NONE',  ( 123.6560390103942098, -12.85985590494434128, 16.69395835325403255 ) ) ;
#6737 = CARTESIAN_POINT ( 'NONE',  ( 281.3173371871148447, -3.615881750647472526, 7.639399482529512397 ) ) ;
#6738 = CARTESIAN_POINT ( 'NONE',  ( 283.9855499382475159, -4.239606218157193851, 23.24999999818248853 ) ) ;
#6739 = B_SPLINE_CURVE_WITH_KNOTS ( 'NONE', 3,
 ( #579, #1721, #6627, #2290, #3521, #4786, #6060, #466, #7277, #2950, #4830, #55 ),
 .UNSPECIFIED., .F., .F.,
 ( 4, 2, 2, 2, 2, 4 ),
 ( 0.000000000000000000, 0.0002348247974701903203, 0.0004696495949403806406, 0.0009392991898809105759, 0.001408948784821440620, 0.001878598379761970555 ),
 .UNSPECIFIED. ) ;
#6740 = CARTESIAN_POINT ( 'NONE',  ( 261.3761367040113441, -6.874810786236553284, 6.499999998183625394 ) ) ;
#6741 = CARTESIAN_POINT ( 'NONE',  ( 206.3676875322690307, -9.319688922802631836, 5.999999999999987566 ) ) ;
#6742 = CARTESIAN_POINT ( 'NONE',  ( 399.3610264574107873, -0.04999999999998136491, 369.6133333333333439 ) ) ;
#6743 = CARTESIAN_POINT ( 'NONE',  ( 327.1505156690672607, -3.590419724094900733, 340.6430615543011413 ) ) ;
#6744 = CARTESIAN_POINT ( 'NONE',  ( 365.7454704895038731, -2.451262585523139137, 371.2299999281618170 ) ) ;
#6745 = VERTEX_POINT ( 'NONE', #4272 ) ;
#6746 = CARTESIAN_POINT ( 'NONE',  ( 139.2046225128692356, -12.71433988122562120, 20.22485411093325780 ) ) ;
#6747 = CARTESIAN_POINT ( 'NONE',  ( 376.3081812530062393, -3.756361073515521287, 371.2299999999997340 ) ) ;
#6748 = CARTESIAN_POINT ( 'NONE',  ( 211.7825092654395576, -8.818549499483639309, 140.4104444592068717 ) ) ;
#6749 = CARTESIAN_POINT ( 'NONE',  ( 279.8339451277577155, -2.503652880882739407, 23.24999999818360052 ) ) ;
#6750 = CARTESIAN_POINT ( 'NONE',  ( 263.3759738565270254, -6.743589163812838017, 6.499999998183606742 ) ) ;
#6751 = CARTESIAN_POINT ( 'NONE',  ( 399.8270018399164201, -0.06563020959922954978, 371.0472270154905914 ) ) ;
#6752 = CARTESIAN_POINT ( 'NONE',  ( 286.3821105548309447, -3.348428197020124841, 23.24999999818335183 ) ) ;
#6753 = COORDINATED_UNIVERSAL_TIME_OFFSET ( 1, 0, .AHEAD. ) ;
#6754 = CARTESIAN_POINT ( 'NONE',  ( 273.8739400611485166, -5.177915632748674390, 6.701493750129128735 ) ) ;
#6755 = CARTESIAN_POINT ( 'NONE',  ( 239.4640906876674080, -9.390650453385779528, 6.499999998183595196 ) ) ;
#6756 = CARTESIAN_POINT ( 'NONE',  ( 142.8674893526882386, -12.98200635001805736, 6.880043206621407670 ) ) ;
#6757 = CARTESIAN_POINT ( 'NONE',  ( 139.9355200949390223, -13.55441537322507095, 22.17954846299994287 ) ) ;
#6758 = LOCAL_TIME ( 8, 56, 48.00000000000000000, #4873 ) ;
#6759 = CARTESIAN_POINT ( 'NONE',  ( 235.1181295164624032, -9.663094360057266741, 6.000000000000003553 ) ) ;
#6760 = CARTESIAN_POINT ( 'NONE',  ( 365.6723497658802557, -2.454935281836973626, 371.2299999999998477 ) ) ;
#6761 = CARTESIAN_POINT ( 'NONE',  ( 127.2643724212356489, -13.02816113309382651, 12.21706471087263779 ) ) ;
#6762 = DIRECTION ( 'NONE',  ( 0.000000000000000000, 1.000000000000000000, 0.000000000000000000 ) ) ;
#6763 = CARTESIAN_POINT ( 'NONE',  ( 333.0416085066991627, -4.342705599997797705, 339.3805660057831233 ) ) ;
#6764 = CARTESIAN_POINT ( 'NONE',  ( 280.5712889268775143, -4.264249469485877242, 6.828386378040923965 ) ) ;
#6765 = CARTESIAN_POINT ( 'NONE',  ( 318.0029581013111510, -2.514934183329299078, 145.4140858006218480 ) ) ;
#6766 = CARTESIAN_POINT ( 'NONE',  ( 387.2454704894915380, -3.020886442432998642, 371.7300000000000182 ) ) ;
#6767 = CARTESIAN_POINT ( 'NONE',  ( 409.3239406597692209, -1.443371079929853362, 371.2300000000000750 ) ) ;
#6768 = CARTESIAN_POINT ( 'NONE',  ( 226.4132185524205738, -5.780390044986569720, 249.8199999999999079 ) ) ;
#6769 = ORIENTED_EDGE ( 'NONE', *, *, #2126, .T. ) ;
#6770 = VECTOR ( 'NONE', #257, 1000.000000000000000 ) ;
#6771 = CARTESIAN_POINT ( 'NONE',  ( 233.7240804647342145, -7.870820848004720816, 6.885913793202194100 ) ) ;
#6772 = CARTESIAN_POINT ( 'NONE',  ( 267.7438687475993788, -7.103873081969666714, 249.8200000000000784 ) ) ;
#6773 = CARTESIAN_POINT ( 'NONE',  ( 163.8759737890447354, -12.61128767765625369, 6.500000046264796438 ) ) ;
#6774 = CARTESIAN_POINT ( 'NONE',  ( 329.5721665849503097, -2.575129929119198025, 339.6849148742867328 ) ) ;
#6775 = CARTESIAN_POINT ( 'NONE',  ( 281.6419877825350113, -4.251482662906920673, 6.528347293422388731 ) ) ;
#6776 = CARTESIAN_POINT ( 'NONE',  ( 285.8895327675831481, -3.744770157213636708, 23.24999999818273011 ) ) ;
#6777 = AXIS2_PLACEMENT_3D ( 'NONE', #2500, #3765, #6491 ) ;
#6778 = CARTESIAN_POINT ( 'NONE',  ( 139.1621751951190333, -12.15693483509329198, 23.00000000000000355 ) ) ;
#6779 = CARTESIAN_POINT ( 'NONE',  ( 355.1280879423140391, -2.701273033307775684, 371.7299999999999045 ) ) ;
#6780 = CARTESIAN_POINT ( 'NONE',  ( 144.3953456142962750, -12.59817711749195368, 20.21993521791946335 ) ) ;
#6781 = CARTESIAN_POINT ( 'NONE',  ( 126.4317157807998626, -12.52081883128137285, 23.17756590262757044 ) ) ;
#6782 = EDGE_CURVE ( 'NONE', #3743, #6745, #3388, .T. ) ;
#6783 = AXIS2_PLACEMENT_3D ( 'NONE', #4817, #2239, #3553 ) ;
#6784 = PERSON ( 'UNSPECIFIED', 'UNSPECIFIED', 'UNSPECIFIED', ('UNSPECIFIED'), ('UNSPECIFIED'), ('UNSPECIFIED') ) ;
#6785 =( BOUNDED_SURFACE ( )  B_SPLINE_SURFACE ( 3, 2, ( 
 ( #2416, #4909, #7397 ),
 ( #1804, #4299, #7437 ),
 ( #7101, #5340, #6444 ),
 ( #7707, #7139, #2110 ),
 ( #3340, #4077, #3463 ),
 ( #5961, #848, #4608 ),
 ( #6486, #286, #1502 ),
 ( #1460, #3994, #7746 ),
 ( #366, #2895, #2152 ),
 ( #410, #2849, #1542 ),
 ( #4038, #5877, #2235 ),
 ( #4648, #4730, #4690 ),
 ( #6530, #2764, #7061 ),
 ( #887, #245, #3503 ) ),
 .UNSPECIFIED., .F., .F., .T. ) 
 B_SPLINE_SURFACE_WITH_KNOTS ( ( 4, 2, 2, 2, 2, 2, 4 ),
 ( 3, 3 ),
 ( 0.05200008882158048407, 0.08519955471005427605, 0.1183990205985280542, 0.1515984864870018323, 0.1681982194312387213, 0.1764980859033571658, 0.1847979523754756104 ),
 ( 0.000000000000000000, 1.000000000000000000 ),
 .UNSPECIFIED. ) 
 GEOMETRIC_REPRESENTATION_ITEM ( )  RATIONAL_B_SPLINE_SURFACE ( (
 ( 1.000000000000000000, 0.7301499066997751974, 1.000000000000000000),
 ( 1.000000000000000000, 0.7562017739816139228, 1.000000000000000000),
 ( 1.000000000000000000, 0.7808410792523252653, 1.000000000000000000),
 ( 1.000000000000000000, 0.8278407216883363340, 1.000000000000000000),
 ( 1.000000000000000000, 0.8501999599363514459, 1.000000000000000000),
 ( 1.000000000000000000, 0.8929725874201124292, 1.000000000000000000),
 ( 1.000000000000000000, 0.9133945993955708831, 1.000000000000000000),
 ( 1.000000000000000000, 0.9428528215239287968, 1.000000000000000000),
 ( 1.000000000000000000, 0.9524694225071781428, 1.000000000000000000),
 ( 1.000000000000000000, 0.9666499591095932820, 1.000000000000000000),
 ( 1.000000000000000000, 0.9713362572823575070, 1.000000000000000000),
 ( 1.000000000000000000, 0.9806579141390648902, 1.000000000000000000),
 ( 1.000000000000000000, 0.9852941220416560064, 1.000000000000000000),
 ( 1.000000000000000000, 0.9899159350580416517, 1.000000000000000000) ) ) 
 REPRESENTATION_ITEM ( '' )  SURFACE ( )  );
#6786 = CARTESIAN_POINT ( 'NONE',  ( 130.3759738565271391, -14.09238678629302477, 6.499999998183606742 ) ) ;
#6787 = ORIENTED_EDGE ( 'NONE', *, *, #7934, .F. ) ;
#6788 = CARTESIAN_POINT ( 'NONE',  ( 142.1068173320011852, -11.41935113149064307, 22.03829245808518777 ) ) ;
#6789 = CARTESIAN_POINT ( 'NONE',  ( 160.0426405413305133, -12.80460986525577383, 6.499999995416506415 ) ) ;
#6790 = CARTESIAN_POINT ( 'NONE',  ( 326.1027346351153824, -4.256977367927931688, 338.9858459598320337 ) ) ;
#6791 = ADVANCED_FACE ( 'NONE', ( #3051 ), #1130, .F. ) ;
#6792 = CARTESIAN_POINT ( 'NONE',  ( 282.3424673741585025, -2.320281904974424325, 23.24999999818360408 ) ) ;
#6793 = CARTESIAN_POINT ( 'NONE',  ( 125.6117545069074311, -13.68860880958751736, 16.59999999818359484 ) ) ;
#6794 = CARTESIAN_POINT ( 'NONE',  ( 399.8823672484890039, -0.05000541458263313421, 371.0498944362897191 ) ) ;
#6795 = CARTESIAN_POINT ( 'NONE',  ( 287.4866971492685366, -1.263857704696143669, 23.24999999821611851 ) ) ;
#6796 = CARTESIAN_POINT ( 'NONE',  ( 272.1882801405124042, -5.971972812934876806, 6.500048494463618098 ) ) ;
#6797 = CARTESIAN_POINT ( 'NONE',  ( 133.1785189950346364, -11.25653434275474396, 21.99999999999993605 ) ) ;
#6798 = CARTESIAN_POINT ( 'NONE',  ( 148.0877632716303935, -12.51536437674523405, 7.504689246471890840 ) ) ;
#6799 = CARTESIAN_POINT ( 'NONE',  ( 135.4791253173288226, -13.50624050681089727, 22.63278869506540403 ) ) ;
#6800 = CARTESIAN_POINT ( 'NONE',  ( 268.2062845990172946, -7.422950803977688139, 5.999999999999999112 ) ) ;
#6801 = PLANE ( 'NONE',  #4688 ) ;
#6802 = CARTESIAN_POINT ( 'NONE',  ( 285.0887448348007638, -3.449286659516130005, 22.37567272844401955 ) ) ;
#6803 = CARTESIAN_POINT ( 'NONE',  ( 131.1060212172284309, -11.57217718331000711, 22.03217903169565162 ) ) ;
#6804 = CARTESIAN_POINT ( 'NONE',  ( 333.3121226391057803, -4.581795886061823531, 339.3554620403014042 ) ) ;
#6805 = CARTESIAN_POINT ( 'NONE',  ( 279.5538954480005600, -4.910043103544792231, 6.577849245991733262 ) ) ;
#6806 = CARTESIAN_POINT ( 'NONE',  ( 350.6973105693535331, -3.629255149964630167, 371.2300000000000182 ) ) ;
#6807 = CARTESIAN_POINT ( 'NONE',  ( 284.5171919722100711, -1.450809070189838401, 23.24999999818360052 ) ) ;
#6808 = CARTESIAN_POINT ( 'NONE',  ( 127.5458014964038824, -12.13976509269924087, 23.95296351775862931 ) ) ;
#6809 = CARTESIAN_POINT ( 'NONE',  ( 47.50571648168545380, -11.38493412850326969, 6.000000000000000000 ) ) ;
#6810 = VERTEX_POINT ( 'NONE', #6195 ) ;
#6811 = CARTESIAN_POINT ( 'NONE',  ( 233.7299964467926827, -7.964327095552041769, 6.792361464735249044 ) ) ;
#6812 = CARTESIAN_POINT ( 'NONE',  ( 267.1366213035563533, -7.107315232142976669, 249.8200000000002774 ) ) ;
#6813 = ORIENTED_EDGE ( 'NONE', *, *, #3870, .F. ) ;
#6814 = CARTESIAN_POINT ( 'NONE',  ( 281.8268582660605261, -4.157041969672663484, 6.528349707195093998 ) ) ;
#6815 = CARTESIAN_POINT ( 'NONE',  ( 280.9851917382648026, -4.445363252848146374, 23.24999999818150087 ) ) ;
#6816 = CARTESIAN_POINT ( 'NONE',  ( 357.9083868780436433, -2.600649724641905358, 371.7299999999999045 ) ) ;
#6817 = CARTESIAN_POINT ( 'NONE',  ( 379.9885746281841534, -0.05000000000000414530, 280.9356420564904511 ) ) ;
#6818 = CARTESIAN_POINT ( 'NONE',  ( 362.7454704894915949, -4.488564076302264283, 371.2300000000000750 ) ) ;
#6819 = CARTESIAN_POINT ( 'NONE',  ( 125.7077505053846238, -11.46661354048733550, 22.03251125342560002 ) ) ;
#6820 = ORIENTED_EDGE ( 'NONE', *, *, #194, .F. ) ;
#6821 = EDGE_CURVE ( 'NONE', #3629, #6844, #4051, .T. ) ;
#6822 = CARTESIAN_POINT ( 'NONE',  ( 284.2959607940219939, -1.971921993939445672, 23.24999999818368224 ) ) ;
#6823 = CARTESIAN_POINT ( 'NONE',  ( 146.8849062023617478, -12.51665101217935216, 21.28251409516936121 ) ) ;
#6824 = CARTESIAN_POINT ( 'NONE',  ( 282.1784493191481147, -2.332613134386351206, 23.24999999818361118 ) ) ;
#6825 = CARTESIAN_POINT ( 'NONE',  ( 327.9207754175559444, -4.577721805402813260, 340.0910566704681059 ) ) ;
#6826 = EDGE_CURVE ( 'NONE', #897, #6293, #523, .T. ) ;
#6827 = CARTESIAN_POINT ( 'NONE',  ( 285.2675678610997920, -3.703880489334910653, 20.97749754621454343 ) ) ;
#6828 = EDGE_CURVE ( 'NONE', #8067, #461, #6116, .T. ) ;
#6829 = CARTESIAN_POINT ( 'NONE',  ( 285.7859039588282712, -3.055952558195209168, 20.75145564193313419 ) ) ;
#6830 = CARTESIAN_POINT ( 'NONE',  ( 382.1377417845463924, -1.450332190588802250, 371.2305251906773833 ) ) ;
#6831 = CARTESIAN_POINT ( 'NONE',  ( 261.6705888705798770, -6.053757784932245478, 6.885958018592942764 ) ) ;
#6832 = CARTESIAN_POINT ( 'NONE',  ( 277.6274178810616604, -4.851613024164192822, 233.8199999999998226 ) ) ;
#6833 = CARTESIAN_POINT ( 'NONE',  ( 132.3813238026202441, -13.13499948618507496, 7.103622005443397391 ) ) ;
#6834 = CARTESIAN_POINT ( 'NONE',  ( 131.7051440760705816, -13.53608096828411078, 22.63390098034495779 ) ) ;
#6835 = CARTESIAN_POINT ( 'NONE',  ( 288.1915467358193723, -7.298795082782150168, 127.9099999999999966 ) ) ;
#6836 = CARTESIAN_POINT ( 'NONE',  ( 390.9842239893895339, -0.9031936282048171893, 371.2841842071961196 ) ) ;
#6837 = CARTESIAN_POINT ( 'NONE',  ( 387.7454704894915949, -1.124940481656710567, 371.7300000000000182 ) ) ;
#6838 = CARTESIAN_POINT ( 'NONE',  ( 365.7454704894915949, -2.451262585523691584, 371.7300000000000182 ) ) ;
#6839 = CARTESIAN_POINT ( 'NONE',  ( 390.8975138381759393, -2.805475772418032143, 371.7300000000000182 ) ) ;
#6840 = CARTESIAN_POINT ( 'NONE',  ( 279.9112384597095229, -4.688873910567543213, 6.633360485546350382 ) ) ;
#6841 = CARTESIAN_POINT ( 'NONE',  ( 273.0203541636437876, -5.162625578982472874, 21.21182371558192514 ) ) ;
#6842 = CARTESIAN_POINT ( 'NONE',  ( 131.1719383632014342, -12.21997063231969705, 23.41156608590007693 ) ) ;
#6843 = CARTESIAN_POINT ( 'NONE',  ( 41.38486844837431278, -10.34104027782803037, 6.000000000000005329 ) ) ;
#6844 = VERTEX_POINT ( 'NONE', #1779 ) ;
#6845 = CARTESIAN_POINT ( 'NONE',  ( 343.8743667090508325, -2.380295332515518059, 222.0692509197185984 ) ) ;
#6846 = CARTESIAN_POINT ( 'NONE',  ( 198.8152942970262416, -10.50557882501687423, 6.524000517870283566 ) ) ;
#6847 = CARTESIAN_POINT ( 'NONE',  ( 150.0505572106465308, -13.40237199365847687, 6.499999998183594307 ) ) ;
#6848 = ORIENTED_EDGE ( 'NONE', *, *, #1294, .F. ) ;
#6849 = CARTESIAN_POINT ( 'NONE',  ( 287.6957838702233516, -5.888043130024363414, 246.3075720119656182 ) ) ;
#6850 = CARTESIAN_POINT ( 'NONE',  ( 281.5678278686242493, -3.649912244997597810, 6.947840822931418359 ) ) ;
#6851 = CARTESIAN_POINT ( 'NONE',  ( 282.8069712011657089, -4.323840951141908029, 23.24999999818370355 ) ) ;
#6852 = CARTESIAN_POINT ( 'NONE',  ( 345.3946608441648891, -2.935906748370471053, 371.7299999999999045 ) ) ;
#6853 = CARTESIAN_POINT ( 'NONE',  ( 398.1875785267973811, -0.05000000000001032091, 366.3799999993478309 ) ) ;
#6854 = CARTESIAN_POINT ( 'NONE',  ( 338.9153957509171846, -2.511209258043673120, 206.9810262515538000 ) ) ;
#6855 = CARTESIAN_POINT ( 'NONE',  ( 273.6581388050952910, -3.165706192688620746, 23.24999999818368224 ) ) ;
#6856 = ORIENTED_EDGE ( 'NONE', *, *, #337, .F. ) ;
#6857 = CARTESIAN_POINT ( 'NONE',  ( 283.5673891191474922, -2.179472749252258978, 23.24999999818357210 ) ) ;
#6858 = CARTESIAN_POINT ( 'NONE',  ( 401.8394847633160225, 0.07255075174065075960, 371.7299999999999613 ) ) ;
#6859 = FACE_OUTER_BOUND ( 'NONE', #7123, .T. ) ;
#6860 = CARTESIAN_POINT ( 'NONE',  ( 275.9721050234706468, -2.863184692006389920, 23.24999999818360408 ) ) ;
#6861 = VERTEX_POINT ( 'NONE', #560 ) ;
#6862 = CARTESIAN_POINT ( 'NONE',  ( 163.8230864774441500, -11.61181030877003728, 7.501040035138662354 ) ) ;
#6863 = CARTESIAN_POINT ( 'NONE',  ( 123.9087306190447038, -13.65844773968058590, 16.59999999818340655 ) ) ;
#6864 = CARTESIAN_POINT ( 'NONE',  ( 285.8744514076138898, -2.928477074961321591, 20.74023134805230484 ) ) ;
#6865 = CARTESIAN_POINT ( 'NONE',  ( 355.0745421335638525, -2.925897215681473540, 371.2299893444792929 ) ) ;
#6866 = CARTESIAN_POINT ( 'NONE',  ( 265.1757644993962231, -6.118709527927428837, 6.624906587800854396 ) ) ;
#6867 = CARTESIAN_POINT ( 'NONE',  ( 211.4099015816926794, -7.947722992018529276, 127.9099999999999966 ) ) ;
#6868 = CARTESIAN_POINT ( 'NONE',  ( 135.8907364693186253, -13.60473301785963152, 6.572080191673401295 ) ) ;
#6869 = CARTESIAN_POINT ( 'NONE',  ( 130.0968193987488348, -13.89996130077022052, 6.428114100421602473 ) ) ;
#6870 = CARTESIAN_POINT ( 'NONE',  ( 250.9616070205109111, -8.620840573577741139, 5.999999999999995559 ) ) ;
#6871 = EDGE_CURVE ( 'NONE', #566, #7180, #5517, .T. ) ;
#6872 = CARTESIAN_POINT ( 'NONE',  ( 289.9181388050951682, -0.05000000000000000278, 55.29999837350247560 ) ) ;
#6873 = CARTESIAN_POINT ( 'NONE',  ( 127.4974503105965056, -12.93776648598853285, 15.74965702230277387 ) ) ;
#6874 = DIRECTION ( 'NONE',  ( -0.000000000000000000, 1.000000000000000000, -0.000000000000000000 ) ) ;
#6875 = CARTESIAN_POINT ( 'NONE',  ( 397.6768377858996928, -0.1707936188614326833, 366.5935787009991600 ) ) ;
#6876 = CARTESIAN_POINT ( 'NONE',  ( 277.0073100757559814, -5.555415471622480617, 6.500047802968486721 ) ) ;
#6877 = CARTESIAN_POINT ( 'NONE',  ( 273.2146872855730635, -5.159741901572711065, 22.02836022796221727 ) ) ;
#6878 = CARTESIAN_POINT ( 'NONE',  ( 136.0235509167933117, -12.17987670754658858, 23.97852282964440818 ) ) ;
#6879 = CARTESIAN_POINT ( 'NONE',  ( 49.55367205989650614, -11.68870596961255259, 5.999999999999995559 ) ) ;
#6880 = EDGE_CURVE ( 'NONE', #4076, #2562, #1558, .T. ) ;
#6881 = ORIENTED_EDGE ( 'NONE', *, *, #3182, .T. ) ;
#6882 = CARTESIAN_POINT ( 'NONE',  ( 342.0689212205833769, -2.453605363127933092, 217.0955114034687199 ) ) ;
#6883 = CARTESIAN_POINT ( 'NONE',  ( 191.7838478783067160, -10.14926528463606381, 7.372496857673462856 ) ) ;
#6884 = CARTESIAN_POINT ( 'NONE',  ( 260.0426415398590052, -6.957215041431840774, 6.500000026186385504 ) ) ;
#6885 = ORIENTED_EDGE ( 'NONE', *, *, #1426, .F. ) ;
#6886 = CARTESIAN_POINT ( 'NONE',  ( 338.8925004992399295, -3.499240771886093171, 324.8059536452663565 ) ) ;
#6887 = CARTESIAN_POINT ( 'NONE',  ( 281.4028337083312294, -4.696027028264468939, 6.500055998548917024 ) ) ;
#6888 = CARTESIAN_POINT ( 'NONE',  ( 283.0604045030050884, -4.308723211402043063, 23.24999999818358631 ) ) ;
#6889 = CARTESIAN_POINT ( 'NONE',  ( 277.2787533550261969, -6.263276165538875340, 249.8200000000002490 ) ) ;
#6890 = CARTESIAN_POINT ( 'NONE',  ( 398.8332725457401580, -0.05189844079455376014, 366.3799999997551708 ) ) ;
#6891 = CARTESIAN_POINT ( 'NONE',  ( 390.9482283673052621, -2.801970746543989588, 371.3104079769302643 ) ) ;
#6892 = B_SPLINE_CURVE_WITH_KNOTS ( 'NONE', 3,
 ( #5470, #6740, #7960, #2364 ),
 .UNSPECIFIED., .F., .F.,
 ( 4, 4 ),
 ( 0.1301997665873120824, 0.1332059828364329790 ),
 .UNSPECIFIED. ) ;
#6893 = CARTESIAN_POINT ( 'NONE',  ( 277.9893441269020400, -4.675301276252898930, 21.21063919315332313 ) ) ;
#6894 = VECTOR ( 'NONE', #425, 1000.000000000000000 ) ;
#6895 = ORIENTED_EDGE ( 'NONE', *, *, #4034, .T. ) ;
#6896 = CARTESIAN_POINT ( 'NONE',  ( 285.0204123002564529, -1.609278625237287041, 23.24999999818361118 ) ) ;
#6897 = CARTESIAN_POINT ( 'NONE',  ( 387.7454704894915949, -1.124940481656710567, 371.7300000000000750 ) ) ;
#6898 = CARTESIAN_POINT ( 'NONE',  ( 140.2935344349573086, -13.24715901102318227, 22.76676286161445617 ) ) ;
#6899 = CIRCLE ( 'NONE', #4820, 2.000000000000007994 ) ;
#6900 = CARTESIAN_POINT ( 'NONE',  ( 161.0702771274263227, -11.73883161300033073, 7.501870088293731698 ) ) ;
#6901 = EDGE_LOOP ( 'NONE', ( #3132, #2325, #255, #6695, #4061, #6552 ) ) ;
#6902 = CARTESIAN_POINT ( 'NONE',  ( 163.3759738565270254, -12.63568686999301249, 5.999999998183607630 ) ) ;
#6903 = CARTESIAN_POINT ( 'NONE',  ( 124.0883861431376118, -13.66244075899206045, 16.59999999818357352 ) ) ;
#6904 = CARTESIAN_POINT ( 'NONE',  ( 285.9132674784693791, -2.870611153402052640, 20.73533938521000053 ) ) ;
#6905 = CARTESIAN_POINT ( 'NONE',  ( 346.0392594473009922, -2.938389363556126010, 371.0796219322712659 ) ) ;
#6906 = AXIS2_PLACEMENT_3D ( 'NONE', #1839, #5631, #5671 ) ;
#6907 = CARTESIAN_POINT ( 'NONE',  ( 259.9592710900862471, -6.708889493000010695, 6.524057938964992864 ) ) ;
#6908 = CARTESIAN_POINT ( 'NONE',  ( 278.9169365932391997, -4.803136676054085896, 233.8199999999999932 ) ) ;
#6909 = CARTESIAN_POINT ( 'NONE',  ( 142.8625136758078611, -12.85603265209456403, 7.111884673454810901 ) ) ;
#6910 = B_SPLINE_CURVE_WITH_KNOTS ( 'NONE', 3,
 ( #5646, #7558, #3731, #6837 ),
 .UNSPECIFIED., .F., .F.,
 ( 4, 4 ),
 ( 0.000000000000000000, 1.000000000000000000 ),
 .UNSPECIFIED. ) ;
#6911 = CARTESIAN_POINT ( 'NONE',  ( 395.1779663315612652, -0.4117140368194477373, 371.0322990363579834 ) ) ;
#6912 = CARTESIAN_POINT ( 'NONE',  ( 320.1974350576653592, -4.960579908667726912, 127.9100000000000250 ) ) ;
#6913 = CARTESIAN_POINT ( 'NONE',  ( 354.6606411339901115, -4.812486899454287759, 371.2300000000000750 ) ) ;
#6914 = CARTESIAN_POINT ( 'NONE',  ( 127.2643196203371616, -12.93128118820428796, 15.98314776380134106 ) ) ;
#6915 = CARTESIAN_POINT ( 'NONE',  ( 352.6224810011217983, -3.593182809267283062, 371.2300000000000182 ) ) ;
#6916 = CARTESIAN_POINT ( 'NONE',  ( 394.1131280134065378, -0.6856864847908297200, 371.2300000000000182 ) ) ;
#6917 = CARTESIAN_POINT ( 'NONE',  ( 278.7215006562041140, -5.025439933658891967, 6.575698203009753939 ) ) ;
#6918 = ADVANCED_FACE ( 'NONE', ( #341 ), #5945, .T. ) ;
#6919 = FACE_OUTER_BOUND ( 'NONE', #7453, .T. ) ;
#6920 = CARTESIAN_POINT ( 'NONE',  ( 263.8759738565270254, -7.825707291907048280, 5.999999998183607630 ) ) ;
#6921 = CARTESIAN_POINT ( 'NONE',  ( 278.0170233401623250, -8.335934759839862096, 249.8200000000002206 ) ) ;
#6922 = VERTEX_POINT ( 'NONE', #1640 ) ;
#6923 = CARTESIAN_POINT ( 'NONE',  ( 204.3975256523135329, -10.45782777530600249, 127.9100000000000250 ) ) ;
#6924 = CARTESIAN_POINT ( 'NONE',  ( 191.8051896287666125, -10.53763945710779737, 6.697908525266410784 ) ) ;
#6925 = CARTESIAN_POINT ( 'NONE',  ( 227.8876798619445765, -9.039915504477189501, 6.499999998183590755 ) ) ;
#6926 = EDGE_LOOP ( 'NONE', ( #5790, #332, #929, #1133 ) ) ;
#6927 = CARTESIAN_POINT ( 'NONE',  ( 179.1875871968763647, -11.00697434876657077, 74.80783930955502115 ) ) ;
#6928 = CARTESIAN_POINT ( 'NONE',  ( 281.2260292002884512, -4.463974235172705640, 6.528341862585919309 ) ) ;
#6929 = EDGE_CURVE ( 'NONE', #282, #5578, #6199, .T. ) ;
#6930 = CARTESIAN_POINT ( 'NONE',  ( 276.7557994714994720, -4.837782575695466214, 23.24999999818306051 ) ) ;
#6931 = CARTESIAN_POINT ( 'NONE',  ( 356.5182757542852983, -2.652554969202577162, 371.7299999999997908 ) ) ;
#6932 = CARTESIAN_POINT ( 'NONE',  ( 406.5443811504560472, -0.04999999999999441697, 357.0623074698791584 ) ) ;
#6933 = CARTESIAN_POINT ( 'NONE',  ( 342.1327030055130081, -2.145138797141687537, 339.6880187753835116 ) ) ;
#6934 = CARTESIAN_POINT ( 'NONE',  ( 333.5669458149899924, -4.458079598627430862, 340.0887361497251504 ) ) ;
#6935 = ORIENTED_EDGE ( 'NONE', *, *, #3917, .F. ) ;
#6936 = CARTESIAN_POINT ( 'NONE',  ( 284.6883232606543288, -1.776889516535399061, 23.24999999818353658 ) ) ;
#6937 = CARTESIAN_POINT ( 'NONE',  ( 159.8759739321952509, -12.81331996446211896, 6.500000020639289389 ) ) ;
#6938 = CARTESIAN_POINT ( 'NONE',  ( 286.0000387392509538, -2.734984284062419224, 20.72453191684630980 ) ) ;
#6939 = CARTESIAN_POINT ( 'NONE',  ( 280.8890813714933188, -3.834599195384630566, 7.639235078910036059 ) ) ;
#6940 = ORIENTED_EDGE ( 'NONE', *, *, #6189, .T. ) ;
#6941 = B_SPLINE_CURVE_WITH_KNOTS ( 'NONE', 3,
 ( #7349, #536, #7962, #4900, #1182, #3025, #4934, #1143, #3635, #3675, #44, #2366, #606, #5513, #3788, #571, #1870, #7497, #3748, #643, #1832, #3137, #5624, #3098, #1907, #6284, #8001, #2519, #5551, #2407, #2445, #682, #5472, #8037, #6817, #1217, #3712, #5587, #8, #5173, #719, #3824, #7577, #6480, #5827, #1947, #6932, #3175, #4602 ),
 .UNSPECIFIED., .F., .F.,
 ( 4, 3, 3, 3, 3, 3, 3, 3, 3, 3, 3, 3, 3, 3, 3, 3, 4 ),
 ( 0.0005295558094131815746, 0.003917312199539928902, 0.01958656099770009901, 0.08226355619037173383, 0.1136020537866972158, 0.1449405513830279990, 0.1606098001811880616, 0.1919482977775371357, 0.2076175465756993910, 0.2389560441720991191, 0.2546252929702680912, 0.2859637905668311886, 0.3016330393650238362, 0.3329715369622162080, 0.3486407857605129945, 0.3643100345589643241, 0.3868172150564450074 ),
 .UNSPECIFIED. ) ;
#6942 = CARTESIAN_POINT ( 'NONE',  ( 263.3759738565270254, -6.743589163812838017, 6.499999998183606742 ) ) ;
#6943 = CARTESIAN_POINT ( 'NONE',  ( 273.6581388050952341, -0.05000000000000552614, 23.24999999818360763 ) ) ;
#6944 = CARTESIAN_POINT ( 'NONE',  ( 286.7946887634297468, -0.02873444605811976971, 20.62484127994806116 ) ) ;
#6945 = CARTESIAN_POINT ( 'NONE',  ( 355.0726889581053456, -2.873004049158364381, 371.2305356800116556 ) ) ;
#6946 = CARTESIAN_POINT ( 'NONE',  ( 265.1946365529088325, -6.363818711911769732, 6.524248697376324735 ) ) ;
#6947 = CARTESIAN_POINT ( 'NONE',  ( 410.1304432019895216, -1.379515833107991085, 371.2300000000000182 ) ) ;
#6948 = CARTESIAN_POINT ( 'NONE',  ( 135.8778021737130359, -13.05876936373515740, 7.105501803676194328 ) ) ;
#6949 = CARTESIAN_POINT ( 'NONE',  ( 133.3635729861373989, -13.95635994825333093, 11.40025406651364115 ) ) ;
#6950 = CARTESIAN_POINT ( 'NONE',  ( 345.6571186615895499, -1.984843935850582053, 339.0193444251263486 ) ) ;
#6951 = CARTESIAN_POINT ( 'NONE',  ( 136.2850977642173689, -12.76325893545790002, 20.22692083295467569 ) ) ;
#6952 = CARTESIAN_POINT ( 'NONE',  ( 128.0956744603083166, -12.96953840325606144, 14.42688142032427656 ) ) ;
#6953 = CARTESIAN_POINT ( 'NONE',  ( 124.5859562828772340, -12.72075600266728657, 20.25823321337279381 ) ) ;
#6954 = CARTESIAN_POINT ( 'NONE',  ( 332.5781388050951364, -0.2500000000000000000, 173.2499941109628310 ) ) ;
#6955 = CARTESIAN_POINT ( 'NONE',  ( 278.7352563505516514, -5.148365457005395385, 6.524623020074816537 ) ) ;
#6956 = CARTESIAN_POINT ( 'NONE',  ( 398.1875785267973811, -0.09022981142379123132, 366.3800000000002797 ) ) ;
#6957 = CARTESIAN_POINT ( 'NONE',  ( 361.9790807346087718, -0.3025276375325104405, 249.8199999999998226 ) ) ;
#6958 = CARTESIAN_POINT ( 'NONE',  ( 82.52670775013193349, -13.97881127231030796, 6.000000000000005329 ) ) ;
#6959 = EDGE_LOOP ( 'NONE', ( #3814, #7312, #2474, #7628, #5434, #5335 ) ) ;
#6960 = CARTESIAN_POINT ( 'NONE',  ( 163.7093053969838934, -12.61930132800813098, 6.500000108686962541 ) ) ;
#6961 = CARTESIAN_POINT ( 'NONE',  ( 195.2832172255974399, -10.03341768331379669, 7.118369091210030142 ) ) ;
#6962 = CARTESIAN_POINT ( 'NONE',  ( 333.5263912983173782, -4.659264862464741697, 340.0911055017013496 ) ) ;
#6963 = CARTESIAN_POINT ( 'NONE',  ( 395.6478181223779984, -0.3754025693835384425, 371.0845721349211317 ) ) ;
#6964 = CARTESIAN_POINT ( 'NONE',  ( 330.5412838729100713, -3.886937070260436666, 311.6108529814031840 ) ) ;
#6965 = CARTESIAN_POINT ( 'NONE',  ( 281.0594490607616649, -3.909653647979855595, 6.947745554859865003 ) ) ;
#6966 = CARTESIAN_POINT ( 'NONE',  ( 276.8486019220362095, -4.828513109693947314, 23.24999999818476581 ) ) ;
#6967 = CARTESIAN_POINT ( 'NONE',  ( 241.2341110248433438, -5.446479944100157233, 249.8199999999999363 ) ) ;
#6968 = CARTESIAN_POINT ( 'NONE',  ( 169.0471658478100494, -10.26328382051563004, 90.57999649444842305 ) ) ;
#6969 = B_SPLINE_CURVE_WITH_KNOTS ( 'NONE', 3,
 ( #127, #6251, #5592, #50, #4402, #3143 ),
 .UNSPECIFIED., .F., .F.,
 ( 4, 2, 4 ),
 ( 1.691511062225218501E-16, 0.0003909710969221485239, 0.0007819421938441279123 ),
 .UNSPECIFIED. ) ;
#6970 = DIRECTION ( 'NONE',  ( -0.000000000000000000, 1.000000000000000000, -0.000000000000000000 ) ) ;
#6971 = EDGE_LOOP ( 'NONE', ( #7045, #2284, #4199 ) ) ;
#6972 = ADVANCED_FACE ( 'NONE', ( #6100 ), #5224, .F. ) ;
#6973 = CARTESIAN_POINT ( 'NONE',  ( 274.4686232846063945, -5.022436026380772134, 21.20810923119783453 ) ) ;
#6974 = EDGE_LOOP ( 'NONE', ( #7897, #609, #5019, #940, #4399 ) ) ;
#6975 = CARTESIAN_POINT ( 'NONE',  ( 400.0875433489824786, -0.1468932399458706961, 371.2300000000000182 ) ) ;
#6976 = B_SPLINE_CURVE_WITH_KNOTS ( 'NONE', 3,
 ( #1000, #7207, #2141, #1528, #2880, #918, #959 ),
 .UNSPECIFIED., .F., .F.,
 ( 4, 3, 4 ),
 ( 0.000000000000000000, 0.0004000000000000123249, 0.0005005352660435053455 ),
 .UNSPECIFIED. ) ;
#6977 = CARTESIAN_POINT ( 'NONE',  ( 284.5594061735617402, -1.841956115230316104, 23.24999999818361118 ) ) ;
#6978 = CARTESIAN_POINT ( 'NONE',  ( 348.1565206982873519, -2.390924215869933533, 249.8199999999998511 ) ) ;
#6979 = CARTESIAN_POINT ( 'NONE',  ( 285.2428863507567485, -3.688629403173518284, 20.82002329646697802 ) ) ;
#6980 = CARTESIAN_POINT ( 'NONE',  ( 276.6573393519149704, -4.566627474909883411, 7.510630527001836754 ) ) ;
#6981 = VERTEX_POINT ( 'NONE', #5312 ) ;
#6982 = EDGE_CURVE ( 'NONE', #714, #1185, #5409, .T. ) ;
#6983 = DIRECTION ( 'NONE',  ( -0.000000000000000000, 1.000000000000000000, -0.000000000000000000 ) ) ;
#6984 = B_SPLINE_SURFACE_WITH_KNOTS ( 'NONE', 3, 3, ( 
 ( #6393, #6349, #3858, #7610, #2019, #3411, #7649 ),
 ( #3289, #5168, #2058, #874, #2594, #5086, #7049 ),
 ( #2753, #6963, #3326, #1981, #4472, #5208, #7695 ),
 ( #4597, #3981, #3368, #5863, #275, #2963, #1572 ),
 ( #4145, #3536, #3452, #1612, #7902, #7332, #6643 ),
 ( #4801, #2304, #5992, #1046, #2881, #5368, #7291 ),
 ( #7861, #2838, #2222, #2923, #4718, #354, #1695 ),
 ( #6033, #4188, #2262, #6684, #4229, #6830, #5455 ),
 ( #1001, #479, #5949, #438, #5327, #960, #2794 ),
 ( #4759, #5411, #7819, #1086, #4066, #3577, #6072 ),
 ( #1652, #4675, #6558, #7249, #1735, #7944, #2349 ),
 ( #396, #7208, #1229, #2180, #4846, #5906, #4106 ),
 ( #314, #5286, #7777, #7168, #6600, #3492, #21 ),
 ( #3188, #4986, #3108, #6259, #4451, #6945, #6865 ),
 ( #2040, #4410, #135, #3270, #734, #3230, #94 ),
 ( #1347, #6905, #1310, #2656, #5679, #5061, #1883 ) ),
 .UNSPECIFIED., .F., .F., .F.,
 ( 4, 3, 3, 3, 3, 4 ),
 ( 4, 3, 4 ),
 ( 0.01536396335110353124, 0.02214035259093547620, 0.02891674183076741941, 0.04246952031043130932, 0.05602229879009519575, 0.06957507726975908913 ),
 ( 0.000000000000000000, 0.5032718452453733837, 1.006543690490746767 ),
 .UNSPECIFIED. ) ;
#6985 = CARTESIAN_POINT ( 'NONE',  ( 295.8323153968619863, -0.04999999999529717437, 84.33146195860280159 ) ) ;
#6986 = CARTESIAN_POINT ( 'NONE',  ( 321.5187709187422342, -3.288483521318501968, 160.4682814212762025 ) ) ;
#6987 = CARTESIAN_POINT ( 'NONE',  ( 270.0197438450520053, -5.381854621950975748, 18.60738640600762750 ) ) ;
#6988 = CARTESIAN_POINT ( 'NONE',  ( 263.4599495372653450, -6.618972399397984319, 6.498751952197880044 ) ) ;
#6989 = CARTESIAN_POINT ( 'NONE',  ( 332.7168686870216447, -3.447770048340128568, 338.3791277083425371 ) ) ;
#6990 = CARTESIAN_POINT ( 'NONE',  ( 139.3816915150250111, -13.28808596201417735, 6.694335970813539483 ) ) ;
#6991 = CARTESIAN_POINT ( 'NONE',  ( 324.4888096014964844, -4.164597582931833131, 127.9099999999999966 ) ) ;
#6992 = CARTESIAN_POINT ( 'NONE',  ( 410.6194812749151311, 1.436539035578421775, 371.7300000000000182 ) ) ;
#6993 = CARTESIAN_POINT ( 'NONE',  ( 351.0128027077254274, -0.09150340279192177573, 242.2552858185183595 ) ) ;
#6994 = CARTESIAN_POINT ( 'NONE',  ( 116.4877466588568353, -13.07547633429417644, 7.449756211657421190 ) ) ;
#6995 = DIRECTION ( 'NONE',  ( -0.000000000000000000, 1.000000000000000000, -0.000000000000000000 ) ) ;
#6996 = CARTESIAN_POINT ( 'NONE',  ( 278.6951504169987288, -4.789965310364373785, 6.702984164849755011 ) ) ;
#6997 = CARTESIAN_POINT ( 'NONE',  ( 272.9929495211944754, -3.889075595698666454, 21.41754429198141096 ) ) ;
#6998 = CARTESIAN_POINT ( 'NONE',  ( 140.8943690323482940, -12.60595416357089249, 23.13561745884309317 ) ) ;
#6999 = CARTESIAN_POINT ( 'NONE',  ( 341.4693543321960760, -5.054607765134921493, 371.7300000000000182 ) ) ;
#7000 = ORIENTED_EDGE ( 'NONE', *, *, #1935, .F. ) ;
#7001 = CARTESIAN_POINT ( 'NONE',  ( 325.2946637024971892, -3.375024205215533257, 337.7077661821123229 ) ) ;
#7002 = CARTESIAN_POINT ( 'NONE',  ( 191.8392840742574776, -11.15808603811204947, 6.500047500565862890 ) ) ;
#7003 = FACE_OUTER_BOUND ( 'NONE', #5097, .T. ) ;
#7004 = CC_DESIGN_APPROVAL ( #6178, ( #1009 ) ) ;
#7005 = CARTESIAN_POINT ( 'NONE',  ( 332.5210332850896293, -3.221903967543517044, 338.2681144645104041 ) ) ;
#7006 = CARTESIAN_POINT ( 'NONE',  ( 145.7746832009286493, -12.54275781232247233, 21.98574946322261781 ) ) ;
#7007 = CARTESIAN_POINT ( 'NONE',  ( 281.1324568686970338, -3.710303228547646714, 7.639328510263108996 ) ) ;
#7008 = CARTESIAN_POINT ( 'NONE',  ( 284.0367226675356846, -4.123277939165523875, 21.14426295782391563 ) ) ;
#7009 = CARTESIAN_POINT ( 'NONE',  ( 335.6577118148692307, -2.894127969360085650, 371.7299999999999045 ) ) ;
#7010 = DIRECTION ( 'NONE',  ( -0.000000000000000000, -1.000000000000000000, -0.000000000000000000 ) ) ;
#7011 = CARTESIAN_POINT ( 'NONE',  ( 343.6432654653239638, -1.778635776586407813, 339.5593185179097873 ) ) ;
#7012 = CARTESIAN_POINT ( 'NONE',  ( 282.5166898053648765, -4.312719266771233073, 21.22198831813380693 ) ) ;
#7013 = VERTEX_POINT ( 'NONE', #6827 ) ;
#7014 = CARTESIAN_POINT ( 'NONE',  ( 400.3598449632654024, -0.1209041098832456945, 371.2300000000000182 ) ) ;
#7015 = CARTESIAN_POINT ( 'NONE',  ( 276.5554240763297571, -2.805361466140731785, 23.24999999818361118 ) ) ;
#7016 = ADVANCED_FACE ( 'NONE', ( #5098 ), #2741, .T. ) ;
#7017 = CARTESIAN_POINT ( 'NONE',  ( 312.6043612596633920, -3.500681361466263297, 127.9099999999999682 ) ) ;
#7018 = CARTESIAN_POINT ( 'NONE',  ( 130.3759738565270254, -14.09502358533362276, 6.499999998183612071 ) ) ;
#7019 = B_SPLINE_CURVE_WITH_KNOTS ( 'NONE', 3,
 ( #1849, #3654, #1686, #1079, #6066, #291, #1314, #3843, #7711, #2577, #2114, #4042, #6534, #5262, #4612, #699 ),
 .UNSPECIFIED., .F., .F.,
 ( 4, 3, 3, 3, 3, 4 ),
 ( 0.000000000000000000, 3.374839157650550358E-05, 8.859597071654416213E-05, 0.0001514299139326347480, 0.0002011008787303767754, 0.0002509844491297171898 ),
 .UNSPECIFIED. ) ;
#7020 = CARTESIAN_POINT ( 'NONE',  ( 272.3799179309368128, -4.937378343726289920, 7.521494108281205904 ) ) ;
#7021 = EDGE_LOOP ( 'NONE', ( #5554, #1865, #5242, #6848 ) ) ;
#7022 = AXIS2_PLACEMENT_3D ( 'NONE', #7510, #7548, #7590 ) ;
#7023 = CARTESIAN_POINT ( 'NONE',  ( 367.3389573352798720, -2.771102860641427856, 249.6533333327278967 ) ) ;
#7024 = VERTEX_POINT ( 'NONE', #580 ) ;
#7025 = FACE_OUTER_BOUND ( 'NONE', #602, .T. ) ;
#7026 = CARTESIAN_POINT ( 'NONE',  ( 295.9319822832375166, -4.244032755224037778, 84.61278723065261431 ) ) ;
#7027 = CARTESIAN_POINT ( 'NONE',  ( 258.2277467512785734, -7.076082698521648950, 6.500047664667500946 ) ) ;
#7029 = EDGE_CURVE ( 'NONE', #5297, #897, #4426, .T. ) ;
#7028 = FACE_OUTER_BOUND ( 'NONE', #5321, .T. ) ;
#7030 = CARTESIAN_POINT ( 'NONE',  ( 128.8856730867672695, -13.32210908506653624, 6.873455993719968404 ) ) ;
#7031 = VECTOR ( 'NONE', #7731, 1000.000000000000000 ) ;
#7032 = CARTESIAN_POINT ( 'NONE',  ( 324.2425339850448154, -4.293641861552865535, 127.9099999999999966 ) ) ;
#7033 = CARTESIAN_POINT ( 'NONE',  ( 362.2454704894915380, -4.488564762862247370, 371.7300000000000182 ) ) ;
#7034 = VECTOR ( 'NONE', #1549, 1000.000000000000000 ) ;
#7035 = CARTESIAN_POINT ( 'NONE',  ( 139.5489368696698591, -13.66927954248488142, 21.54547543640191876 ) ) ;
#7036 = CARTESIAN_POINT ( 'NONE',  ( 284.2757526584295533, -1.839346290164405762, 23.24999999818344776 ) ) ;
#7037 =( LENGTH_UNIT ( ) NAMED_UNIT ( * ) SI_UNIT ( .MILLI., .METRE. ) );
#7038 = CARTESIAN_POINT ( 'NONE',  ( 278.2881428870931018, -4.952083771349491848, 6.625383998139323438 ) ) ;
#7039 = CARTESIAN_POINT ( 'NONE',  ( 272.9929135073422231, -0.05000000000014676732, 21.41755613937103320 ) ) ;
#7040 = CARTESIAN_POINT ( 'NONE',  ( 155.0749914111711405, -12.15984192623782434, 7.120914868267454345 ) ) ;
#7041 = B_SPLINE_CURVE_WITH_KNOTS ( 'NONE', 3,
 ( #5374, #4684, #320, #6691, #7828, #7952 ),
 .UNSPECIFIED., .F., .F.,
 ( 4, 2, 4 ),
 ( 0.000000000000000000, 0.0002612916921835733465, 0.0005225833843671466930 ),
 .UNSPECIFIED. ) ;
#7042 = CARTESIAN_POINT ( 'NONE',  ( 322.0711294395109690, -0.2031225327556309690, 127.9099999999999966 ) ) ;
#7043 = AXIS2_PLACEMENT_3D ( 'NONE', #3349, #6005, #411 ) ;
#7044 = CARTESIAN_POINT ( 'NONE',  ( 247.4499102384130538, -7.807489964222653178, 249.8200000000000216 ) ) ;
#7045 = ORIENTED_EDGE ( 'NONE', *, *, #5081, .F. ) ;
#7046 = CARTESIAN_POINT ( 'NONE',  ( 398.4720827421767240, -0.05000000002275728495, 367.1639265287057583 ) ) ;
#7047 = CARTESIAN_POINT ( 'NONE',  ( 174.3471713629959368, -11.83720545072432451, 6.523935675968036918 ) ) ;
#7048 = CARTESIAN_POINT ( 'NONE',  ( 285.5241765420979618, -0.04999999999994798189, 23.17399568188675829 ) ) ;
#7049 = CARTESIAN_POINT ( 'NONE',  ( 397.9151830340899210, -0.4136267818594936418, 371.2299895641353373 ) ) ;
#7050 = CARTESIAN_POINT ( 'NONE',  ( 263.3759738565270254, -7.820406923981320091, 5.999999998183607630 ) ) ;
#7051 = CARTESIAN_POINT ( 'NONE',  ( 281.0132328064948410, -3.933266504919217699, 6.947736894226857807 ) ) ;
#7052 = B_SPLINE_SURFACE_WITH_KNOTS ( 'NONE', 3, 3, ( 
 ( #6858, #4941, #7542, #1302 ),
 ( #3793, #1222, #85, #2564 ),
 ( #1954, #1419, #1379, #3954 ),
 ( #1994, #5142, #205, #2073 ),
 ( #3425, #2687, #2112, #934 ),
 ( #7664, #4485, #4568, #6405 ),
 ( #6489, #2727, #7141, #5920 ),
 ( #5260, #7063, #7623, #1462 ),
 ( #5181, #3385, #5222, #6446 ),
 ( #4610, #4524, #1504, #2032 ),
 ( #850, #7103, #7017, #326 ),
 ( #1546, #4040, #889, #3343 ),
 ( #2807, #5836, #4650, #6532 ),
 ( #247, #6363, #3911, #7709 ),
 ( #7749, #3996, #810, #5879 ),
 ( #289, #2766, #2154, #7585 ),
 ( #5756, #6978, #3871, #768 ),
 ( #3263, #167, #2649, #3301 ),
 ( #5795, #4733, #5471, #414 ),
 ( #3634, #7265, #455, #6008 ),
 ( #6088, #5964, #1752, #6615 ),
 ( #494, #2320, #7837, #6659 ),
 ( #1142, #4861, #2978, #1062 ),
 ( #6699, #3508, #2900, #2277 ),
 ( #1585, #1627, #2365, #3595 ),
 ( #5386, #1103, #6128, #2939 ),
 ( #6050, #7877, #7961, #535 ),
 ( #4816, #6572, #5428, #1667 ),
 ( #4774, #5300, #7348, #7307 ),
 ( #4161, #7918, #1711, #3552 ),
 ( #4246, #4204, #7790, #6741 ),
 ( #2193, #4693, #7183, #4080 ),
 ( #975, #4120, #3466, #2238 ),
 ( #2854, #1017, #369, #5343 ),
 ( #7222, #2444, #3823, #2558 ),
 ( #4395, #605, #4933, #1333 ),
 ( #79, #7535, #5550, #7460 ),
 ( #8036, #6245, #642, #681 ),
 ( #3062, #1869, #3024, #5512 ),
 ( #6816, #6208, #1906, #7 ),
 ( #6931, #1181, #5048, #7422 ),
 ( #6779, #5623, #6319, #1831 ),
 ( #3097, #6283, #8000, #4971 ),
 ( #3711, #43, #3787, #3674 ),
 ( #4323, #6889, #2406, #1946 ),
 ( #6168, #3174, #1216, #5586 ),
 ( #4899, #4360, #2482, #1254 ),
 ( #6852, #4438, #570, #7387 ),
 ( #1793, #1295, #3747, #3136 ),
 ( #4286, #2518, #5008, #7496 ),
 ( #5663, #4641, #7700, #236 ),
 ( #2600, #5172, #7133, #3210 ),
 ( #1409, #3293, #2062, #5703 ),
 ( #279, #3987, #4558, #1535 ),
 ( #7009, #3901, #5787, #2104 ),
 ( #758, #7094, #117, #6479 ),
 ( #802, #1370, #4029, #5090 ),
 ( #5213, #7739, #4601, #7576 ),
 ( #1986, #159, #2023, #3862 ),
 ( #4476, #6967, #4515, #3372 ),
 ( #1453, #2678, #1494, #6397 ),
 ( #198, #6353, #7653, #7614 ),
 ( #879, #3945, #2757, #2145 ),
 ( #5868, #7054, #3254, #6436 ),
 ( #842, #5251, #3333, #5826 ),
 ( #718, #2716, #5748, #2642 ),
 ( #5134, #1740, #1091, #5291 ),
 ( #6521, #7948, #1616, #3541 ),
 ( #5910, #6562, #4805, #483 ),
 ( #1700, #2354, #923, #2967 ),
 ( #4850, #5996, #7253, #964 ),
 ( #1656, #402, #6604, #5459 ),
 ( #4681, #4110, #2266, #4148 ),
 ( #5372, #1005, #3415, #2185 ),
 ( #7336, #5954, #6689, #3496 ),
 ( #318, #2887, #6647, #7212 ),
 ( #7295, #7172, #2798, #7826 ),
 ( #7781, #6076, #7865, #1576 ),
 ( #4070, #4192, #1051, #4763 ),
 ( #442, #3456, #2842, #6038 ) ),
 .UNSPECIFIED., .F., .F., .F.,
 ( 4, 3, 1, 1, 1, 1, 1, 1, 1, 1, 1, 1, 1, 1, 1, 1, 1, 1, 1, 1, 1, 1, 1, 1, 1, 1, 1, 1, 1, 1, 1, 1, 1, 1, 1, 1, 1, 1, 1, 1, 1, 1, 1, 1, 1, 1, 1, 1, 1, 1, 1, 1, 1, 1, 1, 1, 1, 1, 1, 1, 1, 1, 1, 1, 1, 1, 1, 1, 1, 1, 1, 1, 1, 1, 1, 4 ),
 ( 4, 4 ),
 ( 0.006013042199523348924, 0.01582767578800035532, 0.02349535827899802004, 0.02732919952449684720, 0.03116304076999568129, 0.03883072326099333560, 0.04649840575199099685, 0.05416608824298864422, 0.06183377073398629853, 0.06950145322498396672, 0.07716913571598162103, 0.08483681820697930309, 0.09250450069797694352, 0.1001721831889746256, 0.1078398656799722799, 0.1155075481709699620, 0.1231752306619676024, 0.1385105956439628971, 0.1538459606259582613, 0.1691813256079535421, 0.1845166905899488785, 0.1998520555719441871, 0.2151874205539395513, 0.2305227855359348321, 0.2458581505179301685, 0.2611935154999255881, 0.2765288804819208690, 0.2918642454639162054, 0.3071996104459113752, 0.3225349754279067116, 0.3532057053918974399, 0.3838764353558880016, 0.4145471653198787854, 0.4452178952838692916, 0.4605532602658646280, 0.4758886252478600198, 0.4912239902298552452, 0.5065593552118504705, 0.5218947201938457514, 0.5372300851758413653, 0.5525654501578364242, 0.5679008151398319271, 0.5985715451038223778, 0.6139069100858178807, 0.6292422750678130505, 0.6445776400498084424, 0.6599130050318039453, 0.6752483700137990041, 0.6905837349957945070, 0.7059190999777897879, 0.7212544649597849578, 0.7365898299417805717, 0.7519251949237756305, 0.7672605599057709114, 0.7825959248877665253, 0.7979312898697615841, 0.8132666548517570870, 0.8286020198337522569, 0.8439373848157475377, 0.8592727497977430406, 0.8746081147797382105, 0.8899434797617336024, 0.8976111622527311873, 0.9052788447437288832, 0.9129465272347265792, 0.9206142097257241641, 0.9282818922167218600, 0.9359495747077196670, 0.9436172571987171409, 0.9512849396897148369, 0.9589526221807127548, 0.9666203046717101177, 0.9742879871627078137, 0.9819556696537055096, 0.9896233521447030945, 0.9972910346357010125 ),
 ( 0.000000000000000000, 1.000000000000000000 ),
 .UNSPECIFIED. ) ;
#7053 = CARTESIAN_POINT ( 'NONE',  ( 285.9504214811146880, -3.358722719076495000, 20.97379090554540326 ) ) ;
#7054 = CARTESIAN_POINT ( 'NONE',  ( 232.0998971747350765, -4.528952217311524642, 249.8200000000000500 ) ) ;
#7055 = CARTESIAN_POINT ( 'NONE',  ( 268.3955305072460078, -7.415070802791764670, 6.499999998183604077 ) ) ;
#7056 = CARTESIAN_POINT ( 'NONE',  ( 362.7454704894915380, -4.488390848306498704, 371.7300000000000182 ) ) ;
#7057 = ORIENTED_EDGE ( 'NONE', *, *, #936, .T. ) ;
#7058 = CARTESIAN_POINT ( 'NONE',  ( 237.2296569459717546, -7.837565774153001819, 6.698813439868775532 ) ) ;
#7059 = CARTESIAN_POINT ( 'NONE',  ( 279.7956526909959507, -4.513126706355715001, 21.21839369002281117 ) ) ;
#7060 = VERTEX_POINT ( 'NONE', #3071 ) ;
#7061 = CARTESIAN_POINT ( 'NONE',  ( 396.6189317776842245, -0.2165512769578650520, 364.0373599868706833 ) ) ;
#7062 = CARTESIAN_POINT ( 'NONE',  ( 282.5389021954865143, -2.304554846048402439, 23.24999999818363250 ) ) ;
#7063 = CARTESIAN_POINT ( 'NONE',  ( 358.2933080501639438, -1.601158358553862016, 249.8199999999999363 ) ) ;
#7064 = CARTESIAN_POINT ( 'NONE',  ( 285.2359698166083035, -3.695424679089142295, 20.82085322962426233 ) ) ;
#7065 = CARTESIAN_POINT ( 'NONE',  ( 188.3793469613396496, -10.48122100344611063, 127.9100000000002666 ) ) ;
#7066 = ORIENTED_EDGE ( 'NONE', *, *, #7575, .F. ) ;
#7067 = DIRECTION ( 'NONE',  ( 0.000000000000000000, 0.000000000000000000, 1.000000000000000000 ) ) ;
#7068 = EDGE_LOOP ( 'NONE', ( #5876, #4808, #3429, #4531 ) ) ;
#7069 = CARTESIAN_POINT ( 'NONE',  ( 308.7632212340951696, -3.807005635825395196, 125.3251708075157325 ) ) ;
#7070 = CARTESIAN_POINT ( 'NONE',  ( 277.4735649609707480, -4.997071852937017944, 33.76093107596778964 ) ) ;
#7071 = CARTESIAN_POINT ( 'NONE',  ( 258.1681592916944510, -6.092814577652007735, 7.242531006146050387 ) ) ;
#7072 = CARTESIAN_POINT ( 'NONE',  ( 128.8884326130187787, -13.50870900356647475, 6.692130420003350011 ) ) ;
#7073 = CARTESIAN_POINT ( 'NONE',  ( 345.7286736466257366, -3.183636798938780821, 340.1197626129824130 ) ) ;
#7074 = EDGE_CURVE ( 'NONE', #7856, #4167, #5709, .T. ) ;
#7075 = EDGE_CURVE ( 'NONE', #7938, #926, #8048, .T. ) ;
#7076 = DIRECTION ( 'NONE',  ( 0.9998020723892389050, 0.01989512619168672808, 0.000000000000000000 ) ) ;
#7077 = CARTESIAN_POINT ( 'NONE',  ( 299.8138253686217354, -3.824775826369458898, 267.4147933106207802 ) ) ;
#7078 = CARTESIAN_POINT ( 'NONE',  ( 391.2016005355446282, -2.784459472739597707, 371.2299999387094545 ) ) ;
#7079 = CARTESIAN_POINT ( 'NONE',  ( 274.7852425851418161, -5.460207774226740973, 6.524364794563381587 ) ) ;
#7080 = FACE_OUTER_BOUND ( 'NONE', #6971, .T. ) ;
#7081 = CARTESIAN_POINT ( 'NONE',  ( 158.5879020935690562, -12.17364526397075686, 6.791227456941727247 ) ) ;
#7082 = CARTESIAN_POINT ( 'NONE',  ( 360.7505989180052666, -1.279673796357979176, 249.8200000000000216 ) ) ;
#7083 = CARTESIAN_POINT ( 'NONE',  ( 158.4844074683671522, -10.62944531873484522, 127.9100000000000534 ) ) ;
#7084 = VERTEX_POINT ( 'NONE', #7661 ) ;
#7085 = CARTESIAN_POINT ( 'NONE',  ( 398.9819749426103499, -0.1133272905859864788, 369.6670376307617403 ) ) ;
#7086 = EDGE_CURVE ( 'NONE', #4196, #461, #2070, .T. ) ;
#7087 = CARTESIAN_POINT ( 'NONE',  ( 181.3020879596065527, -10.79742975256965565, 7.117948276221478743 ) ) ;
#7088 = CARTESIAN_POINT ( 'NONE',  ( 333.5022814504351345, -4.649086487418513158, 339.6673601392164414 ) ) ;
#7089 = CARTESIAN_POINT ( 'NONE',  ( 364.7274904692594077, -2.502438702119429870, 371.7300000000000182 ) ) ;
#7090 = CARTESIAN_POINT ( 'NONE',  ( 134.7397272758509246, -13.53547989762120096, 21.64620075206573091 ) ) ;
#7091 = CARTESIAN_POINT ( 'NONE',  ( 347.2425905981147025, -3.109099263109661671, 338.0016465117055304 ) ) ;
#7092 = CARTESIAN_POINT ( 'NONE',  ( 280.9265522633344858, -3.978270175645355788, 6.946694430318566482 ) ) ;
#7093 = CARTESIAN_POINT ( 'NONE',  ( 272.6718468488183476, -5.232813824686052939, 23.24999999817747565 ) ) ;
#7094 = CARTESIAN_POINT ( 'NONE',  ( 250.4239278955533905, -5.865279059675506446, 249.8199999999999363 ) ) ;
#7095 = CARTESIAN_POINT ( 'NONE',  ( 265.9080741650994923, -5.998188536347559996, 243.7793793391893473 ) ) ;
#7096 = CARTESIAN_POINT ( 'NONE',  ( 345.3019268650118079, -3.202749641271359415, 341.5222861891572279 ) ) ;
#7097 = ORIENTED_EDGE ( 'NONE', *, *, #841, .T. ) ;
#7098 = CARTESIAN_POINT ( 'NONE',  ( 242.4517180848445435, -7.237704205242174282, 6.998687525376390717 ) ) ;
#7099 = CARTESIAN_POINT ( 'NONE',  ( 336.0503117373077089, -3.842982712132303025, 371.7300000000000182 ) ) ;
#7100 = ORIENTED_EDGE ( 'NONE', *, *, #4526, .T. ) ;
#7101 = CARTESIAN_POINT ( 'NONE',  ( 360.4423596822397826, -0.04999999992071775534, 262.3763445499182581 ) ) ;
#7102 = CARTESIAN_POINT ( 'NONE',  ( 282.2206475285507850, -2.329390996856462337, 23.24999999818351526 ) ) ;
#7103 = CARTESIAN_POINT ( 'NONE',  ( 355.0438014613659448, -1.874753160659047291, 249.8199999999999363 ) ) ;
#7104 = CARTESIAN_POINT ( 'NONE',  ( 285.5394110138493602, -3.368593932551977588, 20.78292322770478151 ) ) ;
#7105 = CARTESIAN_POINT ( 'NONE',  ( 161.8759094471024014, -13.80043005763688058, 5.999999998183607630 ) ) ;
#7106 = CARTESIAN_POINT ( 'NONE',  ( 125.0688303043241376, -13.15821306991308859, 7.477334828128814337 ) ) ;
#7107 = ORIENTED_EDGE ( 'NONE', *, *, #7086, .F. ) ;
#7108 = CARTESIAN_POINT ( 'NONE',  ( 270.9682562696444847, -5.343289549876072186, 21.21987709463973815 ) ) ;
#7109 = ORIENTED_EDGE ( 'NONE', *, *, #6581, .T. ) ;
#7110 = CARTESIAN_POINT ( 'NONE',  ( 146.8849062023617478, -12.51665101217935216, 21.28251409516936121 ) ) ;
#7111 = FACE_OUTER_BOUND ( 'NONE', #6328, .T. ) ;
#7112 = CARTESIAN_POINT ( 'NONE',  ( 254.7340569933953418, -7.296995209786270031, 6.500047784394713091 ) ) ;
#7113 = CARTESIAN_POINT ( 'NONE',  ( 128.8955749795326824, -13.99171212954942334, 6.498797115254093093 ) ) ;
#7114 = CARTESIAN_POINT ( 'NONE',  ( 284.2998450915296189, -1.805598303220935952, 23.24999999818300722 ) ) ;
#7115 = CARTESIAN_POINT ( 'NONE',  ( 143.2205871580015639, -11.39638420700345200, 22.03848962613605877 ) ) ;
#7116 = B_SPLINE_CURVE_WITH_KNOTS ( 'NONE', 3,
 ( #4333, #6825, #1226, #614, #3106, #6648 ),
 .UNSPECIFIED., .F., .F.,
 ( 4, 2, 4 ),
 ( 0.001510975223973450368, 0.004871848985280462924, 0.008232722746587475479 ),
 .UNSPECIFIED. ) ;
#7117 = CARTESIAN_POINT ( 'NONE',  ( 276.1254209998559190, -5.618464313769139018, 6.500048025794256112 ) ) ;
#7118 = CARTESIAN_POINT ( 'NONE',  ( 295.8315150890300060, -2.144567423485693070, 84.33172523392809694 ) ) ;
#7119 = CARTESIAN_POINT ( 'NONE',  ( 153.3773400038433010, -13.07245020273042790, 6.498752576341050968 ) ) ;
#7120 = EDGE_CURVE ( 'NONE', #7703, #5504, #3667, .T. ) ;
#7121 = CARTESIAN_POINT ( 'NONE',  ( 268.4925478413875908, -6.396457748691991796, 233.0385261562784649 ) ) ;
#7122 = CARTESIAN_POINT ( 'NONE',  ( 271.7569294620064966, -8.331478493975632560, 127.9099999999999966 ) ) ;
#7123 = EDGE_LOOP ( 'NONE', ( #6202, #6212, #6856, #2748 ) ) ;
#7124 = LINE ( 'NONE', #3815, #7031 ) ;
#7125 = CARTESIAN_POINT ( 'NONE',  ( 184.8002453337729492, -10.65780893516472716, 6.995968006010222950 ) ) ;
#7126 = CARTESIAN_POINT ( 'NONE',  ( 332.7974319676023356, -4.069352195819271323, 338.5112674387001448 ) ) ;
#7127 = CARTESIAN_POINT ( 'NONE',  ( 140.4423177149643038, -12.45156470630377576, 23.24840091796235697 ) ) ;
#7128 = CARTESIAN_POINT ( 'NONE',  ( 139.3748017236131602, -13.46934040100627961, 21.64598489655785585 ) ) ;
#7129 = CARTESIAN_POINT ( 'NONE',  ( 261.1431249882136854, -6.889386811625135998, 5.999999998183606742 ) ) ;
#7130 = CARTESIAN_POINT ( 'NONE',  ( 281.1817226943281298, -4.486914633915201733, 6.528269843897103186 ) ) ;
#7131 = CARTESIAN_POINT ( 'NONE',  ( 285.9223082653627444, -3.372915476333229634, 20.97381360430352615 ) ) ;
#7132 = EDGE_CURVE ( 'NONE', #3285, #7145, #8041, .T. ) ;
#7133 = CARTESIAN_POINT ( 'NONE',  ( 179.4321265781310899, -9.271514768930087413, 127.9100000000000819 ) ) ;
#7134 = CARTESIAN_POINT ( 'NONE',  ( 17.13999999999998991, -2.329999999869599048, 6.000000000000000000 ) ) ;
#7135 = ORIENTED_EDGE ( 'NONE', *, *, #5022, .F. ) ;
#7136 = CARTESIAN_POINT ( 'NONE',  ( 233.7668681083465287, -8.547109945298561939, 6.498754193756727027 ) ) ;
#7137 = DIRECTION ( 'NONE',  ( 0.04506498136117031289, -0.9989840576580376608, 0.000000000000000000 ) ) ;
#7138 = ORIENTED_EDGE ( 'NONE', *, *, #982, .F. ) ;
#7139 = CARTESIAN_POINT ( 'NONE',  ( 367.5180709116518756, -1.353964098091221535, 283.0385097559378096 ) ) ;
#7140 = CARTESIAN_POINT ( 'NONE',  ( 274.5622319544871743, -3.003908583357339790, 23.24999999818355789 ) ) ;
#7141 = CARTESIAN_POINT ( 'NONE',  ( 318.2078478415614313, -3.027385080156782315, 127.9099999999999966 ) ) ;
#7142 = DIRECTION ( 'NONE',  ( -1.000000000000000000, 0.000000000000000000, -0.000000000000000000 ) ) ;
#7143 = CARTESIAN_POINT ( 'NONE',  ( 381.8752743460026409, -1.317102888865754329, 371.0317548724075323 ) ) ;
#7144 = CARTESIAN_POINT ( 'NONE',  ( 123.3522057778892815, -13.17478275610365657, 7.475709300685471348 ) ) ;
#7145 = VERTEX_POINT ( 'NONE', #1154 ) ;
#7146 = CARTESIAN_POINT ( 'NONE',  ( 273.3884397196315490, -4.111591147551346026, 22.98943962766867344 ) ) ;
#7147 = ORIENTED_EDGE ( 'NONE', *, *, #640, .F. ) ;
#7148 = CARTESIAN_POINT ( 'NONE',  ( 282.6587373864235815, -4.785578753742721680, 48.04544467057920087 ) ) ;
#7149 = CARTESIAN_POINT ( 'NONE',  ( 254.6692954272944291, -6.313597599975202534, 7.244130855648610812 ) ) ;
#7150 = CARTESIAN_POINT ( 'NONE',  ( 127.1378212163219104, -13.43994448825171339, 6.782271350448730196 ) ) ;
#7151 = CIRCLE ( 'NONE', #4671, 0.1999999999999931000 ) ;
#7152 = DIRECTION ( 'NONE',  ( -5.867099493245607105E-14, -1.000000000000000000, -0.000000000000000000 ) ) ;
#7153 = CARTESIAN_POINT ( 'NONE',  ( 163.5506410300410778, -12.62710077489660243, 6.500000142427190042 ) ) ;
#7154 = CARTESIAN_POINT ( 'NONE',  ( 284.8835525564502973, -0.2107558082472591465, 23.24999999818355789 ) ) ;
#7155 = CARTESIAN_POINT ( 'NONE',  ( 142.7893237295606639, -11.40532339616217961, 22.03840267635401418 ) ) ;
#7156 = CARTESIAN_POINT ( 'NONE',  ( 276.5464754872023150, -5.320146639455776594, 6.524210931724547358 ) ) ;
#7157 = CARTESIAN_POINT ( 'NONE',  ( 364.4057088509202913, -1.355521169096322698, 273.0966092239429486 ) ) ;
#7158 = CARTESIAN_POINT ( 'NONE',  ( 156.8646748162492486, -12.72617608364815922, 6.524048732299823072 ) ) ;
#7159 = CARTESIAN_POINT ( 'NONE',  ( 126.7203309796827710, -13.70710827858493452, 16.34675488820228040 ) ) ;
#7160 = CARTESIAN_POINT ( 'NONE',  ( 281.6196203097986199, -7.720300835165872400, 127.9100000000000250 ) ) ;
#7161 = ORIENTED_EDGE ( 'NONE', *, *, #2431, .T. ) ;
#7162 = CARTESIAN_POINT ( 'NONE',  ( 351.1856318239300663, -2.083741976567322851, 242.2218857922757138 ) ) ;
#7163 = B_SPLINE_CURVE_WITH_KNOTS ( 'NONE', 3,
 ( #6994, #744, #1853, #3118, #1240, #1892, #1276, #2504, #1928, #6229 ),
 .UNSPECIFIED., .F., .F.,
 ( 4, 2, 2, 2, 4 ),
 ( 8.845388854693243284E-18, 0.0003679412415984055539, 0.0007358824831968023257, 0.001103823724795198989, 0.001471764966393595761 ),
 .UNSPECIFIED. ) ;
#7164 = CARTESIAN_POINT ( 'NONE',  ( 181.2993624865191293, -10.74705024877917658, 7.239988830142385368 ) ) ;
#7165 = CARTESIAN_POINT ( 'NONE',  ( 328.9403210121567440, -2.765180575691457143, 312.5908092497866164 ) ) ;
#7166 = ADVANCED_FACE ( 'NONE', ( #8010 ), #6785, .F. ) ;
#7167 = CARTESIAN_POINT ( 'NONE',  ( 140.6430781031557160, -12.16840889173498930, 23.66207849113843054 ) ) ;
#7168 = CARTESIAN_POINT ( 'NONE',  ( 359.5817779500201823, -2.594697741699242499, 371.1719651977211925 ) ) ;
#7169 = CARTESIAN_POINT ( 'NONE',  ( 263.3759738565270254, -6.743536446300549159, 6.500000041270943107 ) ) ;
#7170 = CARTESIAN_POINT ( 'NONE',  ( 281.0804362643975765, -4.391806360456818936, 6.586279037880103715 ) ) ;
#7171 = CARTESIAN_POINT ( 'NONE',  ( 284.9782900094597267, -3.840469737597082212, 21.02445504755908701 ) ) ;
#7172 = CARTESIAN_POINT ( 'NONE',  ( 216.3754105293065493, -1.219842837737038277, 249.8200000000001637 ) ) ;
#7173 = CARTESIAN_POINT ( 'NONE',  ( 283.1477687448523284, -2.155465637270130408, 6.499999998183595196 ) ) ;
#7174 = CARTESIAN_POINT ( 'NONE',  ( 212.9348596100683153, -1.993777835872934556, 249.8200000000000216 ) ) ;
#7175 = EDGE_LOOP ( 'NONE', ( #3126, #1567, #3377, #6787 ) ) ;
#7176 = CARTESIAN_POINT ( 'NONE',  ( 245.9546389723191737, -7.175043795582983108, 6.792831296386638407 ) ) ;
#7177 = ADVANCED_FACE ( 'NONE', ( #7181 ), #972, .F. ) ;
#7178 = EDGE_CURVE ( 'NONE', #637, #1374, #730, .T. ) ;
#7179 = CARTESIAN_POINT ( 'NONE',  ( 145.2756662659605809, -12.55986995254412975, 21.57268920546881219 ) ) ;
#7180 = VERTEX_POINT ( 'NONE', #4156 ) ;
#7181 = FACE_OUTER_BOUND ( 'NONE', #172, .T. ) ;
#7182 = CARTESIAN_POINT ( 'NONE',  ( 282.0913827954033195, -2.338806372422975066, 23.24999999818356500 ) ) ;
#7183 = CARTESIAN_POINT ( 'NONE',  ( 259.6930846489609053, -6.960792787579663354, 127.9100000000000534 ) ) ;
#7184 = CARTESIAN_POINT ( 'NONE',  ( 387.4794106240929068, -1.142919890299608277, 371.2300000014930106 ) ) ;
#7185 = B_SPLINE_SURFACE_WITH_KNOTS ( 'NONE', 3, 1, ( 
 ( #2324, #538 ),
 ( #7353, #3714 ),
 ( #1755, #6211 ),
 ( #4902, #6744 ),
 ( #499, #4821 ),
 ( #608, #3100 ),
 ( #7311, #5589 ),
 ( #1107, #1146 ),
 ( #3677, #1715 ),
 ( #3638, #8003 ) ),
 .UNSPECIFIED., .F., .F., .F.,
 ( 4, 3, 3, 4 ),
 ( 2, 2 ),
 ( 0.6296051565971422237, 0.6394225862933559101, 0.6956250361618381284, 0.7054409979143113629 ),
 ( 0.000000000000000000, 1.000000000000000000 ),
 .UNSPECIFIED. ) ;
#7186 = CARTESIAN_POINT ( 'NONE',  ( 310.2680813781862526, -1.823821262981169866, 124.1096631747855952 ) ) ;
#7187 = CARTESIAN_POINT ( 'NONE',  ( 345.3019268650118079, -3.202749641271359415, 341.5222861891572279 ) ) ;
#7188 = EDGE_LOOP ( 'NONE', ( #2, #7657, #955, #2606 ) ) ;
#7189 = CARTESIAN_POINT ( 'NONE',  ( 272.2913411344167116, -5.010202792799164584, 22.15925845510427550 ) ) ;
#7190 = ORIENTED_EDGE ( 'NONE', *, *, #545, .T. ) ;
#7191 = CARTESIAN_POINT ( 'NONE',  ( 130.3759738565271391, -15.19425346733627791, 6.499999998183625394 ) ) ;
#7192 = CARTESIAN_POINT ( 'NONE',  ( 254.7166321767652732, -7.032397008030772056, 6.524127610145508349 ) ) ;
#7193 = CARTESIAN_POINT ( 'NONE',  ( 123.6391843029580144, -13.47409695264855678, 6.781066872954884417 ) ) ;
#7194 = CARTESIAN_POINT ( 'NONE',  ( 345.6300380630208906, -1.986778627065814984, 339.4871001708515905 ) ) ;
#7195 = CARTESIAN_POINT ( 'NONE',  ( 143.9711315300116041, -11.07357189207302284, 22.49168390898304537 ) ) ;
#7196 = CARTESIAN_POINT ( 'NONE',  ( 284.8950046070684721, -0.002741326975092309073, 23.24999999818361118 ) ) ;
#7197 = SECURITY_CLASSIFICATION_LEVEL ( 'unclassified' ) ;
#7198 = CARTESIAN_POINT ( 'NONE',  ( 275.2462956082444521, -5.687685790078997883, 6.500048179349501076 ) ) ;
#7199 = CARTESIAN_POINT ( 'NONE',  ( 139.3748017236131602, -13.46934040100627961, 21.64598489655785585 ) ) ;
#7200 = CARTESIAN_POINT ( 'NONE',  ( 160.3434279138072895, -12.17525409120497137, 6.697499136354422511 ) ) ;
#7201 = LINE ( 'NONE', #1482, #123 ) ;
#7202 = CARTESIAN_POINT ( 'NONE',  ( 373.2139956279494299, -3.943434937054945078, 371.7299999999996771 ) ) ;
#7203 = ORIENTED_EDGE ( 'NONE', *, *, #2897, .F. ) ;
#7204 = CARTESIAN_POINT ( 'NONE',  ( 163.3759738565270538, -13.72649416501748298, 6.499999998183596084 ) ) ;
#7205 = CARTESIAN_POINT ( 'NONE',  ( 188.3365114698635239, -11.21715424302733055, 6.498760242503813345 ) ) ;
#7206 = CARTESIAN_POINT ( 'NONE',  ( 162.2420564775473508, -12.69142672225899204, 5.999999998183607630 ) ) ;
#7207 = CARTESIAN_POINT ( 'NONE',  ( 362.6122791253274045, -2.602450105950706138, 371.2299999959936372 ) ) ;
#7208 = CARTESIAN_POINT ( 'NONE',  ( 364.0911565412475852, -2.347376289601582400, 371.0829557316823752 ) ) ;
#7209 = CARTESIAN_POINT ( 'NONE',  ( 262.9101149790054706, -6.775213687265598139, 5.999999998183606742 ) ) ;
#7210 = CARTESIAN_POINT ( 'NONE',  ( 280.8613725254317046, -3.848352120929695364, 7.637121053911631208 ) ) ;
#7211 = CARTESIAN_POINT ( 'NONE',  ( 276.7615576078601975, -4.794295978354267795, 21.20818496911597961 ) ) ;
#7212 = CARTESIAN_POINT ( 'NONE',  ( 23.65911718427367916, -3.811422851260890088, 6.000000000000006217 ) ) ;
#7213 = CARTESIAN_POINT ( 'NONE',  ( 281.9739809551318217, -1.360403304738433405, 6.499999998180359562 ) ) ;
#7214 = CARTESIAN_POINT ( 'NONE',  ( 116.6183649794768655, -3.220805439718432250, 127.9099999999999966 ) ) ;
#7215 = ORIENTED_EDGE ( 'NONE', *, *, #1880, .F. ) ;
#7216 = CARTESIAN_POINT ( 'NONE',  ( 242.4452008303057653, -7.137584623419029661, 7.243878633150107937 ) ) ;
#7217 = CARTESIAN_POINT ( 'NONE',  ( 146.6589637503718109, -12.52659615757740319, 20.97126971771264436 ) ) ;
#7218 = ORIENTED_EDGE ( 'NONE', *, *, #3434, .T. ) ;
#7219 = CARTESIAN_POINT ( 'NONE',  ( 400.6115323058484705, -0.05079709309784762039, 371.2300000000000182 ) ) ;
#7220 = CARTESIAN_POINT ( 'NONE',  ( 283.5606800084923975, -4.275392888745042974, 23.24999999818908947 ) ) ;
#7221 = CARTESIAN_POINT ( 'NONE',  ( 332.3456323221715252, -3.214704412563171854, 337.7702265712670169 ) ) ;
#7222 = CARTESIAN_POINT ( 'NONE',  ( 367.6358539090821296, -2.157542254440822038, 371.7299999999998477 ) ) ;
#7223 = DIRECTION ( 'NONE',  ( -1.000000000000000000, 0.000000000000000000, -5.871371764844573368E-15 ) ) ;
#7224 = B_SPLINE_CURVE_WITH_KNOTS ( 'NONE', 3,
 ( #6335, #977, #1754, #2856, #4248, #2980 ),
 .UNSPECIFIED., .F., .F.,
 ( 4, 2, 4 ),
 ( 0.000000000000000000, 0.0003910004785813261702, 0.0007820009571626523404 ),
 .UNSPECIFIED. ) ;
#7225 = CARTESIAN_POINT ( 'NONE',  ( 362.2454704894913107, -4.511427125974749153, 371.2299999999999045 ) ) ;
#7226 = EDGE_CURVE ( 'NONE', #4047, #2770, #7434, .T. ) ;
#7227 = CARTESIAN_POINT ( 'NONE',  ( 347.5569143898918583, -3.094846993762476739, 338.7521217999264991 ) ) ;
#7228 = CARTESIAN_POINT ( 'NONE',  ( 272.9305768900935618, -4.615299004239473035, 22.63222050208435476 ) ) ;
#7229 = VERTEX_POINT ( 'NONE', #7957 ) ;
#7230 = CARTESIAN_POINT ( 'NONE',  ( 346.4722076913943738, -3.019167094066415036, 371.2030815330556379 ) ) ;
#7231 = CARTESIAN_POINT ( 'NONE',  ( 251.1724978744490500, -6.527103933733751973, 7.510261636437985722 ) ) ;
#7232 = CARTESIAN_POINT ( 'NONE',  ( 114.9252249850002698, -13.32732385163329170, 6.770198187157274283 ) ) ;
#7233 = ADVANCED_FACE ( 'NONE', ( #3 ), #2075, .T. ) ;
#7234 = CARTESIAN_POINT ( 'NONE',  ( 346.0712238454615317, -3.167744281822053143, 339.8496572442024899 ) ) ;
#7235 = CARTESIAN_POINT ( 'NONE',  ( 161.3758760092910336, -13.82485082384124553, 6.499999998183606742 ) ) ;
#7236 = CARTESIAN_POINT ( 'NONE',  ( 160.0111137685846074, -13.89495918280072750, 6.500000000372553544 ) ) ;
#7237 = CARTESIAN_POINT ( 'NONE',  ( 285.6040549486031637, -4.081664446002069901, 23.24999999818308893 ) ) ;
#7238 = APPROVAL_ROLE ( '' ) ;
#7239 = CARTESIAN_POINT ( 'NONE',  ( 272.1751592251465013, -5.839156605182317605, 6.498734041498150482 ) ) ;
#7240 = CARTESIAN_POINT ( 'NONE',  ( 127.0740662312422273, -11.51374523147879003, 22.03347890181936464 ) ) ;
#7241 = CARTESIAN_POINT ( 'NONE',  ( 146.3889732377614337, -13.47959830485074129, 6.498764706451307660 ) ) ;
#7242 = CARTESIAN_POINT ( 'NONE',  ( 127.9835156502602018, -13.74797868994530248, 14.90700188449350883 ) ) ;
#7243 = CARTESIAN_POINT ( 'NONE',  ( 210.3482322889741454, -11.18035755633579065, 5.999999999999994671 ) ) ;
#7244 = ORIENTED_EDGE ( 'NONE', *, *, #4877, .F. ) ;
#7245 = CARTESIAN_POINT ( 'NONE',  ( 115.8954989197909384, -13.89157996068889389, 6.513031688913071271 ) ) ;
#7246 = CARTESIAN_POINT ( 'NONE',  ( 162.1170545919912911, -12.57609165626881875, 6.498764093706522971 ) ) ;
#7247 = CARTESIAN_POINT ( 'NONE',  ( 345.6354065176329300, -1.985858367089923249, 338.9850176486758642 ) ) ;
#7248 = CARTESIAN_POINT ( 'NONE',  ( 142.1071005314758224, -11.43358292990254022, 22.03263021570687030 ) ) ;
#7249 = CARTESIAN_POINT ( 'NONE',  ( 368.6050439952546753, -2.171820284493036546, 371.1724422176811231 ) ) ;
#7250 = CARTESIAN_POINT ( 'NONE',  ( 260.3759738565270823, -6.936670124549381811, 6.132180946787728182 ) ) ;
#7251 = CARTESIAN_POINT ( 'NONE',  ( 280.8193805767359663, -3.906798187468528916, 7.208841666958393013 ) ) ;
#7252 = CARTESIAN_POINT ( 'NONE',  ( 276.7516088592736310, -4.795276527689024348, 21.20817200876394892 ) ) ;
#7253 = CARTESIAN_POINT ( 'NONE',  ( 128.3309600051891266, -4.769199514877197288, 127.9100000000000534 ) ) ;
#7254 = CARTESIAN_POINT ( 'NONE',  ( 281.3182549513695676, -3.412462929836767689, 7.739727576591552527 ) ) ;
#7255 = CARTESIAN_POINT ( 'NONE',  ( 21.40138437716118602, -5.019726362423313937, 6.000000000000004441 ) ) ;
#7256 = ORIENTED_EDGE ( 'NONE', *, *, #1225, .F. ) ;
#7257 = CARTESIAN_POINT ( 'NONE',  ( 226.7263678105612428, -8.134251199131366405, 7.242947037611427774 ) ) ;
#7258 = FACE_OUTER_BOUND ( 'NONE', #968, .T. ) ;
#7259 = ORIENTED_EDGE ( 'NONE', *, *, #3738, .T. ) ;
#7260 = CARTESIAN_POINT ( 'NONE',  ( 329.5904239335923762, -3.744727517359322189, 341.5395485736190722 ) ) ;
#7261 = CARTESIAN_POINT ( 'NONE',  ( 309.3667010951825205, -3.782471619005364882, 126.9876959188002417 ) ) ;
#7262 = CARTESIAN_POINT ( 'NONE',  ( 273.5311435875308916, -3.105330209969697997, 23.24999999818357921 ) ) ;
#7263 = B_SPLINE_CURVE_WITH_KNOTS ( 'NONE', 3,
 ( #2479, #2020, #6280, #76, #3859, #7532 ),
 .UNSPECIFIED., .F., .F.,
 ( 4, 2, 4 ),
 ( 0.000000000000000000, 0.0001518934101354071128, 0.0003037868202708142256 ),
 .UNSPECIFIED. ) ;
#7264 = CARTESIAN_POINT ( 'NONE',  ( 328.7580339086606500, -3.305513380444152993, 338.7300000000005866 ) ) ;
#7265 = CARTESIAN_POINT ( 'NONE',  ( 344.3276723243338324, -2.647283677760492004, 249.8200000000000500 ) ) ;
#7266 = DIRECTION ( 'NONE',  ( 1.000000000000000000, 0.000000000000000000, 1.616521140035806642E-18 ) ) ;
#7267 = CARTESIAN_POINT ( 'NONE',  ( 399.4343276149564304, -0.09259543067445914766, 370.6694231464835525 ) ) ;
#7268 = FACE_OUTER_BOUND ( 'NONE', #3915, .T. ) ;
#7269 = CARTESIAN_POINT ( 'NONE',  ( 272.5622705168582911, -4.869856013107035864, 22.35744255080543752 ) ) ;
#7270 = ORIENTED_EDGE ( 'NONE', *, *, #1973, .F. ) ;
#7271 = EDGE_CURVE ( 'NONE', #5391, #1416, #66, .T. ) ;
#7272 = CYLINDRICAL_SURFACE ( 'NONE', #378, 0.5000000000000004441 ) ;
#7273 = CARTESIAN_POINT ( 'NONE',  ( 249.4256579195527479, -6.645205432735896700, 7.377859069535180225 ) ) ;
#7274 = CARTESIAN_POINT ( 'NONE',  ( 120.1465260977208942, -13.67212997613588854, 6.617520923938284838 ) ) ;
#7275 = B_SPLINE_CURVE_WITH_KNOTS ( 'NONE', 3,
 ( #4657, #898, #2201, #5350, #1553, #3394, #5888, #213, #4048, #942, #7191 ),
 .UNSPECIFIED., .F., .F.,
 ( 4, 1, 1, 1, 1, 1, 1, 1, 4 ),
 ( 0.1222442452807866176, 0.1250881617554935599, 0.1292094682545594786, 0.1333307747536253973, 0.1374520812526912605, 0.1415733877517571793, 0.1456946942508230425, 0.1498160007498889612, 0.1517678285404584493 ),
 .UNSPECIFIED. ) ;
#7276 = CARTESIAN_POINT ( 'NONE',  ( 284.2454041570119330, -0.05000000000001848799, 6.499999998183606742 ) ) ;
#7277 = CARTESIAN_POINT ( 'NONE',  ( 282.5635968195439887, -0.05000000000000000278, 7.190253338152059470 ) ) ;
#7278 = CARTESIAN_POINT ( 'NONE',  ( 144.9125843824102731, -11.36582263854674579, 22.03696775193787261 ) ) ;
#7279 = EDGE_CURVE ( 'NONE', #926, #5516, #2489, .T. ) ;
#7280 = CARTESIAN_POINT ( 'NONE',  ( 286.7228676807224019, -2.909350713761549745, 23.24999999818152574 ) ) ;
#7281 = CARTESIAN_POINT ( 'NONE',  ( 272.1266357386667778, -5.347978567563094643, 6.701940689158854880 ) ) ;
#7282 = CARTESIAN_POINT ( 'NONE',  ( 394.6400486187816909, -0.2744323323700945116, 356.3646379670461215 ) ) ;
#7283 = CARTESIAN_POINT ( 'NONE',  ( 149.8319669652464654, -12.43764941750995945, 7.242624670717527913 ) ) ;
#7284 = CARTESIAN_POINT ( 'NONE',  ( 346.4723925436745731, -4.066501313778472237, 360.9409102020153455 ) ) ;
#7285 = CARTESIAN_POINT ( 'NONE',  ( 211.8281018753854994, -11.57417778402941089, 127.9099999999999966 ) ) ;
#7286 = EDGE_LOOP ( 'NONE', ( #4853, #152, #886, #3958, #1220, #5405, #2159, #2734, #2804, #7109, #1716, #5493, #762, #6044, #3184, #4698, #6389, #2357, #2410, #2934, #390, #6679, #2720, #3557, #4479, #6360, #6198, #3298 ) ) ;
#7287 = CARTESIAN_POINT ( 'NONE',  ( 263.3759738565270254, -7.825707291907048280, 5.999999998183607630 ) ) ;
#7288 = VECTOR ( 'NONE', #1570, 1000.000000000000000 ) ;
#7289 = CARTESIAN_POINT ( 'NONE',  ( 170.8242022577623516, -11.47282841827258792, 6.883120485895955376 ) ) ;
#7290 = CARTESIAN_POINT ( 'NONE',  ( 285.1745809711310358, -3.572418193660036767, 22.12458909734404955 ) ) ;
#7291 = CARTESIAN_POINT ( 'NONE',  ( 388.9023456446596470, -1.049850509036952095, 371.2299895714616014 ) ) ;
#7292 = CARTESIAN_POINT ( 'NONE',  ( 259.8759739017804122, -6.967487591077031972, 6.500000041270940443 ) ) ;
#7293 = CARTESIAN_POINT ( 'NONE',  ( 279.5314819179564552, -4.786668588036445904, 6.630356491200346980 ) ) ;
#7294 = CARTESIAN_POINT ( 'NONE',  ( 279.8696842899547050, -4.507277028825322773, 21.21881704582061801 ) ) ;
#7295 = CARTESIAN_POINT ( 'NONE',  ( 313.6553184895222444, -0.3822760168403678271, 371.7300000000003024 ) ) ;
#7296 = CARTESIAN_POINT ( 'NONE',  ( 282.5777572900620385, -0.01464815533060153697, 7.812652019714501073 ) ) ;
#7297 = AXIS2_PLACEMENT_3D ( 'NONE', #6367, #774, #3347 ) ;
#7298 = CARTESIAN_POINT ( 'NONE',  ( 123.6463314851302613, -5.850315890065971303, 127.9099999999999966 ) ) ;
#7299 = ORIENTED_EDGE ( 'NONE', *, *, #5584, .F. ) ;
#7300 = CARTESIAN_POINT ( 'NONE',  ( 223.2316114262912095, -8.325067296185347132, 7.507461119463029853 ) ) ;
#7301 = CARTESIAN_POINT ( 'NONE',  ( 120.6473942541210960, -13.99726369510786839, 6.516372624396360891 ) ) ;
#7302 = EDGE_LOOP ( 'NONE', ( #3908, #7868 ) ) ;
#7303 = DIRECTION ( 'NONE',  ( 0.000000000000000000, 0.000000000000000000, 1.000000000000000000 ) ) ;
#7304 = CARTESIAN_POINT ( 'NONE',  ( 281.6870978337739189, -3.427038815294016327, 7.639541422316098895 ) ) ;
#7305 = CARTESIAN_POINT ( 'NONE',  ( 285.4167078170301011, -3.980588612561568151, 23.24999999818382435 ) ) ;
#7306 = CARTESIAN_POINT ( 'NONE',  ( 289.9181388050951682, -2.860467191248591945, 55.15270802926129079 ) ) ;
#7307 = CARTESIAN_POINT ( 'NONE',  ( 214.6034420575215904, -8.834983052980357243, 5.999999999999986677 ) ) ;
#7308 = CARTESIAN_POINT ( 'NONE',  ( 325.9296612897123850, -1.187246802058796069, 167.2670748116049140 ) ) ;
#7309 = AXIS2_PLACEMENT_3D ( 'NONE', #2263, #8021, #3620 ) ;
#7310 = CARTESIAN_POINT ( 'NONE',  ( 197.4108144562664791, -10.56387617847548377, 127.9100000000000819 ) ) ;
#7311 = CARTESIAN_POINT ( 'NONE',  ( 362.7454704894917086, -2.596278760377979999, 371.7300000000000182 ) ) ;
#7312 = ORIENTED_EDGE ( 'NONE', *, *, #3729, .F. ) ;
#7313 = CARTESIAN_POINT ( 'NONE',  ( 391.0341577739717991, -2.796031919961563528, 371.2314516712067416 ) ) ;
#7314 = CARTESIAN_POINT ( 'NONE',  ( 251.2149223956890580, -7.147330917862400490, 6.574305139407173648 ) ) ;
#7315 = CARTESIAN_POINT ( 'NONE',  ( 116.6507176736821378, -13.84328031800608905, 6.522309540077406709 ) ) ;
#7316 = CARTESIAN_POINT ( 'NONE',  ( 283.7491287070283192, -2.143510952185070373, 23.24999999818360052 ) ) ;
#7317 = CARTESIAN_POINT ( 'NONE',  ( 139.3748017236131602, -13.46934040100627961, 21.64598489655785585 ) ) ;
#7318 = CARTESIAN_POINT ( 'NONE',  ( 399.8334469330142156, -0.06380796747926731349, 371.0475381654915736 ) ) ;
#7319 = CARTESIAN_POINT ( 'NONE',  ( 286.0216670300518444, -3.730379064823509783, 23.24999999818496832 ) ) ;
#7320 = CALENDAR_DATE ( 2025, 19, 6 ) ;
#7321 = CARTESIAN_POINT ( 'NONE',  ( 274.7229901989667837, -4.742097442289472831, 7.250309019277605849 ) ) ;
#7322 = LINE ( 'NONE', #1725, #3112 ) ;
#7323 = CARTESIAN_POINT ( 'NONE',  ( 151.6303234589763917, -13.18066167605738670, 6.498754047940995093 ) ) ;
#7324 = ADVANCED_FACE ( 'NONE', ( #7382 ), #365, .F. ) ;
#7325 = CARTESIAN_POINT ( 'NONE',  ( 230.9875138842314470, -9.924735046415419149, 5.999999999999997335 ) ) ;
#7326 = EDGE_CURVE ( 'NONE', #2269, #6595, #4439, .T. ) ;
#7327 = ORIENTED_EDGE ( 'NONE', *, *, #7508, .F. ) ;
#7328 = CARTESIAN_POINT ( 'NONE',  ( 411.6014831502757829, -0.4427714639198017665, 371.7299999999997908 ) ) ;
#7329 = CARTESIAN_POINT ( 'NONE',  ( 162.0879726205879194, -11.99459631911718382, 6.790157641022477542 ) ) ;
#7330 = CARTESIAN_POINT ( 'NONE',  ( 127.5984417796459951, -13.01722119767689456, 12.57353794734829577 ) ) ;
#7331 = FACE_OUTER_BOUND ( 'NONE', #7188, .T. ) ;
#7332 = CARTESIAN_POINT ( 'NONE',  ( 391.1522080713870082, -0.8423830027300654999, 371.2305239213329173 ) ) ;
#7333 = CARTESIAN_POINT ( 'NONE',  ( 332.7784855640338151, -4.130229810704570070, 338.9911673151856348 ) ) ;
#7334 = CARTESIAN_POINT ( 'NONE',  ( 279.1444524011473050, -4.976078006768617890, 6.576532255226899437 ) ) ;
#7335 = CARTESIAN_POINT ( 'NONE',  ( 280.0695334822813720, -4.490919786893757149, 21.21991943297901173 ) ) ;
#7336 = CARTESIAN_POINT ( 'NONE',  ( 315.0151023501978216, -0.6659045616002445822, 371.7299999999999045 ) ) ;
#7337 = CARTESIAN_POINT ( 'NONE',  ( 281.5368823652491983, -4.590037366735532309, 6.499999998183583649 ) ) ;
#7338 = CARTESIAN_POINT ( 'NONE',  ( 225.2990183453478608, -5.587042697618009868, 249.8199999999999648 ) ) ;
#7339 = EDGE_CURVE ( 'NONE', #714, #1374, #7263, .T. ) ;
#7340 = ORIENTED_EDGE ( 'NONE', *, *, #2442, .T. ) ;
#7341 = CARTESIAN_POINT ( 'NONE',  ( 226.7247799864011597, -8.108715618058040420, 7.375462456412207324 ) ) ;
#7342 = CARTESIAN_POINT ( 'NONE',  ( 128.9641172550887518, -13.91704530848464216, 6.518823889739261190 ) ) ;
#7343 = ORIENTED_EDGE ( 'NONE', *, *, #6475, .F. ) ;
#7344 = CARTESIAN_POINT ( 'NONE',  ( 399.8485633141896187, -0.2667579506259599720, 371.2300000000000182 ) ) ;
#7345 = CARTESIAN_POINT ( 'NONE',  ( 281.7016863798161239, -3.455600273207116935, 7.213715683498151954 ) ) ;
#7346 = CARTESIAN_POINT ( 'NONE',  ( 272.4852874401022973, -3.204064770411485963, 23.24999999818355079 ) ) ;
#7347 = CARTESIAN_POINT ( 'NONE',  ( 391.2454704894915949, -2.815983922258077143, 371.7300000000000182 ) ) ;
#7348 = CARTESIAN_POINT ( 'NONE',  ( 269.3176738205318088, -6.395146111030817870, 127.9099999999998545 ) ) ;
#7349 = CARTESIAN_POINT ( 'NONE',  ( 284.2454041570119330, -0.05000000000001848799, 6.499999998183606742 ) ) ;
#7350 = CARTESIAN_POINT ( 'NONE',  ( 326.0270650569314625, -1.183286345218694802, 167.5355131852675470 ) ) ;
#7351 = CARTESIAN_POINT ( 'NONE',  ( 346.2843809754316453, -3.714034942680549012, 371.7299999999999045 ) ) ;
#7352 =( BOUNDED_SURFACE ( )  B_SPLINE_SURFACE ( 3, 2, ( 
 ( #2297, #6106, #4793 ),
 ( #8053, #2462, #4952 ),
 ( #1161, #513, #7284 ),
 ( #4878, #7364, #1769 ) ),
 .UNSPECIFIED., .F., .F., .T. ) 
 B_SPLINE_SURFACE_WITH_KNOTS ( ( 4, 4 ),
 ( 3, 3 ),
 ( 0.000000000000000000, 0.03682262231352045889 ),
 ( 0.000000000000000000, 1.000000000000000000 ),
 .UNSPECIFIED. ) 
 GEOMETRIC_REPRESENTATION_ITEM ( )  RATIONAL_B_SPLINE_SURFACE ( (
 ( 1.000000000000000000, 0.7008464880605062008, 1.000000000000000000),
 ( 1.000000000000000000, 0.7006064322279339507, 1.000000000000000000),
 ( 1.000000000000000000, 0.7003510117923180678, 1.000000000000000000),
 ( 1.000000000000000000, 0.7000763502684560491, 1.000000000000000000) ) ) 
 REPRESENTATION_ITEM ( '' )  SURFACE ( )  );
#7353 = CARTESIAN_POINT ( 'NONE',  ( 366.0948023799208499, -2.433700895510313433, 371.7300000000000182 ) ) ;
#7354 = ORIENTED_EDGE ( 'NONE', *, *, #5282, .F. ) ;
#7355 = CARTESIAN_POINT ( 'NONE',  ( 118.9159159796916896, -13.75954112612374125, 11.27043366255912815 ) ) ;
#7356 = CARTESIAN_POINT ( 'NONE',  ( 120.1523446473580776, -13.16043909864716710, 7.464837668143208482 ) ) ;
#7357 = CARTESIAN_POINT ( 'NONE',  ( 282.9074555388237968, -2.270092690590152618, 23.24999999818361118 ) ) ;
#7358 = LINE ( 'NONE', #1761, #3374 ) ;
#7359 = CARTESIAN_POINT ( 'NONE',  ( 162.3758999453013416, -13.77539254807198787, 6.500000000372553544 ) ) ;
#7360 = CARTESIAN_POINT ( 'NONE',  ( 287.3110204186800729, -1.798300231172698105, 23.24999999818273366 ) ) ;
#7361 = CARTESIAN_POINT ( 'NONE',  ( 268.6541225477064359, -5.814115933033641603, 6.626003866074699822 ) ) ;
#7362 = CARTESIAN_POINT ( 'NONE',  ( 243.5934691656666757, -9.125155955701591992, 6.499999998183606742 ) ) ;
#7363 = CARTESIAN_POINT ( 'NONE',  ( 146.3449663327687915, -12.60260173550647700, 7.369745944313067731 ) ) ;
#7364 = CARTESIAN_POINT ( 'NONE',  ( 352.8574468350811344, -3.566195684367503560, 371.4136633762522592 ) ) ;
#7365 = CARTESIAN_POINT ( 'NONE',  ( 272.3638605263055865, -7.005467453494470753, 6.000000000000000888 ) ) ;
#7366 = VERTEX_POINT ( 'NONE', #3744 ) ;
#7367 = DIRECTION ( 'NONE',  ( 0.000000000000000000, 0.000000000000000000, 1.000000000000000000 ) ) ;
#7368 = CARTESIAN_POINT ( 'NONE',  ( 163.8243459557907613, -11.63789575862508663, 7.237472352536477693 ) ) ;
#7369 = CARTESIAN_POINT ( 'NONE',  ( 284.2546003230367546, -2.244615181057513453, 23.23592146287465354 ) ) ;
#7370 = CARTESIAN_POINT ( 'NONE',  ( 142.1006890598507937, -11.11138328381855445, 22.49164630772789408 ) ) ;
#7371 = LINE ( 'NONE', #3009, #3775 ) ;
#7372 = CARTESIAN_POINT ( 'NONE',  ( 279.6249252131515846, -5.301201224388740307, 6.500050155359244464 ) ) ;
#7373 = ADVANCED_FACE ( 'NONE', ( #1866 ), #3702, .F. ) ;
#7374 = CARTESIAN_POINT ( 'NONE',  ( 318.0022588058429847, -3.336578911106530931, 145.4143159043510707 ) ) ;
#7375 = CARTESIAN_POINT ( 'NONE',  ( 284.7610312510360018, -0.8553436696613531121, 23.24999999818360408 ) ) ;
#7376 = CARTESIAN_POINT ( 'NONE',  ( 402.7662099838965446, -1.947162865392085829, 371.2300000000000750 ) ) ;
#7377 = CARTESIAN_POINT ( 'NONE',  ( 223.1172983883499228, -5.177360510722035514, 249.8200000000000216 ) ) ;
#7378 = ORIENTED_EDGE ( 'NONE', *, *, #4243, .T. ) ;
#7379 = CARTESIAN_POINT ( 'NONE',  ( 219.7395340045586920, -8.561213860356920335, 7.242385090568859596 ) ) ;
#7380 = CARTESIAN_POINT ( 'NONE',  ( 342.8877573386481572, -3.756831901684748676, 371.7300000000000182 ) ) ;
#7381 = DIRECTION ( 'NONE',  ( 0.000000000000000000, 0.000000000000000000, -1.000000000000000000 ) ) ;
#7382 = FACE_OUTER_BOUND ( 'NONE', #3854, .T. ) ;
#7383 = CARTESIAN_POINT ( 'NONE',  ( 281.2248970270873087, -3.663092487893661264, 7.639363996791831646 ) ) ;
#7384 = EDGE_CURVE ( 'NONE', #2692, #5187, #7748, .T. ) ;
#7385 = CARTESIAN_POINT ( 'NONE',  ( 286.2059404192389138, -3.585408969216285158, 23.24999999818417962 ) ) ;
#7386 = CARTESIAN_POINT ( 'NONE',  ( 263.3799912518023802, -6.282222147355290609, 233.4866666666670767 ) ) ;
#7387 = CARTESIAN_POINT ( 'NONE',  ( 115.7337835850251508, -13.14136815579049156, 5.999999999999983125 ) ) ;
#7388 = CARTESIAN_POINT ( 'NONE',  ( 399.9477504227174904, -0.04999999999996689037, 371.2300000000000182 ) ) ;
#7389 = CARTESIAN_POINT ( 'NONE',  ( 391.0589232158869777, -2.794320309577213113, 371.2506758636774293 ) ) ;
#7390 = CARTESIAN_POINT ( 'NONE',  ( 263.3759738565270254, -7.820406923981320091, 5.999999998183607630 ) ) ;
#7391 = ORIENTED_EDGE ( 'NONE', *, *, #1382, .F. ) ;
#7392 = CARTESIAN_POINT ( 'NONE',  ( 139.1808224594775822, -11.47855537438487872, 22.03788534967936030 ) ) ;
#7393 = CARTESIAN_POINT ( 'NONE',  ( 121.8918858076253571, -13.17998316438385231, 7.471562996160272085 ) ) ;
#7394 = CARTESIAN_POINT ( 'NONE',  ( 139.5703261877753789, -13.46084258666406086, 21.93466225699186367 ) ) ;
#7395 = CARTESIAN_POINT ( 'NONE',  ( 283.4906831939842959, -2.193490620607087216, 23.24999999818360763 ) ) ;
#7396 = CARTESIAN_POINT ( 'NONE',  ( 160.3759738565269970, -13.87621618012029678, 6.499999998183606742 ) ) ;
#7397 = CARTESIAN_POINT ( 'NONE',  ( 351.1856318239517805, -2.083741976566443999, 242.2218857923359110 ) ) ;
#7398 = CARTESIAN_POINT ( 'NONE',  ( 287.3764022157790805, -1.618654323449159937, 23.24999999818384211 ) ) ;
#7399 = CARTESIAN_POINT ( 'NONE',  ( 272.9623437086546005, -4.880947630356451405, 7.520391177884824252 ) ) ;
#7400 = CARTESIAN_POINT ( 'NONE',  ( 125.7427702376100171, -11.17635389328889062, 22.00000000000000000 ) ) ;
#7401 = CARTESIAN_POINT ( 'NONE',  ( 149.8833069141095109, -13.28887314938434727, 6.498755519540938330 ) ) ;
#7402 = CARTESIAN_POINT ( 'NONE',  ( 137.9758361240870101, -12.63316040938807916, 23.14737052196874600 ) ) ;
#7403 = CARTESIAN_POINT ( 'NONE',  ( 300.7722079001631528, -6.457525425003537656, 127.9099999999999397 ) ) ;
#7404 = CARTESIAN_POINT ( 'NONE',  ( 365.5992289059836367, -2.458602892555203479, 371.2299999999999613 ) ) ;
#7405 = CARTESIAN_POINT ( 'NONE',  ( 136.7297096297364192, -11.20825143361346399, 22.49003346334150422 ) ) ;
#7406 = CARTESIAN_POINT ( 'NONE',  ( 125.6093293570380212, -11.46613906712270037, 22.03133459375459324 ) ) ;
#7407 = CARTESIAN_POINT ( 'NONE',  ( 333.6971561198894847, -4.659264862464730150, 339.9869931791191107 ) ) ;
#7408 = CARTESIAN_POINT ( 'NONE',  ( 279.4941015525075159, -4.581245032237887926, 6.806463481787257130 ) ) ;
#7409 = CARTESIAN_POINT ( 'NONE',  ( 273.4364090437948676, -3.875537256660456897, 22.63918142944955036 ) ) ;
#7410 = B_SPLINE_CURVE_WITH_KNOTS ( 'NONE', 3,
 ( #3122, #1859, #8027, #484 ),
 .UNSPECIFIED., .F., .F.,
 ( 4, 4 ),
 ( 0.2574456082720442129, 0.2697697711581881208 ),
 .UNSPECIFIED. ) ;
#7411 = CARTESIAN_POINT ( 'NONE',  ( 284.6338871008595106, -1.211760112281489832, 23.24999999818360052 ) ) ;
#7412 = CARTESIAN_POINT ( 'NONE',  ( 394.1207065899243389, -2.579893432822493171, 371.2300000000000750 ) ) ;
#7413 = CARTESIAN_POINT ( 'NONE',  ( 43.42148407026340351, -10.71190403669279156, 5.999999999999996447 ) ) ;
#7414 = VERTEX_POINT ( 'NONE', #7736 ) ;
#7415 = EDGE_CURVE ( 'NONE', #5391, #7730, #253, .T. ) ;
#7416 = CARTESIAN_POINT ( 'NONE',  ( 212.8103526404768502, -9.967497780698776566, 6.500047613544344571 ) ) ;
#7417 = CARTESIAN_POINT ( 'NONE',  ( 113.3778905859253427, -13.81503125011274236, 6.000000000000010658 ) ) ;
#7418 = ORIENTED_EDGE ( 'NONE', *, *, #6571, .T. ) ;
#7419 = CARTESIAN_POINT ( 'NONE',  ( 263.7441275110197694, -7.799846862488820420, 6.499999998183605854 ) ) ;
#7420 = CARTESIAN_POINT ( 'NONE',  ( 281.3319488011857175, -3.644488367619864722, 7.213612892355466322 ) ) ;
#7421 = CARTESIAN_POINT ( 'NONE',  ( 283.0694765691313819, -4.308166019648202116, 23.24999999818364671 ) ) ;
#7422 = CARTESIAN_POINT ( 'NONE',  ( 148.7032450250251259, -12.47383987024362284, 6.000000000000010658 ) ) ;
#7423 = CARTESIAN_POINT ( 'NONE',  ( 399.2657083370551732, -0.05126562719636552912, 367.9918073527908291 ) ) ;
#7424 = CARTESIAN_POINT ( 'NONE',  ( 390.7454704894916517, -2.815983922257249361, 371.6090795807486984 ) ) ;
#7425 = EDGE_CURVE ( 'NONE', #2229, #6692, #5013, .T. ) ;
#7426 = EDGE_CURVE ( 'NONE', #1057, #7414, #4171, .T. ) ;
#7427 = VECTOR ( 'NONE', #6983, 1000.000000000000000 ) ;
#7428 = DIRECTION ( 'NONE',  ( 0.000000000000000000, 0.000000000000000000, 1.000000000000000000 ) ) ;
#7429 = ORIENTED_EDGE ( 'NONE', *, *, #2333, .F. ) ;
#7430 = CARTESIAN_POINT ( 'NONE',  ( 284.4090164216335097, -1.917860316414765176, 23.24999999818361118 ) ) ;
#7431 = B_SPLINE_CURVE_WITH_KNOTS ( 'NONE', 3,
 ( #7096, #7655, #1455, #7702, #843, #3947, #3335, #2105, #485, #2268 ),
 .UNSPECIFIED., .F., .F.,
 ( 4, 2, 2, 2, 4 ),
 ( 1.666965688247907965E-16, 0.004397885912842007528, 0.008795771825683848522, 0.01319365773852568952, 0.01759154365136753051 ),
 .UNSPECIFIED. ) ;
#7432 = CARTESIAN_POINT ( 'NONE',  ( 389.7455237310122129, -0.9889508697694729955, 371.7300000000000750 ) ) ;
#7433 = CARTESIAN_POINT ( 'NONE',  ( 158.4929285851472400, -11.28994060742767580, 53.00407846154246272 ) ) ;
#7434 = CIRCLE ( 'NONE', #5599, 0.5000000000000014433 ) ;
#7435 = CARTESIAN_POINT ( 'NONE',  ( 282.9925567955984889, -2.260653610998864416, 23.24999999818360763 ) ) ;
#7436 = CARTESIAN_POINT ( 'NONE',  ( 387.7454704894915949, -1.124940481656710567, 371.7300000000000182 ) ) ;
#7437 = CARTESIAN_POINT ( 'NONE',  ( 354.9573197008899115, -1.930946703954486088, 252.6246574717668238 ) ) ;
#7438 = CARTESIAN_POINT ( 'NONE',  ( 285.9005119291833239, -2.889836100033007060, 20.73694239845966436 ) ) ;
#7439 = CARTESIAN_POINT ( 'NONE',  ( 261.7051590209032952, -6.597719179368452203, 6.524098902235227371 ) ) ;
#7440 = CARTESIAN_POINT ( 'NONE',  ( 191.2486292559545120, -8.183114746586880983, 127.9099999999999966 ) ) ;
#7441 = CARTESIAN_POINT ( 'NONE',  ( 132.3965244107219803, -13.93225003417649432, 6.498793151195926932 ) ) ;
#7442 = CARTESIAN_POINT ( 'NONE',  ( 131.7089795927809632, -13.56168787962170619, 21.64567530575251197 ) ) ;
#7443 = CARTESIAN_POINT ( 'NONE',  ( 307.8581399463167259, -5.990589377009595040, 127.9100000000000250 ) ) ;
#7444 = CARTESIAN_POINT ( 'NONE',  ( 281.9583748299407375, -5.222514033575491155, 6.000000000000000000 ) ) ;
#7445 = CARTESIAN_POINT ( 'NONE',  ( 284.3013915809562491, -2.313418138568839044, 23.22451144198720741 ) ) ;
#7446 = CARTESIAN_POINT ( 'NONE',  ( 390.7454704894916517, -2.815984985625258563, 371.2300000000000750 ) ) ;
#7447 = CARTESIAN_POINT ( 'NONE',  ( 389.7473867740608853, -2.884964336886249647, 371.2299999387094545 ) ) ;
#7448 = CARTESIAN_POINT ( 'NONE',  ( 280.6939316208181481, -4.583017747519925855, 6.583679679105042482 ) ) ;
#7449 = CARTESIAN_POINT ( 'NONE',  ( 347.6405707051210356, -3.698192474834837817, 371.2300000000000750 ) ) ;
#7450 = DIRECTION ( 'NONE',  ( -1.000000000000000000, 5.898059818321139072E-14, 0.000000000000000000 ) ) ;
#7451 = CARTESIAN_POINT ( 'NONE',  ( 128.7430661694922094, -12.67438292279631540, 23.13176439041288290 ) ) ;
#7452 = CARTESIAN_POINT ( 'NONE',  ( 221.0120856734550898, -4.741528570445004753, 249.8200000000000216 ) ) ;
#7453 = EDGE_LOOP ( 'NONE', ( #1258, #6885, #2930, #5817 ) ) ;
#7454 = CARTESIAN_POINT ( 'NONE',  ( 191.7852692164289294, -10.17513051443339833, 7.240336011724092913 ) ) ;
#7455 = CARTESIAN_POINT ( 'NONE',  ( 189.4865073826057653, -10.47491636090080824, 127.9099999999998545 ) ) ;
#7456 = ORIENTED_EDGE ( 'NONE', *, *, #5670, .T. ) ;
#7457 = CARTESIAN_POINT ( 'NONE',  ( 180.2920996908702307, -10.97307349845969959, 74.06110638033723603 ) ) ;
#7458 = CARTESIAN_POINT ( 'NONE',  ( 281.4981346506425552, -3.513466859448722168, 7.351100548182271766 ) ) ;
#7459 = CARTESIAN_POINT ( 'NONE',  ( 277.2799126708613926, -4.785540348233157104, 23.24999999818439278 ) ) ;
#7460 = CARTESIAN_POINT ( 'NONE',  ( 166.5519081350565500, -11.48022926925543175, 6.000000000000006217 ) ) ;
#7461 = CARTESIAN_POINT ( 'NONE',  ( 142.1346589340452056, -12.65120335597630152, 20.22174856708550195 ) ) ;
#7462 = CARTESIAN_POINT ( 'NONE',  ( 283.4743775987853951, -0.9109639846634369764, 6.499999998183659145 ) ) ;
#7463 = DIRECTION ( 'NONE',  ( 0.5345275463560932305, 0.02462752856872905960, 0.8447921561089043463 ) ) ;
#7464 = ORIENTED_EDGE ( 'NONE', *, *, #3488, .F. ) ;
#7465 = B_SPLINE_CURVE_WITH_KNOTS ( 'NONE', 3,
 ( #4810, #1, #7301, #1705, #4198, #4855, #7342, #3818 ),
 .UNSPECIFIED., .F., .F.,
 ( 4, 2, 2, 4 ),
 ( 4.166948782366561805E-17, 0.007129934924667463356, 0.01069490238700115253, 0.01425986984933484344 ),
 .UNSPECIFIED. ) ;
#7466 = CARTESIAN_POINT ( 'NONE',  ( 283.6292513801446944, -2.167912836964797751, 23.24999999818357921 ) ) ;
#7467 = EDGE_CURVE ( 'NONE', #461, #7813, #1689, .T. ) ;
#7468 = CARTESIAN_POINT ( 'NONE',  ( 391.2694690944003355, -0.8834456438073593487, 371.2299999744381012 ) ) ;
#7469 = CARTESIAN_POINT ( 'NONE',  ( 149.6113225248574850, -11.70185067846863092, 38.43635677988181243 ) ) ;
#7470 = CARTESIAN_POINT ( 'NONE',  ( 268.9636236808584613, -5.279757158024692920, 7.520464500843498712 ) ) ;
#7471 = CARTESIAN_POINT ( 'NONE',  ( 142.1333165469570190, -12.63134734470735410, 21.53442609104068595 ) ) ;
#7472 = CARTESIAN_POINT ( 'NONE',  ( 285.1430235722729662, -3.783916172946072187, 20.82109012747135424 ) ) ;
#7473 = CARTESIAN_POINT ( 'NONE',  ( 160.3759738565269970, -13.87621618035439752, 5.999999998183607630 ) ) ;
#7474 = CARTESIAN_POINT ( 'NONE',  ( 268.6432169490106503, -5.701610806702655410, 6.701762501477558587 ) ) ;
#7476 = ADVANCED_FACE ( 'NONE', ( #5209 ), #5287, .F. ) ;
#7475 = CARTESIAN_POINT ( 'NONE',  ( 142.3585698749740232, -11.11434768011770302, 22.00000000000000000 ) ) ;
#7477 = CARTESIAN_POINT ( 'NONE',  ( 130.6362884296725042, -13.38534317638699633, 6.783235790835264289 ) ) ;
#7478 = CARTESIAN_POINT ( 'NONE',  ( 133.1894805279212903, -13.75642056151545667, 11.50073747044277006 ) ) ;
#7479 = CARTESIAN_POINT ( 'NONE',  ( 257.8567730670235392, -8.170933917015350545, 6.000000000000000888 ) ) ;
#7480 = CARTESIAN_POINT ( 'NONE',  ( 282.6541050688179553, -4.462652887272775537, 6.000000000000015099 ) ) ;
#7481 = CARTESIAN_POINT ( 'NONE',  ( 334.0065744667758167, -4.436817200732858346, 340.8854934858476327 ) ) ;
#7482 = DIRECTION ( 'NONE',  ( -1.000000000000000000, 0.000000000000000000, -0.000000000000000000 ) ) ;
#7483 = CARTESIAN_POINT ( 'NONE',  ( 332.5508736010404505, -3.811547835922186600, 338.6538261186690875 ) ) ;
#7484 = CARTESIAN_POINT ( 'NONE',  ( 277.3998851828383181, -4.809585418652486233, 6.793258331763987634 ) ) ;
#7485 = CARTESIAN_POINT ( 'NONE',  ( 273.6581388050951773, -3.092763545944411163, 23.24999999818360408 ) ) ;
#7486 = CARTESIAN_POINT ( 'NONE',  ( 280.6712668596022127, -3.694165410323939192, 6.499999998182966365 ) ) ;
#7487 = CARTESIAN_POINT ( 'NONE',  ( 139.1152387591434376, -8.915659039473238678, 127.9099999999999397 ) ) ;
#7488 = EDGE_LOOP ( 'NONE', ( #1861, #6449, #6769, #7507, #4087, #5653 ) ) ;
#7489 = CARTESIAN_POINT ( 'NONE',  ( 130.0711326098185054, -13.90814615920557884, 6.000000000000000000 ) ) ;
#7490 = CARTESIAN_POINT ( 'NONE',  ( 205.7623700511547327, -9.368767608744198228, 7.506001852272914832 ) ) ;
#7491 = CARTESIAN_POINT ( 'NONE',  ( 157.4187924128846703, -12.94370320600769197, 6.499999998183617400 ) ) ;
#7492 = DIRECTION ( 'NONE',  ( 1.000000000000000000, -5.867099493245607105E-14, 0.000000000000000000 ) ) ;
#7493 = CARTESIAN_POINT ( 'NONE',  ( 329.4443609111629030, -3.938316193481306460, 312.3181051039279055 ) ) ;
#7494 = CARTESIAN_POINT ( 'NONE',  ( 281.0400167119442472, -3.757513972609781039, 7.639293022943959066 ) ) ;
#7495 = CARTESIAN_POINT ( 'NONE',  ( 282.2172951887998806, -4.358660666182003318, 23.24999999818352947 ) ) ;
#7496 = CARTESIAN_POINT ( 'NONE',  ( 107.4820000056018472, -12.70108215418527209, 5.999999999999990230 ) ) ;
#7497 = CARTESIAN_POINT ( 'NONE',  ( 335.2563557717009530, -0.04999999999999201611, 152.7143059476153439 ) ) ;
#7498 = CARTESIAN_POINT ( 'NONE',  ( 390.7454704894915949, -2.815983922258062044, 371.7300000000000182 ) ) ;
#7499 = CARTESIAN_POINT ( 'NONE',  ( 283.1702874826242464, -4.252578362548296020, 21.20193680229634836 ) ) ;
#7500 = ORIENTED_EDGE ( 'NONE', *, *, #3870, .T. ) ;
#7501 = B_SPLINE_CURVE_WITH_KNOTS ( 'NONE', 3,
 ( #3798, #4490, #1386, #656, #6257, #4370, #5059, #4984, #4449, #5596, #6863, #6903 ),
 .UNSPECIFIED., .F., .F.,
 ( 4, 2, 2, 2, 2, 4 ),
 ( 1.040834085586084411E-17, 0.0002657194661717762383, 0.0005314389323435420682, 0.001062877864687073728, 0.001594316797030605280, 0.002125755729374137048 ),
 .UNSPECIFIED. ) ;
#7502 = CARTESIAN_POINT ( 'NONE',  ( 283.7478597441689203, -2.143565206193727146, 23.24999999818368224 ) ) ;
#7503 = B_SPLINE_CURVE_WITH_KNOTS ( 'NONE', 3,
 ( #3864, #7578, #3256, #2147, #1496, #5704, #2602, #6933, #281, #2025 ),
 .UNSPECIFIED., .F., .F.,
 ( 4, 2, 2, 2, 4 ),
 ( 1.110527914621647226E-16, 0.004678913075449817223, 0.009357826150899523424, 0.01403673922634923049, 0.01871565230179893582 ),
 .UNSPECIFIED. ) ;
#7504 = CARTESIAN_POINT ( 'NONE',  ( 146.6572330209653217, -12.52666736545621262, 20.96936825820359829 ) ) ;
#7505 = CARTESIAN_POINT ( 'NONE',  ( 176.2561388826972291, -10.46612273117206726, 82.13952300040355681 ) ) ;
#7506 = CARTESIAN_POINT ( 'NONE',  ( 277.5147995671473495, -4.508781184956468735, 7.510298872966815864 ) ) ;
#7507 = ORIENTED_EDGE ( 'NONE', *, *, #1475, .F. ) ;
#7508 = EDGE_CURVE ( 'NONE', #3459, #5380, #3366, .T. ) ;
#7509 = CARTESIAN_POINT ( 'NONE',  ( 167.3225529158985978, -11.51928890655192106, 7.116114339866564720 ) ) ;
#7510 = CARTESIAN_POINT ( 'NONE',  ( 345.2583032187751542, -2.204437299126486671, 339.2299999999999045 ) ) ;
#7511 = CARTESIAN_POINT ( 'NONE',  ( 286.1096999020156773, -2.550219262748325111, 20.71102268276337810 ) ) ;
#7512 = CARTESIAN_POINT ( 'NONE',  ( 266.8824414193116468, -5.592706180229612301, 7.003174031249893794 ) ) ;
#7513 = CARTESIAN_POINT ( 'NONE',  ( 192.7348279036891086, -8.225399156648208532, 127.9099999999999966 ) ) ;
#7514 = CARTESIAN_POINT ( 'NONE',  ( 130.6347087911128426, -13.29202746084981968, 6.874032495811595034 ) ) ;
#7515 = B_SPLINE_CURVE_WITH_KNOTS ( 'NONE', 3,
 ( #349, #310, #2790, #5281 ),
 .UNSPECIFIED., .F., .F.,
 ( 4, 4 ),
 ( 0.03767665496715587314, 0.05344274839631658197 ),
 .UNSPECIFIED. ) ;
#7516 = CARTESIAN_POINT ( 'NONE',  ( 139.5464095432501779, -13.46833350823640529, 21.54133012070451514 ) ) ;
#7517 = CARTESIAN_POINT ( 'NONE',  ( 281.2526621103346542, -5.750284526200595714, 6.000000000000000000 ) ) ;
#7518 = DIRECTION ( 'NONE',  ( 0.000000000000000000, 0.000000000000000000, -1.000000000000000000 ) ) ;
#7519 = ADVANCED_FACE ( 'NONE', ( #4554 ), #3398, .F. ) ;
#7520 = CARTESIAN_POINT ( 'NONE',  ( 127.9848353010416844, -12.95840339682022524, 14.90330345571741688 ) ) ;
#7521 = CARTESIAN_POINT ( 'NONE',  ( 345.2350675899081693, -1.704977487556011306, 339.2299533402285192 ) ) ;
#7522 = CARTESIAN_POINT ( 'NONE',  ( 277.3849446480192569, -4.591534977551789964, 7.122558429547966696 ) ) ;
#7523 = CARTESIAN_POINT ( 'NONE',  ( 273.4364117114877217, -4.725656647029432555, 22.63918055186512035 ) ) ;
#7524 = CC_DESIGN_SECURITY_CLASSIFICATION ( #1009, ( #5838 ) ) ;
#7525 = CARTESIAN_POINT ( 'NONE',  ( 363.7591835300403886, -4.441857581066216198, 371.7300000000000182 ) ) ;
#7526 = CARTESIAN_POINT ( 'NONE',  ( 252.2594918479795751, -8.015953944569664813, 249.8200000000000500 ) ) ;
#7527 = ORIENTED_EDGE ( 'NONE', *, *, #4290, .F. ) ;
#7528 = CARTESIAN_POINT ( 'NONE',  ( 126.0806740163119031, -13.96871183007229256, 6.000000000000005329 ) ) ;
#7529 = CARTESIAN_POINT ( 'NONE',  ( 212.7875567114051876, -9.581002501197836807, 6.573952895404363339 ) ) ;
#7530 = DIRECTION ( 'NONE',  ( 0.8538241078602877288, 0.000000000000000000, -0.5205616129110787194 ) ) ;
#7531 = ORIENTED_EDGE ( 'NONE', *, *, #5378, .T. ) ;
#7532 = CARTESIAN_POINT ( 'NONE',  ( 399.8470400362520536, -0.2671961494971578643, 371.2300000000000182 ) ) ;
#7533 = CARTESIAN_POINT ( 'NONE',  ( 281.3566147208229609, -4.719634522349297256, 6.500055997375665306 ) ) ;
#7534 = CARTESIAN_POINT ( 'NONE',  ( 278.0791703545303335, -4.706685374481818229, 23.24999999818083296 ) ) ;
#7535 = CARTESIAN_POINT ( 'NONE',  ( 297.2115277589508082, -5.431039993345200934, 249.8200000000001637 ) ) ;
#7536 = CARTESIAN_POINT ( 'NONE',  ( 277.2110842825341592, -6.614165437570988182, 6.499999998183607630 ) ) ;
#7537 = CARTESIAN_POINT ( 'NONE',  ( 131.0664417025120940, -12.68795658437679741, 23.14173299665695893 ) ) ;
#7538 = CARTESIAN_POINT ( 'NONE',  ( 275.6816276072788696, -4.901385398809150473, 21.20696525479688432 ) ) ;
#7539 = AXIS2_PLACEMENT_3D ( 'NONE', #2507, #3735, #6232 ) ;
#7540 = VERTEX_POINT ( 'NONE', #920 ) ;
#7541 = CARTESIAN_POINT ( 'NONE',  ( 284.4223611198310095, -1.911125026290789952, 23.24999999818363250 ) ) ;
#7542 = CARTESIAN_POINT ( 'NONE',  ( 322.4474636295908567, -1.724341804113003418, 127.9099999999999966 ) ) ;
#7543 = CARTESIAN_POINT ( 'NONE',  ( 326.8005423993662930, -4.589046839752424667, 340.0895287631904012 ) ) ;
#7544 = AXIS2_PLACEMENT_3D ( 'NONE', #7589, #1307, #7067 ) ;
#7545 = CARTESIAN_POINT ( 'NONE',  ( 275.0471685493568543, -2.955456815813771065, 23.24999999818360763 ) ) ;
#7546 = VERTEX_POINT ( 'NONE', #4598 ) ;
#7547 = CARTESIAN_POINT ( 'NONE',  ( 273.5484735407234211, -3.801455968769604343, 23.12541079804083566 ) ) ;
#7548 = DIRECTION ( 'NONE',  ( 0.000000000000000000, 1.000000000000000000, 0.000000000000000000 ) ) ;
#7549 = CARTESIAN_POINT ( 'NONE',  ( 285.8495717989501941, -2.964745941318271960, 20.74337963569260523 ) ) ;
#7550 = CARTESIAN_POINT ( 'NONE',  ( 363.6724143099204412, -2.553369302489404635, 371.2299999999999613 ) ) ;
#7551 = AXIS2_PLACEMENT_3D ( 'NONE', #666, #6305, #5609 ) ;
#7552 = CARTESIAN_POINT ( 'NONE',  ( 266.9593668689198580, -6.477188741347066347, 6.500048235706419320 ) ) ;
#7553 = CARTESIAN_POINT ( 'NONE',  ( 332.2313702415142416, -3.270216760967561864, 338.0374790408347963 ) ) ;
#7554 = CARTESIAN_POINT ( 'NONE',  ( 134.1392734118274745, -13.52561846898767861, 6.620453325459388694 ) ) ;
#7555 = FACE_OUTER_BOUND ( 'NONE', #4976, .T. ) ;
#7556 = CARTESIAN_POINT ( 'NONE',  ( 346.1823499029434288, -3.162885546771188494, 338.7767610574201740 ) ) ;
#7557 = CARTESIAN_POINT ( 'NONE',  ( 142.1346589340452056, -12.65120335597630152, 20.22174856708550195 ) ) ;
#7558 = CARTESIAN_POINT ( 'NONE',  ( 389.7454704894853990, -0.9881287757953468587, 371.7300000000000182 ) ) ;
#7559 = CARTESIAN_POINT ( 'NONE',  ( 130.3732457017397053, -14.03216819449492725, 6.499999998183585426 ) ) ;
#7560 = CARTESIAN_POINT ( 'NONE',  ( 396.9803218494662360, -0.4796880305650504384, 371.2300000000000182 ) ) ;
#7561 = CARTESIAN_POINT ( 'NONE',  ( 277.4062921263308681, -4.903091900956280114, 6.699435793115902094 ) ) ;
#7562 = CARTESIAN_POINT ( 'NONE',  ( 349.8487307740581400, -1.050047874919406432, 233.1422270285898719 ) ) ;
#7563 = EDGE_CURVE ( 'NONE', #2200, #4592, #3757, .T. ) ;
#7564 = EDGE_CURVE ( 'NONE', #3626, #4085, #7371, .T. ) ;
#7565 = CARTESIAN_POINT ( 'NONE',  ( 402.3690361493647174, 0.1124885158562387993, 371.7300000000000182 ) ) ;
#7566 = CARTESIAN_POINT ( 'NONE',  ( 332.9984403836796787, -4.892686912778128061, 371.7300000000001319 ) ) ;
#7567 = ORIENTED_EDGE ( 'NONE', *, *, #5176, .F. ) ;
#7568 = CARTESIAN_POINT ( 'NONE',  ( 398.1875785267984043, -0.05000000000006149525, 366.3799999993507299 ) ) ;
#7569 = CARTESIAN_POINT ( 'NONE',  ( 195.3134479290991123, -10.57987420514229981, 6.573796086054271903 ) ) ;
#7570 = CARTESIAN_POINT ( 'NONE',  ( 387.7454704894915380, -3.020886442433027952, 371.7300000000000182 ) ) ;
#7571 = CARTESIAN_POINT ( 'NONE',  ( 327.6716425519371683, -3.333558189841344443, 338.2646163902694525 ) ) ;
#7572 = CARTESIAN_POINT ( 'NONE',  ( 213.6967937647693532, -9.410749281960688606, 126.8409994300406822 ) ) ;
#7573 = CARTESIAN_POINT ( 'NONE',  ( 280.9159940401353310, -3.856987505287553741, 7.213497251541161503 ) ) ;
#7574 = CARTESIAN_POINT ( 'NONE',  ( 279.3981578566647954, -4.581283253272788514, 23.24999999819699781 ) ) ;
#7575 = EDGE_CURVE ( 'NONE', #1445, #855, #2984, .T. ) ;
#7576 = CARTESIAN_POINT ( 'NONE',  ( 74.48442131691732015, -11.61878880230960753, 5.999999999999989342 ) ) ;
#7577 = CARTESIAN_POINT ( 'NONE',  ( 398.9126080869095290, -0.05000000000000272976, 335.1835267302769239 ) ) ;
#7578 = CARTESIAN_POINT ( 'NONE',  ( 328.1034974221977905, -2.604227942094197168, 339.6844927887941026 ) ) ;
#7579 = ORIENTED_EDGE ( 'NONE', *, *, #1327, .T. ) ;
#7580 = CARTESIAN_POINT ( 'NONE',  ( 163.3759738565270254, -12.63568686999301249, 5.999999998183607630 ) ) ;
#7581 = CARTESIAN_POINT ( 'NONE',  ( 277.8550334312117229, -4.688058755565490898, 21.21025204280115872 ) ) ;
#7582 = VERTEX_POINT ( 'NONE', #6034 ) ;
#7583 = CARTESIAN_POINT ( 'NONE',  ( 289.9181388050951682, -2.850000000000000089, 51.54701462469454043 ) ) ;
#7584 = CARTESIAN_POINT ( 'NONE',  ( 285.0766415540590515, -1.580898776569334752, 23.24999999818359697 ) ) ;
#7585 = CARTESIAN_POINT ( 'NONE',  ( 259.8870837065061323, -5.953735734719863615, 6.000000000000001776 ) ) ;
#7586 = CARTESIAN_POINT ( 'NONE',  ( 285.2717145945682660, -3.659793516718527151, 20.81651513237011031 ) ) ;
#7587 = CARTESIAN_POINT ( 'NONE',  ( 280.8381618075492838, -3.859682554151594225, 7.635356423190379438 ) ) ;
#7588 = ORIENTED_EDGE ( 'NONE', *, *, #6732, .F. ) ;
#7589 = CARTESIAN_POINT ( 'NONE',  ( 332.5781388050951364, -0.2500000000000000000, 173.2499941109628310 ) ) ;
#7590 = DIRECTION ( 'NONE',  ( -0.5345687182012551775, 0.000000000000000000, -0.8451250117708425380 ) ) ;
#7591 = CARTESIAN_POINT ( 'NONE',  ( 285.4712471665222893, -4.207629852150631677, 23.24999999816637697 ) ) ;
#7592 = FACE_OUTER_BOUND ( 'NONE', #7745, .T. ) ;
#7593 = CARTESIAN_POINT ( 'NONE',  ( 266.8889098547847993, -5.667079725042617255, 6.889790492338687677 ) ) ;
#7594 = DIRECTION ( 'NONE',  ( 0.5204100743153662334, 0.02412731246297557253, 0.8535755545611583006 ) ) ;
#7595 = CARTESIAN_POINT ( 'NONE',  ( 134.1369964609600629, -13.41429253758164108, 6.692946426913992219 ) ) ;
#7596 = CARTESIAN_POINT ( 'NONE',  ( 347.5901358711860212, -3.093545848964862621, 338.9537319865793279 ) ) ;
#7597 = FACE_OUTER_BOUND ( 'NONE', #6926, .T. ) ;
#7598 = CARTESIAN_POINT ( 'NONE',  ( 388.7455218434441804, -1.057354828873879882, 371.2299999999997340 ) ) ;
#7599 = CARTESIAN_POINT ( 'NONE',  ( 212.1913721693098580, -8.232652368107197915, 128.0009359536718989 ) ) ;
#7600 = CARTESIAN_POINT ( 'NONE',  ( 387.4431713181733130, -3.041286561583778525, 371.7300000000000182 ) ) ;
#7601 = CARTESIAN_POINT ( 'NONE',  ( 276.9742638980645779, -5.045908639795996464, 6.624349690079903041 ) ) ;
#7602 = CARTESIAN_POINT ( 'NONE',  ( 349.8366762491501163, -0.2166746458199080294, 233.1459267257258148 ) ) ;
#7603 = CARTESIAN_POINT ( 'NONE',  ( 134.8136746271038362, -12.69083970038404274, 23.13470421777268626 ) ) ;
#7604 = CARTESIAN_POINT ( 'NONE',  ( 174.8036609736981859, -11.25128221113561899, 127.9100000000000534 ) ) ;
#7605 = ORIENTED_EDGE ( 'NONE', *, *, #142, .F. ) ;
#7606 = LINE ( 'NONE', #4593, #1682 ) ;
#7607 = CARTESIAN_POINT ( 'NONE',  ( 205.7983873434965574, -9.990404987045149454, 6.573910251615274092 ) ) ;
#7608 = EDGE_CURVE ( 'NONE', #1012, #120, #5481, .T. ) ;
#7609 = CARTESIAN_POINT ( 'NONE',  ( 260.2093091779376550, -6.946942491786640694, 6.500000020261386346 ) ) ;
#7610 = CARTESIAN_POINT ( 'NONE',  ( 400.1571545597457202, -0.1039735744417956131, 371.1730528293046518 ) ) ;
#7611 = CARTESIAN_POINT ( 'NONE',  ( 313.8414321977087411, -4.660175973991460552, 285.2193644612654566 ) ) ;
#7612 = CARTESIAN_POINT ( 'NONE',  ( 281.1233666719157327, -3.692506443044096365, 7.497297236497044715 ) ) ;
#7613 = CARTESIAN_POINT ( 'NONE',  ( 284.1767077268500543, -4.093474227650691688, 21.13030814748788089 ) ) ;
#7614 = CARTESIAN_POINT ( 'NONE',  ( 58.03051983496577293, -10.63162295263673052, 5.999999999999991118 ) ) ;
#7615 = FACE_OUTER_BOUND ( 'NONE', #4125, .T. ) ;
#7616 = CARTESIAN_POINT ( 'NONE',  ( 329.3177075633101936, -2.282446450237427982, 339.5560101031211389 ) ) ;
#7617 = ORIENTED_EDGE ( 'NONE', *, *, #5682, .T. ) ;
#7618 = EDGE_CURVE ( 'NONE', #4616, #7229, #5696, .T. ) ;
#7619 = CARTESIAN_POINT ( 'NONE',  ( 270.9682562696444847, -5.343289549876072186, 21.21987709463973815 ) ) ;
#7620 = ORIENTED_EDGE ( 'NONE', *, *, #1796, .F. ) ;
#7621 = DIRECTION ( 'NONE',  ( 1.000000000000000000, -0.000000000000000000, 1.224646799147353207E-16 ) ) ;
#7622 = CARTESIAN_POINT ( 'NONE',  ( 276.6761777801036715, -2.793470519310512934, 23.24999999818359697 ) ) ;
#7623 = CARTESIAN_POINT ( 'NONE',  ( 317.1378944014704757, -3.097383394074813001, 127.9099999999999682 ) ) ;
#7624 = CARTESIAN_POINT ( 'NONE',  ( 285.4247917872410198, -3.499003088193111122, 20.79744601347653798 ) ) ;
#7625 = CARTESIAN_POINT ( 'NONE',  ( 277.9436237516426900, -4.480831534219132273, 7.512521483262901256 ) ) ;
#7626 = ORIENTED_EDGE ( 'NONE', *, *, #2036, .T. ) ;
#7627 = CARTESIAN_POINT ( 'NONE',  ( 119.1069666232367155, -12.96859686560002523, 11.43560641406001643 ) ) ;
#7628 = ORIENTED_EDGE ( 'NONE', *, *, #1281, .F. ) ;
#7629 = CARTESIAN_POINT ( 'NONE',  ( 281.9375579274145593, -3.461009442171989914, 6.947910110492518498 ) ) ;
#7630 = CARTESIAN_POINT ( 'NONE',  ( 300.4962131535307321, -4.143098542935103268, 102.5509974394589392 ) ) ;
#7631 = CARTESIAN_POINT ( 'NONE',  ( 259.9267104724614796, -6.165069170187329028, 6.885353172041886793 ) ) ;
#7632 = CARTESIAN_POINT ( 'NONE',  ( 411.4729217547615008, -0.1806613778630979938, 371.2299999999999045 ) ) ;
#7633 = CARTESIAN_POINT ( 'NONE',  ( 130.6311680651218694, -13.08286228357411218, 7.482103573820924503 ) ) ;
#7634 = CARTESIAN_POINT ( 'NONE',  ( 279.4108024882426662, -6.375135301380231212, 6.000000000000000888 ) ) ;
#7635 = DIRECTION ( 'NONE',  ( -2.548659297285922331E-14, 1.000000000000000000, 0.000000000000000000 ) ) ;
#7636 = CARTESIAN_POINT ( 'NONE',  ( 282.5774698548962078, -0.05000000000024066443, 7.812607182617054669 ) ) ;
#7637 = CARTESIAN_POINT ( 'NONE',  ( 284.2956572443528103, -1.811532392891841425, 23.24999999818363250 ) ) ;
#7638 = CARTESIAN_POINT ( 'NONE',  ( 391.2016005355446282, -2.784459472739597707, 371.7300000000000182 ) ) ;
#7639 = CARTESIAN_POINT ( 'NONE',  ( 277.8809677344635247, -5.362544868314786051, 6.498748232639473876 ) ) ;
#7640 = CARTESIAN_POINT ( 'NONE',  ( 398.1875785267973242, -0.05000000000001031397, 366.3799999999999955 ) ) ;
#7641 = CARTESIAN_POINT ( 'NONE',  ( 158.5715344207237933, -11.87954775058114087, 7.505033481720713162 ) ) ;
#7642 = CARTESIAN_POINT ( 'NONE',  ( 362.2397330302001137, 0.07499234390415933371, 249.8200000000000500 ) ) ;
#7643 = CARTESIAN_POINT ( 'NONE',  ( 90.78159477657928278, -14.26248800815273654, 6.000000000000002665 ) ) ;
#7644 = ORIENTED_EDGE ( 'NONE', *, *, #3827, .F. ) ;
#7645 = CARTESIAN_POINT ( 'NONE',  ( 262.9812346501278171, -7.853188158671398078, 5.999999998183607630 ) ) ;
#7646 = B_SPLINE_CURVE_WITH_KNOTS ( 'NONE', 3,
 ( #2348, #2261, #6032, #4884, #3081, #1694 ),
 .UNSPECIFIED., .F., .F.,
 ( 4, 2, 4 ),
 ( 0.000000000000000000, 0.0003253109078005525989, 0.0006506218156011051978 ),
 .UNSPECIFIED. ) ;
#7647 = CARTESIAN_POINT ( 'NONE',  ( 177.8031820433205041, -10.90667113653076470, 7.371606752915133676 ) ) ;
#7648 = CARTESIAN_POINT ( 'NONE',  ( 239.8845182553285724, -8.281789493532356161, 6.499999998183610295 ) ) ;
#7649 = CARTESIAN_POINT ( 'NONE',  ( 400.1677163565953492, -0.2453892476206852302, 371.2299896090497668 ) ) ;
#7650 = CARTESIAN_POINT ( 'NONE',  ( 346.4892269972840495, -3.718554131717218159, 371.2299999999999613 ) ) ;
#7651 = CARTESIAN_POINT ( 'NONE',  ( 281.1530901514444736, -4.207079170969805659, 6.645226654228594931 ) ) ;
#7652 = CARTESIAN_POINT ( 'NONE',  ( 283.9146086131285642, -4.146841237772700417, 21.15535698564253764 ) ) ;
#7653 = CARTESIAN_POINT ( 'NONE',  ( 147.3441957532077993, -7.851159393204070192, 127.9100000000000250 ) ) ;
#7654 = CARTESIAN_POINT ( 'NONE',  ( 276.0188372403670201, -6.692768534563507288, 6.499999998183604966 ) ) ;
#7655 = CARTESIAN_POINT ( 'NONE',  ( 343.8374536673915713, -3.268812185425211236, 341.5229437917234350 ) ) ;
#7656 = EDGE_CURVE ( 'NONE', #7084, #474, #2771, .T. ) ;
#7657 = ORIENTED_EDGE ( 'NONE', *, *, #785, .T. ) ;
#7658 = CARTESIAN_POINT ( 'NONE',  ( 237.2445139475460962, -8.072161790038970608, 6.574121567893997486 ) ) ;
#7659 = CARTESIAN_POINT ( 'NONE',  ( 273.3387404610167550, -5.132496872075368088, 21.21090600174531460 ) ) ;
#7660 = ORIENTED_EDGE ( 'NONE', *, *, #7226, .T. ) ;
#7661 = CARTESIAN_POINT ( 'NONE',  ( 116.4877466588568353, -13.07547633429417644, 7.449756211657421190 ) ) ;
#7662 = CARTESIAN_POINT ( 'NONE',  ( 276.6486207690823562, -2.796181329101209201, 23.24999999818351526 ) ) ;
#7663 = AXIS2_PLACEMENT_3D ( 'NONE', #1902, #75, #7381 ) ;
#7664 = CARTESIAN_POINT ( 'NONE',  ( 400.3736027039064425, -0.03654782401724714080, 371.7299999999999613 ) ) ;
#7665 = CARTESIAN_POINT ( 'NONE',  ( 343.6537460037065443, -1.778543020173920297, 339.2294054750403234 ) ) ;
#7666 = EDGE_CURVE ( 'NONE', #7366, #3865, #439, .T. ) ;
#7667 = EDGE_CURVE ( 'NONE', #7771, #7060, #652, .T. ) ;
#7668 = CARTESIAN_POINT ( 'NONE',  ( 125.7077505053846238, -11.46661354048733550, 22.03251125342560002 ) ) ;
#7669 = ORIENTED_EDGE ( 'NONE', *, *, #8069, .T. ) ;
#7670 = B_SPLINE_CURVE_WITH_KNOTS ( 'NONE', 3,
 ( #7199, #3611, #2295, #4136, #470, #6632, #1603, #1684 ),
 .UNSPECIFIED., .F., .F.,
 ( 4, 2, 2, 4 ),
 ( 1.910481136040767688E-16, 0.0005191161075009235494, 0.001038232215001656062, 0.002076464430003126943 ),
 .UNSPECIFIED. ) ;
#7671 = AXIS2_PLACEMENT_3D ( 'NONE', #2531, #2494, #4408 ) ;
#7672 = CARTESIAN_POINT ( 'NONE',  ( 118.9159051588808467, -12.97012168097850093, 11.27041646052124868 ) ) ;
#7673 = ORIENTED_EDGE ( 'NONE', *, *, #103, .T. ) ;
#7674 = CARTESIAN_POINT ( 'NONE',  ( 285.0644517308634249, -3.858698867095270213, 20.82121350619459577 ) ) ;
#7675 = CARTESIAN_POINT ( 'NONE',  ( 119.6626087957955207, -12.97904558478317405, 11.59999999818354510 ) ) ;
#7676 = CARTESIAN_POINT ( 'NONE',  ( 258.1666664387919923, -6.068190817486017963, 7.507309008394352112 ) ) ;
#7677 = FACE_OUTER_BOUND ( 'NONE', #5667, .T. ) ;
#7678 = CARTESIAN_POINT ( 'NONE',  ( 123.6385754803167885, -13.38086486200732139, 6.871207008036053665 ) ) ;
#7679 = AXIS2_PLACEMENT_3D ( 'NONE', #803, #5135, #4516 ) ;
#7680 = CARTESIAN_POINT ( 'NONE',  ( 321.0920679102565032, -4.900424132500235785, 127.9100000000000250 ) ) ;
#7681 = AXIS2_PLACEMENT_3D ( 'NONE', #4241, #5508, #7303 ) ;
#7682 = CARTESIAN_POINT ( 'NONE',  ( 136.4912825265397771, -13.81119379282905868, 16.53031694811283714 ) ) ;
#7683 = CARTESIAN_POINT ( 'NONE',  ( 284.7628859879501420, -0.8494343145932238270, 23.24999999818322394 ) ) ;
#7684 = PERSON_AND_ORGANIZATION_ROLE ( 'design_owner' ) ;
#7685 = CARTESIAN_POINT ( 'NONE',  ( 275.1624287120803274, -4.681477287105640706, 7.515805548831337113 ) ) ;
#7686 = CARTESIAN_POINT ( 'NONE',  ( 272.9929375165773422, -2.609383730465823614, 21.41754824111126965 ) ) ;
#7687 = CARTESIAN_POINT ( 'NONE',  ( 158.5729355849045419, -11.90470484585216582, 7.240693714519605528 ) ) ;
#7688 = CARTESIAN_POINT ( 'NONE',  ( 281.5907899170884434, -2.102373369158906602, 6.000000000000003553 ) ) ;
#7689 = AXIS2_PLACEMENT_3D ( 'NONE', #3119, #6995, #2626 ) ;
#7690 = CARTESIAN_POINT ( 'NONE',  ( 259.6742518957322545, -8.218968571313482130, 249.8200000000000500 ) ) ;
#7691 = ORIENTED_EDGE ( 'NONE', *, *, #872, .T. ) ;
#7692 = CARTESIAN_POINT ( 'NONE',  ( 260.3759738565270254, -8.020603716006325712, 6.499999998183644045 ) ) ;
#7693 = CARTESIAN_POINT ( 'NONE',  ( 174.3084243060451684, -11.09260641158746097, 7.503078111092957414 ) ) ;
#7694 = CARTESIAN_POINT ( 'NONE',  ( 363.7274904692553150, -2.550777427071043491, 371.7300000000000182 ) ) ;
#7695 = CARTESIAN_POINT ( 'NONE',  ( 395.6622495303999472, -0.5763246640714861924, 371.2299895855390446 ) ) ;
#7696 = CARTESIAN_POINT ( 'NONE',  ( 259.8519693944476785, -6.968967107413415185, 6.500000041270943107 ) ) ;
#7697 = CARTESIAN_POINT ( 'NONE',  ( 281.0375668260164730, -4.413188260538334795, 6.585989931916709672 ) ) ;
#7698 = PRODUCT_DEFINITION_SHAPE ( 'NONE', 'NONE',  #7970 ) ;
#7699 = CARTESIAN_POINT ( 'NONE',  ( 285.3541980867964298, -3.659721742793404786, 20.97427232315647672 ) ) ;
#7700 = CARTESIAN_POINT ( 'NONE',  ( 182.6450316336359947, -9.327155549910497001, 127.9100000000000819 ) ) ;
#7701 = CARTESIAN_POINT ( 'NONE',  ( 137.6725972656353179, -13.54834492928912404, 18.85400590732389858 ) ) ;
#7702 = CARTESIAN_POINT ( 'NONE',  ( 339.4437459070922500, -3.460474645198356569, 341.5245794548014828 ) ) ;
#7703 = VERTEX_POINT ( 'NONE', #4189 ) ;
#7704 = CARTESIAN_POINT ( 'NONE',  ( 237.2051226786457505, -7.450166572265617404, 7.375883172954511124 ) ) ;
#7705 = CARTESIAN_POINT ( 'NONE',  ( 145.0652204387739346, -11.35598375276647332, 22.05905735518738098 ) ) ;
#7706 = ORIENTED_EDGE ( 'NONE', *, *, #1437, .T. ) ;
#7707 = CARTESIAN_POINT ( 'NONE',  ( 367.9922110631245573, -0.05000000007923242201, 283.1793009443125015 ) ) ;
#7708 = CARTESIAN_POINT ( 'NONE',  ( 275.9391348821764041, -2.866353994537449434, 23.24999999818371066 ) ) ;
#7709 = CARTESIAN_POINT ( 'NONE',  ( 264.0032531358718302, -5.683449390416245528, 6.000000000000000888 ) ) ;
#7710 = CARTESIAN_POINT ( 'NONE',  ( 342.0722416679620324, -1.848145190494864698, 339.2297096366932578 ) ) ;
#7711 = CARTESIAN_POINT ( 'NONE',  ( 399.9805934380264603, -0.05002261671331732079, 371.1325479043337054 ) ) ;
#7712 = CARTESIAN_POINT ( 'NONE',  ( 387.7454704894916517, -3.020887588268743151, 371.2300000000001887 ) ) ;
#7713 = ORIENTED_EDGE ( 'NONE', *, *, #8024, .F. ) ;
#7714 = VERTEX_POINT ( 'NONE', #5993 ) ;
#7715 = EDGE_CURVE ( 'NONE', #7024, #6293, #1304, .T. ) ;
#7716 = CARTESIAN_POINT ( 'NONE',  ( 338.8925811206985372, -3.499237004991677669, 324.8060810425507725 ) ) ;
#7717 = CARTESIAN_POINT ( 'NONE',  ( 125.6117545069074311, -13.05297305455576584, 11.59999999818359484 ) ) ;
#7718 = CARTESIAN_POINT ( 'NONE',  ( 259.9222360758021750, -6.090342718565280755, 6.997567795711560734 ) ) ;
#7719 = CARTESIAN_POINT ( 'NONE',  ( 123.6429379827705759, -14.04905854038665858, 6.498804842582355690 ) ) ;
#7720 = CARTESIAN_POINT ( 'NONE',  ( 140.8012268670075002, -12.14814536436352199, 23.59947896496318620 ) ) ;
#7721 = CARTESIAN_POINT ( 'NONE',  ( 282.5733306780693397, -0.4067063671886725351, 7.812086423037118088 ) ) ;
#7722 = ADVANCED_FACE ( 'NONE', ( #3578 ), #617, .F. ) ;
#7723 = CARTESIAN_POINT ( 'NONE',  ( 284.5486118113041698, -1.390863194790731727, 23.24999999818362539 ) ) ;
#7724 = APPLICATION_PROTOCOL_DEFINITION ( 'international standard', 'config_control_design', 1994, #5401 ) ;
#7725 = CARTESIAN_POINT ( 'NONE',  ( 276.0867361687540438, -5.108256516599063879, 6.624918996219872902 ) ) ;
#7726 = CARTESIAN_POINT ( 'NONE',  ( 318.0043566922467448, -0.8716447277748324840, 145.4136255931633173 ) ) ;
#7727 = CARTESIAN_POINT ( 'NONE',  ( 156.8253638521631217, -12.05743530099982408, 7.119733654130080858 ) ) ;
#7728 = CARTESIAN_POINT ( 'NONE',  ( 127.7815685081096717, -13.79918491964657434, 12.84762702565712367 ) ) ;
#7729 = CARTESIAN_POINT ( 'NONE',  ( 329.0397085789384164, -5.726523741781769594, 249.8200000000000216 ) ) ;
#7730 = VERTEX_POINT ( 'NONE', #5035 ) ;
#7731 = DIRECTION ( 'NONE',  ( -1.616521140035806834E-18, -0.000000000000000000, 1.000000000000000000 ) ) ;
#7732 = CARTESIAN_POINT ( 'NONE',  ( 181.3382579110601114, -11.46602917511397202, 6.523969040852058754 ) ) ;
#7733 = CARTESIAN_POINT ( 'NONE',  ( 325.2946637024971892, -3.375024205215533257, 337.7077661821123229 ) ) ;
#7734 = CARTESIAN_POINT ( 'NONE',  ( 140.6054483642397486, -12.20034820033555967, 23.58468525903127855 ) ) ;
#7735 = CARTESIAN_POINT ( 'NONE',  ( 326.4661794565695345, -3.816155921982472776, 338.5663364964165112 ) ) ;
#7736 = CARTESIAN_POINT ( 'NONE',  ( 332.5781388050951364, -0.2395328087514111970, 171.2099271045707667 ) ) ;
#7737 = CARTESIAN_POINT ( 'NONE',  ( 280.8898102453119350, -4.103705074603855252, 6.837020268410788582 ) ) ;
#7738 = CARTESIAN_POINT ( 'NONE',  ( 286.2502957708797453, -3.207333285373789700, 20.97354879110627124 ) ) ;
#7739 = CARTESIAN_POINT ( 'NONE',  ( 245.8252111987838475, -5.689379250427867518, 249.8200000000002774 ) ) ;
#7740 = CARTESIAN_POINT ( 'NONE',  ( 281.6545416024644055, -4.475642734178496340, 6.499999998183671579 ) ) ;
#7741 = CARTESIAN_POINT ( 'NONE',  ( 326.1390787346978755, -2.634179463451972403, 339.6884913551060663 ) ) ;
#7742 = VERTEX_POINT ( 'NONE', #3159 ) ;
#7743 = CARTESIAN_POINT ( 'NONE',  ( 240.6990461951233442, -7.250274746823071048, 7.243691593512059157 ) ) ;
#7744 = CARTESIAN_POINT ( 'NONE',  ( 113.3115738041958309, -13.81211005636862410, 5.999999999999999112 ) ) ;
#7745 = EDGE_LOOP ( 'NONE', ( #2015, #361, #1541, #321, #3260 ) ) ;
#7746 = CARTESIAN_POINT ( 'NONE',  ( 387.6126612981163362, -0.5911492280273012989, 340.8275600200668691 ) ) ;
#7747 = CARTESIAN_POINT ( 'NONE',  ( 279.7048429318115268, -2.514325703220976482, 23.24999999818359342 ) ) ;
#7748 = B_SPLINE_CURVE_WITH_KNOTS ( 'NONE', 3,
 ( #6601, #1573, #6474, #3369, #5248, #6559 ),
 .UNSPECIFIED., .F., .F.,
 ( 4, 2, 4 ),
 ( 0.01263310642083036867, 0.02315245334649417702, 0.03367180027215798538 ),
 .UNSPECIFIED. ) ;
#7749 = CARTESIAN_POINT ( 'NONE',  ( 394.7081940087941803, -0.4485473672569130210, 371.7299999999997908 ) ) ;
#7750 = CARTESIAN_POINT ( 'NONE',  ( 340.0954122816731910, -2.444112344903021761, 206.3127928007602918 ) ) ;
#7751 = DIRECTION ( 'NONE',  ( 0.000000000000000000, 0.000000000000000000, -1.000000000000000000 ) ) ;
#7752 = CARTESIAN_POINT ( 'NONE',  ( 347.5811878991241315, -3.094924174934584382, 339.5659838775857793 ) ) ;
#7753 = VERTEX_POINT ( 'NONE', #5733 ) ;
#7754 = B_SPLINE_CURVE_WITH_KNOTS ( 'NONE', 3,
 ( #5476, #4250, #6786, #2448 ),
 .UNSPECIFIED., .F., .F.,
 ( 4, 4 ),
 ( 0.0003303354914618634075, 0.0003380605306213890575 ),
 .UNSPECIFIED. ) ;
#7755 = CARTESIAN_POINT ( 'NONE',  ( 163.3759738565270254, -12.63568686999301427, 6.132137625024908445 ) ) ;
#7756 = VERTEX_POINT ( 'NONE', #2010 ) ;
#7757 = CARTESIAN_POINT ( 'NONE',  ( 272.1873267002548005, -5.212651127851296806, 19.19814066375996120 ) ) ;
#7758 = CARTESIAN_POINT ( 'NONE',  ( 258.1666082840396257, -6.067225499525666699, 7.374990035709934055 ) ) ;
#7759 = CARTESIAN_POINT ( 'NONE',  ( 121.8917269223989734, -13.57923886523518142, 6.689895975569559283 ) ) ;
#7760 = CARTESIAN_POINT ( 'NONE',  ( 345.5055090328145297, -3.193566027687095854, 341.5221947753456675 ) ) ;
#7761 = EDGE_CURVE ( 'NONE', #1374, #2708, #3173, .T. ) ;
#7762 = CARTESIAN_POINT ( 'NONE',  ( 162.3759087554415146, -12.68484696051127258, 5.999999998183607630 ) ) ;
#7763 = CARTESIAN_POINT ( 'NONE',  ( 202.5786179029227014, -8.362872714811953045, 113.6769540931481259 ) ) ;
#7764 =( NAMED_UNIT ( * ) PLANE_ANGLE_UNIT ( ) SI_UNIT ( $, .RADIAN. ) );
#7765 = CARTESIAN_POINT ( 'NONE',  ( 276.9467621962806447, -4.621904432071167079, 7.121712113429525814 ) ) ;
#7766 = CARTESIAN_POINT ( 'NONE',  ( 364.3938089323816598, -1.118153683806084153, 273.1002560315181427 ) ) ;
#7767 = CARTESIAN_POINT ( 'NONE',  ( 158.5931054528035133, -12.26715242072976153, 6.698016918296355371 ) ) ;
#7768 = CARTESIAN_POINT ( 'NONE',  ( 140.9708531762292125, -12.10936610488506915, 23.87769969533468739 ) ) ;
#7769 = CARTESIAN_POINT ( 'NONE',  ( 389.5389430567959153, -2.904512557102814529, 371.7300000000000182 ) ) ;
#7770 = EDGE_CURVE ( 'NONE', #1416, #1991, #1319, .T. ) ;
#7771 = VERTEX_POINT ( 'NONE', #1277 ) ;
#7772 = CARTESIAN_POINT ( 'NONE',  ( 145.2981225776576650, -11.34710373985720899, 22.25242899402865859 ) ) ;
#7773 = CARTESIAN_POINT ( 'NONE',  ( 184.8481466534902040, -11.53997826101084101, 6.500047480928155430 ) ) ;
#7774 = CARTESIAN_POINT ( 'NONE',  ( 330.9458112271700543, -3.272064118488083651, 337.7170284420814141 ) ) ;
#7775 = CARTESIAN_POINT ( 'NONE',  ( 289.9181388050951682, -2.850000000000000089, 54.95298212231037382 ) ) ;
#7776 = B_SPLINE_CURVE_WITH_KNOTS ( 'NONE', 3,
 ( #2785, #2954, #3443, #4835 ),
 .UNSPECIFIED., .F., .F.,
 ( 4, 4 ),
 ( 0.0005857714855386881529, 0.03718829719377747534 ),
 .UNSPECIFIED. ) ;
#7777 = CARTESIAN_POINT ( 'NONE',  ( 359.5802152337383291, -2.557259056580146073, 371.1347815571533602 ) ) ;
#7778 = DIRECTION ( 'NONE',  ( 2.548659297285922646E-14, -1.000000000000000000, 4.119961632811497612E-32 ) ) ;
#7779 = CARTESIAN_POINT ( 'NONE',  ( 280.8756215385556629, -3.924573899658963416, 7.073911375569836402 ) ) ;
#7780 = CARTESIAN_POINT ( 'NONE',  ( 285.2554116279576419, -3.710227277982720562, 20.97953278351000961 ) ) ;
#7781 = CARTESIAN_POINT ( 'NONE',  ( 312.9766394449693507, -0.2304829896880209450, 371.7300000000001319 ) ) ;
#7782 = CARTESIAN_POINT ( 'NONE',  ( 282.1111272190307204, -0.6940565977299031353, 6.499999998196097195 ) ) ;
#7783 = CARTESIAN_POINT ( 'NONE',  ( 310.7598647914469439, -1.775727586852884565, 371.7300000000000182 ) ) ;
#7784 = ORIENTED_EDGE ( 'NONE', *, *, #2138, .T. ) ;
#7785 = CARTESIAN_POINT ( 'NONE',  ( 244.2471509042112814, -7.874567804166912488, 6.498752626765809559 ) ) ;
#7786 = CARTESIAN_POINT ( 'NONE',  ( 284.8650031886597276, -3.890659542480068733, 21.04217095698720996 ) ) ;
#7787 = ORIENTED_EDGE ( 'NONE', *, *, #5232, .F. ) ;
#7788 = CARTESIAN_POINT ( 'NONE',  ( 400.0140007184071465, -0.2193340602766183645, 371.2300000000000182 ) ) ;
#7789 = CARTESIAN_POINT ( 'NONE',  ( 281.4437546268598567, -2.383218621522089187, 23.24999999818359342 ) ) ;
#7790 = CARTESIAN_POINT ( 'NONE',  ( 262.9015053146899277, -6.775016926964042341, 127.9099999999999682 ) ) ;
#7791 = DIRECTION ( 'NONE',  ( 0.000000000000000000, -0.000000000000000000, 1.000000000000000000 ) ) ;
#7792 = CARTESIAN_POINT ( 'NONE',  ( 399.2667829064520788, -0.1003280808979267746, 370.3022557674735822 ) ) ;
#7793 = CARTESIAN_POINT ( 'NONE',  ( 345.7124347576502714, -3.184188779695706906, 341.4940970425301430 ) ) ;
#7794 = VERTEX_POINT ( 'NONE', #65 ) ;
#7795 = CARTESIAN_POINT ( 'NONE',  ( 272.2306078113951457, -5.037460828402060109, 22.11519256951301671 ) ) ;
#7796 = ORIENTED_EDGE ( 'NONE', *, *, #7326, .T. ) ;
#7797 = CARTESIAN_POINT ( 'NONE',  ( 273.0637223970513219, -3.334831766338234527, 21.61252298898214974 ) ) ;
#7798 = CARTESIAN_POINT ( 'NONE',  ( 254.7253513545195176, -7.164798907622535573, 6.498752577126880148 ) ) ;
#7799 = CARTESIAN_POINT ( 'NONE',  ( 127.1464884458577984, -14.14580820418587415, 6.500045988705188016 ) ) ;
#7800 = AXIS2_PLACEMENT_3D ( 'NONE', #5720, #695, #2617 ) ;
#7801 = CARTESIAN_POINT ( 'NONE',  ( 140.3937905292395669, -12.59408858522999886, 23.14790229443705982 ) ) ;
#7802 = CARTESIAN_POINT ( 'NONE',  ( 387.3152392339741823, -3.049919829579462949, 371.2348916055108248 ) ) ;
#7803 = CARTESIAN_POINT ( 'NONE',  ( 399.8626309392245730, -0.05556579061065468339, 371.0489453848107928 ) ) ;
#7804 = CIRCLE ( 'NONE', #764, 1.999999999999998446 ) ;
#7805 = APPROVAL_ROLE ( '' ) ;
#7806 = CARTESIAN_POINT ( 'NONE',  ( 275.6069262978733718, -4.668225908123899259, 7.248401424849628683 ) ) ;
#7807 = B_SPLINE_CURVE_WITH_KNOTS ( 'NONE', 3,
 ( #6512, #2877, #392, #1648, #6553, #7898, #1082, #4796, #5363, #7939, #4840, #2216, #7857, #7162 ),
 .UNSPECIFIED., .F., .F.,
 ( 4, 2, 2, 2, 2, 2, 4 ),
 ( 0.000000000000000000, 0.008300412612267325449, 0.01660082522453465090, 0.03320165044906930180, 0.06640330089813870074, 0.09960495134720807886, 0.1328066017962774847 ),
 .UNSPECIFIED. ) ;
#7808 = CARTESIAN_POINT ( 'NONE',  ( 398.1875785267970969, -0.1237546542769422248, 366.3799999999999955 ) ) ;
#7809 = CARTESIAN_POINT ( 'NONE',  ( 160.3298759326547440, -11.91341378763045000, 6.995191467849371847 ) ) ;
#7810 = CARTESIAN_POINT ( 'NONE',  ( 126.4175884830500962, -13.70110437242712287, 16.47223121261191281 ) ) ;
#7811 = CARTESIAN_POINT ( 'NONE',  ( 366.2576802455100733, -4.322331184381832614, 371.7300000000003593 ) ) ;
#7812 = B_SPLINE_SURFACE_WITH_KNOTS ( 'NONE', 3, 3, ( 
 ( #6591, #992, #1034, #4790 ),
 ( #7851, #2914, #6908, #1231 ),
 ( #551, #6867, #2535, #2379 ),
 ( #4261, #59, #6832, #6222 ),
 ( #4303, #2498, #1921, #3725 ),
 ( #7475, #4988, #583, #619 ),
 ( #8051, #1885, #3110, #5563 ),
 ( #4912, #5602, #3152, #23 ),
 ( #6797, #4374, #1269, #2458 ),
 ( #1312, #3802, #5026, #3762 ),
 ( #7400, #7513, #6262, #4950 ),
 ( #1847, #7440, #660, #5527 ) ),
 .UNSPECIFIED., .F., .F., .F.,
 ( 4, 1, 1, 1, 2, 1, 1, 1, 4 ),
 ( 4, 4 ),
 ( 0.000000000000000000, 0.03695449782885783241, 0.07390899565771566482, 0.1108634934865734972, 0.1478179913154313296, 0.3608634934865735389, 0.5739089956577156926, 0.7869544978288574022, 1.000000000000000000 ),
 ( 0.000000000000000000, 1.000000000000000000 ),
 .UNSPECIFIED. ) ;
#7813 = VERTEX_POINT ( 'NONE', #6875 ) ;
#7814 = VECTOR ( 'NONE', #1842, 1000.000000000000000 ) ;
#7815 = CARTESIAN_POINT ( 'NONE',  ( 391.2454704894915949, -2.815983922258077143, 371.2300000000000182 ) ) ;
#7816 = CARTESIAN_POINT ( 'NONE',  ( 184.8409863688194719, -11.40811164433791269, 6.498760498815093101 ) ) ;
#7817 = CARTESIAN_POINT ( 'NONE',  ( 327.5553101486404444, -3.344784082020554106, 337.7129946069709376 ) ) ;
#7818 = CARTESIAN_POINT ( 'NONE',  ( 261.9809051937028244, -7.920547886153565642, 6.499999998183606742 ) ) ;
#7819 = CARTESIAN_POINT ( 'NONE',  ( 373.1122797673572791, -1.872384111239377313, 371.1357557986577831 ) ) ;
#7820 = CARTESIAN_POINT ( 'NONE',  ( 260.2013057025005764, -6.947435785504065819, 5.999999998183606742 ) ) ;
#7821 = CARTESIAN_POINT ( 'NONE',  ( 281.1378777076110396, -4.509166570814723940, 6.528172220864514763 ) ) ;
#7822 = EDGE_CURVE ( 'NONE', #6981, #1991, #5600, .T. ) ;
#7823 = CARTESIAN_POINT ( 'NONE',  ( 276.9538104277129378, -4.775386787751455309, 21.20845445009881658 ) ) ;
#7824 = B_SPLINE_CURVE_WITH_KNOTS ( 'NONE', 3,
 ( #5818, #711, #110, #5859, #1446, #7001 ),
 .UNSPECIFIED., .F., .F.,
 ( 4, 2, 4 ),
 ( 0.0006039690516710177152, 0.001167656384877737959, 0.001731343718084458203 ),
 .UNSPECIFIED. ) ;
#7825 = AXIS2_PLACEMENT_3D ( 'NONE', #3940, #6431, #4717 ) ;
#7826 = CARTESIAN_POINT ( 'NONE',  ( 21.81559460887520885, -2.894976479530378732, 5.999999999999992895 ) ) ;
#7827 = CARTESIAN_POINT ( 'NONE',  ( 281.6252981222993412, -4.504411089146603153, 6.499999998183671579 ) ) ;
#7828 = CARTESIAN_POINT ( 'NONE',  ( 400.5269161548397960, -0.05000000000000000278, 371.2300000000000182 ) ) ;
#7829 = ORIENTED_EDGE ( 'NONE', *, *, #4480, .T. ) ;
#7830 = CARTESIAN_POINT ( 'NONE',  ( 240.6974051079036201, -7.224834079563197342, 7.376307943558789049 ) ) ;
#7831 = CARTESIAN_POINT ( 'NONE',  ( 283.7951533457446658, -4.168256918475739425, 21.16500895279568439 ) ) ;
#7832 = VERTEX_POINT ( 'NONE', #6269 ) ;
#7833 = CARTESIAN_POINT ( 'NONE',  ( 400.6134395697256991, -0.05026568369764323335, 371.2300000000000182 ) ) ;
#7834 = EDGE_CURVE ( 'NONE', #5516, #6249, #4343, .T. ) ;
#7835 = CARTESIAN_POINT ( 'NONE',  ( 284.2040331946179208, -4.217579704242283789, 23.24999999818445673 ) ) ;
#7836 = CARTESIAN_POINT ( 'NONE',  ( 124.2196627348790372, -12.05689378570713899, 23.00000000000000000 ) ) ;
#7837 = CARTESIAN_POINT ( 'NONE',  ( 291.7693402310559918, -4.985147729387057858, 127.9100000000000819 ) ) ;
#7838 = CARTESIAN_POINT ( 'NONE',  ( 342.6516183034778464, -2.429877093895612461, 218.6983093190809768 ) ) ;
#7839 = CARTESIAN_POINT ( 'NONE',  ( 327.7207023626996261, -3.767687971285828219, 341.5448933777713023 ) ) ;
#7840 = LINE ( 'NONE', #2769, #7034 ) ;
#7841 = CARTESIAN_POINT ( 'NONE',  ( 273.3274796925815622, -4.198706621867480671, 22.94024357315527496 ) ) ;
#7842 = ORIENTED_EDGE ( 'NONE', *, *, #2580, .F. ) ;
#7843 = CARTESIAN_POINT ( 'NONE',  ( 260.3759738565270254, -8.020603716006320383, 5.999999998183607630 ) ) ;
#7844 = CARTESIAN_POINT ( 'NONE',  ( 247.7004915808689134, -7.058478925956946703, 6.792952471161485484 ) ) ;
#7845 = CARTESIAN_POINT ( 'NONE',  ( 120.1423371683401342, -14.04050991344336197, 6.498821786108449849 ) ) ;
#7846 = CARTESIAN_POINT ( 'NONE',  ( 140.7991011959845196, -12.11054619909142005, 23.98244723954786650 ) ) ;
#7847 = CARTESIAN_POINT ( 'NONE',  ( 282.5327250922101143, -0.7581159582481830084, 7.809668013962755673 ) ) ;
#7848 = CARTESIAN_POINT ( 'NONE',  ( 163.5066816646151153, -13.72010323689067945, 6.500000000372553544 ) ) ;
#7849 = CARTESIAN_POINT ( 'NONE',  ( 287.6619615018453828, 0.1667436288591851168, 23.24999999818644270 ) ) ;
#7850 = CARTESIAN_POINT ( 'NONE',  ( 276.5019340945474369, -4.701195974839401437, 7.000421633062443583 ) ) ;
#7851 = CARTESIAN_POINT ( 'NONE',  ( 144.9338972494052769, -11.06231127406834958, 22.00000000000000000 ) ) ;
#7852 = CARTESIAN_POINT ( 'NONE',  ( 149.8304241231066101, -12.41207140624893057, 7.375096402314229138 ) ) ;
#7853 = B_SPLINE_CURVE_WITH_KNOTS ( 'NONE', 3,
 ( #452, #2896, #256, #776, #2735, #5801 ),
 .UNSPECIFIED., .F., .F.,
 ( 4, 2, 4 ),
 ( 7.152448122690996019E-18, 0.0003184777066144152077, 0.0006369554132288232596 ),
 .UNSPECIFIED. ) ;
#7854 = CARTESIAN_POINT ( 'NONE',  ( 332.2495862675932585, -3.236863648228051282, 337.6126920261964415 ) ) ;
#7855 = CARTESIAN_POINT ( 'NONE',  ( 264.0842065984257374, -8.790574717365801760, 127.9099999999999966 ) ) ;
#7856 = VERTEX_POINT ( 'NONE', #3809 ) ;
#7857 = CARTESIAN_POINT ( 'NONE',  ( 354.9572868200475568, -1.930948036108864452, 252.6245667892731888 ) ) ;
#7858 = CARTESIAN_POINT ( 'NONE',  ( 170.8647609018634341, -12.27957355639662929, 6.500047353117532900 ) ) ;
#7859 = CARTESIAN_POINT ( 'NONE',  ( 387.3152392339741823, -3.049919829579462949, 371.2348916055108248 ) ) ;
#7860 = CARTESIAN_POINT ( 'NONE',  ( 260.3759738565249222, -8.020603722119348689, 6.499999998183606742 ) ) ;
#7861 = CARTESIAN_POINT ( 'NONE',  ( 386.6351018456871316, -0.9991941651556091042, 371.0319483412328054 ) ) ;
#7862 = CARTESIAN_POINT ( 'NONE',  ( 333.2173981022577323, -4.528224232374222780, 339.2000950459615183 ) ) ;
#7863 = CARTESIAN_POINT ( 'NONE',  ( 281.2637105603517398, -4.766259682838201783, 6.500055667501173140 ) ) ;
#7864 = CARTESIAN_POINT ( 'NONE',  ( 279.9364575114061608, -4.501776409833703418, 21.21918307076014898 ) ) ;
#7865 = CARTESIAN_POINT ( 'NONE',  ( 117.6838504926253961, -1.290844097829011217, 127.9100000000000534 ) ) ;
#7866 = CARTESIAN_POINT ( 'NONE',  ( 281.8203807809036334, -1.852059598474268709, 6.499999998190040706 ) ) ;
#7867 = CARTESIAN_POINT ( 'NONE',  ( 310.7699324068344140, -1.780067258959370013, 371.7300000000000182 ) ) ;
#7868 = ORIENTED_EDGE ( 'NONE', *, *, #2333, .T. ) ;
#7869 = EDGE_CURVE ( 'NONE', #1012, #4632, #3781, .T. ) ;
#7870 = CARTESIAN_POINT ( 'NONE',  ( 230.2571082019104551, -8.511615056559749704, 6.574099498181247725 ) ) ;
#7871 = CARTESIAN_POINT ( 'NONE',  ( 145.3339029592975464, -12.57314207138872320, 20.21994626043522203 ) ) ;
#7872 = ORIENTED_EDGE ( 'NONE', *, *, #2232, .T. ) ;
#7873 = CARTESIAN_POINT ( 'NONE',  ( 399.9283348754080407, -0.2438508652263752241, 371.2300000000000182 ) ) ;
#7874 = CARTESIAN_POINT ( 'NONE',  ( 270.9682562696444847, -5.343289549876072186, 21.21987709463973815 ) ) ;
#7875 = CARTESIAN_POINT ( 'NONE',  ( 285.8507310191923239, -3.764312961165994231, 23.24999999818348684 ) ) ;
#7876 = CARTESIAN_POINT ( 'NONE',  ( 257.8273807671358782, -6.261086054609343421, 233.4866666666666219 ) ) ;
#7877 = CARTESIAN_POINT ( 'NONE',  ( 328.6280201817977513, -3.672641489403183357, 249.8199999999998226 ) ) ;
#7878 = CARTESIAN_POINT ( 'NONE',  ( 362.2454707281618198, -2.619445962942569484, 371.2299999540825866 ) ) ;
#7879 = CARTESIAN_POINT ( 'NONE',  ( 310.2638529985035234, -1.823993076022934590, 124.0980124922255072 ) ) ;
#7880 = CARTESIAN_POINT ( 'NONE',  ( 285.2358537179421205, -3.695537486905816404, 20.82086102519534165 ) ) ;
#7881 = ADVANCED_FACE ( 'NONE', ( #1971 ), #2082, .F. ) ;
#7882 = CARTESIAN_POINT ( 'NONE',  ( 273.3147023691332151, -4.216021677264977008, 22.93000670469930569 ) ) ;
#7883 = EDGE_LOOP ( 'NONE', ( #2789, #2360, #3751, #2151, #4754, #7829, #1022 ) ) ;
#7884 = DIRECTION ( 'NONE',  ( 0.8538241078603128198, 5.769904295467644315E-14, -0.5205616129110376411 ) ) ;
#7885 = CARTESIAN_POINT ( 'NONE',  ( 249.4342777256208592, -6.770390670028152869, 6.999530590389220208 ) ) ;
#7886 = CARTESIAN_POINT ( 'NONE',  ( 118.4126929641200547, -13.14626776500108463, 7.330025691006853528 ) ) ;
#7887 = CARTESIAN_POINT ( 'NONE',  ( 345.4784081649164591, -3.195350841937642627, 340.2005689377665476 ) ) ;
#7888 = DIRECTION ( 'NONE',  ( 0.3411499447229086046, -1.314746587259335086E-17, 0.9400088910300564704 ) ) ;
#7889 = CARTESIAN_POINT ( 'NONE',  ( 163.6373894727032337, -13.71371230878158798, 5.999999998183599637 ) ) ;
#7890 = CARTESIAN_POINT ( 'NONE',  ( 287.6583773102762507, -0.04612568862801864900, 23.24999999818310670 ) ) ;
#7891 = APPROVAL_ROLE ( '' ) ;
#7892 = CARTESIAN_POINT ( 'NONE',  ( 274.7272811705716435, -4.791595802639124102, 7.126798426283484922 ) ) ;
#7893 = CARTESIAN_POINT ( 'NONE',  ( 398.1875785267968126, -0.1304596228456241236, 366.3799999999999386 ) ) ;
#7894 = CARTESIAN_POINT ( 'NONE',  ( 149.8380187019458560, -12.53798472747722670, 6.997791115252345762 ) ) ;
#7895 = CARTESIAN_POINT ( 'NONE',  ( 125.3798417113992087, -13.46677192952171254, 21.65642020338634666 ) ) ;
#7896 = CARTESIAN_POINT ( 'NONE',  ( 291.3513048095496174, -7.825780036205050472, 249.8199999999998226 ) ) ;
#7897 = ORIENTED_EDGE ( 'NONE', *, *, #7467, .T. ) ;
#7898 = CARTESIAN_POINT ( 'NONE',  ( 389.5806778643898838, -0.5099005280667371354, 345.9979579288158220 ) ) ;
#7899 = CARTESIAN_POINT ( 'NONE',  ( 165.5711542020163733, -11.52842937665834810, 7.369379970592235374 ) ) ;
#7900 = CARTESIAN_POINT ( 'NONE',  ( 284.5523269136118643, -2.678267835053742107, 23.10394597228782843 ) ) ;
#7901 = CARTESIAN_POINT ( 'NONE',  ( 280.6004630295757352, -5.030603907238428540, 6.499999998183578320 ) ) ;
#7902 = CARTESIAN_POINT ( 'NONE',  ( 391.1485900090050905, -0.7902701956184933207, 371.2095160238645803 ) ) ;
#7903 = DIRECTION ( 'NONE',  ( 5.855773569466677571E-14, 1.000000000000000000, -0.000000000000000000 ) ) ;
#7904 = CARTESIAN_POINT ( 'NONE',  ( 279.7957743309039529, -4.213230459313510146, 7.429862167059414269 ) ) ;
#7905 = CARTESIAN_POINT ( 'NONE',  ( 282.3341133252057489, -4.326303814381257773, 21.22502438717564388 ) ) ;
#7906 = CARTESIAN_POINT ( 'NONE',  ( 366.0747647232377062, -4.327815994367786523, 371.2600430430696292 ) ) ;
#7907 = CARTESIAN_POINT ( 'NONE',  ( 280.9674116581119847, -3.782989611163905863, 7.719321081328792467 ) ) ;
#7908 = CARTESIAN_POINT ( 'NONE',  ( 312.0280808153706857, -2.149189292331525891, 371.7300000000001319 ) ) ;
#7909 = ORIENTED_EDGE ( 'NONE', *, *, #1373, .F. ) ;
#7910 = CARTESIAN_POINT ( 'NONE',  ( 226.7248442422575749, -8.109749252487345572, 7.507824035827107778 ) ) ;
#7911 = CARTESIAN_POINT ( 'NONE',  ( 190.8637002072362634, -10.47279113463041966, 127.9100000000000534 ) ) ;
#7912 = ORIENTED_EDGE ( 'NONE', *, *, #1475, .T. ) ;
#7913 = CARTESIAN_POINT ( 'NONE',  ( 123.7391624357249214, -12.86352129897935903, 16.65874860575157257 ) ) ;
#7914 = CARTESIAN_POINT ( 'NONE',  ( 308.3311315665042684, -3.824571953003912839, 124.1348136581067081 ) ) ;
#7915 = CARTESIAN_POINT ( 'NONE',  ( 286.6934682611158109, -3.339861757987033553, 23.24999999818361118 ) ) ;
#7916 = CARTESIAN_POINT ( 'NONE',  ( 124.6220085275479192, -12.07441048524686877, 22.99999999999997868 ) ) ;
#7917 = B_SPLINE_CURVE_WITH_KNOTS ( 'NONE', 3,
 ( #956, #5987, #5944, #3487 ),
 .UNSPECIFIED., .F., .F.,
 ( 4, 4 ),
 ( 2.865249124621252694E-17, 7.877988773478922886E-05 ),
 .UNSPECIFIED. ) ;
#7918 = CARTESIAN_POINT ( 'NONE',  ( 321.7336572577786455, -4.093771867247200547, 249.8199999999997942 ) ) ;
#7919 = CARTESIAN_POINT ( 'NONE',  ( 362.6910724818530980, -2.598799260905260144, 371.4683799405856348 ) ) ;
#7920 = CARTESIAN_POINT ( 'NONE',  ( 319.8701473795866832, -1.433549345984734602, 150.5682192570166364 ) ) ;
#7921 = CARTESIAN_POINT ( 'NONE',  ( 115.1200042416828921, -13.89176976757465098, 6.000000000000000000 ) ) ;
#7922 = CARTESIAN_POINT ( 'NONE',  ( 125.6117545069074311, -13.84284638018644387, 11.59999999818359484 ) ) ;
#7923 = EDGE_LOOP ( 'NONE', ( #1094, #7378, #5634, #4903, #5708, #5104, #8029, #1730, #2243, #6402, #7500, #4654, #5462, #5960, #1756, #3829, #6133, #2690, #1706, #3993, #2684, #4964, #1324, #3266, #4045 ) ) ;
#7924 = CARTESIAN_POINT ( 'NONE',  ( 410.1304432019895216, -1.379515833107991085, 371.2300000000000182 ) ) ;
#7925 = CARTESIAN_POINT ( 'NONE',  ( 249.4860076037024044, -7.521664277515717423, 6.498750765036056976 ) ) ;
#7926 = ADVANCED_FACE ( 'NONE', ( #6230 ), #5606, .T. ) ;
#7927 = CARTESIAN_POINT ( 'NONE',  ( 114.9108353295661828, -13.64746350484772641, 6.568287195557640956 ) ) ;
#7928 = CARTESIAN_POINT ( 'NONE',  ( 284.1255565618964738, -1.610978810210993206, 6.499999998183617400 ) ) ;
#7929 = CARTESIAN_POINT ( 'NONE',  ( 185.0651204934792986, -12.66223288634628652, 96.20102803944574532 ) ) ;
#7930 = CARTESIAN_POINT ( 'NONE',  ( 160.1327337978987373, -13.88871151531880344, 6.500000000372553544 ) ) ;
#7931 = CARTESIAN_POINT ( 'NONE',  ( 283.7966075853170196, -2.368571579970746743, 23.24999999818373198 ) ) ;
#7932 = CARTESIAN_POINT ( 'NONE',  ( 273.0221238883790420, -5.497277577053576891, 6.575248250331492628 ) ) ;
#7934 = EDGE_CURVE ( 'NONE', #6468, #5391, #4347, .T. ) ;
#7933 = CARTESIAN_POINT ( 'NONE',  ( 136.6403897863622490, -11.51922982487273472, 22.03770165270245940 ) ) ;
#7935 = CARTESIAN_POINT ( 'NONE',  ( 149.8425251100080118, -12.61270079852680048, 6.885529892698435184 ) ) ;
#7936 = CARTESIAN_POINT ( 'NONE',  ( 139.6476667172183568, -13.66469721540382309, 21.70741193327664220 ) ) ;
#7937 = CARTESIAN_POINT ( 'NONE',  ( 253.7187962539464365, -8.433565138675716000, 6.000000000000000000 ) ) ;
#7938 = VERTEX_POINT ( 'NONE', #5610 ) ;
#7939 = CARTESIAN_POINT ( 'NONE',  ( 370.1791354995845609, -1.309000487925228606, 294.1856780584859621 ) ) ;
#7940 = CIRCLE ( 'NONE', #7671, 1.702983748807916697 ) ;
#7941 = CARTESIAN_POINT ( 'NONE',  ( 165.5711617743933743, -11.52858593034364709, 7.501189179478322977 ) ) ;
#7942 = CARTESIAN_POINT ( 'NONE',  ( 284.9803753919680389, -3.294255391496235141, 22.58700050375860613 ) ) ;
#7943 = CARTESIAN_POINT ( 'NONE',  ( 281.0431732104142952, -4.857406185127699061, 6.499999998183564109 ) ) ;
#7944 = CARTESIAN_POINT ( 'NONE',  ( 368.6098987543063572, -2.261575637992352394, 371.2305282811703933 ) ) ;
#7945 = CARTESIAN_POINT ( 'NONE',  ( 333.4226723834485711, -4.463726762375404000, 339.9438162261949401 ) ) ;
#7946 = CARTESIAN_POINT ( 'NONE',  ( 279.8003592439840190, -4.232117570865785439, 7.290995644581360402 ) ) ;
#7947 = CARTESIAN_POINT ( 'NONE',  ( 283.2958422305622435, -4.238384229064127595, 21.19621423870085408 ) ) ;
#7948 = CARTESIAN_POINT ( 'NONE',  ( 226.4272736941082940, -3.627978227591238003, 249.8200000000000500 ) ) ;
#7949 = CARTESIAN_POINT ( 'NONE',  ( 280.5926384561470854, -3.770245264925888407, 6.499999998183566774 ) ) ;
#7950 = VECTOR ( 'NONE', #5902, 1000.000000000000000 ) ;
#7951 = B_SPLINE_CURVE_WITH_KNOTS ( 'NONE', 3,
 ( #171, #4530, #7023, #5105 ),
 .UNSPECIFIED., .F., .F.,
 ( 4, 4 ),
 ( 0.001367128751219754594, 0.9986328712438139465 ),
 .UNSPECIFIED. ) ;
#7952 = CARTESIAN_POINT ( 'NONE',  ( 400.6143932075157750, -0.05000000000000000278, 371.2300000000000182 ) ) ;
#7953 = ORIENTED_EDGE ( 'NONE', *, *, #2630, .F. ) ;
#7954 = CARTESIAN_POINT ( 'NONE',  ( 226.7792947413824152, -8.985435171904496698, 6.498754889698437509 ) ) ;
#7955 = CARTESIAN_POINT ( 'NONE',  ( 353.0503117373036162, -3.557191007506847580, 371.7300000000000182 ) ) ;
#7956 = ORIENTED_EDGE ( 'NONE', *, *, #5635, .T. ) ;
#7957 = CARTESIAN_POINT ( 'NONE',  ( 259.8759739017804122, -6.967487591077031972, 6.500000041270940443 ) ) ;
#7958 = CARTESIAN_POINT ( 'NONE',  ( 281.1980978244029643, -3.838815078957944049, 6.947771536844177476 ) ) ;
#7959 = CARTESIAN_POINT ( 'NONE',  ( 286.5434648613523905, -3.415412143911352949, 23.24999999819497276 ) ) ;
#7960 = CARTESIAN_POINT ( 'NONE',  ( 262.3762388863218007, -6.812060335294562563, 6.499999998183624506 ) ) ;
#7961 = CARTESIAN_POINT ( 'NONE',  ( 275.7332193140687764, -6.004899290416735980, 127.9099999999999113 ) ) ;
#7962 = CARTESIAN_POINT ( 'NONE',  ( 284.9893743599396316, -0.05000000000001404710, 8.632451599035480427 ) ) ;
#7963 = CARTESIAN_POINT ( 'NONE',  ( 326.6736771752303525, -2.980946964314503678, 339.8888732626414821 ) ) ;
#7964 = CARTESIAN_POINT ( 'NONE',  ( 347.5309524982200173, -2.231894494130038265, 232.1452221735264914 ) ) ;
#7965 = DIRECTION ( 'NONE',  ( 0.000000000000000000, 0.000000000000000000, 1.000000000000000000 ) ) ;
#7966 = ORIENTED_EDGE ( 'NONE', *, *, #1531, .F. ) ;
#7967 = CARTESIAN_POINT ( 'NONE',  ( 390.8898097303173813, -2.806009288671725166, 371.2299999345264609 ) ) ;
#7968 = CARTESIAN_POINT ( 'NONE',  ( 114.9352105470086656, -13.10516604019937859, 7.076809836712193658 ) ) ;
#7969 = CARTESIAN_POINT ( 'NONE',  ( 278.7585664372846281, -2.595580688730910079, 23.24999999818360408 ) ) ;
#7970 = PRODUCT_DEFINITION ( 'UNKNOWN', '', #5838, #4021 ) ;
#7971 = ADVANCED_FACE ( 'NONE', ( #6340 ), #4570, .F. ) ;
#7972 = CARTESIAN_POINT ( 'NONE',  ( 140.7991011959844343, -12.11054619909142538, 23.98244723954777768 ) ) ;
#7973 = CARTESIAN_POINT ( 'NONE',  ( 399.8398920261112721, -0.06198572535950926804, 371.0478493154925559 ) ) ;
#7974 = CARTESIAN_POINT ( 'NONE',  ( 283.8850217800576843, -2.284463230710967796, 23.24999999818359342 ) ) ;
#7975 = CARTESIAN_POINT ( 'NONE',  ( 273.9321736343862881, -5.801626862826444686, 6.500048384232026244 ) ) ;
#7976 = CARTESIAN_POINT ( 'NONE',  ( 259.2690954864048649, -8.088631374379659178, 6.499999998183603189 ) ) ;
#7977 = CARTESIAN_POINT ( 'NONE',  ( 151.6385035067352476, -13.31281279148725538, 6.500047728050295959 ) ) ;
#7978 = DIRECTION ( 'NONE',  ( 0.3026952406644843885, 0.8135619695822282615, 0.4964801233972571670 ) ) ;
#7979 = CARTESIAN_POINT ( 'NONE',  ( 395.9280497960089633, -2.456758572620081349, 371.7300000000000182 ) ) ;
#7980 = ORIENTED_EDGE ( 'NONE', *, *, #401, .T. ) ;
#7981 = CARTESIAN_POINT ( 'NONE',  ( 368.1801017764262838, 2.357951239155919421, 249.8199999999999079 ) ) ;
#7982 = EDGE_CURVE ( 'NONE', #3743, #7714, #1813, .T. ) ;
#7983 = CARTESIAN_POINT ( 'NONE',  ( 167.3683212501224205, -12.45127426569507101, 6.500047314841093105 ) ) ;
#7984 = CARTESIAN_POINT ( 'NONE',  ( 126.2588776334548868, -13.04787736715056390, 11.67971808097422759 ) ) ;
#7985 = CARTESIAN_POINT ( 'NONE',  ( 139.3572181098811029, -11.48847361723191085, 22.03256495999704256 ) ) ;
#7986 = CARTESIAN_POINT ( 'NONE',  ( 333.0378562894424590, -4.382419928066937587, 338.9056109266016392 ) ) ;
#7987 = CARTESIAN_POINT ( 'NONE',  ( 279.0858040601499397, -4.554052471205578989, 6.897784437065344498 ) ) ;
#7988 = CARTESIAN_POINT ( 'NONE',  ( 283.0559450624917304, -4.264655412887636388, 21.20665685462719097 ) ) ;
#7989 = CARTESIAN_POINT ( 'NONE',  ( 365.7454704894916517, -4.344293382648878321, 371.6272113292712334 ) ) ;
#7990 = CARTESIAN_POINT ( 'NONE',  ( 409.6036274670166222, -1.421481623624976542, 371.2300000000000750 ) ) ;
#7991 = CARTESIAN_POINT ( 'NONE',  ( 151.9972451102894127, -10.28503888766542218, 127.9100000000000250 ) ) ;
#7992 = VERTEX_POINT ( 'NONE', #6504 ) ;
#7993 = CARTESIAN_POINT ( 'NONE',  ( 233.7359124288511509, -8.057833343099362722, 6.698809136268303099 ) ) ;
#7994 = CARTESIAN_POINT ( 'NONE',  ( 276.0710273447244845, -7.065296289353565129, 249.8199999999998511 ) ) ;
#7995 = VERTEX_POINT ( 'NONE', #2048 ) ;
#7996 = CARTESIAN_POINT ( 'NONE',  ( 399.8725329997452036, -0.2598666664148019945, 371.2300000000000182 ) ) ;
#7997 = CARTESIAN_POINT ( 'NONE',  ( 281.8922168580134553, -4.285001024170774109, 6.498537787707952873 ) ) ;
#7998 = CARTESIAN_POINT ( 'NONE',  ( 286.3934561929975757, -3.490965183179628895, 23.24999999818126284 ) ) ;
#7999 = CYLINDRICAL_SURFACE ( 'NONE', #2590, 0.5000000000000004441 ) ;
#8000 = CARTESIAN_POINT ( 'NONE',  ( 211.5554985880563947, -9.491398363847270758, 127.9100000000000534 ) ) ;
#8001 = CARTESIAN_POINT ( 'NONE',  ( 359.3432071429591019, -0.05000000000000541511, 221.7564689651793515 ) ) ;
#8002 = CARTESIAN_POINT ( 'NONE',  ( 338.6880364949452655, -2.578912188986524967, 207.0646037883350630 ) ) ;
#8003 = CARTESIAN_POINT ( 'NONE',  ( 362.2214688610927737, -2.620558075706059142, 371.2299999281618170 ) ) ;
#8004 = ORIENTED_EDGE ( 'NONE', *, *, #989, .F. ) ;
#8005 = CARTESIAN_POINT ( 'NONE',  ( 130.3940286011460330, -11.56201652787189538, 22.03590303984394083 ) ) ;
#8006 = CARTESIAN_POINT ( 'NONE',  ( 118.3960526753953104, -13.89278655493190584, 6.522569143606701481 ) ) ;
#8007 = CARTESIAN_POINT ( 'NONE',  ( 139.9412577312867541, -13.57275078969381354, 22.18895932256842585 ) ) ;
#8008 = CARTESIAN_POINT ( 'NONE',  ( 283.6627711115589250, -2.161347647111515613, 23.24999999818360763 ) ) ;
#8009 = CARTESIAN_POINT ( 'NONE',  ( 327.7207023626996261, -3.767687971285828219, 341.5448933777713023 ) ) ;
#8010 = FACE_OUTER_BOUND ( 'NONE', #4880, .T. ) ;
#8011 = CARTESIAN_POINT ( 'NONE',  ( 287.4059770519442054, -1.529695706876760486, 23.24999999816735397 ) ) ;
#8012 = APPROVAL_DATE_TIME ( #6145, #6178 ) ;
#8013 = CARTESIAN_POINT ( 'NONE',  ( 273.9073682332281123, -5.535944951636857070, 6.524434737091207914 ) ) ;
#8014 = CARTESIAN_POINT ( 'NONE',  ( 235.3358041002805692, -9.653397455501913527, 6.499999998183605854 ) ) ;
#8015 = CARTESIAN_POINT ( 'NONE',  ( 151.5761210984272225, -12.30500634779297187, 7.508357535594134546 ) ) ;
#8016 = CARTESIAN_POINT ( 'NONE',  ( 131.7001324920539389, -12.68839867963663259, 23.14250624403744894 ) ) ;
#8017 = CARTESIAN_POINT ( 'NONE',  ( 294.7589120245576737, -6.870447013515184054, 127.9099999999999966 ) ) ;
#8018 = CARTESIAN_POINT ( 'NONE',  ( 365.7454702555930908, -2.451257744240451952, 371.2300000000000182 ) ) ;
#8019 = CARTESIAN_POINT ( 'NONE',  ( 284.3351232553118848, -2.362496531204496097, 23.21430673235216702 ) ) ;
#8020 = CARTESIAN_POINT ( 'NONE',  ( 281.3933689746917821, -4.688977922424236056, 6.499999998183607630 ) ) ;
#8021 = DIRECTION ( 'NONE',  ( -1.000000000000000000, 0.000000000000000000, 0.000000000000000000 ) ) ;
#8022 = CARTESIAN_POINT ( 'NONE',  ( 280.0033124423812865, -5.068163888691200825, 6.498659915079820770 ) ) ;
#8023 = CARTESIAN_POINT ( 'NONE',  ( 345.5519835259862020, -1.990572492693752027, 339.5830249525868680 ) ) ;
#8024 = EDGE_CURVE ( 'NONE', #6595, #847, #4249, .T. ) ;
#8025 = EDGE_CURVE ( 'NONE', #5833, #5751, #2889, .T. ) ;
#8026 = CARTESIAN_POINT ( 'NONE',  ( 284.7367109059961763, -0.9335079968552535412, 23.24999999818361474 ) ) ;
#8027 = CARTESIAN_POINT ( 'NONE',  ( 364.7595479375319769, -4.393627464569841656, 371.7300000000000182 ) ) ;
#8028 = CARTESIAN_POINT ( 'NONE',  ( 135.9377756573649947, -8.419995142346266448, 127.9099999999999397 ) ) ;
#8029 = ORIENTED_EDGE ( 'NONE', *, *, #3139, .T. ) ;
#8030 = CARTESIAN_POINT ( 'NONE',  ( 226.7372478536890128, -8.309226411291019687, 6.885712262906855230 ) ) ;
#8031 = CARTESIAN_POINT ( 'NONE',  ( 190.9717276327298237, -10.46897199854556604, 127.9100000000000250 ) ) ;
#8032 = VERTEX_POINT ( 'NONE', #2783 ) ;
#8033 = CARTESIAN_POINT ( 'NONE',  ( 399.8864824508423794, -0.2558591706218575901, 371.2300000000000182 ) ) ;
#8034 = CARTESIAN_POINT ( 'NONE',  ( 281.7672738540828732, -4.040387605010455019, 6.586806058268941833 ) ) ;
#8035 = CARTESIAN_POINT ( 'NONE',  ( 277.4859827313701999, -4.765131626206198234, 23.24999999818497542 ) ) ;
#8036 = CARTESIAN_POINT ( 'NONE',  ( 360.6883069824161225, -2.487652152755941870, 371.7300000000001319 ) ) ;
#8037 = CARTESIAN_POINT ( 'NONE',  ( 378.2681518323526575, -0.05000000000000414530, 276.0040357536954616 ) ) ;
#8038 = CARTESIAN_POINT ( 'NONE',  ( 126.4035373801088440, -12.59736336921759126, 23.13299773090160016 ) ) ;
#8039 = CARTESIAN_POINT ( 'NONE',  ( 327.0836405325926535, -4.587536327113386214, 340.0894267777680966 ) ) ;
#8040 = VERTEX_POINT ( 'NONE', #3969 ) ;
#8041 = B_SPLINE_CURVE_WITH_KNOTS ( 'NONE', 3,
 ( #1417, #203, #3647, #3035 ),
 .UNSPECIFIED., .F., .F.,
 ( 4, 4 ),
 ( 0.001908255565997063214, 0.01539664669746092229 ),
 .UNSPECIFIED. ) ;
#8042 = CARTESIAN_POINT ( 'NONE',  ( 118.8173775619357571, -12.97344128288252385, 11.13440074790962697 ) ) ;
#8043 = CARTESIAN_POINT ( 'NONE',  ( 390.9201366911216269, -0.9076304965122296009, 371.7300000000000750 ) ) ;
#8044 = CARTESIAN_POINT ( 'NONE',  ( 139.7444910066855641, -13.66020332340127119, 21.86622293762878400 ) ) ;
#8045 = B_SPLINE_CURVE_WITH_KNOTS ( 'NONE', 3,
 ( #4674, #1571, #7818, #4065, #7860 ),
 .UNSPECIFIED., .F., .F.,
 ( 4, 1, 4 ),
 ( 0.2386402917148617575, 0.2407926697095624791, 0.2440930029658287537 ),
 .UNSPECIFIED. ) ;
#8046 = CARTESIAN_POINT ( 'NONE',  ( 276.3101395177777135, -2.829599741359719367, 23.24999999818360408 ) ) ;
#8047 = CARTESIAN_POINT ( 'NONE',  ( 387.5063978464193042, -1.141096186834918536, 371.2839904997781559 ) ) ;
#8048 = LINE ( 'NONE', #1992, #400 ) ;
#8049 = CARTESIAN_POINT ( 'NONE',  ( 286.7916958363883282, -0.1466423250614577178, 20.62541495806670966 ) ) ;
#8050 = CARTESIAN_POINT ( 'NONE',  ( 274.7210536819589493, -4.719758814700107052, 7.516929061753433672 ) ) ;
#8051 = CARTESIAN_POINT ( 'NONE',  ( 140.6140669072974276, -11.14959666076443234, 22.00000000000000000 ) ) ;
#8052 = CARTESIAN_POINT ( 'NONE',  ( 135.8765824446831800, -13.00728393781820458, 7.225459420598951965 ) ) ;
#8053 = CARTESIAN_POINT ( 'NONE',  ( 339.9083706986892253, -4.162970820366505897, 350.5658466231012085 ) ) ;
#8054 = CARTESIAN_POINT ( 'NONE',  ( 355.7892353801130980, -3.936069102838870570, 249.8200000000000500 ) ) ;
#8055 = CARTESIAN_POINT ( 'NONE',  ( 261.8757851612188574, -7.926175651257739041, 5.999999998183607630 ) ) ;
#8056 = CARTESIAN_POINT ( 'NONE',  ( 284.5823088411701747, -2.721668534236548531, 23.08218063537493592 ) ) ;
#8057 = CARTESIAN_POINT ( 'NONE',  ( 352.5066004630465386, -3.578431801099628551, 371.2300000000002456 ) ) ;
#8058 = AXIS2_PLACEMENT_3D ( 'NONE', #2121, #2081, #6412 ) ;
#8059 = CARTESIAN_POINT ( 'NONE',  ( 388.7470799815581017, -2.953294616456229260, 371.7300000000000182 ) ) ;
#8060 = CARTESIAN_POINT ( 'NONE',  ( 280.7771657958392097, -3.867765917549454091, 7.489846135285809225 ) ) ;
#8061 = DIRECTION ( 'NONE',  ( 6.757720053052907794E-14, -1.000000000000000000, 1.092399732420391822E-31 ) ) ;
#8062 = B_SPLINE_CURVE_WITH_KNOTS ( 'NONE', 3,
 ( #7675, #2736, #3921, #6579, #7717 ),
 .UNSPECIFIED., .F., .F.,
 ( 4, 1, 4 ),
 ( 0.0005510616131492607900, 0.004220301615255446503, 0.006500657081427100269 ),
 .UNSPECIFIED. ) ;
#8063 = DIRECTION ( 'NONE',  ( 0.9996318136127890774, 0.02698463131341895249, 0.002840226414434953751 ) ) ;
#8064 = CARTESIAN_POINT ( 'NONE',  ( 128.7525947975273937, -12.17145857716082524, 23.95872581371395071 ) ) ;
#8065 = CARTESIAN_POINT ( 'NONE',  ( 126.6365550815378214, -6.574948594004908387, 127.9099999999999966 ) ) ;
#8066 = B_SPLINE_CURVE_WITH_KNOTS ( 'NONE', 3,
 ( #6947, #5681, #780, #819, #974, #7632, #5804 ),
 .UNSPECIFIED., .F., .F.,
 ( 4, 1, 1, 1, 4 ),
 ( 0.000000000000000000, 0.0005503883512605600974, 0.001100776702521131471, 0.001651165053781691568, 0.002051069230825359677 ),
 .UNSPECIFIED. ) ;
#8067 = VERTEX_POINT ( 'NONE', #5314 ) ;
#8068 = CARTESIAN_POINT ( 'NONE',  ( 191.7949132230419025, -10.35063074798285498, 6.884235956106017795 ) ) ;
#8069 = EDGE_CURVE ( 'NONE', #4428, #855, #1996, .T. ) ;
ENDSEC;
END-ISO-10303-21;
